0	-1.063847	-1.02137	-4.964458	0	-0.08446024	-0.02804213	3.184164	0.02213707	0
0.02	-1.178554	-1.02137	-4.821814	0	0.04687513	0.03036805	21.92411	0.02213707	5.97205
0.04	-1.010042	-1.02137	-3.243924	0	0.3895303	-0.1416588	35.29024	1.51832	6.884604
0.06	0.5364053	0.2761335	4.713155	0	0.9096417	-0.09270316	35.73553	15.77786	6.178716
0.08	0.7653134	0.2761335	5.536791	0	1.166633	0.1295084	7.738856	19.67099	-2.44588
0.1	0.6633569	0.3444233	4.622938	0	1.043962	0.7250867	-16.56857	18.52595	-4.2026
0.12	0.2736987	0.3444233	2.223325	0	0.8473894	1.32082	-36.63524	9.884732	-4.256111
0.14	0.3604466	0.3444233	2.443845	0	0.1542734	0.9091226	-32.14512	-17.26031	-2.521635
0.16	-0.04817551	0.002975464	0.1477939	0	-0.4266359	0.3067015	-27.19183	-24.49694	-3.484579
0.18	1.109907	1.02732	5.470143	0	-0.9190587	-0.4636012	-11.89269	-23.77939	-1.375201
0.2	-0.518442	-0.3384733	-3.273658	0	-1.030349	-0.522293	-26.26	-21.48931	-7.828328
0.22	0.689004	0.6858721	2.656102	0	-1.47587	-1.032565	4.809519	-15.44351	1.557399
0.24	0.2384533	0.6175833	-0.419632	0	-0.924081	-0.6599954	-14.71322	-5.275572	-4.877172
0.26	0.6770688	0.6175833	1.543469	0	-1.243016	-1.012949	-0.5776246	-14.49695	-1.651872
0.28	-0.1332955	0.6175833	-3.238068	0	-0.4217196	0.2399653	-27.35468	8.434351	-3.931529
0.3	-0.293242	-0.3384733	-3.5075	0	-1.113203	-0.6531593	5.007449	-7.077099	1.385819
0.32	-1.155413	-0.4067631	-7.686194	0	-0.2980875	0.1673124	-0.3850346	1.075572	2.225945
0.34	0.3137262	0.07126522	0.4827309	0	-0.5754284	-0.9219984	40.07556	1.884732	7.905357
0.36	0.5358968	0.07126522	1.650264	0	-0.2939359	-1.468084	35.14642	12.46488	-0.279038
0.38	1.132261	0.3444233	4.647995	0	-0.4268936	-1.752414	35.80961	19.56412	-1.492193
0.4	0.6132787	0.3444233	1.595779	0	-0.0001734048	-0.8460487	7.195921	21.96107	-5.14528
0.42	0.8632729	0.3444233	2.863527	0	-0.4139923	-0.9565268	11.66125	-2.527481	-2.262977
0.44	0.2232876	0.2761335	-0.6860536	0	-0.1371888	-0.2668468	-7.685364	-6.649618	-4.071309
0.46	0.5315212	0.3444233	0.959605	0	-0.4913558	-0.5068504	3.552885	-15.68779	-0.4114769
0.48	0.1501351	0.3444233	-1.197828	0	-0.2146304	-0.1046101	-8.430163	-6.90916	-2.325182
0.5	-0.6854445	-1.08966	-4.636871	0	-1.001499	-1.162621	19.42909	-6.31374	-0.003685132
0.52	0.00228256	0.3444233	-1.135428	0	-0.2135845	-0.416481	20.48782	-1.88626	4.369467
0.54	0.6887231	0.3444233	2.43303	0	-0.1547948	-0.8762791	24.52235	1.457251	1.212465
0.56	0.8854958	0.2761335	3.352192	0	-0.3197022	-1.26702	20.63491	6.693892	-2.722092
0.58	0.6576875	0.2761335	1.960437	0	-0.3227569	-0.9838944	8.390078	16.58702	-4.159951
0.6	0.5970557	0.4127131	1.429242	0	-0.3421939	-0.6253907	0.9727101	-1.18397	-3.066269
0.62	0.3665646	0.3444233	0.07776372	0	-0.3479987	-0.3568708	-5.491603	-6.542748	-2.82191
0.64	-0.8902875	-0.9530802	-5.788418	0	-0.6917921	-0.6054525	4.152296	-11.15344	-1.555454
0.66	-1.096556	-0.9530802	-6.0467	0	-0.5869592	-0.6457056	28.22345	-4.893893	5.415313
0.68	-0.8591024	-1.02137	-3.968858	0	-0.3173707	-1.118472	50.80469	-3.764122	6.962035
0.7	-1.020242	-1.08966	-4.088229	0	0.5093856	-0.625441	48.69334	11.62519	5.952566
0.72	0.4627521	0.2761335	3.682477	0	1.359887	0.1363887	40.90407	24.93817	7.224947
0.74	-0.5505891	-0.6799221	-1.254966	0	1.972524	1.131894	2.417887	23.15191	-1.04109
0.76	-0.3905264	-0.6799221	0.2810262	0	1.666303	1.359574	6.177744	24.75496	4.176927
0.78	-1.143195	-0.6799221	-3.255776	0	2.257077	2.528729	-21.18856	0.9076331	2.464992
0.8	1.32213	0.2761335	9.885679	0	0.8196193	0.2916942	23.30611	-0.3748096	6.453354
0.82	0.7184683	0.2761335	5.961112	0	0.8894951	0.2419914	-20.1603	-1.626718	-8.708871
0.84	-0.8466465	-1.02137	-1.963995	0	0.2049606	0.5981404	-28.38341	10.0374	-5.868715
0.86	0.7438298	1.300479	5.377955	0	0.4670475	1.419684	-30.28339	-13.85573	2.337091
0.88	0.09820736	0.002975464	1.673111	0	-0.2197553	0.4114928	-35.48319	-28.90916	-6.253739
0.9	0.444807	0.9590311	2.604548	0	-0.2309504	0.9154942	-43.22376	0.006869889	-3.045449
0.92	-0.8854195	-0.3384733	-4.417489	0	-0.5512162	0.8267242	-46.21463	-22.11527	-4.71852
0.94	0.5971841	0.6858721	3.002492	0	-1.274957	-0.3829356	-6.099022	-12.90916	2.908338
0.96	0.4285936	0.6858721	1.303967	0	-1.044491	-0.6609455	-18.71229	-15.53511	-5.222434
0.98	0.34992	0.6858721	0.2866142	0	-0.9967525	-0.3273277	-22.27645	10.64809	-3.745307
1	0.1585925	0.6858721	-1.214515	0	-0.8264593	0.05454332	-26.87579	-9.764122	-2.872366
1.02	0.7192408	0.6858721	1.44376	0	-1.358785	-0.8800531	-5.460204	-3.855725	-1.298394
1.04	-0.5656677	-0.2701836	-5.224161	0	-1.245339	-0.8463986	-9.738696	-7.000763	-4.350548
1.06	-0.6399896	-0.3384733	-5.1816	0	-1.199345	-0.8457275	14.77844	3.151908	3.334342
1.08	0.08018184	0.002975464	-1.184568	0	-1.016272	-1.475268	37.10173	-3.825191	4.329317
1.1	-0.1398891	0.002975464	-2.313918	0	-0.1559554	-0.7974693	22.67552	16.31221	0.7594277
1.12	0.3830737	0.3444233	0.4823426	0	0.2679545	-0.2660855	19.41307	17.76259	2.536404
1.14	-1.203059	-1.08966	-6.98011	0	0.6008671	0.3452518	5.063602	16.37328	-0.3112769
1.16	0.5121377	0.2761335	2.387668	0	0.4867935	0.04310104	32.59843	12.55649	8.496494
1.18	-0.5895473	-0.6799221	-2.948945	0	0.9410691	0.2784173	7.624377	7.579388	-1.354908
1.2	0.9781321	0.2761335	5.478705	0	0.3857495	-0.4163311	31.20621	0.7702284	4.621234
1.22	0.4415835	0.2761335	2.29711	0	0.8603668	0.2044049	-6.421143	16.46488	-4.843483
1.24	-0.7274112	-1.02137	-3.120221	0	0.2789255	0.2317864	-4.137608	-11.71832	-2.067116
1.26	-2.228646	-1.08966	-10.32823	0	1.307414	2.291301	-24.64951	7.609923	3.87197
1.28	0.8538791	1.300479	5.579555	0	1.522099	2.141222	1.292942	-21.76412	12.91518
1.3	0.9001098	0.002975464	5.823746	0	0.5950422	-0.06523919	-1.87442	-4.970229	-4.376269
1.32	0.7311503	0.002975464	4.729445	0	-0.2143594	-0.6660349	-3.91221	5.854198	-5.812704
1.34	-0.11077	0.07126522	-0.1102881	0	-0.0792872	0.2422429	-26.08934	17.45725	-5.61446
1.36	-0.302584	0.002975464	-1.213289	0	-0.2604584	0.5107746	-21.64247	-14.34427	-0.7942663
1.38	0.05260073	0.002975464	0.614182	0	-0.7338159	-0.3686309	-1.965999	-27.1229	0.3968964
1.4	-0.06334516	0.002975464	-0.2134721	0	-0.6949539	-0.5893593	-1.032695	-13.15343	-1.582215
1.42	0.179546	0.002975464	0.9359981	0	-0.9015725	-1.032401	10.5659	-0.1610691	-0.6345267
1.44	-0.06502005	0.002975464	-0.5743006	0	-0.6195257	-0.7552065	4.346676	-0.496947	-1.846848
1.46	-0.02781084	0.002975464	-0.4520653	0	-0.5031804	-0.575502	6.860995	1.670992	-0.08857907
1.48	0.2443624	0.07126522	0.9069135	0	-0.549148	-0.8396068	13.26259	-1.18397	-0.04252268
1.5	0.006553613	0.07126522	-0.4959513	0	-0.2168806	-0.4097759	2.960032	0.5106864	-1.473856
1.52	0.1635052	0.002975464	0.382929	0	-0.3413788	-0.5419886	9.468254	1.350381	0.1037395
1.54	0.1733067	0.07126522	0.3716021	0	-0.2652329	-0.5310308	7.476128	-0.4664127	-0.8116932
1.56	0.1149377	0.002975464	0.06783146	0	-0.2497876	-0.4825481	6.68127	0.4496181	-0.809819
1.58	0.1341375	0.002975464	0.1895074	0	-0.2699755	-0.5090281	8.073946	-0.237405	-0.4736423
1.6	0.1100075	0.002975464	0.06956321	0	-0.2361985	-0.4806574	7.540558	-0.4664127	-0.5864348
1.62	1.415765	1.23219	6.198098	0	-0.1382762	-0.463559	4.565342	0.4038166	-0.4307947
1.64	0.6171786	0.3444233	1.657842	0	-0.3434242	-0.5360445	-15.83304	-0.2526722	-7.767785
1.66	0.4517963	0.3444233	0.6313161	0	-0.774622	-0.5139148	-11.27538	0.1290069	-3.606215
1.68	1.240481	1.300479	3.993342	0	-0.8139287	-0.5457197	-12.19248	-8.787023	-2.823016
1.7	0.3689193	0.002975464	-0.5958381	0	-1.522991	-1.490967	-6.332253	-14.55801	-7.078984
1.72	-0.06813002	0.002975464	-2.875422	0	-1.632627	-1.449271	4.991548	-3.489313	-2.413384
1.74	-0.1079373	0.07126522	-3.041887	0	-1.384208	-1.385913	16.27736	-11.91679	0.467423
1.76	1.421847	1.300479	4.359601	0	-1.075106	-1.581073	25.09052	-1.748855	1.326228
1.78	0.5036825	0.2761335	-0.6537508	0	-0.8701559	-1.464736	4.795486	6.968701	-6.813173
1.8	0.459017	0.3444233	-0.8449945	0	-0.9317881	-1.130372	10.11186	15.45725	-1.594599
1.82	-0.0118309	0.3444233	-3.326396	0	-0.3793236	-0.2975014	-2.109952	-7.122901	-1.26663
1.84	0.6181806	0.2761335	0.3002623	0	-0.8240784	-1.126988	22.3811	-0.4358783	1.780012
1.86	-0.5251216	-0.6799221	-5.103584	0	-0.7018033	-1.246042	20.06414	-0.06946601	-1.965103
1.88	-0.7760761	-0.6799221	-5.648365	0	-0.3266045	-0.7295924	31.99768	11.27404	4.528781
1.9	-0.9331636	-0.6799221	-5.707027	0	0.4764029	-0.04910624	32.3871	3.289312	6.268077
1.92	-0.5035286	-0.6799221	-2.574279	0	0.8440665	-0.05008315	42.34344	18.38855	7.53891
1.94	-0.4931851	-0.6116323	-1.861351	0	1.494474	0.50879	29.99403	21.83893	5.010242
1.96	-0.5958109	-0.6116323	-1.732533	0	2.022234	1.380774	13.95744	27.38091	4.749696
1.98	-0.5605942	-0.6799221	-0.8087	0	2.12513	1.719912	6.662416	21.56412	4.908973
2	-0.6896136	-0.6799221	-0.8667808	0	2.236207	2.100049	-5.065723	12.29695	4.003461
2.02	-0.400977	-0.6799221	1.247168	0	1.817607	1.672789	-0.9148235	5.197709	4.048337
2.04	0.379653	0.2761335	5.09577	0	1.801103	1.740149	-14.64765	-0.4511455	1.527917
2.06	0.3537077	0.2761335	4.559813	0	1.521129	1.836431	-37.52794	0.4190837	-3.468072
2.08	0.1362399	0.002975464	3.206522	0	0.6806599	1.403565	-41.17891	-8.558015	-4.07761
2.1	-0.4933828	-0.3384733	-0.20787	0	0.03208312	1.047313	-40.00761	-21.65725	-3.650496
2.12	0.5633973	0.6175833	4.695485	0	-0.5727445	0.2459193	-22.19192	-24.58855	-0.4268329
2.14	0.1645398	0.3444233	1.84759	0	-0.7501365	-0.07449609	-33.15368	-20.71068	-6.379189
2.16	0.2592995	0.3444233	1.781505	0	-1.259053	-0.4983761	-22.66859	-8.481679	-3.945602
2.18	-0.2184961	0.2078438	-1.270096	0	-1.222335	-0.3844328	-25.29339	-19.51985	-4.291733
2.2	1.248198	1.300479	5.461691	0	-1.505783	-1.009072	-6.961446	-9.458778	-1.022462
2.22	1.212787	1.300479	4.05795	0	-1.426644	-1.125037	-25.69062	-15.68779	-8.843276
2.24	0.05229798	0.3444233	-2.466194	0	-1.649785	-0.808134	-32.4628	6.342747	-8.246983
2.26	-0.2402077	0.4127131	-4.208468	0	-1.604219	-0.4614064	-20.28489	-0.0236649	-1.384607
2.28	-0.03304034	0.4127131	-3.196481	0	-1.538007	-0.8456984	-0.9976749	-14.2374	1.005145
2.3	0.3239018	0.2761335	-1.292129	0	-1.638653	-1.717821	20.54444	-12.81756	0.5319235
2.32	0.1716556	0.5492926	-2.377131	0	-0.8208481	-0.9443947	7.890697	8.754961	-1.048771
2.34	-0.513463	-0.3384733	-5.455202	0	-0.5910129	-0.6324697	11.62809	15.76259	0.5668216
2.36	-0.1551633	0.002975464	-3.139258	0	-0.2399397	-0.4424984	23.62959	12.64809	4.6815
2.38	0.3540857	0.3444233	-0.3101639	0	0.2184155	-0.3246619	21.75316	12.06794	2.969528
2.4	0.6532463	0.2761335	1.436436	0	0.2314588	-0.5201658	19.02861	9.716793	0.2067378
2.42	-0.3824888	-0.6799221	-3.344541	0	0.1533068	-0.4226885	12.23478	20.46488	-1.834536
2.44	0.7927221	0.6175833	2.800508	0	0.2652181	-0.2010951	19.39098	8.587022	3.590753
2.46	-0.3788842	-0.3384733	-3.062832	0	0.6125782	0.3282283	-6.013968	0.6633582	-3.139287
2.48	0.07827085	-0.3384733	-0.03341317	0	-0.01643315	-0.2937617	19.24418	0.2511448	3.24498
2.5	-0.3279381	-0.3384733	-1.907939	0	0.3033113	-0.08223844	9.475076	2.129007	0.1385513
2.52	-0.1600149	-0.7482109	-0.3463335	0	-0.2341016	-0.9348103	31.85001	-3.336641	2.421161
2.54	-0.5048349	-0.6799221	-1.812122	0	0.1409846	-0.6363279	25.601	2.938167	1.031118
2.56	-0.01251775	-0.6116323	1.21454	0	-0.04364985	-1.080844	40.31461	0.6633582	3.059684
2.58	0.8863271	0.4127131	5.513042	0	0.3337679	-0.8543001	27.44103	-0.00839729	0.03040522
2.6	0.7289866	0.3444233	4.2292	0	0.5186559	-0.2466267	-1.464422	4.098473	-5.099256
2.62	-0.9829711	-1.08966	-4.217863	0	0.2339018	0.2825179	-14.02875	0.5717551	-4.573439
2.64	-1.226686	-1.02137	-4.765794	0	0.07847238	0.4602459	5.909241	-7.199237	4.620846
2.66	0.4969176	0.4127131	4.073704	0	0.2125266	-0.08863407	22.14325	-20.58855	6.047571
2.68	2.243348	1.300479	12.22291	0	-0.1682855	-1.34281	17.59587	-2.771756	-3.505044
2.7	2.020766	1.23219	9.738932	0	-0.5301535	-1.312775	-20.6437	15.21298	-13.87463
2.72	0.1579112	0.2761335	-0.6625413	0	-0.8288041	-0.1199771	-52.8577	2.785496	-13.23575
2.74	-0.2564663	0.002975464	-2.823005	0	-1.641027	-0.3763093	-27.38783	-15.42824	-2.923494
2.76	-0.6851665	0.002975464	-5.162476	0	-1.476632	-0.4099151	-15.78352	-28.83282	-0.4748732
2.78	-0.002614133	0.002975464	-1.455788	0	-1.809622	-1.589271	20.95689	-15.41298	2.769943
2.8	-0.0658811	0.002975464	-1.917285	0	-1.347048	-1.733314	23.06789	-4.084733	-0.5849372
2.82	0.07171828	0.3444233	-1.425686	0	-0.581465	-0.8567899	14.36942	15.56412	0.4797883
2.84	-1.376012	-1.08966	-8.226396	0	-0.1648474	-0.2141537	9.125982	9.640457	0.382818
2.86	-0.8330852	-0.6799221	-4.519284	0	0.09413856	-0.1122352	34.66626	10.41908	8.80876
2.88	-0.7255213	-0.6116323	-3.352053	0	0.8409451	0.1625414	31.2197	7.289312	6.023933
2.9	-0.08254069	-0.6799221	0.758225	0	0.7568535	-0.4199976	44.48134	20.78549	5.632127
2.92	0.9465355	0.6858721	5.741171	0	1.480452	0.3711271	17.3718	21.04504	1.528489
2.94	0.1383156	-0.2701836	1.643104	0	1.357154	0.7911553	-11.24395	22.55648	-4.481626
2.96	0.3757442	0.6858721	2.526087	0	1.570771	2.06901	-35.44911	-0.2526722	-0.817584
2.98	-0.8752278	-0.6799221	-3.514432	0	0.9915733	1.926477	-41.83842	-10.68015	-2.545052
3	0.4030146	0.3444233	3.218034	0	0.1716387	0.8761618	-12.14687	-19.0313	3.759487
3.02	0.1319848	0.2761335	1.372883	0	0.1366967	0.5553386	-26.78046	-11.36718	-3.889664
3.04	1.830781	1.300479	9.431591	0	-0.7906307	-0.6966208	-7.993882	2.739694	-2.452692
3.06	-0.355204	0.002975464	-2.639359	0	-0.595521	0.05611008	-50.42183	-10.0084	-12.47147
3.08	0.2838238	0.002975464	0.8325578	0	-1.917003	-1.192925	-1.137106	-9.199236	-0.01171356
3.1	-0.5865673	0.002975464	-4.130811	0	-1.32383	-0.7920908	-12.82455	-23.47404	-3.779238
3.12	1.791575	1.02732	7.847008	0	-2.285145	-2.765044	38.70252	-1.428245	2.061686
3.14	-0.09300679	0.002975464	-2.677835	0	-1.467061	-1.994117	-4.374103	-8.634351	-11.2766
3.16	0.4950785	0.002975464	0.5422351	0	-2.128933	-2.496371	32.40313	8.571755	0.04959816
3.18	-0.6254312	0.002975464	-5.603318	0	-0.8563313	-0.9635803	3.108335	-12.48168	-3.121309
3.2	1.086322	0.002975464	3.838246	0	-1.999246	-3.0667	63.4632	-3.703053	4.286517
3.22	0.06337954	0.002975464	-1.875923	0	-0.8504155	-2.083656	26.412	2.281679	-5.676554
3.24	0.6311384	0.2761335	1.144431	0	-0.717057	-1.575523	33.26356	19.62519	0.7886697
3.26	-1.723334	-0.9530802	-10.64532	0	0.5990567	0.6249633	-9.05064	-2.405344	-2.31205
3.28	0.01596367	-1.02137	-0.008523941	0	-0.8366088	-1.707916	71.94373	-3.092367	11.5275
3.3	0.5336688	0.2761335	2.411871	0	0.3583628	-1.299814	44.48782	1.564122	0.9711933
3.32	-0.1162825	-0.6799221	-0.5246255	0	0.5394143	-0.7530169	28.37548	18.09847	-1.531958
3.34	-0.5318881	-0.6799221	-2.157412	0	0.8646885	0.1772686	17.88906	22.20534	1.676775
3.36	-0.7117993	-0.6799221	-2.496324	0	1.191493	0.8274226	11.76063	6.067938	3.775584
3.38	-0.3373193	-0.6799221	0.1192428	0	1.008773	0.4470761	21.07487	-1.626718	4.562286
3.4	-0.3675443	-0.6799221	0.3778938	0	1.05336	0.3816466	15.32702	2.861832	1.913232
3.42	-0.3746005	-0.6799221	0.7059778	0	0.9999882	0.4527566	11.3274	9.075571	1.636624
3.44	-0.4787923	-0.6799221	0.4465315	0	0.9865897	0.6111366	5.222051	5.823663	1.212272
3.46	0.4244215	0.2761335	4.861791	0	1.037393	0.8016373	-2.355284	1.289312	1.412172
3.48	0.6401736	0.2761335	5.537137	0	0.6845641	0.5132775	-17.05647	-0.3595424	-3.984661
3.5	-0.9267044	-1.02137	-2.424294	0	0.1490323	0.5379282	-27.7169	-0.4053439	-5.823506
3.52	-0.08588499	0.3444233	1.593041	0	0.1671231	1.012064	-20.34134	-4.909161	2.499908
3.54	-0.0855654	0.002975464	1.307411	0	-0.09894331	0.4059835	-20.48749	-20.22214	-1.985893
3.56	0.108974	0.07126522	2.005715	0	-0.5011407	-0.1042358	-13.80058	-17.29084	-2.055434
3.58	-0.5242345	0.002975464	-1.725588	0	-0.1807482	0.5683742	-29.69251	1.640458	-3.196557
3.6	-0.05179336	0.002975464	0.6705041	0	-0.6856525	-0.08590958	-8.292673	-7.092366	0.7831947
3.62	-0.5510041	0.002975464	-2.278583	0	-0.2345492	0.4011387	-21.54916	-3.29084	-1.839206
3.64	0.02005097	0.002975464	0.70441	0	-0.6623031	-0.2947975	0.3757612	-2.741222	1.503165
3.66	1.289648	1.300479	6.34197	0	-0.4648679	-0.4782251	-5.528103	-0.7106873	-1.668404
3.68	0.7741295	0.3444233	3.138154	0	-1.021456	-1.14271	-13.95999	3.274045	-8.53323
3.7	-0.9702811	-1.02137	-5.624237	0	-1.516858	-1.190771	-8.026922	1.197709	-5.953445
3.72	-1.619215	-1.02137	-8.444569	0	-1.162112	-0.5976359	12.06345	-9.535114	3.934134
3.74	-1.03981	-0.9530802	-4.6816	0	-0.9243047	-1.247573	47.76408	-18.69542	8.497545
3.76	-0.5711131	-0.9530802	-1.662857	0	-0.469272	-1.821127	63.63607	-4.680153	5.92198
3.78	0.823223	0.3444233	5.319064	0	0.3695991	-1.347128	53.41042	17.15191	3.705105
3.8	0.3023518	-0.6116323	2.76093	0	0.3867788	-1.322066	33.43229	22.9687	-3.877828
3.82	-0.1137796	-0.6116323	0.8117254	0	0.4631208	-0.5540047	20.51191	26.28168	-1.534284
3.84	-0.7622573	-0.6799221	-2.294612	0	0.907199	0.5905082	2.862695	1.609923	0.4458916
3.86	-0.4284642	-0.6799221	-0.02038431	0	0.6552728	0.349494	15.785	-7.412977	4.046845
3.88	0.7838854	0.3444233	6.044691	0	0.5965542	-0.100277	16.21547	-2.038932	1.790991
3.9	0.7539582	0.2761335	5.383238	0	0.4724514	-0.1376142	-6.430103	2.81603	-5.35688
3.92	-0.7711592	-1.02137	-2.291458	0	-0.03557937	0.0114791	-15.50672	6.113739	-5.694684
3.94	-1.169659	-1.02137	-3.881186	0	-0.2674406	0.1329256	1.683658	-9.641985	2.401212
3.96	0.4152533	0.3444233	4.094849	0	-0.2004651	-0.3887308	19.21259	-21.0771	4.764293
3.98	2.224308	1.300479	12.43673	0	-0.6085612	-1.710008	18.66356	-0.4816799	-3.873404
4	1.941183	1.300479	9.446764	0	-0.7743811	-1.453874	-23.02641	9.793129	-14.40927
4.02	1.081028	1.300479	3.624076	0	-0.8774967	-0.06470937	-58.92318	-3.916794	-13.15333
4.04	-0.4448492	0.002975464	-4.526979	0	-1.633946	-0.001262724	-53.77591	-20.46641	-8.283017
4.06	-0.7318365	0.002975464	-5.965354	0	-1.959777	-0.3587502	-22.92877	-30.00839	0.3789432
4.08	-0.3036654	0.002975464	-3.615943	0	-2.12334	-1.524488	13.86378	-32.83282	2.748278
4.1	0.09530208	0.002975464	-1.532176	0	-1.984001	-2.404295	35.9347	-2.008397	1.14239
4.12	-0.7711086	-0.9530802	-5.563798	0	-1.627449	-2.500908	44.06443	10.19007	-0.3694656
4.14	-0.4761491	-0.6799221	-3.471902	0	-1.07324	-2.217928	61.621	22.35801	5.133795
4.16	-0.09647593	-0.3384733	-1.189485	0	-0.1580923	-1.651875	57.59558	15.65572	4.13742
4.18	0.04889056	-0.3384733	-0.08071971	0	0.5209725	-0.9672091	45.38056	22.63282	2.496833
4.2	-1.131476	-1.362819	-5.277291	0	0.9982834	-0.07345125	30.22356	22.84656	1.686597
4.22	0.2191032	0.002975464	2.187998	0	1.401469	0.5064864	35.02597	12.58702	8.071203
4.24	0.7913606	0.2761335	5.126989	0	1.602397	0.5093495	13.23729	5.121373	0.2309755
4.26	0.9760253	0.4127131	5.866626	0	1.323543	0.6841717	-9.230629	19.12137	-3.69809
4.28	-1.21082	-1.362819	-4.857974	0	0.8036857	1.007976	-26.78772	-8.008396	-5.718054
4.3	-1.486742	-1.362819	-5.282768	0	0.2773395	0.8384587	3.305072	-12.72595	5.751428
4.32	-0.5649853	-0.4067631	-0.2110373	0	0.5375466	0.4927057	17.66125	-23.19923	7.080567
4.34	-0.5672666	-0.4067631	-0.1954013	0	1.078943	0.8521652	2.090633	11.74733	2.125305
4.36	-0.477425	-0.4067631	0.414506	0	1.212969	1.223242	-5.690141	12.49542	2.214649
4.38	-0.5396593	-0.4067631	0.2028468	0	1.259953	1.489486	-14.62318	5.35038	1.469386
4.4	-0.15288	-0.3384733	2.341979	0	0.7979586	0.9355677	-7.686771	2.785496	1.52709
4.42	0.7881416	0.6858721	6.556903	0	0.6914925	0.7818416	-17.41581	-1.229771	-1.161659
4.44	-0.8016196	-0.6799221	-1.826732	0	0.4279538	1.016552	-40.0917	0.5870223	-6.728794
4.46	-0.9456555	-0.6799221	-2.303266	0	-0.1119726	0.8775895	-19.56364	-0.9091607	1.866057
4.48	-1.189808	-0.6799221	-3.445261	0	0.02924588	0.8000139	-12.48028	-11.10763	2.635725
4.5	-1.281914	-1.02137	-3.493894	0	0.007124051	0.4123127	4.621235	-17.22977	4.429659
4.52	-1.242552	-1.08966	-2.853255	0	0.2132879	0.1857872	17.16621	5.335114	5.23108
4.54	-1.073637	-1.08966	-1.555643	0	0.4975176	0.09035883	25.0259	4.754961	5.33899
4.56	0.5465819	0.3444233	6.450989	0	0.9279201	0.204395	21.60349	13.51832	4.608446
4.58	0.7487899	0.3444233	6.813731	0	1.038219	0.3817824	-8.836206	12.98397	-4.42177
4.6	0.5895217	0.2761335	5.398641	0	0.6108691	0.6503695	-28.28616	11.21298	-6.006357
4.62	0.1651443	0.2761335	2.599358	0	0.2406169	0.9945847	-43.28419	3.609923	-5.72715
4.64	-1.308584	-1.02137	-4.811777	0	-0.4115705	0.7602522	-36.73482	-21.00076	-3.630341
4.66	-0.2527324	0.002975464	0.602023	0	-0.8077269	0.03217062	-2.529185	-25.61145	4.540975
4.68	-0.2495723	0.002975464	0.1829123	0	-0.5412839	-0.2763727	-5.940802	-25.93206	-1.009199
4.7	0.5088148	0.07126522	3.873631	0	-1.085684	-1.333672	15.11617	-11.82519	-0.4958913
4.72	-0.2631567	0.002975464	-0.7334883	0	-0.4784099	-0.4850406	-10.01787	3.655725	-4.753112
4.74	0.3402371	0.07126522	2.279774	0	-0.9410931	-0.9831041	10.43546	-0.3748096	0.1781258
4.76	0.03275786	0.07126522	0.2735975	0	-0.676236	-0.8095625	0.317363	-5.061832	-3.176831
4.78	0.3385283	0.002975464	1.751859	0	-1.028541	-1.308259	14.69793	-2.542748	-1.0607
4.8	-0.05860224	0.002975464	-0.6182685	0	-0.6734657	-0.8802763	4.257573	-0.1916034	-2.724215
4.82	1.588169	1.300479	7.190896	0	-0.7377409	-1.100113	12.42125	1.655724	-0.0603114
4.84	0.4755872	0.2761335	0.8645959	0	-0.7162857	-0.9837112	-13.97806	-2.298474	-9.179832
4.86	-1.116173	-1.08966	-6.81733	0	-1.148172	-0.799823	-2.384347	2.480152	-2.962652
4.88	-1.601526	-1.08966	-8.553219	0	-0.7887735	-0.4299307	21.16248	-6.787023	6.047887
4.9	-1.102844	-1.08966	-5.022055	0	-0.4700407	-1.034945	54.0247	-14.74122	9.56673
4.92	0.6582675	0.3444233	4.087337	0	0.3494577	-1.104901	57.84209	8.006869	7.322871
4.94	0.9669421	0.3444233	5.366354	0	0.8849511	-0.7142637	27.40213	22.20534	-2.17832
4.96	-0.1012085	-0.6116323	0.0783937	0	0.798524	-0.05141173	4.82366	30.61756	-4.226771
4.98	-1.035972	-0.6799221	-4.364723	0	1.205729	1.41809	-12.24534	13.83893	1.115699
5	-0.27318	-0.6799221	0.4019029	0	0.4750641	0.3025135	21.14681	-13.0771	6.299205
5.02	0.5658671	0.2761335	4.526282	0	0.6651447	-0.002996445	14.28524	-5.428244	1.417192
5.04	0.778296	0.2761335	5.264915	0	0.4714013	-0.1499857	0.05234432	10.75496	-3.457221
5.06	0.05442393	0.2761335	0.9926274	0	0.7600247	1.040818	-32.83186	6.006869	-5.154103
5.08	-0.9921018	-0.9530802	-3.90047	0	0.03832151	0.7646998	-21.17352	-3.229771	-1.197212
5.1	-0.130645	0.2761335	0.4460061	0	0.129876	0.799972	-8.611705	-18.0542	4.26445
5.12	1.567245	1.300479	8.463004	0	-0.137228	-0.2086698	-3.094136	-7.870992	-0.2651638
5.14	0.1216656	0.002975464	0.4473234	0	-0.3440381	-0.207773	-31.00343	3.930534	-9.955336
5.16	-0.3671409	0.002975464	-2.220767	0	-0.5717123	0.3654612	-26.65666	0.8923659	-2.066512
5.18	-0.2737346	0.07126522	-1.784154	7	-0.7258441	0.04771078	-10.85559	-18.84809	1.11342
5.2	0.2067722	0.002975464	0.7344002	7	-1.165158	-1.152562	15.38696	-8.52748	1.205098
5.22	1.172363	1.23219	4.823897	7	-0.646668	-0.9137979	6.715395	0.3885489	-1.058646
5.24	-1.055096	-0.9530802	-6.485981	7	-0.5697553	-0.4952688	-8.597639	5.747327	-5.617597
5.26	-1.25252	-1.02137	-6.628465	7	-0.6283675	-0.37292	26.86692	0.4801525	7.362328
5.28	0.1592767	0.2761335	0.7853368	7	0.08683471	-0.4952145	43.69957	-5.718321	9.252124
5.3	-0.5386308	-0.6799221	-2.461986	7	0.7188982	-0.241951	30.50792	13.70152	2.32924
5.32	-0.6427606	-0.6799221	-2.380051	7	1.218169	0.5392192	31.018	24.9687	6.728072
5.34	-0.688345	-0.6799221	-1.974105	7	1.791676	1.139565	27.32971	14.60229	7.694376
5.36	1.216636	0.6858721	7.906459	7	1.9003	0.8518972	33.39334	22.06794	8.238266
5.38	1.124646	0.6175833	6.932482	7	2.11672	1.171627	-4.391254	15.54885	-2.622899
5.4	-0.2941487	-0.6799221	-0.0814563	7	1.533314	1.453395	-17.03632	18.58702	-2.492962
5.42	-0.78134	-0.6799221	-2.099079	7	1.250717	1.682267	-5.754662	-14.39008	4.909135
5.44	-0.5762439	-0.9530802	-0.2975979	7	0.6634887	0.4344946	28.108	-16.45115	7.757301
5.46	0.6840228	0.3444233	5.965679	7	0.9714556	0.1033933	34.59925	2.342748	6.69633
5.48	0.329164	0.002975464	3.776344	7	1.35427	0.5046741	11.88572	14.29695	0.1566169
5.5	0.3198675	0.002975464	3.612066	7	1.290944	0.8596388	8.104992	8.709159	2.453172
5.52	0.08460647	0.002975464	2.247834	7	1.402576	1.239247	0.3552336	10.0374	2.640081
5.54	-0.02232471	-0.3384733	1.886609	7	1.064231	0.8407844	11.8226	-12.93969	4.268285
5.56	-0.197026	-0.2701836	1.031655	7	1.23102	0.9702976	13.38435	-3.306107	5.011249
5.58	0.9546275	0.6175833	6.685802	7	1.26233	0.7151257	22.28246	-6.298473	6.503733
5.6	0.1911588	0.2761335	2.251761	7	1.856643	1.606577	-8.783488	1.426717	0.4156203
5.62	0.9114296	0.2761335	6.040914	7	1.057232	0.7411878	15.75738	4.037404	5.212996
5.64	0.4386334	0.3444233	3.145533	7	1.328746	1.047431	-0.6109654	2.022137	1.017419
5.66	0.6772791	0.2761335	4.287661	7	0.9322004	0.66703	13.03376	-6.359542	4.178197
5.68	0.1137685	0.3444233	1.001092	7	1.490627	1.499486	-3.409883	0.2511448	3.067714
5.7	1.547043	1.36877	7.905299	7	1.41219	1.32303	8.440172	-5.031298	7.032531
5.72	1.2549	1.300479	5.51755	7	1.768554	1.77393	-20.35047	0.5412207	-0.6158462
5.74	1.81087	1.300479	7.911556	7	0.9372837	1.01129	-7.321795	4.953435	1.455534
5.76	1.121193	1.23219	3.539662	7	1.006559	1.388459	-25.58663	1.716793	-1.778988
5.78	0.005723529	-0.06531429	-1.958794	7	0.3433984	0.8795081	-4.369399	-10.57328	2.646167
5.8	-0.4862046	0.002975464	-4.201855	7	0.7394427	1.200419	14.113	-11.39771	9.309191
5.82	0.1823336	0.07126522	-0.1987269	7	0.8829759	0.4272173	50.09758	-10.61908	13.31982
5.84	0.2638386	0.07126522	0.5203609	7	1.659476	0.4966782	53.38893	4.938168	10.49605
5.86	1.799712	1.23219	8.285852	7	2.251693	0.7014137	55.164	24.49542	10.9755
5.88	0.6352437	0.2761335	2.240538	7	2.952955	1.720709	18.37518	25.8084	2.847536
5.9	0.6455839	0.3444233	2.717736	7	3.007815	2.433549	19.79158	28.40382	9.583257
5.92	-0.1185647	0.2761335	-0.9547126	7	3.839337	3.823901	-3.916649	4.800763	9.518122
5.94	1.211355	0.2761335	6.780508	7	2.785342	2.063356	40.23596	-0.7870232	14.23199
5.96	0.9589915	0.2761335	5.542089	7	2.882585	1.64299	28.95657	4.983968	6.135427
5.98	1.055472	0.2761335	6.208955	7	2.656043	1.536164	32.1833	17.56412	7.532442
6	1.233522	1.300479	6.504931	7	3.536406	3.046319	0.2622137	6.693892	6.891783
6.02	0.8529567	0.002975464	4.981511	7	2.610956	2.033657	15.5456	-1.718321	6.432329
6.04	0.7768244	0.6175833	4.44758	7	2.827795	2.472279	10.01348	-2.496947	8.058248
6.06	0.8950719	0.6858721	4.979269	7	2.887203	2.589004	10.28712	-1.947328	8.896564
6.08	0.5210215	0.2761335	3.178425	7	2.857881	2.544351	11.66209	-3.809924	8.543581
6.1	1.339764	1.300479	7.050336	7	3.216534	2.987301	9.178354	1.350381	10.91084
6.12	0.2905535	0.002975464	1.877896	7	3.072216	2.794679	4.669606	0.2664119	6.824165
6.14	1.002181	0.6175833	5.748742	7	2.834184	2.445952	26.0428	3.777862	12.80985
6.16	0.4816317	0.2761335	3.105874	7	3.165221	2.584266	18.18309	0.4648848	9.074868
6.18	1.42104	0.9590311	7.907678	7	3.159797	2.45431	29.47836	7.976336	12.47312
6.2	0.7687485	0.6858721	4.282215	7	3.736629	3.224777	4.417074	4.11374	7.480292
6.22	1.724274	1.300479	9.053739	7	3.529182	3.149139	13.07324	8.067938	11.59024
6.24	1.31196	1.915086	5.9446	7	4.658021	5.04354	-37.60838	-2.145802	6.270339
6.26	1.477217	1.300479	6.788272	7	3.842203	4.546593	-26.6958	6.678625	9.256727
6.28	1.709995	1.983377	7.331337	7	3.812632	4.67568	-37.11402	-8.359542	7.939817
6.3	1.332825	1.300479	5.167412	7	3.141036	3.98666	-30.19931	1.762595	6.880122
6.32	1.485071	1.573638	5.5918	7	2.774051	3.53235	-18.37429	-5.703053	8.989285
6.34	2.985929	3.280881	11.9854	7	3.072679	3.740622	-26.27455	-2.252672	8.551632
6.36	2.847394	2.597983	10.18447	7	2.487332	3.012806	-36.63917	-3.122901	0.8862772
6.38	3.288278	3.21259	11.12477	7	1.938686	2.770153	-38.77724	0.06793861	1.726533
6.4	3.568771	3.485749	11.06684	7	1.338242	2.225468	-41.0443	-17.36718	-0.3893461
6.42	3.976957	3.827197	11.53995	7	0.6272298	1.502175	-37.39639	-24.42061	-1.486372
6.44	4.559793	4.168647	12.77765	7	-0.2686589	0.3421996	-26.67432	-25.2145	-3.182154
6.46	5.767868	5.466149	16.47675	7	-0.7363032	-0.2599138	-30.12859	-30.06946	-5.798759
6.48	4.450726	4.441804	7.5671	7	-1.163141	-0.2669681	-49.87606	-25.82519	-11.57843
6.5	4.727883	4.783254	7.362937	7	-1.896068	-0.7338511	-24.31021	-33.27557	-3.101829
6.52	4.40603	5.124701	3.801711	7	-1.400787	-0.2040269	-31.06943	-35.70305	-3.337676
6.54	6.444802	6.695365	12.19263	7	-1.379394	-0.5343365	-14.95949	-12.93969	0.4909887
6.56	4.84532	4.783254	2.577058	7	-1.694839	-1.210334	-23.54239	-8.573282	-9.391418
6.58	6.748178	6.695365	10.69184	7	-1.931352	-1.499886	4.366421	1.533587	0.6538439
6.6	5.954156	6.080756	4.813476	7	-1.563065	-1.353983	-18.1509	5.686259	-8.656605
6.62	7.071238	6.763654	9.127783	7	-2.050126	-1.879282	3.665707	-4.741221	-2.828339
6.64	6.499947	6.080756	4.89702	7	-2.357399	-2.606616	5.623151	-2.527481	-8.149095
6.66	6.860312	6.695365	5.431598	7	-2.292076	-2.464208	13.91451	-3.580916	-3.988817
6.68	7.45083	7.309972	6.943126	7	-1.991142	-2.305497	10.94354	-8.695419	-4.736355
6.7	7.181765	7.036813	4.285264	7	-1.831566	-2.046914	1.999009	-10.11527	-6.824649
6.72	7.874512	7.583131	6.65265	7	-1.961564	-2.180583	9.427164	0.6786258	-4.348216
6.74	7.42599	7.309972	3.194718	7	-1.826632	-1.989339	-1.233652	-1.199237	-7.447544
6.76	7.116175	6.968522	0.987647	7	-1.999633	-2.035007	8.995003	-2.145802	-4.094519
6.78	8.358788	8.470897	6.120705	7	-1.505376	-1.603888	8.030733	0.3732822	-1.62297
6.8	7.73577	7.583131	2.054611	7	-1.476078	-1.645714	-4.456515	-2.603817	-7.550327
6.82	8.374525	8.129447	4.568995	7	-1.73435	-1.822697	6.23997	-0.1305347	-3.57663
6.84	7.131907	7.309972	-2.3985	7	-1.455509	-1.334599	-8.374256	5.426716	-6.740384
6.86	7.06015	7.309972	-2.80533	7	-1.383305	-1.051959	8.621859	-0.5885501	0.9149818
6.88	7.198135	7.309972	-2.062062	7	-1.119127	-1.25048	22.25927	-2.848092	2.013945
6.9	7.618996	7.309972	0.2218966	7	-1.03625	-1.774495	37.90793	3.396183	1.904702
6.92	8.638067	8.197738	5.02041	7	-0.6729692	-1.804935	35.68214	15.68626	-0.1006041
6.94	8.095531	7.65142	1.874181	7	-0.4545294	-1.433027	14.88515	24.52595	-5.539055
6.96	7.781737	7.583131	0.1669089	7	-0.3953246	-0.8161543	8.343019	17.47252	-2.524201
6.98	7.605361	7.583131	-0.7399529	7	-0.2740771	-0.4525043	5.787562	4.648091	-0.7657795
7	7.796283	7.65142	0.3136547	7	-0.3241047	-0.5733398	11.21562	-5.138168	0.3091574
7.02	7.863768	7.65142	0.6622877	7	-0.3397917	-0.7321584	11.97572	-8.90916	-0.7844582
7.04	7.839816	7.583131	0.5586798	7	-0.3977441	-0.8335147	12.70213	3.701526	-1.209082
7.06	9.221694	9.017213	6.944347	7	-0.2015152	-0.6404072	5.516846	2.205343	-1.151338
7.08	9.402407	9.085504	6.844589	7	-0.2999071	-0.5551867	-22.23565	2.144274	-8.894888
7.1	9.210141	9.017213	4.924204	7	-0.8539388	-0.4477605	-38.65637	-0.7717561	-10.27217
7.12	8.904237	9.017213	2.462595	7	-1.424314	-0.4716644	-45.73905	-3.809924	-9.627487
7.14	8.288521	9.017213	-1.584487	7	-1.488363	0.06981942	-56.55068	-12.93969	-8.038191
7.16	7.567811	8.197738	-5.407519	7	-1.987802	-0.3583335	-38.23223	-23.44351	-4.159621
7.18	7.903337	8.197738	-3.57482	7	-2.471961	-1.565768	0.270216	-32.81755	0.2552061
7.2	8.100393	8.197738	-2.636377	7	-2.401262	-2.39131	20.41665	-35.29084	-1.106569
7.22	8.947703	8.539186	1.537294	7	-2.432893	-3.233179	40.72334	-12.9855	-1.509069
7.24	9.258197	8.470897	2.807699	7	-2.492516	-3.925093	46.05568	27.0603	-5.826599
7.26	7.089875	7.036813	-8.154482	7	-1.85109	-2.723617	25.10108	21.56412	-7.381567
7.28	7.491764	7.309972	-5.207355	7	-1.691796	-2.484651	58.84959	14.32748	5.359038
7.3	7.519454	7.241681	-4.373142	7	-0.9572533	-2.446082	65.28796	1.396183	3.556458
7.32	7.958745	7.583131	-1.55157	7	-0.1412186	-1.83268	61.95792	-3.046565	3.849427
7.34	8.004613	7.583131	-0.8184314	7	0.5636052	-1.043386	45.16518	28.48015	1.547938
7.36	6.909155	6.968522	-5.698717	7	1.381133	0.5349842	16.41758	30.61756	1.063904
7.38	7.386117	7.105102	-2.096652	7	1.30981	0.6495322	28.68518	16.77023	6.924429
7.4	8.284187	8.129447	2.773573	7	1.766781	1.014427	11.81529	13.59465	3.498919
7.42	7.669244	7.309972	0.07287264	7	1.552364	1.084067	-8.312023	19.35038	-2.140176
7.44	7.390348	7.309972	-0.8715434	7	1.255508	1.363684	-14.44258	14.77023	0.2203455
7.46	7.011146	7.309972	-2.454345	7	1.258934	1.783026	-24.01327	-2.344275	0.9466238
7.48	7.534602	7.856288	0.3899835	7	1.179403	1.868435	-25.08821	-11.67252	2.594851
7.5	7.006857	7.036813	-1.91086	7	0.654808	1.198224	-23.10407	-15.10763	-0.7779589
7.52	6.623809	6.968522	-3.493679	7	0.5173445	1.234631	-19.39646	8.388549	1.520553
7.54	7.908501	8.402606	2.782455	7	0.8121153	1.515333	-21.593	1.670992	3.476451
7.56	7.531552	7.583131	0.7072372	7	0.4540787	0.9816852	-31.79376	-6.374809	-3.677193
7.58	6.37537	6.763654	-4.954755	7	0.1530069	1.138832	-33.42551	5.106106	-2.081209
7.6	6.851955	7.65142	-2.477668	7	0.4000103	1.623436	-26.76193	-2.252672	4.201438
7.62	6.889421	7.241681	-2.073686	7	0.2398531	1.018284	-18.49167	-8.832824	1.847383
7.64	7.716053	7.309972	2.429093	7	-0.5575494	-0.5679268	10.05973	1.02977	1.560791
7.66	7.314598	7.309972	0.06850628	7	-0.3608357	-0.5171317	-3.173423	9.380915	-3.50226
7.68	7.986923	7.924579	3.149173	7	-0.4121416	-0.4119222	-2.028407	2.159542	-1.117967
7.7	6.782248	6.968522	-3.159558	7	-0.3144904	-0.04592539	-18.02516	3.823663	-4.868512
7.72	6.862897	6.968522	-2.411129	7	-0.6056426	-0.2137754	2.256915	-6.390076	1.96234
7.74	7.415686	7.583131	0.3056365	7	-0.3405725	-0.3016695	5.861904	-12.42061	1.578997
7.76	7.641396	7.583131	1.277529	7	-0.2580687	-0.4220655	2.182004	-16.32901	-1.20941
7.78	8.951881	8.197738	7.631083	7	-0.926832	-1.586776	16.42179	0.2206104	-2.455749
7.8	8.534091	8.129447	4.564051	7	-0.9741176	-1.494711	-10.21889	10.73969	-10.26868
7.82	8.127687	8.129447	1.749399	7	-1.130025	-0.8400353	-24.04374	-1.092367	-8.053156
7.84	7.928904	8.197738	0.1335543	7	-1.275348	-0.5437334	-27.72366	-5.809924	-5.737144
7.86	8.557314	8.744054	2.645033	7	-1.522339	-0.8275293	-21.99202	-13.29084	-4.402206
7.88	7.630774	7.787999	-2.489261	7	-1.834294	-1.204099	-23.13154	-23.0771	-7.703403
7.9	7.559721	7.787999	-2.937197	7	-2.085004	-1.47747	-3.343346	-26.66488	-2.309277
7.92	8.065048	8.129447	-0.57283	7	-2.073206	-2.013448	13.15781	-27.1687	-1.459023
7.94	8.071234	7.856288	-0.7062782	7	-2.080044	-2.526803	21.46821	-25.91679	-3.752254
7.96	10.53075	9.63182	11.04244	7	-2.433444	-3.653029	40.65424	-1.474046	-3.427275
7.98	9.06431	8.129447	2.639013	7	-2.693902	-4.049916	11.2389	24.51068	-17.20631
8	8.653469	8.539186	-0.1403886	7	-2.602146	-2.867097	3.436686	16.81603	-9.149559
8.02	6.596282	7.036813	-10.48047	7	-2.268801	-1.940706	-1.883595	5.701526	-6.39879
8.04	7.441316	7.856288	-5.604971	7	-1.925165	-1.743132	32.77927	-5.611451	5.840168
8.06	7.214153	7.309972	-6.197927	7	-1.303816	-1.970195	40.06734	-14.37481	1.916101
8.08	7.805821	7.241681	-2.309649	7	-1.238711	-2.611793	64.42016	-17.39771	3.729993
8.1	8.260828	7.583131	0.4093649	7	-0.7569057	-2.64157	62.00503	16.06794	0.399991
8.12	7.629726	7.51484	-2.651343	7	0.2734455	-1.039768	28.01289	28.61756	-2.197872
8.14	7.019001	6.968522	-4.966492	7	0.6381888	0.005712926	18.14748	29.25878	1.386458
8.16	7.215976	7.309972	-3.191614	7	1.032475	0.6590697	14.54522	23.8542	4.435857
8.18	7.365235	7.309972	-1.742249	7	1.207319	0.815611	8.374235	6.358015	2.970001
8.2	7.588068	7.241681	0.05385423	7	0.9492153	0.4678438	8.829529	-2.145802	1.518894
8.22	6.616584	6.695365	-4.330462	7	1.097925	1.006116	-8.124813	22.90763	-0.6079865
8.24	6.676896	6.763654	-3.197027	7	0.9543262	1.113899	0.628018	12.11374	4.29473
8.26	6.968758	6.695365	-0.9467646	7	0.6065848	0.3136335	13.87563	-4.008397	3.430922
8.28	7.300964	6.763654	1.245077	7	0.2599679	-0.4750147	22.1041	4.419084	1.164346
8.3	8.457669	8.197738	6.643439	7	0.5636306	-0.09211881	3.710373	7.625189	-1.309441
8.32	7.38861	7.241681	0.8254803	7	0.4678014	0.407114	-28.70074	3.258778	-8.077584
8.34	7.372188	7.309972	0.7515124	7	-0.1653693	0.3723353	-22.74698	-4.252672	-2.66961
8.36	7.695952	7.924579	1.938099	7	-0.2879867	0.3577597	-28.0473	-13.04656	-3.091704
8.38	6.710799	7.036813	-3.230994	7	-0.5407525	0.3366357	-34.08085	-21.0771	-4.973479
8.4	6.749612	7.105102	-2.885703	7	-0.8594315	0.0554568	-15.47428	-23.04656	0.4930677
8.42	7.268168	7.583131	-0.4048628	7	-0.7861659	-0.2804154	-6.837745	-6.985496	0.4247274
8.44	7.452968	7.583131	0.2717948	7	-0.7515653	-0.5200132	-7.332399	-2.619084	-2.151349
8.46	7.253883	7.583131	-1.075145	7	-0.5218244	-0.1000644	-17.42439	6.938167	-3.027684
8.48	7.239498	7.583131	-1.312871	7	-0.4820548	0.1270005	-18.82272	-0.8328248	-1.681566
8.5	7.345483	7.583131	-0.8712919	7	-0.5874721	-0.04266977	-15.31519	-1.031298	-1.478001
8.52	7.448222	7.65142	-0.5124797	7	-0.6550826	-0.2009144	-14.02703	-0.2832065	-2.037496
8.54	7.458117	7.583131	-0.6003705	7	-0.7950573	-0.4220506	-11.63929	0.2206104	-2.561399
8.56	7.539382	7.65142	-0.3613095	7	-0.8956769	-0.5838642	-9.23811	-0.1610691	-2.601252
8.58	7.496838	7.65142	-0.784883	7	-0.907748	-0.6029918	-10.011	-0.1458019	-2.99268
8.6	7.408547	7.583131	-1.368678	7	-0.9261617	-0.595844	-9.091271	0.006869889	-2.634655
8.62	7.471731	7.583131	-1.114584	7	-0.9954118	-0.7474564	-4.160492	-0.8786263	-2.011605
8.64	7.441435	7.583131	-1.370089	7	-0.9360618	-0.7560467	-3.563884	-0.7717561	-2.259848
8.66	7.493214	7.583131	-1.155453	7	-0.9220791	-0.8018453	-1.011413	-0.3137409	-1.931514
8.68	7.499135	7.583131	-1.181283	7	-0.8653942	-0.7964885	-0.6875457	0.03740425	-2.115479
8.7	7.505483	7.583131	-1.185374	7	-0.810366	-0.7535129	-0.6909633	-0.03893165	-2.050676
8.72	7.608849	7.65142	-0.7032658	7	-0.7853125	-0.7588584	-0.2570779	0.02213707	-2.016775
8.74	7.556499	7.583131	-1.00516	7	-0.7802208	-0.7641155	-1.442609	-0.08473319	-2.57137
8.76	7.559675	7.583131	-0.9974912	7	-0.8020754	-0.7709918	-0.7786206	-0.03893165	-2.287927
8.78	7.516404	7.583131	-1.241312	7	-0.764371	-0.7104565	-1.887958	-0.1152675	-2.321603
8.8	7.588552	7.583131	-0.8520842	7	-0.8261473	-0.8148781	0.6858068	-0.3290081	-2.061282
8.82	7.547736	7.583131	-1.090624	7	-0.7933912	-0.7917609	-0.7328743	0.052671	-2.507397
8.84	7.561917	7.583131	-1.019102	7	-0.8041825	-0.7907548	-0.2465664	-0.03893165	-2.272702
8.86	7.52034	7.583131	-1.249207	7	-0.7608188	-0.7211249	-1.711604	-0.2832065	-2.371324
8.88	7.636383	7.65142	-0.6688457	7	-0.789045	-0.7657854	-0.5224313	-0.1152675	-2.130768
8.9	7.579971	7.583131	-0.9793124	7	-0.8172623	-0.8141915	-1.525723	-0.0236649	-2.821237
8.92	7.557253	7.583131	-1.104895	7	-0.8406103	-0.8049387	-1.387111	-0.00839729	-2.55478
8.94	7.444861	7.51484	-1.661812	7	-0.8222808	-0.7539156	-1.906866	-0.2984737	-2.453556
8.96	7.49734	7.583131	-1.371583	7	-0.786302	-0.707405	-0.8939145	-1.39771	-1.815139
8.98	7.556768	7.583131	-1.047033	7	-0.7943992	-0.7791853	0.09605876	-0.8480921	-2.087279
9	7.55321	7.583131	-1.071172	7	-0.779465	-0.7744781	-0.8944577	0.2358772	-2.450927
9.02	7.49999	7.51484	-1.308197	7	-0.8093095	-0.7960819	-0.6139449	0.09847297	-2.461173
9.04	7.550492	7.583131	-1.044231	7	-0.8040352	-0.7881042	-0.2748475	-0.2526722	-2.214974
9.06	7.631466	7.65142	-0.6715882	7	-0.7976747	-0.7950414	-1.177993	0.1595417	-2.520715
9.08	7.574968	7.583131	-0.9872378	7	-0.8330569	-0.8128691	-2.550942	-0.1610691	-3.012583
9.1	7.601882	7.65142	-0.901116	7	-0.8423061	-0.7681409	-3.451194	-0.00839729	-2.761871
9.12	7.537332	7.583131	-1.252327	7	-0.8838572	-0.7913883	-3.824394	-0.2221378	-2.941818
9.14	7.526685	7.583131	-1.312424	7	-0.9207535	-0.8191507	-2.727754	-0.2068706	-2.620077
9.16	7.49297	7.583131	-1.500825	7	-0.8994074	-0.7929705	-2.933784	-0.7106873	-2.575228
9.18	7.534571	7.583131	-1.275913	7	-0.9266607	-0.8544602	-1.079062	-2.451145	-2.363761
9.2	7.570489	7.583131	-1.093698	7	-0.955898	-0.9460109	0.1895785	0.08320579	-2.606709
9.22	7.618899	7.65142	-0.9027373	7	-0.9303499	-0.9269809	-0.8208479	-0.4664127	-2.828197
9.24	7.549679	7.583131	-1.283891	7	-0.9347715	-0.9048333	-2.066194	0.3122131	-3.097364
9.26	7.585615	7.583131	-1.091225	7	-1.002109	-0.9848533	0.06173086	-0.5732825	-2.731808
9.28	7.642264	7.65142	-0.8550207	7	-1.00611	-1.019224	-0.05881849	0.006869889	-2.975429
9.3	7.547687	7.583131	-1.377755	7	-0.9950998	-0.9774723	-1.732866	0.1137401	-3.299539
9.32	7.536986	7.583131	-1.432375	7	-1.005256	-0.9559017	-0.9037163	0.006869889	-2.771701
9.34	7.526993	7.583131	-1.483925	7	-0.9878969	-0.9479598	-0.6360118	-0.3595424	-2.710925
9.36	7.545917	7.583131	-1.376265	7	-0.9853635	-0.9675511	0.1484197	-0.1305347	-2.641973
9.38	7.505059	7.583131	-1.591616	7	-0.9233131	-0.8850955	-1.383209	0.09847297	-2.752919
9.4	7.608236	7.65142	-1.067316	7	-0.9201264	-0.8860714	-0.835287	0.1595417	-2.506491
9.42	7.525499	7.583131	-1.49963	7	-0.9010213	-0.8536761	-2.994022	-0.0236649	-3.114281
9.44	7.608223	7.65142	-1.080698	7	-0.9306642	-0.8624324	-2.257142	0.09847297	-2.686557
9.46	7.552324	7.583131	-1.369503	7	-0.9691215	-0.9158286	-2.778176	-0.2221378	-3.202485
9.48	7.597339	7.65142	-1.167531	7	-0.9833661	-0.9077007	-2.750548	0.1137401	-2.948342
9.5	7.511535	7.583131	-1.620127	7	-0.9883204	-0.8929685	-3.835441	-0.2526722	-3.228287
9.52	7.487693	7.583131	-1.729981	7	-0.9881411	-0.8605924	-3.337266	-0.1763363	-2.76902
9.54	7.494111	7.583131	-1.677169	7	-0.9842222	-0.874282	-2.503353	-1.046565	-2.637817
9.56	7.537395	7.583131	-1.430585	7	-1.00984	-0.9514974	-0.9587574	-1.794657	-2.676931
9.58	7.524549	7.583131	-1.498278	7	-0.9909697	-0.9478654	-1.565917	0.2969463	-2.94878
9.6	7.573021	7.583131	-1.232723	7	-1.036171	-1.022548	-0.1374298	-0.2526722	-2.889067
9.62	7.589728	7.65142	-1.202664	7	-0.9891147	-0.9572475	-2.362905	0.1748089	-3.212309
9.64	7.650847	7.65142	-0.9191188	7	-1.053757	-1.027268	-1.877604	-0.1152675	-3.310517
9.66	7.51715	7.583131	-1.643828	7	-1.048766	-0.9703019	-4.36232	-0.2984737	-3.727259
9.68	7.542587	7.583131	-1.494402	7	-1.119363	-1.027119	-1.828127	-0.2679393	-2.998853
9.7	7.590628	7.65142	-1.292396	7	-1.108837	-1.048877	-1.841986	-0.8633592	-3.177133
9.72	7.549117	7.583131	-1.517449	7	-1.137853	-1.094079	-1.629759	0.08320579	-3.436699
9.74	7.512323	7.583131	-1.715903	7	-1.122618	-1.057144	-1.736207	-0.1152675	-3.225072
9.76	7.51187	7.583131	-1.711061	7	-1.108606	-1.044684	-1.167038	-0.08473319	-3.003964
9.78	7.507647	7.583131	-1.724725	7	-1.078508	-1.022393	-1.222733	-0.5885501	-2.990606
9.8	7.52754	7.583131	-1.604388	7	-1.070665	-1.030263	-0.788134	-1.077099	-2.958489
9.82	7.515877	7.583131	-1.656552	7	-1.04154	-0.997739	-1.581105	0.1137401	-3.086421
9.84	7.63774	7.65142	-1.037444	7	-1.076805	-1.064136	-0.5015831	-0.1763363	-3.035795
9.86	7.458224	7.51484	-1.95347	7	-1.063935	-1.021585	-3.196079	0.08320579	-3.779244
9.88	7.520815	7.583131	-1.600014	7	-1.086951	-1.00632	-1.360311	-0.2679393	-2.809806
9.9	7.494884	7.583131	-1.737064	7	-1.04575	-0.9731469	-2.718826	-0.4053439	-3.189232
9.92	7.435816	7.51484	-1.991095	7	-1.049977	-0.9592564	-2.513446	-2.115268	-3.049531
9.94	7.558463	7.583131	-1.323698	7	-1.097769	-1.063131	0.1281179	0.006869889	-2.750967
9.96	7.506645	7.583131	-1.619294	7	-1.038298	-0.9998587	-2.840798	-0.05419883	-3.493043
9.98	7.569109	7.583131	-1.281325	7	-1.105112	-1.065123	-1.389862	0.2206104	-3.213341
10	7.544315	7.583131	-1.433283	7	-1.116943	-1.078488	-2.544924	-0.3442752	-3.642972
10.02	7.537479	7.583131	-1.484534	7	-1.144635	-1.080441	-2.693962	0.1137401	-3.546931
10.04	7.595182	7.65142	-1.241047	7	-1.155458	-1.081904	-3.110702	-0.1916034	-3.547935
10.06	7.549044	7.583131	-1.505049	7	-1.209245	-1.13909	-3.270253	-0.06946601	-3.895476
10.08	7.573083	7.65142	-1.442645	7	-1.209751	-1.106428	-3.790346	-0.1305347	-3.684001
10.1	7.553312	7.65142	-1.607581	7	-1.201124	-1.069454	-5.049182	-0.2832065	-3.816534
10.12	7.514455	7.583131	-1.811937	7	-1.259043	-1.12836	-3.82258	-1.703054	-3.700968
10.14	7.574479	7.65142	-1.541814	7	-1.274287	-1.166888	-2.692183	-2.558015	-3.507502
10.16	7.435032	7.51484	-2.245559	7	-1.283082	-1.187353	-2.738259	-2.084733	-3.833104
10.18	7.531581	7.583131	-1.722753	7	-1.311842	-1.254635	0.7512769	-1.99313	-3.041576
10.2	7.496073	7.583131	-1.92764	7	-1.233698	-1.206127	-0.8187221	0.4038166	-3.570293
10.22	7.609374	7.65142	-1.362119	7	-1.226525	-1.210469	-0.105507	-0.1916034	-3.325452
10.24	7.548503	7.583131	-1.6892	7	-1.224038	-1.215254	-1.65237	0.1442745	-3.974995
10.26	7.565434	7.583131	-1.590131	7	-1.269968	-1.250991	-0.5632912	0.006869889	-3.670237
10.28	7.541392	7.583131	-1.723076	7	-1.268297	-1.249151	-1.03091	-0.1152675	-3.814502
10.3	7.63519	7.65142	-1.269633	7	-1.294498	-1.291293	-0.2435215	0.1137401	-3.697069
10.32	7.63137	7.65142	-1.350078	7	-1.303045	-1.302946	-1.771993	-0.1152675	-4.256568
10.34	7.56049	7.583131	-1.732073	7	-1.349319	-1.316499	-1.983823	0.052671	-4.268332
10.36	7.515254	7.583131	-1.974385	7	-1.35038	-1.283586	-1.820724	-0.2221378	-3.911017
10.38	7.593697	7.65142	-1.596924	7	-1.349843	-1.301113	-0.7919226	0.03740425	-3.648453
10.4	7.500073	7.583131	-2.096323	7	-1.312071	-1.253582	-2.48718	-0.03893165	-4.080165
10.42	7.507065	7.583131	-2.036008	7	-1.314531	-1.23817	-1.332324	0.2358772	-3.542143
10.44	7.496058	7.583131	-2.077171	7	-1.281653	-1.218107	-1.451724	-0.1458019	-3.585058
10.46	7.508978	7.583131	-1.985139	7	-1.264537	-1.210239	-1.182777	0.1290069	-3.517118
10.48	7.546767	7.583131	-1.762613	7	-1.282335	-1.262987	-0.3310695	-0.1152675	-3.604239
10.5	7.624422	7.65142	-1.38801	7	-1.284497	-1.286895	-0.773989	0.052671	-3.861529
10.52	7.534002	7.583131	-1.869561	7	-1.282264	-1.248191	-3.015462	-0.0236649	-4.342516
10.54	7.568057	7.583131	-1.671481	7	-1.360307	-1.31954	-1.04144	-0.08473319	-3.883066
10.56	7.518275	7.583131	-1.944692	7	-1.34543	-1.298828	-2.14778	-0.1305347	-4.1437
10.58	7.587456	7.65142	-1.618421	7	-1.344471	-1.283464	-2.00217	0.1137401	-3.872993
10.6	7.494718	7.583131	-2.11297	7	-1.324813	-1.238159	-3.871478	-0.05419883	-4.27556
10.62	7.50956	7.583131	-2.014288	7	-1.357317	-1.255728	-2.430638	0.006869889	-3.768558
10.64	7.511464	7.583131	-1.99659	7	-1.36282	-1.289683	-1.939745	-0.2832065	-3.880154
10.66	7.498432	7.583131	-2.061304	7	-1.344357	-1.269887	-2.248801	0.2206104	-3.905433
10.68	7.433464	7.51484	-2.350499	7	-1.344078	-1.266114	-1.896003	-0.0236649	-3.837334
10.7	7.485218	7.583131	-2.063178	7	-1.308206	-1.231133	-1.45864	-0.1000004	-3.489962
10.72	7.571553	7.65142	-1.642118	7	-1.274703	-1.216931	-2.419611	-0.00839729	-3.777282
10.74	7.450197	7.51484	-2.235132	7	-1.296133	-1.220169	-3.756538	-0.00839729	-4.287431
10.76	7.564525	7.65142	-1.659042	7	-1.300268	-1.194284	-3.228847	-0.03893165	-3.674747
10.78	7.579841	7.65142	-1.625294	7	-1.312494	-1.217844	-4.8632	-0.1458019	-4.351599
10.8	7.481266	7.583131	-2.149019	7	-1.334774	-1.180007	-6.48023	0.06793861	-4.495289
10.82	7.518806	7.583131	-1.934667	7	-1.428454	-1.283242	-3.758093	-0.2221378	-3.991527
10.84	7.455477	7.583131	-2.285849	7	-1.399782	-1.25211	-4.92979	0.006869889	-4.26214
10.86	7.501634	7.583131	-2.034271	7	-1.443649	-1.317998	-2.755697	0.03740425	-3.889172
10.88	7.479627	7.583131	-2.163638	7	-1.420845	-1.315276	-3.277902	-0.1000004	-4.168238
10.9	7.495461	7.583131	-2.080939	7	-1.425487	-1.32522	-2.683985	0.1137401	-4.033855
10.92	7.552772	7.65142	-1.827873	7	-1.397987	-1.3002	-3.455809	0.006869889	-4.131733
10.94	7.480689	7.583131	-2.213152	7	-1.392406	-1.269231	-4.936275	-0.00839729	-4.454272
10.96	7.470053	7.583131	-2.257582	7	-1.4041	-1.250376	-4.518786	0.006869889	-4.074466
10.98	7.467951	7.583131	-2.259024	7	-1.404785	-1.258624	-4.19382	-0.1610691	-4.034891
11	7.481704	7.583131	-2.177123	7	-1.413519	-1.28534	-3.627298	-0.4816799	-4.036209
11.02	7.506795	7.583131	-2.039878	7	-1.437887	-1.340222	-2.853801	-1.214504	-4.134467
11.04	7.548099	7.583131	-1.825242	7	-1.491436	-1.440727	-1.564494	-1.535115	-4.30895
11.06	7.474951	7.583131	-2.238255	7	-1.441207	-1.351148	-4.011402	0.2206104	-4.591434
11.08	7.510653	7.583131	-2.044619	7	-1.477859	-1.376868	-2.679143	-0.1610691	-4.170569
11.1	7.4472	7.583131	-2.394129	7	-1.420036	-1.289068	-4.799545	-0.2832065	-4.404599
11.12	7.526	7.65142	-2.008604	7	-1.406652	-1.250532	-4.770492	-1.947328	-4.031929
11.14	7.541199	7.65142	-1.967029	7	-1.410777	-1.259821	-5.980703	-1.611451	-4.487429
11.16	7.486015	7.583131	-2.250196	7	-1.462937	-1.296235	-6.020245	-2.405344	-4.6127
11.18	7.493634	7.583131	-2.201151	7	-1.523137	-1.367812	-4.344774	-0.8786263	-4.361072
11.2	7.570424	7.65142	-1.844997	7	-1.550182	-1.435866	-3.448539	-1.626718	-4.441977
11.22	7.524648	7.583131	-2.104306	7	-1.594331	-1.507709	-3.328249	-0.939695	-4.887682
11.24	7.44458	7.583131	-2.545922	7	-1.549739	-1.404314	-4.693873	0.2969463	-4.659823
11.26	7.478145	7.583131	-2.356693	7	-1.567839	-1.431952	-2.772427	-0.2679393	-4.172513
11.28	7.419752	7.51484	-2.621135	7	-1.567058	-1.472564	-1.945542	0.006869889	-4.357893
11.3	7.542902	7.583131	-1.961935	7	-1.598262	-1.572857	1.004421	-0.03893165	-4.025629
11.32	7.669014	7.71971	-1.409009	7	-1.543329	-1.557569	-1.129636	0.1137401	-4.73313
11.34	7.532178	7.583131	-2.154474	7	-1.552382	-1.509108	-4.255786	-0.1000004	-5.441127
11.36	7.493461	7.583131	-2.353477	7	-1.580929	-1.458204	-4.000251	-0.03893165	-4.72774
11.38	7.498013	7.583131	-2.32201	7	-1.608605	-1.498875	-2.793074	-0.5427486	-4.538024
11.4	7.557967	7.65142	-2.049956	7	-1.594381	-1.502674	-2.8271	-0.939695	-4.579242
11.42	7.574444	7.65142	-2.009111	7	-1.60034	-1.515871	-3.579906	-1.855725	-4.911987
11.44	7.544305	7.583131	-2.165339	7	-1.67229	-1.601997	-2.558676	-0.2832065	-5.027058
11.46	7.55615	7.65142	-2.155511	7	-1.653954	-1.561867	-3.246648	-0.2526722	-4.911309
11.48	7.496029	7.583131	-2.47172	7	-1.668156	-1.567266	-3.241077	0.1595417	-4.963653
11.5	7.503314	7.583131	-2.421828	7	-1.689217	-1.600981	-1.680972	-0.1458019	-4.633749
11.52	7.482681	7.583131	-2.528173	7	-1.656751	-1.581611	-1.774782	-0.00839729	-4.675827
11.54	7.495981	7.583131	-2.444198	7	-1.640116	-1.576332	-1.219261	-0.00839729	-4.537441
11.56	7.484989	7.583131	-2.490961	7	-1.600443	-1.536976	-1.841972	0.052671	-4.609452
11.58	7.532469	7.583131	-2.217681	7	-1.623873	-1.588367	-0.6679437	-0.0236649	-4.546001
11.6	7.533239	7.583131	-2.209264	7	-1.624823	-1.607916	-1.108779	-0.0236649	-4.856569
11.62	7.605634	7.65142	-1.86727	7	-1.630221	-1.609166	-1.577932	-0.00839729	-4.899143
11.64	7.613095	7.65142	-1.877519	7	-1.654894	-1.623471	-2.991093	-0.00839729	-5.348254
11.66	7.511838	7.583131	-2.418476	7	-1.682258	-1.593807	-4.33988	-0.0236649	-5.449927
11.68	7.497833	7.583131	-2.482567	7	-1.720272	-1.604299	-3.127927	-0.6038173	-4.925256
11.7	7.474494	7.583131	-2.603516	7	-1.708551	-1.598797	-2.898108	-0.8328248	-4.867311
11.72	7.497517	7.583131	-2.471338	7	-1.716611	-1.633056	-1.667047	-1.29084	-4.72406
11.74	7.529771	7.583131	-2.29652	7	-1.734816	-1.699984	-0.5553301	-0.03893165	-4.857167
11.76	7.505886	7.583131	-2.430765	7	-1.705459	-1.669465	-1.497727	-0.2526722	-5.057574
11.78	7.528511	7.583131	-2.305872	7	-1.719118	-1.685779	-0.894981	0.1595417	-4.923507
11.8	7.489252	7.583131	-2.518574	7	-1.678712	-1.622299	-2.416974	-0.06946601	-5.078261
11.82	7.507053	7.583131	-2.411763	7	-1.687455	-1.619723	-1.996913	0.03740425	-4.859863
11.84	7.50318	7.583131	-2.427188	7	-1.683605	-1.618917	-2.367273	-0.06946601	-4.991181
11.86	7.507226	7.583131	-2.399776	7	-1.691351	-1.622951	-2.428839	-0.0236649	-4.997513
11.88	7.541337	7.583131	-2.214798	7	-1.736925	-1.695069	-1.433018	-0.06946601	-5.055189
11.9	7.58544	7.65142	-2.039361	7	-1.728249	-1.68387	-2.606591	-0.05419883	-5.301476
11.92	7.523574	7.583131	-2.37756	7	-1.760496	-1.692737	-3.496479	-0.06946601	-5.573087
11.94	7.509689	7.583131	-2.454672	7	-1.795005	-1.704819	-2.861275	-0.5580158	-5.273143
11.96	7.469009	7.583131	-2.679079	7	-1.772964	-1.663282	-3.459524	-0.5732825	-5.220892
11.98	7.505354	7.583131	-2.479993	7	-1.801604	-1.714694	-1.817992	-0.08473319	-4.97933
12	7.492151	7.583131	-2.557827	7	-1.783569	-1.714472	-2.180479	-0.06946601	-5.199588
12.02	7.568089	7.65142	-2.200688	7	-1.772297	-1.70528	-2.272459	0.006869889	-5.122834
12.04	7.513811	7.583131	-2.493146	7	-1.788624	-1.722481	-3.152595	0.1137401	-5.558367
12.06	7.491218	7.583131	-2.610518	7	-1.797638	-1.701119	-3.093776	0.08320579	-5.29064
12.08	7.459692	7.583131	-2.77437	7	-1.77123	-1.652135	-3.653294	-0.1458019	-5.180701
12.1	7.486579	7.583131	-2.616667	7	-1.784422	-1.679827	-2.579648	-0.4053439	-4.997759
12.12	7.454216	7.583131	-2.784684	7	-1.741384	-1.628224	-3.778064	-0.496947	-5.168785
12.14	7.506423	7.583131	-2.488022	7	-1.777929	-1.687594	-2.242271	-0.7870232	-4.983751
12.16	7.425969	7.51484	-2.870363	7	-1.779655	-1.702519	-2.646488	-0.03893165	-5.323146
12.18	7.49391	7.583131	-2.503204	7	-1.77836	-1.702279	-1.628226	-0.237405	-4.900217
12.2	7.551189	7.65142	-2.252336	7	-1.736925	-1.665983	-3.393021	-0.2068706	-5.30004
12.22	7.59545	7.65142	-2.063039	7	-1.780273	-1.705423	-4.11062	-0.5885501	-5.638439
12.24	7.497118	7.583131	-2.59541	7	-1.815945	-1.696331	-5.718407	-0.1763363	-5.96369
12.26	7.476135	7.583131	-2.704795	7	-1.860132	-1.701819	-4.841123	-1.168702	-5.468534
12.28	7.541666	7.65142	-2.405829	7	-1.874786	-1.735394	-4.158668	-0.4206111	-5.378854
12.3	7.466554	7.583131	-2.815202	7	-1.879077	-1.739936	-4.96981	-0.9549622	-5.750694
12.32	7.459313	7.583131	-2.84957	7	-1.891039	-1.738017	-3.966934	-2.008397	-5.334254
12.34	7.483687	7.583131	-2.716892	7	-1.908964	-1.796952	-2.52264	-0.8480921	-5.289454
12.36	7.439761	7.583131	-2.956957	7	-1.851032	-1.728738	-3.810383	0.02213707	-5.428767
12.38	7.477801	7.583131	-2.739848	7	-1.859317	-1.747739	-2.603088	-0.06946601	-5.15117
12.4	7.452142	7.583131	-2.873011	7	-1.816048	-1.702924	-3.786656	-0.0236649	-5.379937
12.42	7.594661	7.65142	-2.143734	7	-1.867147	-1.796125	-1.954776	-0.00839729	-5.234214
12.44	7.506413	7.583131	-2.626762	7	-1.871329	-1.803903	-4.171774	-0.1000004	-6.094388
12.46	7.513024	7.583131	-2.587917	7	-1.9261	-1.829668	-3.062449	0.02213707	-5.643131
12.48	7.484663	7.583131	-2.748302	7	-1.928202	-1.829634	-3.358426	-0.2679393	-5.727631
12.5	7.481654	7.583131	-2.767721	7	-1.932823	-1.829088	-3.000294	-0.1916034	-5.576846
12.52	7.539557	7.65142	-2.509701	7	-1.910451	-1.807057	-3.446891	0.1595417	-5.565974
12.54	7.542517	7.65142	-2.541746	7	-1.902021	-1.786668	-4.841579	-0.03893165	-5.887894
12.56	7.511861	7.65142	-2.744508	7	-1.889594	-1.721373	-6.53586	-0.00839729	-5.924382
12.58	7.55206	7.65142	-2.555064	7	-1.954723	-1.789984	-5.314656	-0.08473319	-5.767318
12.6	7.482742	7.583131	-2.917696	7	-2.00407	-1.857509	-4.89012	-0.2832065	-6.042969
12.62	7.471812	7.583131	-2.968295	7	-2.032142	-1.892455	-3.322333	-0.08473319	-5.683354
12.64	7.432435	7.583131	-3.175954	7	-1.986221	-1.84627	-3.586395	-0.237405	-5.618162
12.66	7.459504	7.583131	-3.013755	7	-1.97413	-1.855631	-2.320796	-1.107634	-5.353605
12.68	7.48388	7.583131	-2.870695	7	-1.962893	-1.886686	-1.705719	-2.725954	-5.493381
12.7	7.475655	7.51484	-2.857379	7	-2.01266	-1.994318	0.1946865	-2.038932	-5.636415
12.72	7.615875	7.65142	-2.164858	7	-2.009598	-2.035065	0.8224978	-0.3595424	-5.639708
12.74	7.63622	7.65142	-2.125304	7	-2.018826	-2.059335	-1.132633	-0.1458019	-6.447772
12.76	7.550493	7.583131	-2.598251	7	-2.058851	-2.04329	-2.52661	-0.03893165	-6.614867
12.78	7.605096	7.65142	-2.361381	7	-2.10259	-2.058831	-1.835419	-1.107634	-6.189903
12.8	7.610694	7.65142	-2.394705	7	-2.140388	-2.110037	-2.097055	-1.580916	-6.526078
12.82	7.483169	7.583131	-3.089324	7	-2.129864	-2.044132	-3.621057	-1.733588	-6.58207
12.84	7.483272	7.583131	-3.077587	7	-2.14862	-2.046667	-1.650171	-2.832825	-5.849792
12.86	7.508654	7.583131	-2.936263	7	-2.155005	-2.113342	0.1343268	-2.832825	-5.831325
12.88	7.568431	7.583131	-2.617315	7	-2.190161	-2.230934	2.375762	-2.145802	-5.956229
12.9	7.572028	7.583131	-2.614837	7	-2.185112	-2.267167	2.403191	-0.1305347	-6.304647
12.92	7.550663	7.583131	-2.742627	7	-2.156951	-2.221704	1.571758	-0.06946601	-6.32704
12.94	8.501799	8.470897	1.711252	7	-2.100466	-2.222147	-0.4404567	-0.1458019	-6.202009
12.96	6.969803	6.968522	-6.081959	7	-2.269202	-2.201283	-14.46769	-0.05419883	-11.56603
12.98	6.907884	7.036813	-5.922179	7	-2.542182	-2.248166	7.217321	-0.6038173	-3.181233
13	6.726439	7.036813	-6.524138	7	-2.175073	-2.162777	12.55841	-4.848092	-2.766465
13.02	6.977362	7.105102	-4.822556	7	-1.878611	-2.139901	21.03722	-7.550382	-1.358704
13.04	7.147312	6.968522	-3.497118	7	-1.754894	-2.403923	27.17124	9.472518	-2.565463
13.06	7.207283	6.968522	-2.829399	7	-1.566123	-2.362087	26.00025	17.25878	-3.596845
13.08	6.11533	6.080756	-7.719653	7	-1.287646	-1.859983	18.76825	15.9916	-4.075553
13.1	5.92342	6.012467	-7.677677	7	-0.9956364	-1.423112	30.04968	6.373281	1.937119
13.12	6.162154	6.012467	-5.419345	7	-0.7092994	-1.563846	41.7891	2.831297	2.999409
13.14	6.453331	6.080756	-3.069281	7	-0.4009512	-1.634275	43.89784	19.0145	1.502004
13.16	9.052599	8.744054	9.622046	7	0.3711529	-0.8613254	19.55027	22.00687	-0.4729395
13.18	7.960878	7.309972	3.535544	7	0.04726309	-0.6881962	-31.06746	17.65572	-15.41761
13.2	9.27327	9.017213	9.241523	7	-0.6387636	-0.1931469	-48.88083	12.09847	-10.63161
13.22	6.757113	7.105102	-4.293217	7	-1.319798	0.1450093	-88.17151	-1.107634	-19.03345
13.24	6.208354	6.968522	-6.939867	7	-2.331375	-0.01261008	-60.2392	-8.451144	-5.65984
13.26	7.343775	8.539186	-1.852412	7	-2.103279	-0.069727	-51.33022	-21.84046	-2.692982
13.28	6.914985	7.583131	-4.425619	7	-2.42092	-0.875424	-47.78084	-38.74122	-8.311188
13.3	6.816154	7.173392	-4.895496	7	-3.054718	-1.881395	-21.41429	-31.15343	-5.700886
13.32	6.601676	7.51484	-6.342306	7	-2.51754	-1.427016	-23.259	8.678625	-4.957344
13.34	6.49587	7.309972	-6.876111	7	-2.153638	-1.132666	-17.6863	2.632824	-2.867959
13.36	6.774128	7.309972	-5.274594	7	-1.975424	-1.307932	-5.955317	-3.962595	-1.644034
13.38	7.063796	7.309972	-3.639628	7	-1.875019	-1.650236	1.609654	-3.825191	-2.837919
13.4	7.079405	7.241681	-3.461142	7	-1.723962	-1.685563	0.9764509	5.899999	-4.314047
13.42	7.994316	8.129447	0.9085363	7	-1.499799	-1.486373	-4.113976	12.46488	-4.342074
13.44	7.418871	7.583131	-2.31722	7	-1.438341	-1.196115	-24.53133	10.52595	-9.471586
13.46	7.28334	7.51484	-3.016697	7	-1.717687	-1.075357	-23.39984	1.838931	-6.468225
13.48	6.890305	7.309972	-4.985058	7	-1.795984	-1.03027	-23.59999	-4.176336	-5.940472
13.5	7.165988	7.51484	-3.499013	7	-1.920563	-1.25469	-13.67202	-9.947329	-3.735667
13.52	7.43007	7.65142	-2.241349	7	-1.969426	-1.580396	-10.60933	-11.41298	-5.24032
13.54	7.492359	7.583131	-2.040329	-7	-2.112718	-1.865565	-11.20569	0.4648848	-7.189998
13.56	7.314901	7.583131	-3.137103	-7	-2.080774	-1.669766	-19.24537	0.4190837	-8.153453
13.58	8.159289	8.402606	0.7068486	-7	-2.132977	-1.620715	-23.52934	-0.5122142	-7.689738
13.6	8.349125	8.470897	0.9691789	-7	-2.417752	-1.840807	-39.2155	-4.420611	-13.04714
13.62	7.414949	7.65142	-4.161161	-7	-3.015893	-2.004755	-48.1135	-8.329007	-14.98675
13.64	7.111794	7.65142	-5.866788	-7	-3.457376	-2.121162	-39.58419	-12.22214	-10.63942
13.66	7.041217	7.65142	-6.354371	-7	-3.650446	-2.460832	-30.0286	-17.15343	-9.420763
13.68	7.046502	7.65142	-6.445409	-7	-3.65958	-2.67502	-24.04475	-23.2145	-9.291643
13.7	7.174638	7.583131	-5.815118	-7	-3.771536	-3.069685	-15.82013	-27.48931	-9.535084
13.72	7.386527	7.583131	-4.770644	-7	-3.949565	-3.57497	-8.565731	-20.71068	-10.62228
13.74	6.648677	6.968522	-8.421991	-7	-3.932857	-3.566589	-11.52615	6.22061	-12.3065
13.76	6.608139	6.968522	-8.274322	-7	-3.916279	-3.533056	-1.234573	2.785496	-8.595643
13.78	6.996029	7.241681	-6.079117	-7	-3.774071	-3.695962	3.832257	0.861832	-8.754335
13.8	6.236796	6.353915	-9.440798	-7	-3.784032	-3.85108	2.901585	0.1748089	-11.38515
13.82	7.54234	7.583131	-2.630269	-7	-3.713608	-3.922401	11.75346	3.747328	-7.810093
13.84	6.01759	6.149047	-10.09821	-7	-3.571279	-3.712031	-10.7293	4.464885	-15.78399
13.86	6.257684	6.422206	-8.168967	-7	-3.774568	-3.599444	4.420899	5.289312	-8.068096
13.88	6.406745	6.695365	-7.101094	-7	-3.495748	-3.489275	-1.857545	0.2511448	-10.22937
13.9	5.890808	6.080756	-9.165995	-7	-3.522906	-3.43922	-6.477384	-6.527481	-11.72713
13.92	5.010592	5.19299	-12.5869	-7	-3.742349	-3.599109	2.827559	1.961068	-9.763238
13.94	5.219623	5.739308	-10.68374	-7	-3.304896	-3.15413	7.660707	-2.37481	-5.760499
13.96	4.793016	4.783254	-11.57711	-7	-3.447486	-3.777127	20.14467	1.762595	-7.444729
13.98	5.24433	5.466149	-8.445364	-7	-2.969286	-3.394195	18.71529	9.594656	-6.093262
14	4.772971	4.783254	-9.856347	-7	-2.824254	-3.320676	11.10627	12.32748	-9.367832
14.02	5.44729	5.466149	-5.702917	-7	-2.705464	-3.089923	7.9301	12.8771	-7.874867
14.04	4.732606	4.783254	-8.662406	-7	-2.699634	-2.897115	-10.4959	3.503053	-12.83628
14.06	5.580487	5.466149	-3.778455	-7	-3.125268	-3.169261	-5.745376	0.4648848	-10.17434
14.08	3.298541	3.554038	-14.54521	-7	-3.304918	-2.998678	-25.73633	-8.130534	-16.37888
14.1	3.663221	3.895488	-11.31515	-7	-3.80663	-3.352942	8.352134	-9.306107	-4.80909
14.12	2.913268	3.485749	-14.11542	-7	-3.290035	-3.166052	4.007722	-15.0313	-7.838743
14.14	3.928074	3.895488	-7.749524	-7	-3.423273	-3.785158	27.6214	7.121373	-4.14192
14.16	4.88037	4.510095	-2.490017	-7	-3.361387	-4.361876	21.24974	8.296946	-10.82339
14.18	3.130705	2.597983	-10.48621	-7	-3.853423	-4.714665	9.232435	16.9687	-17.33011
14.2	3.048273	3.21259	-10.04543	-7	-3.707157	-3.931193	12.42949	-0.6496186	-9.021837
14.22	2.180449	2.597983	-13.46876	-7	-3.283049	-3.342498	4.501308	-18.28321	-9.301239
14.24	3.009653	2.871142	-7.992135	-7	-3.543529	-3.986435	28.66736	-9.321374	-5.085811
14.26	3.404899	3.485749	-5.619072	-7	-2.994448	-3.643227	8.443296	-0.7870232	-10.80515
14.28	3.204986	2.871142	-5.989797	-7	-3.373304	-3.901507	1.294236	3.686259	-13.85773
14.3	2.66267	2.597983	-8.152958	-7	-3.623083	-3.789525	-6.794302	9.411448	-14.20257
14.32	1.611578	1.915086	-12.63521	-7	-3.703223	-3.435269	-10.31941	-0.3442752	-12.35807
14.34	0.6974059	1.300479	-15.98521	-7	-3.572578	-3.068917	-1.169206	-9.092366	-7.349777
14.36	0.6001315	0.8907404	-14.75881	-7	-3.60261	-3.607382	27.79451	-14.74122	-2.807442
14.38	1.483486	1.573638	-9.04653	-7	-3.143106	-3.889347	39.88125	-7.01603	-2.929761
14.4	0.6165615	0.8907404	-12.4154	-7	-2.320751	-3.028695	15.517	10.14427	-8.493345
14.42	0.4912032	0.6175833	-11.53484	-7	-2.141361	-2.55293	18.16756	22.28168	-4.376366
14.44	0.9350754	1.300479	-8.289745	-7	-1.530087	-1.798389	3.241235	20.48015	-4.814
14.46	1.084104	1.02732	-6.518896	-7	-1.692797	-1.944288	-6.094539	5.73206	-8.315052
14.48	0.1267167	0.3444233	-10.39167	-7	-1.815042	-1.605339	-23.23587	12.22061	-10.76779
14.5	-0.2646743	0.002975464	-11.0726	-7	-2.231218	-1.714286	-15.16244	2.846565	-6.864067
14.52	0.1224603	0.6175833	-8.274496	-7	-2.127851	-1.615715	-16.54111	-3.870992	-6.0162
14.54	-0.2724669	0.002975464	-9.380723	-7	-2.35569	-1.931125	-19.62866	-6.298473	-9.136852
14.56	-0.5205294	-0.3384733	-9.605771	-7	-2.762648	-2.373322	-10.78786	0.9534346	-8.110411
14.58	-1.205315	-1.02137	-11.90122	-7	-3.050998	-2.831647	-0.3847326	-1.336641	-7.847509
14.6	-0.7242934	-0.2701836	-8.665494	-7	-2.707249	-2.539562	3.039895	-4.283206	-4.921597
14.62	-0.701571	-0.6799221	-7.705845	-7	-2.803843	-2.991448	5.098835	0.5717551	-8.110474
14.64	-1.336519	-1.362819	-9.936856	-7	-2.980071	-3.218106	7.072601	2.098473	-9.170395
14.66	-1.919951	-1.772556	-11.72553	-7	-2.949368	-3.124405	13.99946	2.312213	-6.541631
14.68	-2.876671	-2.455454	-15.1438	-7	-2.536883	-2.6508	18.05838	-0.3900768	-3.946166
14.7	-3.345809	-3.070061	-15.5647	-7	-2.229518	-2.609197	38.90582	-1.657252	0.9965239
14.72	-2.524411	-2.387164	-9.773687	-7	-1.516379	-2.458825	50.23299	2.541221	3.11453
14.74	-2.573772	-2.660322	-8.659582	-7	-0.8322273	-2.068169	36.06675	16.78549	-1.999906
14.76	-2.757876	-3.13835	-8.009002	-7	-0.7780472	-1.947264	32.51826	25.39618	-2.661369
14.78	-3.484261	-3.411509	-10.28798	-7	-0.3049477	-1.014343	14.07435	21.74733	-3.036456
14.8	-4.38606	-4.094406	-13.07407	-7	-0.008853447	-0.2064025	7.602183	7.319847	-0.08730412
14.82	-4.451839	-4.435854	-11.27971	-7	-0.1270768	-0.4818657	25.29827	3.304579	3.827657
14.84	-4.86846	-5.18704	-11.18973	-7	-0.2997994	-1.242233	42.29342	2.205343	2.903594
14.86	-3.983613	-4.504144	-4.969008	-7	-0.2077121	-1.678965	55.42583	14.14427	3.916823
14.88	-4.349751	-4.777303	-5.603468	-7	0.2332021	-1.296258	34.09924	12.34275	-2.22791
14.9	-5.204165	-5.460199	-8.434787	-7	0.3779773	-0.5865526	21.43263	20.78549	-1.355904
14.92	-6.732981	-6.143096	-14.50519	-7	1.139811	1.080222	1.27246	-0.237405	2.161908
14.94	-5.650946	-5.460199	-7.053798	-7	1.220601	1.086311	22.67366	-0.4664127	9.989347
14.96	-5.625213	-6.143096	-5.190084	-7	0.9029508	-0.08730441	29.35802	-0.4816799	2.823221
14.98	-4.919939	-5.460199	-0.5220318	-7	0.8187276	-0.3064631	25.31083	20.00687	1.127845
15	-5.7206	-6.143096	-3.692865	-7	0.7036756	-0.1365667	4.377956	9.487785	-4.185506
15.02	-6.111855	-5.801648	-4.991898	-7	1.034999	1.145304	-17.52592	5.808396	-1.043333
15.04	-6.37246	-6.416255	-5.160337	-7	0.4912851	0.7288854	-9.691111	-17.01603	0.3229656
15.06	-5.850095	-6.143096	-1.600626	-7	-0.0992623	-0.2390684	5.875598	-8.42061	0.5868692
15.08	-5.891245	-5.801648	-1.615536	-7	0.0863286	0.0156115	-11.58086	-9.061831	-3.378799
15.1	-5.641923	-5.460199	-0.3093551	-7	0.07025675	0.4169668	-25.52126	-0.2832065	-3.705254
15.12	-7.100766	-6.894283	-7.157895	-7	-0.3843928	0.3182352	-31.68751	-10.49695	-5.734958
15.14	-8.327673	-7.850338	-12.10427	-7	-0.7543811	0.1722848	-8.116978	-9.718321	1.715845
15.16	-6.879673	-6.484545	-3.858806	-7	-0.5173687	-0.2661767	22.77698	-15.58091	8.353884
15.18	-7.805894	-7.50889	-7.842387	-7	0.09433489	-0.1656988	10.23734	8.022136	0.4030609
15.2	-5.557418	-5.801648	4.044769	-7	0.1232464	-0.4559408	27.49467	14.12901	5.575136
15.22	-7.463823	-7.167441	-5.636287	-7	0.873614	0.6702387	-25.08234	9.9	-7.486335
15.24	-6.689663	-6.825994	-0.8673556	-7	0.1854783	0.4671792	-1.93505	14.54122	2.837191
15.26	-7.612	-6.825994	-5.523521	-7	0.9557644	1.635325	-36.68253	-14.92443	-2.382621
15.28	-6.199277	-6.825994	2.551147	-7	-0.4702678	-0.3648119	8.633484	7.212976	2.741997
15.3	-6.854151	-6.825994	-1.01063	-7	-0.2923201	-0.3862817	-15.42368	-11.22977	-6.380779
15.32	-7.249991	-6.825994	-3.039817	-7	-0.1631126	0.4799448	-26.67356	8.663358	-2.946009
15.34	-7.571716	-6.825994	-4.599025	-7	0.09377319	1.186993	-35.26962	-23.2145	-0.8223448
15.36	-7.874602	-7.235731	-5.693178	-7	0.01912755	1.171513	-29.06424	-4.710687	1.030806
15.38	-7.807156	-7.167441	-4.908037	-7	0.09325963	1.096383	-21.25177	-13.84046	2.619759
15.4	-7.775187	-6.825994	-4.618134	-7	0.7081404	1.81926	-32.96167	6.312213	2.242755
15.42	-6.410486	-6.825994	2.889952	-7	-0.3761541	-0.1581485	2.362958	1.991602	2.267671
15.44	-6.88519	-6.825994	0.1056691	-7	-0.2560543	-0.1975918	-20.36637	14.63282	-6.266491
15.46	-6.828818	-6.825994	0.297889	-7	-0.6505308	-0.2403309	-18.64069	10.78549	-3.802975
15.48	-7.400313	-6.825994	-2.933738	-7	-0.3991505	0.4552717	-35.26066	5.793129	-4.443279
15.5	-7.076948	-6.825994	-1.215122	-7	-0.8244809	0.0284387	-20.70685	-20.55801	-1.078671
15.52	-8.133494	-7.167441	-6.762588	-7	-0.2377071	0.9600163	-40.57645	-7.703053	-3.025001
15.54	-7.551332	-7.167441	-3.287071	-7	-0.6588562	0.3390449	-11.47885	-12.66489	3.367387
15.56	-8.135439	-7.235731	-6.229153	-7	0.04834086	0.9636241	-26.0673	-0.2832065	0.05201721
15.58	-6.883721	-7.167441	0.7928863	-7	-0.7886308	-0.626256	14.06059	-0.6038173	3.806502
15.6	-6.544201	-6.757704	2.235641	-7	-0.703844	-1.151724	5.722827	13.51832	-3.682839
15.62	-6.182721	-6.825994	3.866979	-7	-1.268778	-1.874239	9.988884	8.006869	-5.66102
15.64	-6.471286	-6.484545	1.664368	-7	-1.038562	-1.178895	-13.8192	11.44198	-8.137413
15.66	-6.194965	-6.757704	2.870588	-7	-1.92063	-2.07779	1.883165	-15.10763	-6.412756
15.68	-6.986134	-6.757704	-1.800556	-7	-1.647363	-1.436102	-16.65411	-13.65725	-8.361142
15.7	-6.499464	-6.825994	0.6552066	-7	-2.349797	-2.320963	10.61105	-25.18397	-3.500865
15.72	-7.339118	-6.825994	-4.167847	-7	-1.613449	-1.382103	-10.37598	-18.54275	-6.23871
15.74	-6.471963	-6.825994	0.4612882	-7	-2.225813	-2.391983	23.54962	-10.83282	-0.7270346
15.76	-6.748753	-6.552835	-1.471577	-7	-1.544582	-1.843616	4.807046	-2.329008	-5.577188
15.78	-7.263673	-7.782049	-3.559188	-7	-2.169013	-2.698462	28.72438	3.167175	-3.413362
15.8	-7.597506	-7.782049	-4.827462	-7	-1.93549	-2.711508	41.52627	4.32748	-0.6779556
15.82	-5.826004	-6.143096	4.013745	-7	-1.364358	-2.568363	48.37855	2.556488	1.655334
15.84	-6.894908	-7.577179	-1.378785	-7	-1.267076	-2.698063	30.25113	4.480152	-7.843992
15.86	-6.997109	-7.50889	-1.517318	-7	-1.320118	-2.360121	37.13765	18.25114	-2.074673
15.88	-7.648865	-7.099152	-4.941803	-7	-0.03201389	-0.3415457	3.889332	-0.3137409	-1.602333
15.9	-6.396885	-7.099152	2.152987	-7	-0.7454259	-1.499566	35.94724	-4.130535	2.661324
15.92	-6.80528	-7.167441	0.02024996	-7	-0.4677065	-1.435562	15.81291	0.9534346	-5.035671
15.94	-7.846661	-8.123497	-4.709654	-7	-0.6165748	-1.13498	14.72404	13.82366	-2.954508
15.96	-9.24203	-8.191787	-11.28271	-7	0.6617492	1.168	-9.450481	1.350381	2.569431
15.98	-6.597265	-6.825994	3.098729	-7	0.2920613	0.05385274	34.93256	-1.703054	11.06549
16	-7.513076	-7.850338	-1.35461	-7	0.5351157	-0.3660818	8.055174	5.823663	-4.210449
16.02	-7.43293	-7.918628	-0.3164365	-7	0.09327006	-0.4850793	17.5933	23.27404	0.4202251
16.04	-8.399125	-7.850338	-5.115757	-7	0.9751329	1.082188	-13.98748	0.7396941	-0.7037058
16.06	-8.457172	-8.874683	-4.072718	-7	0.0759508	-0.06593555	22.38648	0.9687018	4.872235
16.08	-8.871951	-8.806395	-5.369914	-7	0.4620979	0.008407556	25.26155	-3.061832	4.43031
16.1	-7.714862	-7.577179	0.8581491	-7	1.164845	0.6579296	21.9403	13.56412	6.821207
16.12	-8.432534	-8.464945	-2.358139	-7	1.491696	1.055772	0.3312625	11.74733	0.4140244
16.14	-8.372826	-8.464945	-1.342803	-7	1.344455	1.222889	3.646328	22.43435	3.994913
16.16	-7.514062	-7.167441	2.876364	-7	1.914719	2.082246	-18.05502	2.11374	3.077528
16.18	-7.21077	-7.167441	4.163101	-7	1.706205	2.143841	-38.8874	7.609923	-1.946373
16.2	-7.093138	-7.235731	4.471072	-7	0.8614929	1.59051	-45.89221	-2.176336	-4.447983
16.22	-7.346576	-7.167441	2.615583	-7	0.2228967	1.365199	-55.97293	-7.733588	-6.071259
16.24	-8.46244	-8.464945	-2.937341	-7	-0.9855005	0.1984696	-37.06214	-20.60382	-5.154818
16.26	-8.575289	-8.464945	-3.257171	-7	-1.671593	-0.8874703	-1.168235	-24.13053	0.6808605
16.28	-8.349907	-8.396656	-1.980133	-7	-1.792492	-1.865706	26.61889	-18.71069	1.640714
16.3	-8.44623	-8.464945	-2.445094	-7	-1.337464	-1.915866	34.67764	0.6938925	1.047276
16.32	-7.059214	-7.167441	4.197649	-7	-0.6499133	-1.500385	34.59546	4.296945	2.415087
16.34	-8.108508	-8.123497	-1.464392	-7	-0.0194569	-0.6320735	3.906637	9.090838	-4.684171
16.36	-8.746673	-9.011263	-4.004938	-7	-0.3722763	-0.6756451	20.93141	12.09847	1.472272
16.38	-9.18419	-9.079553	-5.533973	-7	0.0303215	-0.3610426	29.9661	-10.25267	4.918817
16.4	-8.044166	-7.782049	0.4690298	-7	0.9710853	0.4684181	27.13228	10.80076	7.769556
16.42	-8.506695	-8.806395	-1.350341	-7	1.104509	0.3366703	18.83073	11.57939	1.861764
16.44	-7.631354	-7.50889	3.058056	-7	1.710869	1.392819	1.9065	26.37328	4.092187
16.46	-8.464645	-8.464945	-0.9656029	-7	1.708226	1.737883	-19.41603	20.34275	-0.9095707
16.48	-8.731834	-8.464945	-1.902381	-7	1.586028	2.179859	-21.56425	-0.5885501	3.174638
16.5	-9.750319	-9.421001	-6.240562	-7	1.380074	2.067408	-15.27914	1.793129	4.272131
16.52	-8.764212	-8.533236	-0.5507913	-7	1.343685	1.712177	6.721027	-13.1229	9.693223
16.54	-8.542248	-8.396656	0.7283942	-7	1.66961	1.639281	-3.219238	2.419084	4.099194
16.56	-8.033708	-8.533236	3.64916	-7	1.085012	0.7466629	7.371603	4.205343	2.75357
16.58	-9.266674	-9.421001	-2.337836	-7	0.9682474	0.7820341	-3.004642	19.33511	-0.7637138
16.6	-8.497711	-8.464945	1.773274	-7	0.9952578	1.027129	7.174693	-2.863359	5.889611
16.62	-8.901654	-8.464945	-0.4999115	-7	1.650543	1.898304	-18.32237	-0.4358783	1.617744
16.64	-7.282836	-7.50889	7.572492	-7	1.207767	1.349423	-7.140644	-10.90916	4.112059
16.66	-9.619094	-8.874683	-4.775901	-7	1.825253	2.744664	-58.35699	5.716793	-5.41274
16.68	-8.558319	-8.738104	1.400608	-7	0.4743867	1.394757	-5.337854	-4.69542	7.800669
16.7	-9.745849	-8.806395	-4.903704	-7	1.37611	2.291064	-33.65932	-2.848092	1.260835
16.72	-7.798326	-7.850338	5.228318	-7	0.7830657	1.292403	2.110168	-16.06947	8.619233
16.74	-9.033634	-8.738104	-1.401268	-7	1.135667	1.445037	-26.08448	13.71679	-2.479437
16.76	-8.091555	-8.806395	3.921767	-7	-0.1556981	-0.2553412	19.87611	-2.603817	4.600916
16.78	-8.565335	-8.806395	1.230105	-7	-0.02408108	-0.5417835	12.57599	13.74733	-1.2275
16.8	-8.649657	-8.806395	0.7460965	-7	0.05467346	-0.3015329	16.50945	-23.62672	1.746246
16.82	-10.38951	-8.806395	-8.550719	-7	2.082884	3.082415	-38.52809	9.106105	2.562609
16.84	-9.274577	-8.806395	-1.919742	-7	1.833491	2.817924	-2.011168	-19.97786	13.69588
16.86	-10.01211	-8.806395	-5.521779	-7	3.107855	4.107327	-34.4882	7.365648	7.38292
16.88	-8.185709	-8.806395	4.88893	-7	1.785703	1.843613	18.48164	3.304579	12.04189
16.9	-8.020933	-8.464945	5.526539	-7	1.747538	1.096295	2.66044	21.82366	0.7350349
16.92	-7.796451	-8.464945	6.488957	-7	1.144335	0.6371802	0.5918713	17.41145	-0.6108265
16.94	-8.654453	-8.533236	1.599547	-7	1.33214	1.543909	-26.45953	16.28168	-2.497306
16.96	-8.350782	-8.464945	3.091271	-7	0.7387538	1.195811	-12.75235	-22.16107	2.342546
16.98	-9.311298	-8.738104	-2.123025	-7	1.117047	1.907225	-30.23448	-13.84046	0.4442644
17	-8.496634	-8.806395	2.436189	-7	0.1980241	0.499888	10.50594	-20.75649	6.284492
17.02	-9.314008	-8.874683	-2.019852	-7	0.8846601	1.087484	-7.541936	-4.313741	1.549023
17.04	-6.794253	-7.850338	10.91249	-7	-0.2584882	-1.048121	43.45344	1.762595	6.841604
17.06	-8.348904	-8.806395	2.210387	-7	0.09702718	-0.9289427	6.270061	5.228244	-7.67867
17.08	-7.612391	-8.806395	6.13086	-7	-1.071959	-2.142285	46.67404	6.754961	1.319053
17.1	-9.517777	-8.874683	-4.361409	-7	0.5238882	0.252146	-4.059153	-3.977863	-3.082253
17.12	-8.523718	-8.874683	1.304384	-7	0.05355263	-0.242315	37.86382	-21.99313	8.94339
17.14	-10.1076	-8.738104	-7.208687	-7	2.283854	2.68944	-20.62974	-2.1	3.530396
17.16	-7.926812	-8.806395	5.139525	-7	0.9364352	0.4722914	48.13755	0.1748089	13.84872
17.18	-8.176165	-8.533236	3.587975	-7	1.548559	0.3873019	20.61468	13.02977	0.8338776
17.2	-7.114819	-8.464945	9.187199	-7	0.5497375	-0.9176978	43.19852	19.16717	2.327127
17.22	-8.803741	-8.464945	-0.2623253	-7	1.80346	1.4012	-19.12273	7.136641	-4.434095
17.24	-7.323163	-8.396656	7.758349	-7	0.3131572	-0.2082434	29.12303	-9.565649	5.574001
17.26	-8.694847	-8.533236	0.08978808	-7	1.082007	0.7875608	-11.86276	-8.451144	-3.567471
17.28	-6.078916	-7.50889	13.42983	-7	-0.5395331	-1.512325	44.01996	-4.435878	4.610184
17.3	-8.839778	-8.464945	-1.916159	-7	0.7286044	0.4317223	-30.03774	-7.474046	-10.80169
17.32	-6.798965	-8.806395	9.418554	-7	-2.067209	-3.165249	70.9344	-0.2832065	5.505785
17.34	-7.608564	-7.4406	3.617849	-7	-0.3471845	-1.4568	11.33875	-9.260305	-7.0067
17.36	-6.124072	-8.806395	11.74328	-7	-3.078891	-5.447287	97.13254	-1.947328	-0.9727058
17.38	-8.748816	-8.738104	-2.93965	-7	-1.205266	-2.889918	31.34305	-7.367176	-10.36263
17.4	-7.569137	-8.806395	3.643778	-7	-1.979075	-3.680547	89.99126	-23.00076	6.10298
17.42	-9.239337	-8.806395	-5.385286	-7	0.2069043	-1.147429	39.69557	-15.09237	-0.194767
17.44	-5.886617	-7.50889	12.22104	-7	-0.6385547	-2.904307	101.8148	-0.7717561	10.88681
17.46	-8.681563	-8.533236	-2.947332	-7	1.482783	-0.1726782	9.75645	4.754961	-8.22575
17.48	-8.370945	-9.421001	0.001121044	-7	0.3914574	-0.7088957	58.78729	17.19771	8.339561
17.5	-8.092082	-8.123497	1.393292	-7	1.56498	0.3580502	37.49341	-13.38244	5.906192
17.52	-6.006816	-8.123497	12.64047	-7	0.06523991	-2.417826	84.34857	16.0374	4.902938
17.54	-8.414362	-9.147842	-0.03868628	-7	0.8352824	-1.185605	28.58274	20.90763	-8.026877
17.56	-8.379667	-9.079553	0.7859924	-7	0.5689387	-0.5705261	47.79363	23.42672	5.555854
17.58	-9.347074	-9.079553	-3.905402	-7	1.740145	1.033879	23.07096	12.26641	5.23415
17.6	-8.436495	-9.079553	1.743964	-7	1.46035	0.3947755	53.91578	-10.52748	11.30689
17.62	-9.257938	-9.079553	-2.187588	-7	2.686011	1.798041	20.11424	11.28931	5.901881
17.64	-8.249611	-9.079553	3.954856	-7	2.171748	1.040547	46.58829	5.945801	10.85474
17.66	-9.889717	-10.1039	-3.71476	-7	2.722048	1.716568	21.84441	25.41145	4.466628
17.68	-8.253026	-9.147842	5.641839	-7	2.211599	0.9549179	57.19817	9.182441	13.49217
17.7	-9.054986	-9.147842	1.509463	-7	3.26304	2.154199	12.57515	23.38091	3.683621
17.72	-7.747578	-9.147842	8.957265	-7	2.029797	0.6429685	45.91632	-1.764122	8.199633
17.74	-8.619773	-9.147842	4.234838	-7	2.39461	1.215664	10.43672	20.64809	-0.3618698
17.76	-8.758247	-9.48929	3.893409	-7	1.797703	1.070474	19.25397	-15.65725	4.285902
17.78	-9.801816	-8.533236	-2.118785	-7	3.658966	4.386862	-42.41396	6.144274	4.514768
17.8	-9.268054	-8.806395	1.090779	-7	3.388262	4.563951	-30.53139	-29.82519	11.31956
17.82	-7.555068	-7.713759	9.636012	-7	2.828507	3.29332	-19.83731	3.609923	7.958429
17.84	-8.51438	-9.011263	4.534386	-7	1.919243	2.093683	-28.70455	-5.1229	-2.252187
17.86	-8.569042	-8.123497	3.61001	-7	1.971436	2.982537	-41.54385	22.00687	2.339293
17.88	-7.665442	-7.167441	7.252972	-7	1.932128	3.207271	-50.25123	-5.611451	2.857524
17.9	-8.655445	-8.464945	1.73337	-7	1.185992	2.486115	-53.01386	-13.65725	-2.02857
17.92	-8.598715	-8.738104	2.047229	-7	0.002600811	0.9776647	-14.51935	-12.25267	3.338156
17.94	-8.293154	-7.782049	2.773645	-7	0.4097483	1.141453	-16.03984	-16.0542	3.018993
17.96	-7.518343	-7.850338	6.233867	-7	-0.1519107	-0.06981832	5.993431	-13.88626	2.31322
17.98	-6.350481	-6.484545	10.70837	-7	0.08957589	-0.05950112	-7.127246	-3.245039	-1.743251
18	-8.140103	-8.123497	0.6830993	-7	-0.03076167	0.3400704	-31.47211	-3.443512	-7.667424
18.02	-8.79468	-8.123497	-2.942996	-7	0.07816273	1.275725	-23.41102	-7.764122	2.71359
18.04	-8.777094	-8.123497	-2.831722	-7	0.3348328	1.282818	-4.974548	-19.01603	7.259482
18.06	-8.148002	-8.123497	0.5921091	-7	0.28407	0.3433504	22.762	-9.748855	8.096712
18.08	-7.93459	-8.123497	1.675275	-7	0.5520756	-0.05064735	29.41621	9.976336	5.11693
18.1	-6.157647	-6.416255	9.937323	-7	1.091842	0.2852137	21.04132	21.71679	4.409151
18.12	-7.550426	-7.782049	2.248907	-7	1.27037	0.8559058	-15.2949	17.86946	-5.172505
18.14	-7.441374	-7.782049	2.880706	-7	0.6170696	0.6823189	1.455929	7.533587	2.525675
18.16	-8.084202	-7.850338	-0.6104608	-7	0.9074411	1.12874	-7.90674	-14.60382	1.67592
18.18	-5.766191	-6.825994	11.16549	-7	-0.2428719	-1.000639	38.92613	-11.1229	5.688065
18.2	-6.798412	-6.825994	4.545461	-7	0.6110476	0.01694679	-14.51617	-4.161069	-7.722081
18.22	-6.371754	-6.825994	6.230249	-7	-0.07339275	-0.0840852	-4.333781	6.709159	-1.398645
18.24	-6.932721	-6.825994	2.531936	-7	0.03075698	0.3188636	-21.07016	-17.26031	-3.967831
18.26	-7.394437	-8.123497	0.5016372	-7	-1.2717	-1.38876	19.08987	-13.62672	-0.4367905
18.28	-8.190171	-8.123497	-3.566593	-7	-0.9003231	-1.203346	28.09654	-20.26794	1.952524
18.3	-6.091601	-6.894283	7.133433	-7	-1.112911	-2.427175	70.1464	-2.817558	7.411942
18.32	-7.18654	-7.850338	1.152329	-7	-0.4942995	-2.293363	46.99744	3.396183	-3.852132
18.34	-7.134195	-7.782049	1.569131	-7	-0.3019271	-1.748168	55.47961	25.04504	2.84748
18.36	-9.390834	-8.806395	-9.622988	-7	1.256668	0.6928886	19.70536	-6.90916	2.918367
18.38	-7.105039	-8.738104	3.932662	-7	-0.2286178	-2.151548	112.9625	2.785496	16.6097
18.4	-6.858225	-7.50889	4.85629	-7	1.364232	-1.361456	73.2067	2.464885	3.078073
18.42	-7.724816	-8.464945	0.8416479	-7	1.932397	-0.03218341	47.54713	19.56412	2.308645
18.44	-7.31235	-7.167441	2.895333	-7	3.128233	2.299999	12.89395	6.266411	6.905842
18.46	-7.497956	-8.123497	2.621076	-7	2.672528	1.960281	10.74205	5.899999	4.681543
18.48	-8.045819	-8.123497	0.2350113	-7	2.780521	2.557675	-4.113205	7.533587	4.692063
18.5	-7.993331	-8.191787	1.125491	-7	2.471362	2.395821	2.705552	7.51832	7.268286
18.52	-9.043908	-9.079553	-3.419762	-7	2.372964	2.330452	3.268255	1.670992	6.388198
18.54	-8.831545	-9.011263	-1.290295	-7	2.175751	1.90376	27.87057	11.9916	11.93623
18.56	-9.075992	-9.079553	-1.786685	-7	2.669995	2.093345	27.02326	6.556488	10.52128
18.58	-8.773945	-9.079553	0.6419314	-7	2.843043	2.019318	36.12161	24.67863	11.96161
18.6	-8.652848	-9.079553	1.958188	-7	3.081609	2.021973	34.01148	13.04504	10.03111
18.62	-8.699678	-9.147842	2.344761	-7	3.259074	2.249604	27.66082	19.96107	9.014306
18.64	-7.552181	-8.123497	8.330253	-7	3.321912	2.321456	21.9982	15.45725	8.84091
18.66	-7.910536	-8.123497	6.123445	-7	3.639252	3.172645	-17.30437	11.25878	1.855909
18.68	-7.769004	-8.464945	6.994807	-7	2.606014	2.487569	-10.90137	-0.8022904	3.346197
18.7	-7.908122	-7.50889	5.448436	-7	3.000722	3.660871	-45.5239	-3.962595	1.495596
18.72	-8.161522	-7.782049	3.713147	-7	2.631412	3.944715	-56.26243	-23.76412	2.29261
18.74	-6.596399	-6.416255	10.76142	-7	2.002019	3.302286	-51.21749	-17.30611	3.417031
18.76	-8.222751	-8.191787	1.849589	-7	1.039084	2.30084	-60.81308	-25.01603	-5.631648
18.78	-5.79413	-5.869938	13.07266	-7	0.08085035	1.216151	-29.56599	-17.55038	3.129887
18.8	-7.827735	-7.577179	1.366923	-7	-0.1871949	0.8660629	-58.34262	-16.06947	-10.35809
18.82	-8.070889	-7.850338	-0.1740675	-7	-1.090431	0.2826526	-20.50568	-26.1916	1.487987
18.84	-8.063166	-6.825994	-1.196713	-7	-0.01564622	1.392719	-29.50054	-6.084733	3.465308
18.86	-7.597543	-7.167441	0.8498509	-7	-0.05488384	0.8537148	-8.396553	-32.26794	5.178497
18.88	-7.674466	-7.167441	-0.01273942	-7	0.3953368	0.9893283	-9.372238	8.449617	3.366424
18.9	-6.976937	-7.099152	3.38841	-7	0.1495272	0.2233963	11.37617	5.564121	4.678695
18.92	-7.400075	-7.167441	0.7434374	-7	0.6757304	0.701506	-2.923861	16.55649	1.099847
18.94	-6.822354	-7.167441	3.678895	-7	0.2918868	0.07144299	16.94246	7.30458	4.101523
18.96	-7.432612	-7.167441	0.1240031	-7	0.9509472	0.90043	-3.790131	6.449617	0.9292078
18.98	-5.144969	-5.801648	11.36454	-7	0.3796305	-0.121381	21.34152	2.358015	4.934689
19	-5.757379	-5.801648	6.793361	-7	0.9195563	0.6582487	-29.98228	-1.962596	-8.102593
19.02	-5.118557	-5.801648	9.320957	-7	-0.2740293	-0.1276972	-18.10061	1.686259	-4.4983
19.04	-6.270274	-5.801648	2.088501	-7	-0.01885593	0.901036	-54.2047	-11.06183	-8.679692
19.06	-7.255014	-7.4406	-2.689276	-7	-1.406665	-0.4177018	-14.52524	-24.57328	-1.748137
19.08	-7.957136	-7.50889	-6.103387	-7	-1.305445	-0.6822541	11.70454	-24.86336	3.679891
19.1	-6.794805	-7.50889	0.5220163	-7	-1.913163	-2.850599	76.31628	-18.71069	8.714334
19.12	-8.04554	-7.50889	-6.117267	-7	0.110341	-0.9470729	41.555	2.022137	2.769891
19.14	-5.311526	-5.801648	7.919863	-7	0.5688806	-0.8170912	65.76154	17.16717	11.47136
19.16	-6.991773	-7.235731	-0.8697518	-7	1.546978	0.200589	14.78773	17.64046	-3.506232
19.18	-6.305042	-7.235731	3.415913	-7	0.7924021	-0.2852682	43.4169	26.8771	5.975073
19.2	-7.496465	-7.235731	-2.690897	-7	1.895919	1.319995	4.5011	3.899999	1.397108
19.22	-5.525156	-7.099152	8.369602	-7	0.2865596	-1.162881	65.07677	1.533587	8.397195
19.24	-6.937796	-7.167441	0.6831424	-7	1.311936	-0.00725174	14.26094	4.846564	-3.85187
19.26	-5.522112	-7.167441	8.55716	-7	-0.1862456	-1.821093	62.52966	15.04504	4.310234
19.28	-5.942984	-5.801648	5.08615	-7	1.364667	0.3792418	-3.267109	-1.870993	-4.664633
19.3	-6.463025	-7.50889	2.857579	-7	0.08481181	-0.6011034	16.90088	-19.04656	-1.65247
19.32	-8.578194	-7.50889	-8.152828	-7	1.500592	2.11927	-27.10371	1.060305	0.3301182
19.34	-7.246246	-6.484545	-0.9007733	-7	1.868836	2.86445	-6.315603	-30.42061	13.15233
19.36	-7.27377	-6.484545	-1.073427	-7	2.668665	3.41935	-29.3567	4.312213	6.02528
19.38	-5.774177	-6.484545	7.079888	-7	1.395312	1.358625	5.766966	2.724427	6.336163
19.4	-6.357311	-6.484545	3.594411	-7	1.43559	1.346889	-22.16176	19.31985	-3.198284
19.42	-5.580127	-6.211386	7.345228	-7	0.4095881	0.3854879	-5.776117	17.28931	-0.2564363
19.44	-7.014411	-6.484545	-0.7878549	-7	0.9064106	1.602432	-44.67397	-7.061832	-5.313618
19.46	-7.389574	-7.782049	-1.946126	-7	-0.5237436	0.04677981	3.586164	-10.11527	3.059739
19.48	-8.691047	-7.782049	-8.412336	-7	0.4333621	1.091987	-3.151426	-22.61908	4.726508
19.5	-7.179537	-7.782049	0.4678347	-7	-0.342469	-0.938049	64.74258	6.129007	13.16896
19.52	-7.852297	-7.782049	-2.844934	-7	0.9612011	-0.2550914	43.15607	5.548855	4.725013
19.54	-7.329605	-7.850338	0.5949602	-7	1.203581	-0.1390518	58.26453	29.62519	9.352221
19.56	-6.920737	-6.552835	2.371632	-7	2.876145	2.010022	14.30883	6.739693	6.433433
19.58	-6.058072	-6.484545	6.854385	-7	2.810402	2.200562	1.794399	23.31985	4.635685
19.6	-7.905256	-7.782049	-2.35709	-7	2.906482	3.12237	-34.48964	6.037404	-1.048791
19.62	-7.786486	-7.782049	-0.8588002	-7	2.186476	2.838269	-10.21253	5.060304	8.630507
19.64	-6.828777	-6.825994	4.148731	-7	2.089123	2.261529	-3.996539	-15.94733	7.267453
19.66	-7.265078	-6.825994	1.554357	-7	2.570793	3.084008	-35.4758	13.73206	1.605274
19.68	-7.13316	-6.825994	2.202252	-7	2.280861	3.262052	-38.4035	0.006869889	3.966518
19.7	-7.346427	-6.757704	0.8888929	-7	2.240891	3.526421	-50.21747	11.33511	2.795154
19.72	-6.880984	-6.825994	3.304571	-7	1.381077	2.435047	-31.87859	-17.30611	3.808654
19.74	-6.080326	-5.460199	6.317522	-7	1.662245	2.839988	-52.63036	0.4954192	0.6857786
19.76	-7.064638	-7.167441	1.129504	-7	0.4964508	1.591125	-44.98494	-13.09237	-3.613192
19.78	-6.527155	-5.460199	2.784567	-7	0.9724921	2.743344	-59.63334	-0.9091607	1.309722
19.8	-7.633196	-7.167441	-2.93355	-7	0.2588373	1.897601	-48.98942	-16.89389	-0.9887991
19.82	-7.757496	-7.167441	-3.40167	-7	-0.09034234	1.320879	-20.15506	-19.22977	5.198749
19.84	-7.316294	-6.825994	-1.169223	-7	0.07919684	0.8135092	-0.5952129	-2.924428	6.404135
19.86	-6.769532	-6.757704	1.562944	-7	0.1260355	0.1167755	14.0334	-8.680152	4.659582
19.88	-7.272233	-6.757704	-1.359604	-7	0.9949661	1.167091	-7.591748	13.47252	2.003594
19.9	-7.833839	-7.782049	-3.586373	-7	0.8046235	0.9874383	8.526965	11.09084	5.502886
19.92	-8.016832	-7.782049	-3.863626	-7	1.157057	1.120792	20.57399	8.098472	8.674048
19.94	-7.356898	-7.850338	0.3965716	-7	0.9761972	0.08754086	50.14184	-0.237405	10.06145
19.96	-7.328003	-7.782049	0.9781997	-7	1.445268	0.08093578	46.52643	9.457251	6.25324
19.98	-7.725388	-7.782049	-0.6998111	-7	2.278068	1.326153	26.23779	18.14427	6.146775
20	-7.73632	-7.850338	-0.1105028	-7	2.649281	2.020854	20.60555	18.46488	8.485903
20.02	-6.55835	-6.484545	5.838368	-7	3.297842	2.919227	1.040381	7.014503	8.287961
20.04	-6.357755	-6.825994	6.802179	-7	2.906698	2.599692	-16.8754	4.403816	1.421237
20.06	-6.214281	-6.825994	7.369878	-7	1.998161	1.950534	-21.74471	4.800763	-0.7660179
20.08	-5.595782	-5.460199	9.343863	-7	1.963561	2.617725	-51.68531	-2.954962	-2.673082
20.1	-7.466583	-7.167441	-0.6695056	-7	1.25212	2.721812	-71.85846	-19.33664	-6.478985
20.12	-6.478248	-6.074806	3.983682	-7	0.4115981	2.143702	-44.27687	-24.66488	3.51034
20.14	-6.549615	-6.143096	2.802845	-7	0.09144753	1.373612	-44.87842	-30.78702	-2.048566
20.16	-5.950478	-6.484545	5.523697	-7	-1.311721	-0.8122784	-5.495681	-16.1458	-1.369867
20.18	-7.567795	-6.484545	-3.891846	-7	-0.2063484	0.9054955	-43.62571	-5.306107	-4.915504
20.2	-6.678772	-6.416255	0.6349227	-7	-0.7336098	0.2683447	-3.54842	-9.779389	5.529169
20.22	-7.094175	-6.484545	-1.968351	-7	-0.1107907	0.4727263	-11.31689	-11.91679	1.024229
20.24	-5.607997	-6.484545	5.839814	-7	-1.244125	-1.790684	41.2504	2.9229	4.291214
20.26	-6.473447	-6.484545	0.6459552	-7	-0.4171589	-1.136271	12.20533	6.312213	-4.217003
20.28	-5.971142	-6.484545	3.151905	-7	-0.7125168	-1.371826	30.8168	10.58702	1.437118
20.3	-7.36572	-6.484545	-4.587252	-7	0.8534977	1.031554	-15.83849	-4.924428	-1.228555
20.32	-5.5192	-6.416255	5.518922	-7	-0.4053275	-0.928993	42.80977	-6.20687	7.68925
20.34	-6.494959	-6.416255	-0.03368962	-7	0.5398558	-0.1408052	4.566342	-1.672519	-3.250299
20.36	-5.477865	-6.416255	5.457263	-7	-0.3683419	-1.240781	36.99929	15.09084	2.719401
20.38	-6.92905	-6.484545	-2.541412	-7	0.8385986	0.5790328	-10.49815	1.151908	-3.503362
20.4	-5.62889	-6.484545	4.667871	-7	-0.2892582	-0.8409417	35.41807	-5.077099	5.287564
20.42	-6.469083	-6.484545	-0.02924269	-7	0.3938327	-0.2321439	6.718201	-5.168702	-2.612289
20.44	-4.624427	-6.484545	9.921198	-7	-1.474144	-3.152689	69.73115	6.251144	2.455174
20.46	-6.362543	-6.416255	0.005141035	-7	-0.1522324	-1.389615	9.803352	-2.848092	-8.91414
20.48	-4.943489	-6.484545	7.643796	-7	-1.628329	-3.100957	63.3156	-2.329008	1.623586
20.5	-6.092001	-6.484545	1.039333	-7	-0.8160101	-2.249336	28.17481	-10.26794	-6.993415
20.52	-4.79186	-6.416255	7.888027	-7	-2.017803	-3.905678	73.98847	-8.481679	0.07477283
20.54	-6.244937	-6.484545	-0.3528063	-7	-0.8416789	-2.35432	28.92422	-8.099999	-7.654513
20.56	-4.797046	-6.484545	7.445629	-7	-2.115473	-4.09558	81.92259	-5.779389	1.354156
20.58	-5.794592	-6.552835	1.735956	-7	-1.355782	-3.463643	52.20434	-9.962595	-7.243019
20.6	-4.105135	-6.416255	10.65658	-7	-2.838169	-5.758933	107.74	1.564122	-1.053355
20.62	-5.777164	-6.484545	1.12207	-7	-1.517862	-4.033627	53.21075	-10.1458	-11.16047
20.64	-4.163448	-6.484545	9.765844	-7	-3.014966	-5.972554	111.5611	-1.122901	-0.8911285
20.66	-5.864075	-6.416255	0.0984621	-7	-1.45441	-3.93518	53.44839	-16.40534	-10.55764
20.68	-3.496591	-6.074806	12.5977	-7	-3.181913	-6.384961	121.4092	1.594656	0.01850319
20.7	-6.951214	-7.50889	-5.691731	-7	-1.593579	-4.192411	51.83921	-12.80229	-14.06764
20.72	-5.413352	-7.4406	3.479004	-7	-2.920941	-5.72482	132.224	5.991603	6.30427
20.74	-5.639133	-5.869938	1.459963	-7	-0.5079578	-3.276806	73.9033	-12.20687	-2.671888
20.76	-5.20822	-7.167441	4.505525	-7	-1.299497	-4.347942	102.3638	11.65572	0.01286793
20.78	-6.456045	-6.825994	-2.003999	-7	0.2408249	-2.005219	53.63595	12.8771	-3.189463
20.8	-5.649982	-6.484545	2.694611	-7	0.3696176	-1.42852	61.21601	14.9229	4.352082
20.82	-7.281636	-7.850338	-4.835266	-7	0.760152	-0.8459095	42.07413	5.884732	-0.5282469
20.84	-5.096957	-6.074806	6.918188	-7	0.6001768	-1.158255	67.39929	3.609923	8.289918
20.86	-6.80578	-7.50889	-1.512044	-7	1.033737	-0.7330562	29.63817	14.57176	-4.501494
20.88	-6.658289	-7.50889	0.2191229	-7	0.5899624	-0.7193893	48.65102	5.274045	4.583933
20.9	-5.772275	-5.801648	4.42971	-7	1.645256	0.6337454	18.47655	21.25878	3.071921
20.92	-5.05251	-5.801648	7.903496	-7	1.30092	0.3837045	4.215635	-12.77176	-1.806229
20.94	-6.01456	-5.801648	2.268915	-7	1.688618	1.927763	-46.88905	24.17481	-6.82505
20.96	-7.21731	-7.4406	-3.187954	-7	0.3778884	1.197534	-28.592	-3.809924	-1.874326
20.98	-7.870815	-7.4406	-5.933496	-7	0.171563	1.05221	-10.76537	-5.794657	3.872197
21	-6.007317	-6.074806	3.75001	-7	-0.01505954	0.008516848	20.9843	-22.20687	7.666432
21.02	-5.982122	-6.074806	3.323394	-7	0.3770173	-0.0559492	-1.688308	3.457251	-2.66978
21.04	-7.075824	-7.50889	-1.907117	-7	-0.2453802	-0.4842844	4.461761	13.36565	-2.739215
21.06	-7.879278	-7.50889	-5.635083	-7	0.1458656	0.3413869	5.924273	11.39618	2.971348
21.08	-7.375896	-7.50889	-2.267305	-7	0.04740269	-0.282698	36.3592	-10.22214	7.936546
21.1	-7.40508	-7.50889	-1.953788	-7	0.5972901	-0.2509483	36.83264	0.6175566	5.247684
21.12	-6.960687	-7.50889	0.9269912	-7	0.6893558	-0.532625	47.30312	11.91527	5.689816
21.14	-7.352867	-7.50889	-0.796661	-7	1.417772	0.3689467	26.90924	16.15954	3.027227
21.16	-6.994708	-7.577179	1.682157	-7	1.284057	0.2538062	34.43769	17.51832	5.261186
21.18	-7.197226	-7.50889	0.9425741	-7	1.608413	0.699536	19.62677	5.594656	2.733245
21.2	-6.836276	-7.50889	3.254286	-7	1.258405	0.3296624	25.91679	5.823663	3.569199
21.22	-5.7108	-6.143096	8.500456	-7	1.470281	0.6327773	7.721446	-2.787023	0.8832941
21.24	-5.877037	-6.416255	7.024521	-7	1.13791	0.691629	-19.0292	2.678625	-5.794341
21.26	-7.454746	-7.782049	-0.9744874	-7	0.3137865	0.5787699	-24.5624	-5.580916	-5.611175
21.28	-8.200583	-7.782049	-4.510268	-7	0.2098366	1.039097	-14.04049	-12.51221	2.598854
21.3	-6.870202	-6.825994	2.399196	-7	0.05470413	0.2688565	14.45556	-28.86336	7.071974
21.32	-6.736105	-6.825994	2.707667	-7	0.3043976	-0.02041277	5.101924	-4.558015	-0.1140337
21.34	-7.58223	-7.782049	-1.453812	-7	0.1165804	-0.08470084	5.649357	10.57175	-0.655755
21.36	-8.075885	-7.782049	-3.693109	-7	0.4887432	0.5996629	7.648061	6.266411	4.054276
21.38	-6.354195	-6.484545	5.07716	-7	0.6249066	0.2694699	23.86235	-1.168702	7.264904
21.4	-6.057805	-6.416255	6.006944	-7	0.8180563	0.1288462	2.029366	3.121374	-2.233021
21.42	-5.758149	-6.074806	6.810015	-7	0.6452079	0.4418499	-16.4858	15.48779	-4.071911
21.44	-6.745961	-6.484545	1.069881	-7	0.650409	1.32522	-45.24223	-5.336641	-6.119588
21.46	-7.898167	-7.782049	-4.401757	-7	-0.2385993	0.8018557	-24.83726	-14.72595	-0.6884966
21.48	-8.373175	-7.782049	-6.357607	-7	-0.1796967	0.7322401	-2.843878	-24.1	5.532489
21.5	-6.453812	-6.552835	3.606948	-7	-0.247809	-0.4163822	32.93459	-9.351908	8.815345
21.52	-8.021637	-7.850338	-4.41739	-7	0.4946703	0.06697758	6.167574	5.365648	-1.567811
21.54	-7.753346	-7.850338	-2.293831	-7	0.4405944	0.1598508	30.60894	25.59465	7.680135
21.56	-6.637932	-6.484545	3.228609	-7	1.330004	0.7807814	19.50195	-5.061832	6.278737
21.58	-6.021743	-6.484545	6.152234	-7	1.311465	0.5876929	6.525884	21.8542	0.4154959
21.6	-6.612548	-6.484545	2.584557	-7	1.652911	1.740366	-31.33454	9.777861	-3.538868
21.62	-6.56853	-6.484545	2.635839	-7	1.188388	1.925047	-35.43983	2.892366	-0.5078773
21.64	-8.000776	-7.850338	-4.30652	-7	0.5346886	1.438671	-30.63843	-20.22214	-1.293837
21.66	-6.543171	-6.416255	3.165442	-7	0.1676414	0.7814395	-1.173548	-9.01603	6.358634
21.68	-6.835584	-6.825994	1.323759	-7	0.1865091	0.2763501	-9.745408	-14.9855	-1.723236
21.7	-6.601221	-6.416255	2.102988	-7	0.2723363	0.6340661	-14.27436	13.28931	0.01092625
21.72	-8.113087	-7.782049	-5.42954	-7	0.2375104	0.8571545	-19.10686	-11.15344	-1.115619
21.74	-8.466573	-7.782049	-6.628238	-7	0.5167122	1.370052	-2.111187	5.915267	7.516751
21.76	-8.047215	-7.850338	-3.649771	-7	0.6221391	0.7049804	25.93019	-6.512214	10.05243
21.78	-6.826375	-6.484545	2.483395	-7	1.628847	1.301019	15.56227	21.86946	7.997295
21.8	-5.752274	-6.143096	7.659173	-7	1.660382	1.051802	2.089388	22.55648	1.613688
21.82	-6.033727	-6.143096	5.518742	-7	1.699481	1.702159	-35.17568	23.45725	-4.951477
21.84	-6.255332	-6.211386	3.901249	-7	1.139239	1.974529	-49.25923	15.70152	-3.962575
21.86	-6.903382	-6.416255	0.144623	-7	0.7411253	2.198756	-59.73499	-12.1	-3.379353
21.88	-7.208012	-6.757704	-1.464167	-7	0.05220404	1.620071	-44.07265	-21.09236	0.01643085
21.9	-7.369678	-6.825994	-2.350806	7	-0.2275664	1.072957	-26.68033	-29.55038	2.123354
21.92	-7.389452	-7.167441	-2.26393	7	-0.5472771	0.1273966	1.034625	-17.74885	3.904312
21.94	-7.314623	-7.235731	-1.713971	7	-0.4708637	-0.4668398	22.71331	-8.939694	4.949795
21.96	-7.347456	-7.167441	-1.808621	7	0.1588288	-0.1775168	28.2176	4.770228	5.683844
21.98	-6.993158	-7.167441	0.2810618	7	0.5198624	-0.2229104	40.73807	12.51069	7.201012
22	-6.347134	-6.552835	3.479149	7	1.175625	0.1856635	35.83906	12.12901	6.19051
22.02	-6.311401	-6.757704	3.628046	7	1.435101	0.4141234	26.87142	20.05267	3.477828
22.04	-6.485669	-6.825994	2.754909	7	1.619106	0.8700775	18.84395	13.31985	3.748599
22.06	-6.677591	-6.825994	1.841628	7	1.852318	1.40504	12.76391	11.53359	5.175893
22.08	-6.492014	-6.825994	3.003519	7	1.769238	1.270383	20.15601	-0.5274814	6.793758
22.1	-6.473114	-6.757704	3.153442	7	1.897136	1.313155	19.29115	0.2969463	6.156605
22.12	-6.449426	-6.825994	3.391306	7	1.900971	1.262236	22.60292	3.457251	6.58878
22.14	-6.41125	-6.757704	3.637443	7	2.014213	1.337263	23.62492	5.335114	6.944176
22.16	-6.346913	-6.757704	4.032744	7	2.079156	1.333238	26.26894	4.419084	7.308589
22.18	-6.411888	-6.757704	3.731267	7	2.267134	1.530165	25.03157	3.503053	7.504576
22.2	-6.401739	-6.825994	3.919134	7	2.339134	1.556868	29.13086	6.541221	8.502515
22.22	-6.455608	-6.825994	3.755817	7	2.553779	1.73757	29.77621	3.228244	9.022353
22.24	-6.330749	-6.825994	4.578055	7	2.65045	1.713866	35.30154	6.800763	9.983809
22.26	-6.421122	-6.825994	4.224298	7	2.956558	2.00072	32.64671	6.602289	9.858994
22.28	-6.296755	-6.825994	5.071482	7	3.079773	2.066054	36.78571	8.846564	11.02909
22.3	-6.446374	-6.894283	4.477708	7	3.366874	2.355938	33.83193	6.938167	10.86738
22.32	-6.290094	-6.757704	5.468915	7	3.597414	2.613415	34.83458	12.31221	12.30851
22.34	-6.42546	-6.894283	4.993249	7	3.830704	2.848168	32.19934	10.46488	11.9865
22.36	-6.328353	-6.757704	5.690606	7	4.078144	3.167547	31.2591	12.23588	13.25822
22.38	-6.742083	-7.235731	3.999712	7	4.179376	3.257703	32.47952	7.869464	13.23487
22.4	-6.774045	-7.235731	4.350086	7	4.355732	3.39954	40.15877	11.77786	15.98406
22.42	-5.334731	-5.869938	11.55457	7	4.792246	3.598302	39.44187	8.846564	16.70179
22.44	-4.978714	-5.733358	12.81065	7	4.967444	3.752283	15.17117	14.55649	9.195441
22.46	-6.844688	-7.50889	3.527939	7	4.509902	3.920238	3.937504	14.05267	7.340669
22.48	-6.575704	-6.484545	5.025175	7	4.808392	4.856416	11.47696	0.2816787	17.7915
22.5	-4.54126	-5.050462	14.95137	7	4.792876	4.192493	22.40092	-14.60382	17.16013
22.52	-4.344626	-5.39191	15.12591	7	4.328098	3.276603	8.081888	6.739693	6.247177
22.54	-5.62192	-6.143096	7.973392	7	4.025534	3.719655	-9.344872	13.77786	5.151167
22.56	-6.662095	-6.416255	2.475944	7	4.173166	4.71295	-9.482319	-7.260305	12.73378
22.58	-5.131155	-5.39191	10.17882	7	3.918255	3.906249	25.92195	-19.94733	19.67032
22.6	-5.565515	-6.074806	7.646737	7	3.987808	3.235155	25.61736	-2.725954	12.03213
22.62	-4.837924	-5.460199	11.00666	7	4.009001	3.104889	37.81896	7.991602	15.35735
22.64	-4.486866	-4.777303	11.84724	7	4.697523	3.881531	16.77887	8.419084	12.18129
22.66	-4.561615	-5.118752	10.90007	7	4.608369	4.020103	10.56829	9.045037	11.31865
22.68	-4.355097	-4.504144	11.10517	7	4.901187	4.745867	-3.110628	-0.496947	12.30945
22.7	-3.524519	-4.094406	14.52603	7	4.498298	4.266427	1.139017	0.7854961	12.02559
22.72	-4.690139	-4.777303	7.715569	7	4.580091	4.752063	-20.27984	-0.5580158	7.830461
22.74	-4.312968	-4.504144	9.250936	7	4.158559	4.529703	0.353336	-1.031298	15.18998
22.76	-3.632396	-3.616378	11.7167	7	4.470501	4.615876	-3.220778	-10.0084	13.88902
22.78	-3.227075	-3.411509	12.7099	7	4.487873	4.589133	-10.27992	7.396183	11.25996
22.8	-2.43328	-3.001771	15.61887	7	3.973095	3.913143	-5.82291	2.648091	9.857357
22.82	-2.562297	-2.728612	13.39285	7	3.976038	4.219855	-26.21985	-0.939695	5.981058
22.84	-2.283921	-2.387164	13.37222	7	3.650923	4.308331	-29.77669	-5.168702	7.642714
22.86	-1.974968	-2.318874	13.60282	7	2.968734	3.501523	-20.85724	-19.97786	6.986121
22.88	-1.517731	-1.977426	14.43193	7	2.349554	2.610998	-10.22702	-12.16107	6.085101
22.9	-0.4689543	-0.6799221	17.574	7	2.335254	2.58691	-18.3689	-14.86336	4.542616
22.92	-0.5734845	-0.6799221	14.7824	7	2.204434	2.779583	-38.41761	-8.267939	0.0646677
22.94	-0.1723999	-0.4067631	14.85168	7	1.523207	2.338976	-32.47598	-13.56565	1.921308
22.96	-0.6043128	-0.4067631	10.60779	7	1.375537	2.440447	-39.97768	-12.83282	0.8128605
22.98	0.7444134	0.6858721	15.46058	7	0.9055023	1.805838	-21.49951	-23.3061	4.83216
23	0.7034076	0.6858721	12.96215	7	0.7816234	1.454936	-31.08809	-21.42824	-1.219258
23.02	0.6858937	0.6175833	10.98791	7	0.3541915	1.136217	-22.78407	-17.06183	0.5970469
23.04	1.493393	1.915086	12.72988	7	0.7447128	1.707374	-30.45967	-6.069466	2.217261
23.06	2.183795	1.915086	14.21088	7	0.1740737	0.7628177	-20.92335	-16.90916	-0.3095341
23.08	1.808537	1.915086	10.1331	7	0.1414702	0.8898643	-31.68133	-6.756488	-2.918744
23.1	1.648774	1.915086	7.594614	7	0.02559426	1.046291	-25.57284	-4.267939	0.7961006
23.12	3.143164	3.21259	13.25502	7	-0.04869533	0.6140732	-11.01326	-9.01603	3.365209
23.14	3.262912	3.21259	11.6947	7	-0.02921459	0.3678924	-23.22817	-8.985496	-3.377531
23.16	3.831911	3.485749	12.68282	7	-0.5860823	-0.2193245	-14.49586	2.281679	-2.624205
23.18	3.282245	3.554038	7.777391	7	-0.3465112	0.3853182	-32.33296	0.4343505	-4.685424
23.2	4.111339	3.895488	10.45074	7	-0.9798713	-0.395972	-7.893676	-13.64198	0.0230341
23.22	5.359286	5.19299	14.47581	7	-0.9540124	-0.7830868	-11.12446	-9.290839	-3.429633
23.24	5.935214	5.466149	14.95215	7	-1.355913	-1.284674	-21.12894	-10.20687	-8.97713
23.26	5.754886	5.807599	11.39684	7	-1.41659	-0.6993874	-45.11729	-1.519848	-11.17422
23.28	4.478222	4.783254	3.140905	7	-1.869751	-0.5048798	-46.28569	-8.145801	-8.848611
23.3	5.99944	6.353915	9.072769	7	-2.107879	-0.8746435	-19.45798	-17.50458	-0.3761768
23.32	5.612785	5.875888	5.214604	7	-2.034852	-1.274122	-25.11216	-29.77939	-7.256322
23.34	6.282286	6.080756	7.220774	7	-2.582011	-2.170176	1.455757	-24.9855	-3.541383
23.36	6.406653	6.695365	5.92115	7	-2.03463	-1.712781	-10.59671	7.457252	-6.077771
23.38	6.218394	6.149047	3.741353	7	-2.226625	-1.968618	-0.8912653	1.915267	-5.063643
23.4	7.527029	7.65142	8.682552	7	-1.847706	-1.694205	-0.02817535	1.090839	-2.849031
23.42	7.756435	7.924579	7.862926	7	-1.430169	-1.15413	-25.87457	2.373282	-8.7859
23.44	8.654167	8.539186	10.55725	7	-1.802485	-1.266116	-31.59037	0.8923659	-8.997618
23.46	7.255169	7.309972	1.970452	7	-2.319637	-1.439229	-43.97252	0.2053428	-13.47199
23.48	7.673938	7.924579	2.962983	7	-2.801981	-1.69564	-21.37739	-3.641985	-5.049313
23.5	7.914772	8.402606	2.707928	7	-2.548534	-1.681959	-22.50723	-8.237404	-6.423444
23.52	7.776455	8.129447	0.8802676	7	-2.533617	-1.749959	-18.75196	-13.64198	-6.46622
23.54	7.994171	8.129447	1.155844	7	-2.699326	-2.204699	-2.999021	-13.48931	-4.64885
23.56	8.787569	8.744054	4.150773	7	-2.685698	-2.658185	6.976877	-10.2374	-4.969251
23.58	9.032192	8.744054	4.291642	7	-2.772225	-3.081126	6.79809	-0.3442752	-8.542876
23.6	8.726983	8.744054	1.627149	7	-2.562346	-2.606923	-4.331088	17.30458	-9.287004
23.62	8.663111	8.744054	0.5086522	7	-2.524789	-2.344321	-2.941155	14.49542	-6.809072
23.64	8.652138	9.017213	-0.3768592	7	-2.135084	-1.772117	-9.379581	2.022137	-5.776722
23.66	7.904613	8.129447	-4.360343	7	-2.155661	-1.776872	-3.252158	-3.977863	-4.900616
23.68	8.055088	8.197738	-3.481011	7	-2.123755	-2.018763	18.18032	-4.787023	-0.1994162
23.7	8.106327	8.129447	-3.113462	7	-1.800666	-2.204411	28.53654	-4.145802	-0.4658871
23.72	8.707365	8.470897	-0.008672357	7	-1.504648	-2.330903	36.75339	12.38855	-0.1915846
23.74	8.680695	8.470897	-0.2778699	7	-1.02544	-1.929898	24.8347	25.18244	-3.235157
23.76	8.040937	7.924579	-3.31928	7	-0.7561443	-1.338372	16.25407	19.54885	-2.901046
23.78	8.079885	8.129447	-2.785475	7	-0.4378738	-0.7787541	16.32666	14.86183	0.6782312
23.8	8.351208	8.266026	-1.102641	7	-0.2390925	-0.6864306	15.98797	3.808396	0.4978991
23.82	9.428821	9.017213	4.317401	7	-0.300694	-0.9942164	15.20039	0.861832	-1.181567
23.84	7.894208	7.583131	-3.337711	7	-0.473432	-0.9257437	-4.059729	11.35038	-7.668201
23.86	7.561776	7.583131	-4.448205	7	-0.6430665	-0.5931121	8.134497	3.51832	0.401453
23.88	7.426971	7.583131	-4.590967	7	-0.4054159	-0.5127712	15.10031	-4.725955	2.103107
23.9	8.691044	8.470897	2.089891	7	-0.3057928	-0.888377	26.1538	-3.122901	2.947546
23.92	8.806145	8.470897	2.462683	7	-0.1262416	-0.8883392	7.17272	11.93053	-4.288241
23.94	7.083758	6.968522	-5.867694	7	-0.2878415	-0.4479961	-5.268673	12.78549	-5.296721
23.96	6.785744	6.968522	-6.487272	7	-0.3375609	-0.1754936	14.14719	1.62519	3.927041
23.98	7.456809	7.65142	-2.529909	7	0.1254071	-0.1216284	22.95144	-6.924428	5.575758
24	7.798214	7.583131	-0.36125	7	0.3149055	-0.3672727	22.09298	-15.36718	1.974408
24.02	8.445309	7.583131	3.368579	7	-0.2052985	-1.364361	33.45538	-0.5274814	-0.2285614
24.04	7.921157	7.583131	0.5913501	7	0.06299368	-0.8129135	9.414536	29.21298	-4.636136
24.06	7.717972	7.583131	-0.339161	7	0.07597083	-0.2074266	0.8062453	17.88473	-1.994187
24.08	7.397547	7.583131	-1.886647	7	0.2671385	0.4022229	-10.2871	1.243511	-1.174541
24.1	8.163407	8.197738	1.998657	7	0.1596853	0.3460253	-8.099703	-12.58855	0.477438
24.12	8.253687	8.129447	2.213417	7	-0.09722678	-0.00447539	-16.69971	-17.88626	-4.117723
24.14	9.25592	8.812345	6.798384	7	-0.7893268	-0.7983567	-12.45609	-0.1458019	-5.069945
24.16	7.582328	7.856288	-2.410768	7	-0.77607	-0.1576878	-44.86059	7.991602	-11.27534
24.18	7.515265	7.924579	-2.773199	7	-1.241475	-0.05161862	-27.71153	-1.855725	-1.938874
24.2	7.288412	7.924579	-4.0695	7	-1.119265	-0.0914941	-22.89511	-14.74122	-1.485997
24.22	7.677947	7.924579	-1.998546	7	-1.318472	-0.7365875	-3.223501	-21.0313	0.2488728
24.24	7.821527	7.924579	-1.34078	7	-1.283704	-1.171982	3.55512	-23.35191	-1.70778
24.26	8.210372	7.924579	0.6294894	7	-1.535546	-1.868269	16.70731	-14.28321	-2.262465
24.28	7.983159	7.856288	-0.7375675	7	-1.369371	-1.791043	11.25923	19.65572	-4.431839
24.3	8.340831	8.266026	0.8249917	7	-1.204427	-1.509808	9.362158	17.65572	-2.958
24.32	7.329423	7.378261	-4.270083	7	-1.069578	-1.182646	0.5753874	6.006869	-4.793655
24.34	7.232273	7.309972	-4.295211	7	-1.068828	-1.086327	15.66716	-6.176336	0.9767771
24.36	8.138962	8.197738	0.3533755	7	-0.6616463	-1.017509	19.56119	-11.56565	1.674126
24.38	8.761809	8.197738	3.453547	7	-0.8617483	-1.716538	20.51888	-3.000764	-3.165055
24.4	9.663305	9.290372	7.171197	7	-0.7107017	-1.384255	-1.936296	20.52595	-7.035064
24.42	7.647853	7.583131	-3.429503	7	-0.9298392	-0.7826915	-31.87144	13.71679	-12.34134
24.44	7.163937	7.583131	-5.597943	7	-1.198593	-0.2688003	-17.61079	1.41145	-1.438645
24.46	7.173022	7.65142	-5.22375	7	-1.094758	-0.4484742	-2.572837	-14.51221	1.357117
24.48	7.995615	8.129447	-0.8732314	7	-0.9928036	-0.9367934	11.71716	-22.32901	1.652949
24.5	8.432076	8.129447	1.311242	7	-1.08553	-1.588344	14.55329	-17.35191	-2.777445
24.52	9.572264	9.017213	6.566798	7	-1.288437	-2.030584	11.86758	24.49542	-5.381542
24.54	7.66104	7.583131	-3.556726	7	-1.247071	-1.398867	-19.56346	25.10611	-12.07964
24.56	7.035189	7.583131	-6.51597	7	-1.135668	-0.3470049	-14.4803	3.487786	-1.513551
24.58	7.021469	7.583131	-6.145633	7	-0.8917447	-0.2554489	-1.19158	-12.95496	2.290997
24.6	8.920024	9.017213	3.410163	7	-0.6889669	-0.7278329	11.15402	-22.45115	2.733994
24.62	8.537902	8.129447	1.239886	7	-0.9324006	-1.421533	-2.684109	-21.19924	-7.817248
24.64	9.616213	9.153792	6.184628	7	-1.378088	-1.70042	-1.735173	24.9687	-6.166859
24.66	7.290464	7.65142	-6.127064	7	-1.142086	-0.66439	-39.92876	29.22824	-12.65076
24.68	6.614007	7.583131	-9.182302	7	-0.993246	0.5019826	-29.45643	-0.06946601	0.425168
24.7	8.679138	9.017213	1.446935	7	-1.110177	-0.4426487	1.793352	-33.99313	4.63601
24.72	7.504547	7.309972	-4.315325	7	-1.426817	-1.571809	-0.7865896	-38.97023	-6.790468
24.74	7.522651	7.241681	-3.615517	7	-1.870884	-2.154569	26.84437	-10.58855	-0.4824247
24.76	8.192451	8.197738	-0.2949897	7	-1.320043	-1.92655	26.02533	23.9458	-0.6566181
24.78	7.534602	7.583131	-3.591624	7	-0.831337	-1.303836	9.565907	13.27404	-4.002137
24.8	7.857804	7.583131	-1.48133	7	-1.006351	-1.486296	22.92044	4.785496	-0.1902752
24.82	8.297426	8.402606	0.5256863	7	-0.3973079	-0.8042892	5.318783	9.396182	-2.243065
24.84	7.050519	7.036813	-5.411039	7	-0.4549708	-0.537881	-5.180834	9.136641	-4.616362
24.86	6.995454	7.036813	-4.9105	7	-0.6322142	-0.5838132	12.85284	3.854198	2.002839
24.88	6.950389	7.036813	-4.510988	7	-0.3825589	-0.6502559	19.1977	-0.5427486	2.116385
24.9	7.177296	6.968522	-2.657328	7	-0.317731	-0.950244	29.37042	8.770228	2.373119
24.92	7.07196	6.968522	-2.705843	7	0.07474104	-0.6383173	22.86426	13.67099	0.8860254
24.94	7.206499	6.968522	-1.462055	7	0.2048291	-0.4927695	22.17166	14.06794	1.335187
24.96	7.09519	7.036813	-1.66078	7	0.5324493	0.01980324	9.813169	13.33511	0.212718
24.98	7.113686	6.968522	-1.099864	7	0.5208058	0.1791003	6.104532	8.693892	0.524889
25	8.619547	8.539186	6.221324	7	0.714468	0.4778819	-6.876168	3.151908	-0.09299946
25.02	7.869467	7.583131	2.079021	7	0.2708396	0.2954392	-33.10268	-0.4206111	-8.98294
25.04	7.673187	7.65142	0.9011282	7	-0.397694	0.2853225	-34.863	0.1595417	-5.691913
25.06	7.80948	8.129447	1.084005	7	-0.6734651	0.2948956	-40.22226	-1.703054	-5.210063
25.08	7.639017	8.129447	-0.3598285	7	-0.8865948	0.3363057	-47.6756	-8.817557	-6.120976
25.1	6.781164	7.309972	-4.82757	7	-1.321263	0.07203622	-41.76485	-20.35954	-5.165048
25.12	7.388046	7.856288	-1.821942	7	-1.619995	-0.4984446	-18.38885	-25.32137	-0.296979
25.14	7.625533	7.856288	-0.9063337	7	-1.719214	-1.199843	-9.922952	-25.85572	-3.376607
25.16	8.084174	7.924579	1.143076	7	-2.070636	-2.025892	3.519772	-7.50458	-4.395901
25.18	7.731744	7.924579	-1.218207	7	-1.788687	-1.676734	-8.377878	12.66336	-6.854493
25.2	7.680658	7.856288	-1.732821	7	-1.777757	-1.487219	-5.636352	5.884732	-4.438402
25.22	7.543353	7.856288	-2.65893	7	-1.568942	-1.228865	-7.174287	-2.038932	-3.856678
25.24	8.699926	8.744054	2.796633	7	-1.569185	-1.458087	-0.6675714	-6.664886	-2.707714
25.26	9.79118	9.63182	7.21124	7	-1.575001	-1.666806	-17.45782	-9.580915	-9.035158
25.28	8.385951	8.129447	-0.5995984	7	-2.256574	-1.966191	-34.00451	-0.6038173	-15.23734
25.3	6.917804	7.309972	-8.031462	7	-2.665035	-1.647084	-23.89687	2.632824	-7.774815
25.32	6.584502	7.309972	-9.313914	7	-2.48577	-1.547105	2.583635	-5.535115	0.7456274
25.34	6.577613	7.241681	-8.796679	7	-1.836718	-1.50541	21.46461	-14.34427	3.47809
25.36	7.291794	7.309972	-4.435544	7	-1.483717	-2.059128	45.45918	-20.60382	4.439473
25.38	7.594873	7.241681	-2.354694	7	-1.055991	-2.330944	49.53624	-10.97023	0.8284016
25.4	9.848196	9.017213	8.856762	7	-0.828042	-2.577091	48.30972	27.50305	-0.7997723
25.42	8.151824	7.583131	-0.2037134	7	-0.5713737	-1.815661	-2.247711	29.77786	-13.78232
25.44	7.303719	6.968522	-3.9801	7	-1.131822	-1.34397	4.11291	26.64809	-4.876637
25.46	6.488965	6.968522	-7.676292	7	-0.662292	-0.4056182	-0.9917727	18.58702	-0.7145634
25.48	6.554557	6.968522	-6.553607	7	-0.3410427	-0.1149617	11.03265	-0.6801532	4.101469
25.5	7.007508	6.968522	-3.43309	7	-0.2504719	-0.6208597	25.53	-14.90916	3.860602
25.52	7.280121	6.968522	-1.443158	7	-0.153642	-0.9790742	28.47689	-12.64962	1.126057
25.54	7.135458	7.036813	-1.841489	7	0.247818	-0.4225191	13.87668	28.29694	-0.7634459
25.56	7.186856	6.968522	-1.102933	7	0.2297668	-0.2561103	10.536	25.88473	-0.2256985
25.58	6.88095	7.036813	-2.408555	7	0.5652191	0.4686736	-6.57564	10.58702	-1.043134
25.6	6.826161	6.968522	-2.263175	7	0.5461236	0.754006	-10.5201	-2.924428	0.3672018
25.62	7.620004	7.583131	1.917675	7	0.3438603	0.4704022	-9.331177	-9.794657	0.2093897
25.64	7.90222	7.583131	3.209357	7	-0.1492686	-0.194909	-14.96801	-4.313741	-4.79015
25.66	7.512528	7.583131	0.8042038	7	-0.3443744	0.07348032	-32.81177	3.838931	-7.102679
25.68	8.064401	8.197738	3.072469	7	-0.7526754	0.01339348	-35.11541	-3.626718	-5.296608
25.7	7.06558	7.309972	-2.376797	7	-1.222302	-0.2504972	-42.79718	-9.260305	-8.689133
25.72	6.965442	7.309972	-2.939885	7	-1.727822	-0.6304172	-24.57296	-17.44351	-3.281473
25.74	8.372387	8.744054	3.460152	7	-1.656326	-0.9420115	-17.88031	-23.00076	-2.596926
25.76	7.746213	7.856288	-0.4056412	7	-1.88695	-1.36984	-29.0538	-25.84046	-10.04459
25.78	7.991367	7.856288	0.5224722	7	-2.607943	-2.148006	-9.120712	-14.97023	-6.465634
25.8	7.739449	7.924579	-1.372201	7	-2.588607	-2.242466	-10.20865	2.419084	-7.824446
25.82	8.492971	8.744054	1.660097	7	-2.424365	-2.055369	-9.437202	-2.191603	-5.895381
25.84	7.00912	7.309972	-6.178188	7	-2.404698	-1.91416	-18.29825	-4.145802	-9.553684
25.86	6.954219	7.309972	-6.156895	7	-2.482716	-1.930253	7.391079	-5.748855	-0.8461885
25.88	6.941418	7.309972	-5.968097	7	-2.025733	-1.977214	19.41946	-8.31374	0.01072979
25.9	9.112523	9.017213	4.736749	7	-1.603667	-2.213251	29.16093	-7.412977	0.790555
25.92	7.9966	7.583131	-1.227245	7	-1.557956	-2.37406	3.998842	17.19771	-11.03301
25.94	7.035881	6.968522	-5.742929	7	-1.707762	-1.842726	7.210597	29.59465	-5.046126
25.96	6.618142	7.105102	-7.430905	7	-1.154699	-0.991478	9.000795	13.10611	0.2678776
25.98	6.739424	7.036813	-6.103827	7	-0.7614056	-0.826606	19.93216	-3.550382	3.06794
26	7.129665	6.968522	-3.343055	7	-0.6380533	-1.276533	33.04381	-9.351908	2.597268
26.02	8.390345	7.856288	3.296309	7	-0.530627	-1.705356	35.92226	14.23588	0.2504196
26.04	7.309061	7.241681	-2.308129	7	0.03991161	-0.6559439	-3.474303	33.91526	-7.199022
26.06	7.371031	7.309972	-1.596847	7	-0.1447285	-0.1642621	-3.305676	19.18244	-1.433357
26.08	6.90489	7.241681	-3.766938	7	0.1004157	0.4222571	-17.80933	-3.214504	-2.322102
26.1	7.300876	7.309972	-1.308299	7	-0.2753775	0.01743115	-6.506678	-12.83282	0.05890274
26.12	7.906753	7.856288	1.694987	7	-0.4171326	-0.3621138	-9.062513	-18.86336	-2.675364
26.14	7.46751	6.968522	-0.3459537	7	-1.217915	-1.40328	-2.586977	3.045038	-6.459563
26.16	6.457444	6.968522	-5.57438	7	-0.7912251	-0.3106646	-19.84323	16.9229	-4.703335
26.18	6.576376	7.036813	-4.601969	7	-0.7391348	-0.06462338	-7.976532	5.029771	1.239764
26.2	6.631707	6.968522	-3.984255	7	-0.585556	-0.2309702	-2.103866	-8.283206	0.7151566
26.22	6.989475	7.036813	-1.829206	7	-0.6107969	-0.6039624	6.698576	-14.86336	0.5005465
26.24	8.870852	8.470897	7.355281	7	-0.7573925	-1.284408	10.8869	-5.99313	-1.608774
26.26	7.032671	7.105102	-2.558829	7	-0.5286024	-0.5275315	-33.71663	19.10611	-12.4884
26.28	6.767558	6.968522	-3.620459	7	-1.050077	-0.250082	-19.49125	11.02977	-2.435065
26.3	8.016231	8.402606	2.277884	7	-0.8940576	-0.2774934	-17.6421	0.2358772	-1.190084
26.32	7.306428	7.583131	-1.752937	7	-0.9556279	-0.3263169	-34.80198	-9.687786	-7.999454
26.34	7.33548	7.583131	-1.696978	7	-1.387865	-0.5210932	-25.17905	-18.0084	-4.130599
26.36	7.459719	7.65142	-1.253793	7	-1.681591	-1.053604	-16.57827	-18.69542	-4.396496
26.38	9.078055	9.085504	6.120341	7	-1.824976	-1.541723	-12.87114	-8.52748	-5.033285
26.4	9.011871	9.017213	4.462986	7	-1.952814	-1.588092	-40.51247	-1.260306	-14.00831
26.42	10.08908	10.17814	8.292732	7	-2.422772	-1.488666	-54.63628	0.3885489	-13.70611
26.44	7.096504	7.583131	-7.74596	7	-3.133306	-1.447065	-76.44084	-2.710687	-19.85231
26.46	6.60699	7.583131	-10.06775	7	-3.71726	-1.516859	-33.33744	-8.52748	-3.067864
26.48	6.502782	7.65142	-10.46336	7	-3.232558	-1.801142	-6.02906	-20.48168	0.491991
26.5	8.492307	9.085504	-0.5967169	7	-2.611343	-2.225582	17.27866	-36.06946	2.45951
26.52	7.555264	7.309972	-5.185391	7	-2.692938	-3.227531	19.6179	-32.60382	-7.668394
26.54	8.11658	7.583131	-1.89542	7	-2.982012	-3.903828	48.38795	13.79313	-2.313592
26.56	7.186381	6.968522	-6.334516	7	-2.435485	-3.591763	42.46078	26.08321	-5.367579
26.58	7.974644	7.856288	-2.048618	7	-1.764361	-2.830858	46.88892	14.41908	0.2850323
26.6	7.481339	7.241681	-4.182452	7	-1.221659	-2.377194	33.85285	7.533587	-3.731113
26.62	9.10491	8.402606	4.280063	7	-1.272177	-2.620709	43.30336	17.45725	-0.9718428
26.64	7.957584	7.583131	-1.718348	7	-0.9105233	-1.98483	6.070176	18.06794	-10.52384
26.66	7.353529	7.036813	-4.197521	7	-1.283866	-1.677616	11.17663	8.571755	-4.503428
26.68	6.773557	7.036813	-6.646783	7	-0.9079193	-0.9760556	6.871296	5.075572	-1.662512
26.7	7.134593	7.036813	-4.007171	7	-0.9849867	-1.319374	24.73681	-7.183969	1.640853
26.72	9.516895	9.017213	7.84972	7	-0.8737469	-1.888776	27.70159	-6.298473	-0.6178226
26.74	7.727884	7.241681	-1.54489	7	-0.9635044	-1.743665	-12.82002	18.46488	-14.32994
26.76	7.293556	7.309972	-3.510262	7	-1.288718	-1.035681	-10.14931	15.28931	-5.018338
26.78	6.82988	7.241681	-5.636901	7	-1.131076	-0.6434685	-11.64048	3.13664	-2.928447
26.8	7.072999	7.309972	-3.987318	7	-1.169159	-0.8431727	0.9713707	-8.130534	-0.2470903
26.82	7.287943	7.309972	-2.590765	7	-1.181591	-1.253838	7.755249	-7.993129	-1.631915
26.84	7.336303	7.378261	-2.209041	7	-1.025578	-1.190736	4.419339	7.9	-2.937175
26.86	8.081799	8.129447	1.371119	7	-0.8324128	-0.9343517	-3.283523	3.319847	-3.280804
26.88	8.177833	8.197738	1.417819	7	-0.8324323	-0.7298789	-22.32739	1.197709	-7.59224
26.9	8.230529	8.197738	1.29313	7	-1.281211	-0.8387561	-29.91225	-1.718321	-8.48483
26.92	7.02734	7.309972	-4.947137	7	-1.665088	-0.7917022	-36.84546	-6.222137	-9.274736
26.94	6.859228	7.309972	-5.571923	7	-1.987781	-0.9647096	-17.79133	-12.80229	-2.737427
26.96	6.837825	7.241681	-5.445437	7	-1.980514	-1.389885	-2.266755	-21.00076	-1.643847
26.98	7.323158	7.378261	-2.741494	7	-2.014841	-2.025364	15.58522	-15.67252	-1.173282
27	7.101029	7.241681	-3.822982	7	-1.621253	-1.860031	10.87217	17.9458	-3.6767
27.02	6.624708	6.695365	-5.782234	7	-1.46173	-1.675586	15.28811	10.77023	-2.132298
27.04	6.725407	6.763654	-4.694361	7	-1.221473	-1.594358	25.28646	8.037404	0.6464882
27.06	6.455552	6.627074	-5.547963	7	-0.6448089	-1.084059	20.31791	9.625189	0.2045641
27.08	6.900795	6.763654	-2.615978	7	-0.4659199	-1.084599	27.71029	10.12901	1.874388
27.1	6.720048	6.695365	-3.105561	7	-0.02066974	-0.6345371	14.85548	11.44198	-0.8322678
27.12	6.96563	6.763654	-1.326231	7	-0.001915246	-0.5191374	13.81735	9.854197	-0.03372765
27.14	6.886345	6.695365	-1.345328	7	0.006168365	-0.4451218	6.167233	4.052671	-1.91345
27.16	7.025549	6.763654	-0.2962922	7	-0.1965981	-0.5571247	4.929684	4.800763	-1.990808
27.18	6.749789	6.763654	-1.575803	7	-0.1228358	-0.209414	-7.662783	-0.6801532	-3.346113
27.2	6.77191	6.695365	-1.188654	7	-0.399198	-0.3345127	-5.329968	-1.016031	-2.145964
27.22	8.190697	8.197738	5.501015	7	-0.3421304	-0.278958	-13.40813	-4.69542	-2.711587
27.24	7.380986	7.241681	0.8876812	7	-0.7626829	-0.4991674	-35.92232	-3.367176	-10.91109
27.26	7.181923	7.309972	-0.4188951	7	-1.333431	-0.4924882	-34.31494	-2.787023	-6.969864
27.28	6.867219	7.309972	-2.384644	7	-1.536436	-0.4922321	-35.17309	-4.863359	-6.144296
27.3	6.793288	7.309972	-3.007935	7	-1.679296	-0.5957148	-28.85152	-10.03893	-4.247166
27.32	6.880679	7.309972	-2.748595	7	-1.793657	-0.9209255	-19.58978	-20.46641	-3.555451
27.34	7.039043	7.309972	-2.112639	7	-1.898592	-1.336433	-10.34834	-26.35954	-3.738108
27.36	7.556603	7.309972	0.4312189	7	-2.381611	-2.420049	9.349056	-5.718321	-4.347562
27.38	6.408001	6.763654	-5.68379	7	-1.904034	-1.772214	-6.558567	13.04504	-7.225511
27.4	7.40743	7.583131	-0.6268765	7	-1.818808	-1.660497	10.07287	2.052671	-0.2191343
27.42	6.948668	7.036813	-3.07216	7	-1.583286	-1.714307	1.950499	2.296946	-5.459817
27.44	6.158817	6.012467	-6.446434	7	-1.886942	-2.079039	19.03211	-2.619084	-2.675238
27.46	5.965267	6.080756	-6.75391	7	-1.530694	-1.920874	34.00251	9.090838	1.739106
27.48	7.242265	7.241681	-0.03908074	7	-0.8338683	-1.652969	38.90415	0.5106864	3.272313
27.5	6.721896	6.422206	-2.398415	7	-0.4832888	-1.493793	22.99877	9.411448	-3.511475
27.52	7.045011	6.695365	-0.3602014	7	-0.4541539	-1.243625	23.52122	18.48015	-0.8032484
27.54	6.872654	6.695365	-1.06538	7	-0.2266176	-0.8429401	9.661297	15.10611	-2.972725
27.56	5.796748	5.739308	-5.887554	7	-0.2624419	-0.4975539	4.988312	-0.8022904	-2.297989
27.58	5.55757	5.53444	-6.080761	7	-0.3475513	-0.5588242	22.93543	1.274045	3.38141
27.6	5.744382	5.739308	-4.29629	7	-0.001887247	-0.5695208	31.73271	-1.932061	4.538208
27.62	7.110353	6.831944	2.929789	7	0.3796448	-0.5799597	31.03682	7.609923	3.494729
27.64	6.043634	5.739308	-2.202282	7	0.5615304	-0.2347744	4.671937	16.98397	-4.388483
27.66	6.026232	5.739308	-1.614669	7	0.2603847	-0.1014747	11.8365	17.38091	1.027428
27.68	6.522117	6.695365	0.8751112	7	0.7338998	0.600309	-4.561099	7.533587	0.5376129
27.7	8.393687	8.129447	9.744973	7	0.5821987	0.4353145	-17.16883	-7.855724	-2.369243
27.72	6.728719	6.353915	0.8262554	7	-0.2144598	0.02184196	-46.83868	-5.916794	-13.52958
27.74	7.021369	7.309972	1.80451	7	-0.7491481	0.4288595	-45.7107	1.289312	-5.208393
27.76	5.508222	6.149047	-6.104509	7	-1.046773	0.4473943	-52.43321	-9.306107	-7.082725
27.78	5.404273	6.149047	-6.33094	7	-1.34437	0.207885	-24.75745	-21.64198	1.510757
27.8	6.448991	6.968522	-1.092281	7	-1.217824	-0.4289389	-4.82729	-29.82519	2.534708
27.82	7.048986	6.968522	1.685269	7	-1.358169	-1.35731	2.418519	-20.54275	-2.74577
27.84	5.87815	6.012467	-4.378739	7	-1.26122	-1.148648	-7.63784	21.44198	-5.982836
27.86	7.151477	7.241681	1.924052	7	-1.237431	-1.110739	7.771981	12.23588	0.8197899
27.88	6.153181	6.422206	-3.449612	7	-0.8443153	-0.7293977	-13.33229	-1.99313	-6.019175
27.9	6.328894	6.422206	-2.308537	7	-1.050541	-0.7692815	2.026069	-8.237404	-0.1377707
27.92	6.133698	6.353915	-3.202193	7	-0.8197203	-0.71629	2.109995	-2.466412	-1.061615
27.94	7.456698	7.378261	3.346415	7	-0.7721351	-0.9583866	9.813449	-2.267939	0.2984209
27.96	6.626361	6.695365	-1.245702	7	-0.5267268	-0.5943911	-15.61726	6.449617	-7.069051
27.98	6.779632	6.695365	-0.3772863	7	-0.947657	-0.7273685	-5.300376	4.205343	-2.443807
28	6.417248	6.695365	-2.379143	7	-0.77352	-0.4411761	-13.35656	-0.03893165	-3.529851
28.02	6.74131	6.831944	-0.7071705	7	-0.9415349	-0.6472595	-4.413674	-9.367175	-1.323344
28.04	7.382654	7.309972	2.248606	7	-1.050702	-1.04628	-2.583441	-2.054199	-3.131425
28.06	7.362257	7.309972	1.621629	7	-1.119494	-1.07239	-13.91857	-0.1000004	-6.744639
28.08	6.265865	6.353915	-4.007378	7	-1.396805	-0.9975358	-16.84266	-0.1000004	-6.676704
28.1	6.136918	6.422206	-4.433028	7	-1.493201	-0.9893079	-0.2934051	-6.267939	-0.5456047
28.12	6.233139	6.490495	-3.744684	7	-1.272665	-1.134094	10.5866	-12.42061	0.5080223
28.14	6.687546	6.422206	-1.094168	7	-1.402618	-1.900682	29.40951	3.106106	0.414959
28.16	7.238515	7.241681	1.361062	7	-0.7639516	-1.379158	15.66866	16.63282	-2.038583
28.18	6.79854	6.695365	-0.9765529	7	-0.6014327	-0.9666001	0.8895705	11.54885	-4.776997
28.2	6.646105	6.695365	-1.678442	7	-0.564826	-0.5558032	-2.66123	5.51832	-2.409239
28.22	6.724046	6.695365	-1.136195	7	-0.6786974	-0.6781648	1.010451	-5.718321	-1.633631
28.24	6.806768	6.695365	-0.6233453	7	-0.8063374	-0.937286	4.149943	0.2664119	-2.201812
28.26	6.718938	6.763654	-1.119606	7	-0.6941617	-0.7494987	-1.118204	-0.1305347	-2.791535
28.28	6.697195	6.695365	-1.17432	7	-0.745569	-0.7428222	-0.398964	0.4801525	-2.276429
28.3	6.767509	6.763654	-0.8018427	7	-0.7744757	-0.7905689	0.3265494	-0.2679393	-2.214268
28.32	6.637833	6.695365	-1.466156	7	-0.7325261	-0.7031188	-2.378321	0.06793861	-2.640147
28.34	6.609749	6.627074	-1.515318	7	-0.7943617	-0.7565314	0.4990947	0.02213707	-1.902719
28.36	6.715861	6.763654	-0.9677117	7	-0.7459723	-0.7446272	0.8981223	-0.08473319	-1.769608
28.38	6.716239	6.695365	-0.9410784	7	-0.7738694	-0.8247995	1.186864	0.08320579	-2.325153
28.4	6.71472	6.695365	-0.9340913	7	-0.793834	-0.8488278	1.396542	-0.03893165	-2.357983
28.42	6.682128	6.695365	-1.099264	7	-0.7742229	-0.8062726	0.5473759	-0.0236649	-2.365581
28.44	6.765986	6.763654	-0.6827871	7	-0.7790316	-0.8118532	0.9524133	0.09847297	-2.169332
28.46	6.695528	6.695365	-1.051849	7	-0.7838364	-0.812892	-0.2622086	-0.0236649	-2.639537
28.48	6.689285	6.695365	-1.068769	7	-0.8051813	-0.8123493	0.5353917	0.08320579	-2.250535
28.5	6.771729	6.763654	-0.6658006	7	-0.816659	-0.8533527	1.330885	0.03740425	-2.211432
28.52	6.761468	6.763654	-0.7674221	7	-0.8030356	-0.8387247	-0.1877348	0.2969463	-2.662859
28.54	6.746854	6.763654	-0.880457	7	-0.8049514	-0.8000371	-1.051187	0.3580146	-2.590456
28.56	6.692592	6.695365	-1.149609	7	-0.8484843	-0.8387085	-0.1830938	-0.3595424	-2.495629
28.58	6.666889	6.695365	-1.269473	7	-0.8458968	-0.8377401	0.7845502	-0.05419883	-2.18919
28.6	6.666834	6.695365	-1.250529	7	-0.8232014	-0.8368754	1.749016	0.08320579	-1.999423
28.62	6.62884	6.627074	-1.384805	7	-0.8220729	-0.8784554	3.344898	-0.0236649	-1.945505
28.64	6.826443	6.831944	-0.4095083	7	-0.7531594	-0.842688	3.528572	0.06793861	-1.700597
28.66	6.806214	6.763654	-0.5547644	7	-0.745147	-0.8565434	1.114389	-0.1000004	-2.754472
28.68	6.67386	6.627074	-1.192068	7	-0.8079083	-0.8745301	1.299863	0.02213707	-2.666398
28.7	6.774782	6.763654	-0.6818429	7	-0.8080658	-0.8649506	2.644298	-0.4511455	-1.965534
28.72	6.702709	6.695365	-1.059169	7	-0.7878543	-0.8565109	1.399003	0.052671	-2.505815
28.74	6.713252	6.695365	-0.9809293	7	-0.8028131	-0.863072	2.611711	0.08320579	-2.081007
28.76	6.695991	6.695365	-1.059406	7	-0.7746214	-0.843289	2.422824	-0.06946601	-2.128635
28.78	6.767382	6.763654	-0.7062853	7	-0.7443314	-0.814872	2.305978	0.006869889	-1.998773
28.8	6.726121	6.695365	-0.9077355	7	-0.7556382	-0.837521	1.854164	0.006869889	-2.374304
28.82	6.784434	6.763654	-0.6240371	7	-0.7556305	-0.8258096	1.936973	-0.0236649	-2.155435
28.84	6.636086	6.627074	-1.353045	7	-0.760044	-0.813363	1.063482	-0.0236649	-2.478807
28.86	6.711601	6.695365	-0.9216717	7	-0.7777686	-0.8362052	3.650574	-0.08473319	-1.645169
28.88	6.794341	6.763654	-0.5197634	7	-0.7509334	-0.8657967	3.44689	0.006869889	-2.051139
28.9	6.717994	6.695365	-0.9211232	7	-0.7301087	-0.8244082	1.592283	0.1137401	-2.494184
28.92	6.714722	6.695365	-0.9169127	7	-0.7417613	-0.8044975	2.149622	-0.1763363	-2.062495
28.94	6.694377	6.695365	-1.00921	7	-0.7198873	-0.7768804	1.831353	-0.00839729	-2.043895
28.96	6.8054	6.763654	-0.4428267	7	-0.7410129	-0.8304812	3.08662	-0.0236649	-1.908513
28.98	6.79647	6.763654	-0.5347819	7	-0.7293999	-0.8248584	1.229035	-0.0236649	-2.539243
29	6.816409	6.763654	-0.4616322	7	-0.7772136	-0.8537827	1.341407	-0.00839729	-2.491695
29.02	6.700544	6.695365	-1.073144	7	-0.7813005	-0.8175837	0.1354309	-0.00839729	-2.629354
29.04	6.629468	6.627074	-1.38087	7	-0.8135993	-0.8345883	2.337425	-0.03893165	-1.96258
29.06	6.748481	6.763654	-0.7758989	7	-0.7631339	-0.8229921	3.690761	0.006869889	-1.535095
29.08	6.716317	6.695365	-0.9345121	7	-0.7352933	-0.8382806	3.07101	-0.03893165	-2.127326
29.1	6.741646	6.695365	-0.7774931	7	-0.746391	-0.8613076	4.134342	0.052671	-1.921581
29.12	6.743435	6.695365	-0.7559475	7	-0.7379962	-0.872533	4.168317	0.006869889	-2.060957
29.14	6.810789	6.763654	-0.4327826	7	-0.7189817	-0.8544423	3.739638	-0.00839729	-2.061943
29.16	6.802289	6.763654	-0.5159389	7	-0.7010357	-0.814107	1.82837	0.006869889	-2.430531
29.18	6.735969	6.695365	-0.8489482	7	-0.7328359	-0.8094572	1.544353	-0.05419883	-2.385765
29.2	6.729401	6.695365	-0.8618668	7	-0.7619658	-0.834357	2.79719	-0.06946601	-2.033168
29.22	6.779972	6.763654	-0.6258749	7	-0.7377321	-0.8222384	2.765056	-0.0236649	-1.991444
29.24	6.725801	6.695365	-0.8991362	7	-0.7393874	-0.8285894	2.428676	-0.03893165	-2.239606
29.26	6.643594	6.627074	-1.268421	7	-0.7404847	-0.8156524	3.273868	-0.06946601	-1.925274
29.28	6.708744	6.695365	-0.8969841	7	-0.7100669	-0.8087792	4.830664	0.02213707	-1.439559
29.3	6.712816	6.695365	-0.8600261	7	-0.6532047	-0.778917	4.028514	0.006869889	-1.759928
29.32	6.761138	6.695365	-0.5785521	7	-0.6640597	-0.8131419	4.795864	-0.0236649	-1.750813
29.34	6.820626	6.763654	-0.2991078	7	-0.6415101	-0.7943747	3.521591	0.006869889	-2.041986
29.36	6.821542	6.763654	-0.3314247	7	-0.647001	-0.7692688	1.687241	-0.06946601	-2.385838
29.38	6.729523	6.695365	-0.807404	7	-0.673179	-0.7381649	0.5239496	-0.03893165	-2.422828
29.4	6.797702	6.763654	-0.4686244	7	-0.7123165	-0.7651691	1.818391	-0.06946601	-1.93183
29.42	6.770092	6.763654	-0.6560398	7	-0.6972848	-0.7460716	0.3943902	-0.06946601	-2.320471
29.44	6.778291	6.763654	-0.63835	7	-0.7200588	-0.750854	0.6813156	-0.05419883	-2.143289
29.46	6.700317	6.695365	-1.034515	7	-0.7360469	-0.7626634	0.8946662	-0.03893165	-2.180381
29.48	6.701459	6.695365	-1.002029	7	-0.7475797	-0.7876034	2.790412	-0.00839729	-1.7208
29.5	6.691465	6.695365	-1.035754	7	-0.7099004	-0.7789804	3.327295	-0.05419883	-1.687705
29.52	6.774531	6.763654	-0.6145784	7	-0.6681213	-0.7623864	3.696896	0.03740425	-1.572113
29.54	6.826421	6.763654	-0.361262	7	-0.6762616	-0.8122774	3.646502	-0.1152675	-1.994781
29.56	6.766903	6.695365	-0.661032	7	-0.7047033	-0.8402964	3.267426	-0.03893165	-2.29695
29.58	6.821764	6.763654	-0.3968832	7	-0.7164538	-0.8409441	3.774929	-0.00839729	-1.983955
29.6	6.673732	6.627074	-1.126883	7	-0.7244527	-0.8412357	3.260913	0.02213707	-2.285514
29.62	6.81044	6.763654	-0.419689	7	-0.7223059	-0.8469304	5.489154	-0.1000004	-1.444999
29.64	6.735812	6.695365	-0.8110647	7	-0.6796902	-0.82763	3.751816	-0.06946601	-2.177453
29.66	6.811994	6.763654	-0.4257683	7	-0.6705146	-0.7997179	4.241962	0.08320579	-1.729637
29.68	6.756464	6.695365	-0.702855	7	-0.6753741	-0.8155815	3.599466	-0.08473319	-2.14419
29.7	6.748927	6.695365	-0.7188327	7	-0.6838636	-0.8107153	4.243754	-0.00839729	-1.839068
29.72	6.752954	6.695365	-0.6774136	7	-0.6831797	-0.8266809	4.842176	-0.05419883	-1.791337
29.74	6.739625	6.695365	-0.7324589	7	-0.6558208	-0.799456	4.539711	0.006869889	-1.802263
29.76	6.82371	6.763654	-0.3102613	7	-0.6422788	-0.7955815	4.703262	-0.0236649	-1.704529
29.78	6.846968	6.763654	-0.2193597	7	-0.6521039	-0.8192317	3.77183	-0.0236649	-2.169563
29.8	6.860384	6.763654	-0.1812564	7	-0.6959891	-0.8536333	3.494975	0.02213707	-2.321505
29.82	6.765371	6.695365	-0.6796958	7	-0.7262714	-0.8538706	2.919755	0.02213707	-2.429395
29.84	6.765728	6.695365	-0.6609181	7	-0.7670549	-0.8936898	4.920806	0.02213707	-1.901242
29.86	6.738558	6.695365	-0.8000234	7	-0.7382485	-0.8820317	5.167722	0.1748089	-1.886778
29.88	6.639489	6.695365	-1.314392	7	-0.5975283	-0.6668888	2.358321	-0.1305347	-1.676722
29.9	6.803332	6.763654	-0.431174	7	-0.6054613	-0.7099565	5.156108	0.052671	-1.010186
29.92	6.844459	6.763654	-0.2324041	7	-0.6035361	-0.7800681	4.339485	0.03740425	-1.924574
29.94	6.843123	6.763654	-0.2632747	7	-0.6174726	-0.7724111	3.110491	0.3885489	-2.178476
29.96	7.771718	7.65142	4.050256	7	-0.5872718	-0.7704525	0.1341226	-0.2221378	-2.202279
29.98	6.820202	6.695365	-1.044657	7	-0.7688426	-0.7856102	-14.82731	-0.1152675	-7.448359
30	7.660219	7.65142	2.875937	7	-0.9914095	-0.7367296	-8.105138	-0.03893165	-2.326237
30.02	7.582075	7.65142	1.805547	7	-1.018246	-0.7506562	-22.34563	-5.000763	-7.046817
30.04	7.193583	7.241681	-0.5216582	7	-1.417996	-0.894133	-22.22448	-11.1687	-6.578363
30.06	7.331595	7.378261	-0.1080722	7	-1.800006	-1.329267	-10.77993	-7.993129	-4.452287
30.08	7.053649	7.309972	-1.913465	7	-1.74512	-1.318104	-11.53491	-8.008396	-5.089595
30.1	7.143452	7.309972	-1.647287	7	-1.805284	-1.47344	-2.079535	-8.191603	-3.107744
30.12	6.503647	6.763654	-4.886034	7	-1.651158	-1.413225	0.8244724	-1.000764	-3.243537
30.14	6.692501	6.763654	-3.594419	7	-1.630105	-1.674034	20.73614	-0.8022904	0.8011599
30.16	6.653179	6.695365	-3.545295	7	-1.24695	-1.686387	26.02122	3.655725	0.1223698
30.18	5.937864	5.807599	-6.442829	7	-1.050526	-1.720417	35.66655	11.25878	0.7669926
30.2	5.773149	5.807599	-6.39603	7	-0.4552838	-1.244279	45.55754	17.79313	4.975043
30.22	5.779996	5.67102	-5.343165	7	0.1881766	-0.9174976	51.97123	13.16717	6.274889
30.24	6.07378	5.739308	-2.844294	7	0.7479548	-0.656963	54.25676	21.25878	6.394659
30.26	6.180225	5.739308	-1.433313	-7	1.255309	-0.2361045	43.75028	27.54885	4.100309
30.28	6.172201	5.739308	-0.6874781	-7	1.577935	0.3289403	28.18453	22.05267	2.530469
30.3	7.092936	6.763654	4.235881	-7	1.848198	0.9875169	6.348253	14.99923	1.330009
30.32	6.97815	6.490495	3.725344	-7	1.465227	1.016279	-20.75409	-1.199237	-5.215089
30.34	8.291863	7.924579	9.763178	-7	0.8559701	1.008422	-40.94069	-3.351908	-6.41083
30.36	7.054204	6.968522	2.673196	-7	-0.01363404	0.9235551	-78.20911	-12.81756	-15.52993
30.38	6.341613	6.695365	-1.31623	-7	-1.18575	0.7238805	-76.4965	-25.56565	-10.29394
30.4	7.559661	8.197738	3.863576	-7	-1.821532	0.1777387	-69.86553	-39.06183	-7.504868
30.42	6.742197	7.309972	-1.309972	-7	-2.557189	-0.619277	-79.63175	-45.70305	-14.87771
30.44	5.685927	6.080756	-6.777429	-7	-3.837794	-1.92547	-49.06925	-32.35954	-10.87229
30.46	5.896777	6.968522	-6.212708	-7	-3.649303	-1.917388	-32.56937	-18.58855	-5.406001
30.48	6.873534	7.583131	-1.894248	-7	-3.456564	-2.35424	-21.02813	-22.46641	-5.946337
30.5	7.621393	7.583131	1.230158	-7	-3.868585	-3.525929	-11.53903	-5.153435	-11.08635
30.52	6.476111	6.968522	-5.386473	-7	-3.626721	-2.95326	-34.40049	12.51069	-15.61258
30.54	5.767683	6.080756	-8.733794	-7	-4.144343	-3.277695	-11.75184	4.251144	-9.202116
30.56	5.367678	6.149047	-10.54154	-7	-3.67856	-2.94783	-1.780603	-2.023664	-5.491369
30.58	5.506622	6.080756	-9.319862	-7	-3.23275	-2.910346	12.83858	-6.466412	-2.902681
30.6	5.854883	6.080756	-6.991613	-7	-2.860392	-3.09629	21.96195	-13.70305	-3.592296
30.62	7.583733	7.378261	1.741406	-7	-2.598293	-3.355716	21.44258	-10.74122	-5.825359
30.64	6.77585	6.422206	-2.546964	-7	-2.660171	-3.329597	-8.726178	20.84656	-16.21612
30.66	6.889163	6.763654	-2.042693	-7	-3.025941	-2.997628	-15.88894	21.88473	-12.86658
30.68	6.836827	7.105102	-2.737752	-7	-3.071718	-2.569639	-35.42102	13.44198	-14.60738
30.7	5.484558	6.012467	-9.542194	-7	-3.376494	-2.258249	-47.11173	-1.641985	-15.14725
30.72	5.307659	6.149047	-10.07632	-7	-3.534696	-2.066236	-35.52094	-15.67252	-8.393719
30.74	5.397002	6.080756	-9.209023	-7	-3.628196	-2.533514	-22.74862	-27.29084	-7.860728
30.76	6.259191	6.422206	-4.548065	-7	-3.975308	-3.559143	-5.20106	-33.2603	-8.82792
30.78	5.100459	5.19299	-10.03224	-7	-4.213479	-4.086067	-7.408605	-25.10763	-14.3951
30.8	7.540794	7.583131	2.052146	-7	-4.215541	-4.250207	5.004866	22.06794	-8.645937
30.82	6.100029	6.080756	-5.774849	-7	-4.278053	-4.329833	-31.62258	15.28931	-22.88036
30.84	4.543971	5.056413	-13.25933	-7	-4.616725	-3.633165	-31.46639	-2.512214	-15.73772
30.86	5.140019	5.875888	-9.776303	-7	-4.570351	-3.57792	-11.16877	-5.641985	-7.673851
30.88	3.808108	4.783254	-15.95832	-7	-4.00104	-3.123141	-20.7475	-13.45878	-11.24656
30.9	3.296939	3.895488	-16.95729	-7	-4.104504	-3.459459	11.71812	-21.71832	-3.9322
30.92	3.764122	3.895488	-12.94758	-7	-4.017261	-4.436494	46.61414	-5.580916	-1.577804
30.94	4.465785	4.783254	-8.612361	-7	-2.892227	-3.79705	34.95523	12.06794	-4.744881
30.96	5.694743	5.397861	-1.877882	-7	-2.578717	-3.686538	21.13543	23.67099	-9.042269
30.98	5.149587	4.783254	-4.350049	-7	-2.706342	-3.445423	-11.07202	31.51832	-17.23388
31	4.402641	4.441804	-7.669845	-7	-3.069385	-2.872991	-28.56525	13.13664	-15.89562
31.02	3.231969	3.895488	-12.93028	-7	-3.156891	-2.151647	-40.47979	-2.939695	-13.25152
31.04	3.857144	4.441804	-8.972508	-7	-3.461821	-2.406643	-24.80384	-17.30611	-7.748018
31.06	3.346457	3.758908	-10.86101	-7	-3.719923	-3.028405	-23.79114	-28.08473	-12.24535
31.08	4.586505	4.510095	-4.029538	-7	-4.363165	-4.155181	-1.871994	-4.863359	-10.40767
31.1	1.957345	2.529693	-16.83239	-7	-4.133982	-3.645743	-29.35772	4.510686	-18.52101
31.12	2.821179	3.144301	-11.14413	-7	-4.584455	-4.033117	13.22289	-0.6190842	-4.442729
31.14	1.922872	2.597983	-14.88501	-7	-3.86226	-3.746715	2.746473	-5.794657	-9.984036
31.16	1.922862	2.256536	-13.47239	-7	-3.726147	-3.758129	20.54656	-8.52748	-5.208389
31.18	2.448821	2.871142	-9.884268	-7	-3.030053	-3.333734	15.87265	12.15954	-5.895971
31.2	2.530568	2.529693	-8.50129	-7	-2.915762	-3.399708	9.420228	13.13664	-9.441244
31.22	0.9359139	1.23219	-15.30475	-7	-2.757048	-2.813759	-4.862598	17.86946	-11.11147
31.24	0.7037802	0.9590311	-14.62903	-7	-2.906015	-2.851446	17.37055	9.090838	-3.319045
31.26	1.204353	1.573638	-10.7736	-7	-2.365319	-2.667082	19.17302	-2.756489	-3.111176
31.28	1.296015	1.300479	-9.074422	-7	-2.196459	-2.757061	13.7483	11.60992	-6.731402
31.3	1.117986	0.9590311	-8.752315	-7	-2.330424	-2.880999	9.740952	14.54122	-8.532293
31.32	0.4994408	0.6858721	-10.79546	-7	-2.178419	-2.354835	-3.368729	7.9458	-9.018056
31.34	0.3003442	0.2761335	-10.38452	-7	-2.532387	-2.659701	6.353865	-0.9091607	-6.773914
31.36	-0.3486696	0.002975464	-12.46141	-7	-2.288435	-2.289861	-0.1216011	-1.229771	-7.046594
31.38	-0.6612839	-0.3384733	-12.57423	-7	-2.210463	-2.147164	5.936814	0.525954	-4.366801
31.4	-0.6838558	-0.6799221	-11.08324	-7	-2.360234	-2.684067	20.81801	1.777862	-3.625344
31.42	0.1614088	0.2761335	-5.915354	-7	-1.936535	-2.46155	14.53741	4.754961	-4.65213
31.44	-1.792054	-1.635977	-14.51007	-7	-1.834175	-2.056336	-5.509232	8.419084	-10.31808
31.46	-0.4831974	-0.6799221	-6.315349	-7	-2.326146	-2.64318	27.02929	2.770229	-0.5938864
31.48	-1.270929	-1.294529	-9.387974	-7	-2.050085	-2.698295	8.855692	-6.741221	-9.215019
31.5	-1.699422	-1.704267	-10.25698	-7	-2.135241	-2.463251	12.03476	10.8771	-5.809392
31.52	-2.417761	-2.318874	-12.41986	-7	-2.087695	-2.403754	16.8386	-8.145801	-4.491476
31.54	-2.72191	-2.728612	-12.2283	-7	-2.064774	-2.606854	33.06142	2.739694	-1.381292
31.56	-1.864281	-2.045715	-6.551192	-7	-1.775372	-2.804215	42.69263	1.716793	-0.5459671
31.58	-3.977196	-3.684668	-15.84745	-7	-0.9798151	-1.661897	13.5288	12.90763	-6.184312
31.6	-4.295023	-4.094406	-15.09464	-7	-0.8492363	-1.213947	37.79805	12.0374	4.92981
31.62	-3.377369	-3.411509	-8.54165	-7	-0.3419684	-1.395161	50.667	0.4496181	5.789161
31.64	-3.510567	-3.821247	-7.627162	-7	0.09716338	-1.306667	38.1229	26.23588	-0.2531309
31.66	-3.873281	-4.094406	-7.902123	-7	0.3835217	-0.6770094	24.19313	24.61756	-0.7817774
31.68	-4.059868	-4.367564	-7.198514	-7	0.3037136	-0.5565012	21.44502	27.09084	-0.140749
31.7	-4.82986	-5.050462	-9.39171	-7	0.2144712	-0.4965255	18.41181	1.976335	-0.6279411
31.72	-5.865791	-5.801648	-12.68244	-7	0.3259224	-0.1248533	20.89856	2.32748	2.277103
31.74	-4.954471	-5.118752	-6.226442	-7	0.3897687	-0.3905864	40.09032	-2.023664	6.98995
31.76	-5.248672	-5.801648	-6.118456	-7	0.3552813	-0.9913467	39.01222	1.62519	0.8143301
31.78	-6.096141	-6.484545	-8.717038	-7	0.4289584	-0.7496567	36.39838	8.999235	1.147164
31.8	-5.550272	-5.801648	-4.5152	-7	0.7367727	-0.3506684	38.28636	16.22061	4.755775
31.82	-6.383913	-6.484545	-7.436952	-7	1.178202	0.2733409	18.50543	-1.947328	0.7612677
31.84	-5.704276	-6.074806	-2.590571	-7	1.029445	0.2219066	26.07169	1.961068	4.442514
31.86	-5.531838	-5.801648	-0.9800391	-7	1.192711	0.4063283	6.718519	5.51832	-0.6204252
31.88	-4.716295	-5.18704	3.526977	-7	0.8438575	0.2953263	-5.734924	-2.176336	-2.732499
31.9	-6.480384	-6.552835	-5.008841	-7	0.4931232	0.6442822	-34.84314	-0.8022904	-8.704037
31.92	-7.677424	-7.50889	-9.774065	-7	-0.2612861	0.5136247	-14.84573	-9.351908	-0.01741982
31.94	-7.799338	-7.4406	-9.06459	-7	-0.3525171	0.07500469	12.86689	-18.22214	5.856842
31.96	-5.873165	-6.074806	1.407466	-7	-0.2871442	-0.8980665	36.80965	-21.53511	6.375761
31.98	-5.495745	-5.733358	3.042019	-7	0.2416739	-0.6712837	4.659126	3.793129	-4.688313
32	-6.676555	-7.167441	-2.5328	-7	-0.3404496	-0.7559658	-5.738768	16.26641	-7.229999
32.02	-5.750473	-5.39191	1.852225	-7	0.03946218	0.3832062	-20.36081	7.670992	-1.603954
32.04	-7.146614	-7.235731	-4.852225	-7	-0.6129627	-0.2182009	-24.45547	-21.42824	-6.921388
32.06	-7.278594	-7.167441	-4.878944	-7	-1.089558	-0.5883072	-1.519396	-10.75649	0.1506872
32.08	-7.416156	-7.167441	-5.117706	-7	-0.943305	-0.7897676	8.104227	-12.31374	0.6687813
32.1	-7.0742	-7.167441	-2.823794	-7	-0.9598107	-1.289404	24.31367	-8.924427	1.611787
32.12	-7.154352	-7.167441	-2.918193	-7	-0.5602033	-1.102288	20.16037	6.006869	-0.3191662
32.14	-5.169941	-5.460199	6.852689	-7	-0.3159457	-1.043628	17.72555	6.785495	0.2129288
32.16	-6.610428	-6.757704	-0.8940409	-7	-0.1747107	-0.5048138	-24.14497	9.212976	-11.11261
32.18	-6.883395	-7.099152	-1.897718	-7	-0.97105	-0.6719599	-9.320521	6.525953	-3.536838
32.2	-7.775456	-7.167441	-6.348078	-7	-0.5807979	0.08468354	-20.26163	-10.2374	-2.617493
32.22	-5.572932	-5.801648	4.941226	-7	-1.116936	-1.04783	12.28236	-14.02366	2.667434
32.24	-5.86713	-5.801648	2.513124	-7	-0.7237893	-0.8283139	-25.06661	-10.75649	-9.947861
32.26	-7.068952	-7.167441	-3.539778	-7	-1.442633	-0.9543941	-23.99447	11.53359	-8.327108
32.28	-6.113994	-5.460199	0.717561	-7	-1.090801	-0.1603135	-27.00583	-9.138167	-2.039002
32.3	-7.083982	-7.235731	-4.004252	-7	-1.921542	-1.472235	-13.38966	-22.74122	-6.94177
32.32	-7.188351	-6.825994	-4.473631	-7	-1.853006	-1.356254	-1.331332	-4.069466	-1.846112
32.34	-7.020465	-6.757704	-3.520652	-7	-1.638471	-1.476926	8.786259	-5.611451	-0.7959585
32.36	-7.007719	-6.894283	-3.293844	-7	-1.400419	-1.543047	13.83237	3.747328	-1.291051
32.38	-6.824122	-6.825994	-2.183211	-7	-1.173452	-1.5101	17.29249	6.312213	-1.064164
32.4	-7.949471	-7.850338	-7.350143	-7	-0.8987149	-1.177263	14.14242	11.39618	-1.928018
32.42	-7.753632	-7.850338	-5.362077	-7	-0.8652389	-1.352435	38.84911	5.823663	4.49992
32.44	-6.41106	-6.484545	1.613883	-7	-0.1208626	-1.07415	35.57726	4.877099	3.446954
32.46	-5.891236	-6.484545	4.159151	-7	-0.02182311	-1.197537	18.15228	17.30458	-3.898221
32.48	-5.802641	-6.143096	4.133986	-7	0.03255093	-0.5388292	-11.15711	12.46488	-7.395807
32.5	-6.026173	-6.143096	2.518083	-7	-0.2707804	-0.06900945	-32.8626	0.2969463	-8.500032
32.52	-5.912807	-6.074806	2.698273	-7	-1.054247	-0.488654	-33.43384	-18.11526	-7.893517
32.54	-6.433005	-6.484545	-0.3208365	-7	-1.793157	-1.110622	-31.3756	-19.88626	-9.168028
32.56	-7.808108	-7.850338	-6.968863	-7	-2.653541	-2.037046	-7.583117	-25.61145	-6.569529
32.58	-6.786336	-6.416255	-1.884721	-7	-2.379855	-2.065528	16.17174	-18.13054	1.140722
32.6	-6.347214	-6.416255	0.03886425	-7	-2.124017	-2.543715	19.30265	-7.657252	-3.712424
32.62	-7.463978	-7.50889	-5.531967	-7	-1.933414	-2.332036	15.09536	10.58702	-5.694942
32.64	-5.740155	-5.733358	2.973813	-7	-1.522657	-1.946613	24.9045	5.579388	0.8909683
32.66	-6.812423	-7.099152	-2.576379	-7	-1.442018	-2.100588	7.810791	1.976335	-8.334831
32.68	-7.088945	-7.235731	-3.621772	-7	-1.552933	-1.864992	17.80214	13.39618	-2.421514
32.7	-6.746756	-6.825994	-1.697857	-7	-1.326447	-1.813835	23.48162	-10.17634	-0.862258
32.72	-6.687215	-6.825994	-1.30942	-7	-1.052612	-1.663984	18.81473	11.51832	-2.596088
32.74	-7.675534	-7.850338	-5.764994	-7	-1.040582	-1.559618	19.07875	4.693892	-2.879927
32.76	-7.997556	-7.850338	-6.634972	-7	-0.646964	-0.9984235	26.79163	12.8771	2.543509
32.78	-7.520874	-7.850338	-3.246249	-7	-0.5892307	-1.511739	47.78119	-1.214504	4.560934
32.8	-5.810859	-6.143096	5.328823	-7	0.1149527	-1.198884	36.21645	6.999236	1.768425
32.82	-6.955274	-7.577179	-0.3790784	-7	0.0602352	-1.055258	7.251157	16.06794	-7.871967
32.84	-7.297801	-7.50889	-1.745852	-7	-0.1003588	-0.4154233	3.393143	16.9229	-2.237158
32.86	-7.693245	-7.50889	-3.447706	-7	0.1012658	0.1618189	-4.825093	12.09847	-0.8079767
32.88	-7.35393	-7.50889	-1.1876	-7	-0.2124699	-0.3056498	8.597111	-14.02366	1.252579
32.9	-7.429175	-7.50889	-1.330124	-7	-0.1715039	-0.4261202	5.476635	-2.512214	-1.056487
32.92	-7.118432	-7.4406	0.5198144	-7	-0.4383772	-0.8371751	12.35282	-0.4053439	-0.8460274
32.94	-7.430672	-7.50889	-1.043193	-7	-0.313979	-0.6092426	2.04208	1.02977	-2.951988
32.96	-7.328569	-7.4406	-0.3835442	-7	-0.417273	-0.5682204	3.701232	0.9229003	-1.3214
32.98	-7.426679	-7.50889	-0.8004224	-7	-0.4628508	-0.6077477	1.891342	-1.916794	-2.081209
33	-7.392419	-7.4406	-0.5689111	-7	-0.4958054	-0.5866251	1.699624	-1.809924	-1.662767
33.02	-7.33985	-7.4406	-0.2592524	-7	-0.5884957	-0.7145633	2.735198	-0.00839729	-1.938836
33.04	-7.487129	-7.50889	-1.000483	-7	-0.5842968	-0.657866	0.2922088	-0.1458019	-2.337779
33.06	-7.481034	-7.50889	-0.9054294	-7	-0.6326833	-0.6778079	2.423907	-0.06946601	-1.534909
33.08	-7.537697	-7.50889	-1.166285	-7	-0.5762525	-0.6152731	1.535002	-0.06946601	-1.586798
33.1	-7.5118	-7.50889	-0.972719	-7	-0.5638309	-0.6120743	2.761358	0.03740425	-1.222798
33.12	-7.492862	-7.50889	-0.8269114	-7	-0.5463786	-0.6311184	3.189877	-0.1610691	-1.35189
33.14	-7.42929	-7.4406	-0.4975451	-7	-0.505861	-0.5938568	2.298391	-0.1000004	-1.451855
33.16	-7.53302	-7.577179	-0.9662828	-7	-0.5369061	-0.6247247	2.054023	0.03740425	-1.801518
33.18	-7.553264	-7.577179	-0.9924074	-7	-0.5479391	-0.6239979	3.474012	-0.0236649	-1.259748
33.2	-7.472534	-7.50889	-0.5393459	-7	-0.5332295	-0.6502828	4.529195	-0.05419883	-1.146452
33.22	-7.450063	-7.50889	-0.4109783	-7	-0.5221176	-0.6697328	3.911469	-0.05419883	-1.588169
33.24	-7.462454	-7.50889	-0.4716205	-7	-0.5101414	-0.6325199	2.677805	0.2511448	-1.724296
33.26	-7.467871	-7.50889	-0.4915888	-7	-0.51674	-0.6112121	2.153432	-0.06946601	-1.66469
33.28	-7.433747	-7.50889	-0.3021451	-7	-0.570251	-0.6830047	3.248179	-0.1458019	-1.646966
33.3	-7.451264	-7.50889	-0.4056903	-7	-0.5833088	-0.6995646	2.816831	-0.00839729	-1.86792
33.32	-7.441615	-7.50889	-0.3622448	-7	-0.615362	-0.7330827	3.502576	0.02213707	-1.766029
33.34	-7.503589	-7.577179	-0.6598595	-7	-0.6494851	-0.7838268	4.432875	-0.03893165	-1.815382
33.36	-7.566465	-7.577179	-0.9646228	-7	-0.5959093	-0.70289	4.263124	-0.0236649	-1.452638
33.38	-7.51573	-7.50889	-0.6950579	-7	-0.5166987	-0.6134903	4.248523	-0.06946601	-1.020481
33.4	-7.461538	-7.50889	-0.3992553	-7	-0.4967081	-0.6326644	4.50813	0.03740425	-1.224004
33.42	-7.452734	-7.50889	-0.3516414	-7	-0.4815342	-0.6239572	3.655866	-0.00839729	-1.512664
33.44	-7.451226	-7.50889	-0.341525	-7	-0.4851249	-0.6107816	3.077466	-0.03893165	-1.562553
33.46	-7.381553	-7.4406	-0.01659858	-7	-0.4930451	-0.6094977	2.591049	0.03740425	-1.580688
33.48	-7.466892	-7.50889	-0.4767542	-7	-0.5029551	-0.5872749	0.8676041	-0.03893165	-1.979803
33.5	-7.474833	-7.50889	-0.5111025	-7	-0.5378188	-0.5904858	1.791689	-0.05419883	-1.507699
33.52	-7.485466	-7.50889	-0.5667267	-7	-0.5424961	-0.6055529	2.299402	-0.06946601	-1.456526
33.54	-7.556627	-7.577179	-0.8970574	-7	-0.5424725	-0.6130283	3.066005	-0.1305347	-1.363765
33.56	-7.471087	-7.50889	-0.4350015	-7	-0.534999	-0.6435793	5.123729	-0.0236649	-0.9239235
33.58	-7.380919	-7.4406	-0.009236842	-7	-0.5021548	-0.6620219	4.645332	0.09847297	-1.356451
33.6	-7.503872	-7.577179	-0.6247461	-7	-0.5132606	-0.6631043	3.579804	-0.03893165	-1.828671
33.62	-7.540869	-7.577179	-0.7703865	-7	-0.5034726	-0.6140612	4.493571	-0.03893165	-1.141256
33.64	-7.456667	-7.50889	-0.3171889	-7	-0.4822337	-0.6289051	5.76035	0.052671	-0.8964472
33.66	-7.360109	-7.4406	0.1442052	-7	-0.4583331	-0.6459518	5.072186	-0.1000004	-1.331142
33.68	-7.410207	-7.50889	-0.1316764	-7	-0.4788346	-0.6567154	3.668548	-0.03893165	-1.861067
33.7	-7.432001	-7.50889	-0.2510895	-7	-0.5035284	-0.640864	3.590744	0.02213707	-1.603778
33.72	-7.446981	-7.50889	-0.3350155	-7	-0.5134645	-0.6392434	3.754819	-0.0236649	-1.483024
33.74	-7.418428	-7.50889	-0.1852604	-7	-0.5507113	-0.7051762	5.253078	-0.00839729	-1.378307
33.76	-7.458623	-7.50889	-0.414241	-7	-0.5151978	-0.6631851	4.290999	0.02213707	-1.526668
33.78	-7.522134	-7.577179	-0.7040359	-7	-0.512566	-0.6484979	5.057264	0.052671	-1.247044
33.8	-7.451962	-7.50889	-0.3250965	-7	-0.4860719	-0.6464331	6.412029	0.1290069	-0.8519621
33.82	-7.388124	-7.4406	-0.0347088	-7	-0.4197893	-0.5972212	4.929654	0.006869889	-1.193083
33.84	-7.413936	-7.50889	-0.1641094	-7	-0.4394105	-0.6148961	4.388801	0.006869889	-1.505243
33.86	-7.429071	-7.50889	-0.2376069	-7	-0.4530708	-0.6078588	4.342967	0.03740425	-1.379505
33.88	-7.44872	-7.50889	-0.3367005	-7	-0.4461769	-0.5852728	4.10948	0.02213707	-1.29444
33.9	-7.403496	-7.50889	-0.08562678	-7	-0.492198	-0.6662145	5.937668	-0.03893165	-1.16362
33.92	-7.428216	-7.50889	-0.226002	-7	-0.4754435	-0.6604001	5.300708	-0.0236649	-1.422549
33.94	-7.425054	-7.50889	-0.2088608	-7	-0.4746956	-0.6523793	5.620344	-0.00839729	-1.252891
33.96	-7.424829	-7.50889	-0.2078022	-7	-0.4678314	-0.6517449	5.756673	-0.03893165	-1.245955
33.98	-7.450641	-7.50889	-0.3445513	-7	-0.4304967	-0.5956886	4.956903	0.03740425	-1.220178
34	-7.403678	-7.50889	-0.08119279	-7	-0.459298	-0.6502824	6.528389	0.1748089	-1.033319
34.02	-7.405314	-7.50889	-0.0926137	-7	-0.4552302	-0.6709402	6.384988	-0.1610691	-1.294816
34.04	-7.39854	-7.50889	-0.05759895	-7	-0.4613504	-0.6800392	6.616915	0.2053428	-1.268748
34.06	-7.409334	-7.50889	-0.1185418	-7	-0.4513389	-0.6649854	6.311893	-0.00839729	-1.294129
34.08	-7.327008	-7.4406	0.274152	-7	-0.4537526	-0.6755999	6.565711	-0.1458019	-1.210428
34.1	-7.418219	-7.50889	-0.2181797	-7	-0.4371929	-0.6354504	4.668776	0.006869889	-1.658098
34.12	-7.337539	-7.4406	0.1783164	-7	-0.462157	-0.644238	5.833879	0.06793861	-1.127913
34.14	-7.360368	-7.4406	0.009640485	-7	-0.4410305	-0.6192107	4.195732	-0.0236649	-1.569599
34.16	-7.338919	-7.4406	0.09287095	-7	-0.4764446	-0.6429393	4.726309	-0.05419883	-1.412039
34.18	-7.360326	-7.4406	-0.05817363	-7	-0.4791767	-0.6366878	4.182171	-0.00839729	-1.527483
34.2	-7.433685	-7.50889	-0.4298976	-7	-0.496562	-0.6405185	4.728377	0.052671	-1.376365
34.22	-7.449769	-7.50889	-0.4906548	-7	-0.484378	-0.6335985	6.126676	0.06793861	-0.9305105
34.24	-7.445864	-7.50889	-0.4437355	-7	-0.4476832	-0.6294528	7.138421	-0.0236649	-0.7765245
34.26	-7.410979	-7.50889	-0.2288938	-7	-0.4277461	-0.6578479	8.412802	0.03740425	-0.7312107
34.28	-7.392988	-7.50889	-0.1105265	-7	-0.4014875	-0.667721	8.669899	0.052671	-0.8876982
34.3	-7.377059	-7.50889	-0.0044626	-7	-0.3869591	-0.6692191	8.730461	0.052671	-0.963747
34.32	-7.446405	-7.577179	-0.3089709	-7	-0.3785325	-0.6576209	8.563302	0.052671	-1.0462
34.34	-7.320101	-7.4406	0.3376153	-7	-0.3427142	-0.6192517	8.788004	-0.05419883	-0.6558666
34.36	-7.435472	-7.577179	-0.2192597	-7	-0.344792	-0.6272476	7.393459	0.08320579	-1.345918
34.38	-7.355611	-7.50889	0.2271515	-7	-0.3757753	-0.6529947	9.181034	-0.0236649	-0.7224894
34.4	-7.374937	-7.50889	0.1216653	-7	-0.3508072	-0.6386712	7.813774	-0.05419883	-1.187324
34.42	-7.358485	-7.50889	0.2156758	-7	-0.3706769	-0.6470035	8.042274	0.006869889	-1.072498
34.44	-7.293319	-7.4406	0.514349	-7	-0.3739924	-0.6518089	7.5366	0.03740425	-1.179317
34.46	-7.377071	-7.50889	0.06247455	-7	-0.3813799	-0.6285257	5.920551	-0.00839729	-1.547903
34.48	-7.378812	-7.50889	0.06133032	-7	-0.4182624	-0.6408788	7.04047	-0.0236649	-1.08214
34.5	-7.311965	-7.4406	0.3702558	-7	-0.4222973	-0.6675839	7.505955	-0.05419883	-1.067934
34.52	-7.329624	-7.4406	0.2240469	-7	-0.3999119	-0.6333364	5.922825	0.052671	-1.415606
34.54	-7.374659	-7.50889	-0.004716039	-7	-0.4437846	-0.6662287	6.742211	-0.00839729	-1.283379
34.56	-7.397519	-7.50889	-0.118392	-7	-0.4458747	-0.6704618	7.62641	-0.03893165	-1.02582
34.58	-7.311901	-7.4406	0.3012729	-7	-0.439741	-0.7001709	8.838805	-0.03893165	-0.8519421
34.6	-7.37918	-7.50889	-0.05414546	-7	-0.4210302	-0.6963911	8.025265	0.03740425	-1.286341
34.62	-7.362529	-7.50889	0.05257994	-7	-0.435562	-0.7157682	9.573224	0.02213707	-0.8722563
34.64	-7.360779	-7.50889	0.07132953	-7	-0.4208431	-0.7313445	10.06818	-0.1000004	-0.9395809
34.66	-7.357175	-7.50889	0.1010738	-7	-0.3999186	-0.7229628	10.29477	-0.0236649	-0.9123259
34.68	-7.373901	-7.50889	0.0240165	-7	-0.3563008	-0.6694248	9.627908	0.09847297	-0.8994694
34.7	-7.365511	-7.50889	0.09037554	-7	-0.3345655	-0.642942	9.675561	0.03740425	-0.7682076
34.72	-7.342652	-7.50889	0.2335103	-7	-0.3360936	-0.6631216	10.10915	0.06793861	-0.7980347
34.74	-7.370871	-7.50889	0.09639502	-7	-0.2984482	-0.6078754	8.846098	0.03740425	-0.9292583
34.76	-7.35257	-7.50889	0.2175002	-7	-0.3050918	-0.6073099	9.234695	0.03740425	-0.7554607
34.78	-7.26074	-7.4406	0.6753944	-7	-0.3202975	-0.6488522	9.508126	-0.03893165	-0.8674898
34.8	-7.348256	-7.50889	0.210892	-7	-0.3199205	-0.6270666	7.564335	-0.05419883	-1.40027
34.82	-7.29065	-7.4406	0.4871022	-7	-0.3370705	-0.6074114	7.922539	-0.00839729	-0.9208307
34.84	-7.354961	-7.50889	0.1526326	-7	-0.3614335	-0.6350469	7.550648	-0.03893165	-1.244029
34.86	-7.310775	-7.4406	0.3536744	-7	-0.3576193	-0.612087	7.827388	-0.00839729	-0.885602
34.88	-7.351031	-7.50889	0.1510887	-7	-0.3884157	-0.6660206	8.391275	-0.03893165	-1.103141
34.9	-7.390669	-7.50889	-0.04989725	-7	-0.3645485	-0.6247265	8.39706	-0.0236649	-0.8701935
34.92	-7.372885	-7.50889	0.06515646	-7	-0.3589558	-0.6381689	9.70676	-0.03893165	-0.5967236
34.94	-7.366677	-7.50889	0.1134039	-7	-0.3336349	-0.6419165	10.07527	-0.05419883	-0.6581841
34.96	-7.425626	-7.577179	-0.1368108	-7	-0.3194391	-0.6404998	10.55758	-0.00839729	-0.6549463
34.98	-7.362958	-7.50889	0.2163168	-7	-0.2787229	-0.6115532	11.28556	0.02213707	-0.2998257
35	-7.350327	-7.50889	0.297191	-7	-0.237417	-0.5881307	10.40019	-0.05419883	-0.614789
35.02	-7.298018	-7.50889	0.5940483	-7	-0.269926	-0.644749	11.19704	0.2053428	-0.6741076
35.04	-7.321415	-7.50889	0.4689036	-7	-0.2616261	-0.6269528	9.84194	0.190076	-1.005681
35.06	-7.325164	-7.50889	0.4540975	-7	-0.2761076	-0.6137827	9.582244	0.1595417	-0.8874855
35.08	-7.322408	-7.50889	0.4709611	-7	-0.2985865	-0.6336787	9.756515	-0.0236649	-0.8818617
35.1	-7.261918	-7.4406	0.7429823	-7	-0.3004833	-0.6336645	9.391813	-0.2679393	-0.907939
35.12	-7.324892	-7.50889	0.4017618	-7	-0.3259473	-0.6490633	8.632865	-0.05419883	-1.241541
35.14	-7.264905	-7.4406	0.6751567	-7	-0.3482766	-0.6577051	9.286288	0.006869889	-0.8954458
35.16	-7.369167	-7.50889	0.112785	-7	-0.3293301	-0.6147723	7.743586	-0.06946601	-1.217679
35.18	-7.286388	-7.4406	0.5227705	-7	-0.346922	-0.6264474	9.40388	-0.00839729	-0.5949535
35.2	-7.292746	-7.4406	0.4451319	-7	-0.3262043	-0.6251371	8.438646	0.006869889	-1.028461
35.22	-7.266986	-7.4406	0.5512446	-7	-0.3533438	-0.6557748	9.05201	-0.0236649	-0.954216
35.24	-7.370758	-7.50889	0.009043753	-7	-0.3397707	-0.6213061	8.223848	0.02213707	-1.086516
35.26	-7.334668	-7.50889	0.2313077	-7	-0.379998	-0.686079	11.2115	-0.1305347	-0.4627218
35.28	-7.367213	-7.50889	0.06845337	-7	-0.3253024	-0.6596838	10.92525	0.006869889	-0.6391954
35.3	-7.356311	-7.50889	0.1518514	-7	-0.2874078	-0.6284916	11.50481	0.052671	-0.3858137
35.32	-7.425787	-7.577179	-0.1444559	-7	-0.2449422	-0.5936072	11.50751	0.06793861	-0.3986788
35.34	-7.327017	-7.50889	0.4173215	-7	-0.2240102	-0.605803	13.22918	0.06793861	0.02778339
35.36	-7.240024	-7.4406	0.8510011	-7	-0.1805561	-0.6023492	11.98948	-0.0236649	-0.5098238
35.38	-7.288541	-7.50889	0.6085353	-7	-0.1936125	-0.5966082	10.36029	0.190076	-1.000938
35.4	-7.318516	-7.50889	0.4675437	-7	-0.2060601	-0.5566214	9.713698	-0.1000004	-0.7766047
35.42	-7.304763	-7.50889	0.559422	-7	-0.2454375	-0.5974445	10.58138	-0.05419883	-0.6328697
35.44	-7.230674	-7.4406	0.9126855	-7	-0.2647717	-0.6385502	10.80902	-0.08473319	-0.7350082
35.46	-7.240644	-7.4406	0.8081535	-7	-0.2706788	-0.6333352	9.28955	-0.06946601	-1.158916
35.48	-7.312641	-7.50889	0.4290342	-7	-0.3126675	-0.6423845	9.241604	0.02213707	-1.106194
35.5	-7.368028	-7.50889	0.1409094	-7	-0.2950496	-0.5856185	9.216494	-0.03893165	-0.708149
35.52	-7.364437	-7.50889	0.1788856	-7	-0.280933	-0.5799111	10.42504	-0.00839729	-0.3449402
35.54	-7.348954	-7.50889	0.2795722	-7	-0.258931	-0.5942265	11.31172	-0.03893165	-0.3131237
35.56	-7.327243	-7.50889	0.4125097	-7	-0.2423435	-0.6114017	11.95	0.06793861	-0.3557777
35.58	-7.317818	-7.50889	0.4768834	-7	-0.2230308	-0.6100214	11.96297	0.02213707	-0.4505968
35.6	-7.299676	-7.50889	0.5878743	-7	-0.2227797	-0.623825	12.23662	-0.08473319	-0.4863024
35.62	-7.291812	-7.50889	0.6388521	-7	-0.2254341	-0.6362611	12.22195	-0.0236649	-0.5881481
35.64	-7.30934	-7.50889	0.550938	-7	-0.2094453	-0.6044214	11.47953	0.006869889	-0.6363306
35.66	-7.29172	-7.50889	0.6558117	-7	-0.2269033	-0.6234783	12.02019	0.006869889	-0.5301619
35.68	-7.218285	-7.4406	1.002843	-7	-0.2303692	-0.6413371	11.87006	-0.03893165	-0.6370678
35.7	-7.30479	-7.50889	0.5384134	-7	-0.22785	-0.6119984	10.12322	-0.00839729	-1.050374
35.72	-7.221189	-7.4406	0.9493282	-7	-0.2669919	-0.6398293	11.42353	-0.08473319	-0.5655165
35.74	-7.296435	-7.50889	0.5444855	-7	-0.2831657	-0.6662671	10.71078	-0.00839729	-1.039274
35.76	-7.243909	-7.4406	0.783417	-7	-0.2870659	-0.652522	11.32721	-0.0236649	-0.6090994
35.78	-7.381847	-7.577179	0.09857595	-7	-0.296131	-0.6649031	11.25498	-0.0236649	-0.8717861
35.8	-7.318052	-7.50889	0.4551501	-7	-0.2902597	-0.669498	13.66796	0.006869889	-0.07043648
35.82	-7.310695	-7.50889	0.4986762	-7	-0.2444997	-0.6708639	13.59661	0.006869889	-0.3740921
35.84	-7.2124	-7.4406	0.9871088	-7	-0.2237253	-0.6741083	13.82345	-0.1152675	-0.3634129
35.86	-7.283006	-7.50889	0.6156383	-7	-0.2066458	-0.6480834	12.05373	-0.03893165	-0.8961496
35.88	-7.313285	-7.50889	0.4732249	-7	-0.1914004	-0.5799397	11.64635	0.03740425	-0.500123
35.9	-7.315997	-7.50889	0.4827642	-7	-0.180592	-0.5617247	11.89072	-0.0236649	-0.3164625
35.92	-7.309455	-7.50889	0.540411	-7	-0.1713773	-0.5627243	12.16457	0.052671	-0.2877531
35.94	-7.295067	-7.50889	0.6371007	-7	-0.1717483	-0.5794233	12.53038	0.2358772	-0.3154421
35.96	-7.354076	-7.577179	0.3841968	-7	-0.1832336	-0.6026093	12.97834	-0.00839729	-0.3967113
35.98	-7.26418	-7.50889	0.8758273	-7	-0.1982085	-0.651315	14.77837	-0.1458019	-0.07125854
36	-7.274234	-7.50889	0.8143867	-7	-0.1672567	-0.6379941	13.42252	-0.00839729	-0.5758781
36.02	-7.275311	-7.50889	0.8098198	-7	-0.1623042	-0.606259	12.8331	-0.00839729	-0.509861
36.04	-7.272418	-7.50889	0.8274139	-7	-0.1722111	-0.6068766	12.67958	0.006869889	-0.5087004
36.06	-7.24842	-7.50889	0.9550527	-7	-0.2109779	-0.6621412	13.44694	-0.0236649	-0.5344486
36.08	-7.247899	-7.50889	0.9459422	-7	-0.2352715	-0.6995987	13.59438	-0.06946601	-0.6887503
36.1	-7.362763	-7.577179	0.3654797	-7	-0.2155067	-0.6428475	12.6317	-0.03893165	-0.6956253
36.12	-7.298631	-7.50889	0.7100009	-7	-0.1996733	-0.6177412	14.0178	-0.0236649	-0.01869297
36.14	-7.220687	-7.4406	1.07283	-7	-0.1585592	-0.606729	13.21385	-0.05419883	-0.3373566
36.16	-7.186284	-7.4406	1.20741	-7	-0.1726391	-0.6256489	12.25912	-0.00839729	-0.7442579
36.18	-7.253455	-7.50889	0.8471396	-7	-0.2172065	-0.6476889	11.71533	-0.05419883	-0.9559431
36.2	-7.298773	-7.50889	0.6057266	-7	-0.2231169	-0.6124779	11.7296	-0.03893165	-0.6032782
36.22	-7.284956	-7.50889	0.6862091	-7	-0.2430144	-0.6490777	13.25653	-0.1610691	-0.3228989
36.24	-7.322659	-7.50889	0.484211	-7	-0.1918693	-0.5955521	12.54251	-0.1000004	-0.3735018
36.26	-7.301319	-7.50889	0.6138006	-7	-0.1774869	-0.5887381	13.44639	0.1137401	-0.09921265
36.28	-7.229079	-7.4406	0.964144	-7	-0.1405052	-0.5719337	13.114	-0.00839729	-0.185195
36.3	-7.186112	-7.4406	1.159666	-7	-0.1580345	-0.6111679	12.7526	-0.03893165	-0.5600662
36.32	-7.199123	-7.4406	1.051331	-7	-0.1700732	-0.601042	11.48302	-0.0236649	-0.8200455
36.34	-7.263728	-7.50889	0.7214365	-7	-0.2208377	-0.6301273	11.85583	-0.03893165	-0.7584915
36.36	-7.30888	-7.50889	0.4932706	-7	-0.2144676	-0.6005499	12.22691	-0.0236649	-0.4105978
36.38	-7.329819	-7.50889	0.4007528	-7	-0.1773185	-0.5581648	12.6214	-0.0236649	-0.115262
36.4	-7.285808	-7.50889	0.6627754	-7	-0.1789155	-0.6061531	14.46038	-0.0236649	0.06277657
36.42	-7.340084	-7.577179	0.4361442	-7	-0.1674714	-0.6364441	15.08943	0.190076	-0.1574411
36.44	-7.254374	-7.50889	0.9099737	-7	-0.1514329	-0.6537488	16.57106	0.03740425	0.1691103
36.46	-7.249154	-7.50889	0.940727	-7	-0.1121055	-0.6387452	15.44654	-0.05419883	-0.2904043
36.48	-7.310028	-7.577179	0.6728826	-7	-0.111944	-0.6202147	15.13017	0.006869889	-0.3098974
36.5	-7.162532	-7.4406	1.42254	-7	-0.1104484	-0.62999	15.88361	-0.0236649	0.01669216
36.52	-7.152032	-7.4406	1.423333	-7	-0.1078445	-0.6356694	13.54446	0.02213707	-0.8203201
36.54	-7.204341	-7.50889	1.144459	-7	-0.1792257	-0.6718875	13.28286	-0.0236649	-0.910305
36.56	-7.25015	-7.50889	0.8944845	-7	-0.2059235	-0.6610425	13.2559	-0.05419883	-0.6717024
36.58	-7.270493	-7.50889	0.7834336	-7	-0.2108293	-0.6536223	13.78033	-0.03893165	-0.4095888
36.6	-7.300834	-7.50889	0.6215858	-7	-0.1724241	-0.6027859	13.5192	-0.06946601	-0.2620544
36.62	-7.180436	-7.4406	1.229359	-7	-0.1861753	-0.6592979	15.2787	0.006869889	-0.03303337
36.64	-7.234201	-7.50889	0.9386526	-7	-0.1913228	-0.6976929	14.5282	-0.0236649	-0.6896982
36.66	-7.239468	-7.50889	0.9151462	-7	-0.2052189	-0.6981472	15.2442	0.1290069	-0.3813829
36.68	-7.182842	-7.4406	1.17156	-7	-0.1833889	-0.6828691	15.09615	-0.1000004	-0.335948
36.7	-7.263375	-7.50889	0.7459968	-7	-0.1617592	-0.6412711	13.74326	-0.05419883	-0.6194334
36.72	-7.266395	-7.50889	0.7508368	-7	-0.1628307	-0.6215115	14.63026	-0.00839729	-0.1438341
36.74	-7.331955	-7.577179	0.4665304	-7	-0.1573085	-0.6345626	15.47214	0.006869889	-0.1042671
36.76	-7.280055	-7.50889	0.7624967	-7	-0.1063887	-0.5943685	16.1888	-0.0236649	0.2893362
36.78	-7.212938	-7.50889	1.13856	-7	-0.1135397	-0.6655759	17.28213	0.052671	0.04769325
36.8	-7.208483	-7.50889	1.164952	-7	-0.1040781	-0.6740448	16.4988	-0.00839729	-0.3395243
36.82	-7.139683	-7.4406	1.487749	-7	-0.1021317	-0.6577399	15.70366	-0.03893165	-0.3770618
36.84	-7.14465	-7.4406	1.413108	-7	-0.1125731	-0.6413715	13.84752	-0.05419883	-0.7807865
36.86	-7.150094	-7.4406	1.342426	-7	-0.1552569	-0.6437554	13.17559	-0.00839729	-0.7806463
36.88	-7.258192	-7.50889	0.7705688	-7	-0.178109	-0.6199969	12.40787	-0.06946601	-0.7786074
36.9	-7.273156	-7.50889	0.7080654	-7	-0.1987526	-0.6245984	14.05372	0.02213707	-0.1652689
36.92	-7.35101	-7.577179	0.3531594	-7	-0.1843341	-0.6350906	15.23599	0.09847297	-0.04609776
36.94	-7.300109	-7.50889	0.6433643	-7	-0.116588	-0.5854757	16.30274	0.006869889	0.448163
36.96	-7.251923	-7.50889	0.9213586	-7	-0.07955468	-0.603902	16.83443	0.190076	0.2438059
36.98	-7.247881	-7.50889	0.9597904	-7	-0.03639445	-0.5691174	15.88495	0.3580146	0.0009250641
37	-7.206678	-7.50889	1.201909	-7	-0.05620828	-0.6034209	16.42636	0.052671	-0.01242065
37.02	-7.204374	-7.50889	1.222223	-7	-0.06771451	-0.622795	15.94386	-0.03893165	-0.277626
37.04	-7.196084	-7.50889	1.270612	-7	-0.09763974	-0.6495664	16.02467	-0.0236649	-0.3195143
37.06	-7.216102	-7.50889	1.159893	-7	-0.1044445	-0.6403962	15.42119	-0.0236649	-0.3966417
37.08	-7.226249	-7.50889	1.104357	-7	-0.1122405	-0.6299532	15.32129	-0.00839729	-0.2915077
37.1	-7.233741	-7.50889	1.063297	-7	-0.1138822	-0.6245106	15.32912	-0.08473319	-0.2324991
37.12	-7.307843	-7.577179	0.7154887	-7	-0.1177469	-0.623129	15.65281	-0.03893165	-0.1793013
37.14	-7.235938	-7.50889	1.102899	-7	-0.1083613	-0.631942	17.11107	-0.05419883	0.2521038
37.16	-7.209812	-7.50889	1.235648	-7	-0.098729	-0.66524	17.06466	-0.03893165	-0.1219425
37.18	-7.210727	-7.50889	1.222765	-7	-0.08951554	-0.6515939	16.43484	-0.03893165	-0.2594824
37.2	-7.210948	-7.50889	1.216831	-7	-0.09282124	-0.6423525	16.15049	-0.03893165	-0.2509909
37.22	-7.201439	-7.50889	1.263043	-7	-0.1121348	-0.6639744	16.41014	-0.00839729	-0.2515583
37.24	-7.226019	-7.50889	1.122551	-7	-0.1000493	-0.6357155	15.6704	-0.00839729	-0.3114529
37.26	-7.289374	-7.577179	0.8307515	-7	-0.116652	-0.6430455	16.31556	0.03740425	-0.1576347
37.28	-7.246273	-7.50889	1.058861	-7	-0.0827755	-0.6087364	16.80982	-0.0236649	0.2053623
37.3	-7.168473	-7.4406	1.424406	-7	-0.04112391	-0.5815988	15.93042	-0.0236649	0.006520271
37.32	-7.138858	-7.4406	1.536449	-7	-0.0509508	-0.59074	14.76007	-0.05419883	-0.4060116
37.34	-7.063808	-7.372311	1.843971	-7	-0.08411595	-0.6050504	13.74744	0.006869889	-0.5950584
37.36	-7.148335	-7.4406	1.343682	-7	-0.1317279	-0.6108577	11.98534	-0.00839729	-1.047002
37.38	-7.253647	-7.50889	0.7923603	-7	-0.1834684	-0.6052666	12.57563	-0.0236649	-0.5987015
37.4	-7.282979	-7.50889	0.6517113	-7	-0.1903065	-0.610898	14.47858	-0.08473319	0.006428719
37.42	-7.355213	-7.577179	0.3306648	-7	-0.1628315	-0.6197348	16.19297	-0.3748096	0.2384205
37.44	-7.287395	-7.50889	0.7161551	-7	-0.08956191	-0.5886027	17.85209	0.2816787	0.727581
37.46	-7.261827	-7.50889	0.8757938	-7	-0.01094952	-0.5565917	17.47523	-0.1763363	0.441493
37.48	-7.151296	-7.4406	1.448932	-7	0.02358902	-0.5478135	17.28436	0.1748089	0.3504715
37.5	-7.24089	-7.577179	1.041138	-7	-0.0153614	-0.6073133	16.85306	1.808397	-0.2730808
37.52	-7.290223	-7.50889	0.7953571	-7	0.07486001	-0.420873	14.36654	3.51832	0.1687765
37.54	-7.245086	-7.50889	1.076996	-7	0.06782779	-0.4207426	15.17061	0.525954	0.4823847
37.56	-7.297633	-7.50889	0.8215908	-7	0.1336727	-0.3217517	12.73353	2.587022	0.2027206
37.58	-7.256196	-7.50889	1.085525	-7	0.1074316	-0.3389753	13.64283	0.4190837	0.5050726
37.6	-7.28227	-7.50889	0.9701291	-7	0.1278037	-0.3099058	12.34701	-0.3290081	0.2291145
37.62	-7.271049	-7.50889	1.058279	-7	0.1110372	-0.3125257	12.50346	0.08320579	0.3585215
37.64	-7.243032	-7.50889	1.226578	-7	0.06774417	-0.3805085	13.32134	0.09847297	0.2641125
37.66	-7.222337	-7.50889	1.339829	-7	0.01861018	-0.4598035	14.04408	-0.05419883	0.06665802
37.68	-7.205399	-7.4406	1.371496	-7	0.0476367	-0.4017121	12.24458	-0.1000004	-0.08387184
37.7	-7.181425	-7.4406	1.453284	-7	0.0134224	-0.4189595	11.89601	0.06793861	-0.161458
37.72	-7.262634	-7.50889	1.018167	-7	-0.02387136	-0.4352899	11.50978	0.052671	-0.3139839
37.74	-7.265675	-7.50889	1.006469	-7	-0.06462996	-0.4747055	13.27352	-0.03893165	0.1377583
37.76	-7.311891	-7.50889	0.7558029	-7	-0.02029255	-0.4275378	12.89218	0.052671	0.1759167
37.78	-7.297919	-7.50889	0.8433543	-7	0.001896843	-0.4144374	13.94181	-0.00839729	0.5078526
37.8	-7.275089	-7.50889	0.9783099	-7	0.0206366	-0.4338982	14.73599	-0.03893165	0.4822445
37.82	-7.271885	-7.50889	1.006357	-7	0.05180889	-0.4185556	14.58068	0.006869889	0.3894405
37.84	-7.283975	-7.50889	0.9565143	-7	0.0930675	-0.3636232	13.82045	-0.03893165	0.3999529
37.86	-7.174425	-7.4406	1.516129	-7	0.08393297	-0.3942944	14.51664	0.006869889	0.492137
37.88	-7.218699	-7.50889	1.286987	-7	0.05227888	-0.4468322	13.76142	-0.05419883	-0.1365995
37.9	-7.237559	-7.50889	1.193239	-7	0.02651	-0.4465629	13.94971	-0.08473319	0.07539272
37.92	-7.175267	-7.4406	1.481768	-7	0.02004185	-0.4551804	14.11295	-0.0236649	0.1711874
37.94	-7.293299	-7.50889	0.8509065	-7	0.05988254	-0.3698197	11.70287	-0.00839729	-0.1693535
37.96	-7.284832	-7.50889	0.9225108	-7	0.0438918	-0.3575555	13.19788	-0.00839729	0.5248156
37.98	-7.178825	-7.4406	1.458442	-7	0.02641425	-0.4362915	14.71477	-0.05419883	0.4945192
38	-7.270701	-7.50889	0.9698691	-7	0.05394806	-0.4070098	12.88887	-0.0236649	-0.09056568
38.02	-7.263819	-7.50889	1.028558	-7	0.03876653	-0.4013997	14.10538	-0.03893165	0.4471407
38.04	-7.263483	-7.50889	1.044666	-7	0.04793891	-0.4157196	14.58744	-0.03893165	0.4209118
38.06	-7.327912	-7.577179	0.7622923	-7	0.05420494	-0.4206105	15.16254	-0.05419883	0.4429598
38.08	-7.269711	-7.50889	1.088448	-7	0.09365687	-0.3917228	15.95248	0.006869889	0.8247099
38.1	-7.309071	-7.577179	0.9375306	-7	0.1087042	-0.4084528	16.05609	0.02213707	0.5368357
38.12	-7.144485	-7.4406	1.779681	-7	0.1148837	-0.4337438	17.00597	0.006869889	0.7609291
38.14	-7.293079	-7.577179	1.025853	-7	0.1327159	-0.4047159	14.20996	-0.00839729	-0.1702194
38.16	-7.218858	-7.50889	1.434999	-7	0.09967461	-0.4037683	15.79652	-0.00839729	0.6414938
38.18	-7.205604	-7.50889	1.498132	-7	0.08345595	-0.4543903	15.57511	-0.1152675	0.2029314
38.2	-7.218172	-7.50889	1.419239	-7	0.07599005	-0.4456725	14.9267	-0.0236649	0.110178
38.22	-7.199289	-7.50889	1.510834	-7	0.03516093	-0.4907775	15.65413	-0.03893165	0.174016
38.24	-7.244732	-7.50889	1.249204	-7	0.05729714	-0.443558	14.38735	-0.00839729	0.05247593
38.26	-7.32217	-7.577179	0.8793279	-7	0.05539688	-0.4163991	14.73647	0.006869889	0.3353748
38.28	-7.232416	-7.50889	1.359477	-7	0.04801711	-0.4577371	16.88256	-0.0236649	0.7939939
38.3	-7.183144	-7.4406	1.55941	-7	0.1115941	-0.4128798	15.06349	-0.05419883	0.3174562
38.32	-7.13208	-7.4406	1.783844	-7	0.08191305	-0.4442268	14.6991	0.3580146	0.08273506
38.34	-7.199966	-7.50889	1.414743	-7	0.03413084	-0.478857	14.1383	3.060304	-0.2306719
38.36	-7.279364	-7.50889	0.9865054	-7	0.06120308	-0.3821974	13.0472	0.5870223	0.1243305
38.38	-7.269557	-7.50889	1.053451	-7	0.05681749	-0.381656	14.45881	0.1595417	0.6151609
38.4	-7.292391	-7.50889	0.9412054	-7	0.105403	-0.3410339	14.14376	0.1290069	0.5954752
38.42	-7.182557	-7.4406	1.501297	-7	0.1122197	-0.3661528	15.25754	0.2053428	0.7803125
38.44	-7.160306	-7.4406	1.581676	-7	0.1154413	-0.3921018	14.21935	1.533587	0.1823854
38.46	-7.198661	-7.4406	1.341533	-7	0.1380264	-0.3151209	12.10664	1.976335	0.0517025
38.48	-7.236279	-7.50889	1.169679	-7	0.07640514	-0.3633144	13.29997	-0.1305347	0.2750311
38.5	-7.218973	-7.4406	1.232293	-7	0.1032598	-0.323053	12.98171	-0.08473319	0.4617472
38.52	-7.295147	-7.50889	0.8509052	-7	0.1226659	-0.2879251	12.45948	0.1748089	0.4064007
38.54	-7.299612	-7.50889	0.8644034	-7	0.1379321	-0.2664174	13.53156	0.02213707	0.865222
38.56	-7.291174	-7.50889	0.9445087	-7	0.1664286	-0.2662345	14.20975	-0.06946601	0.9259663
38.58	-7.345274	-7.577179	0.7371991	-7	0.1851814	-0.2699042	14.84725	0.006869889	0.9109926
38.6	-7.345084	-7.577179	0.8190131	-7	0.2189147	-0.2536412	15.94382	0.06793861	1.230458
38.62	-7.258713	-7.50889	1.30671	7	0.2655761	-0.2439724	18.09594	-0.0236649	1.743998
38.64	-7.221966	-7.50889	1.520509	7	0.3152561	-0.257952	19.90632	0.7854961	1.821193
38.66	-7.129187	-7.4406	1.986677	7	0.3834311	-0.2434168	21.91782	2.205343	2.198686
38.68	-7.215472	-7.50889	1.547622	7	0.5006853	-0.1403791	22.03201	3.838931	2.295247
38.7	-7.050564	-7.4406	2.43578	7	0.5266059	-0.2074327	27.87476	4.190076	3.437382
38.72	-7.254037	-7.50889	1.381457	7	0.8040978	0.08499031	24.40211	4.877099	3.143248
38.74	-7.128762	-7.50889	2.165105	7	0.8807133	0.105355	31.28505	6.006869	5.049947
38.76	-7.217575	-7.50889	1.781482	7	1.191355	0.3676623	29.68592	6.724427	5.00602
38.78	-7.059947	-7.50889	2.775012	7	1.303622	0.3728625	35.60753	9.197709	6.264902
38.8	-7.194613	-7.50889	2.179252	7	1.680374	0.7627222	30.94239	8.052671	5.999185
38.82	-7.017413	-7.50889	3.325155	7	1.777669	0.7935531	36.53249	13.31985	7.481744
38.84	-7.05901	-7.50889	3.26077	7	2.033549	0.9948542	34.34257	7.793128	7.029895
38.86	-7.028263	-7.50889	3.614191	7	2.216491	1.194142	34.81095	12.38855	7.862411
38.88	-5.674918	-6.211386	10.12042	7	2.517757	1.419313	30.3006	9.182441	8.236045
38.9	-5.512979	-6.143096	10.17437	7	2.604308	1.652969	4.024078	11.10611	1.179819
38.92	-7.455922	-7.850338	0.3071047	7	2.18174	1.991197	-7.874582	8.754961	0.4939857
38.94	-7.797379	-7.782049	-0.9095089	7	2.005783	2.187855	17.42433	-11.97786	11.58906
38.96	-6.630217	-6.825994	5.18241	7	2.247999	1.701783	40.20097	-14.17634	14.36111
38.98	-6.253264	-6.825994	6.938172	7	2.522784	1.333454	38.82866	8.892365	8.858785
39	-6.229215	-6.825994	6.844182	7	2.733994	1.589105	31.66208	19.8542	7.486241
39.02	-6.395582	-6.757704	5.757999	7	3.05776	2.248505	20.73805	14.8313	7.97472
39.04	-6.720737	-7.099152	4.185763	7	3.099868	2.481164	21.65782	6.373281	9.609544
39.06	-6.744928	-7.167441	4.302896	7	3.111884	2.406759	31.81464	1.533587	12.02261
39.08	-5.234877	-5.801648	11.62158	7	3.351558	2.296702	36.53664	5.640457	12.81054
39.1	-6.910535	-7.4406	3.0024	7	3.4813	2.549208	14.91023	13.36565	5.041871
39.12	-7.580296	-7.577179	0.09083396	7	3.762478	3.530515	23.58393	13.27404	14.91318
39.14	-5.920879	-6.416255	8.860047	7	3.851854	2.946376	51.20754	-7.077099	19.5833
39.16	-5.919773	-6.552835	8.635204	7	4.305413	2.915961	34.76733	18.89236	11.00899
39.18	-6.064451	-6.825994	7.950037	7	4.252266	3.08692	32.16779	20.66336	11.59109
39.2	-7.075969	-7.235731	2.91988	7	4.745579	4.125856	17.45621	4.388549	12.71922
39.22	-5.510377	-6.074806	11.0382	7	4.67824	3.888337	38.07154	2.464885	19.14277
39.24	-5.745559	-6.484545	9.602136	7	4.758438	3.587032	24.42795	-1.580916	10.83899
39.26	-5.747898	-6.484545	9.492182	7	4.567365	3.642058	24.89444	3.426717	12.49833
39.28	-5.500408	-5.801648	10.21414	7	4.938647	4.349406	10.7293	16.44962	12.84362
39.3	-5.492169	-6.143096	10.0292	7	4.591182	4.019168	13.42183	-4.954962	12.18499
39.32	-4.970926	-5.18704	11.87876	7	4.881798	4.59415	0.3301502	0.6938925	12.46264
39.34	-5.408415	-5.801648	9.164463	7	4.615222	4.496623	-5.293356	1.579388	10.32695
39.36	-6.162753	-6.484545	5.316431	7	4.223354	4.236549	7.00334	-0.4511455	13.24978
39.38	-5.934539	-5.801648	6.249973	7	4.666602	4.717621	14.31315	-0.3137409	18.14888
39.4	-4.913239	-5.18704	11.08508	7	4.888128	4.462865	23.39109	-1.428245	18.16831
39.42	-4.302634	-4.777303	13.41915	7	5.101312	4.420695	12.70226	4.159542	13.39389
39.44	-3.604498	-4.094406	15.83461	7	5.143733	4.701494	-4.637088	19.56412	10.67875
39.46	-4.299027	-4.435854	11.15934	7	5.13844	5.397705	-32.25797	10.41908	7.301021
39.48	-4.318045	-4.435854	10.35828	7	4.589135	5.324599	-25.6761	-1.535115	11.77237
39.5	-4.203496	-4.094406	10.03844	7	4.444099	5.215499	-23.72733	-10.78702	12.45387
39.52	-3.426514	-3.684668	13.07354	7	3.97396	4.390126	-9.033395	-17.24504	12.79055
39.54	-3.639462	-3.411509	10.59149	7	4.321365	4.907976	-28.10244	-0.8633592	9.270907
39.56	-2.080416	-2.045715	16.93404	7	4.227401	4.96107	-28.09883	0.3274806	11.75358
39.58	-3.184971	-3.13835	9.870255	7	3.944863	4.84858	-48.3287	-3.474046	4.028544
39.6	-1.561177	-1.772556	16.72949	7	3.143212	4.068926	-23.89722	-1.962596	11.05908
39.62	-1.709484	-1.294529	13.66178	7	3.505046	4.599636	-57.92214	-11.26031	2.820314
39.64	-1.069363	-1.294529	15.26929	7	2.451149	3.640896	-42.04408	-11.97786	5.09418
39.66	-0.5626556	0.002975464	15.23376	7	2.683284	4.224949	-66.36867	-12.11527	2.273672
39.68	-0.1207729	-0.06531429	15.30873	7	1.80644	3.422443	-61.8322	-24.35954	1.060627
39.7	0.468177	0.9590311	15.57468	7	1.564221	3.440079	-73.54161	-17.91679	-0.3927727
39.72	0.5159817	0.6858721	13.46662	7	0.638642	2.504543	-66.84866	-22.78702	-2.136913
39.74	-0.00266403	0.6858721	8.52445	7	0.3530813	2.481626	-66.69121	-23.39771	-1.129407
39.76	1.137766	1.573638	12.19848	7	-0.1280411	1.676445	-40.29884	-26.35954	3.686419
39.78	0.9788278	1.573638	9.045516	7	0.02325374	1.516441	-45.43061	-23.85572	-0.8051014
39.8	2.726675	2.597983	15.78643	7	-0.622934	0.2954799	-16.62875	-4.435878	2.19113
39.82	2.192413	2.597983	10.34937	7	-0.1964637	0.7375007	-44.85749	-3.489313	-6.022165
39.84	2.834719	2.597983	11.7849	7	-1.073924	-0.2098688	-17.71922	-2.084733	-1.024704
39.86	3.622184	3.827197	13.17812	7	-0.8280705	-0.1284284	-25.87611	-6.741221	-3.28229
39.88	4.104023	3.827197	13.31678	7	-1.333732	-0.8314668	-21.57954	-24.28321	-5.74607
39.9	5.446615	5.056413	17.40638	7	-1.77715	-1.468106	-19.24083	-8.435878	-7.073393
39.92	5.584793	5.466149	14.9702	7	-1.912768	-1.33787	-43.92349	-10.39008	-13.18382
39.94	5.496448	5.466149	11.78805	7	-2.517048	-1.412746	-48.79707	-19.42824	-12.44068
39.96	5.427381	5.807599	8.801414	7	-2.791132	-1.310335	-50.50449	-23.68778	-10.53563
39.98	4.703155	4.851542	3.368338	7	-3.525818	-2.234513	-26.2497	-32.1	-8.350317
40	4.527493	4.851542	1.089624	7	-3.611111	-2.764291	5.551319	-33.13817	-2.617991
40.02	6.585356	6.353915	9.914151	7	-3.492777	-3.815661	41.64102	-11.09237	0.5629635
40.04	7.306848	6.968522	11.21289	7	-2.761694	-3.718696	21.69483	11.73206	-8.931385
40.06	6.802685	6.422206	6.789808	7	-2.608452	-3.153696	4.99884	24.06794	-11.18467
40.08	6.936082	7.036813	5.729144	7	-2.224365	-2.132861	-5.558695	16.17481	-7.123579
40.1	7.582862	7.583131	7.367264	7	-2.129631	-1.936527	-8.610102	-6.481679	-6.46362
40.12	8.266982	7.924579	9.174232	7	-2.467997	-2.464785	-8.212841	-13.04656	-8.991835
40.14	8.931252	8.402606	10.66224	7	-2.986043	-3.111101	-9.981063	-12.1916	-12.1093
40.16	8.360103	8.197738	5.819567	7	-3.224418	-2.967368	-25.92825	-3.641985	-15.23061
40.18	8.759556	8.675765	6.159186	7	-3.667719	-3.128633	-17.89667	-3.428244	-11.17278
40.2	7.643329	7.856288	-0.8825629	7	-3.779358	-3.123693	-19.91154	-8.466412	-12.4748
40.22	8.13174	8.470897	0.5454125	7	-3.726515	-3.078558	0.8106413	-18.95496	-5.026909
40.24	8.360744	8.470897	0.7113792	7	-3.536945	-3.459697	11.26599	-30.60382	-6.365715
40.26	9.611762	9.222083	5.980774	7	-3.605521	-4.160333	26.90626	-29.76412	-6.419212
40.28	4.35187	3.895488	-19.76746	7	-4.157714	-4.856955	38.5779	-13.73359	-12.58075
40.3	5.163551	5.124701	-13.59613	7	-3.754485	-4.902466	133.7102	21.50305	17.52074
40.32	7.579901	7.309972	-0.7368731	7	-1.389344	-4.557786	148.9749	26.54122	14.79365
40.34	9.546785	8.539186	8.943854	7	0.6132938	-3.23468	107.286	16.32748	3.182223
40.36	9.887071	7.924579	10.58189	7	0.6348419	-2.957783	69.58575	12.81603	-7.436399
40.38	9.562061	7.309972	9.077943	7	-0.4953864	-3.527416	57.44112	31.91527	-10.70217
40.4	8.847254	7.583131	5.09041	7	-0.7625096	-2.768931	30.81724	33.24351	-10.64038
40.42	7.239192	6.968522	-3.149317	7	-0.5670581	-1.284648	5.503481	13.30458	-7.391439
40.44	7.700765	7.309972	-0.3349478	7	-0.9358125	-1.424014	28.46718	-9.901526	1.504623
40.46	6.773715	6.353915	-4.468043	7	-0.9965744	-1.892036	35.52111	-24.93969	-1.252323
40.48	9.023671	8.129447	7.125538	7	-1.170842	-2.725788	64.24936	-28.92443	3.931224
40.5	7.839499	6.558785	1.155715	7	-1.423528	-3.602232	51.4001	7.747328	-8.763528
40.52	6.21021	6.080756	-6.775899	7	-0.733918	-1.813754	34.82758	31.31985	-2.556654
40.54	6.30355	6.422206	-5.475684	7	-0.02848562	-0.7434259	45.22068	17.76259	7.006561
40.56	7.164269	6.763654	-0.3215647	7	0.3861268	-0.9512575	56.40475	2.754961	6.9504
40.58	6.820077	5.739308	-1.027888	7	0.1638691	-1.83715	65.65735	0.8923659	2.083547
40.6	6.931948	6.080756	0.2897511	7	0.4456391	-1.575799	65.56262	29.82366	3.358562
40.62	6.980332	6.422206	0.9484758	7	1.098158	-0.6610034	47.24218	30.92289	2.416804
40.64	7.369777	6.695365	3.292658	7	1.302055	-0.1809431	34.59746	23.79313	1.914495
40.66	6.236472	5.739308	-1.89005	7	1.322591	0.306405	16.3312	22.19007	-0.878643
40.68	6.023433	5.739308	-2.113122	7	1.239785	0.656242	22.06255	2.312213	4.787718
40.7	6.281205	6.012467	-0.1434554	7	1.345295	0.6461218	24.96302	0.2969463	5.498658
40.72	6.613706	6.080756	2.061668	7	1.242979	0.3031083	26.5622	0.3580146	3.696244
40.74	6.52099	6.149047	1.804545	7	1.35949	0.563362	13.58785	13.12137	1.283749
40.76	6.408589	6.149047	1.441189	7	1.343637	0.8941065	4.24412	5.274045	1.374587
40.78	5.910625	5.807599	-0.7653659	7	1.27218	1.138156	-2.031751	-0.8175576	1.56551
40.8	5.960145	5.739308	-0.006850362	7	0.9558486	0.804018	9.094302	-2.787023	3.995696
40.82	5.814016	5.739308	-0.4434865	7	1.029136	0.7896995	8.73482	-3.046565	3.362435
40.84	6.948527	6.695365	5.270745	7	1.03442	0.6239619	11.83768	2.235877	4.092533
40.86	5.643436	5.466149	-1.30652	7	1.005046	0.7393441	-7.041374	1.41145	-2.443159
40.88	6.483184	6.353915	3.087811	7	0.7876729	0.7847912	5.783107	3.564121	4.593154
40.9	7.278539	7.309972	6.410227	7	1.108855	1.053418	-14.31153	-4.527481	-0.2508307
40.92	6.347367	6.080756	1.460826	7	0.5212269	0.7173849	-24.08661	-9.245038	-4.695742
40.94	5.594654	5.875888	-2.362812	7	0.3131798	1.062373	-22.0302	1.991602	0.01580334
40.96	5.479558	5.807599	-2.684949	7	0.2015672	0.870829	-5.203055	-9.275572	4.340243
40.98	7.251932	7.309972	5.968318	7	0.3353738	0.4051182	7.248963	-17.45878	5.301723
41	6.786253	6.353915	3.214754	7	0.02947897	-0.3566824	-2.517215	8.159541	-4.313074
41.02	7.191986	7.378261	4.451603	7	0.3239371	0.5700061	-19.3508	16.73969	-1.916486
41.04	6.679999	6.968522	1.217484	7	0.3143464	1.019386	-36.14613	-0.7412217	-3.899418
41.06	6.767745	7.036813	1.299542	7	-0.04767588	0.911409	-30.59556	-11.22977	-0.9404812
41.08	6.650167	6.763654	0.4547843	7	-0.5101615	0.2176095	-19.6194	-19.24504	-1.375693
41.1	6.900607	6.763654	1.539563	7	-1.025546	-0.7416391	0.3365803	-22.57328	-0.6186275
41.12	7.141696	7.309972	2.089326	7	-0.7526505	-0.6026245	-4.207117	6.358015	-1.845804
41.14	7.052657	7.241681	1.057863	7	-0.5759188	-0.3022606	-11.10515	1.014503	-2.589519
41.16	7.304117	7.309972	1.936282	7	-0.7361992	-0.4970052	-5.714589	-4.344275	-1.644514
41.18	8.693976	8.744054	7.89044	7	-0.5715687	-0.4133948	-13.91835	-0.8175576	-2.818884
41.2	6.99403	6.968522	-1.363445	7	-0.9275328	-0.5036023	-33.24353	-2.832825	-10.28679
41.22	6.793917	7.036813	-2.424505	7	-1.35514	-0.5121722	-11.74665	-2.329008	-0.8156662
41.24	6.60869	7.036813	-3.459567	7	-1.150999	-0.605979	-0.8480139	-7.550382	0.6507864
41.26	6.869885	7.036813	-2.032436	7	-1.008342	-0.919124	15.8202	-12.90916	2.417437
41.28	7.322852	7.036813	0.401154	7	-1.021881	-1.612916	32.04992	2.754961	1.51513
41.3	6.945611	6.968522	-1.629892	7	-0.3927694	-1.00075	19.67945	18.05267	-0.7450171
41.32	7.170979	7.105102	-0.3517063	7	-0.08472769	-0.5633615	20.3343	9.090838	1.850754
41.34	7.098361	7.036813	-0.6048862	7	0.2311345	-0.2297001	13.57423	8.006869	0.7720222
41.36	7.200339	6.900233	0.2228954	7	0.1417389	-0.3847898	18.04268	-0.9244276	1.227598
41.38	7.254151	6.968522	0.6657824	7	0.1707816	-0.4186593	16.66483	8.083205	0.4253941
41.4	7.181538	7.036813	0.3569822	7	0.3351151	-0.102757	9.033968	1.564122	-0.04839993
41.42	7.232017	7.036813	0.7368469	7	0.2951747	-0.03861208	7.365214	3.335114	0.252533
41.44	7.118742	7.036813	0.2080401	7	0.345373	0.1463386	1.536618	0.09847297	-0.2499924
41.46	7.161315	6.968522	0.5756072	7	0.1541754	-0.03002161	4.70112	-0.1916034	0.2378016
41.48	7.097875	7.036813	0.2616413	7	0.1790667	0.04649416	1.263688	-0.4206111	-0.2432117
41.5	8.650864	8.470897	7.584731	7	0.1914183	-0.007339817	-1.701098	0.2358772	0.03363323
41.52	7.844442	7.65142	2.792453	7	-0.01436693	0.006054758	-29.31124	-0.1152675	-8.813782
41.54	7.593772	7.583131	1.183256	7	-0.585283	0.04388004	-27.45088	0.006869889	-4.687093
41.56	7.163561	7.51484	-1.365955	7	-0.7412686	0.1206116	-28.31096	-3.474046	-3.531741
41.58	7.180307	7.583131	-1.497066	7	-0.8503424	0.01887714	-19.52309	-11.33664	-0.9153671
41.6	7.268625	7.583131	-1.234086	7	-0.8835583	-0.265235	-11.35547	-21.00076	-0.6773014
41.62	7.596097	7.65142	0.2720322	7	-1.028958	-0.7843446	-0.1485503	-23.74885	-0.825387
41.64	7.780136	7.583131	1.01903	7	-1.239524	-1.395296	8.511557	3.060304	-2.43882
41.66	7.558781	7.65142	-0.4806466	7	-0.9641901	-1.037942	0.6476121	8.739694	-3.345858
41.68	7.45825	7.51484	-1.098193	7	-0.906332	-0.8793795	2.848583	2.739694	-1.723701
41.7	7.447855	7.583131	-1.242042	7	-0.7116335	-0.6771369	2.927628	-0.6038173	-0.9262114
41.72	7.701292	7.583131	0.0780564	7	-0.7895825	-0.9696381	10.66241	-1.672519	-0.5920753
41.74	7.691068	7.583131	-0.0605818	7	-0.7057496	-1.004849	8.96651	1.380916	-1.964357
41.76	7.705639	7.583131	-0.03510147	7	-0.6731777	-0.952967	8.543602	1.976335	-1.824195
41.78	7.664755	7.583131	-0.2934216	7	-0.6064191	-0.8430888	6.536719	3.350381	-1.874813
41.8	7.670049	7.583131	-0.2789906	7	-0.5858351	-0.7918971	6.280581	-0.9702294	-1.610662
41.82	7.647543	7.583131	-0.4076757	7	-0.5465437	-0.7284531	5.115863	0.2664119	-1.641484
41.84	7.816479	7.65142	0.45111	7	-0.6299474	-0.8761227	7.821897	-0.9549622	-1.515858
41.86	9.536399	9.290372	8.405908	7	-0.5405251	-0.9242257	1.350591	0.2816787	-2.54225
41.88	9.630148	9.290372	7.616324	7	-0.7294012	-0.8938032	-32.17496	-0.1000004	-12.2656
41.9	7.689715	7.583131	-2.682463	7	-1.584521	-0.8606457	-44.26871	-0.1152675	-13.23416
41.92	7.048492	7.583131	-5.911017	7	-1.966382	-0.6795485	-24.06109	-3.840458	-2.81839
41.94	6.885205	7.583131	-6.591133	7	-1.756269	-0.8049315	-4.502098	-16.1	1.187921
41.96	8.781613	9.017213	2.759588	7	-1.463119	-1.331104	15.05002	-25.88626	2.917976
41.98	8.412182	8.197738	0.4646736	7	-1.407713	-1.828806	2.519076	-8.31374	-7.123286
42	7.923335	7.583131	-1.913736	7	-1.818704	-2.126587	12.31668	27.0145	-5.021786
42.02	8.232777	8.470897	-0.6936854	7	-1.287763	-1.379557	5.761515	15.83893	-2.382593
42.04	6.592349	6.968522	-8.708269	7	-0.9441097	-0.7324181	-3.978267	-4.435878	-3.605693
42.06	6.848378	6.968522	-6.383471	7	-1.033825	-1.006894	30.65491	-11.51985	5.877367
42.08	7.133804	7.036813	-4.16234	7	-0.6382438	-1.441728	45.30064	-6.649618	4.618827
42.1	7.470819	6.968522	-1.697316	7	-0.382785	-1.771412	54.66259	15.60992	3.245578
42.12	7.417022	7.036813	-1.479374	7	0.2099299	-1.218106	43.13088	29.16717	1.240935
42.14	7.505681	7.036813	-0.4571602	7	0.4882368	-0.7802537	36.10423	21.02977	1.423627
42.16	8.404185	7.924579	4.218349	7	0.7382544	-0.3982013	23.39165	14.95343	0.5041981
42.18	7.528645	7.036813	-0.03259754	7	0.5938291	-0.1838984	1.098905	3.854198	-5.075496
42.2	7.274732	6.968522	-0.8726342	7	0.2145504	-0.05053838	3.162497	0.6786258	-0.9906969
42.22	7.007913	6.968522	-1.899393	7	0.177678	0.07358813	1.288282	-6.512214	-0.2078209
42.24	7.728229	7.65142	1.837592	7	0.162015	0.02762973	3.179694	-14.08473	1.001745
42.26	8.033219	7.65142	3.256458	7	-0.1551248	-0.5035389	-0.8583107	-6.58855	-3.284186
42.28	7.613839	7.583131	0.7763204	7	-0.1926295	-0.1375677	-18.06582	7.060305	-5.49786
42.3	7.691978	7.65142	1.00418	7	-0.576069	-0.2363093	-15.89619	-3.443512	-3.385789
42.32	7.222053	7.309972	-1.512686	7	-0.8265522	-0.4110657	-16.19972	-9.840458	-4.086613
42.34	7.166892	7.309972	-1.787076	7	-1.01805	-0.6022243	-6.361498	-14.61908	-1.508527
42.36	7.094176	7.241681	-2.139211	7	-1.015599	-0.7971482	0.7262313	-16.55801	-1.077272
42.38	9.10829	9.017213	7.413785	7	-0.8999816	-1.065457	5.417392	1.106106	-0.4272375
42.4	8.327642	8.129447	2.558414	7	-0.9700093	-1.099516	-25.06694	0.3580146	-11.55082
42.42	7.297094	7.309972	-2.83421	7	-1.53215	-0.9565668	-22.91629	4.205343	-7.38613
42.44	7.902443	8.197738	-0.07709408	7	-1.619209	-0.9814795	-9.820273	-6.145802	-1.746292
42.46	8.617467	8.744054	2.845212	7	-1.57396	-1.291194	-11.4736	-19.85572	-4.754112
42.48	7.946371	7.924579	-1.020405	7	-1.85396	-1.580989	-16.29973	-25.18397	-8.469049
42.5	7.973228	7.856288	-1.011833	7	-2.339089	-2.125235	2.246409	-19.73359	-4.655902
42.52	7.06917	7.309972	-5.670032	7	-2.141539	-1.989644	4.286981	8.617557	-4.664014
42.54	8.126896	8.129447	-0.2693262	7	-2.039887	-2.239604	27.13634	3.13664	0.9978037
42.56	7.561978	7.583131	-3.260836	7	-1.549487	-2.067862	16.7388	-2.084733	-4.424422
42.58	7.795486	7.583131	-1.80474	7	-1.510424	-2.076041	28.54271	4.403816	-0.8257723
42.6	8.624336	8.402606	2.19175	7	-1.139399	-1.936841	24.44971	13.22824	-2.007197
42.62	7.440496	7.036813	-3.59195	7	-1.239521	-1.994324	15.77307	7.716793	-6.507589
42.64	7.224448	7.036813	-4.12424	7	-1.254441	-1.77692	28.76827	14.46488	-0.1276569
42.66	7.900612	7.856288	-0.5361764	7	-0.7349043	-1.428618	28.76513	8.907633	1.107146
42.68	7.54799	7.309972	-2.061234	7	-0.5022644	-1.271802	19.61072	-3.306107	-2.458606
42.7	7.762651	7.309972	-0.5115807	7	-0.6713513	-1.468606	27.30143	9.686258	-0.6589384
42.72	7.182489	7.309972	-3.341437	7	-0.05694375	-0.4962688	6.299549	17.62519	-2.243381
42.74	7.2567	7.241681	-2.457891	7	-0.01140186	-0.206557	9.12676	3.014503	1.053267
42.76	7.54931	7.309972	-0.5368984	7	-0.1322306	-0.5553392	13.97355	-5.458779	0.351099
42.78	7.528522	7.241681	-0.3701136	7	-0.2118681	-0.7319751	11.24577	4.281679	-1.707245
42.8	7.658857	7.378261	0.4506741	7	-0.3157136	-0.7765737	9.075222	8.037404	-1.996761
42.82	7.352065	7.309972	-1.077339	7	-0.2142203	-0.4159547	-2.291804	4.70916	-3.099693
42.84	7.406644	7.309972	-0.6238873	7	-0.3925122	-0.4439335	-0.2016602	0.1290069	-1.594868
42.86	7.272074	7.309972	-1.250938	7	-0.3815332	-0.3543966	-4.378765	-1.412977	-2.196471
42.88	8.31238	8.197738	3.782587	7	-0.50132	-0.5488486	-2.71959	-0.5122142	-1.584622
42.9	7.941085	7.856288	1.41078	7	-0.623651	-0.5674016	-21.39272	-1.50458	-7.639169
42.92	7.983579	7.924579	1.299324	7	-1.086704	-0.6840612	-21.07908	0.2969463	-5.856677
42.94	6.671432	6.968522	-5.419402	7	-1.290281	-0.5794981	-25.31548	-3.779389	-6.382078
42.96	6.451714	6.900233	-6.132219	7	-1.401778	-0.617878	-3.324119	-10.13053	1.038564
42.98	6.632096	7.036813	-4.865004	7	-1.090472	-0.8019725	11.60883	-18.63435	2.643085
43	7.093239	6.968522	-2.065731	7	-1.054115	-1.477549	29.58743	-17.38244	2.155218
43.02	8.122358	7.924579	2.974389	7	-0.6134918	-1.420926	24.6038	26.17481	-0.2879162
43.04	7.289352	7.241681	-1.456584	7	-0.2209135	-0.6849364	-3.36727	20.02214	-5.924583
43.06	7.139465	7.241681	-2.031877	7	-0.2157619	-0.0867642	-6.059779	10.35802	-1.367547
43.08	6.879715	7.241681	-3.206046	7	0.02151275	0.4073133	-13.65719	5.51832	-0.7201004
43.1	7.134654	7.241681	-1.576823	7	-0.1593886	0.1418716	-5.323475	-8.634351	0.7081814
43.12	7.569998	7.309972	0.8494505	7	-0.5569705	-0.6961489	5.281368	-7.428245	-0.9843702
43.14	8.17227	8.061158	3.474962	7	-0.4899544	-0.6838837	-5.398845	8.235877	-3.823783
43.16	8.004232	7.856288	2.14242	7	-0.7225219	-0.6731135	-19.66906	-1.962596	-7.352926
43.18	7.881149	7.924579	1.053094	7	-1.033297	-0.5666492	-26.38334	-3.0771	-6.750454
43.2	6.857118	7.036813	-4.196176	7	-1.452709	-0.7409098	-23.87879	-8.634351	-6.254917
43.22	6.666875	7.036813	-4.946315	7	-1.599908	-0.8886449	-4.941808	-15.38244	-0.5563021
43.24	6.764523	7.036813	-4.199871	7	-1.465236	-1.23016	11.27966	-21.82519	0.8737793
43.26	7.098854	6.968522	-2.165756	7	-1.444069	-1.851795	28.82904	-10.84809	0.7967186
43.28	6.702916	6.968522	-4.122749	7	-0.6451163	-1.034481	15.35624	22.98397	-0.8348322
43.3	9.244211	9.085504	8.316324	7	-0.2937062	-0.8503697	16.51095	13.83893	1.896307
43.32	7.695706	7.309972	0.004674792	7	-0.4457927	-0.9180631	-20.81454	14.14427	-12.36113
43.34	7.470291	7.309972	-1.015896	7	-1.08348	-0.7921958	-11.09321	11.8542	-4.318229
43.36	6.765598	7.241681	-4.668612	7	-0.8444944	-0.2395807	-19.2587	-1.321374	-3.482747
43.38	6.926695	7.309972	-3.602984	7	-0.8486476	-0.2341118	-6.958031	-11.30611	0.726759
43.4	7.794314	7.924579	0.7452539	7	-0.7981008	-0.6312994	0.2748728	-15.13817	-0.01053333
43.42	8.099471	7.856288	2.055406	7	-1.030121	-1.226388	-1.691236	6.892365	-4.808072
43.44	7.829803	7.924579	0.2037112	7	-0.9401433	-0.789903	-18.30557	6.678625	-6.776006
43.46	6.724636	7.036813	-5.359865	7	-1.067295	-0.4222473	-22.68775	-3.199237	-5.289497
43.48	6.532202	7.036813	-5.951616	7	-1.054033	-0.2768671	-7.621997	-9.183969	0.9069376
43.5	6.817959	7.036813	-4.025529	7	-1.034869	-0.8100249	11.5126	-15.97786	2.268508
43.52	7.437699	7.036813	-0.4205234	7	-1.294266	-1.928641	33.4711	5.167175	0.8740683
43.54	6.88276	6.968522	-3.240759	7	-0.6014602	-1.196956	14.79461	25.35038	-2.708668
43.56	7.736094	7.856288	1.038242	7	-0.1220007	-0.3920925	7.849328	10.90763	0.7070627
43.58	8.898911	8.744054	6.349378	7	0.0192455	-0.2699279	-10.87724	8.709159	-4.006835
43.6	7.925692	7.787999	0.9102517	7	-0.3513417	-0.1196683	-38.89133	2.144274	-10.92284
43.62	6.760693	6.968522	-4.855981	7	-1.008114	-0.02283588	-35.48651	-6.038931	-6.169116
43.64	6.35558	6.968522	-6.580454	7	-1.136826	-0.003235959	-19.55327	-5.580916	-0.02478123
43.66	6.637677	7.105102	-4.761342	7	-1.071377	-0.4170907	0.211484	-14.0084	2.51027
43.68	6.867604	6.968522	-3.206724	7	-1.018878	-1.025238	14.67175	-24.11526	1.285399
43.7	9.078601	8.402606	7.844007	7	-1.325563	-2.265152	34.51783	0.3580146	0.1687269
43.72	7.266476	7.105102	-1.974622	7	-0.8914685	-1.544671	-11.03658	27.04504	-12.46714
43.74	7.017334	7.036813	-2.999647	7	-1.162976	-0.9540986	-1.130326	12.34275	-2.352296
43.76	6.692552	7.036813	-4.492254	7	-0.877494	-0.6193303	-1.364552	-1.214504	-1.043829
43.78	6.892148	6.968522	-3.066484	7	-0.8841075	-0.8737152	12.11907	-8.31374	1.062814
43.8	6.838828	6.968522	-3.08311	7	-0.5585001	-0.7457172	11.01045	-13.24504	0.006579399
43.82	7.150334	6.968522	-1.12127	7	-0.5835173	-1.008512	18.99822	2.953435	0.4469261
43.84	7.06066	7.036813	-1.453581	7	-0.2677616	-0.6837833	9.41559	5.793129	-1.455311
43.86	7.320517	7.036813	0.1342727	7	-0.4187415	-0.8661829	13.01018	3.655725	-0.9978542
43.88	7.069564	6.968522	-1.062213	7	-0.3091223	-0.6436756	3.474469	6.525953	-2.798291
43.9	7.231472	7.105102	-0.1110291	7	-0.3937999	-0.5865548	3.466662	-0.4053439	-1.5805
43.92	6.974203	7.036813	-1.407748	7	-0.284345	-0.299519	-5.854078	0.525954	-2.737721
43.94	8.575649	8.402606	6.314123	7	-0.4357432	-0.5152599	-3.854203	-1.245038	-1.418575
43.96	7.636763	7.583131	0.8914602	7	-0.5611742	-0.4032244	-34.06578	-0.7870232	-10.68432
43.98	7.595661	7.583131	0.4556237	7	-1.243626	-0.5568002	-26.89185	-1.275573	-5.80151
44	7.148572	7.583131	-2.242088	7	-1.306085	-0.3997142	-32.44453	-3.275573	-5.91291
44.02	7.042294	7.583131	-3.010342	7	-1.366386	-0.3147907	-27.40732	-12.55801	-3.200248
44.04	7.268422	7.583131	-1.964931	7	-1.572022	-0.8238271	-14.06169	-23.29084	-2.293903
44.06	7.485952	7.583131	-1.015141	7	-1.750936	-1.428178	-3.543588	-22.08473	-3.336446
44.08	7.582674	7.65142	-0.7941791	7	-1.748647	-1.640992	-0.8402818	7.548854	-4.359644
44.1	8.321404	8.470897	2.312423	7	-1.508652	-1.399344	-7.126017	6.953434	-4.644155
44.12	6.850241	7.036813	-5.312304	7	-1.564537	-1.202149	-19.53807	1.716793	-8.478725
44.14	6.635617	7.036813	-6.039159	7	-1.614439	-0.9827166	-1.129806	-0.4664127	-0.159358
44.16	6.670483	6.968522	-5.428356	7	-1.404061	-1.241227	14.66877	-6.985496	1.388726
44.18	7.161025	7.036813	-2.463513	7	-1.314266	-1.808451	32.21085	-2.390077	1.609395
44.2	7.134203	7.036813	-2.378756	7	-0.8435429	-1.606924	26.95185	16.73969	-0.9779205
44.22	9.259101	9.017213	7.866923	7	-0.3757942	-1.194113	17.0253	18.11374	-0.6563568
44.24	7.557768	7.309972	-1.194388	7	-0.3808618	-0.7560743	-25.05322	13.48779	-12.63966
44.26	7.473989	7.378261	-1.397107	7	-1.033391	-0.6278962	-13.27411	4.800763	-3.708856
44.28	8.75988	8.948924	4.457118	7	-0.9377667	-0.5691152	-19.25226	-4.374809	-3.733634
44.3	7.789985	7.924579	-1.040523	7	-1.188702	-0.6006367	-40.58517	-12.1	-10.93119
44.32	6.802101	7.036813	-5.853126	7	-1.866404	-0.8615466	-26.11705	-17.58092	-5.778883
44.34	6.758615	7.036813	-5.671184	7	-2.185612	-1.534382	3.364222	-17.06183	-0.3771982
44.36	6.846917	7.036813	-4.907636	7	-2.000672	-2.010242	21.58069	-12.55801	0.1991663
44.38	6.791949	6.968522	-4.886338	7	-1.469259	-1.838299	26.57947	7.976336	0.2449398
44.4	6.997276	7.036813	-3.460309	7	-0.9690307	-1.553994	29.71141	14.0374	1.089619
44.42	7.298144	7.241681	-1.655764	7	-0.4787666	-1.182371	24.48802	17.86946	0.2317467
44.44	7.570342	7.309972	-0.0358187	7	-0.3030147	-1.036632	18.08275	14.78549	-1.404275
44.46	7.510627	7.309972	-0.2248324	7	-0.1910187	-0.7144307	5.382796	9.579389	-3.235395
44.48	7.429426	7.309972	-0.5183076	7	-0.2421812	-0.4485668	-3.208832	4.083206	-3.291096
44.5	7.390505	7.309972	-0.6057387	7	-0.4192988	-0.4280994	-6.949105	-2.329008	-3.263798
44.52	7.306718	7.309972	-0.980973	7	-0.5780676	-0.4447727	-9.949279	-3.443512	-3.454503
44.54	7.930052	7.924579	1.959325	7	-0.7253116	-0.5599543	-11.2421	-5.29084	-3.285793
44.56	6.993451	7.036813	-2.874291	7	-0.9752104	-0.6633428	-20.68436	-4.527481	-7.017942
44.58	6.847405	7.036813	-3.41205	7	-1.24155	-0.7192582	-8.64228	-5.01603	-2.027836
44.6	6.748014	7.036813	-3.768848	7	-1.153152	-0.8011535	-2.32635	-9.351908	-1.215375
44.62	6.97246	6.968522	-2.342072	7	-1.256853	-1.280731	11.70533	-8.710687	-0.4304333
44.64	6.938064	6.968522	-2.391016	7	-1.040862	-1.288486	12.06208	7.121373	-1.625589
44.66	7.003886	6.968522	-1.878437	7	-0.8851683	-1.196089	13.25986	3.289312	-1.270631
44.68	7.068935	7.036813	-1.42403	7	-0.6906986	-1.014426	10.35126	6.724427	-1.588263
44.7	7.05378	6.968522	-1.33946	7	-0.6187423	-0.9180975	7.99919	3.457251	-1.954762
44.72	7.11095	7.036813	-0.9268287	7	-0.569422	-0.8128293	5.474056	3.289312	-1.994029
44.74	7.968583	7.856288	3.168544	7	-0.505634	-0.7391541	-0.07661533	1.335114	-2.461075
44.76	7.261753	7.105102	-0.6105219	7	-0.717459	-0.775467	-15.10871	0.1290069	-7.457015
44.78	7.030354	7.036813	-1.730362	7	-1.054475	-0.7524149	-10.55218	0.02213707	-3.885429
44.8	6.793807	7.036813	-2.926086	7	-1.040654	-0.6567602	-9.5583	-1.657252	-2.785962
44.82	6.76261	6.968522	-2.947246	7	-1.051107	-0.7412167	-2.739213	-7.840457	-1.341232
44.84	6.903787	7.036813	-2.116084	7	-0.9913145	-0.8807185	2.806982	-13.04656	-1.04211
44.86	7.281949	7.036813	-0.04147482	7	-1.227261	-1.524764	14.3654	0.03740425	-1.710364
44.88	6.96806	7.036813	-1.779748	7	-0.8981624	-1.124011	2.328798	5.869465	-3.944884
44.9	7.046646	6.968522	-1.248593	7	-0.9737819	-1.114761	6.817463	3.869465	-2.019123
44.92	6.971323	7.036813	-1.633286	7	-0.7951262	-0.8976395	2.15779	0.861832	-2.521864
44.94	7.152087	6.968522	-0.5572736	7	-0.9847884	-1.207371	9.056227	-2.283206	-2.033911
44.96	7.069844	7.036813	-1.018413	7	-0.8658432	-1.081249	3.822564	1.136641	-3.208087
44.98	7.17443	7.036813	-0.441367	7	-0.9634446	-1.17035	5.969671	-0.1916034	-2.734986
45	7.118845	7.105102	-0.8070185	7	-0.8771481	-1.01384	0.7938598	-0.6343514	-3.429452
45.02	7.044653	6.968522	-1.138956	7	-0.97962	-1.068974	1.970485	0.2816787	-3.117612
45.04	6.969565	6.968522	-1.494479	7	-0.9755199	-1.033126	2.043821	-0.7870232	-2.79105
45.06	6.954038	6.968522	-1.526447	7	-0.9513384	-1.004981	2.991914	0.3580146	-2.361032
45.08	6.995025	6.968522	-1.257456	7	-0.9509678	-1.058446	4.804471	-0.2832065	-2.246819
45.1	7.052639	7.036813	-0.9622734	7	-0.8936049	-1.024572	3.907222	0.3274806	-2.47545
45.12	7.009794	6.968522	-1.151545	7	-0.8912376	-1.017873	3.064687	-0.08473319	-2.78554
45.14	7.037383	7.036813	-1.011794	7	-0.8518745	-0.9333184	1.765666	0.06793861	-2.58125
45.16	6.991496	6.968522	-1.211908	7	-0.8717878	-0.9415417	1.389084	0.06793861	-2.744745
45.18	6.974712	6.968522	-1.260443	7	-0.8796456	-0.9322087	1.615831	-0.1610691	-2.534528
45.2	6.973157	6.968522	-1.233138	7	-0.8802017	-0.9371624	1.93949	0.052671	-2.464835
45.22	6.990302	6.968522	-1.11152	7	-0.891931	-0.9691751	2.57837	-0.06946601	-2.472367
45.24	7.083375	7.036813	-0.6421852	7	-0.908394	-1.018027	2.999684	0.02213707	-2.59196
45.26	7.10253	7.036813	-0.581251	7	-0.9387906	-1.06303	2.025612	0.06793861	-3.144687
45.28	7.067592	7.036813	-0.8116782	7	-0.9522381	-1.026587	0.3258198	-0.0236649	-3.298287
45.3	7.071012	7.036813	-0.8271792	7	-1.003861	-1.051602	0.6491069	0.06793861	-3.124322
45.32	7.102678	7.105102	-0.7451123	7	-1.001716	-1.027125	-0.3569067	0.006869889	-3.167036
45.34	6.971872	6.968522	-1.425418	7	-1.045568	-1.0508	-0.4106702	0.03740425	-3.326138
45.36	6.949361	6.968522	-1.51797	7	-1.064256	-1.063731	1.866991	-0.0236649	-2.591885
45.38	6.946041	6.968522	-1.512554	7	-1.032945	-1.077221	3.32708	-0.03893165	-2.419451
45.4	6.943028	6.968522	-1.502578	7	-0.9686533	-1.039609	3.686451	0.006869889	-2.33257
45.42	6.971978	6.968522	-1.312934	7	-0.927699	-1.02977	4.373814	-0.08473319	-2.25011
45.44	6.996537	6.968522	-1.148947	7	-0.8990103	-1.031465	4.494695	-0.00839729	-2.385426
45.46	7.079201	7.036813	-0.7261796	7	-0.8742583	-1.019245	3.884839	-0.03893165	-2.525422
45.48	7.097356	7.036813	-0.653275	7	-0.8826633	-1.021792	2.317525	-0.08473319	-3.010627
45.5	7.061692	7.036813	-0.8685913	7	-0.884819	-0.9614116	0.1319288	0.006869889	-3.167163
45.52	7.072691	7.036813	-0.8253424	7	-0.9425971	-0.988921	0.3580922	0.006869889	-3.007299
45.54	7.053345	7.036813	-0.954805	7	-0.975525	-1.009368	0.007894874	-0.06946601	-3.120723
45.56	7.073901	7.036813	-0.8702207	7	-1.037875	-1.084326	1.262786	0.052671	-3.031842
45.58	6.956127	6.968522	-1.488053	7	-1.03143	-1.058662	0.5421076	0.006869889	-3.166732
45.6	6.995668	7.036813	-1.295403	7	-0.9980704	-1.001135	1.402361	-0.00839729	-2.472644
45.62	6.994546	7.036813	-1.31674	7	-0.9471952	-0.9625164	0.7510873	-0.0236649	-2.633697
45.64	6.934317	6.968522	-1.593135	7	-0.9270274	-0.9349767	0.7685695	-0.00839729	-2.580258
45.66	6.96698	6.968522	-1.367003	7	-0.9398945	-0.9811424	2.887351	-0.08473319	-2.22362
45.68	6.965	6.968522	-1.342015	7	-0.9075566	-0.9851059	2.998908	-0.05419883	-2.406133
45.7	7.069413	7.036813	-0.7957515	7	-0.9023315	-1.013137	3.659319	0.1290069	-2.381629
45.72	7.057392	7.036813	-0.885274	7	-0.8725317	-0.9753349	1.300329	0.3885489	-2.984138
45.74	7.059878	7.036813	-0.8854412	7	-0.8929784	-0.9524014	0.4373094	-0.2679393	-2.938556
45.76	6.972242	6.968522	-1.321261	7	-0.9189086	-0.9435494	-0.1797289	0.052671	-2.996409
45.78	6.958007	6.968522	-1.361324	7	-0.9400819	-0.949617	1.012558	0.02213707	-2.535466
45.8	6.988586	6.968522	-1.169628	7	-0.9693316	-1.029055	2.917412	-0.08473319	-2.459195
45.82	7.159734	7.173392	-0.386429	7	-0.897903	-0.9681594	1.173652	-0.05419883	-2.636489
45.84	6.967645	6.968522	-1.391573	7	-0.9061567	-0.9313555	-2.006459	-0.05419883	-3.561993
45.86	7.029105	7.036813	-1.064694	7	-0.9591082	-0.9371163	0.1229193	0.052671	-2.520649
45.88	7.014649	7.036813	-1.163339	7	-0.9547327	-0.9566288	-0.3514621	-0.3290081	-2.882812
45.9	7.133203	7.105102	-0.5927758	7	-1.005462	-1.042945	1.168837	0.02213707	-2.789208
45.92	7.028692	7.036813	-1.184552	7	-0.9983812	-1.022862	-1.052961	-0.08473319	-3.472687
45.94	7.027956	7.036813	-1.198504	7	-1.034353	-1.025775	0.2239815	-0.00839729	-2.87592
45.96	6.993464	7.036813	-1.398148	7	-1.007913	-0.996491	-0.0559833	-0.2679393	-2.861584
45.98	6.931275	6.968522	-1.684524	7	-1.002229	-0.9928865	0.9527199	0.1442745	-2.619054
46	6.92802	6.968522	-1.652449	7	-0.9711072	-0.9852799	2.460288	-0.1610691	-2.233694
46.02	6.94385	6.968522	-1.519775	7	-0.9257463	-0.982744	3.382683	0.03740425	-2.165982
46.04	6.986692	6.968522	-1.244121	7	-0.9071605	-1.015638	4.437506	0.2206104	-2.217973
46.06	7.082874	7.036813	-0.7422799	7	-0.8882939	-1.03697	4.337137	-0.1610691	-2.460238
46.08	7.147401	7.105102	-0.4673115	7	-0.8601533	-0.9947901	1.682219	0.052671	-3.022964
46.1	7.17908	7.105102	-0.361262	7	-0.921477	-1.02341	0.1677248	-0.1152675	-3.424048
46.12	7.065238	7.036813	-0.991482	7	-0.9745744	-1.004574	-1.825523	0.02213707	-3.691521
46.14	7.030565	7.036813	-1.187531	7	-1.029308	-1.003483	-1.024423	-0.2832065	-3.10671
46.16	6.94122	6.968522	-1.631073	7	-1.053883	-1.029162	0.09773477	0.03740425	-2.921292
46.18	6.924337	6.968522	-1.683571	7	-1.036019	-1.028941	2.031626	-0.00839729	-2.390598
46.2	7.004975	7.036813	-1.263043	7	-0.9830281	-1.027512	3.151861	-0.03893165	-2.230733
46.22	7.009435	7.036813	-1.250266	7	-0.9136586	-0.975598	1.757159	0.052671	-2.619128
46.24	7.07522	7.036813	-0.8950938	7	-0.9432002	-1.031547	2.801162	-0.00839729	-2.608046
46.26	7.077538	7.036813	-0.8958517	7	-0.9550976	-1.058989	2.114002	-0.00839729	-3.012671
46.28	7.062495	7.036813	-0.9899548	7	-0.9648778	-1.042504	1.357466	-0.05419883	-3.055108
46.3	6.96874	6.968522	-1.453828	7	-0.9712209	-1.013039	0.8922058	-0.03893165	-2.990625
46.32	7.051401	7.036813	-1.01558	7	-0.9916465	-1.047145	2.792667	-0.0236649	-2.469307
46.34	6.952039	6.968522	-1.51835	7	-0.9504682	-1.007783	1.289904	-0.06946601	-2.931921
46.36	7.08692	7.105102	-0.8465163	7	-0.9182693	-0.9573528	1.699417	0.03740425	-2.351003
46.38	7.071996	7.036813	-0.9341185	7	-0.9466898	-1.022898	1.022607	-0.03893165	-3.089284
46.4	6.999688	6.968522	-1.282139	7	-0.9930101	-1.052696	1.415161	-0.0236649	-3.04834
46.42	7.062492	7.036813	-0.9601787	7	-1.015151	-1.086824	2.840168	-0.00839729	-2.67537
46.44	7.033082	7.036813	-1.14305	7	-0.9782539	-1.047369	1.341166	-0.0236649	-3.026899
46.46	6.973718	6.968522	-1.421784	7	-0.9898182	-1.038593	1.733602	0.03740425	-2.837623
46.48	6.960678	6.968522	-1.452078	7	-0.9779452	-1.029602	2.703151	-0.06946601	-2.504578
46.5	7.023264	7.036813	-1.128393	7	-0.9308386	-0.9993393	2.717249	0.02213707	-2.409427
46.52	7.057421	7.036813	-0.9555428	7	-0.9211848	-1.01165	2.2384	-0.06946601	-2.731307
46.54	6.9745	6.968522	-1.362103	7	-0.9147142	-0.9784654	1.057537	-0.05419883	-2.939389
46.56	7.068802	7.036813	-0.861324	7	-0.9493023	-1.02091	2.69981	-0.00839729	-2.493624
46.58	6.99953	6.968522	-1.207648	7	-0.9599371	-1.051893	1.928921	0.02213707	-3.052295
46.6	7.101379	7.105102	-0.7308815	7	-0.9298725	-0.9875966	1.272218	-0.08473319	-2.685827
46.62	7.112783	7.105102	-0.7367253	7	-0.927927	-0.9719584	-0.8228486	-0.0236649	-3.246262
46.64	7.066956	7.036813	-0.9908611	7	-1.002308	-1.021528	-0.7622455	-0.1000004	-3.334633
46.66	6.961966	6.968522	-1.518817	7	-1.04435	-1.038074	-0.1455186	0.006869889	-3.129889
46.68	6.978823	7.036813	-1.440828	7	-1.008038	-0.9837574	0.540579	-0.06946601	-2.539857
46.7	6.997374	7.036813	-1.347377	7	-0.9784191	-0.9816149	0.9195656	-0.0236649	-2.569646
46.72	6.98353	7.036813	-1.423247	7	-0.9266906	-0.9240386	0.05039597	-0.1305347	-2.633064
46.74	6.956645	6.968522	-1.507999	7	-0.9454265	-0.9598916	1.310609	-0.03893165	-2.518554
46.76	7.074799	7.036813	-0.8748031	7	-0.982262	-1.0667	3.761924	-0.06946601	-2.378205
46.78	7.055704	7.036813	-1.00122	7	-0.9509814	-1.055636	1.92833	-0.00839729	-3.062078
46.8	6.983415	6.968522	-1.350628	7	-0.9610608	-1.026805	1.538528	-0.00839729	-2.954889
46.82	7.108926	7.105102	-0.7359065	7	-0.9479381	-1.006826	1.870129	-0.03893165	-2.566455
46.84	7.123628	7.105102	-0.7215329	7	-0.9467624	-1.011681	-0.09782064	-0.0236649	-3.266357
46.86	7.043341	7.036813	-1.158304	7	-0.9823119	-0.9959545	-1.213684	-0.0236649	-3.373896
46.88	7.021944	7.036813	-1.273417	7	-1.016338	-0.9988164	-0.4520041	0.006869889	-2.955709
46.9	6.987216	7.036813	-1.462938	7	-0.9975437	-0.9687833	-0.576737	0.03740425	-2.837412
46.92	6.929621	6.968522	-1.716668	7	-1.001094	-0.9811683	0.6744525	0.006869889	-2.605453
46.94	6.995189	7.036813	-1.360749	7	-0.9661104	-0.9757684	1.937247	-0.05419883	-2.256547
46.96	7.014169	7.036813	-1.258181	7	-0.9269769	-0.9703785	1.48721	0.1748089	-2.580292
46.98	7.025189	7.036813	-1.193656	-7	-0.9089046	-0.9503574	-0.8502392	0.3122131	-3.162189
47	6.96349	6.968522	-1.468669	-7	-0.9533839	-0.950844	-3.60481	-0.1000004	-3.785416
47.02	7.013178	7.036813	-1.204432	-7	-1.022308	-0.9564936	-6.192092	-0.06946601	-4.084219
47.04	6.985113	7.036813	-1.376847	-7	-1.113454	-0.967183	-10.76231	-0.4816799	-5.041457
47.06	6.94561	7.036813	-1.620191	-7	-1.253669	-0.9866469	-14.72342	-1.519848	-5.597045
47.08	6.810921	6.968522	-2.340052	-7	-1.410623	-1.012707	-18.38222	-2.313741	-6.107417
47.1	6.765872	6.968522	-2.590364	-7	-1.590641	-1.096896	-19.41919	-6.58855	-6.06605
47.12	6.827225	7.036813	-2.346876	-7	-1.774882	-1.261144	-20.01587	-7.107634	-6.500655
47.14	6.752128	6.968522	-2.816551	-7	-1.975021	-1.436971	-21.80013	-8.573282	-7.517518
47.16	6.711681	6.968522	-3.117375	-7	-2.167894	-1.569939	-22.56265	-7.489313	-7.768883
47.18	5.716409	6.080756	-7.91206	-7	-2.374861	-1.659858	-21.83271	-7.596183	-8.175364
47.2	5.766428	6.149047	-7.137064	-7	-2.515176	-1.901236	-3.042247	-8.771755	-3.167804
47.22	5.751939	6.080756	-6.776046	-7	-2.335931	-2.127143	4.133584	-8.878626	-3.852404
47.24	5.975501	6.080756	-5.176334	-7	-2.243904	-2.35851	10.84406	-4.970229	-4.123182
47.26	7.226694	7.309972	0.9649461	-7	-1.878775	-2.14011	0.5396692	4.480152	-5.939202
47.28	6.445151	6.353915	-3.119904	-7	-2.056514	-2.108938	-23.43895	3.961068	-13.58446
47.3	8.229349	8.197738	5.279156	-7	-2.403074	-2.048636	-28.83596	5.151908	-10.35502
47.32	6.506787	6.763654	-4.215902	-7	-2.776871	-1.868932	-68.71968	-3.275573	-21.44063
47.34	6.276508	6.763654	-5.490786	-7	-3.685474	-1.982029	-55.85141	-14.08473	-12.91569
47.36	5.901152	6.695365	-7.627323	-7	-4.013369	-2.336925	-50.41732	-21.77939	-12.51426
47.38	6.030639	6.763654	-7.098103	-7	-4.28779	-2.815485	-37.05127	-26.0542	-10.75495
47.4	6.094121	6.695365	-6.921362	-7	-4.45037	-3.341882	-28.2084	-31.90152	-11.73225
47.42	3.474833	3.895488	-19.12124	-7	-4.991239	-4.147257	-6.811372	-29.55038	-12.33675
47.44	3.531164	3.827197	-16.95754	-7	-5.17545	-5.118233	60.02949	-2.451145	1.972748
47.46	3.202942	3.827197	-17.19481	-7	-3.630641	-4.600708	71.84518	9.961068	1.808689
47.48	5.246443	5.124701	-5.563768	-7	-2.449487	-4.312711	86.49692	6.510687	4.346539
47.5	8.390384	7.583131	10.00733	-7	-1.409321	-3.950104	48.95645	24.34275	-7.326752
47.52	8.233179	7.036813	8.22905	-7	-1.67364	-3.451653	-25.39553	29.57939	-26.18364
47.54	6.703197	6.353915	-0.2787701	-7	-2.619539	-2.226009	-78.59122	26.44962	-27.78413
47.56	4.943078	5.739308	-9.472958	-7	-3.464162	-1.216076	-100.072	8.968701	-21.48003
47.58	3.573783	4.783254	-15.82589	-7	-4.38939	-1.537965	-78.16216	-13.62672	-12.97255
47.6	3.430499	4.714963	-15.69993	-7	-4.766641	-2.423583	-39.27412	-24.69542	-6.040793
47.62	4.064181	5.124701	-11.90644	-7	-4.533719	-3.163674	-14.55576	-31.04656	-5.358974
47.64	4.964227	5.397861	-7.002454	-7	-4.444738	-4.018971	-1.459004	-15.68779	-8.857531
47.66	4.22211	4.851542	-10.62846	-7	-3.962158	-3.524424	-21.47717	18.06794	-14.31071
47.68	4.763237	5.19299	-7.480992	-7	-4.034522	-3.444816	-15.42255	10.73969	-10.58152
47.7	5.128424	5.739308	-5.800137	-7	-3.722731	-3.051621	-34.84651	-0.6038173	-14.3771
47.72	4.424632	4.714963	-9.061887	-7	-4.284923	-3.434724	-39.01548	-6.008397	-17.12158
47.74	5.106564	5.466149	-5.528198	-7	-4.740805	-3.834033	-30.95312	-8.90916	-14.38103
47.76	4.233708	4.714963	-9.952311	-7	-5.011243	-4.076371	-40.7962	-17.55038	-19.11358
47.78	3.397538	3.827197	-13.50803	-7	-5.631035	-4.615266	-21.23731	-19.19924	-14.99831
47.8	3.848113	4.510095	-10.80624	-7	-5.492805	-4.765871	-5.484244	-16.80229	-11.0144
47.82	2.105227	2.529693	-18.52036	-7	-5.546482	-5.236547	5.585501	-17.71832	-13.70122
47.84	4.215798	4.510095	-7.03308	-7	-5.210207	-5.434915	37.25858	4.9229	-4.342162
47.86	2.323368	2.529693	-15.8412	-7	-4.60926	-5.264996	13.69026	5.197709	-16.3548
47.88	3.42089	3.485749	-9.140112	-7	-4.458241	-4.965273	34.23804	21.28931	-6.290601
47.9	3.034509	3.144301	-10.40672	-7	-3.887208	-4.626842	14.66041	4.358015	-13.16389
47.92	2.888885	2.529693	-9.909155	-7	-4.268226	-5.021893	24.51103	14.70916	-11.81328
47.94	2.459536	2.597983	-11.23377	-7	-3.879287	-4.413066	11.86218	20.81603	-12.37157
47.96	2.248588	2.256536	-11.16305	-7	-3.900903	-4.313839	13.91133	-3.168703	-10.84383
47.98	1.412765	1.573638	-14.11426	-7	-3.775738	-4.091768	12.00348	0.7396941	-10.78391
48	1.173432	1.300479	-13.7735	-7	-3.716865	-4.083466	24.19409	-3.657252	-7.10295
48.02	0.782294	0.9590311	-14.21544	-7	-3.366442	-3.927837	27.60181	0.9992361	-6.73909
48.04	0.69821	0.6175833	-12.9115	-7	-3.227719	-4.079263	38.54992	2.159542	-5.429364
48.06	0.6198491	0.3444233	-11.62707	-7	-3.075507	-4.282145	44.98332	11.41145	-6.054928
48.08	0.4283803	0.2761335	-11.13188	-7	-2.633303	-3.845247	37.69206	13.41145	-6.808454
48.1	0.08865002	0.002975464	-11.36468	-7	-2.265114	-3.266061	28.07717	15.67099	-6.856894
48.12	0.3470986	0.002975464	-8.530805	-7	-2.328794	-3.362875	30.5963	13.62519	-6.198306
48.14	-0.4458984	-0.3384733	-11.36285	-7	-1.872147	-2.522323	6.788614	9.029771	-9.167041
48.16	-0.7268953	-0.6799221	-11.23031	-7	-1.960007	-2.240577	7.549584	2.892366	-5.959334
48.18	-1.530892	-1.02137	-13.8886	-7	-1.54023	-1.448623	-6.123667	1.258778	-5.827404
48.2	-1.420545	-1.362819	-11.4753	-7	-1.877853	-1.941513	12.26734	-1.428245	-2.401404
48.22	-2.117822	-2.045715	-13.27429	-7	-1.881368	-2.244414	15.9693	0.4648848	-4.470441
48.24	-2.45653	-2.455454	-13.07002	-7	-1.889255	-2.421123	29.46643	7.869464	-1.790582
48.26	-2.844925	-2.728612	-13.21206	-7	-1.490568	-2.194692	32.61818	11.15191	-1.034177
48.28	-3.132827	-3.070061	-12.74911	-7	-1.083486	-1.898422	35.66154	9.945801	0.2058277
48.3	-3.512343	-3.34322	-12.78115	-7	-0.4893632	-1.269504	30.53506	10.8313	0.7948151
48.32	-3.387997	-3.752957	-9.977671	-7	-0.576483	-1.697323	44.57491	13.10611	1.894288
48.34	-3.925545	-4.094406	-10.85269	-7	-0.171052	-1.353723	35.75773	17.71679	-0.3091745
48.36	-4.420443	-4.504144	-11.36911	-7	0.1470566	-0.805757	32.00622	15.51832	1.43749
48.38	-3.260414	-3.411509	-4.016088	-7	0.508837	-0.4663481	28.19783	11.60992	2.910664
48.4	-5.278653	-5.460199	-12.50064	-7	0.5110081	-0.224744	4.570628	11.71679	-4.938313
48.42	-5.83492	-5.733358	-13.03247	-7	0.3848951	0.1796785	20.51595	8.693892	4.71418
48.44	-5.58769	-5.118752	-10.03539	-7	1.11038	0.858117	16.72001	-3.260306	6.531487
48.46	-5.300432	-5.801648	-6.510242	-7	0.6629097	-0.2496985	34.25172	0.02213707	4.321724
48.48	-4.975905	-5.118752	-3.722352	-7	1.077544	0.1620959	16.64311	14.0832	1.029081
48.5	-5.663289	-5.733358	-6.04859	-7	1.158539	0.7214108	-5.009548	16.8313	-1.983865
48.52	-6.42391	-6.416255	-8.37762	-7	0.8405947	0.8623242	-5.233301	3.991602	0.4679413
48.54	-5.856586	-5.733358	-4.314731	-7	0.776256	0.8298245	-0.03227298	-5.641985	3.360649
48.56	-6.916494	-6.825994	-8.445486	-7	0.6566262	0.6808454	-7.284064	-6.878626	-0.852809
48.58	-6.449758	-6.416255	-4.810942	-7	0.4291064	0.4520283	7.637764	0.4343505	4.02729
48.6	-5.8243	-5.733358	-1.112566	-7	0.6674594	0.495482	-3.215965	-3.0771	0.5061131
48.62	-6.578813	-6.757704	-4.175456	-7	0.267981	0.1846766	-11.09109	5.258778	-3.731243
48.64	-8.02463	-7.850338	-10.27744	-7	-0.01824056	0.3052783	-6.209325	-1.855725	-0.609334
48.66	-6.403443	-6.143096	-1.284472	-7	0.1561975	0.2868905	12.932	-9.718321	6.812778
48.68	-7.336953	-7.50889	-5.25495	-7	0.06153888	-0.3382425	4.986478	-6.634351	-2.53069
48.7	-7.010533	-7.099152	-2.817237	-7	-0.01669264	-0.2821459	13.87454	10.32748	2.004219
48.72	-7.287222	-7.167441	-3.733198	-7	0.3090061	0.08742255	2.261786	-5.657252	-0.3247414
48.74	-6.757845	-6.825994	-0.5659188	-7	0.259472	0.0861382	3.488795	5.075572	0.9010773
48.76	-6.576835	-6.825994	0.5917547	-7	0.04053694	-0.2440393	-2.222504	-4.634351	-2.618012
48.78	-6.818809	-6.825994	-0.6132043	-7	-0.0306574	0.02281447	-16.18221	1.930534	-4.318368
48.8	-6.777963	-6.825994	-0.2967887	-7	-0.4200379	-0.1462933	-15.89058	-8.878626	-3.460744
48.82	-6.846785	-6.825994	-0.6650498	-7	-0.727998	-0.3968602	-16.72464	-13.53511	-4.213795
48.84	-6.917336	-6.825994	-1.091968	-7	-0.9759418	-0.5771	-15.94785	-12.22214	-4.165364
48.86	-6.913326	-6.825994	-1.149829	-7	-1.212852	-0.8414242	-12.09833	-13.47405	-3.945285
48.88	-7.042998	-6.894283	-1.90815	-7	-1.317238	-0.9713115	-10.30001	-11.80992	-4.042686
48.9	-6.850731	-6.825994	-0.9836659	-7	-1.510024	-1.319664	-1.865548	-4.313741	-3.253402
48.92	-6.461228	-6.484545	0.7024097	-7	-1.546899	-1.552859	-0.4098455	-7.336641	-4.281809
48.94	-7.864146	-7.713759	-6.327592	-7	-1.537895	-1.367259	-6.852508	1.396183	-6.357074
48.96	-7.890835	-7.713759	-5.85535	-7	-1.601468	-1.425595	17.98824	-2.512214	1.659391
48.98	-7.889326	-7.782049	-5.291833	-7	-1.238411	-1.608589	31.03457	-6.939695	2.124557
49	-7.704981	-7.782049	-3.770092	-7	-0.8006852	-1.575421	38.9166	13.74733	2.541388
49.02	-7.661413	-7.782049	-3.030665	-7	-0.2429248	-1.182384	35.26879	14.90763	1.761421
49.04	-5.90386	-6.143096	5.732329	-7	0.3335336	-0.6521899	23.75605	16.72443	1.61095
49.06	-5.620404	-6.143096	6.555029	-7	0.3395009	-0.4693676	-11.79241	16.98397	-8.402739
49.08	-5.871418	-6.143096	4.589813	-7	-0.1140693	0.01591931	-40.52407	10.19007	-10.81028
49.1	-8.077491	-7.782049	-6.615123	-7	-0.7516662	0.419829	-54.90465	6.32748	-10.28067
49.12	-8.497031	-7.782049	-8.144011	-7	-1.185701	0.3899326	-25.62833	-23.18397	1.575754
49.14	-6.943128	-6.416255	-0.2247117	-7	-1.041855	-0.2702571	-2.325954	-24.28321	4.12163
49.16	-6.824492	-6.825994	0.1587278	-7	-1.079896	-1.040781	-5.14092	-31.01603	-4.123697
49.18	-8.049645	-7.850338	-5.90188	-7	-1.09573	-0.8035873	-10.00066	10.00687	-4.791339
49.2	-8.035722	-7.850338	-5.229249	-7	-1.197949	-0.946163	13.21319	0.9687018	2.157101
49.22	-6.292858	-6.074806	3.311038	-7	-0.5618738	-0.772576	13.19656	0.983969	2.296103
49.24	-7.141371	-7.50889	-1.01048	-7	-0.776783	-1.265618	0.07907295	4.648091	-7.052388
49.26	-7.454831	-7.50889	-2.415248	-7	-0.9018691	-0.9574851	2.524428	14.22061	-2.711414
49.28	-7.728899	-7.4406	-3.676388	-7	-0.5915601	-0.4431341	-1.456481	3.365648	-1.052646
49.3	-7.364653	-7.4406	-1.455232	-7	-0.7446547	-0.8455716	12.16001	-5.947328	0.6933098
49.32	-7.425248	-7.4406	-1.636283	-7	-0.5589244	-0.8374532	8.625751	0.4954192	-1.448392
49.34	-7.181534	-7.372311	-0.2164145	-7	-0.6199443	-0.9790773	12.18954	2.525954	-1.089766
49.36	-7.338283	-7.4406	-0.9578243	-7	-0.5238101	-0.8507566	5.911283	3.075572	-2.611605
49.38	-7.419554	-7.50889	-1.219662	-7	-0.5439566	-0.7487035	5.325915	3.197709	-1.822493
49.4	-7.457556	-7.577179	-1.221073	-7	-0.6123474	-0.8351434	7.709805	-1.458779	-1.489699
49.42	-7.449244	-7.50889	-1.063155	-7	-0.5550703	-0.777985	7.102591	-0.5122142	-1.396889
49.44	-7.41017	-7.50889	-0.7492806	-7	-0.549607	-0.7900168	7.222745	0.4648848	-1.478614
49.46	-7.301245	-7.4406	-0.1323852	-7	-0.5749552	-0.8468924	7.130327	-0.4206111	-1.775523
49.48	-7.388562	-7.50889	-0.5437943	-7	-0.5910103	-0.8313931	4.484757	-0.3290081	-2.487916
49.5	-7.416438	-7.50889	-0.6358391	-7	-0.6277295	-0.8007007	4.173299	0.2511448	-2.090775
49.52	-7.433367	-7.50889	-0.6813779	-7	-0.6509055	-0.8057008	4.15899	0.2206104	-2.001736
49.54	-7.346624	-7.4406	-0.2302162	-7	-0.6843274	-0.8566746	4.880777	-0.1763363	-1.944637
49.56	-7.441059	-7.50889	-0.7173102	-7	-0.6852576	-0.8396375	3.081434	-0.06946601	-2.464625
49.58	-7.467789	-7.50889	-0.8307059	-7	-0.6918797	-0.7981276	3.394177	0.052671	-1.947698
49.6	-7.462653	-7.50889	-0.7756455	-7	-0.6968016	-0.8160043	4.288957	0.03740425	-1.788281
49.62	-7.476312	-7.50889	-0.8272642	-7	-0.668614	-0.7933537	4.126274	-0.08473319	-1.800781
49.64	-7.411009	-7.4406	-0.5008709	-7	-0.6311381	-0.7526994	3.734046	-0.1152675	-1.691968
49.66	-7.44528	-7.50889	-0.6577265	-7	-0.6480814	-0.7818497	3.47582	0.006869889	-2.029922
49.68	-7.47331	-7.50889	-0.7833859	-7	-0.639062	-0.7477134	3.2325	-0.03893165	-1.853142
49.7	-7.537491	-7.577179	-1.051759	-7	-0.6471566	-0.7556038	4.087194	0.006869889	-1.682699
49.72	-7.468549	-7.50889	-0.6604238	-7	-0.6277516	-0.7610339	5.440069	-0.00839729	-1.311584
49.74	-7.440642	-7.50889	-0.4991612	-7	-0.6116602	-0.7872397	5.361065	-0.00839729	-1.667457
49.76	-7.409277	-7.50889	-0.3226315	-7	-0.6309565	-0.8277355	5.681304	0.02213707	-1.816718
49.78	-7.427042	-7.50889	-0.4188185	-7	-0.6249512	-0.8098095	4.704373	0.02213707	-2.011283
49.8	-7.418813	-7.50889	-0.3719188	-7	-0.6471351	-0.8212495	4.933474	0.006869889	-1.912774
49.82	-7.509134	-7.577179	-0.8095921	-7	-0.6497922	-0.8078374	4.621809	0.02213707	-1.967321
49.84	-7.433909	-7.50889	-0.4043217	-7	-0.6553411	-0.8234613	6.278343	-0.00839729	-1.447168
49.86	-7.514083	-7.577179	-0.7947947	-7	-0.6245534	-0.8062386	5.407802	-0.03893165	-1.844426
49.88	-7.358431	-7.4406	-0.008845568	-7	-0.6124619	-0.8035406	6.488015	0.02213707	-1.362267
49.9	-7.413486	-7.50889	-0.3155143	-7	-0.6046259	-0.8106073	4.504457	-0.00839729	-2.213861
49.92	-7.426656	-7.50889	-0.3861055	-7	-0.6218826	-0.7834929	4.381723	0.02213707	-1.910945
49.94	-7.425578	-7.50889	-0.381829	-7	-0.6425927	-0.8040879	4.817964	0.006869889	-1.838472
49.96	-7.439651	-7.50889	-0.4625065	-7	-0.6394944	-0.7979397	4.722669	-0.0236649	-1.837164
49.98	-7.440826	-7.50889	-0.4705486	-7	-0.6369798	-0.7941743	4.999541	-0.00839729	-1.731272
50	-7.424537	-7.50889	-0.3842965	-7	-0.6464627	-0.8228737	5.747318	-0.03893165	-1.695214
50.02	-7.425025	-7.50889	-0.3919999	-7	-0.6406874	-0.8298801	5.845884	-0.03893165	-1.764578
50.04	-7.422429	-7.50889	-0.3811949	-7	-0.6358343	-0.8292907	6.024115	0.006869889	-1.732988
50.06	-7.499461	-7.577179	-0.7466989	-7	-0.6268156	-0.8149309	6.09824	-0.00839729	-1.720268
50.08	-7.439999	-7.50889	-0.4244954	-7	-0.596169	-0.7875184	7.032198	0.006869889	-1.256764
50.1	-7.493322	-7.577179	-0.6609176	-7	-0.5722821	-0.7867389	6.825274	0.006869889	-1.542792
50.12	-7.478115	-7.577179	-0.5258662	-7	-0.5671716	-0.7951419	8.123859	0.006869889	-1.219037
50.14	-7.400467	-7.50889	-0.1154144	-7	-0.5364831	-0.7970504	8.236159	-0.03893165	-1.288636
50.16	-7.312327	-7.4406	0.2974088	-7	-0.5172562	-0.7895389	6.8303	-0.05419883	-1.707237
50.18	-7.384109	-7.50889	-0.09694242	-7	-0.5334455	-0.764618	4.586085	0.052671	-2.213671
50.2	-7.416088	-7.50889	-0.2686889	-7	-0.5594738	-0.7272514	4.223404	-0.06946601	-1.846179
50.22	-7.337013	-7.4406	0.1049269	-7	-0.5952685	-0.7696732	5.033179	-0.0236649	-1.676446
50.24	-7.487136	-7.577179	-0.6614918	-7	-0.6197492	-0.7884371	4.318229	-0.00839729	-2.120798
50.26	-7.494955	-7.577179	-0.6543341	-7	-0.6474761	-0.8112087	7.070431	-0.00839729	-1.26674
50.28	-7.441617	-7.50889	-0.3806485	-7	-0.5942355	-0.8020598	7.774987	0.052671	-1.179195
50.3	-7.3135	-7.4406	0.2483086	-7	-0.5834318	-0.8507733	8.391245	0.8770987	-1.398113
50.32	-7.35435	-7.4406	-0.03478593	-7	-0.5191861	-0.7518495	4.700475	2.999236	-2.092373
50.34	-7.427191	-7.50889	-0.411149	-7	-0.5334449	-0.6926457	3.881796	-0.03893165	-1.831635
50.36	-7.436383	-7.50889	-0.4407476	-7	-0.5530081	-0.695963	4.874609	0.1442745	-1.425289
50.38	-7.436108	-7.50889	-0.4252993	-7	-0.5524753	-0.7161958	5.659218	-0.1152675	-1.357752
50.4	-7.431916	-7.50889	-0.3911116	-7	-0.5404604	-0.7230912	6.159793	-0.1305347	-1.328428
50.42	-7.370803	-7.4406	-0.1011431	-7	-0.5018165	-0.6892612	5.684192	0.08320579	-1.318241
50.44	-7.386615	-7.4406	-0.2184106	-7	-0.4572368	-0.6159647	3.531943	0.09847297	-1.622453
50.46	-7.352293	-7.4406	-0.05123931	-7	-0.4931073	-0.639554	3.902198	-0.00839729	-1.509071
50.48	-7.419931	-7.50889	-0.3905745	-7	-0.531752	-0.6812438	4.005841	-0.1763363	-1.72038
50.5	-7.455038	-7.50889	-0.5565334	-7	-0.5292608	-0.6587192	4.570576	-0.06946601	-1.349454
50.52	-7.44701	-7.50889	-0.489448	-7	-0.5232018	-0.6741015	5.825479	0.03740425	-1.114814
50.54	-7.369984	-7.4406	-0.1058207	-7	-0.4923159	-0.6756995	6.147815	-0.1000004	-1.118744
50.56	-7.400521	-7.50889	-0.2504029	-7	-0.5058348	-0.7176228	6.150066	-0.06946601	-1.508866
50.58	-7.406757	-7.50889	-0.2659541	-7	-0.5118231	-0.721513	6.677799	0.006869889	-1.337945
50.6	-7.393482	-7.50889	-0.1802977	-7	-0.5210688	-0.7527204	7.532055	-0.06946601	-1.288644
50.62	-7.381682	-7.50889	-0.1088165	-7	-0.525764	-0.7825978	8.096701	0.006869889	-1.349156
50.64	-7.403726	-7.50889	-0.2223341	-7	-0.4954341	-0.7438321	7.412325	-0.05419883	-1.400743
50.66	-7.409996	-7.50889	-0.2428243	-7	-0.4716836	-0.7035308	7.195902	0.02213707	-1.244836
50.68	-7.308529	-7.4406	0.2677775	-7	-0.4788701	-0.7358124	7.885809	-0.05419883	-1.183508
50.7	-7.373845	-7.50889	-0.07702273	-7	-0.4861054	-0.7473218	6.620486	0.052671	-1.751681
50.72	-7.378309	-7.50889	-0.08842975	-7	-0.5129404	-0.7522221	7.380097	-0.00839729	-1.393431
50.74	-7.333619	-7.4406	0.1080868	-7	-0.4901875	-0.7267681	6.91034	0.006869889	-1.366951
50.76	-7.386621	-7.50889	-0.1650302	-7	-0.5034338	-0.7377063	6.59185	-0.06946601	-1.585064
50.78	-7.479103	-7.577179	-0.5968036	-7	-0.5048615	-0.7169003	7.188765	0.03740425	-1.281242
50.8	-7.417597	-7.50889	-0.2496318	-7	-0.4758591	-0.704704	8.775995	-0.08473319	-0.7311602
50.82	-7.413127	-7.50889	-0.2142676	-7	-0.4202892	-0.6775516	8.123234	-0.05419883	-1.02161
50.84	-7.317151	-7.4406	0.2702424	-7	-0.3986472	-0.6665705	7.987341	0.1748089	-1.004003
50.86	-7.357745	-7.50889	0.06679285	-7	-0.4200087	-0.6967572	7.08641	0.052671	-1.536705
50.88	-7.390425	-7.50889	-0.09432089	-7	-0.4234586	-0.6592805	6.590677	-0.03893165	-1.340559
50.9	-7.358871	-7.50889	0.09012133	-7	-0.4700453	-0.7254955	8.154351	-0.1152675	-1.158399
50.92	-7.385082	-7.50889	-0.0507912	-7	-0.4572351	-0.7184868	7.615597	-0.0236649	-1.349988
50.94	-7.386566	-7.50889	-0.05278552	-7	-0.4532945	-0.7054211	7.850841	-0.03893165	-1.179688
50.96	-7.380131	-7.50889	-0.01241183	-7	-0.4514208	-0.7136577	8.21054	-0.00839729	-1.149555
50.98	-7.378238	-7.50889	0.002076626	-7	-0.4443405	-0.7145395	8.316666	-0.00839729	-1.166134
51	-7.3203	-7.4406	0.2682619	-7	-0.4152383	-0.6801022	7.65449	-0.1152675	-1.156506
51.02	-7.396115	-7.50889	-0.128561	-7	-0.4016474	-0.639987	6.153432	-0.1000004	-1.454444
51.04	-7.306875	-7.4406	0.3217619	-7	-0.4307734	-0.666055	7.425777	-0.06946601	-1.019515
51.06	-7.377366	-7.50889	-0.04882449	-7	-0.4424736	-0.6906359	6.648716	0.02213707	-1.521898
51.08	-7.387039	-7.50889	-0.08655757	-7	-0.4583031	-0.6905073	7.594461	-0.00839729	-1.122091
51.1	-7.390389	-7.50889	-0.09433293	-7	-0.4511948	-0.7003597	8.234426	0.006869889	-1.04642
51.12	-7.301417	-7.4406	0.3433544	-7	-0.4445622	-0.7253073	8.956312	-0.00839729	-0.9911289
51.14	-7.355042	-7.50889	0.06055653	-7	-0.4498823	-0.7467139	8.297486	-0.0236649	-1.462209
51.16	-7.400477	-7.50889	-0.1716583	-7	-0.4187819	-0.6705287	7.693726	-0.05419883	-1.153287
51.18	-7.368686	-7.50889	0.02037251	-7	-0.4331382	-0.7039945	9.271643	-0.0236649	-0.8562298
51.2	-7.313806	-7.4406	0.2762002	-7	-0.392742	-0.6815948	8.618911	-0.03893165	-1.017991
51.22	-7.302727	-7.4406	0.3032544	-7	-0.3788015	-0.6584111	7.407349	-0.05419883	-1.289492
51.24	-7.417469	-7.577179	-0.2395172	-7	-0.4307997	-0.7007968	8.020042	0.006869889	-1.346017
51.26	-7.369102	-7.50889	0.03771579	-7	-0.4374778	-0.7159945	9.956612	-0.0236649	-0.7236671
51.28	-7.394765	-7.50889	-0.09264398	-7	-0.3780352	-0.668376	8.968274	-0.08473319	-0.963501
51.3	-7.366101	-7.50889	0.08192754	-7	-0.3687087	-0.6657718	9.658756	0.06793861	-0.765892
51.32	-7.345337	-7.50889	0.2081259	-7	-0.3677934	-0.6924096	9.96426	-0.0236649	-0.9115505
51.34	-7.317292	-7.50889	0.3676748	-7	-0.3908508	-0.7423314	10.58324	-0.0236649	-1.026937
51.36	-7.329249	-7.50889	0.3029406	-7	-0.3888161	-0.7395213	10.02186	-0.05419883	-1.199285
51.38	-7.325439	-7.50889	0.3248873	-7	-0.4019737	-0.7459363	10.18129	-0.0236649	-1.130523
51.4	-7.427509	-7.577179	-0.1742365	-7	-0.3843393	-0.7015916	9.470167	-0.08473319	-1.152733
51.42	-7.402553	-7.577179	0.01754433	-7	-0.4054846	-0.7396305	11.95896	-0.06946601	-0.5557947
51.44	-7.268374	-7.4406	0.6791118	-7	-0.355929	-0.7369871	11.85636	-0.03893165	-0.6804695
51.46	-7.337477	-7.50889	0.3000349	-7	-0.3191221	-0.6822759	9.090147	0.2358772	-1.394766
51.48	-7.343517	-7.50889	0.27767	-7	-0.3304931	-0.6410342	8.935598	-0.06946601	-1.005096
51.5	-7.198674	-7.372311	0.9623718	-7	-0.3361503	-0.6537861	8.741165	-0.05419883	-0.9816294
51.52	-7.332033	-7.50889	0.2471998	-7	-0.3702896	-0.6695121	6.628284	0.03740425	-1.80049
51.54	-7.335777	-7.50889	0.2394548	-7	-0.4410488	-0.7095419	8.691063	-0.1000004	-1.081027
51.56	-7.363237	-7.50889	0.08971512	-7	-0.440721	-0.7278825	9.276104	-0.1305347	-1.065248
51.58	-7.361575	-7.50889	0.1004847	-7	-0.4302001	-0.7334967	10.25204	0.006869889	-0.8627377
51.6	-7.300234	-7.4406	0.3834791	-7	-0.3839691	-0.7022171	10.0949	-0.03893165	-0.8176031
51.62	-7.403372	-7.577179	-0.1094988	-7	-0.3959638	-0.7300299	10.32673	-0.1000004	-1.100282
51.64	-7.334037	-7.50889	0.2755483	-7	-0.3932052	-0.7445107	12.3151	-0.00839729	-0.508256
51.66	-7.319155	-7.50889	0.3568496	-7	-0.3672326	-0.76283	12.20763	0.006869889	-0.8618031
51.68	-7.308995	-7.50889	0.415374	-7	-0.3544802	-0.7547039	12.03876	0.2511448	-0.9177761
51.7	-7.309403	-7.50889	0.4176328	-7	-0.3447021	-0.7400271	11.66681	-0.1458019	-0.9638195
51.72	-7.32103	-7.50889	0.3612028	-7	-0.3297626	-0.7079684	11.07167	-0.1000004	-0.9555655
51.74	-7.323976	-7.50889	0.3550056	-7	-0.3232911	-0.6883265	10.87022	0.03740425	-0.8812008
51.76	-7.240729	-7.4406	0.7614236	-7	-0.3279861	-0.7029867	10.99977	-0.0236649	-0.8589458
51.78	-7.328259	-7.50889	0.2955571	-7	-0.3199739	-0.6717087	9.121712	-0.0236649	-1.328865
51.8	-7.238766	-7.4406	0.7425836	-7	-0.3624814	-0.7052164	10.53333	-0.06946601	-0.8384428
51.82	-7.341653	-7.50889	0.192322	-7	-0.3500538	-0.6816143	8.823688	-0.03893165	-1.35118
51.84	-7.355879	-7.50889	0.1346043	-7	-0.3552478	-0.6520729	9.743191	0.052671	-0.7542944
51.86	-7.359324	-7.50889	0.1327708	-7	-0.337777	-0.6513857	10.37538	-0.06946601	-0.6445513
51.88	-7.328849	-7.50889	0.3134919	-7	-0.3400252	-0.6916757	11.63663	0.006869889	-0.5837288
51.9	-7.318733	-7.50889	0.3772738	-7	-0.3279201	-0.7095606	11.89419	-0.00839729	-0.7327042
51.92	-7.319499	-7.50889	0.3821106	-7	-0.309758	-0.6946455	11.69415	-0.0236649	-0.7689972
51.94	-7.31489	-7.50889	0.4179099	-7	-0.3003507	-0.684999	11.661	-0.08473319	-0.7468109
51.96	-7.248181	-7.4406	0.7366972	-7	-0.2810247	-0.6644233	11.12233	-0.00839729	-0.7634239
51.98	-7.301224	-7.50889	0.463069	-7	-0.2992081	-0.6764001	10.28972	0.02213707	-1.128582
52	-7.24113	-7.4406	0.7490673	-7	-0.3156565	-0.6764485	10.5939	0.006869889	-0.8498201
52.02	-7.254023	-7.4406	0.6380025	-7	-0.3136683	-0.6638495	9.269236	-0.06946601	-1.188191
52.04	-7.238456	-7.4406	0.6882616	-7	-0.3556541	-0.6943745	9.630278	-0.00839729	-1.109179
52.06	-7.323306	-7.50889	0.2447152	-7	-0.3822184	-0.7118418	9.642753	-0.00839729	-1.203927
52.08	-7.328236	-7.50889	0.2348505	-7	-0.4019601	-0.7368622	11.50241	-0.00839729	-0.7114773
52.1	-7.356582	-7.50889	0.0941034	-7	-0.3536197	-0.7024524	11.63146	0.006869889	-0.642704
52.12	-7.356447	-7.50889	0.1177645	-7	-0.3022571	-0.6567057	11.99256	0.02213707	-0.4082279
52.14	-7.250956	-7.4406	0.6626006	-7	-0.2744751	-0.6680449	12.71853	0.3427478	-0.3461161
52.16	-7.295282	-7.50889	0.4468482	-7	-0.2683615	-0.6836967	11.80086	-0.00839729	-0.9112625
52.18	-7.270376	-7.50889	0.6058517	-7	-0.3063683	-0.7285236	13.0942	-0.1305347	-0.6709146
52.2	-7.384161	-7.577179	0.05632055	-7	-0.2780525	-0.6837404	12.12916	0.006869889	-0.8325806
52.22	-7.216242	-7.4406	0.929877	-7	-0.2826475	-0.7093576	14.23078	0.006869889	-0.1720257
52.24	-7.230535	-7.4406	0.8061483	-7	-0.2324566	-0.6713551	11.23444	-0.0236649	-1.105252
52.26	-7.329679	-7.577179	0.3450879	-7	-0.3006773	-0.7102431	11.89755	-0.06946601	-1.017033
52.28	-7.260592	-7.50889	0.7260232	-7	-0.3450741	-0.7796861	14.31974	-0.2526722	-0.5078049
52.3	-7.288274	-7.50889	0.5683346	-7	-0.3118788	-0.7642021	13.30379	-0.05419883	-0.8976507
52.32	-7.260854	-7.50889	0.7175524	-7	-0.3283439	-0.7862992	14.20473	0.2053428	-0.7082014
52.34	-7.224281	-7.4406	0.8595135	-7	-0.2842776	-0.7322944	12.7882	-0.00839729	-0.8565664
52.36	-7.191572	-7.4406	0.9923312	-7	-0.3053136	-0.7490364	12.36805	0.1290069	-1.028236
52.38	-7.280823	-7.50889	0.519087	-7	-0.3222306	-0.7358544	11.38686	0.09847297	-1.225021
52.4	-7.270763	-7.50889	0.5867243	-7	-0.3683905	-0.7804461	13.33835	-0.05419883	-0.7247858
52.42	-7.299762	-7.50889	0.432757	-7	-0.3441721	-0.7698551	13.34258	-0.06946601	-0.7734346
52.44	-7.321161	-7.50889	0.3285718	-7	-0.2964803	-0.7076424	13.12548	0.006869889	-0.5599737
52.46	-7.30546	-7.50889	0.4337224	-7	-0.2695231	-0.6915484	13.70138	0.03740425	-0.3809147
52.48	-7.300218	-7.50889	0.482357	-7	-0.2364231	-0.6722469	13.587	-0.00839729	-0.4339237
52.5	-7.27914	-7.50889	0.6179453	-7	-0.2278934	-0.67801	13.87253	-0.0236649	-0.439024
52.52	-7.323936	-7.577179	0.4443232	-7	-0.2473801	-0.7186058	14.54349	-0.00839729	-0.5570383
52.54	-7.269589	-7.50889	0.744958	-7	-0.2277845	-0.7060816	14.98193	-0.05419883	-0.32337
52.56	-7.259697	-7.50889	0.8016384	-7	-0.210514	-0.6996736	14.20881	0.006869889	-0.6173801
52.58	-7.263431	-7.50889	0.7867112	-7	-0.2047333	-0.6741851	13.4164	0.03740425	-0.6783304
52.6	-7.180321	-7.4406	1.188596	-7	-0.2218782	-0.6895235	13.29823	-0.03893165	-0.6702509
52.62	-7.246153	-7.50889	0.8330733	-7	-0.2546762	-0.7121898	12.12726	-0.05419883	-1.160389
52.64	-7.280262	-7.50889	0.6516502	-7	-0.2734824	-0.6865307	12.12843	-0.0236649	-0.8221693
52.66	-7.298047	-7.50889	0.5590201	-7	-0.2727008	-0.6747283	12.42821	-0.05419883	-0.6255226
52.68	-7.21742	-7.4406	0.9466816	-7	-0.2702119	-0.6917963	13.08261	-0.2068706	-0.4975939
52.7	-7.137926	-7.372311	1.274845	-7	-0.2599165	-0.6971979	11.87634	0.2053428	-0.9232311
52.72	-7.199306	-7.4406	0.9034507	-7	-0.2929468	-0.7033284	10.43626	0.02213707	-1.35587
52.74	-7.34719	-7.577179	0.1763858	-7	-0.3601919	-0.7369964	11.73795	-0.03893165	-1.024349
52.76	-7.311882	-7.50889	0.3800567	-7	-0.3540381	-0.7460486	14.38955	-0.1000004	-0.1904469
52.78	-7.360193	-7.577179	0.1782606	-7	-0.3251488	-0.7812463	15.77683	0.03740425	-0.3117399
52.8	-7.2749	-7.50889	0.646436	-7	-0.2762778	-0.7800013	17.37688	0.2053428	0.02910042
52.82	-7.247818	-7.50889	0.7976479	-7	-0.2253213	-0.7739863	16.84595	-0.1152675	-0.3843956
52.84	-7.238881	-7.50889	0.8565533	-7	-0.1947894	-0.7371821	15.98276	-0.0236649	-0.5076447
52.86	-7.216138	-7.50889	0.9920137	-7	-0.2058445	-0.7486893	15.94155	0.08320579	-0.5577011
52.88	-7.19809	-7.50889	1.094372	-7	-0.237111	-0.7913921	16.08952	0.09847297	-0.7133741
52.9	-7.232995	-7.50889	0.903826	-7	-0.2279918	-0.7541862	14.80832	-0.08473319	-0.8506451
52.92	-7.231228	-7.50889	0.9171988	-7	-0.2460464	-0.7519698	15.0141	-0.03893165	-0.6589108
52.94	-7.334947	-7.577179	0.4105949	-7	-0.2305342	-0.7094911	14.32533	-0.00839729	-0.6776657
52.96	-7.318431	-7.577179	0.5582252	-7	-0.2442306	-0.7336797	16.57376	0.03740425	-0.07656765
52.98	-7.326628	-7.577179	0.5589129	-7	-0.2030765	-0.7278977	16.90021	-0.00839729	-0.153266
53	-7.236369	-7.50889	1.039725	-7	-0.1692528	-0.7204121	17.26546	-0.03893165	-0.07076836
53.02	-7.144337	-7.4406	1.474457	-7	-0.14611	-0.7158449	15.78158	0.006869889	-0.5625687
53.04	-7.210496	-7.50889	1.111237	-7	-0.1660133	-0.6973007	13.55407	0.02213707	-1.097825
53.06	-7.218118	-7.50889	1.068941	-7	-0.221653	-0.7094637	13.89467	-0.0236649	-0.7751331
53.08	-7.239098	-7.50889	0.9458165	-7	-0.2478649	-0.7259333	13.91853	-0.06946601	-0.7695799
53.1	-7.24607	-7.50889	0.8975025	-7	-0.2660791	-0.7413164	14.39521	0.006869889	-0.6525059
53.12	-7.251343	-7.50889	0.8575872	-7	-0.2692415	-0.7505821	14.78281	0.052671	-0.5967522
53.14	-7.266288	-7.50889	0.768092	-7	-0.248771	-0.7262297	14.66961	-0.03893165	-0.5370502
53.16	-7.188051	-7.4406	1.136295	-7	-0.2325776	-0.7192389	14.89855	-0.03893165	-0.4101458
53.18	-7.200986	-7.4406	1.016168	-7	-0.1999505	-0.6727204	12.97262	0.006869889	-0.8160362
53.2	-7.244952	-7.50889	0.7950768	-7	-0.2416269	-0.6969162	13.47896	-0.03893165	-0.7179594
53.22	-7.260396	-7.50889	0.7229403	-7	-0.2557262	-0.7129043	14.40604	0.052671	-0.4810343
53.24	-7.279165	-7.50889	0.6310276	-7	-0.2306895	-0.6923471	14.6286	-0.06946601	-0.3705177
53.26	-7.180493	-7.4406	1.125042	-7	-0.224749	-0.7194065	15.68874	-0.0236649	-0.217864
53.28	-7.254886	-7.50889	0.7333577	-7	-0.2016938	-0.7008277	14.25111	-0.00839729	-0.7454329
53.3	-7.248471	-7.50889	0.7888197	-7	-0.2132313	-0.6969812	15.26882	0.02213707	-0.3096886
53.32	-7.236706	-7.50889	0.8661782	-7	-0.2166881	-0.7295047	16.02951	0.09847297	-0.335638
53.34	-7.261614	-7.50889	0.7426775	-7	-0.1779877	-0.6838139	15.29124	0.06793861	-0.38902
53.36	-7.162644	-7.4406	1.242956	-7	-0.177818	-0.6983266	15.9519	0.09847297	-0.2174282
53.38	-7.24267	-7.50889	0.8239094	-7	-0.1623707	-0.6745803	14.15343	-0.1000004	-0.7707691
53.4	-7.266277	-7.50889	0.7206321	-7	-0.1563282	-0.6215876	14.15655	-0.03893165	-0.3236217
53.42	-7.246974	-7.50889	0.8478802	-7	-0.1701887	-0.6537371	15.22943	-0.0236649	-0.1815357
53.44	-7.181076	-7.4406	1.166286	-7	-0.1510432	-0.6529664	14.95753	-0.00839729	-0.2891893
53.46	-7.192914	-7.4406	1.068078	-7	-0.1261585	-0.6061662	13.02522	0.02213707	-0.646204
53.48	-7.161648	-7.4406	1.212605	-7	-0.1741361	-0.6433256	13.42303	-0.03893165	-0.5765114
53.5	-7.228574	-7.50889	0.8698906	-7	-0.2251997	-0.6990157	13.70844	-0.0236649	-0.7832985
53.52	-7.328877	-7.577179	0.3951386	-7	-0.2436803	-0.7022917	14.83821	-0.03893165	-0.4253912
53.54	-7.277183	-7.50889	0.6867868	-7	-0.2104542	-0.6892611	16.61006	0.006869889	0.1670294
53.56	-7.24241	-7.50889	0.8838708	-7	-0.1794898	-0.7166849	17.23798	0.006869889	-0.05527592
53.58	-7.240769	-7.50889	0.9026564	-7	-0.1379234	-0.6850467	16.61492	0.02213707	-0.212841
53.6	-7.12263	-7.4406	1.502081	-7	-0.1535137	-0.7306223	17.37561	0.006869889	-0.1973009
53.62	-7.118243	-7.4406	1.47707	-7	-0.1607693	-0.7443345	15.55465	0.052671	-0.8804073
53.64	-7.220993	-7.50889	0.9334288	-7	-0.1771942	-0.6946457	14.00617	0.02213707	-0.9333105
53.66	-7.230877	-7.50889	0.8981802	-7	-0.2125615	-0.701993	15.29968	0.006869889	-0.3725281
53.68	-7.328097	-7.577179	0.4361866	-7	-0.1991549	-0.6898172	15.65103	-0.08473319	-0.313838
53.7	-7.231482	-7.50889	0.9705315	-7	-0.1980207	-0.730321	18.30601	0.02213707	0.2718534
53.72	-7.302365	-7.577179	0.6400102	-7	-0.1505181	-0.7214776	17.62246	0.006869889	-0.2341261
53.74	-7.220005	-7.50889	1.092931	-7	-0.1211895	-0.6985281	18.55184	0.2511448	0.200367
53.76	-7.118147	-7.4406	1.592536	-7	-0.1014153	-0.7173948	17.80637	0.7091601	-0.2413034
53.78	-7.170616	-7.50889	1.310636	-7	-0.1244945	-0.726878	16.14261	2.571755	-0.8263302
53.8	-7.227062	-7.50889	1.011487	-7	-0.119542	-0.6475631	14.79322	1.045038	-0.5797501
53.82	-7.265092	-7.50889	0.8202359	-7	-0.09993352	-0.5755354	14.09935	1.380916	-0.2687893
53.84	-7.240646	-7.50889	0.9707619	-7	-0.1197505	-0.6057296	15.28298	0.09847297	-0.03841209
53.86	-7.267443	-7.50889	0.8364919	-7	-0.08696418	-0.5713671	14.4932	-0.06946601	-0.1772108
53.88	-7.256128	-7.50889	0.915106	-7	-0.08161101	-0.5623951	14.87112	0.525954	-0.001574516
53.9	-7.292102	-7.577179	0.7855191	-7	-0.1118914	-0.6241028	16.12799	0.8923659	-0.05746174
53.92	-7.360765	-7.577179	0.4708712	-7	-0.04142031	-0.5246712	15.19467	0.3274806	0.1313372
53.94	-7.257604	-7.50889	1.04246	-7	-0.01642254	-0.5180137	16.49913	0.1137401	0.5681267
53.96	-7.210554	-7.50889	1.299522	-7	-0.01677036	-0.571879	16.24566	-0.08473319	0.00265789
53.98	-7.22506	-7.50889	1.219226	-7	-0.007059723	-0.5398154	14.63285	0.2969463	-0.290247
54	-7.22315	-7.50889	1.231302	-7	-0.03153706	-0.5352555	14.23958	-0.0236649	-0.2346039
54.02	-7.169802	-7.4406	1.464671	-7	-0.03909925	-0.523724	13.3922	-0.08473319	-0.2798834
54.04	-7.250885	-7.50889	1.026292	-7	-0.06033584	-0.5110006	11.98366	-0.0236649	-0.5950556
54.06	-7.172426	-7.4406	1.401763	-7	-0.1110704	-0.552377	13.31289	0.02213707	-0.1577396
54.08	-7.205185	-7.4406	1.167643	-7	-0.1019249	-0.5347651	11.64888	-0.08473319	-0.6073399
54.1	-7.285457	-7.50889	0.7443112	-7	-0.1227385	-0.5155033	11.67137	-0.1152675	-0.3989191
54.12	-7.305655	-7.50889	0.6496923	-7	-0.1202635	-0.5054032	12.89519	-0.00839729	0.07427883
54.14	-7.28069	-7.50889	0.7979453	-7	-0.1196124	-0.5519406	14.71219	0.02213707	0.241188
54.16	-7.332021	-7.577179	0.5804493	-7	-0.1095463	-0.587898	15.8693	0.006869889	0.1481981
54.18	-7.247458	-7.50889	1.041873	-7	-0.08326939	-0.6043604	17.52462	-0.0236649	0.4777651
54.2	-7.322187	-7.577179	0.6904967	-7	-0.02651596	-0.5645412	16.37462	0.006869889	0.04699707
54.22	-7.201638	-7.50889	1.349654	-7	-0.0382787	-0.6054786	18.39699	0.052671	0.5005465
54.24	-7.205769	-7.50889	1.31878	-7	-0.006338745	-0.5971172	16.63708	-0.00839729	-0.1852951
54.26	-7.185286	-7.50889	1.427773	-7	-0.03175551	-0.6049363	16.44594	0.02213707	-0.1693249
54.28	-7.235091	-7.50889	1.15301	-7	-0.007716805	-0.5334989	14.43648	-0.0236649	-0.3217154
54.3	-7.221079	-7.50889	1.233247	-7	-0.03849313	-0.5413098	14.95632	-0.1152675	-0.04319191
54.32	-7.140299	-7.4406	1.612996	-7	-0.06366058	-0.5870349	15.22082	-0.03893165	-0.1416836
54.34	-7.127923	-7.4406	1.617903	-7	-0.09896947	-0.6299285	14.38544	-0.00839729	-0.607461
54.36	-7.260665	-7.50889	0.8965185	-7	-0.09186763	-0.5508675	12.34662	-0.05419883	-0.6967411
54.38	-7.205509	-7.4406	1.155354	-7	-0.1013217	-0.5247841	13.55477	-0.03893165	0.07177448
54.4	-7.287439	-7.50889	0.7250334	-7	-0.08210979	-0.5115578	12.98913	-0.0236649	-0.1993513
54.42	-7.353257	-7.577179	0.44449	-7	-0.08438237	-0.5119957	14.77275	-0.0236649	0.3070126
54.44	-7.27919	-7.50889	0.8617434	-7	-0.0461408	-0.5216584	16.71195	-0.0236649	0.7216377
54.46	-7.249075	-7.50889	1.036455	-7	-0.00195545	-0.532793	16.72172	-0.08473319	0.369215
54.48	-7.160505	-7.4406	1.477039	-7	0.02924269	-0.5165145	16.13514	0.006869889	0.2322884
54.5	-7.210431	-7.50889	1.223112	-7	0.01845622	-0.5202484	14.80356	0.03740425	-0.2617941
54.52	-7.159517	-7.4406	1.463572	-7	0.009319633	-0.4949949	14.42887	0.03740425	-0.01611233
54.54	-7.298722	-7.577179	0.7796953	-7	-0.02320421	-0.5099684	13.87855	-0.0236649	-0.3186731
54.56	-7.227901	-7.50889	1.175909	-7	-0.05772622	-0.5512384	16.45282	-0.00839729	0.4396667
54.58	-7.250862	-7.50889	1.05014	-7	-0.01658195	-0.5344756	15.53631	-0.00839729	0.04925823
54.6	-7.241083	-7.50889	1.111518	-7	-0.004059911	-0.5143042	15.70598	-0.05419883	0.2153597
54.62	-7.241393	-7.50889	1.118418	-7	0.01226249	-0.4998963	15.47719	0.006869889	0.1763973
54.64	-7.152801	-7.4406	1.554082	-7	0.01107126	-0.5146705	15.64356	-0.08473319	0.1903706
54.66	-7.153118	-7.4406	1.506503	-7	0.01162907	-0.5081087	13.95728	0.02213707	-0.3107138
54.68	-7.217697	-7.50889	1.171269	-7	-0.03521067	-0.5236846	13.79885	-0.06946601	-0.3226442
54.7	-7.239994	-7.50889	1.061413	-7	-0.06022906	-0.5339299	14.67951	-0.03893165	0.01443958
54.72	-7.173943	-7.4406	1.372608	-7	-0.05604842	-0.5492043	15.35058	0.006869889	0.1533613
54.74	-7.252845	-7.50889	0.954511	-7	-0.03746197	-0.5272811	14.3285	0.006869889	-0.183588
54.76	-7.182267	-7.4406	1.302569	-7	-0.03201422	-0.5132818	15.2267	0.006869889	0.2903357
54.78	-7.225181	-7.50889	1.086943	-7	-0.04609108	-0.5577307	15.36852	0.006869889	-0.07499599
54.8	-7.218847	-7.50889	1.136296	-7	-0.06330957	-0.5875115	16.64948	0.006869889	0.1731682
54.82	-7.174893	-7.4406	1.331628	-7	-0.0197925	-0.5498782	16.06628	-0.0236649	0.1536617
54.84	-7.241093	-7.50889	0.9944698	-7	-0.0002863109	-0.5148747	15.09796	0.02213707	-0.04865742
54.86	-7.210536	-7.50889	1.185959	-7	-0.03181207	-0.5593665	16.95031	0.03740425	0.3398428
54.88	-7.286621	-7.577179	0.8401924	-7	-0.02638689	-0.5792912	17.32928	0.03740425	0.1655111
54.9	-7.218797	-7.50889	1.218522	-7	-0.001921833	-0.5707496	18.60839	-0.03893165	0.6103458
54.92	-7.19065	-7.50889	1.376346	-7	0.0173586	-0.59273	18.48641	-0.06946601	0.2611694
54.94	-7.171305	-7.50889	1.485263	-7	0.01321056	-0.6072923	18.34057	-0.00839729	0.1074486
54.96	-7.270572	-7.577179	1.003757	-7	0.03062478	-0.5576251	17.15207	0.006869889	-0.01833344
54.98	-7.186038	-7.50889	1.467455	-7	0.01779923	-0.5716292	18.72998	-0.06946601	0.5377703
55	-7.126527	-7.4406	1.731453	-7	0.05387077	-0.5517939	17.09477	0.006869889	0.05751991
55.02	-7.170515	-7.50889	1.496952	-7	0.02050591	-0.5655965	16.14603	0.02213707	-0.2731752
55.04	-7.172818	-7.50889	1.485523	-7	-0.02879521	-0.5988152	16.82517	-0.03893165	-0.06750774
55.06	-7.192414	-7.50889	1.372244	-7	-0.0433996	-0.6109744	16.87984	-0.03893165	-0.0796957
55.08	-7.230337	-7.50889	1.162641	-7	-0.01607987	-0.5555559	16.20773	0.006869889	0.03914833
55.1	-7.160767	-7.4406	1.491755	-7	0.005446345	-0.5273305	16.32377	0.02213707	0.2917976
55.12	-7.240438	-7.50889	1.071647	-7	0.03104144	-0.4862893	14.82846	0.006869889	-0.06577396
55.14	-7.221755	-7.50889	1.193818	-7	0.007762551	-0.5037947	16.32793	-0.0236649	0.4027119
55.16	-7.242512	-7.50889	1.094108	-7	0.03703427	-0.4848679	16.02379	-0.08473319	0.3031807
55.18	-7.227961	-7.50889	1.190284	-7	0.04508004	-0.4849033	16.61642	0.006869889	0.4515781
55.2	-7.213387	-7.50889	1.282878	-7	0.04952618	-0.502508	16.97509	0.02213707	0.3848467
55.22	-7.150228	-7.4406	1.583122	-7	0.0754956	-0.4790291	16.28999	-0.0236649	0.3086481
55.24	-7.182121	-7.50889	1.424739	-7	0.03834245	-0.5249844	16.11866	0.02213707	-0.03620243
55.26	-7.200826	-7.50889	1.332636	-7	0.01852974	-0.5291339	16.32982	-0.00839729	0.1087132
55.28	-7.200878	-7.50889	1.338013	-7	0.003399581	-0.5503605	16.96087	-0.05419883	0.2089348
55.3	-7.182071	-7.50889	1.440304	-7	-0.01920715	-0.6011117	17.99309	-0.05419883	0.2162113
55.32	-7.124011	-7.4406	1.696486	-7	-0.001668364	-0.595053	17.57992	-0.1000004	0.115942
55.34	-7.148808	-7.4406	1.512895	7	0.03237706	-0.5267049	17.21383	0.03740425	0.3070974
55.36	-7.268133	-7.577179	0.9393609	7	0.02236256	-0.5444517	20.57354	-0.0236649	1.021988
55.38	-7.180945	-7.50889	1.427748	7	0.07079637	-0.5923073	26.72678	0.06793861	2.302323
55.4	-7.130326	-7.50889	1.71281	7	0.1872693	-0.6310018	30.82613	1.212977	2.50976
55.42	-7.187321	-7.50889	1.435281	7	0.4466821	-0.4004859	30.71552	8.846564	2.951265
55.44	-7.085686	-7.50889	2.060924	7	0.5959131	-0.3391942	35.32368	6.296946	4.058626
55.46	-7.080559	-7.50889	2.170704	7	0.8322991	-0.186735	35.96381	10.34275	4.186604
55.48	-7.093573	-7.50889	2.215756	7	1.097186	0.07807957	35.66322	10.8771	4.867156
55.5	-7.085786	-7.50889	2.407419	7	1.350315	0.3312361	35.71442	9.014503	5.633453
55.52	-6.975116	-7.4406	3.124837	7	1.570737	0.5173831	36.28337	10.15954	6.243352
55.54	-6.900518	-7.4406	3.654853	7	1.723666	0.6112155	36.54902	5.961068	6.221894
55.56	-7.117034	-7.50889	2.67434	7	2.034452	1.051485	30.69599	10.31221	6.329335
55.58	-6.971314	-7.50889	3.696156	7	2.078022	1.070396	36.69194	8.571755	8.154899
55.6	-5.578487	-6.143096	10.36499	7	2.389861	1.231565	31.70567	6.587021	7.813053
55.62	-5.380895	-6.143096	10.61292	7	2.355488	1.272468	8.248089	10.48015	0.5465465
55.64	-5.544859	-6.143096	9.021335	7	2.008392	1.538834	-7.635784	11.56412	-0.403389
55.66	-7.732125	-7.782049	-2.152735	7	1.71095	2.018338	-15.93504	5.35038	0.6932116
55.68	-7.798698	-7.782049	-1.790091	7	1.357501	1.655319	27.35718	-19.00076	13.54691
55.7	-6.476398	-6.484545	4.904252	7	2.024824	1.413975	45.49352	-15.01603	14.95822
55.72	-5.952801	-6.825994	7.553385	7	2.056867	0.5108506	54.51579	-10.11527	8.996081
55.74	-5.963858	-6.757704	7.24487	7	2.353609	0.7464224	46.39125	10.38855	6.710482
55.76	-5.974559	-6.825994	7.08665	7	2.412024	0.9155892	45.7134	18.64809	7.487262
55.78	-6.270553	-6.825994	5.433324	7	2.773055	1.533022	37.34082	13.02977	8.130695
55.8	-5.898757	-6.484545	7.236749	7	2.979673	1.841249	38.91505	14.51068	10.57869
55.82	-6.306637	-6.825994	5.126001	7	3.2371	2.167048	31.86265	4.754961	9.188796
55.84	-6.205865	-6.757704	5.788982	7	3.333839	2.332968	37.96649	9.976336	12.13973
55.86	-6.274508	-6.825994	5.577747	7	3.545752	2.437605	39.52735	6.251144	12.20092
55.88	-6.199248	-6.825994	6.162741	7	3.712176	2.505414	44.01128	10.81603	13.24908
55.9	-6.149321	-6.757704	6.555384	7	3.99971	2.728366	43.47581	14.78549	13.44236
55.92	-6.080006	-6.825994	7.12795	7	4.121981	2.756094	46.41455	12.44962	13.79963
55.94	-6.186745	-6.825994	6.740057	7	4.421258	3.096138	42.84193	13.68626	13.90975
55.96	-6.218796	-6.825994	6.797319	7	4.688799	3.453084	41.47651	11.8542	15.0913
55.98	-6.147463	-6.757704	7.379441	7	4.939774	3.727714	40.43876	10.8313	15.82047
