0	-0.7106526	-0.6799221	-3.317932	0	-0.05358716	-0.01399327	2.03721	0.005114958	0
0.02	-0.8846053	-0.7482109	-3.695415	0	0.05766473	0.07583266	13.10534	-0.04068658	3.793852
0.04	-0.6540273	-0.6799221	-1.999248	0	0.2385544	-0.1106354	24.41923	1.104351	4.91452
0.06	-0.6253524	-0.6799221	-1.457953	0	0.6219879	0.05565349	23.18492	11.30282	3.835166
0.08	-0.493898	-0.6799221	-0.3594942	0	0.8473986	0.2062153	22.59751	10.6158	3.774254
0.1	0.7423564	0.6175833	5.686886	0	1.299087	0.7145733	8.909683	14.11198	2.962846
0.12	-0.6361082	-0.6799221	-1.340246	0	1.37125	1.280562	-20.85138	10.93641	-3.776904
0.14	-0.7927818	-0.6799221	-1.661259	0	1.041155	1.530521	-13.25145	9.272289	3.051712
0.16	-1.132586	-0.6799221	-3.084269	0	1.241427	1.852279	-17.33193	-3.26206	3.51224
0.18	-1.399751	-1.08966	-3.800583	0	1.167309	1.719251	-8.173731	-15.50634	5.306968
0.2	-1.083396	-1.02137	-1.534101	0	1.037006	1.181034	7.847813	3.409694	6.608786
0.22	-0.9874611	-1.08966	-0.5658871	0	1.05031	0.7831843	13.7127	3.791374	4.794378
0.24	0.4513597	0.3444233	6.480599	0	1.36712	0.9671159	6.652366	13.42496	4.152518
0.26	0.6377835	0.2761335	6.821289	0	1.228388	0.9063644	-17.21234	10.27992	-3.609765
0.28	-0.06371985	0.002975464	2.659017	0	1.021632	1.547633	-42.14394	6.570001	-5.172947
0.3	-0.5344846	0.002975464	-0.1331439	0	0.8222255	2.153991	-52.3363	-2.636106	-1.863211
0.32	-0.4805604	0.2078438	-0.1860466	0	0.6072892	2.207845	-51.05593	-22.17809	0.5281596
0.34	-0.6824714	-0.3384733	-1.216191	0	-0.02990806	1.270718	-34.83664	-23.78114	0.2975523
0.36	-0.4828646	-0.3384733	-0.2015719	0	-0.5537342	0.2355356	-12.21339	-15.55214	1.317818
0.38	0.2727555	0.5492926	3.032185	0	-0.3735414	0.07554061	-10.46066	-5.231526	0.4171424
0.4	0.8262296	0.6175833	5.183447	0	-0.6979343	-0.6187161	-7.653998	1.470764	-3.123744
0.42	0.4807444	0.6175833	2.510101	0	-0.6190358	-0.2619968	-24.45426	0.6158017	-6.014443
0.44	0.3288315	0.6858721	1.026667	0	-0.6441761	0.1786965	-30.6864	-2.865114	-3.906978
0.46	0.211233	0.6858721	-0.145813	0	-0.6800749	0.3372807	-32.02413	-12.78878	-2.784868
0.48	0.5241209	0.6858721	1.081613	0	-1.089329	-0.3268368	-17.67062	-16.55977	-1.798477
0.5	0.5112063	0.6858721	0.5102056	0	-1.211102	-0.6981004	-13.63521	-7.552136	-3.257585
0.52	-0.4880999	-0.2701836	-4.59848	0	-1.338114	-0.859868	-6.184889	-1.292595	-2.82971
0.54	-0.365379	0.002975464	-3.808403	0	-1.102117	-0.7591753	11.54683	-3.445266	2.907699
0.56	-0.1838849	0.002975464	-2.69907	0	-0.7052494	-0.8519354	21.31472	-1.994885	2.953717
0.58	0.2356177	0.002975464	-0.2912563	0	-0.5632865	-1.231368	33.05811	4.875344	2.555265
0.6	0.6476952	0.4127131	1.722544	0	-0.1384446	-1.003161	26.57694	15.18069	0.5422507
0.62	-0.9189126	-1.02137	-5.777094	0	0.1073386	-0.4460727	14.81845	17.44023	-1.490739
0.64	-1.268716	-1.02137	-6.619622	0	0.5323511	0.34751	25.14493	11.44023	6.829569
0.66	0.4432171	0.4127131	2.516354	0	1.074346	0.4013995	33.73065	-0.3765645	8.941978
0.68	-0.2157474	-0.6799221	-0.4086742	0	1.160955	0.1660903	18.49264	11.22649	-0.09892491
0.7	-0.5485884	-0.6799221	-1.566265	0	1.321692	0.8456552	11.15596	22.05091	2.867021
0.72	-0.9007794	-0.6799221	-2.843545	0	1.731837	1.668762	-0.3910446	4.67687	4.283638
0.74	-0.2448953	-0.6799221	1.304489	0	1.223334	0.8182732	18.79218	-0.2544267	5.960973
0.76	-0.5628936	-0.7482109	-0.0107522	0	1.363874	0.8662883	7.516346	1.134886	1.80931
0.78	-0.6387109	-0.6799221	-0.06428647	0	1.454755	1.272466	1.470527	9.440228	3.161104
0.8	-0.7762417	-0.6799221	-0.4746385	0	1.581082	1.63141	-6.118784	-3.094121	3.261042
0.82	0.2578673	0.2761335	4.69561	0	1.602215	1.710072	-10.36365	1.928779	3.728561
0.84	-0.6169454	-1.02137	0.4785922	0	0.8981426	0.8741721	-12.37274	-1.933816	-2.11645
0.86	-1.287339	-0.9530802	-2.768048	0	0.9775025	1.517322	-17.19932	-0.2391599	1.814684
0.88	0.07624534	0.3444233	4.006361	0	1.0702	1.557033	-10.869	-11.73534	5.414243
0.9	0.2231287	0.002975464	4.405403	0	0.6929482	0.7956157	-16.77359	-3.277328	-1.78651
0.92	-0.1134726	0.002975464	2.185976	0	0.5493386	1.059166	-29.96546	4.722672	-2.958189
0.94	-0.001108646	0.07126522	2.410563	0	0.09837313	0.7902201	-25.59364	-6.544503	-1.292873
0.96	0.0526305	0.002975464	2.324645	0	-0.4145314	0.09605826	-17.10415	-15.55214	-2.000486
0.98	-0.1898352	0.002975464	0.6071129	0	-0.5056745	0.03607423	-17.66681	-8.910915	-2.301915
1	-0.05024501	0.002975464	1.019823	0	-0.7641771	-0.36058	-6.208289	-14.95672	-0.7012874
1.02	-0.2505042	0.002975464	-0.402445	0	-0.5871285	-0.2367309	-7.597484	-9.613206	-1.155844
1.04	-0.1026554	0.002975464	0.1587515	0	-0.6018773	-0.3741797	0.830477	-1.720076	0.4089212
1.06	-0.09509362	0.002975464	-0.01898396	0	-0.4629664	-0.3977252	2.84387	-1.429999	-0.0100919
1.08	-0.1951949	0.002975464	-0.7107778	0	-0.1809574	-0.07568769	0.05112791	3.745573	0.3230067
1.1	-0.1082424	0.002975464	-0.3065515	0	-0.0504038	0.02498622	2.352346	1.97458	1.229013
1.12	0.05396457	0.07126522	0.4732665	0	0.03152105	-0.009973135	3.81138	3.180686	0.9894115
1.14	0.01221341	0.002975464	0.2158369	0	0.1014969	0.02651436	2.095764	6.646337	0.2488363
1.16	0.04738581	0.002975464	0.3953304	0	0.09913211	0.02412799	2.973228	3.211222	0.531814
1.18	0.1202223	0.002975464	0.7714459	0	0.03539111	-0.1139127	5.146702	4.188321	0.3596837
1.2	-0.02339445	0.002975464	-0.0310144	0	0.1683238	0.1025144	0.299498	0.5547334	-0.05129737
1.22	-0.03205068	0.002975464	-0.05787434	0	0.2146618	0.2366846	-0.08588862	0.1119852	0.7847229
1.24	0.05511066	0.002975464	0.4346178	0	0.1601136	0.1168695	2.464447	-0.0254194	0.8580466
1.26	0.0357375	0.002975464	0.3290309	0	0.1768839	0.1086957	1.486716	0.2799242	0.359856
1.28	0.000853945	0.002975464	0.1472375	0	0.2117996	0.1899673	0.1454679	1.989848	0.4572762
1.3	-0.0338297	0.002975464	-0.02188195	0	0.2577128	0.2877545	-1.182174	1.226489	0.6478637
1.32	0.05758379	0.002975464	0.4947004	0	0.1795806	0.15677	1.621405	-0.620839	0.8421918
1.34	-0.2995504	-0.3384733	-1.179084	0	0.1303417	0.08202267	2.496195	-0.3002286	0.3017697
1.36	-0.4035579	-0.3384733	-1.491365	0	0.2199249	0.2052574	6.289912	-0.0254194	2.182315
1.38	-0.367755	-0.3384733	-1.061882	0	0.3534285	0.2258291	9.992457	0.1119852	2.8415
1.4	-0.2003051	-0.3384733	0.05313838	0	0.3856371	0.05286456	14.93328	1.028016	2.738797
1.42	0.2214648	0.002975464	2.230602	0	0.4764544	-0.006900154	14.01702	4.585268	1.816145
1.44	0.250472	0.07126522	2.224553	0	0.5929613	0.2040104	2.950471	6.570001	-0.5079212
1.46	0.06730092	-0.06531429	1.22529	0	0.5169995	0.3913834	-3.995188	3.806642	-0.8118084
1.48	-0.1456018	0.002975464	0.03630096	0	0.6149753	0.8398815	-12.64227	-0.4223661	-0.05230081
1.5	-0.03845496	0.002975464	0.6187239	0	0.42638	0.7111399	-9.164398	-3.170457	1.036985
1.52	-0.4476521	-0.3384733	-1.372703	0	0.3355459	0.625946	-9.218806	-4.819312	0.3277782
1.54	-0.4040402	-0.4067631	-0.8809298	0	0.1239371	0.2824173	3.213276	-2.147557	2.468346
1.56	-0.6163118	-0.3384733	-1.894912	0	0.4763086	0.6266836	-1.040247	-0.2544267	2.231486
1.58	-0.2579961	-0.3384733	0.2233898	0	0.3636402	0.2804303	10.64079	2.524199	3.624714
1.6	-0.3024192	-0.2701836	0.02977589	0	0.6143617	0.4322645	4.73942	2.84481	1.683923
1.62	-0.1827497	-0.2701836	0.7621349	0	0.6199004	0.452363	5.118494	6.417329	1.989059
1.64	-0.4132701	-0.4067631	-0.3133318	0	0.7171125	0.637437	-0.01954067	3.180686	1.254787
1.66	-0.3065265	-0.2701836	0.3473218	0	0.7672853	0.7896771	-0.4399009	0.2035883	2.419995
1.68	-0.1833726	-0.2701836	1.074068	0	0.6772581	0.6190106	0.7174895	-0.3307626	1.787535
1.7	-0.2746963	-0.2701836	0.6064908	0	0.7084932	0.7175186	-3.924564	0.2951914	0.9754397
1.72	-0.2717555	-0.2701836	0.6598914	0	0.6453072	0.7350783	-4.35067	-0.07122094	1.376934
1.74	-0.36679	-0.3384733	0.2189673	0	0.5944244	0.7172796	-4.856211	-0.1322897	1.261139
1.76	-0.3771766	-0.3384733	0.2246113	0	0.5472242	0.6795231	-3.324614	0.005114958	1.704082
1.78	-0.4211778	-0.3384733	0.03313163	0	0.5794048	0.717474	-3.715883	0.02038214	1.734079
1.8	-0.3228336	-0.2701836	0.5603496	0	0.5816388	0.6970812	-2.606632	0.03564932	1.992861
1.82	-0.3073162	-0.2701836	0.6295877	0	0.588182	0.6793488	-3.560063	0.0509165	1.474223
1.84	-0.3150078	-0.2701836	0.575843	0	0.5834372	0.7015281	-4.533992	0.03564932	1.380866
1.86	-0.390977	-0.3384733	0.207739	0	0.5585938	0.7029009	-4.659454	-0.01015222	1.408516
1.88	-0.3210559	-0.2701836	0.5720834	0	0.5399518	0.6763145	-3.323431	-0.07122094	1.803594
1.9	-0.4111835	-0.3384733	0.1161361	0	0.5617326	0.6984134	-4.358751	-0.0254194	1.442593
1.92	-0.393562	-0.3384733	0.2503384	0	0.5455419	0.6788657	-2.583558	-0.05595376	1.948261
1.94	-0.3563917	-0.2701836	0.4284014	0	0.6076512	0.7324805	-3.449073	-0.04068658	1.873354
1.96	-0.3027552	-0.2701836	0.704085	0	0.5938807	0.6952248	-3.114152	-0.01015222	1.723471
1.98	-0.3676923	-0.3384733	0.3849061	0	0.5735979	0.6725632	-3.462823	0.0509165	1.428976
2	-0.2924182	-0.2701836	0.7685987	0	0.548944	0.6410266	-2.276053	-0.0254194	1.764177
2.02	-0.2873625	-0.2701836	0.7633337	0	0.5412499	0.6133296	-2.825551	0.0509165	1.36662
2.04	-0.284921	-0.2701836	0.7470078	0	0.5191838	0.6002442	-2.900864	-0.07122094	1.344921
2.06	-0.3915181	-0.3384733	0.1962093	0	0.5274317	0.6429902	-3.676715	0.005114958	1.336663
2.08	-0.3477833	-0.3384733	0.4641714	0	0.4748831	0.5583037	-0.4541021	-0.04068658	1.936085
2.1	-0.3604771	-0.3384733	0.4078462	0	0.5006229	0.5354824	0.005756259	0.02038214	1.722443
2.12	-0.3364441	-0.3384733	0.5529745	0	0.510129	0.5146444	1.11876	-0.1017549	1.843035
2.14	-0.3708704	-0.3384733	0.3810738	0	0.5789642	0.5927026	-0.09164107	0.06618368	1.751236
2.16	-0.2737341	-0.2701836	0.8810244	0	0.6019697	0.6109901	0.2513905	0.08145128	1.987502
2.18	-0.3624996	-0.3384733	0.4279807	0	0.6435224	0.6744051	-2.011744	-0.05595376	1.485775
2.2	-0.3338576	-0.3384733	0.621067	0	0.6105884	0.6535992	-0.5885658	-0.07122094	1.96511
2.22	-0.3392832	-0.3384733	0.6146545	0	0.6124535	0.6353031	-0.5632173	-0.01015222	1.7949
2.24	-0.3448252	-0.3384733	0.6051936	0	0.6213369	0.648061	-0.6703682	-0.01015222	1.824882
2.26	-0.2482109	-0.2701836	1.092823	0	0.6068295	0.6104988	-0.0454544	-0.05595376	1.860539
2.28	-0.3222788	-0.3384733	0.7030594	0	0.6005076	0.6079863	-1.387958	-0.1170225	1.33748
2.3	-0.285814	-0.2701836	0.8652686	0	0.611306	0.6626318	-1.806752	-0.07122094	1.72144
2.32	-0.296877	-0.2701836	0.77513	0	0.6244637	0.6967967	-3.043155	-0.01015222	1.542378
2.34	-0.3428262	-0.3384733	0.5560817	0	0.579647	0.6578531	-2.275014	0.0509165	1.612505
2.36	-0.3551058	-0.3384733	0.5111505	0	0.5645387	0.6329864	-1.13015	-0.04068658	1.849197
2.38	-0.3840609	-0.3384733	0.3727425	0	0.6040546	0.6726393	-1.242127	-0.07122094	1.94
2.4	-0.295937	-0.2701836	0.8214893	0	0.6294215	0.6794698	-0.6179905	-0.05595376	2.147489
2.42	-0.3505999	-0.3384733	0.5500209	0	0.6423422	0.6792868	-1.423594	-0.01015222	1.712726
2.44	-0.3312852	-0.3384733	0.6817085	0	0.6195138	0.6508989	-0.1405854	0.005114958	2.013167
2.46	-0.4273392	-0.4067631	0.2329363	0	0.6438641	0.6766361	-0.4625658	-0.01015222	1.911247
2.48	-0.4184738	-0.4067631	0.3543546	0	0.6548325	0.6772452	1.322779	-0.07122094	2.449865
2.5	-0.3387346	-0.3384733	0.7951195	0	0.6993804	0.6773671	1.774635	-0.01015222	2.430774
2.52	-0.417622	-0.4067631	0.4301564	0	0.7549762	0.7431064	-0.003246307	0.02038214	2.033748
2.54	-0.3485867	-0.4067631	0.8698828	0	0.7030004	0.6616915	2.592438	-0.07122094	2.463264
2.56	-0.3797068	-0.4067631	0.7418606	0	0.7370538	0.6783929	1.499073	-0.1170225	2.056505
2.58	-0.3769191	-0.4067631	0.8004413	0	0.7474549	0.7055775	1.41211	0.005114958	2.221892
2.6	-0.3409308	-0.4067631	1.030982	0	0.7183316	0.6493512	2.356728	-0.0254194	2.195683
2.62	-0.3714145	-0.4067631	0.8887373	0	0.7412444	0.6832477	1.149356	-0.04068658	1.972706
2.64	-0.3331547	-0.4067631	1.119816	0	0.6997034	0.6311032	2.323665	-0.04068658	2.131373
2.66	-0.2038779	-0.2701836	1.722432	0	0.7069941	0.6227688	1.461613	-0.07122094	1.897931
2.68	-0.2879005	-0.3384733	1.228651	0	0.7017439	0.6619159	-1.524865	-0.07122094	1.201585
2.7	-0.2937193	-0.3384733	1.172256	0	0.6431077	0.6579012	-1.158138	-0.04068658	1.625356
2.72	-0.3348263	-0.3384733	0.9207997	0	0.6355273	0.6760509	-1.72543	-0.1170225	1.638133
2.74	-0.3766958	-0.3384733	0.6754107	0	0.6614438	0.7430414	-2.351129	0.02038214	1.884111
2.76	-0.3322423	-0.3384733	0.9065093	0	0.6271143	0.6793855	-0.34445	0.06618368	2.162169
2.78	-0.3303821	-0.3384733	0.8972886	0	0.630224	0.645575	0.03826883	-0.0254194	1.952366
2.8	-0.2926173	-0.2701836	1.035169	0	0.6820694	0.7135744	-1.06989	-0.01015222	1.983583
2.82	-0.2666853	-0.2701836	1.124345	0	0.6820262	0.7172406	-1.582714	0.0509165	1.84064
2.84	-0.2378793	-0.2701836	1.232757	0	0.6393719	0.6629497	-1.178985	0.005114958	1.71936
2.86	-0.3204003	-0.3384733	0.788878	0	0.6100524	0.6411797	-1.273826	-0.05595376	1.562929
2.88	-0.3564016	-0.3384733	0.601348	0	0.6185092	0.6723381	-0.5878724	-0.07122094	2.019334
2.9	-0.4345307	-0.4067631	0.2434311	0	0.6431172	0.6889499	0.4159486	-0.05595376	2.26854
2.92	-0.3557054	-0.3384733	0.6836104	0	0.6874338	0.6954697	2.211276	0.005114958	2.751802
2.94	-0.252784	-0.2701836	1.197552	0	0.7385479	0.6894567	1.96601	0.1883211	2.401985
2.96	-0.241909	-0.2701836	1.2192	0	0.7710032	0.7284548	-0.0800477	0.432596	1.888632
2.98	-0.2390992	-0.3384733	1.256466	0	0.6764807	0.6178356	1.383423	-0.1780908	1.827472
3	-0.2850857	-0.2701836	0.9622244	0	0.7432253	0.7494293	-1.543042	-0.2391599	1.752165
3.02	-0.3113681	-0.3384733	0.8496393	0	0.6971119	0.7225539	-0.490824	-0.2391599	2.037019
3.04	-0.2587062	-0.2701836	1.101353	0	0.6984719	0.7120132	-0.03746611	0.06618368	2.16599
3.06	-0.2050225	-0.2701836	1.355276	0	0.6498885	0.6150717	1.02573	-0.1322897	1.909197
3.08	-0.254117	-0.2701836	1.047291	0	0.6739689	0.6639671	-0.7592099	-0.01015222	1.614286
3.1	-0.2368018	-0.2701836	1.114036	0	0.6433683	0.6485627	0.02410156	0.0509165	1.906652
3.12	-0.3213938	-0.3384733	0.6798162	0	0.6364886	0.6424301	0.120722	-0.08648812	1.827593
3.14	-0.3447072	-0.3384733	0.5821911	0	0.6580458	0.6724454	1.140611	-0.1017549	2.311032
3.16	-0.2770633	-0.2701836	0.9260009	0	0.7102665	0.7012861	1.566012	-0.0254194	2.495354
3.18	-0.2254629	-0.2701836	1.186484	0	0.7142959	0.6610849	1.853629	0.1577872	2.196831
3.2	-0.2827407	-0.3384733	0.9084239	0	0.7025654	0.6412696	1.664476	0.02038214	1.931748
3.22	-0.3137494	-0.3384733	0.7729606	0	0.7217068	0.6841305	1.729078	0.02038214	2.233841
3.24	-0.2482535	-0.2701836	1.108787	0	0.7548822	0.7140269	1.799389	-0.01015222	2.42478
3.26	-0.231184	-0.2701836	1.184278	0	0.7699894	0.7204912	0.9208412	-0.07122094	2.103081
3.28	-0.3092941	-0.3384733	0.8021287	0	0.7688313	0.748077	0.1246426	-0.01015222	2.011055
3.3	-0.3011711	-0.3384733	0.887209	0	0.7447512	0.7252159	1.556652	-0.01015222	2.420238
3.32	-0.256733	-0.2701836	1.105436	0	0.784448	0.756237	1.007127	0.02038214	2.375909
3.34	-0.2604077	-0.3384733	1.118608	0	0.7340195	0.6691226	2.152667	0.02038214	2.166207
3.36	-0.2653469	-0.3384733	1.110417	0	0.712563	0.6289977	2.860849	-0.0254194	2.157599
3.38	-0.2818449	-0.3384733	1.034091	0	0.7234597	0.6391868	2.855628	0.0509165	2.183288
3.4	-0.2068155	-0.2701836	1.401523	0	0.7361676	0.6433812	3.031787	-0.01015222	2.291577
3.42	-0.2009767	-0.2701836	1.395267	0	0.7444629	0.6509609	1.829578	-0.07122094	1.90922
3.44	-0.1940887	-0.2701836	1.401375	0	0.7204306	0.6452724	1.482443	-0.05595376	1.878875
3.46	-0.2747009	-0.3384733	0.9872347	0	0.6932563	0.6369281	1.369375	0.0509165	1.831475
3.48	-0.3295703	-0.4067631	0.763557	0	0.6420584	0.5697212	3.890954	-0.04068658	2.262605
3.5	-0.3920159	-0.4067631	0.4867874	0	0.7106062	0.6348211	4.239081	-0.07122094	2.570539
3.52	-0.3931127	-0.4067631	0.5519556	0	0.7893005	0.701575	5.030518	-0.04068658	2.988318
3.54	-0.2804097	-0.3384733	1.181196	0	0.8463179	0.7055423	5.877633	0.06618368	3.066794
3.56	-0.1905631	-0.3384733	1.677314	0	0.8228575	0.6033424	6.542107	0.2188555	2.494522
3.58	-0.3063303	-0.4067631	1.101469	0	0.8542479	0.6723646	3.857635	-0.01015222	1.967737
3.6	-0.2185878	-0.3384733	1.582491	0	0.822104	0.6643905	5.010356	0.06618368	2.560624
3.62	-0.2305646	-0.3384733	1.508509	0	0.8250543	0.6640311	3.555732	0.02038214	2.056865
3.64	-0.1427133	-0.2701836	1.923897	0	0.7865177	0.6354587	3.521708	-0.08648812	2.096445
3.66	-0.2235874	-0.3384733	1.47313	0	0.7498682	0.620066	2.061048	-0.04068658	1.591366
3.68	-0.3612975	-0.4067631	0.7754106	0	0.7505477	0.6998379	1.357201	0.08145128	1.992989
3.7	-0.3003096	-0.3384733	1.107038	0	0.7562435	0.7098211	3.207618	-0.3918317	2.751391
3.72	-0.1756197	-0.2701836	1.721461	0	0.7463747	0.6214826	4.385801	0.1425196	2.473215
3.74	-0.2515203	-0.3384733	1.298896	0	0.7568763	0.628936	2.700392	0.2035883	1.825546
3.76	-0.2166903	-0.2701836	1.436666	0	0.7789257	0.702465	2.058447	-0.1170225	2.240744
3.78	-0.1970272	-0.2701836	1.500021	0	0.7655218	0.6885872	1.751785	0.03564932	2.084585
3.8	-0.2344628	-0.3384733	1.307437	0	0.7029714	0.6094329	2.81245	0.1730539	1.984109
3.82	-0.1554088	-0.2701836	1.681624	0	0.6593909	0.5303168	4.55584	-0.1933584	2.172498
3.84	-0.2951336	-0.3384733	0.9216383	0	0.7167488	0.6213668	2.134807	-0.1017549	1.768268
3.86	-0.3064148	-0.3384733	0.8834974	0	0.7392747	0.6861662	3.183851	0.1577872	2.576435
3.88	-0.2582922	-0.3384733	1.165421	0	0.7316639	0.6167629	5.329008	-0.04068658	2.695341
3.9	-0.1920327	-0.2701836	1.482994	0	0.77777	0.6259136	4.963533	0.0509165	2.471803
3.92	-0.1580039	-0.2701836	1.632802	0	0.77837	0.6122218	4.417233	-0.1170225	2.159157
3.94	-0.188039	-0.2701836	1.44018	0	0.7992194	0.6721202	2.584599	-0.01015222	1.974047
3.96	-0.1724139	-0.2701836	1.505581	0	0.7663031	0.6590667	2.867291	0.06618368	2.139
3.98	-0.1905962	-0.2701836	1.384324	0	0.7580032	0.6616149	2.376873	-0.01015222	2.042661
4	-0.203255	-0.2701836	1.297721	0	0.7532133	0.6747513	2.259808	-0.0254194	2.14711
4.02	-0.2107281	-0.2701836	1.242953	0	0.753867	0.6822494	2.337072	-0.04068658	2.232487
4.04	-0.209877	-0.2701836	1.236374	0	0.7549253	0.679992	2.627811	-0.0254194	2.29739
4.06	-0.1825916	-0.2701836	1.372927	0	0.732215	0.6287267	3.720311	-0.04068658	2.318981
4.08	-0.1861321	-0.2701836	1.337486	0	0.7346208	0.6150535	3.759704	-0.04068658	2.186927
4.1	-0.1841974	-0.2701836	1.335004	0	0.7354236	0.6128007	3.97939	-0.04068658	2.230041
4.12	-0.2615236	-0.3384733	0.9590649	0	0.7413347	0.6232325	4.108317	-0.01015222	2.24304
4.14	-0.1925555	-0.2701836	1.32407	0	0.7595638	0.6290624	5.331618	0.02038214	2.682758
4.16	-0.1698793	-0.2701836	1.434952	0	0.776942	0.6106402	5.162565	-0.01015222	2.353742
4.18	-0.1858923	-0.2701836	1.340573	0	0.8076491	0.6603308	4.021094	0.02038214	2.249142
4.2	-0.1628075	-0.2701836	1.465099	0	0.79072	0.6451707	4.441061	-0.01015222	2.349412
4.22	-0.1861551	-0.2701836	1.334343	0	0.8070269	0.6750036	3.51232	0.02038214	2.21707
4.24	-0.1817001	-0.2701836	1.360012	0	0.8001326	0.6803319	3.643422	-0.0254194	2.349498
4.26	-0.2443555	-0.3384733	1.072877	0	0.781087	0.6559207	4.175983	-0.0254194	2.326024
4.28	-0.2352446	-0.3384733	1.167708	0	0.7647067	0.6152617	6.011394	-0.0254194	2.659719
4.3	-0.1782228	-0.2701836	1.458283	0	0.8067269	0.6302751	5.974502	-0.01015222	2.625613
4.32	-0.2215375	-0.3384733	1.262369	0	0.8114421	0.6224172	5.723658	-0.01015222	2.356137
4.34	-0.1714595	-0.2701836	1.519374	0	0.8407256	0.6662699	5.44999	-0.05595376	2.585201
4.36	-0.1619471	-0.2701836	1.559145	0	0.8534551	0.681881	4.477899	-0.01015222	2.331655
4.38	-0.2206791	-0.3384733	1.285188	0	0.8274105	0.6696167	4.43563	0.005114958	2.271764
4.4	-0.1840663	-0.2701836	1.470284	0	0.8448677	0.7070337	4.316734	-0.0254194	2.561068
4.42	-0.2390507	-0.3384733	1.213422	0	0.8362579	0.6950036	4.209761	-0.04068658	2.37838
4.44	-0.334805	-0.4067631	0.7878951	0	0.8478166	0.7275104	4.635629	-0.01015222	2.665154
4.46	-0.2633814	-0.3384733	1.211028	0	0.8762741	0.7343866	6.261754	-0.05595376	3.194221
4.48	-0.2149981	-0.3384733	1.498637	0	0.8852373	0.6791703	6.880641	0.005114958	2.844983
4.5	-0.1900196	-0.3384733	1.650595	0	0.8797444	0.6463429	6.88697	0.09671804	2.582029
4.52	-0.2850934	-0.4067631	1.201182	0	0.8945574	0.6877166	5.788198	0.03564932	2.425456
4.54	-0.2184134	-0.3384733	1.576422	0	0.9002757	0.7059015	6.600112	0.005114958	2.921598
4.56	-0.1822154	-0.3384733	1.776306	0	0.88289	0.6498416	6.755713	-0.08648812	2.563409
4.58	-0.04518071	-0.2018938	2.408521	0	0.8852136	0.6499143	5.60812	-0.07122094	2.34285
4.6	-0.1408494	-0.2701836	1.840366	0	0.8814538	0.7065817	1.99237	-0.04068658	1.589812
4.62	-0.276151	-0.4067631	1.180345	0	0.786577	0.6743745	3.172605	0.06618368	2.065069
4.64	-0.3120989	-0.4067631	1.043847	0	0.7569976	0.6372693	5.749391	-0.01015222	2.749764
4.66	-0.2317716	-0.3384733	1.471423	0	0.7763583	0.5906769	7.828268	-0.1933584	2.982626
4.68	-0.2791212	-0.4067631	1.256272	0	0.8050437	0.5705802	8.063678	0.005114958	2.617679
4.7	-0.2969562	-0.4067631	1.205822	0	0.8590175	0.6300974	8.253931	-0.1017549	2.91203
4.72	-0.2470484	-0.3384733	1.475349	0	0.9464459	0.7263571	7.299027	0.02038214	3.056657
4.74	-0.2709872	-0.4067631	1.407227	0	0.9578326	0.7269508	7.061686	-0.01015222	2.835991
4.76	-0.09358661	-0.2701836	2.315025	0	0.9395731	0.6750979	7.953526	-0.01015222	2.94469
4.78	-0.1923297	-0.3384733	1.77023	0	0.9601068	0.7232333	4.297723	-0.07122094	1.962465
4.8	-0.1230522	-0.2701836	2.097521	0	0.9160292	0.7389473	4.293883	0.02038214	2.452737
4.82	-0.1074678	-0.2701836	2.125237	0	0.8533316	0.6702592	3.863043	-0.01015222	2.041282
4.84	-0.1768068	-0.2701836	1.693362	0	0.8551714	0.7390544	1.645545	-0.05595376	1.914863
4.86	-0.1797164	-0.2701836	1.637698	0	0.8153372	0.7373793	2.157729	0.02038214	2.29493
4.88	-0.2754145	-0.3384733	1.133498	0	0.8056861	0.7406654	2.27294	-0.05595376	2.322341
4.9	-0.2580422	-0.3384733	1.24559	0	0.7810141	0.6889163	4.944717	0.0509165	2.87374
4.92	-0.2730519	-0.3384733	1.173946	0	0.826111	0.6952573	5.458518	-0.05595376	2.831366
4.94	-0.2538312	-0.3384733	1.29505	0	0.8611922	0.7026079	6.347656	-0.08648812	2.986634
4.96	-0.3125672	-0.4067631	1.048614	0	0.89524	0.714766	6.727002	0.005114958	2.93808
4.98	-0.21101	-0.3384733	1.615635	0	0.911995	0.6895974	8.494106	0.005114958	3.288351
5	-0.1771571	-0.3384733	1.804171	0	0.9269511	0.6526285	8.204731	-0.01015222	2.767857
5.02	-0.184984	-0.3384733	1.766327	0	0.9442748	0.6860679	7.011571	0.1883211	2.579278
5.04	-0.1712046	-0.3384733	1.847933	0	0.9231052	0.6765332	6.975992	-0.1170225	2.606969
5.06	-0.1851574	-0.3384733	1.773729	0	0.9162231	0.6835847	6.349942	0.02038214	2.504094
5.08	-0.1300304	-0.2701836	2.021294	0	0.9198534	0.7077262	5.665635	-0.01015222	2.563053
5.1	-0.09707841	-0.2701836	2.149964	0	0.8726718	0.6521304	5.481357	0.03564932	2.264552
5.12	-0.2412588	-0.4067631	1.421632	0	0.8111436	0.6062452	5.579842	-0.1170225	2.056088
5.14	-0.2374003	-0.3384733	1.44012	0	0.8322621	0.6623831	6.409524	-0.04068658	2.805412
5.16	-0.1368587	-0.2701836	1.930964	0	0.8439078	0.6296363	7.3842	-0.05595376	2.843244
5.18	-0.1395829	-0.2701836	1.863876	7	0.8757201	0.6544478	6.719735	-0.04068658	2.599162
5.2	-0.2134212	-0.3384733	1.480098	7	0.8904123	0.6872795	7.504445	0.005114958	2.923278
5.22	-0.2041999	-0.3384733	1.552974	7	0.9120409	0.6776588	10.51421	-0.0254194	3.644922
5.24	-0.2580747	-0.4067631	1.335823	7	0.9700594	0.6663322	13.24586	0.03564932	3.958238
5.26	-0.1619431	-0.3384733	1.880555	7	1.063674	0.676068	16.57226	3.134886	4.633074
5.28	-0.1746742	-0.2701836	1.793513	7	1.319085	0.9418231	13.32548	4.783741	4.523985
5.3	-0.09433368	-0.3384733	2.307158	7	1.340824	0.9048308	16.66439	8.005115	5.033811
5.32	-0.1713907	-0.2701836	1.909459	7	1.595106	1.221758	11.88746	4.142519	4.898891
5.34	-0.105866	-0.3384733	2.381612	7	1.602557	1.20689	15.23165	8.539466	5.704119
5.36	-0.1666306	-0.2701836	2.102111	7	1.826137	1.47849	11.28008	3.409694	5.612783
5.38	0.9013167	0.6858721	7.225889	7	1.973932	1.586735	9.415054	9.48603	6.295883
5.4	0.9419185	0.6175833	6.862392	7	1.932769	1.601086	-7.536179	4.585268	0.8646474
5.42	0.8409966	0.6858721	5.773742	7	1.730206	1.871395	-19.14863	8.417328	0.665236
5.44	-0.4331304	-0.6799221	-0.5557634	7	1.012289	1.317769	-9.142042	-11.93382	1.271242
5.46	0.1105055	0.3444233	2.088978	7	1.168038	1.519711	5.035039	-8.330763	8.126353
5.48	0.5532887	0.4127131	4.133343	7	1.201029	1.012061	13.48894	-9.506335	6.060532
5.5	-0.08129266	0.3444233	0.4571269	7	1.990741	2.147279	-8.660568	13.30282	4.285873
5.52	0.4359508	0.3444233	3.237179	7	1.783198	1.879206	7.958768	13.98985	8.517775
5.54	0.2672186	0.4127131	2.178342	7	2.165432	2.181249	-0.9618926	10.53946	6.087311
5.56	0.9745363	0.4127131	5.927962	7	1.607573	1.193611	20.9529	2.218855	7.529174
5.58	1.423759	1.300479	7.455846	7	2.063082	1.633354	2.603027	8.768474	3.819283
5.6	0.5267785	0.002975464	2.864571	7	1.53132	1.19768	4.830388	1.837176	1.933915
5.62	-0.1260012	0.002975464	-0.4169536	7	1.761443	1.830301	6.07594	2.646336	6.715331
5.64	0.6022568	0.6175833	3.362757	7	1.985209	1.854085	19.71847	-6.178091	10.88035
5.66	0.5862276	0.6175833	3.112041	7	2.487544	2.17471	10.30138	-10.62084	7.675778
5.68	0.4805496	0.2761335	2.750815	7	2.501217	2.183599	13.71786	8.89061	8.340099
5.7	0.3727806	0.3444233	2.31672	7	2.786891	2.537483	11.32298	13.44023	9.166517
5.72	1.452438	1.300479	7.603654	7	3.01799	2.684637	10.70884	7.363893	10.14887
5.74	0.2357959	0.002975464	1.487659	7	2.960692	2.709517	-2.278355	9.470764	4.686526
5.76	1.296315	1.02732	6.936419	7	2.758768	2.589351	13.17392	9.012749	11.18872
5.78	0.5275384	0.6175833	2.726988	7	3.181719	3.122198	-8.696215	4.295191	5.725521
5.8	0.8168006	0.2761335	4.633141	7	2.453148	2.228764	17.96192	-2.315495	10.19737
5.82	0.8938396	1.02732	4.628505	7	3.082325	2.906438	2.919697	4.615801	8.601216
5.84	1.16875	0.6175833	6.148774	7	2.612503	2.179168	17.16843	-0.8040451	8.84714
5.86	0.2074294	0.2761335	1.159912	7	3.048216	2.882446	2.66519	5.76084	7.408165
5.88	1.654992	1.02732	8.727084	7	2.556129	1.984089	33.05151	1.715039	13.08096
5.9	1.096096	1.641927	4.84053	7	3.98994	3.927135	-20.06045	-0.8040451	5.520655
5.92	2.952424	2.256536	13.94169	7	3.09253	2.972427	-0.2170563	8.371526	9.373641
5.94	1.296223	1.573638	4.417416	7	3.510528	4.005154	-49.17341	3.684504	-0.9018154
5.96	2.463113	2.256536	9.949909	7	2.522303	3.387738	-24.59393	-7.078854	8.182373
5.98	1.672611	2.529693	4.565281	7	3.174258	4.541369	-64.32736	-3.200992	1.886132
6	2.494313	2.871142	7.995259	7	2.543682	4.193981	-51.77593	-21.06359	6.863237
6.02	1.230016	2.324824	0.5653043	7	2.835464	4.915984	-76.27771	1.409695	2.72788
6.04	1.719916	2.597983	2.682534	7	2.440324	4.675775	-54.66638	-16.51397	10.22926
6.06	3.656036	4.168647	11.34612	7	2.26774	3.780372	-44.39889	-2.284961	8.254591
6.08	3.794469	3.554038	10.76905	7	1.352246	2.231124	-43.83606	-1.552137	-1.427521
6.1	4.340394	4.851542	11.46561	7	1.391264	2.849152	-66.39342	9.806641	-2.102304
6.12	4.217435	5.124701	8.675283	7	1.385212	3.640264	-94.95483	-5.659007	-4.249932
6.14	4.688793	5.466149	9.182925	7	0.6674413	3.329944	-95.21613	-21.58267	-2.838758
6.16	5.081826	5.466149	9.381857	7	-0.5272275	1.832452	-79.7576	-36.6361	-4.78125
6.18	6.557054	6.763654	14.45947	7	-1.484279	0.4032724	-65.68629	-38.31549	-6.347899
6.2	5.484945	5.807599	6.631779	7	-2.235719	-0.3985986	-72.85101	-20.94145	-13.35683
6.22	5.299462	6.149047	3.662288	7	-2.552183	-0.2936155	-61.08662	-24.69717	-6.609533
6.24	5.120825	6.080756	1.064479	7	-2.563647	-0.5004988	-46.20006	-28.14756	-3.976651
6.26	6.556034	7.309972	6.515072	7	-2.375326	-0.8531894	-28.42951	-33.78114	-1.194243
6.28	6.756396	6.422206	6.161947	7	-3.18016	-2.778037	-2.717509	-19.01778	-7.063062
6.3	7.451891	7.856288	7.483634	7	-2.527138	-2.057603	-15.89138	12.37153	-7.170969
6.32	6.883564	7.378261	2.794009	7	-2.16161	-1.30739	-33.53565	8.234122	-9.205696
6.34	8.434005	8.470897	9.084332	7	-2.530355	-1.815519	-16.53994	-1.338396	-4.910788
6.36	8.269501	8.744054	6.02272	7	-2.116154	-1.247059	-47.26364	-5.979617	-12.29311
6.38	9.965965	9.904979	12.54662	7	-2.789129	-1.828374	-40.99462	-8.513968	-10.3791
6.4	8.170276	8.744054	1.238859	7	-2.878082	-1.348314	-76.08949	-7.903282	-18.94117
6.42	10.67795	11.0659	11.83232	7	-3.587247	-1.782851	-53.62718	-14.30023	-8.618388
6.44	8.952857	9.70011	0.6885967	7	-3.726617	-1.817117	-86.58577	-28.84984	-21.2005
6.46	9.317182	9.358663	1.507516	7	-5.347231	-3.57806	-34.11551	-37.94908	-11.14085
6.48	10.16831	10.4513	3.964037	7	-5.548408	-4.629667	-15.77459	-39.20099	-12.47929
6.5	3.602202	4.168647	-28.61945	7	-5.934082	-4.958305	2.148888	-31.29259	-15.58984
6.52	3.873934	4.168647	-24.10582	7	-6.117456	-6.402658	148.4206	2.447863	20.84117
6.54	9.236145	9.358663	3.375457	7	-2.836863	-6.217388	184.1803	16.32573	21.82199
6.56	10.50749	9.290372	9.029701	7	-0.3822529	-5.021233	117.6423	16.5242	-3.72648
6.58	12.00427	10.17814	15.72673	7	0.159579	-3.552343	63.9297	33.86771	-9.981714
6.6	11.70394	9.63182	13.28584	7	-0.7535976	-3.441948	19.25545	41.71503	-19.07636
6.62	11.7968	10.51959	12.3233	7	-1.606807	-2.806991	-17.5414	37.10435	-19.355
6.64	8.722301	9.017213	-4.451466	7	-1.729751	-0.8719622	-72.39256	25.65397	-21.12939
6.66	8.828122	9.904979	-4.340163	7	-1.964949	0.2783594	-63.42662	3.287558	-5.126339
6.68	9.708766	9.973269	-0.1259029	7	-2.896548	-1.504238	-31.55008	-18.89565	-5.423703
6.7	9.746369	9.83669	-0.5625924	7	-3.416858	-2.715625	-20.66971	-21.06359	-10.17938
6.72	10.62972	10.79274	2.840868	7	-3.533775	-3.016077	-17.82659	-20.98725	-10.22036
6.74	9.288359	9.290372	-4.533885	7	-3.997698	-3.564587	-17.61765	-13.07885	-14.52538
6.76	9.126402	9.358663	-5.499939	7	-4.188883	-3.720464	5.412705	-0.7887779	-7.189874
6.78	9.163095	9.563531	-5.544622	7	-3.712699	-3.588927	14.1518	1.180687	-5.693901
6.8	9.365082	9.63182	-4.627733	7	-3.202402	-3.365787	18.88703	-2.468167	-5.013205
6.82	8.945253	9.017213	-6.505743	7	-2.891122	-3.278752	23.0062	-2.010152	-5.449265
6.84	9.33278	9.085504	-4.049284	7	-2.818848	-3.595135	40.28955	1.928779	-2.893065
6.86	8.608303	8.402606	-7.162747	7	-2.439767	-3.464253	39.93699	5.516565	-4.846906
6.88	9.007491	8.744054	-4.446164	7	-2.060952	-3.200085	49.61461	10.58527	-0.8811359
6.9	8.225923	8.129447	-7.688826	7	-1.379841	-2.507836	38.26308	22.58527	-2.963073
6.92	10.641	10.17814	4.81157	7	-1.028781	-2.346332	44.08025	22.09672	1.172343
6.94	9.180484	8.744054	-2.63396	7	-0.7545877	-1.879281	1.471617	19.7303	-12.05571
6.96	9.095422	8.744054	-2.50292	7	-1.215133	-1.570908	5.389961	16.98221	-5.082789
6.98	7.683022	8.197738	-9.251016	7	-0.7221661	-0.4256734	-16.80636	16.57	-5.452022
7	8.104677	8.402606	-6.152221	7	-0.8452321	-0.4302908	2.002611	6.310458	1.886709
7.02	7.55788	7.924579	-8.118777	7	-0.5661816	-0.4002545	-0.22894	-3.582671	-0.7117739
7.04	7.826133	7.924579	-5.743142	7	-0.5927707	-0.6488547	13.72779	-10.69717	1.952584
7.06	9.369749	9.085504	2.429003	7	-0.5868331	-1.218764	19.21523	9.089085	0.1210966
7.08	7.356873	7.309972	-7.381809	7	-0.4631465	-0.8033861	-9.856892	15.95931	-8.641005
7.1	7.454077	7.583131	-5.920033	7	-0.651436	-0.4744103	6.616711	10.92114	1.453178
7.12	6.936323	7.51484	-7.900857	7	-0.01670617	0.2316268	-4.502834	5.791374	0.5359278
7.14	8.402293	8.539186	0.07556388	7	0.07473652	0.1140523	4.173203	-3.689541	3.259848
7.16	8.067469	7.856288	-1.326038	7	-0.1367691	-0.38296	-8.287909	-5.628473	-4.981724
7.18	6.675152	7.036813	-7.851792	7	-0.07354012	0.391757	-22.7599	15.07382	-4.006827
7.2	6.307829	7.036813	-8.815622	7	0.1322178	1.054676	-16.81088	10.03565	2.969932
7.22	7.061992	7.036813	-3.849471	7	-0.3277407	-0.1738759	14.11473	-9.552136	4.804922
7.24	7.13761	6.968522	-2.821681	7	-0.3219027	-0.8065203	18.12837	-16.16282	0.3025322
7.26	7.588924	6.968522	0.1022127	7	-0.7085185	-1.6294	31.44938	13.6845	-0.454812
7.28	6.604036	7.036813	-4.926761	7	0.3175877	0.06096691	-6.485645	25.28756	-3.424678
7.3	5.991228	6.968522	-7.600388	7	1.179032	2.03062	-29.64804	6.279924	1.936336
7.32	8.34	8.470897	4.660816	7	0.8792937	1.403361	-13.9506	-10.08649	5.218317
7.34	7.835279	7.583131	1.916905	7	0.332992	0.49576	-34.96294	-14.23916	-7.988276
7.36	8.585861	7.51484	5.909539	7	-1.51729	-1.668584	-2.736206	5.470764	-6.345437
7.38	7.462582	7.583131	-0.6379071	7	-1.443105	-1.169438	-31.02378	11.6845	-11.61617
7.4	8.735971	9.017213	4.890312	7	-1.576879	-0.7657525	-31.75179	-12.60557	-5.60601
7.42	6.632496	7.241681	-6.395358	7	-1.642234	-0.3893949	-56.13519	-26.02542	-12.26284
7.44	8.678462	8.744054	3.759722	7	-2.562911	-1.535676	-12.27651	-39.79641	-0.9403753
7.46	7.724983	7.856288	-1.865299	7	-2.691189	-2.257218	-23.31897	-44.81931	-11.77437
7.48	8.312908	8.470897	0.5241491	7	-2.932795	-2.381694	-10.04134	-42.01015	-6.406893
7.5	8.991064	8.402606	3.425325	7	-3.743553	-4.02434	13.49327	-6.117022	-9.117688
7.52	7.777779	7.924579	-3.59307	7	-3.378094	-3.447148	-4.325887	19.94405	-12.65803
7.54	7.847908	7.787999	-3.307068	7	-3.604971	-3.628043	18.9955	9.577633	-5.489469
7.56	7.217056	7.378261	-6.51914	7	-3.182697	-3.473968	24.49721	-2.498701	-5.325298
7.58	7.383185	7.309972	-5.267382	7	-2.899793	-3.56066	44.66428	-5.460534	-1.172749
7.6	7.353736	7.241681	-5.042187	7	-2.258257	-3.329069	48.98828	-1.888014	-1.441569
7.62	8.266829	8.197738	-0.3861088	7	-1.353655	-2.491963	40.09721	19.60817	-0.7395411
7.64	7.971111	7.583131	-1.686952	7	-1.06422	-2.180458	25.20878	26.31045	-5.236629
7.66	7.465554	6.968522	-3.617243	7	-1.258389	-2.182367	27.75927	22.6616	-3.955149
7.68	8.054371	7.924579	-0.4567154	7	-0.8620318	-1.594513	21.27743	17.02802	-1.733892
7.7	7.186202	7.173392	-4.569708	7	-0.5723136	-0.9978262	2.804568	6.417329	-4.980824
7.72	7.49317	7.309972	-2.390444	7	-0.7956569	-1.082241	13.33903	-3.933816	-0.6616402
7.74	7.622311	7.309972	-1.340788	7	-0.9393976	-1.501328	15.92329	1.028016	-2.73298
7.76	8.332702	8.129447	2.130167	7	-0.8036605	-1.323605	6.8009	-2.055954	-3.83055
7.78	8.786917	8.470897	3.958228	7	-0.9439754	-1.309809	-9.697202	3.898245	-7.906718
7.8	7.437809	7.583131	-3.226507	7	-1.049949	-0.6447285	-35.36387	0.600535	-10.85687
7.82	8.256646	8.539186	0.6877424	7	-1.382534	-0.517112	-27.99893	-3.659007	-4.059923
7.84	6.748709	7.309972	-7.084677	7	-1.444943	-0.3880513	-41.48467	-8.559771	-8.608531
7.86	6.852349	7.309972	-6.065308	7	-1.863486	-0.7831793	-13.9162	-17.46054	-0.6077843
7.88	6.939582	7.309972	-5.30724	7	-1.815727	-1.340129	0.9569912	-20.97198	-1.067499
7.9	7.373131	7.309972	-2.750085	7	-1.931411	-2.098756	19.31938	-7.979618	-1.237025
7.92	7.075101	7.309972	-4.232366	7	-1.359699	-1.595475	8.859284	14.69214	-3.443245
7.94	7.239705	7.241681	-3.052914	7	-1.250167	-1.499426	13.95594	14.46313	-1.546125
7.96	7.201573	7.241681	-3.009831	7	-0.9933198	-1.28987	9.873087	13.7303	-2.439231
7.98	7.265441	7.309972	-2.453377	7	-0.7988897	-1.011601	5.69072	3.852443	-2.269874
8	7.242267	7.309972	-2.368811	7	-0.6593651	-0.7586313	-0.4185304	5.363893	-2.738655
8.02	7.227928	7.309972	-2.239691	7	-0.6218402	-0.5860961	-4.940434	3.791374	-2.820917
8.04	7.955513	7.787999	1.493287	7	-0.8775379	-0.9665607	-1.487449	1.791374	-3.007075
8.06	7.860305	7.856288	0.6412306	7	-0.8921393	-0.8388784	-18.42014	1.409695	-7.289584
8.08	7.866765	7.924579	0.351938	7	-1.176413	-0.7507074	-25.54532	-0.8193123	-7.098815
8.1	7.591588	7.856288	-1.398621	7	-1.396518	-0.6598348	-32.69458	-2.23916	-7.469586
8.12	7.592273	7.924579	-1.677629	7	-1.680809	-0.7811996	-30.58383	-7.15519	-6.167433
8.14	7.345972	7.787999	-3.190292	7	-1.828414	-0.881733	-29.87376	-14.33076	-6.217667
8.16	8.485885	8.744054	2.07198	7	-2.038817	-1.308972	-21.0219	-18.71244	-4.796194
8.18	7.232929	7.309972	-4.528409	7	-2.481694	-1.938548	-23.62795	-15.97962	-10.76144
8.2	6.226169	6.353915	-9.042961	7	-3.026274	-2.504644	6.069211	2.050916	-4.154109
8.22	5.893707	6.422206	-10.08992	7	-2.506179	-2.343062	27.50786	-0.8956482	1.471745
8.24	6.132087	6.422206	-8.049821	7	-1.79374	-2.281535	46.35162	-5.659007	4.165261
8.26	8.198875	7.583131	2.92018	7	-1.516885	-3.118722	68.05247	3.684504	3.64189
8.28	8.507857	7.583131	4.23662	7	-1.165634	-3.233029	44.42254	28.15779	-7.276463
8.3	7.641315	7.036813	-0.269208	7	-1.023385	-2.312803	17.40961	31.42496	-9.286417
8.32	7.110829	7.036813	-2.834653	7	-0.8375686	-1.239145	3.322342	24.64633	-5.140553
8.34	6.671121	6.968522	-4.790143	7	-0.5304759	-0.3941716	-6.71826	-0.6819081	-2.54696
8.36	6.592783	6.968522	-4.74859	7	-0.3260022	0.03456667	-8.392766	-15.65901	-0.2900276
8.38	6.925837	6.900233	-2.482338	7	-0.5843135	-0.5229129	3.337792	-23.6132	0.00270462
8.4	7.166785	6.900233	-0.8901145	7	-0.8607525	-1.189442	10.19208	-26.65137	-2.157887
8.42	8.428846	7.036813	5.921	7	-2.189131	-3.560532	46.49689	7.638702	-3.843657
8.44	8.483236	7.924579	5.181665	7	-1.796722	-3.081639	14.14047	25.89824	-11.43812
8.46	6.969325	7.241681	-3.221929	7	-1.267879	-1.212873	-26.1922	11.02802	-11.71522
8.48	6.762837	7.309972	-4.293623	7	-1.229395	-0.3119404	-25.99835	-8.010152	-3.517243
8.5	6.98653	7.241681	-2.983286	7	-1.506371	-0.855812	-11.90392	-19.32313	-2.291217
8.52	7.361847	7.309972	-1.01905	7	-1.823156	-1.684364	1.562133	-26.92618	-3.492054
8.54	8.056832	7.924579	2.105151	7	-1.88431	-2.053906	2.302278	-25.59794	-5.531789
8.56	5.777914	6.422206	-9.629293	7	-1.308604	-0.7510352	-28.61527	20.89061	-9.196569
8.58	5.132704	6.285626	-12.13603	7	-0.7838049	0.5751219	-18.08366	20.53946	3.276202
8.6	5.657181	6.353915	-8.387609	7	-0.5017987	0.2114354	8.481539	-0.9261826	7.292575
8.62	7.423887	7.65142	0.9033457	7	-0.01382741	-0.1751503	15.01543	-7.094121	4.802698
8.64	6.370798	6.763654	-4.407084	7	0.6441325	0.6985932	-22.51422	24.82954	-4.579094
8.66	6.722075	6.968522	-2.113283	7	0.4401885	1.009494	-19.83014	37.48603	0.7472849
8.68	5.686909	6.080756	-6.764871	7	0.3398508	1.041574	-26.6847	18.90588	-1.703637
8.7	5.819127	6.080756	-5.176528	7	-0.007850781	0.6225479	-6.354026	-3.735343	3.349946
8.72	5.461529	6.012467	-6.389024	7	0.3706927	0.8651449	-9.508438	-13.15519	2.293062
8.74	6.809217	6.012467	1.529127	7	-0.7432116	-1.331874	36.90541	2.310458	4.202094
8.76	6.466965	6.080756	-0.1786153	7	-0.4802326	-1.498442	21.94487	23.31809	-3.738849
8.78	5.967094	6.080756	-2.642644	7	0.02781319	-0.3117022	3.084112	9.05855	-2.04898
8.8	5.577431	6.080756	-4.372707	7	0.5882623	0.898146	-12.55445	12.00511	0.6371469
8.82	5.755584	6.080756	-2.953961	7	0.6568604	1.094843	-10.66426	-0.08648812	2.757363
8.84	8.595645	8.470897	10.91327	7	0.5918894	0.5963347	-10.97601	-10.4071	1.567858
8.86	6.968054	6.763654	1.860824	7	0.1538735	0.4228553	-54.13424	-11.65901	-14.0274
8.88	5.75546	6.763654	-4.745422	7	0.169028	2.123703	-77.37802	11.27229	-6.260885
8.9	6.562443	7.583131	-0.9226046	7	-0.1504104	2.127742	-66.96979	3.882978	0.1271534
8.92	5.814091	6.422206	-4.70317	7	-0.8737493	0.9580085	-55.64569	-5.674274	-4.155951
8.94	6.552786	7.309972	-1.222395	7	-1.083185	0.5491721	-39.76079	-12.72771	-0.3373194
8.96	6.923778	7.856288	-0.1743164	7	-0.7361076	0.7858525	-52.81067	-17.70481	-3.943324
8.98	6.719813	7.036813	-1.460144	7	-1.440873	-0.1267652	-41.2519	-12.20862	-5.469199
9	6.07464	6.831944	-5.033466	7	-1.46887	-0.04178501	-40.09299	4.020381	-4.49974
9.02	6.038157	6.968522	-5.333688	7	-1.264873	0.2071678	-32.06697	-4.071221	-0.6370173
9.04	6.145548	7.036813	-4.850502	7	-0.935496	0.3364148	-27.51995	-8.697175	0.1686535
9.06	7.247874	7.583131	0.6263043	7	-1.046612	-0.3282344	-13.22588	-12.91091	0.1454496
9.08	8.030655	7.583131	4.266521	7	-1.736066	-1.839569	-0.7132177	0.5700002	-5.574554
9.1	7.579934	7.51484	1.192209	7	-1.794292	-1.752545	-17.06282	16.18832	-10.0542
9.12	7.927526	8.402606	1.924956	7	-1.494362	-0.7560096	-35.01019	4.386794	-7.590222
9.14	7.982405	8.470897	1.230935	7	-1.558791	-0.4324084	-49.55703	-5.094121	-9.091255
9.16	7.167344	7.583131	-3.347363	7	-2.127337	-0.7623609	-47.3129	-14.19336	-9.275884
9.18	6.968294	7.583131	-4.580513	7	-2.431607	-1.03918	-31.687	-23.23153	-4.936785
9.2	6.676264	7.51484	-6.263174	7	-2.192681	-0.9502354	-24.95086	-27.91855	-3.464242
9.22	6.334601	6.763654	-7.568411	7	-2.353973	-1.604602	0.1072836	-30.16282	-1.19838
9.24	6.875976	6.695365	-4.168397	7	-2.662763	-2.947946	38.9133	-15.5674	1.083197
9.26	6.456345	6.968522	-6.324532	7	-1.411709	-1.835953	21.68505	27.94404	-1.447281
9.28	5.821292	6.422206	-8.948878	7	-0.4723234	-0.5115162	12.99676	25.19595	1.687358
9.3	6.067732	6.285626	-6.606175	7	-0.1113925	-0.3486437	26.58475	28.84481	5.545493
9.32	6.881675	6.763654	-1.701983	7	0.2400437	-0.5137045	31.15827	24.95168	4.241132
9.34	7.432626	7.036813	1.454823	7	0.4208561	-0.5623277	20.48185	27.48603	-0.3386984
9.36	5.82809	6.080756	-6.318411	7	0.9611732	0.8134234	-15.20677	28.35626	-3.857183
9.38	6.03255	6.422206	-4.435665	7	1.015781	1.526153	-11.29714	16.3868	4.259267
9.4	6.137571	6.490495	-3.281746	7	1.132224	1.567992	-15.64908	-1.460534	2.724085
9.42	6.209233	6.353915	-2.299261	7	0.9317873	1.305902	-14.86881	-13.73534	1.69454
9.44	6.526527	6.353915	-0.1516185	7	0.4178386	0.5307682	-5.848038	6.84481	0.6851149
9.46	6.923393	7.241681	1.571014	7	0.7309099	1.094737	-26.61395	6.905878	-1.705925
9.48	6.347005	6.080756	-1.025205	7	-0.1611795	0.1936331	-20.22306	-1.246793	-4.065333
9.5	5.756906	6.080756	-3.856719	7	-0.2734455	0.388328	-20.75885	-3.399465	-1.796431
9.52	5.710094	6.149047	-3.813977	7	-0.2496857	0.4576991	-13.27294	-11.27733	1.287316
9.54	6.840395	6.968522	1.905666	7	-0.299078	-0.01665337	-3.085297	-16.14756	1.665075
9.56	8.301476	7.583131	8.822947	7	-0.997449	-1.515766	5.640823	-5.399465	-4.341156
9.58	6.978395	6.763654	1.216457	7	-1.121712	-1.234447	-25.80689	8.508931	-12.63252
9.6	6.173779	6.695365	-3.300031	7	-1.087017	-0.1118716	-35.0833	-2.4529	-5.771879
9.62	6.078466	6.763654	-3.905391	7	-1.047866	0.1555441	-28.13076	-11.26206	-1.205497
9.64	8.181288	8.402606	6.117712	7	-1.160417	-0.5270762	-14.59863	-21.64374	-0.2784433
9.66	6.470505	6.353915	-2.951156	7	-1.679006	-1.344391	-26.00875	-26.39183	-11.25751
9.68	6.983898	6.353915	0.02236271	7	-2.954758	-3.004085	24.31602	-1.200992	-2.333769
9.7	6.330904	6.422206	-3.653606	7	-2.441364	-2.83989	20.49166	5.150153	-5.145954
9.72	6.352969	6.353915	-3.440098	7	-2.106138	-2.576317	32.61709	-7.414732	-0.7949219
9.74	6.322072	6.422206	-3.511017	7	-1.411292	-2.03906	31.59596	-10.43763	-0.2101068
9.76	7.798106	7.583131	3.777698	7	-0.925312	-1.820086	32.1202	6.692137	0.6267109
9.78	7.142884	6.763654	0.2143587	7	-0.741171	-1.614215	10.00031	17.15015	-6.963223
9.8	7.720126	7.583131	2.808556	7	-0.6277452	-0.9470276	0.2538121	15.47076	-3.677165
9.82	6.811003	7.036813	-2.144423	7	-0.4065785	-0.1634371	-24.99774	1.852443	-6.885497
9.84	7.069349	7.036813	-0.6563649	7	-0.9588511	-0.5261819	-10.57338	-8.681908	-2.161027
9.86	6.936492	6.968522	-1.377079	7	-1.162843	-0.9335967	-7.638035	-13.41473	-3.840481
9.88	6.872196	6.968522	-1.748685	7	-1.237575	-1.028382	-4.285685	-1.933816	-3.181052
9.9	6.953905	7.036813	-1.388202	7	-1.250784	-1.128691	-0.6562859	-0.7277097	-2.752068
9.92	5.85973	6.080756	-6.640154	7	-1.167382	-0.9757478	-0.621448	0.4631299	-3.060318
9.94	6.007493	6.149047	-5.210561	7	-1.133543	-1.119843	21.6965	-0.0254194	2.959926
9.96	5.841843	6.012467	-5.479544	7	-0.6275809	-1.006487	26.37558	-0.04068658	2.453288
9.98	6.3327	6.012467	-2.21448	7	-0.5404183	-1.428245	43.03751	2.295191	3.694849
10	6.435344	6.080756	-1.236322	7	-0.1405842	-1.327208	38.88191	19.91351	1.06044
10.02	6.210474	6.080756	-2.01562	7	0.4258416	-0.4726489	23.19414	18.32572	0.459693
10.04	6.171419	6.080756	-1.72366	7	0.7323918	0.1624787	14.03017	19.15015	1.558119
10.06	6.079962	6.080756	-1.726376	7	0.9652372	0.6585562	3.843418	8.585267	1.468556
10.08	7.239676	7.036813	4.264033	7	0.9088022	0.6150621	0.424571	2.57	1.583706
10.1	7.860132	7.583131	6.826507	7	0.7549396	0.580193	-23.78057	4.005114	-5.149965
10.12	7.01053	6.695365	2.153083	7	-0.06111117	0.2903513	-38.88017	2.188321	-9.185767
10.14	6.270153	6.695365	-1.940914	7	-0.375444	0.7973857	-47.34605	-0.08648812	-5.54593
10.16	7.553424	8.129447	3.844959	7	-0.5079562	0.8463603	-44.9584	-9.674274	-1.755025
10.18	5.741932	6.353915	-5.709951	7	-0.8193549	0.6764778	-58.82922	-23.24679	-8.470627
10.2	7.05602	7.309972	0.968074	7	-1.645923	-0.3858194	-18.62027	-30.92618	1.16121
10.22	6.947518	6.968522	-0.02903305	7	-1.986081	-1.578357	-10.70846	-16.37656	-5.722585
10.24	6.987754	6.968522	-0.2134161	7	-2.218874	-2.021585	0.2606833	-1.277328	-4.886449
10.26	6.616253	7.036813	-2.633696	7	-1.759871	-1.420554	-7.642715	3.821909	-4.708941
10.28	6.464997	6.968522	-3.609918	7	-1.383152	-0.8633605	-7.810031	-3.017786	-2.007081
10.3	6.753585	6.968522	-2.110805	7	-1.32175	-1.057499	2.962195	-4.804045	-0.5973406
10.32	8.069983	7.856288	4.227866	7	-1.397139	-1.691649	12.19993	-0.1170225	-1.80142
10.34	7.381047	7.241681	0.1736987	7	-1.317591	-1.589924	-7.440468	6.84481	-8.712911
10.36	6.186368	6.353915	-5.772157	7	-1.413401	-1.101355	-8.085934	9.760839	-5.042326
10.38	5.868417	6.422206	-6.98201	7	-1.073825	-0.5531378	2.028631	0.02038214	1.448804
10.4	6.119055	6.422206	-5.115684	7	-0.7869134	-0.7032343	17.80409	-8.788778	3.666755
10.42	6.632507	6.422206	-1.913397	7	-0.7282892	-1.350141	33.60982	-6.94145	2.694535
10.44	8.244845	8.266026	5.716653	7	0.1336544	-0.5865654	12.4166	26.7074	-0.006144524
10.46	6.86734	6.763654	-1.497021	7	0.2047234	-0.004086293	-22.09704	22.49366	-8.441653
10.48	6.894216	6.695365	-0.9500525	7	-0.5050932	-0.2495013	-7.353316	12.86007	-1.656232
10.5	6.750998	6.763654	-1.56877	7	-0.6756147	-0.5311101	-4.990131	2.600535	-2.363789
10.52	6.496624	6.763654	-2.815983	7	-0.5204617	-0.2253133	-8.814506	-8.468167	-1.736137
10.54	8.090447	8.197738	4.854012	7	-0.4252276	-0.2418698	-7.862157	-8.651373	-0.2923956
10.56	6.211109	6.353915	-4.831405	7	-0.5458175	-0.1534782	-30.80828	0.4631299	-8.792468
10.58	6.206824	6.353915	-4.281388	7	-1.089539	-0.4344443	-3.420522	1.012748	0.9454937
10.6	5.860886	6.353915	-5.755591	7	-0.7012271	-0.2976949	-0.4043941	-2.834579	0.9158611
10.62	6.095973	6.422206	-4.102811	7	-0.4108322	-0.2391289	9.589686	-7.536869	3.195087
10.64	6.799679	6.490495	-0.03824258	7	-0.5893829	-1.114104	27.25155	1.318092	2.220105
10.66	6.794396	6.422206	0.09050751	7	-0.4933936	-1.340181	23.68363	15.08908	-1.66313
10.68	6.777556	6.695365	-0.0409438	7	-0.1187526	-0.657095	10.00198	13.88298	-1.756657
10.7	6.561797	6.763654	-1.200786	7	0.2956439	0.2627663	-8.230124	3.424962	-1.679141
10.72	6.857066	6.763654	0.4866441	7	0.03051626	0.09346433	-5.077493	-6.025419	-0.5786858
10.74	8.246972	8.197738	6.895597	7	0.05730532	0.09829186	-16.14994	-0.7735108	-2.536016
10.76	7.298425	7.241681	1.433003	7	-0.3065103	0.1046894	-42.02322	-0.9719841	-10.21081
10.78	6.125084	6.353915	-4.462415	7	-0.9904902	0.08327435	-36.40738	-2.208625	-5.698686
10.8	5.694143	6.353915	-6.399868	7	-1.076136	0.1208421	-20.77868	-7.918549	0.3026886
10.82	5.768552	6.422206	-5.692758	7	-0.833838	0.002981126	-5.320836	-18.10175	3.003076
10.84	6.153077	6.490495	-3.390868	7	-0.607933	-0.3309014	8.087081	-18.71244	3.162857
10.86	5.551787	6.490495	-6.413411	7	0.5330579	1.08722	-16.05391	22.29519	1.476424
10.88	6.081561	6.763654	-3.296634	7	0.9617712	1.717453	-15.79229	19.95931	5.270931
10.9	6.809828	6.695365	0.8832461	7	0.5301892	0.683579	-3.189875	11.92878	2.496993
10.92	6.926722	6.763654	1.501693	7	0.3041914	0.2482515	-8.913534	21.05855	-1.953409
10.94	6.420144	6.763654	-1.273367	7	0.5067281	0.9984419	-29.39804	8.615802	-3.051724
10.96	7.20166	7.241681	2.628404	7	0.03908039	0.6221024	-21.54906	-0.5750378	-0.520257
10.98	6.34891	6.422206	-1.795689	7	-0.3558941	0.1957097	-27.21135	-5.384198	-5.078428
11	6.937922	7.241681	0.9424276	7	-0.4984286	0.2496316	-21.50282	-12.60557	-0.8304129
11.02	6.695317	7.036813	-0.6737586	7	-0.5284934	0.1986227	-28.88206	-18.28496	-3.89468
11.04	7.007883	7.036813	0.7608988	7	-1.046012	-0.462617	-15.50328	-15.5216	-2.525619
11.06	8.400231	8.470897	6.841271	7	-1.077355	-0.7263101	-19.24965	-4.223893	-4.263799
11.08	7.384329	7.583131	0.6723478	7	-1.205629	-0.525117	-45.12663	-6.727709	-11.52689
11.1	7.28644	7.583131	-0.3359587	7	-1.749416	-0.5935687	-36.29329	-5.689541	-6.126365
11.12	6.977494	7.583131	-2.484854	7	-1.793609	-0.5767506	-35.27493	-6.376564	-5.499434
11.14	8.309752	9.017213	3.245424	7	-1.532103	-0.3228747	-36.40551	-14.30023	-3.36277
11.16	6.787835	7.378261	-5.05499	7	-1.674364	-0.3829884	-50.1078	-21.15519	-9.856764
11.18	5.888274	6.353915	-9.067388	7	-2.339898	-1.026161	-14.9487	-23.44526	-1.537753
11.2	6.093632	6.353915	-7.292036	7	-2.494688	-2.139839	28.61813	-16.51397	3.58589
11.22	6.416781	6.422206	-5.107719	7	-2.031419	-2.727142	51.71206	0.2951914	3.222553
11.24	6.447701	6.422206	-4.519183	7	-1.133717	-2.274027	52.18404	17.79137	2.301567
11.26	8.523192	8.470897	5.652545	7	0.01433704	-1.18969	35.91969	28.99748	2.801113
11.28	8.238237	7.65142	3.834329	7	0.1123354	-0.9812543	2.683805	31.7761	-7.902644
11.3	7.831021	7.51484	1.571069	7	-0.1836223	-0.421107	-15.1749	27.34863	-7.086864
11.32	7.392103	7.65142	-0.9375786	7	-0.1974407	0.3511088	-32.85869	16.50893	-5.607679
11.34	6.779366	7.583131	-4.233948	7	0.01366007	1.318486	-49.46258	-0.2086256	-3.569126
11.36	7.063146	7.583131	-2.597758	7	-0.4052085	0.928723	-36.41611	-19.81168	-0.3325062
11.38	7.388563	7.583131	-0.8853189	7	-0.9139654	-0.07803775	-22.79034	-26.77351	-2.072096
11.4	7.046562	7.309972	-2.693569	7	-1.115639	-0.4542544	-20.70265	-28.72771	-4.033387
11.42	7.845208	7.309972	1.605008	7	-2.129459	-2.20986	15.40849	-0.6819081	-2.216923
11.44	7.659086	7.241681	0.3594943	7	-2.312407	-2.927901	18.84947	10.20359	-6.758729
11.46	7.196083	7.309972	-2.379744	7	-1.849729	-2.118982	8.085759	-1.033053	-5.60327
11.48	6.913898	7.309972	-3.946088	7	-1.298867	-1.173683	0.7859459	-5.521602	-2.608878
11.5	7.24177	7.309972	-2.090403	7	-1.244212	-1.277034	10.63643	-7.338396	-0.5913496
11.52	7.626098	7.241681	0.05735588	7	-1.489712	-2.056232	23.2556	-5.796412	-2.184943
11.54	9.243465	9.085504	7.369454	7	-1.007252	-1.632763	6.575687	9.089085	-4.33771
11.56	7.213968	7.309972	-3.499948	7	-0.8604087	-0.7498353	-33.8289	10.02038	-12.83888
11.58	6.978075	7.241681	-4.383212	7	-1.325316	-0.4886055	-17.3028	3.65397	-2.288384
11.6	8.728083	8.812345	4.122944	7	-1.441338	-1.136106	-3.99177	-5.64374	-1.142489
11.62	7.832999	7.856288	-0.9938681	7	-1.518558	-1.332885	-23.8271	-10.5445	-10.38215
11.64	7.94055	7.856288	-0.5726092	7	-2.104089	-1.714472	-9.543974	-4.193358	-5.73759
11.66	8.634644	8.675765	2.297947	7	-2.169404	-1.969129	-8.654703	3.470764	-6.42662
11.68	7.090215	7.309972	-5.817187	7	-2.225605	-1.804508	-19.21326	-6.590304	-9.925027
11.7	6.796804	7.309972	-7.036474	7	-2.155262	-1.446161	-2.483771	-10.66664	-1.514015
11.72	7.128735	7.309972	-4.910232	7	-2.09601	-2.023342	20.77332	-12.65137	0.5657949
11.74	7.551178	7.309972	-2.398054	7	-2.022341	-2.723294	37.32802	-6.544503	-0.7778578
11.76	7.318836	7.378261	-3.526569	7	-1.285487	-2.01895	24.4946	20.44786	-2.796282
11.78	7.15683	7.241681	-4.020014	7	-0.7900302	-1.266438	17.60377	20.12725	-1.193557
11.8	7.261767	7.309972	-3.072591	7	-0.4530566	-0.8350291	13.98511	16.93641	-0.2387199
11.82	8.388819	8.061158	2.793902	7	-0.4898301	-1.109081	15.76534	9.012749	-0.9000273
11.84	8.39715	8.129447	2.473982	7	-0.4352937	-0.9210556	-8.177528	7.165421	-7.329663
11.86	8.245379	8.197738	1.318576	7	-0.6222749	-0.4530681	-26.45165	4.768473	-7.901218
11.88	7.342257	7.309972	-3.182658	7	-1.276839	-0.7333362	-26.02869	-4.468167	-7.624017
11.9	6.927833	7.241681	-5.062344	7	-1.541252	-0.8109166	-15.35979	-12.83458	-3.333624
11.92	8.359127	8.744054	1.820786	7	-1.312081	-0.8070388	-10.44034	-23.12465	-1.105562
11.94	7.969264	7.924579	-0.5073738	7	-1.585141	-1.374196	-18.44975	-20.02542	-8.461704
11.96	6.951724	7.787999	-6.045799	7	-1.089091	-0.03060251	-40.61535	14.14252	-6.620873
11.98	6.885498	7.924579	-6.322681	7	-0.7903683	0.7639197	-40.54852	7.882977	-0.8764887
12	7.333283	7.787999	-3.699823	7	-1.133454	-0.06870231	-21.19383	-7.75061	-0.2269812
12.02	7.927656	7.856288	-0.5169177	7	-1.646974	-1.354593	-2.494015	-5.36893	-2.71446
12.04	7.452302	7.856288	-3.24608	7	-1.282751	-0.9046405	-18.60804	14.21886	-6.110134
12.06	6.794574	7.241681	-6.339226	7	-1.270872	-0.5771101	-16.9329	17.15015	-3.39148
12.08	6.77351	7.241681	-5.992053	7	-1.185555	-0.5727873	-4.898717	5.333359	0.1778917
12.1	6.974032	7.309972	-4.56316	7	-0.9828638	-0.7166283	3.127305	-5.475801	0.4631758
12.12	7.138424	7.309972	-3.377024	7	-0.7912073	-0.7940719	5.675887	-7.628472	-0.4736652
12.14	7.269687	7.378261	-2.454213	7	-0.60302	-0.6874459	2.934837	7.424962	-1.365316
12.16	7.03389	7.309972	-3.464348	7	-0.2951547	-0.1662641	-8.407848	11.39443	-2.186947
12.18	8.594417	8.675765	4.218424	7	-0.2411642	-0.09700917	-11.40719	8.356259	-1.058832
12.2	8.731399	8.812345	4.067812	7	-0.2638198	0.09703075	-43.66174	3.791374	-9.699031
12.22	7.721042	7.856288	-1.422964	7	-1.015686	0.05547139	-55.9792	0.02038214	-11.00646
12.24	7.304588	7.856288	-3.713016	7	-1.555523	-0.00441892	-49.66012	-1.96435	-6.333126
12.26	7.098349	7.856288	-4.909321	7	-1.743439	-0.1941696	-41.28703	-8.376564	-4.25209
12.28	6.26451	6.968522	-8.822132	7	-1.93442	-0.6031166	-25.78952	-21.00252	-2.91559
12.3	7.422479	7.924579	-2.759007	7	-1.888611	-1.136896	0.4615393	-26.66664	1.84702
12.32	7.760653	7.924579	-1.230467	7	-1.698503	-1.627871	0.3457603	-20.55977	-3.847624
12.34	7.369443	7.856288	-3.522608	7	-1.182473	-0.807685	-17.63112	15.18069	-5.428693
12.36	6.876684	7.309972	-5.776486	7	-1.152601	-0.4975693	-16.58122	19.15015	-3.085208
12.38	6.663825	7.241681	-6.464054	7	-0.9406936	-0.2328704	-12.04255	6.218854	-0.4430914
12.4	7.824987	8.197738	-0.4811059	7	-0.7243736	-0.3132044	-5.939177	-3.231526	0.8465786
12.42	7.606193	7.65142	-1.592096	7	-0.8269934	-0.6750604	-14.21677	0.5700002	-5.299706
12.44	7.557041	7.583131	-1.743333	7	-1.120451	-0.8404117	-12.19341	14.75321	-4.483762
12.46	7.226893	7.583131	-3.463933	7	-1.015501	-0.5054159	-19.7918	9.699771	-4.544849
12.48	7.15547	7.583131	-3.736294	7	-0.9806682	-0.2947322	-19.85316	-2.804045	-2.818425
12.5	7.24017	7.583131	-3.173902	7	-1.034877	-0.4240228	-16.20217	-9.58267	-2.456153
12.52	7.453512	7.583131	-1.965804	7	-1.244121	-0.872282	-9.105019	-10.4529	-2.970437
12.54	7.290589	7.583131	-2.854113	7	-1.137475	-0.7478663	-14.51871	4.707405	-4.255122
12.56	7.145474	7.583131	-3.59777	7	-0.981437	-0.3812225	-19.27877	-0.2544267	-3.37823
12.58	7.220992	7.51484	-3.065855	7	-1.081405	-0.5192966	-14.56565	-0.1780908	-2.561023
12.6	7.377056	7.51484	-2.15577	7	-1.253074	-0.9043761	-8.462029	-0.880381	-3.048271
12.62	8.316046	8.470897	2.193052	7	-1.162832	-0.9235042	-12.85271	0.8448098	-3.998277
12.64	7.977117	8.129447	-0.06875426	7	-1.232742	-0.8089712	-30.98644	-0.1322897	-9.035015
12.66	8.026062	8.197738	-0.1933625	7	-1.641279	-0.8847606	-31.53266	-0.8193123	-7.460176
12.68	6.884744	7.309972	-6.077648	7	-1.910176	-0.9149318	-33.33818	-3.567404	-7.949586
12.7	6.745032	7.309972	-6.516644	7	-2.046095	-1.020102	-14.40953	-9.613206	-1.851035
12.72	5.862536	6.490495	-10.4011	7	-1.831737	-1.125213	-1.295365	-16.4529	-0.7731199
12.74	6.196537	6.490495	-7.737719	7	-1.685255	-1.601025	29.91209	-12.5903	4.425143
12.76	6.947039	7.583131	-3.785487	7	-0.3928882	-0.6203148	17.21837	18.60053	3.076385
12.78	7.76652	7.583131	0.6795777	7	-0.2460276	-0.8186409	14.91274	22.00511	-0.2691965
12.8	6.767397	6.900233	-4.206442	7	0.09927826	-0.05948576	-11.84522	34.38679	-5.016747
12.82	6.710621	6.968522	-3.952622	7	0.07481357	0.4517932	-12.16476	23.28756	-0.08886051
12.84	7.45853	7.787999	-0.06269622	7	0.2379937	0.6668311	-18.92921	0.5547334	-0.1933632
12.86	7.699494	7.924579	0.952953	7	0.159417	0.7141396	-35.26801	-12.80404	-4.506595
12.88	7.010797	7.036813	-2.382548	7	-0.5819125	0.1745914	-35.68235	-9.231526	-6.3529
12.9	6.692753	7.105102	-3.877758	7	-0.8914721	0.1229432	-31.1792	1.776107	-3.424063
12.92	6.619339	7.036813	-4.060989	7	-1.105788	-0.2071773	-20.98912	-6.376564	-1.90222
12.94	6.440386	6.968522	-4.824222	7	-1.00062	-0.2171031	-17.37646	-10.25443	-1.50483
12.96	6.644926	7.036813	-3.568621	7	-0.9545862	-0.3742101	-9.073608	-11.67427	-0.3595562
12.98	6.853096	6.968522	-2.294977	7	-1.047472	-0.8361368	-0.6304246	2.722672	-1.32242
13	6.800918	6.968522	-2.48974	7	-0.914534	-0.8032938	-2.624194	4.142519	-2.455374
13.02	6.786201	6.968522	-2.4636	7	-0.8031899	-0.6441725	-4.14101	4.264657	-2.133385
13.04	6.896994	6.968522	-1.759529	7	-0.8388552	-0.7413384	-1.903864	-0.08648812	-2.0495
13.06	6.963242	7.036813	-1.38427	7	-0.8178579	-0.7508192	-3.630651	0.2035883	-2.731182
13.08	6.854788	7.036813	-1.952369	7	-0.7151741	-0.5159744	-9.638798	-0.1322897	-3.163413
13.1	7.00237	7.036813	-1.11685	7	-0.8897097	-0.7045267	-5.960434	0.09671804	-2.630779
13.12	6.915325	7.036813	-1.600236	7	-0.8979363	-0.6971394	-9.165555	-0.1780908	-3.580588
13.14	6.944176	7.036813	-1.449205	7	-1.000586	-0.7694634	-7.768887	0.1883211	-3.176503
13.16	6.770618	6.968522	-2.355812	7	-0.9712626	-0.6761748	-10.22218	-0.1322897	-3.401255
13.18	6.76289	6.968522	-2.346459	7	-0.9800782	-0.6481563	-8.309059	-0.6819081	-2.455653
13.2	6.79857	6.968522	-2.113832	7	-0.9878033	-0.723765	-6.146112	-1.659007	-2.38506
13.22	6.836909	6.968522	-1.880918	7	-0.993031	-0.799475	-4.648398	-0.284961	-2.550819
13.24	6.86797	7.036813	-1.746691	7	-0.9194559	-0.7217046	-6.336476	-0.07122094	-2.74266
13.26	6.907295	7.036813	-1.553652	7	-0.9229913	-0.7212493	-6.808765	0.005114958	-2.872408
13.28	6.886641	7.036813	-1.685276	7	-0.914627	-0.6822753	-8.430807	0.005114958	-3.103302
13.3	6.931453	7.036813	-1.458722	7	-0.9870778	-0.762095	-7.222486	0.06618368	-3.009424
13.32	6.795352	6.968522	-2.16995	7	-0.9720008	-0.7087939	-9.002092	-0.1475568	-3.29309
13.34	6.804777	6.968522	-2.081658	7	-1.000601	-0.7242516	-6.856178	0.03564932	-2.554057
13.36	6.774971	6.968522	-2.216232	7	-0.9535421	-0.6937097	-6.964747	-0.284961	-2.588053
13.38	6.847021	7.036813	-1.844746	7	-0.9030914	-0.648474	-6.9632	0.1730539	-2.379411
13.4	6.843741	6.968522	-1.826935	7	-0.9323925	-0.7226945	-6.220758	-0.08648812	-2.72688
13.42	6.799298	6.968522	-2.040027	7	-0.898265	-0.6662976	-7.202029	0.02038214	-2.734405
13.44	6.822236	6.968522	-1.883278	7	-0.9073426	-0.6792482	-6.265243	-0.1017549	-2.484569
13.46	6.89423	7.036813	-1.523484	7	-0.8925173	-0.6845701	-6.51415	0.03564932	-2.614089
13.48	6.840402	6.968522	-1.792324	7	-0.9083552	-0.6985554	-7.309438	-0.04068658	-3.00072
13.5	6.770797	6.900233	-2.094937	7	-0.9463063	-0.7236716	-6.246303	0.005114958	-2.740818
13.52	6.794603	6.968522	-1.954201	7	-0.9041115	-0.6736966	-6.079082	-0.01015222	-2.385694
13.54	6.883071	7.036813	-1.513778	-7	-0.8715708	-0.6598338	-8.298522	-0.04068658	-2.982195
13.56	6.883447	7.036813	-1.546476	-7	-0.8856238	-0.6206654	-13.09103	0.264657	-4.011778
13.58	6.843442	6.968522	-1.743989	-7	-1.035388	-0.6971788	-15.69863	-0.162824	-4.665507
13.6	6.82922	7.036813	-1.877565	-7	-1.139047	-0.6857179	-20.04936	-0.4834343	-5.192745
13.62	6.769828	7.036813	-2.261294	-7	-1.266931	-0.6798003	-24.71215	-2.315495	-5.82373
13.64	6.703225	7.036813	-2.688523	-7	-1.417152	-0.6890815	-28.63499	-6.025419	-6.221166
13.66	6.597653	6.968522	-3.283216	-7	-1.615152	-0.7847368	-30.59579	-9.552136	-6.569948
13.68	6.634953	6.968522	-3.131626	-7	-1.891804	-1.065194	-28.45074	-9.735342	-6.704811
13.7	6.620625	6.968522	-3.30833	-7	-2.111644	-1.312752	-28.47193	-8.926183	-7.600944
13.72	6.600847	6.968522	-3.538803	-7	-2.312619	-1.500117	-28.83298	-7.36893	-8.171808
13.74	6.582959	6.968522	-3.775285	-7	-2.50402	-1.673685	-29.21972	-8.101755	-8.68379
13.76	6.730607	7.105102	-3.235449	-7	-2.70046	-1.878703	-29.30919	-9.353663	-9.185
13.78	6.557875	6.968522	-4.33288	-7	-2.884428	-2.016022	-32.61882	-10.30023	-10.5647
13.8	6.653311	7.105102	-4.074222	-7	-3.074544	-2.13042	-32.58436	-10.51397	-10.23503
13.82	7.452047	7.856288	-0.5989227	-7	-3.225984	-2.33131	-35.99035	-10.52924	-11.29777
13.84	7.626961	7.924579	-0.5331104	-7	-3.578509	-2.631393	-48.83763	-10.86511	-16.13232
13.86	5.984308	6.490495	-9.124679	-7	-4.167332	-2.755719	-55.50059	-10.52924	-17.83973
13.88	5.583738	6.353915	-10.8685	-7	-4.598459	-3.00829	-31.59794	-12.05595	-9.798018
13.9	5.601991	6.422206	-10.50772	-7	-4.475498	-3.36051	-14.42228	-21.4758	-7.88968
13.92	6.263495	6.695365	-6.923516	-7	-4.386286	-3.936454	1.548493	-32.04068	-7.94168
13.94	5.421584	5.53444	-10.64924	-7	-4.475738	-4.512866	8.824541	-22.88038	-11.65492
13.96	5.984198	7.105102	-7.987045	-7	-3.108691	-2.566429	-15.2388	25.6845	-7.655796
13.98	5.62847	6.490495	-9.563993	-7	-2.593965	-1.716738	-36.32071	20.81427	-10.47786
14	7.519312	7.51484	0.2464429	-7	-3.290494	-2.765646	-20.59795	7.043282	-9.271333
14.02	5.851265	6.012467	-8.289021	-7	-3.715829	-3.134754	-46.94294	4.585268	-20.72545
14.04	4.809896	5.397861	-12.92305	-7	-4.25858	-2.959889	-36.67865	2.57	-13.15361
14.06	5.024686	6.080756	-11.41848	-7	-3.972763	-2.603452	-30.46972	-6.101755	-8.475559
14.08	4.039759	5.056413	-15.63789	-7	-3.730662	-2.467599	-30.80778	-12.5445	-9.903008
14.1	5.190804	5.739308	-8.890415	-7	-3.876846	-3.100214	-4.832952	-10.4071	-5.126654
14.12	4.575599	5.056413	-11.40655	-7	-3.664877	-3.31392	-13.63327	5.440229	-11.94623
14.14	4.109715	4.783254	-12.91796	-7	-3.432245	-2.794164	-15.97141	17.47076	-9.440701
14.16	3.463501	4.032067	-14.90193	-7	-3.428074	-2.849545	-6.984766	8.814274	-7.695268
14.18	3.750978	3.895488	-11.93455	-7	-3.677785	-3.674477	18.86876	4.035649	-5.107928
14.2	4.893685	4.510095	-5.156139	-7	-3.872686	-4.78232	35.36932	10.5242	-7.607241
14.22	4.465846	4.168647	-6.85685	-7	-3.688043	-4.712702	15.75852	17.33336	-14.78978
14.24	2.085728	2.529693	-17.82483	-7	-3.289687	-3.310061	-6.845833	11.4555	-13.61615
14.26	2.183848	3.21259	-15.86022	-7	-2.560331	-1.888753	-1.23251	0.4936643	-1.7968
14.28	1.934891	2.529693	-15.37378	-7	-2.242486	-1.994578	5.950984	-14.43763	-2.787413
14.3	3.676217	3.485749	-5.118008	-7	-2.461201	-3.025673	26.94597	-13.97962	-2.42174
14.32	1.502458	1.983377	-15.19539	-7	-1.730982	-1.920604	-17.85674	15.02801	-13.09871
14.34	1.324213	1.573638	-14.08217	-7	-2.13762	-1.827183	4.172891	20.58527	-2.682868
14.36	0.7659793	1.300479	-15.19217	-7	-1.78535	-1.658429	4.359665	16.15779	-3.159284
14.38	0.8704691	1.02732	-12.71339	-7	-1.822887	-2.037507	20.02122	-7.475801	-1.201234
14.4	0.7110605	1.710217	-12.4608	-7	-0.5146737	-0.3141898	-13.53983	17.95931	-3.009896
14.42	-0.3127445	0.3444233	-15.7607	-7	-0.3936076	0.22341	-21.84126	7.791374	-2.903587
14.44	0.314604	0.8907404	-10.7879	-7	-0.3965972	0.2318778	-13.5349	19.39443	1.039359
14.46	0.627651	0.6858721	-7.711609	-7	-0.7893565	-0.6571153	-10.59956	6.524198	-3.760135
14.48	-0.07267858	0.3444233	-10.16295	-7	-0.7548307	-0.3187737	-29.22148	17.34863	-7.187986
14.5	-0.3703364	0.002975464	-10.31281	-7	-1.146804	-0.4227874	-26.01369	9.150153	-4.916196
14.52	-1.32382	-0.6799221	-13.74814	-7	-1.236028	-0.3460707	-27.51612	-4.162824	-4.795789
14.54	0.7458583	1.300479	-2.560438	-7	-1.151357	-0.4232671	-20.40548	-11.82695	-0.8463535
14.56	-0.4389498	-0.3384733	-7.93883	-7	-1.644648	-1.17318	-38.798	-4.162824	-12.85503
14.58	-0.9937403	-1.08966	-9.484079	-7	-2.777325	-2.199298	-13.79953	-1.078854	-8.075092
14.6	-1.069904	0.07126522	-9.654428	-7	-1.894721	-0.8509988	-35.56302	-4.651373	-6.490581
14.62	-1.121116	-0.6799221	-9.014669	-7	-2.289567	-1.380443	-24.77818	-20.22389	-6.22636
14.64	-1.876732	-1.362819	-11.87424	-7	-2.457263	-1.679766	-19.26755	-8.681908	-6.869301
14.66	-2.455314	-1.977426	-13.45808	-7	-2.596994	-2.010007	-0.7979641	-3.872747	-3.541866
14.68	-1.389515	-0.9530802	-7.156944	-7	-2.241735	-2.118049	11.59941	-4.162824	-0.9964266
14.7	-3.137857	-3.001771	-14.64535	-7	-2.222736	-2.427178	9.669564	2.615802	-7.012121
14.72	-2.249821	-2.318874	-8.546908	-7	-2.314133	-2.824941	41.42757	8.875343	1.555306
14.74	-2.786452	-2.728612	-10.14938	-7	-1.668169	-2.580681	30.97263	5.302824	-3.776356
14.76	-2.942434	-3.070061	-9.469883	-7	-1.44028	-2.328287	35.63438	9.745572	-1.413798
14.78	-4.656938	-3.752957	-16.8123	-7	-0.06263483	-0.1653827	2.181658	8.951679	-1.366502
14.8	-4.045949	-4.162696	-11.19174	-7	-0.4430292	-0.872914	42.04498	7.455497	7.476973
14.82	-4.843702	-4.777303	-13.21734	-7	0.1354404	-0.8209895	38.87422	4.692137	3.043341
14.84	-4.699389	-5.050462	-10.13811	-7	0.224969	-1.059069	57.19176	18.84481	6.450922
14.86	-4.317999	-4.367564	-6.651936	-7	1.139813	-0.2203441	40.7924	17.85244	4.55392
14.88	-4.014228	-4.777303	-3.406361	-7	0.9337666	-0.6163965	39.75065	29.01275	1.620107
14.9	-5.113274	-5.050462	-7.81502	-7	1.591046	0.8130881	2.078269	16.96695	-1.680212
14.92	-6.079153	-5.801648	-10.91631	-7	1.675212	1.748514	-6.383053	13.36389	2.978115
14.94	-6.308457	-6.484545	-9.763497	-7	1.071884	0.8805555	20.13777	-11.91855	6.831525
14.96	-5.724598	-5.801648	-5.213343	-7	1.246447	0.6071495	26.696	2.264657	6.639488
14.98	-5.847795	-6.484545	-4.248866	-7	0.886909	-0.2463575	33.50824	8.768474	2.57876
15	-6.183918	-6.143096	-4.976364	-7	1.471982	0.771283	11.69696	16.64633	1.91063
15.02	-7.143954	-6.825994	-8.561095	-7	1.858947	1.819623	-5.462789	1.05855	2.9384
15.04	-6.159217	-6.143096	-2.257286	-7	1.710461	1.670239	5.452506	-1.872748	7.203619
15.06	-7.127356	-7.167441	-6.019586	-7	1.599431	1.44052	-5.718071	-1.033053	0.9278889
15.08	-6.906416	-6.825994	-3.765417	-7	1.480495	1.555436	-0.663904	7.150153	5.008762
15.1	-6.815429	-6.416255	-2.726434	-7	1.877841	2.149794	-18.22319	-2.437633	2.987349
15.12	-7.468512	-7.4406	-4.966762	-7	1.405113	1.760435	-15.70061	3.745573	1.888474
15.14	-7.320176	-7.167441	-3.308568	-7	1.186866	1.538966	-7.526267	-3.04832	4.351019
15.16	-7.054297	-6.757704	-1.517374	-7	1.35572	1.685858	-14.84439	0.1425196	2.914482
15.18	-6.787754	-6.825994	0.256819	-7	1.014184	1.249411	-14.49355	-0.5292363	1.045103
15.2	-7.974703	-7.713759	-5.275478	-7	0.89239	1.422308	-24.6951	-1.460534	-1.108556
15.22	-8.22606	-7.850338	-5.679134	-7	0.7048272	1.420446	-10.15907	-6.193358	4.726687
15.24	-8.077422	-7.850338	-4.094148	-7	0.6715344	0.9611448	4.975919	-12.94145	5.823052
15.26	-8.06974	-7.782049	-3.468348	-7	1.029941	1.095137	4.295552	5.241756	4.89436
15.28	-6.766323	-6.825994	3.381731	-7	1.135585	0.9167979	6.90215	5.455496	4.819258
15.3	-6.936872	-6.825994	2.188599	-7	1.457939	1.469309	-24.63192	8.646336	-2.439418
15.32	-6.743848	-6.825994	3.07399	-7	0.9381735	1.396663	-30.49854	1.745573	-1.957915
15.34	-7.33392	-7.167441	-0.09322727	-7	0.5193051	1.327271	-39.95277	-16.10175	-3.722171
15.36	-7.211715	-7.235731	0.6073941	-7	-0.2950638	0.4804751	-22.58997	-15.41473	-1.048094
15.38	-8.007648	-7.577179	-3.544102	-7	-0.3175838	0.5091869	-25.35344	-18.5445	-2.066862
15.4	-7.809338	-7.4406	-2.374024	-7	-0.4321958	0.3103644	-8.959217	-14.94145	2.379495
15.42	-6.404774	-6.143096	4.255084	-7	-0.1688201	0.1536425	-7.174069	-6.575037	1.606114
15.44	-6.1618	-6.484545	4.88917	-7	-0.5779455	-0.6300701	-12.7978	-0.9414498	-5.554797
15.46	-6.532248	-6.484545	2.23399	-7	-0.7186128	-0.3352074	-27.88741	6.08145	-7.125363
15.48	-6.86762	-6.416255	-0.1418405	-7	-0.7283048	0.2387883	-37.99091	1.745573	-5.159527
15.5	-8.00193	-7.782049	-5.678126	-7	-1.371288	-0.412365	-19.84245	-16.72771	-3.14664
15.52	-8.394874	-7.850338	-7.236234	-7	-1.285501	-0.5340586	3.890876	-18.66664	2.984298
15.54	-6.761586	-6.416255	1.013129	-7	-0.7399372	-0.6922293	20.88499	-14.81931	5.790991
15.56	-6.491485	-6.757704	2.145047	-7	-0.5861608	-1.2081	15.30175	-1.552137	-2.164225
15.58	-7.678131	-7.850338	-3.699003	-7	-0.5922614	-0.9774786	8.902861	17.07382	-3.539172
15.6	-7.847806	-7.782049	-4.050815	-7	-0.4362842	-0.6190143	20.34772	17.13488	2.761338
15.62	-7.879849	-7.782049	-3.699441	-7	-0.002907224	-0.3972911	25.20335	-0.5139687	3.913834
15.64	-7.515314	-7.782049	-1.223235	-7	0.1473209	-0.641594	35.74525	3.669237	4.370415
15.66	-7.592854	-7.782049	-1.22289	-7	0.5985466	-0.2881825	27.82106	12.32573	2.406836
15.68	-6.352112	-6.552835	4.988625	-7	1.045387	0.2805055	16.17233	13.53183	2.788452
15.7	-6.15096	-6.484545	5.555836	-7	1.100598	0.5858164	-12.14742	12.64634	-4.014104
15.72	-6.19101	-6.484545	4.895188	-7	0.6190393	0.7174798	-29.47428	8.539466	-5.720565
15.74	-8.407588	-7.782049	-6.497022	-7	0.6045959	1.827546	-57.00497	-0.01015222	-6.279315
15.76	-7.043449	-6.757704	0.7969894	-7	-0.1578019	1.077446	-18.86829	-18.4529	5.320477
15.78	-7.360828	-6.894283	-1.163987	-7	0.002537012	0.7773049	-29.37078	-22.78877	-2.104196
15.8	-6.285406	-7.099152	4.586885	-7	-1.451395	-1.564184	16.06713	-10.37656	-0.243042
15.82	-7.464366	-7.099152	-2.164821	-7	-0.7424736	-0.667659	-14.69482	1.379161	-6.516343
15.84	-6.648838	-7.167441	2.188034	-7	-1.602618	-1.781285	21.92968	1.180687	0.3714838
15.86	-7.401452	-7.167441	-2.135604	-7	-0.9314747	-1.128757	2.750688	-9.353663	-4.043841
15.88	-4.633154	-5.733358	11.64344	-7	-1.892646	-2.930909	44.11686	-1.96435	0.6137476
15.9	-7.233931	-7.099152	-2.767226	-7	-0.9292409	-1.45532	-19.00666	-4.376564	-14.37339
15.92	-6.333357	-7.167441	2.263409	-7	-2.257094	-2.616621	33.01085	4.035649	-0.03910351
15.94	-7.761938	-7.167441	-5.590384	-7	-1.015356	-1.127249	-1.106325	-5.826946	-5.103874
15.96	-7.088329	-7.167441	-1.705866	-7	-1.166992	-1.315657	27.30408	-2.010152	3.521282
15.98	-7.340505	-7.099152	-2.998924	-7	-0.3994985	-0.7733372	15.67694	-12.74298	0.2080612
16	-4.88514	-5.460199	9.20188	-7	-0.5291072	-1.408721	30.10579	8.814274	2.064605
16.02	-6.568866	-6.757704	-0.06511271	-7	-0.1707226	-0.7380296	-16.82674	6.325726	-11.18831
16.04	-6.862074	-6.825994	-1.473511	-7	-0.5026269	-0.1318968	-12.96243	14.57	-2.458001
16.06	-7.669402	-6.757704	-5.721832	-7	0.1998709	1.189262	-33.20564	-9.139923	-1.107244
16.08	-6.481695	-6.825994	0.9937689	-7	-0.8499572	-0.584096	11.52397	-5.888015	3.605804
16.1	-6.7944	-6.825994	-0.761533	-7	-0.6759408	-0.9090148	3.289289	-4.681908	-3.1707
16.12	-7.887632	-7.850338	-5.86807	-7	-0.7209662	-0.746563	7.248852	11.91351	-1.398959
16.14	-8.601543	-7.713759	-8.998958	-7	0.2744154	0.7653359	0.1648674	0.9516796	4.498732
16.16	-7.807497	-7.713759	-3.874217	-7	0.2981046	0.2048297	29.26595	3.134886	9.002755
16.18	-6.037252	-6.484545	5.336775	-7	0.4878052	-0.5605179	36.09923	11.76084	4.793005
16.2	-7.560925	-7.782049	-2.341222	-7	0.8645217	0.08373326	0.7443609	25.98985	-4.862754
16.22	-7.647755	-7.782049	-2.101485	-7	0.6565232	0.495877	8.557194	17.18069	2.847749
16.24	-7.227074	-6.825994	0.03503609	-7	1.318363	1.42823	-9.230968	0.3257257	2.899045
16.26	-6.308939	-6.825994	4.911196	-7	0.6297308	0.3774351	0.686964	1.16542	0.6670179
16.28	-5.377131	-5.460199	8.621741	-7	0.7678947	0.7491519	-29.52411	-0.6361061	-5.042068
16.3	-7.038942	-7.099152	-0.2864057	-7	0.07867072	0.7979816	-52.7867	-0.8498467	-10.41892
16.32	-6.431524	-6.143096	2.389211	-7	-0.5590096	0.7128241	-40.79182	-21.26206	-2.297433
16.34	-7.944994	-7.4406	-5.48226	-7	-0.90978	0.3853036	-42.85057	-28.72771	-5.689166
16.36	-6.691357	-6.484545	0.8941226	-7	-1.476265	-0.5688542	-5.383778	-11.01779	2.493909
16.38	-6.965974	-6.416255	-1.201307	-7	-0.9386849	-0.3655639	-20.59873	-15.18572	-3.880863
16.4	-6.93371	-6.416255	-1.406615	-7	-0.7501571	0.06000625	-22.50435	9.043282	-1.773288
16.42	-6.905	-6.484545	-1.489848	-7	-0.7212474	0.04518703	-20.50298	-9.659006	-1.55016
16.44	-7.502414	-6.484545	-4.879634	-7	-0.0155009	1.20601	-39.66051	5.837176	-1.449639
16.46	-6.455262	-6.416255	0.7352942	-7	-0.7333137	-0.01123446	-7.809861	-3.460534	2.275797
16.48	-7.044281	-6.416255	-2.702403	-7	-0.1935654	0.495331	-29.51225	1.195955	-3.510883
16.5	-5.848125	-6.143096	3.452593	-7	-1.044212	-0.7623439	-0.424201	2.692138	-0.0434494
16.52	-7.560099	-7.4406	-5.334963	-7	-1.05288	-0.8548973	-13.03052	8.737938	-6.759024
16.54	-7.532271	-7.4406	-4.61492	-7	-1.314423	-1.068763	15.98585	-0.5903046	2.463445
16.56	-6.564974	-6.074806	0.01394391	-7	-0.3812853	-0.4009387	9.202013	1.379161	2.593166
16.58	-5.748276	-6.143096	4.003642	-7	-0.5676519	-1.087926	11.72578	-9.811678	-1.855538
16.6	-6.3176	-5.801648	0.2407448	-7	0.3008273	0.5621552	-33.58602	16.29519	-6.461085
16.62	-6.848602	-7.167441	-1.977214	-7	-0.816761	-0.3880946	-12.27457	5.37916	-3.256769
16.64	-7.717912	-7.167441	-6.238358	-7	-0.5535959	0.1226016	-15.24843	-2.94145	-1.120918
16.66	-7.185355	-7.235731	-2.83316	-7	-0.9854226	-0.8358226	18.64882	-13.70481	3.828706
16.68	-7.279238	-7.099152	-3.131049	-7	-0.4687754	-0.741088	16.16479	-3.949083	1.019547
16.7	-6.585557	-7.167441	0.9110522	-7	-0.8241204	-1.684713	38.67012	2.768474	1.88845
16.72	-4.944336	-5.460199	8.578822	-7	-0.44234	-1.65213	26.21451	13.5929	-2.008032
16.74	-6.119101	-6.757704	2.107571	-7	-0.6511613	-1.525546	-2.2749	11.11962	-10.77292
16.76	-6.976686	-6.825994	-2.444681	-7	-0.5794014	-0.359187	-15.69187	5.455496	-5.043329
16.78	-7.081079	-6.825994	-2.827425	-7	-0.6523703	-0.170502	-8.472335	-10.34603	-0.480464
16.8	-7.464272	-7.235731	-4.437064	-7	-0.6566176	-0.3412025	-0.3390303	-21.4758	0.160881
16.82	-7.098363	-7.167441	-2.102881	-7	-0.7952471	-0.9256161	19.56297	-4.300229	2.338748
16.84	-6.911986	-7.099152	-0.9224422	-7	-0.650517	-1.232029	24.63007	1.333359	0.4663715
16.86	-5.161764	-5.39191	7.379612	-7	-0.2315077	-0.9619491	15.27394	7.684505	-0.4265862
16.88	-6.639857	-6.757704	-0.6309013	-7	-0.09737916	-0.3451051	-22.0037	12.18832	-9.70879
16.9	-6.829205	-6.757704	-1.476755	-7	-0.489164	0.002228156	-15.97817	5.440229	-2.195797
16.92	-7.279422	-6.757704	-3.790371	-7	-0.2704904	0.4561349	-22.35655	-9.597939	-1.443537
16.94	-6.458746	-6.894283	0.8829134	-7	-1.21828	-1.203576	14.92107	-12.4071	1.120781
16.96	-7.236452	-6.894283	-3.347202	-7	-0.588512	-0.5792319	-5.316687	-1.475801	-3.616048
16.98	-6.374195	-6.757704	1.348304	-7	-1.118117	-1.395605	20.97024	3.48603	0.9354458
17	-7.053643	-6.825994	-2.400829	-7	-0.4825453	-0.6812436	-1.491607	-1.491068	-3.821291
17.02	-6.535701	-6.825994	0.4997156	-7	-0.8470775	-1.10278	15.47723	5.562366	0.1200438
17.04	-7.201843	-6.825994	-3.102027	-7	-0.1597107	-0.1429666	-7.671287	-3.033053	-2.808805
17.06	-6.615296	-6.825994	0.2371469	-7	-0.5584618	-0.6392118	10.42253	4.310458	1.037388
17.08	-6.967659	-6.757704	-1.693139	-7	-0.1373403	-0.1646277	-5.661932	-3.139923	-2.336456
17.1	-7.003675	-6.757704	-1.787083	-7	0.004200384	0.2891533	-9.83389	6.447862	-0.3554611
17.12	-7.090872	-6.757704	-2.137015	-7	0.1586122	0.597077	-15.25786	-1.475801	-0.2078438
17.14	-6.886075	-6.757704	-0.9012797	-7	-0.01204049	0.3572932	-10.53446	1.104351	0.1979322
17.16	-6.684576	-6.825994	0.2763814	-7	-0.3864865	-0.3093899	-2.482272	-0.0254194	-1.116627
17.18	-6.922616	-6.825994	-1.016312	-7	-0.3443311	-0.2069647	-8.698372	0.3257257	-2.495146
17.2	-6.797221	-6.757704	-0.3658411	-7	-0.4766566	-0.2901759	-5.324474	0.1730539	-1.269283
17.22	-6.839149	-6.825994	-0.6039101	-7	-0.5805352	-0.4686033	-4.188194	-1.170457	-2.015011
17.24	-7.002903	-6.825994	-1.504478	-7	-0.4854199	-0.2651087	-7.573635	0.2035883	-1.840584
17.26	-6.899856	-6.825994	-0.930678	-7	-0.5672953	-0.3831532	-2.892715	0.2035883	-0.8873062
17.28	-6.895528	-6.825994	-0.9204763	-7	-0.5609958	-0.4624039	-2.220525	-0.3307626	-1.434402
17.3	-6.815278	-6.689414	-0.5982743	-7	-0.4636267	-0.3342924	-4.522149	0.09671804	-1.424728
17.32	-6.736024	-6.757704	-0.2095778	-7	-0.5829045	-0.5215814	-2.29024	0.03564932	-1.790781
17.34	-6.826917	-6.757704	-0.7603863	-7	-0.5615692	-0.4613434	-5.034953	-0.2696943	-2.285127
17.36	-6.853582	-6.757704	-0.9389222	-7	-0.5667242	-0.4004971	-5.292166	0.02038214	-1.787297
17.38	-6.918507	-6.825994	-1.264706	-7	-0.5897827	-0.423306	-4.307457	0.03564932	-1.626215
17.4	-7.004946	-6.894283	-1.654964	-7	-0.5810692	-0.4245608	-2.751436	-0.2086256	-1.261059
17.42	-6.943731	-6.825994	-1.300579	-7	-0.522308	-0.4007318	-1.112303	0.02038214	-0.7525997
17.44	-6.805458	-6.757704	-0.5851406	-7	-0.4974793	-0.4610396	-0.06353521	0.06618368	-1.011504
17.46	-6.875033	-6.825994	-0.9454122	-7	-0.4612276	-0.4285401	-2.256667	-0.08648812	-1.73935
17.48	-6.800246	-6.757704	-0.5661824	-7	-0.466005	-0.4036847	-2.242087	-0.05595376	-1.384723
17.5	-6.854398	-6.825994	-0.837257	-7	-0.4957636	-0.4362098	-2.90545	0.08145128	-1.813856
17.52	-6.783248	-6.757704	-0.4871508	-7	-0.5320932	-0.4686831	-2.194834	-0.1170225	-1.573123
17.54	-6.823817	-6.757704	-0.7475443	-7	-0.512134	-0.4219757	-4.363027	-0.0254194	-1.985065
17.56	-6.791196	-6.757704	-0.599456	-7	-0.5710387	-0.4697575	-3.45275	-0.01015222	-1.776148
17.58	-6.926734	-6.825994	-1.314267	-7	-0.5491142	-0.4056694	-5.187087	0.005114958	-1.985241
17.6	-6.933455	-6.825994	-1.316532	-7	-0.5527515	-0.3837152	-3.636407	-0.01015222	-1.245951
17.62	-6.907688	-6.825994	-1.15027	-7	-0.5522689	-0.4358113	-2.013568	0.0509165	-1.186334
17.64	-6.90862	-6.825994	-1.135273	-7	-0.518036	-0.4299681	-1.933388	-0.04068658	-1.304935
17.66	-6.89481	-6.825994	-1.037872	-7	-0.4966044	-0.4213732	-1.727058	-0.1170225	-1.278484
17.68	-6.544749	-6.484545	0.6137204	-7	-0.436469	-0.3776841	-3.406625	-0.1017549	-1.349748
17.7	-6.837264	-6.825994	-0.935727	-7	-0.5151212	-0.4216188	-7.885248	0.005114958	-3.221663
17.72	-6.968113	-6.894283	-1.544514	-7	-0.620838	-0.4162024	-5.30062	-0.07122094	-1.779352
17.74	-7.012414	-6.825994	-1.753646	-7	-0.5415397	-0.309372	-5.109916	-0.5750378	-1.116328
17.76	-6.777131	-6.757704	-0.4988232	-7	-0.6281074	-0.5441728	0.5543392	-0.7735108	-0.7896042
17.78	-6.98891	-6.825994	-1.638579	-7	-0.458826	-0.3419508	-5.580115	-0.1017549	-2.058946
17.8	-6.857263	-6.825994	-0.8751871	-7	-0.5512878	-0.4443079	-0.7953466	0.722672	-0.854207
17.82	-6.917429	-6.825994	-1.185411	-7	-0.4837299	-0.4071029	-2.884704	-0.4223661	-1.60272
17.84	-6.769392	-6.689414	-0.4584695	-7	-0.4518801	-0.3522019	-3.364065	0.432596	-1.264137
17.86	-6.775678	-6.757704	-0.514794	-7	-0.5082068	-0.4338593	-4.251361	-0.08648812	-2.063437
17.88	-6.848237	-6.757704	-0.9316525	-7	-0.504684	-0.3534271	-6.539715	-0.1780908	-2.107857
17.9	-6.854024	-6.757704	-0.974834	-7	-0.5404258	-0.347022	-6.255226	0.005114958	-1.745157
17.92	-6.895821	-6.825994	-1.16638	-7	-0.6078506	-0.441549	-4.539996	-0.07122094	-1.736469
17.94	-6.913746	-6.825994	-1.242111	-7	-0.6204938	-0.4776641	-3.154913	-0.1170225	-1.536283
17.96	-6.938521	-6.825994	-1.357338	-7	-0.5781449	-0.4440803	-2.973795	-0.04068658	-1.417766
17.98	-6.894352	-6.825994	-1.094697	-7	-0.5789793	-0.4876263	-1.255089	0.03564932	-1.238424
18	-6.827628	-6.757704	-0.7711406	-7	-0.5350368	-0.4728982	-1.822526	-0.1322897	-1.460637
18.02	-6.902313	-6.825994	-1.151672	-7	-0.5058113	-0.4188464	-3.567928	0.02038214	-1.800727
18.04	-6.893504	-6.825994	-1.071496	-7	-0.5196311	-0.4129351	-2.827859	0.02038214	-1.413272
18.06	-6.825444	-6.757704	-0.7323183	-7	-0.5091009	-0.4169168	-3.013077	-0.1170225	-1.482218
18.08	-6.885868	-6.825994	-1.036284	-7	-0.5208101	-0.4229956	-3.929732	-0.0254194	-1.858989
18.1	-6.820464	-6.757704	-0.7118382	-7	-0.5378864	-0.4270555	-3.522688	-0.0254194	-1.570623
18.12	-6.900795	-6.825994	-1.127625	-7	-0.5439336	-0.4230925	-4.590322	-0.0254194	-1.941387
18.14	-6.888038	-6.825994	-1.036642	-7	-0.5837534	-0.4607155	-3.030423	-0.01015222	-1.532483
18.16	-6.896774	-6.825994	-1.074018	-7	-0.5826527	-0.4817868	-2.682988	0.02038214	-1.617212
18.18	-6.842746	-6.757704	-0.8240776	-7	-0.5502622	-0.4467237	-3.184336	-0.1017549	-1.564528
18.2	-6.820558	-6.757704	-0.7402064	-7	-0.553261	-0.4528441	-3.886649	-0.05595376	-1.836528
18.22	-6.891887	-6.825994	-1.106384	-7	-0.5767626	-0.4565097	-4.345078	-0.04068658	-1.972484
18.24	-6.883836	-6.825994	-1.044134	-7	-0.6168729	-0.5016905	-2.73254	-0.08648812	-1.615256
18.26	-6.877447	-6.757704	-1.051178	-7	-0.549173	-0.4150749	-4.346595	-0.08648812	-1.668881
18.28	-6.833237	-6.757704	-0.8372006	-7	-0.562248	-0.4325504	-4.0783	0.005114958	-1.662139
18.3	-6.846147	-6.757704	-0.934406	-7	-0.5571101	-0.4175944	-5.14954	-0.1017549	-1.912361
18.32	-6.852651	-6.757704	-0.9897765	-7	-0.5668501	-0.402392	-5.560125	-0.0254194	-1.852926
18.34	-6.915909	-6.825994	-1.297806	-7	-0.599273	-0.4304187	-5.02302	-0.0254194	-1.829614
18.36	-6.83409	-6.757704	-0.8799558	-7	-0.6253623	-0.4863193	-3.225801	-0.05595376	-1.505455
18.38	-6.918342	-6.825994	-1.31629	-7	-0.6084869	-0.4820922	-4.07384	-0.07122094	-1.938047
18.4	-6.8653	-6.757704	-1.052757	-7	-0.5821273	-0.436519	-3.738087	-0.05595376	-1.474544
18.42	-6.899209	-6.825994	-1.205686	-7	-0.5958066	-0.4785634	-3.334334	-0.0254194	-1.732334
18.44	-6.90555	-6.825994	-1.213198	-7	-0.5935607	-0.4823696	-2.682961	-0.04068658	-1.561706
18.46	-6.896846	-6.825994	-1.143124	-7	-0.5869986	-0.4963161	-2.076597	-0.0254194	-1.523668
18.48	-6.836526	-6.757704	-0.8493036	-7	-0.5506425	-0.4655425	-2.688663	-0.01015222	-1.56777
18.5	-6.82733	-6.757704	-0.8264709	-7	-0.5377816	-0.4419463	-4.069992	-0.05595376	-1.883321
18.52	-6.830481	-6.757704	-0.8642983	-7	-0.5498409	-0.4231943	-5.024781	-0.1017549	-1.955846
18.54	-6.913865	-6.825994	-1.281173	-7	-0.5738815	-0.4148887	-5.470043	0.02038214	-1.973002
18.56	-6.997943	-6.894283	-1.649768	-7	-0.5968932	-0.4231226	-4.137656	-0.04068658	-1.555457
18.58	-6.933327	-6.825994	-1.276208	-7	-0.5778213	-0.436925	-2.349919	0.03564932	-1.108557
18.6	-6.899777	-6.825994	-1.079698	-7	-0.5592629	-0.4744295	-1.95127	-0.04068658	-1.425343
18.62	-6.899221	-6.825994	-1.063941	-7	-0.5333789	-0.453023	-2.632555	-0.07122094	-1.602505
18.64	-6.857487	-6.825994	-0.825218	-7	-0.5657191	-0.5061063	-1.789712	-0.0254194	-1.613927
18.66	-6.769239	-6.689414	-0.4497598	-7	-0.5120259	-0.4271528	-4.345039	0.005114958	-1.877973
18.68	-6.887331	-6.825994	-1.068469	-7	-0.5498865	-0.4183629	-6.166139	-0.01015222	-2.354317
18.7	-6.904047	-6.825994	-1.136214	-7	-0.6044554	-0.4353516	-4.953577	-0.07122094	-1.785623
18.72	-6.934832	-6.825994	-1.290679	-7	-0.6010046	-0.4320699	-4.798185	-0.1780908	-1.725726
18.74	-6.911945	-6.825994	-1.154416	-7	-0.6184502	-0.4748231	-3.394029	0.0509165	-1.54867
18.76	-6.929772	-6.825994	-1.245012	-7	-0.5886334	-0.4555555	-3.751439	-0.2391599	-1.666091
18.78	-6.968337	-6.825994	-1.438521	-7	-0.5241819	-0.353818	-5.077982	-0.04068658	-1.5493
18.8	-6.926101	-6.825994	-1.18355	-7	-0.530915	-0.3730901	-3.97113	0.1119852	-1.312567
18.82	-6.890254	-6.825994	-0.9754404	-7	-0.5539479	-0.4429078	-3.18015	-0.1780908	-1.551006
18.84	-6.902624	-6.825994	-1.037847	-7	-0.547955	-0.438269	-3.875737	0.1119852	-1.772325
18.86	-6.941145	-6.825994	-1.237473	-7	-0.5142266	-0.3599457	-5.305842	-0.04068658	-1.723845
18.88	-6.855533	-6.757704	-0.8102354	-7	-0.518407	-0.3554296	-5.165405	0.005114958	-1.519719
18.9	-6.906704	-6.825994	-1.075217	-7	-0.5486044	-0.3923649	-5.85513	-0.05595376	-1.997413
18.92	-6.924729	-6.825994	-1.162281	-7	-0.5723957	-0.3928583	-5.568205	-0.05595376	-1.766182
18.94	-6.92365	-6.825994	-1.150563	-7	-0.5911847	-0.4201008	-4.909233	-0.08648812	-1.687157
18.96	-6.927667	-6.825994	-1.170895	-7	-0.5923613	-0.4309055	-4.663358	0.005114958	-1.698491
18.98	-6.92776	-6.825994	-1.170039	-7	-0.5884456	-0.4322507	-4.476198	-0.05595376	-1.671788
19	-6.943277	-6.825994	-1.251045	-7	-0.5640744	-0.39873	-4.95046	0.0509165	-1.664476
19.02	-6.903311	-6.825994	-1.028636	-7	-0.5919189	-0.4519298	-3.690002	-0.07122094	-1.568196
19.04	-6.853631	-6.757704	-0.8156962	-7	-0.5661568	-0.4328239	-4.710238	0.02038214	-1.7967
19.06	-6.870615	-6.825994	-0.9051195	-7	-0.6264085	-0.5092797	-4.183049	0.005114958	-2.057421
19.08	-7.002711	-6.894283	-1.570857	-7	-0.6159796	-0.4568524	-5.037967	0.03564932	-2.011241
19.1	-6.890137	-6.825994	-0.960868	-7	-0.6590422	-0.5347794	-1.759417	-0.01015222	-1.294401
19.12	-6.90545	-6.825994	-1.061873	-7	-0.6212976	-0.5374358	-2.807837	0.02038214	-1.89169
19.14	-6.931208	-6.825994	-1.205776	-7	-0.5770512	-0.4528346	-4.051819	-0.1170225	-1.787498
19.16	-6.904801	-6.825994	-1.057168	-7	-0.5858861	-0.4616319	-3.503794	-0.01015222	-1.631053
19.18	-6.830637	-6.757704	-0.7086427	-7	-0.5815446	-0.4715278	-3.878582	0.03564932	-1.783713
19.2	-6.902752	-6.825994	-1.096776	-7	-0.5912415	-0.4618163	-5.279137	-0.01015222	-2.19146
19.22	-6.900241	-6.825994	-1.076185	-7	-0.6308058	-0.4833906	-4.305467	-0.0254194	-1.833057
19.24	-6.864649	-6.757704	-0.9362993	-7	-0.6069219	-0.4528602	-5.080822	-0.04068658	-1.86595
19.26	-6.870005	-6.757704	-1.008049	-7	-0.5943136	-0.417239	-6.358824	-0.01015222	-2.040323
19.28	-6.858481	-6.757704	-0.9793059	-7	-0.6205148	-0.4287482	-6.411064	0.02038214	-2.011764
19.3	-7.027583	-6.894283	-1.821089	-7	-0.6310488	-0.4076969	-6.876072	0.0509165	-2.089032
19.32	-6.980138	-6.825994	-1.539219	-7	-0.6163274	-0.3852645	-4.776634	-0.04068658	-1.182508
19.34	-6.890376	-6.757704	-1.088571	-7	-0.5739856	-0.3984878	-4.561507	0.005114958	-1.392653
19.36	-6.943056	-6.825994	-1.352123	-7	-0.5545692	-0.3855752	-5.67041	-0.04068658	-1.842182
19.38	-6.904296	-6.825994	-1.117809	-7	-0.5979556	-0.4444235	-4.004416	-0.08648812	-1.569204
19.4	-6.909359	-6.825994	-1.136699	-7	-0.6024787	-0.4733707	-4.004084	-0.05595376	-1.807071
19.42	-6.951823	-6.825994	-1.356855	-7	-0.5611063	-0.3971766	-5.336508	-0.05595376	-1.79183
19.44	-6.860972	-6.757704	-0.8990563	-7	-0.5612593	-0.395357	-4.94702	0.02038214	-1.553576
19.46	-6.861022	-6.757704	-0.936918	-7	-0.5553007	-0.3876649	-6.549712	0.03564932	-2.050666
19.48	-6.823	-6.757704	-0.7640836	-7	-0.6230794	-0.4555796	-5.94403	0.005114958	-2.074984
19.5	-6.924939	-6.825994	-1.305382	-7	-0.6523982	-0.46401	-6.721163	-0.04068658	-2.330674
19.52	-6.878912	-6.757704	-1.09436	-7	-0.6632764	-0.4533784	-5.874525	-0.1475568	-1.803689
19.54	-6.971	-6.894283	-1.528802	-7	-0.7237797	-0.5604585	-4.135609	-0.08648812	-2.03195
19.56	-6.968693	-6.825994	-1.513618	-7	-0.6674784	-0.4947011	-3.760009	-0.1475568	-1.549129
19.58	-6.951969	-6.825994	-1.411188	-7	-0.6216111	-0.4699273	-3.470833	0.03564932	-1.493517
19.6	-6.828134	-6.757704	-0.7803054	-7	-0.6209037	-0.520478	-2.484719	-0.01015222	-1.543207
19.62	-6.876969	-6.825994	-1.038402	-7	-0.6323013	-0.5532928	-3.521381	-0.1170225	-2.209038
19.64	-6.908124	-6.825994	-1.197006	-7	-0.6302658	-0.5099592	-3.997774	0.06618368	-1.979915
19.66	-6.804235	-6.757704	-0.678084	-7	-0.6667701	-0.5711787	-2.745677	0.005114958	-1.822626
19.68	-6.79267	-6.757704	-0.6702341	-7	-0.6927439	-0.6210271	-3.555574	-0.05595376	-2.400715
19.7	-6.935474	-6.825994	-1.437332	-7	-0.6648135	-0.5132626	-6.030768	-0.04068658	-2.490165
19.72	-6.952641	-6.825994	-1.504374	-7	-0.6662309	-0.4666197	-5.019727	-0.1170225	-1.717026
19.74	-6.935222	-6.825994	-1.38815	-7	-0.6654084	-0.5019455	-3.695887	0.03564932	-1.60541
19.76	-6.872099	-6.757704	-1.082201	-7	-0.6235744	-0.4814236	-4.014382	-0.1017549	-1.680396
19.78	-6.947791	-6.825994	-1.466579	-7	-0.5903165	-0.4278501	-5.590067	0.06618368	-1.993207
19.8	-6.85536	-6.757704	-0.9854839	-7	-0.6044475	-0.439871	-4.570635	0.08145128	-1.589488
19.82	-6.856012	-6.757704	-1.017112	-7	-0.5989197	-0.4442879	-5.889841	-0.1322897	-2.100611
19.84	-6.968029	-6.825994	-1.589938	-7	-0.5820647	-0.3638772	-7.61001	-0.07122094	-2.119548
19.86	-6.955312	-6.825994	-1.479375	-7	-0.6113297	-0.3811247	-5.894707	-0.0254194	-1.531488
19.88	-6.96353	-6.825994	-1.495313	-7	-0.5966974	-0.3918787	-5.587172	-0.05595376	-1.611636
19.9	-6.880358	-6.757704	-1.071413	-7	-0.5825085	-0.3980427	-5.284554	-0.0254194	-1.560137
19.92	-6.962884	-6.825994	-1.491835	-7	-0.5571443	-0.3567384	-7.058672	0.0509165	-2.005045
19.94	-6.859764	-6.757704	-0.9536846	-7	-0.5945331	-0.3976609	-5.577489	-0.04068658	-1.576598
19.96	-6.941899	-6.825994	-1.37887	-7	-0.5976796	-0.4064524	-6.876783	-0.0254194	-2.158575
19.98	-6.956716	-6.825994	-1.434174	-7	-0.6095613	-0.3888099	-6.329142	0.03564932	-1.742565
20	-6.852904	-6.757704	-0.9075701	-7	-0.6392794	-0.4616061	-4.892351	-0.04068658	-1.670292
20.02	-6.933432	-6.825994	-1.335543	-7	-0.6377086	-0.4663051	-6.174332	-0.01015222	-2.238742
20.04	-7.015721	-6.894283	-1.712103	-7	-0.6543701	-0.4530651	-5.310833	-0.01015222	-1.818455
20.06	-6.941854	-6.825994	-1.302847	-7	-0.6486693	-0.4786342	-3.447494	-0.0254194	-1.377335
20.08	-6.947215	-6.825994	-1.329868	-7	-0.6005498	-0.4550072	-4.371952	0.0509165	-1.748905
20.1	-6.91575	-6.825994	-1.150075	-7	-0.6046456	-0.4672924	-3.974004	0.1119852	-1.70078
20.12	-6.9286	-6.825994	-1.214757	-7	-0.58711	-0.4434121	-4.887607	-0.07122094	-1.885278
20.14	-6.918943	-6.825994	-1.154338	-7	-0.597982	-0.4453681	-4.865669	-0.05595376	-1.828315
20.16	-6.900521	-6.825994	-1.052161	-7	-0.628151	-0.490064	-4.399716	-0.01015222	-1.904283
20.18	-6.878494	-6.757704	-0.9883227	-7	-0.5907159	-0.4228843	-6.24362	0.005114958	-2.033546
20.2	-6.841813	-6.757704	-0.8336164	-7	-0.6310267	-0.4552481	-6.404103	-0.05595376	-2.147612
20.22	-6.835687	-6.757704	-0.8492125	-7	-0.6824797	-0.505248	-6.627926	0.09671804	-2.38325
20.24	-6.901833	-6.757704	-1.254255	-7	-0.6684152	-0.4319347	-8.586805	0.02038214	-2.451315
20.26	-7.002116	-6.825994	-1.772014	-7	-0.6681145	-0.3725789	-8.84311	-0.07122094	-2.085224
20.28	-6.984768	-6.825994	-1.648205	-7	-0.6899459	-0.4143569	-6.391737	-0.1475568	-1.527016
20.3	-7.042162	-6.825994	-1.935847	-7	-0.6005961	-0.3239793	-7.49999	-0.05595376	-1.592108
20.32	-6.986065	-6.825994	-1.593515	-7	-0.5925912	-0.3463374	-5.623994	-0.07122094	-1.214963
20.34	-6.92737	-6.825994	-1.251458	-7	-0.6099545	-0.4430969	-4.130455	-0.1322897	-1.499828
20.36	-6.948441	-6.825994	-1.352929	-7	-0.5749173	-0.4135451	-5.334596	-0.1322897	-1.831114
20.38	-6.921543	-6.825994	-1.189661	-7	-0.5923769	-0.4313699	-4.840639	0.005114958	-1.72225
20.4	-6.818802	-6.757704	-0.6801025	-7	-0.6282109	-0.5038269	-4.269054	-0.04068658	-1.89686
20.42	-6.908038	-6.825994	-1.165133	-7	-0.6409284	-0.4985869	-6.146266	-0.1017549	-2.487359
20.44	-6.875611	-6.757704	-1.035272	-7	-0.6429953	-0.444657	-6.601637	0.02038214	-2.04493
20.46	-6.884026	-6.757704	-1.122181	-7	-0.6464614	-0.4292024	-7.613923	-0.08648812	-2.222501
20.48	-7.027651	-6.894283	-1.827843	-7	-0.6807967	-0.4362322	-7.38034	-0.04068658	-2.184815
20.5	-7.066982	-6.894283	-1.970218	-7	-0.665051	-0.4072008	-5.62866	0.03564932	-1.427494
20.52	-6.967888	-6.825994	-1.422706	-7	-0.636738	-0.4440838	-3.615456	0.06618368	-1.172269
20.54	-6.902758	-6.757704	-1.117869	-7	-0.5569174	-0.3921779	-5.383582	-0.1170225	-1.66226
20.56	-6.913795	-6.825994	-1.159542	-7	-0.584453	-0.4240492	-5.713053	0.06618368	-1.984894
20.58	-6.910046	-6.825994	-1.128647	-7	-0.6220987	-0.4591385	-5.394954	0.005114958	-1.976996
20.6	-6.845046	-6.757704	-0.8283422	-7	-0.6409587	-0.4824537	-5.534314	-0.1017549	-2.03916
20.62	-7.018961	-6.894283	-1.714775	-7	-0.6416917	-0.4402462	-7.298591	0.0509165	-2.410728
20.64	-7.034395	-6.894283	-1.733917	-7	-0.65802	-0.4267969	-5.215457	-0.07122094	-1.495721
20.66	-6.913552	-6.757704	-1.132172	-7	-0.5968122	-0.3976562	-5.179953	-0.1322897	-1.39949
20.68	-6.960563	-6.825994	-1.379206	-7	-0.5689292	-0.3742389	-6.892075	-0.04068658	-2.002848
20.7	-6.834842	-6.757704	-0.7391571	-7	-0.6276516	-0.4528793	-5.310729	-0.01015222	-1.763045
20.72	-6.924169	-6.825994	-1.226339	-7	-0.6430871	-0.4678352	-7.060964	-0.08648812	-2.482048
20.74	-6.956076	-6.825994	-1.394012	-7	-0.6583192	-0.4315155	-6.988099	0.02038214	-2.035951
20.76	-6.952595	-6.825994	-1.370979	-7	-0.6753762	-0.4563638	-6.096401	-0.1322897	-1.868923
20.78	-6.874301	-6.757704	-1.000941	-7	-0.676603	-0.4846895	-5.631937	0.0509165	-1.882402
20.8	-6.936903	-6.825994	-1.340443	-7	-0.6853747	-0.4982921	-6.363371	-0.08648812	-2.290012
20.82	-6.882977	-6.757704	-1.096447	-7	-0.683957	-0.4786709	-6.144808	-0.04068658	-1.960504
20.84	-6.863999	-6.757704	-1.040315	-7	-0.7001933	-0.5098625	-6.384547	0.005114958	-2.235392
20.86	-6.951498	-6.825994	-1.503853	-7	-0.710486	-0.4966771	-6.974959	-0.1170225	-2.342139
20.88	-6.979879	-6.825994	-1.640333	-7	-0.700894	-0.4612262	-6.363219	-0.08648812	-1.871706
20.9	-7.074134	-6.894283	-2.076742	-7	-0.6591724	-0.4116259	-6.184441	-0.01015222	-1.68897
20.92	-6.97008	-6.825994	-1.489404	-7	-0.6409981	-0.4373258	-3.78409	-0.1017549	-1.140471
20.94	-6.935392	-6.825994	-1.290678	-7	-0.6127362	-0.4739573	-3.869234	0.03564932	-1.666634
20.96	-6.848	-6.757704	-0.8605816	-7	-0.5981597	-0.4709312	-4.530962	0.1730539	-1.852072
20.98	-6.895947	-6.825994	-1.110519	-7	-0.6292745	-0.4953322	-5.626493	-0.08648812	-2.342281
21	-6.97621	-6.825994	-1.532691	-7	-0.5952777	-0.3779441	-7.672925	-0.05595376	-2.14295
21.02	-6.970201	-6.825994	-1.475588	-7	-0.6075207	-0.3629175	-7.035058	-0.1017549	-1.71691
21.04	-7.05058	-6.894283	-1.839336	-7	-0.6022484	-0.3578808	-6.965405	0.005114958	-1.762706
21.06	-6.942946	-6.825994	-1.243455	-7	-0.6267601	-0.4255618	-4.527235	0.02038214	-1.336428
21.08	-6.930734	-6.825994	-1.182639	-7	-0.6165377	-0.4621174	-5.099188	-0.04068658	-1.920517
21.1	-6.868353	-6.757704	-0.9011144	-7	-0.6029502	-0.4323383	-6.184402	0.1730539	-1.998553
21.12	-6.898502	-6.825994	-1.064697	-7	-0.6626645	-0.4946263	-6.306476	-0.1170225	-2.34773
21.14	-6.810414	-6.689414	-0.6993337	-7	-0.6549652	-0.4504048	-7.589759	-0.1475568	-2.242705
21.16	-6.9337	-6.757704	-1.410722	-7	-0.6258747	-0.3406935	-11.24664	-0.1170225	-2.716321
21.18	-6.877144	-6.757704	-1.127395	-7	-0.7303115	-0.4333017	-8.546877	-0.05595376	-2.058679
21.2	-6.976324	-6.825994	-1.654468	-7	-0.7573582	-0.4814128	-8.422541	-0.3154958	-2.397063
21.22	-6.962473	-6.825994	-1.567635	-7	-0.7955047	-0.5443473	-5.700273	0.08145128	-1.851384
21.24	-6.972953	-6.825994	-1.62255	-7	-0.767838	-0.5606992	-4.864428	-0.1017549	-1.892008
21.26	-6.987859	-6.825994	-1.694217	-7	-0.7072755	-0.5056098	-4.961777	-0.05595376	-1.776085
21.28	-6.980881	-6.825994	-1.636008	-7	-0.6558032	-0.4594809	-4.910894	0.03564932	-1.63526
21.3	-6.880568	-6.757704	-1.121602	-7	-0.6286772	-0.4602576	-4.687456	-0.1017549	-1.6353
21.32	-6.918478	-6.825994	-1.304688	-7	-0.6401625	-0.4893959	-5.433603	-0.1170225	-2.167392
21.34	-6.949637	-6.825994	-1.45111	-7	-0.6321801	-0.4444519	-6.048982	0.02038214	-2.002467
21.36	-6.943529	-6.825994	-1.395146	-7	-0.6422498	-0.4503598	-5.620344	-0.01015222	-1.85088
21.38	-6.879572	-6.757704	-1.084929	-7	-0.6299636	-0.4434094	-6.018246	-0.04068658	-1.901653
21.4	-6.959145	-6.825994	-1.496126	-7	-0.6236842	-0.4119169	-7.574124	-0.01015222	-2.252834
21.42	-6.952586	-6.825994	-1.435519	-7	-0.6542771	-0.4253112	-6.54216	0.005114958	-1.849775
21.44	-6.954693	-6.825994	-1.432389	-7	-0.661497	-0.4502788	-6.153047	-0.04068658	-1.906135
21.46	-7.134735	-6.962572	-2.287161	-7	-0.6312743	-0.3889238	-6.779526	-0.04068658	-1.900802
21.48	-6.957619	-6.825994	-1.312682	-7	-0.6352009	-0.4347184	-3.194089	-0.07122094	-0.9225264
21.5	-6.956219	-6.825994	-1.310462	-7	-0.5705376	-0.4230799	-5.182895	0.02038214	-1.852986
21.52	-6.914908	-6.825994	-1.081668	-7	-0.5901917	-0.4371819	-5.173011	0.5700002	-1.856457
21.54	-6.877395	-6.825994	-0.8848372	-7	-0.6503214	-0.5239938	-4.655555	-0.2238927	-2.124651
21.56	-6.985753	-6.825994	-1.484649	-7	-0.5841575	-0.3741902	-8.417929	-0.1322897	-2.389753
21.58	-6.936614	-6.825994	-1.209378	-7	-0.6451607	-0.4129373	-6.675411	0.08145128	-1.803923
21.6	-6.831314	-6.757704	-0.7039375	-7	-0.7027432	-0.5319179	-5.572034	-0.2696943	-2.106145
21.62	-6.913443	-6.757704	-1.218759	-7	-0.6525117	-0.4250087	-9.410261	-0.284961	-2.703354
21.64	-7.01613	-6.825994	-1.760175	-7	-0.6513715	-0.3273852	-10.45332	0.1883211	-2.250886
21.66	-6.913805	-6.825994	-1.190775	-7	-0.7796563	-0.5308605	-5.427332	-0.3918317	-1.695672
21.68	-7.032579	-6.825994	-1.847851	-7	-0.6805263	-0.4220881	-8.397457	-0.1170225	-2.275402
21.7	-6.969326	-6.825994	-1.490403	-7	-0.7077948	-0.4558266	-5.815636	0.264657	-1.565218
21.72	-6.972857	-6.825994	-1.508312	-7	-0.6800043	-0.4694973	-5.916671	-0.162824	-1.889077
21.74	-7.010931	-6.825994	-1.704958	-7	-0.6132385	-0.3694781	-7.368249	-0.162824	-1.844262
21.76	-7.060945	-6.894283	-1.89924	-7	-0.6032293	-0.3482456	-6.817033	0.2188555	-1.606327
21.78	-6.946406	-6.825994	-1.264284	-7	-0.6210212	-0.4211274	-4.600088	-0.1170225	-1.339375
21.8	-6.891372	-6.757704	-1.020763	-7	-0.5724636	-0.3944069	-6.632759	-0.1170225	-1.965073
21.82	-6.856492	-6.757704	-0.8759445	-7	-0.6038333	-0.408893	-7.701165	0.09671804	-2.266331
21.84	-6.798087	-6.757704	-0.6103506	-7	-0.7206903	-0.549735	-6.608787	-0.05595376	-2.511567
21.86	-6.880621	-6.757704	-1.122535	-7	-0.7287002	-0.5054641	-9.142004	-0.1322897	-2.909989
21.88	-6.989068	-6.825994	-1.702048	-7	-0.7534016	-0.454967	-9.388905	-0.01015222	-2.478177
21.9	-7.008595	-6.825994	-1.794104	7	-0.7606928	-0.4529791	-5.902297	-0.1017549	-1.37945
21.92	-6.902905	-6.757704	-1.265532	7	-0.7292496	-0.5256594	-1.060327	-0.3918317	-0.6602201
21.94	-6.992074	-6.825994	-1.734758	7	-0.5893206	-0.4528592	0.3905501	0.1883211	-0.5469551
21.96	-6.840827	-6.757704	-0.9270817	7	-0.499586	-0.4720533	6.252819	0.3409929	0.6661215
21.98	-6.802833	-6.757704	-0.7308104	7	-0.3353567	-0.4400663	8.387239	0.9669473	0.5835552
22	-6.713223	-6.757704	-0.2314325	7	-0.2253958	-0.4431301	12.35406	0.7990079	1.113598
22.02	-6.712362	-6.825994	-0.1540528	7	-0.1198193	-0.4627278	16.00123	5.27229	1.325632
22.04	-6.782876	-6.825994	-0.4492919	7	0.1360615	-0.2199572	16.16513	3.211222	1.99714
22.06	-6.722831	-6.825994	0.001264751	7	0.3333039	-0.08219585	19.51707	4.860076	3.120693
22.08	-6.580012	-6.825994	0.9023757	7	0.4460844	-0.1462786	24.68804	6.111985	3.49634
22.1	-6.51092	-6.757704	1.338593	7	0.671301	-0.008644206	24.45737	5.928778	3.353438
22.12	-6.479397	-6.825994	1.644626	7	0.7764767	0.02838249	26.64164	11.6387	3.625323
22.14	-6.453651	-6.825994	1.913197	7	0.9002229	0.09280604	28.49186	5.211222	4.01482
22.16	-6.685949	-6.894283	0.850023	7	1.231086	0.5292076	24.12706	9.562366	4.450147
22.18	-6.394395	-6.825994	2.610802	7	1.250067	0.4262846	33.01883	7.043282	6.36352
22.2	-6.518436	-6.825994	2.075617	7	1.580948	0.7175629	27.97879	6.829542	5.331361
22.22	-6.482991	-6.825994	2.456515	7	1.777219	0.9737591	28.48838	8.661602	6.627427
22.24	-6.480058	-6.825994	2.665607	7	1.984203	1.175174	27.91259	8.875343	6.995888
22.26	-6.407538	-6.825994	3.255414	7	2.105829	1.251652	29.75853	6.386794	7.525972
22.28	-6.897176	-7.167441	1.061728	7	2.383629	1.633907	25.96919	11.01275	7.63491
22.3	-6.812932	-7.167441	1.998238	7	2.510289	1.719865	35.58891	9.424961	10.82758
22.32	-6.852938	-7.167441	2.203717	7	2.881755	1.949436	36.3103	9.10435	10.94015
22.34	-5.102592	-5.801648	11.02438	7	3.037753	1.746092	42.11761	11.92878	11.78459
22.36	-5.530818	-6.074806	8.236029	7	3.408459	2.317722	7.395321	14.17305	2.854113
22.38	-6.98888	-7.50889	1.177223	7	2.922394	2.520553	6.591662	18.27992	5.385106
22.4	-6.887988	-6.143096	1.50223	7	3.988099	4.476594	-9.936104	-1.582671	13.24159
22.42	-5.83708	-6.484545	7.372449	7	3.177011	2.854878	23.99035	-8.910915	13.89705
22.44	-4.985581	-5.460199	11.08832	7	3.353107	2.593921	14.1715	6.585268	8.371644
22.46	-6.342652	-6.757704	3.952179	7	3.202969	2.795813	-0.7039518	23.07382	4.353126
22.48	-6.002976	-5.733358	5.326689	7	3.641349	3.932216	-5.06112	3.974581	11.94061
22.5	-6.188253	-6.143096	4.288481	7	3.685352	3.91539	-4.399747	-5.200992	11.08933
22.52	-5.872062	-6.484545	6.216619	7	2.993358	2.650286	24.96634	1.089084	12.74124
22.54	-5.117046	-5.460199	9.542976	7	3.309912	2.620418	24.05495	4.493665	11.44938
22.56	-5.270587	-5.801648	8.312296	7	3.338053	2.588747	17.90075	11.02802	8.346444
22.58	-6.074927	-6.143096	3.940765	7	3.690346	3.431816	7.006877	5.76084	9.802336
22.6	-5.403799	-5.39191	7.131866	7	4.015015	3.936018	11.91105	-1.689541	14.9886
22.62	-4.211293	-4.435854	12.45615	7	4.288482	3.962206	4.860065	0.08145128	12.35454
22.64	-4.679482	-5.050462	9.374173	7	4.147767	3.966801	-11.91495	7.699771	6.688511
22.66	-5.828379	-5.733358	3.276464	7	4.078909	4.573536	-18.19959	6.539465	9.533123
22.68	-5.068939	-5.118752	7.104212	7	3.822223	4.18456	6.517005	-8.147556	16.32482
22.7	-4.029033	-4.367564	11.76777	7	3.830729	3.522795	12.88163	-5.628473	13.09107
22.72	-4.857994	-5.050462	6.907976	7	4.004334	3.803461	-2.828948	11.97458	8.352969
22.74	-4.510778	-4.435854	8.1343	7	4.230615	4.45532	-3.065511	6.035649	13.5481
22.76	-3.930209	-4.094406	10.45791	7	4.220727	4.272157	-1.665092	-2.575037	12.64904
22.78	-3.153646	-3.411509	13.3793	7	4.20115	4.183279	-8.6645	4.478397	10.29374
22.8	-3.012946	-3.070061	12.73384	7	4.26478	4.611042	-30.42951	1.776107	6.815904
22.82	-2.71798	-2.728612	12.88789	7	3.954778	4.76005	-40.85701	-2.697175	6.728049
22.84	-2.844863	-2.387164	10.66919	7	3.948945	5.353106	-60.77493	-13.75061	5.737296
22.86	-1.54154	-2.045715	16.12025	7	2.522642	3.48021	-30.04765	-16.13229	7.282222
22.88	-1.79058	-1.977426	12.98671	7	2.01189	2.734396	-37.44828	-15.94908	0.6740394
22.9	-1.49762	-1.635977	12.73914	7	1.41311	2.259624	-28.20322	-13.5674	2.959286
22.92	-0.534541	-0.3384733	15.28651	7	1.481417	2.395702	-35.67265	-6.055953	2.569569
22.94	0.115515	0.002975464	16.2015	7	1.044138	1.906816	-40.67913	-23.39946	-1.003428
22.96	-0.2477331	0.002975464	11.9266	7	0.8340968	2.12708	-55.95289	-11.99488	-3.274211
22.98	-0.3011894	0.002975464	9.700464	7	0.3304129	1.894749	-47.11434	-22.97198	0.05946922
23	-0.7481436	-0.06531429	5.642964	7	0.360833	2.026064	-43.3938	-19.53687	1.808701
23.02	1.076966	0.9590311	13.35061	7	-0.2949998	0.5332961	-3.795994	-28.94145	6.046031
23.04	1.069603	0.9590311	11.17949	7	-0.217762	-0.009543553	-10.86893	-6.605572	-2.172902
23.06	1.656628	1.300479	12.30455	7	-0.5482359	-0.4456728	0.17224	0.2188555	-0.5137825
23.08	0.6724072	1.300479	5.200676	7	0.3496134	1.079157	-30.05116	14.14252	-2.228033
23.1	2.660286	2.597983	13.69331	7	0.03875759	0.6345126	-5.645048	-10.72771	4.980908
23.12	3.179757	2.529693	14.3565	7	-0.4952175	-0.6918792	-5.040661	-7.96435	-4.313941
23.14	2.978263	2.529693	11.32163	7	-0.8524093	-0.8721346	-10.86538	-4.727709	-6.182188
23.16	2.042245	2.802852	4.447034	7	-0.03093684	1.009309	-41.73843	6.08145	-4.015789
23.18	3.420191	4.100356	9.633938	7	0.223341	1.653879	-38.68562	-11.18572	2.78308
23.2	4.117536	4.236936	11.27137	7	-0.1108119	0.9050251	-41.13293	-24.3613	-3.091883
23.22	6.079381	5.397861	19.009	7	-1.260681	-0.8431324	-25.12298	-12.81931	-5.929125
23.24	5.787702	5.807599	14.32353	7	-1.367659	-0.5274795	-65.99791	16.50893	-15.91645
23.26	4.025868	4.714963	3.082943	7	-1.775495	0.3764674	-85.06007	-1.613205	-13.37874
23.28	5.177254	6.012467	6.988065	7	-2.259403	0.1451033	-59.29125	-16.14756	-2.823206
23.3	5.392498	6.080756	5.928898	7	-2.439947	-0.5855311	-55.15162	-29.70481	-7.427159
23.32	5.75314	6.353915	5.741605	7	-2.647142	-0.9669184	-47.03538	-35.6132	-7.054591
23.34	6.694083	6.695365	8.658565	7	-3.342977	-2.325408	-23.33526	-8.055953	-7.500572
23.36	6.694894	6.968522	6.41502	7	-3.29438	-2.462489	-30.08183	2.890611	-11.33615
23.38	6.8312	7.309972	5.027245	7	-3.165014	-2.072212	-34.37328	-3.185724	-9.862679
23.4	6.821294	7.583131	3.011167	7	-2.829568	-1.441849	-43.62543	-4.681908	-9.106038
23.42	7.678508	7.924579	5.772474	7	-3.232229	-2.128333	-27.56301	-6.956717	-7.5623
23.44	8.409011	9.017213	7.16547	7	-2.834963	-1.710759	-45.96935	-12.02542	-11.10588
23.46	8.56176	8.812345	5.983746	7	-3.279503	-2.041515	-50.91027	-15.79641	-13.73823
23.48	9.656975	9.973269	9.230955	7	-3.649184	-2.298338	-54.19992	-15.6132	-13.85533
23.5	8.152489	8.744054	-0.3714902	7	-4.015045	-2.267853	-70.85269	-16.04069	-18.88145
23.52	7.852468	8.402606	-2.87815	7	-4.816789	-2.954435	-37.25005	-21.59794	-10.02978
23.54	8.242252	9.017213	-2.096005	7	-4.64215	-3.325794	-17.50087	-27.96435	-7.399392
23.56	3.274509	4.168647	-26.34014	7	-4.594972	-3.453168	4.567875	-26.13229	-7.9059
23.58	3.598572	4.168647	-21.88387	7	-4.343177	-4.41714	119.6075	-10.01015	20.0435
23.6	3.583829	4.168647	-19.68019	7	-1.720212	-4.002037	155.2072	20.95168	20.39991
23.62	10.92867	9.63182	18.14537	7	0.3371272	-4.29549	185.3478	33.27229	22.90765
23.64	11.42977	9.085504	19.2578	7	1.679176	-3.634246	77.02362	42.49366	-15.46097
23.66	11.87134	9.085504	20.48896	7	0.3400993	-3.144526	27.05243	49.01274	-19.55666
23.68	9.931929	8.470897	9.280202	7	-0.6822417	-2.02545	-34.50398	42.69213	-24.54323
23.7	9.740913	9.358663	7.030704	7	-1.656765	-1.118038	-54.13211	26.49366	-15.95572
23.72	8.829318	9.290372	1.016392	7	-2.149976	-0.5585781	-76.89185	9.623435	-15.74029
23.74	8.483712	9.358663	-1.78957	7	-2.657894	-0.3878868	-76.0176	-9.475801	-10.98408
23.76	8.5757	9.358663	-2.147097	7	-3.263519	-1.141094	-58.94668	-27.90328	-8.84986
23.78	9.604083	9.973269	2.069698	7	-3.913664	-2.49288	-35.00568	-38.88038	-8.892959
23.8	8.789064	9.085504	-3.021281	7	-4.316655	-3.325375	-30.09242	-38.62084	-13.89023
23.82	8.624817	9.017213	-4.417859	7	-4.532548	-3.65987	-9.082823	-28.5903	-8.971608
23.84	9.014689	9.017213	-2.785833	7	-4.756487	-4.654207	20.09872	1.333359	-7.232472
23.86	9.033014	9.290372	-3.364556	7	-4.102613	-4.342924	18.60224	11.25702	-8.495803
23.88	8.082238	8.539186	-8.357445	7	-3.37458	-3.412956	11.74811	9.852443	-7.538423
23.9	8.952559	9.290372	-3.86998	7	-2.802223	-2.920551	23.19757	7.211221	-1.603295
23.92	8.707251	8.675765	-4.909523	7	-2.490594	-3.039192	22.26025	4.508932	-5.597179
23.94	8.112778	8.129447	-7.373541	7	-2.206643	-2.707546	24.41192	17.91351	-4.14014
23.96	7.866235	8.129447	-7.943898	7	-1.591852	-1.984364	24.77354	25.56236	-0.8922501
23.98	8.224717	8.470897	-5.483272	7	-0.9254908	-1.361022	22.16656	17.97458	0.6197386
24	10.36437	10.17814	5.277143	7	-0.5513954	-1.280808	13.89808	7.501297	-1.274505
24.02	8.384414	7.924579	-4.542889	7	-0.9651567	-1.486659	-15.02265	3.195955	-13.14931
24.04	8.213553	8.197738	-4.779381	7	-1.404073	-1.188299	-3.995768	21.01275	-3.71206
24.06	7.636544	8.197738	-7.354646	7	-0.9854488	-0.5187236	-14.23948	18.84481	-3.360466
24.08	7.892279	8.470897	-5.581491	7	-0.7000236	-0.07432663	-13.66445	-0.07122094	-0.3166523
24.1	7.97865	8.402606	-4.715349	7	-0.5725252	-0.050558	-16.56183	-14.4987	-1.801931
24.12	8.237841	8.402606	-2.979702	7	-0.7740013	-0.3930626	-13.32051	-14.57504	-2.59298
24.14	8.733047	8.470897	-0.1680603	7	-1.356614	-1.3621	-3.043965	8.951679	-4.497219
24.16	8.30011	8.470897	-2.535413	7	-1.270898	-1.065613	-19.76741	11.76084	-7.818139
24.18	7.1553	7.787999	-8.131258	7	-1.105814	-0.2167672	-31.67145	1.470764	-5.789352
24.2	7.175736	7.856288	-7.419529	7	-1.093132	-0.04431368	-18.6021	-4.284961	0.2195053
24.22	7.478736	7.924579	-5.34409	7	-1.04999	-0.4465584	-7.538396	-8.620839	0.1036663
24.24	7.746318	7.924579	-3.571038	7	-1.067219	-0.8664387	-1.519616	-13.30786	-1.583909
24.26	8.445154	7.787999	0.5018718	7	-1.875565	-2.4508	23.35494	5.608168	-3.225758
24.28	8.126838	7.856288	-1.232409	7	-1.763557	-2.434698	11.4669	22.44786	-7.592996
24.3	7.402224	7.787999	-5.012126	7	-1.189153	-1.111713	-10.08176	11.6387	-6.04664
24.32	6.791373	7.856288	-8.02002	7	-0.2958566	0.6971107	-32.66858	-2.926183	-2.049002
24.34	8.862687	9.290372	2.523567	7	-0.3434998	0.4799641	-22.63187	-16.5445	1.497121
24.36	8.568787	8.470897	0.7543436	7	-0.8970307	-0.4756374	-37.112	-20.91091	-9.874605
24.38	9.064281	8.402606	3.221746	7	-2.355565	-2.146591	-14.28676	-1.735343	-9.156245
24.4	8.221665	8.402606	-1.796505	7	-2.461806	-1.958687	-31.86831	20.50893	-12.74938
24.42	8.608788	9.358663	-0.7222016	7	-2.186779	-0.9803485	-43.91405	-0.620839	-8.245245
24.44	7.481843	8.402606	-6.910898	7	-2.116981	-0.482127	-57.56904	-19.67427	-9.924533
24.46	8.370274	8.470897	-2.159326	7	-3.18277	-2.083086	-13.56839	-36.04069	-3.687781
24.48	7.711477	7.583131	-5.399423	7	-3.738831	-3.593539	7.417971	-39.43	-8.540545
24.5	7.56416	7.583131	-5.956499	7	-3.702523	-3.922114	28.39774	-34.25443	-4.854604
24.52	9.495206	7.583131	4.586124	7	-5.315823	-7.570199	104.9178	6.127252	-3.455122
24.54	9.296365	7.924579	2.848754	7	-4.793718	-7.922069	91.07507	20.26465	-14.0328
24.56	8.014888	7.241681	-3.949519	7	-4.003983	-6.377436	70.09382	17.07382	-12.38161
24.58	7.508571	7.241681	-6.256318	7	-3.072459	-4.74542	63.8554	17.62343	-4.909538
24.6	8.192541	7.583131	-2.245193	7	-2.575524	-4.463888	73.50053	2.050916	-1.513079
24.62	9.240125	8.470897	3.014543	7	-1.945292	-4.096849	60.58021	-16.3613	-4.921443
24.64	8.726529	7.924579	0.3297486	7	-1.698622	-3.498596	33.28955	-21.90328	-10.57192
24.66	9.768831	8.744054	5.501111	7	-2.125208	-3.636518	32.84191	-8.162824	-8.356256
24.68	6.243496	6.422206	-12.28208	7	-1.584337	-1.932179	-14.74458	27.5929	-14.65655
24.7	7.550727	7.51484	-4.519403	7	-2.019916	-1.985048	30.43298	12.55473	3.964968
24.72	7.114794	7.036813	-6.152062	7	-1.657737	-2.395507	28.46073	-3.231526	-3.135536
24.74	6.810044	6.490495	-6.671027	7	-1.643872	-2.567532	42.20234	-11.10939	-0.8105049
24.76	7.283338	6.353915	-3.064302	7	-2.00056	-3.717383	72.09176	5.577634	0.6199379
24.78	7.538229	6.968522	-1.377072	7	-1.277189	-3.236266	60.14007	32.34099	-2.295477
24.8	7.49367	7.378261	-1.530145	7	-0.2484501	-1.566597	26.16391	24.98221	-3.65626
24.82	7.63609	7.583131	-0.6336502	7	0.1963914	-0.3981018	0.949478	22.93641	-3.518705
24.84	7.759494	7.583131	0.2040482	7	0.005407989	-0.1693965	-13.05406	8.966946	-4.831017
24.86	6.168477	6.080756	-7.145658	7	-0.559468	-0.3330352	-17.63778	-6.239159	-6.37003
24.88	6.04336	6.080756	-6.70745	7	-1.036837	-0.7698508	8.652302	-4.315495	1.263173
24.9	4.914505	5.124701	-11.21121	7	-0.8990763	-0.9899671	21.53666	-7.36893	1.582061
24.92	6.977504	6.422206	0.3847246	7	-1.114292	-2.223311	64.62143	8.203588	7.640945
24.94	5.743689	5.739308	-5.615612	7	0.02395005	-1.240076	26.48617	19.92878	-3.492858
24.96	6.126235	5.739308	-2.656194	7	0.01640332	-0.9276285	37.31205	22.86007	3.188293
24.98	5.745764	6.080756	-4.224896	7	1.059876	0.5485449	5.773122	13.83718	0.6935072
25	6.023203	6.080756	-2.088259	7	1.189049	1.044281	-0.2443554	-3.399465	2.655554
25.02	5.865026	5.124701	-1.729148	7	0.2288953	-0.3967875	19.48501	4.570001	0.5470066
25.04	5.298216	5.19299	-3.959715	7	0.3826728	-0.109155	12.84885	8.585267	0.2623072
25.06	5.191255	5.056413	-3.645897	7	0.3787409	-0.05089024	19.46327	0.1272524	2.959421
25.08	5.109122	5.124701	-3.374519	7	0.6978847	0.2624032	16.62748	-0.1475568	3.212954
25.1	5.477317	5.124701	-0.7358904	7	0.5807791	-0.1008079	25.04679	1.134886	3.48174
25.12	5.359366	5.124701	-0.8846899	7	0.768689	0.06805517	16.19287	5.012748	1.075306
25.14	5.469053	5.19299	0.1124557	7	0.7555426	0.1912955	12.9052	4.188321	1.369661
25.16	5.325678	5.19299	-0.3290362	7	0.8382457	0.4775884	3.234675	6.371526	0.3679876
25.18	6.116438	6.012467	3.629593	7	0.8715894	0.7009037	-4.406378	-1.017786	0.7862549
25.2	6.256119	6.080756	3.985577	7	0.6684306	0.6719911	-21.21797	0.08145128	-3.775867
25.22	6.15309	6.080756	3.045757	7	0.229661	0.6637775	-32.49937	-1.139923	-5.045932
25.24	5.809807	6.080756	0.8152232	7	-0.07276797	0.8541856	-42.71728	-2.498701	-4.976156
25.26	5.697673	6.149047	-0.1693347	7	-0.3811105	0.8544092	-43.23215	-12.04069	-3.320578
25.28	6.656182	7.036813	3.960673	7	-0.6695816	0.4804555	-39.22486	-21.33839	-2.688148
25.3	5.471327	5.739308	-2.495356	7	-1.197635	-0.1059497	-41.95281	-28.60557	-7.663841
25.32	5.658994	5.807599	-1.561279	7	-1.887743	-0.9737276	-11.05327	-4.117022	-1.320454
25.34	5.02949	5.807599	-5.147847	7	-1.286929	-0.448982	-16.63164	-2.834579	-2.009744
25.36	5.155163	5.739308	-4.39753	7	-1.011821	-0.2944754	-2.617002	-10.80404	2.313296
25.38	5.520974	5.67102	-2.294409	7	-0.9316828	-0.8384868	14.28966	-9.979618	2.354115
25.4	5.537008	5.739308	-2.17465	7	-0.4499204	-0.6104048	11.71141	13.92878	0.8326864
25.42	5.659862	5.807599	-1.445855	7	-0.06914921	-0.222454	8.499308	15.5013	1.192918
25.44	6.985263	6.968522	4.933687	7	0.2184793	-0.01651696	2.118629	15.36389	0.7753563
25.46	6.388212	6.080756	1.626929	7	-0.07883963	-0.2757766	-13.73613	13.5013	-6.278483
25.48	5.909385	6.080756	-0.9932677	7	-0.1735183	0.276831	-22.44745	11.89824	-3.563528
25.5	6.379771	6.968522	0.899641	7	0.1240578	1.023276	-33.7252	-1.475801	-1.102067
25.52	5.438715	5.807599	-3.846603	7	-0.2074266	0.8000628	-35.7816	-14.11702	-3.405055
25.54	6.482455	6.763654	1.377089	7	-0.5346566	0.323082	-17.34145	-20.05595	1.464252
25.56	6.67037	6.695365	1.903769	7	-0.7978796	-0.4118524	-17.72741	-0.9872517	-4.024309
25.58	6.693528	6.695365	1.545899	7	-1.106335	-0.7191751	-17.51228	-0.8956482	-5.041823
25.6	6.165698	6.763654	-1.790861	7	-0.7715681	0.09922969	-34.45712	3.150153	-5.132923
25.62	6.282882	6.558785	-1.303844	7	-1.152522	-0.2722365	-20.19211	-6.407098	-1.884568
25.64	6.049692	6.422206	-2.663502	7	-1.166173	-0.4776524	-15.45123	-12.16282	-2.363472
25.66	6.439357	6.422206	-0.6422076	7	-1.503446	-1.260592	5.207496	-4.956717	-0.7553024
25.68	6.497604	6.763654	-0.7506547	7	-1.085767	-0.9864591	-1.679966	-0.1780908	-2.61268
25.7	6.757427	6.695365	0.4067576	7	-1.177032	-1.211507	3.904978	2.234122	-2.41138
25.72	5.526646	5.739308	-5.74849	7	-0.9912727	-0.8650041	-2.30605	-0.9109158	-3.646567
25.74	5.563224	5.739308	-4.968521	7	-0.9445983	-0.8521544	18.71109	0.1883211	3.202361
25.76	5.671999	5.807599	-3.941998	7	-0.500293	-0.8495042	26.63268	-1.918549	3.365178
25.78	5.81977	5.67102	-2.612752	7	-0.2124382	-0.9339859	33.88054	9.287557	3.19416
25.8	5.784482	5.807599	-2.412221	7	0.4322975	-0.2692468	24.18454	19.42496	2.535372
25.82	5.756114	5.807599	-2.105634	7	0.9224175	0.440938	13.90708	19.31809	2.860154
25.84	5.8525	5.807599	-1.105866	7	1.113573	0.7621382	8.243139	18.87534	2.912362
25.86	5.889252	5.739308	-0.4326664	7	1.079039	0.7737007	4.706392	10.02038	2.057374
25.88	5.774665	5.739308	-0.6578138	7	1.106751	0.9791983	-2.752324	11.47076	1.383042
25.9	6.666499	6.763654	3.733481	7	1.268009	1.372291	-14.2677	-1.307862	1.588378
25.92	6.548455	6.490495	2.872128	7	0.9781953	1.281066	-31.16704	0.722672	-3.492723
25.94	6.480232	6.422206	2.324279	7	0.3381431	0.9636153	-33.43208	-1.414732	-3.495305
25.96	5.779999	6.012467	-1.396926	7	-0.09020132	0.8196793	-35.92872	-7.200991	-3.702171
25.98	5.680232	6.012467	-1.886051	7	-0.4520205	0.5143235	-23.09807	-15.97962	-0.1632538
26	6.285166	6.695365	0.8465774	7	-0.3842133	0.3658986	-18.32735	-23.87275	0.4723883
26.02	7.196159	6.763654	5.165128	7	-1.136566	-1.124884	0.8493023	-9.765878	-2.402465
26.04	6.60182	6.422206	1.477769	7	-1.300224	-1.36452	-8.887518	11.11962	-7.432886
26.06	6.153491	6.490495	-1.333124	7	-1.098084	-0.6137598	-16.01852	-2.590305	-4.10789
26.08	6.79997	7.378261	1.257643	7	-0.6693794	0.0835045	-22.14386	-10.48343	-1.20634
26.1	5.735028	6.149047	-4.308427	7	-0.7230504	0.09785129	-27.11355	-16.37656	-4.05446
26.12	7.227831	7.036813	3.304904	7	-1.397463	-1.112243	8.800739	-16.04069	1.832747
26.14	7.461648	7.583131	3.495814	7	-0.9745204	-1.002192	-12.26769	1.134886	-6.05736
26.16	6.387234	6.695365	-2.460933	7	-0.9110773	-0.3360459	-28.44103	-2.742976	-6.905715
26.18	5.887694	6.695365	-5.128745	7	-0.6252582	0.5667414	-30.37671	10.38679	-0.9878693
26.2	6.119118	6.695365	-3.755743	7	-0.6206657	0.3633138	-15.09678	2.203588	2.176731
26.22	6.661381	6.763654	-0.8275084	7	-0.8112882	-0.5001619	2.4868	-11.00252	1.284882
26.24	6.596116	6.695365	-1.225558	7	-0.6683161	-0.650111	1.188842	-9.04832	-1.476083
26.26	6.05687	6.695365	-4.110215	7	0.02817643	0.511989	-16.96325	22.81428	-0.9399729
26.28	7.428027	7.583131	2.809895	7	-0.03826639	0.3298909	-6.72474	15.62344	2.347133
26.3	7.065633	6.968522	0.7359822	7	-0.275287	-0.1652328	-16.99325	1.715039	-5.025541
26.32	7.010303	7.036813	0.2877645	7	-0.5744995	-0.1998142	-16.7191	4.478397	-3.426113
26.34	6.515939	7.036813	-2.531852	7	-0.3393456	0.431622	-29.51796	6.783741	-3.303405
26.36	7.37873	7.924579	1.427536	7	-0.2178566	0.7543766	-31.12445	-5.26206	-0.4756126
26.38	7.313903	7.583131	0.6635391	7	-0.494174	0.3712553	-37.34864	-10.25443	-4.925261
26.4	6.743856	6.695365	-2.150395	7	-1.357814	-0.6272621	-20.95406	-9.277328	-4.757211
26.42	6.216733	6.695365	-4.85174	7	-1.31475	-0.5330691	-14.27947	0.1119852	-1.992799
26.44	6.040938	6.627074	-5.554431	7	-1.022247	-0.3391739	-4.306299	-4.620839	1.2654
26.46	6.38147	6.695365	-3.499281	7	-0.8069673	-0.5660566	10.06626	-7.094121	2.785163
26.48	6.788957	6.695365	-1.135944	7	-0.7415067	-1.085114	21.26207	0.9058781	1.374047
26.5	6.932785	6.695365	-0.2631042	7	-0.6078551	-1.24709	21.89703	10.58527	-0.6670504
26.52	7.594722	7.583131	2.738736	7	-0.1051763	-0.5705789	6.393307	17.86771	-1.40914
26.54	7.519826	7.51484	1.931726	7	0.06603865	-0.01884471	-15.9325	10.12725	-4.848616
26.56	6.860699	6.968522	-1.500783	7	-0.1653991	0.2862406	-25.91682	2.142519	-4.699075
26.58	7.374191	7.583131	0.943628	7	-0.3993403	0.2525483	-21.93317	-4.727709	-1.52762
26.6	7.353433	7.583131	0.4545448	7	-0.544155	0.09650939	-28.72294	-10.89565	-4.405634
26.62	6.51511	6.695365	-3.741156	7	-0.9988956	-0.2536354	-23.5473	-14.4987	-4.401914
26.64	6.28909	6.627074	-4.619273	7	-1.172662	-0.4855946	-6.793687	-3.063587	-0.0564661
26.66	6.220395	6.695365	-4.756479	7	-0.845473	-0.4004467	0.8297958	-4.223893	1.408172
26.68	6.454271	6.695365	-3.238958	7	-0.6114429	-0.5167184	10.70774	-7.246793	2.266052
26.7	6.484528	6.695365	-2.843869	7	-0.2095504	-0.3074623	9.078341	9.745572	1.315463
26.72	6.385489	6.695365	-3.103438	7	0.2708672	0.2949375	0.9078074	14.29519	1.360689
26.74	6.554345	6.763654	-1.913366	7	0.4954951	0.5917233	-1.888568	15.69977	1.995892
26.76	7.56544	7.583131	3.170235	7	0.5666735	0.566052	-6.339234	13.16542	0.9712448
26.78	7.676858	7.583131	3.351985	7	0.4095444	0.5107933	-24.80193	11.82191	-4.732213
26.8	7.343503	7.583131	1.175368	7	0.2312518	0.9837856	-44.43842	5.684504	-5.87958
26.82	6.559948	6.763654	-2.747332	7	-0.4871237	0.6022578	-39.28599	-5.765877	-4.5193
26.84	6.135456	6.627074	-4.714694	7	-0.7948424	0.3519515	-25.86433	-13.27733	-0.7578239
26.86	7.744076	8.197738	3.032568	7	-0.6630453	0.1098152	-15.59326	-21.32313	1.627503
26.88	6.074314	6.353915	-5.529582	7	-0.7862293	-0.1631338	-27.6881	-21.85748	-6.595469
26.9	5.447002	6.422206	-8.387953	7	-0.3661569	0.8980802	-23.091	11.80664	2.292053
26.92	5.351065	6.353915	-8.256949	7	0.185342	1.321552	-13.09973	6.829542	6.211527
26.94	7.287895	7.241681	2.129805	7	-0.0629992	-0.01560789	19.0094	-5.704808	7.272917
26.96	8.008888	7.309972	5.61065	7	-0.3855837	-1.311016	17.43593	15.5471	-3.152884
26.98	6.262199	6.422206	-3.586114	7	0.0536394	-0.03624913	-19.56323	34.53946	-7.47908
27	5.07555	6.422206	-9.450356	7	1.053392	2.499616	-44.22595	14.4326	1.776845
27.02	6.771582	7.241681	-0.1818147	7	0.7470363	1.820004	-13.80313	-10.86511	8.595619
27.04	7.026486	7.036813	1.169029	7	0.5119573	0.7880786	-16.58802	-19.39946	-0.6604033
27.06	7.512555	6.968522	3.718866	7	-0.3869209	-0.4861332	-2.496752	-10.33076	-2.468072
27.08	8.113391	8.402606	5.624974	7	0.06742498	0.4007266	-34.15583	21.74557	-5.744892
27.1	6.737353	7.51484	-2.201759	7	0.2648419	1.699103	-72.33713	5.028016	-8.877474
27.12	6.724802	6.831944	-1.927907	7	-1.102004	0.3951624	-35.96448	-13.12465	-1.630926
27.14	7.92829	8.197738	3.559695	7	-1.385416	-0.5049876	-22.27155	-25.53687	-2.035718
27.16	6.881516	7.241681	-2.396417	7	-1.454586	-0.636876	-34.27618	-32.68191	-8.181062
27.18	7.590212	7.924579	0.7569605	7	-1.699281	-0.797604	-18.93682	-34.83458	-2.335409
27.2	7.774817	7.856288	1.100374	7	-1.940256	-1.486839	-13.79007	-30.39183	-5.739201
27.22	7.958737	7.856288	1.467657	7	-2.292158	-2.084816	-5.288552	10.57	-6.44912
27.24	7.622609	7.856288	-0.9426945	7	-2.128206	-1.801979	-12.06183	13.33336	-7.187776
27.26	7.359521	7.856288	-2.778278	7	-1.825885	-1.192792	-16.30347	-0.5139687	-4.871202
27.28	8.142261	8.402606	0.7596855	7	-1.79891	-1.32447	-8.077547	-5.979617	-2.870947
27.3	8.312254	8.402606	1.009091	7	-1.813824	-1.570057	-12.72391	-7.384197	-6.663286
27.32	9.573061	9.358663	6.489857	7	-2.143781	-2.072193	-10.27163	-1.033053	-7.382807
27.34	7.736926	7.856288	-3.579776	7	-2.300076	-1.85226	-33.19205	8.157786	-14.11377
27.36	7.360032	7.856288	-5.55047	7	-2.492173	-1.478309	-17.08825	1.348626	-4.268941
27.38	7.39805	7.924579	-5.337243	7	-2.315304	-1.640328	-2.147477	-4.315495	-1.803251
27.4	7.453128	7.856288	-4.957636	7	-1.981208	-1.701709	7.137439	-8.361297	-1.360229
27.42	7.800858	7.856288	-2.97113	7	-1.834099	-2.021493	19.35579	-9.826946	-1.0942
27.44	7.473296	7.309972	-4.254656	7	-1.748991	-2.310832	26.16936	12.82954	-2.664064
27.46	6.028314	6.422206	-10.89023	7	-1.027539	-1.272829	19.07146	20.57	-0.8118839
27.48	6.917232	7.241681	-5.437812	7	-0.3768731	-0.6949171	35.48668	15.47076	7.310359
27.5	7.456082	7.583131	-2.223317	7	0.437364	-0.2709807	23.18865	16.63107	2.899343
27.52	7.995108	7.583131	1.012491	7	0.4266188	-0.4186625	17.84554	14.79901	-0.02196598
27.54	7.825575	7.583131	0.3172162	7	0.4921692	-0.04064259	-2.59578	28.44786	-3.621611
27.56	7.565569	7.51484	-0.8077785	7	0.3529485	0.3744594	-15.98344	19.48603	-3.435987
27.58	7.289917	7.51484	-2.04534	7	0.2512547	0.7452645	-26.13589	4.249389	-2.739647
27.6	6.427216	6.695365	-5.856306	7	-0.1029108	0.6207498	-23.08252	-11.3842	-1.774379
27.62	8.763811	9.017213	5.728916	7	-0.08808097	0.4330317	-14.21853	-18.89565	2.375376
27.64	7.250466	7.241681	-2.227226	7	-0.452642	-0.04892332	-38.34709	-19.00252	-10.22442
27.66	7.284933	7.241681	-1.765688	7	-1.31509	-0.6208425	-15.38817	6.783741	-2.771904
27.68	6.56698	7.309972	-5.592467	7	-0.8588648	0.03579742	-27.28583	6.493665	-3.334006
27.7	7.609887	7.924579	-0.241852	7	-1.01355	-0.3275866	-9.588854	-8.422365	0.9114981
27.72	6.725309	7.036813	-4.724181	7	-0.9486537	-0.4904521	-16.88126	-14.07122	-4.550771
27.74	6.884653	6.968522	-3.466876	7	-1.266704	-0.9429287	4.555471	-12.37656	0.2191038
27.76	6.092994	6.968522	-7.444683	7	-0.2982044	0.2781379	-14.57926	11.79137	-0.6176147
27.78	6.324955	7.036813	-5.726562	7	0.1356781	0.8750067	-9.412554	5.119618	4.195992
27.8	7.024167	6.968522	-1.492239	7	-0.1535302	-0.1198685	9.849256	-0.7429764	3.162402
27.82	7.211914	6.968522	-0.2386625	7	-0.2573811	-0.6800172	11.07251	12.67687	-0.908411
27.84	7.862936	7.856288	2.773808	7	0.03388571	-0.2103943	-4.326531	19.05855	-2.253118
27.86	6.92715	7.241681	-2.230147	7	0.265986	0.6725163	-33.30875	13.7303	-5.910109
27.88	8.61487	8.812345	5.871228	7	0.004337966	0.7583516	-32.30424	-0.5292363	-1.215033
27.9	7.721777	7.856288	0.6860449	7	-0.4675463	0.403376	-55.23237	-9.628472	-10.60189
27.92	6.562427	7.036813	-5.228601	7	-1.134716	0.3892803	-50.77515	-14.72771	-6.428321
27.94	6.27861	7.036813	-6.45756	7	-1.387087	0.1611432	-30.87923	-18.37656	-0.4757853
27.96	7.889217	8.402606	1.422301	7	-1.320987	-0.4284626	-12.96574	-23.99488	1.375122
27.98	7.335623	7.583131	-1.808809	7	-1.322631	-0.8279161	-23.08845	-20.91091	-6.768961
28	7.495905	8.470897	-1.720226	7	-0.6304774	0.5870487	-44.03059	19.97458	-3.721161
28.02	6.02846	6.900233	-8.987424	7	-0.686757	0.9012633	-48.64254	16.47839	-4.068301
28.04	6.481474	6.968522	-5.912252	7	-1.209475	-0.001021773	-9.578819	-4.483434	3.815469
28.06	6.6733	7.036813	-4.560737	7	-1.066622	-0.6829629	4.505577	-11.39946	1.484284
28.08	8.243324	8.402606	3.137047	7	-0.6830141	-0.7524505	5.757874	-3.170457	0.7692709
28.1	6.835973	6.968522	-4.124997	7	-0.5203219	-0.4469669	-18.83846	27.30282	-7.396256
28.12	6.925252	7.036813	-3.225074	7	-0.8402614	-0.4435306	-3.009277	19.7761	-0.09125137
28.14	6.577167	6.968522	-4.759325	7	-0.5435453	-0.2129463	-5.838627	4.692137	-0.7254906
28.16	8.303954	8.402606	3.842972	7	-0.4240252	-0.342193	0.2580738	-7.903282	1.284116
28.18	7.796409	7.583131	0.9352306	7	-0.6573575	-0.7608219	-16.916	-9.58267	-7.957054
28.2	7.597117	7.65142	-0.3074176	7	-0.9356625	-0.5337385	-21.6331	7.486031	-5.728585
28.22	6.910475	7.583131	-4.100596	7	-0.6535696	0.3326249	-37.79314	2.157787	-4.920675
28.24	7.340179	7.583131	-1.744424	7	-1.150714	-0.275196	-18.28636	-12.72771	-1.097346
28.26	7.84942	8.197738	0.4281749	7	-1.070228	-0.4621003	-21.21293	-18.92618	-3.514711
28.28	7.177472	7.241681	-3.012799	7	-1.49368	-0.9964252	-17.92196	-18.07122	-6.100273
28.3	7.366096	7.309972	-1.904258	7	-1.960354	-1.701263	3.440495	2.707405	-2.67186
28.32	7.090222	7.309972	-3.415443	7	-1.703394	-1.620248	2.993137	1.928779	-3.632512
28.34	7.308801	7.378261	-2.232613	7	-1.605597	-1.670472	11.52084	-0.9872517	-1.75699
28.36	6.901152	7.309972	-4.365819	7	-0.9835286	-0.9116876	-0.8655176	2.661603	-2.654853
28.38	7.137822	7.309972	-2.876874	7	-0.8575526	-0.7782945	5.297588	-1.75061	-0.08109856
28.4	7.451861	7.309972	-1.023387	7	-0.9440643	-1.219119	12.22885	3.333358	-1.278934
28.42	7.466904	7.309972	-0.8625689	7	-0.9082808	-1.297172	9.461097	3.379161	-3.099245
28.44	7.324096	7.309972	-1.55365	7	-0.7727829	-0.9847971	2.495437	8.89061	-3.315921
28.46	7.070301	7.241681	-2.752183	7	-0.582535	-0.5142726	-4.946693	7.592901	-2.643019
28.48	7.159394	7.378261	-2.162838	7	-0.4661143	-0.2375773	-7.255847	-1.842213	-1.339809
28.5	7.389735	7.378261	-0.8282378	7	-0.6421858	-0.547033	-3.601137	-1.521603	-1.896544
28.52	7.252439	7.309972	-1.497694	7	-0.6803281	-0.5726473	-7.826594	0.5852678	-3.382548
28.54	7.377315	7.378261	-0.8104959	7	-0.8520158	-0.7221693	-5.368523	0.9974816	-2.826063
28.56	7.163461	7.309972	-1.94183	7	-0.8278843	-0.6109607	-10.31113	-0.6971748	-3.67611
28.58	7.136804	7.241681	-1.987976	7	-0.9531438	-0.6937242	-6.742582	-0.7429764	-2.593309
28.6	7.059729	7.309972	-2.387635	7	-0.8396509	-0.5336722	-9.228287	-0.2696943	-2.528499
28.62	7.18662	7.309972	-1.664883	7	-0.9110613	-0.6689278	-5.362809	-1.109389	-2.056543
28.64	7.112775	7.309972	-2.056093	7	-0.8264002	-0.5856525	-8.338402	0.4936643	-2.776321
28.66	7.223335	7.309972	-1.434159	7	-0.9191129	-0.7186496	-5.094258	0.005114958	-2.365376
28.68	7.152966	7.309972	-1.819748	7	-0.8720046	-0.665398	-7.719769	0.06618368	-3.025465
28.7	7.175983	7.309972	-1.6844	7	-0.9014776	-0.6693261	-7.03217	0.005114958	-2.654765
28.72	7.187982	7.309972	-1.619344	7	-0.9301203	-0.7189565	-6.644766	-0.08648812	-2.811533
28.74	7.191273	7.309972	-1.608483	7	-0.9546824	-0.7526692	-6.432471	0.005114958	-2.905833
28.76	7.141245	7.309972	-1.886794	7	-0.9214017	-0.6818602	-7.91801	-0.1475568	-2.945837
28.78	7.121811	7.241681	-1.937239	7	-0.9786667	-0.7542105	-5.841279	0.1425196	-2.667966
28.8	7.14416	7.309972	-1.829366	7	-0.9349149	-0.7165137	-6.141052	-0.2086256	-2.590628
28.82	7.162065	7.309972	-1.738327	7	-0.9169357	-0.7051476	-6.414474	0.1730539	-2.680181
28.84	7.097505	7.241681	-2.038342	7	-0.9174602	-0.7000037	-6.602159	-0.07122094	-2.77618
28.86	7.101578	7.241681	-1.968771	7	-0.9243419	-0.7128299	-5.393554	0.02038214	-2.446215
28.88	7.16685	7.309972	-1.630056	7	-0.8941288	-0.7044587	-5.455585	-0.0254194	-2.475395
28.9	7.198155	7.309972	-1.475611	7	-0.8998448	-0.7279444	-5.961175	0.03564932	-2.821348
28.92	7.195423	7.309972	-1.507047	7	-0.9134023	-0.7259092	-6.870599	-0.07122094	-3.022952
28.94	7.193226	7.309972	-1.535124	7	-0.943115	-0.7361888	-7.185461	-0.0254194	-3.046576
28.96	7.183669	7.309972	-1.605376	7	-0.9691737	-0.7485285	-7.374669	-0.2391599	-3.070918
28.98	7.131649	7.309972	-1.903036	7	-0.9433857	-0.6771414	-8.79691	0.02038214	-3.04225
29	7.145416	7.309972	-1.832697	7	-0.9606152	-0.6833724	-8.056229	0.03564932	-2.752005
29.02	7.150857	7.309972	-1.811877	7	-0.9691222	-0.7097567	-7.702949	0.02038214	-2.828096
29.04	7.148942	7.309972	-1.831561	7	-0.9687499	-0.7144018	-7.649364	-0.01015222	-2.85624
29.06	7.115878	7.309972	-2.015799	7	-0.9319394	-0.6515841	-8.687564	-0.04068658	-2.841493
29.08	7.159096	7.309972	-1.778738	7	-0.9621035	-0.7006015	-7.281016	0.005114958	-2.644615
29.1	7.130095	7.309972	-1.941328	7	-0.9333685	-0.6710944	-8.32439	-0.04068658	-2.889782
29.12	7.173943	7.309972	-1.703186	7	-0.9724409	-0.7289956	-6.928485	0.03564932	-2.725586
29.14	7.149007	7.309972	-1.847813	7	-0.9572541	-0.7161669	-7.786283	-0.07122094	-2.983058
29.16	7.21438	7.378261	-1.549275	7	-0.94732	-0.6909881	-8.165127	-0.0254194	-2.848481
29.18	7.113113	7.309972	-2.093221	7	-0.9201197	-0.6211123	-10.40204	-0.05595376	-3.199064
29.2	7.137751	7.309972	-1.942576	7	-0.9629387	-0.6507717	-8.730009	-0.07122094	-2.661453
29.22	7.117222	7.309972	-2.048645	7	-0.9501471	-0.6513695	-8.940002	-0.05595376	-2.812435
29.24	7.123781	7.309972	-2.0048	7	-0.9482718	-0.6529247	-8.51255	-0.0254194	-2.694117
29.26	7.168142	7.309972	-1.761034	7	-0.9854317	-0.7345927	-7.016861	0.005114958	-2.726714
29.28	7.071521	7.241681	-2.237848	7	-0.9713322	-0.7205107	-7.666795	-0.08648812	-2.983698
29.3	7.150329	7.309972	-1.813742	7	-0.9707786	-0.7270195	-6.186575	-0.0254194	-2.463386
29.32	7.116734	7.309972	-2.003115	7	-0.9054258	-0.6547122	-8.276333	-0.07122094	-2.876622
29.34	7.145842	7.309972	-1.837707	7	-0.912953	-0.6484457	-8.00708	0.03564932	-2.679765
29.36	7.084664	7.241681	-2.114258	7	-0.9315944	-0.6736126	-7.931248	-0.1170225	-2.859485
29.38	7.195455	7.378261	-1.570323	7	-0.9017456	-0.6325619	-8.182861	-0.05595376	-2.562965
29.4	7.098666	7.241681	-2.043176	7	-0.9395275	-0.6841859	-8.677623	-0.01015222	-3.151974
29.42	7.069046	7.241681	-2.156384	7	-0.953196	-0.6732271	-7.82778	-0.07122094	-2.685043
29.44	7.129084	7.309972	-1.843933	7	-0.9309555	-0.665041	-7.482917	-0.01015222	-2.535458
29.46	7.188916	7.309972	-1.536347	7	-0.9670726	-0.7512894	-6.680626	0.1119852	-2.845951
29.48	7.144445	7.309972	-1.800711	7	-0.9403441	-0.6973472	-8.764568	-0.1322897	-3.201306
29.5	7.188918	7.309972	-1.573194	7	-1.003124	-0.7606729	-7.436217	0.005114958	-2.97103
29.52	7.197032	7.378261	-1.605835	7	-0.9667193	-0.6976038	-9.623498	-0.1475568	-3.249837
29.54	7.069545	7.241681	-2.248625	7	-1.002971	-0.6952009	-9.897495	0.0509165	-3.282598
29.56	7.07741	7.309972	-2.209476	7	-0.9686199	-0.6199402	-9.648819	-0.1322897	-2.623929
29.58	7.067611	7.241681	-2.210589	7	-1.001038	-0.7036554	-7.655985	0.02038214	-2.625407
29.6	7.064061	7.241681	-2.191392	7	-0.9885583	-0.7283076	-6.613716	-0.1322897	-2.576675
29.62	7.153226	7.309972	-1.728081	7	-0.968109	-0.7472001	-5.888774	0.0509165	-2.538425
29.64	7.22733	7.378261	-1.401379	7	-0.9321102	-0.722403	-7.605132	-0.1170225	-3.003889
29.66	7.16126	7.309972	-1.769021	7	-0.94394	-0.6933733	-9.573456	0.03564932	-3.408779
29.68	7.163493	7.309972	-1.761185	7	-0.9970251	-0.7164181	-8.949181	-0.04068658	-3.100161
29.7	7.060607	7.241681	-2.277006	7	-1.00925	-0.7108213	-9.205343	-0.1933584	-3.151487
29.72	7.114608	7.309972	-1.994265	7	-1.000517	-0.697214	-8.048577	-0.01015222	-2.605338
29.74	7.118171	7.309972	-1.986934	7	-0.9732805	-0.6902568	-8.553364	-0.04068658	-2.869586
29.76	7.141392	7.309972	-1.867886	7	-0.9813995	-0.7073596	-8.241799	0.03564932	-2.873839
29.78	7.133381	7.309972	-1.920176	7	-0.9750743	-0.698159	-8.787986	-0.1322897	-3.00772
29.8	7.03971	7.241681	-2.37801	7	-0.9611909	-0.6519035	-9.450729	-0.0254194	-2.9708
29.82	7.126976	7.309972	-1.906508	7	-0.970172	-0.6743366	-7.757446	-0.1170225	-2.469387
29.84	7.119555	7.309972	-1.957383	7	-0.9382888	-0.6605232	-8.980765	-0.07122094	-2.935283
29.86	7.153818	7.309972	-1.776265	7	-0.9678553	-0.6950623	-8.43926	-0.04068658	-2.895442
29.88	7.047172	7.241681	-2.310852	7	-0.9545287	-0.6555972	-9.681622	-0.05595376	-3.110904
29.9	7.040421	7.241681	-2.297868	7	-0.956699	-0.6384007	-8.519686	0.005114958	-2.549239
29.92	7.138078	7.309972	-1.782403	7	-0.9573622	-0.6880181	-7.32172	-0.0254194	-2.511125
29.94	7.071349	7.241681	-2.111739	7	-0.9458033	-0.6897187	-8.395492	-0.01015222	-3.036699
29.96	7.076002	7.241681	-2.051216	7	-0.9593018	-0.6924541	-7.552059	-0.1475568	-2.696984
29.98	7.154087	7.309972	-1.655607	7	-0.9570515	-0.7155153	-7.274363	-0.07122094	-2.738891
30	7.082308	7.241681	-2.02106	7	-0.9556401	-0.7071626	-8.513817	0.005114958	-3.16832
30.02	7.15476	7.309972	-1.655258	7	-0.973504	-0.7126603	-7.869863	-0.04068658	-2.809423
30.04	7.213458	7.378261	-1.422625	7	-0.9608431	-0.6987587	-9.51013	-0.0254194	-3.215671
30.06	7.140124	7.309972	-1.841068	7	-0.9867404	-0.6811697	-11.17134	-0.0254194	-3.544657
30.08	7.058606	7.241681	-2.244267	7	-1.039997	-0.6972739	-10.32845	0.005114958	-3.189239
30.1	7.156604	7.378261	-1.787323	7	-1.0158	-0.6691218	-9.93886	-0.1322897	-2.772293
30.12	7.020068	7.241681	-2.487283	7	-1.00392	-0.6526247	-11.10528	-0.0254194	-3.257029
30.14	7.034566	7.241681	-2.361043	7	-1.02861	-0.6804685	-8.55051	-0.01015222	-2.516522
30.16	7.01721	7.241681	-2.420036	7	-0.982677	-0.6688281	-8.24937	0.005114958	-2.578316
30.18	7.13365	7.309972	-1.805924	7	-0.9728431	-0.7077386	-6.875857	-0.05595376	-2.44456
30.2	7.136063	7.309972	-1.816314	7	-0.9397628	-0.6915235	-8.597627	-0.07122094	-3.060307
30.22	7.183326	7.309972	-1.577158	7	-0.9924602	-0.74914	-8.020203	-0.07122094	-3.084408
30.24	7.152993	7.309972	-1.768297	7	-1.001878	-0.7399781	-9.357389	-0.1780908	-3.39105
30.26	7.079123	7.241681	-2.136273	-7	-1.040987	-0.7500986	-10.96577	-0.04068658	-3.761327
30.28	7.07197	7.241681	-2.148046	-7	-1.103074	-0.7817203	-12.14575	-0.01015222	-3.958527
30.3	7.122427	7.309972	-1.915456	-7	-1.16023	-0.8022313	-14.9993	-0.3918317	-4.550917
30.32	7.020326	7.241681	-2.463119	-7	-1.248236	-0.7987809	-19.55061	-0.5139687	-5.482203
30.34	7.034708	7.309972	-2.437288	-7	-1.35938	-0.786773	-22.95395	-2.269694	-5.642816
30.36	6.968335	7.309972	-2.858811	-7	-1.468514	-0.7720188	-27.99646	-4.865114	-6.427746
30.38	6.943235	7.309972	-3.059887	-7	-1.65212	-0.8423135	-30.71029	-7.704808	-6.784424
30.4	6.952079	7.309972	-3.100775	-7	-1.900637	-1.047754	-31.53659	-10.02542	-7.380105
30.42	6.996134	7.309972	-2.989363	-7	-2.215048	-1.382703	-30.48586	-12.5445	-8.162808
30.44	7.003602	7.309972	-3.122014	-7	-2.51969	-1.711796	-29.95094	-12.88038	-9.131828
30.46	6.935578	7.309972	-3.691088	-7	-2.744308	-1.892695	-31.34867	-9.26206	-9.861056
30.48	6.867608	7.309972	-4.259948	-7	-2.927376	-2.002246	-32.52274	-9.200992	-10.10693
30.5	6.83419	7.309972	-4.636082	-7	-3.101572	-2.136074	-32.70821	-9.872747	-10.29912
30.52	6.842885	7.309972	-4.784118	-7	-3.292655	-2.337601	-31.81091	-11.35366	-10.6534
30.54	6.768408	7.241681	-5.335835	-7	-3.472132	-2.530751	-31.36154	-13.5674	-11.23549
30.56	7.828108	8.197738	-0.4997578	-7	-3.634614	-2.818758	-30.55978	-14.43763	-11.36655
30.58	7.92749	8.129447	-0.8129084	-7	-4.001047	-3.236754	-43.98787	-15.27733	-17.56999
30.6	8.85238	9.017213	2.707891	-7	-4.582242	-3.601733	-51.62905	-15.26206	-18.90382
30.62	7.262846	7.65142	-6.274721	-7	-5.291865	-3.866909	-68.76769	-14.43763	-24.65583
30.64	5.8226	6.695365	-13.59419	-7	-5.936156	-3.928764	-51.56383	-15.58267	-16.95151
30.66	5.720259	6.763654	-13.772	-7	-6.018117	-4.365933	-18.79455	-25.5216	-9.477477
30.68	5.789054	6.763654	-13.09482	-7	-5.509436	-4.574814	-1.629631	-39.21626	-8.612435
30.7	7.804481	7.992867	-2.843515	-7	-5.340283	-5.414363	19.5377	-39.23153	-8.588668
30.72	9.375953	8.744054	4.304089	-7	-5.570293	-6.552234	10.92053	-7.659007	-19.51046
30.74	7.034614	6.695365	-8.103713	-7	-5.96557	-6.338593	-22.16987	17.13488	-28.80372
30.76	8.002075	7.924579	-3.421494	-7	-6.553136	-6.327034	-3.481403	17.65397	-17.37588
30.78	4.287133	5.466149	-22.21608	-7	-5.751901	-4.70788	-42.0937	6.615801	-23.15536
30.8	5.945331	6.422206	-12.399	-7	-6.286762	-5.462098	24.71152	-4.330763	-3.300843
30.82	6.269777	6.695365	-10.42318	-7	-5.506036	-5.868379	20.89779	-8.178091	-12.39461
30.84	5.906425	5.397861	-11.14475	-7	-5.970015	-6.965086	41.82726	-13.5674	-14.22608
30.86	6.174358	6.012467	-9.157148	-7	-5.533628	-6.691765	41.83775	-5.567404	-13.27897
30.88	5.683693	5.807599	-11.12544	-7	-4.807282	-5.685609	21.0608	20.41733	-15.24702
30.9	4.220688	4.441804	-17.21197	-7	-4.545785	-4.94243	15.51221	17.82191	-13.2688
30.92	3.595023	4.510095	-18.86954	-7	-3.58499	-3.427403	10.08681	16.96695	-6.390503
30.94	4.601381	4.510095	-11.79107	-7	-3.770528	-4.380253	40.51814	2.768474	-3.550326
30.96	5.009173	4.441804	-8.333141	-7	-3.843975	-5.317731	44.31591	15.40969	-10.21143
30.98	3.972795	3.485749	-12.20356	-7	-3.854524	-5.251902	33.94216	29.83717	-13.88739
31	2.677653	2.597983	-16.93833	-7	-3.698878	-4.617966	33.62918	26.76847	-9.868107
31.02	2.077499	2.597983	-18.0774	-7	-2.841087	-3.361183	30.05377	5.134886	-4.17387
31.04	1.476658	1.300479	-18.37596	-7	-2.917096	-3.948421	55.88811	-4.23916	-1.752656
31.06	0.5142763	0.2761335	-20.27441	-7	-2.603409	-4.199039	76.39136	10.09672	0.06711769
31.08	0.6881583	0.6858721	-16.70065	-7	-1.492103	-3.361963	81.6736	22.44786	4.004525
31.1	0.9534599	0.9590311	-13.06802	-7	-0.177216	-2.088927	61.51435	32.6616	2.14533
31.12	0.4216602	0.002975464	-13.16253	-7	0.2008854	-1.574191	47.82262	35.11962	-0.5689621
31.14	-0.9083192	-1.02137	-17.08553	-7	0.5689434	-0.6699681	33.87705	36.35626	0.1766119
31.16	-0.8102506	-0.9530802	-13.65773	-7	0.7198709	-0.3589415	41.24326	21.19595	5.245482
31.18	-0.08147156	-0.6116323	-7.555485	-7	0.706427	-0.7893551	42.47754	5.944046	2.741098
31.2	-1.73169	-2.045715	-13.62895	-7	0.8056774	-0.3892725	19.09232	20.43259	-3.305198
31.22	-2.263944	-2.045715	-13.89165	-7	1.089086	0.6686308	13.48701	16.78374	3.365749
31.24	-2.968588	-2.045715	-15.35311	-7	2.080087	2.341249	-13.18415	-1.64374	4.500763
31.26	-3.121116	-3.34322	-13.01547	-7	1.199789	1.031992	18.14978	5.195954	6.909172
31.28	-4.045007	-3.479798	-15.3614	-7	1.844872	1.742393	4.788218	11.02802	5.459517
31.3	-4.980301	-4.709013	-17.04737	-7	1.817403	1.705562	19.38307	18.20359	9.040671
31.32	-3.225193	-3.684668	-5.471716	-7	1.509629	0.4307268	53.94257	11.6845	12.41289
31.34	-4.808177	-5.050462	-11.46321	-7	1.977816	0.6448288	27.11323	22.32573	1.353712
31.36	-5.582845	-5.460199	-12.90306	-7	2.322389	1.705132	24.83593	24.47839	8.226197
31.38	-6.407665	-5.733358	-14.66457	-7	3.247422	3.099331	10.65994	-2.620839	10.9716
31.4	-5.417885	-6.143096	-6.556013	-7	2.399374	1.335274	54.53175	6.432596	14.29518
31.42	-6.286095	-6.484545	-8.913477	-7	2.999805	1.657704	34.51168	8.997481	7.021377
31.44	-6.624448	-6.757704	-8.36068	-7	3.295046	2.355997	30.14932	23.74557	10.31852
31.46	-7.727695	-7.4406	-11.68375	-7	3.922932	3.436363	13.97579	3.623435	10.70565
31.48	-6.520382	-6.825994	-3.211469	-7	3.737561	2.991723	33.32808	11.85244	15.35854
31.5	-7.918767	-7.50889	-8.735375	-7	4.649776	4.290601	-8.972278	3.989848	7.336797
31.52	-6.493618	-6.757704	0.3840674	-7	4.146524	3.937691	6.631187	18.03565	13.58949
31.54	-8.170995	-7.782049	-6.91993	-7	4.541396	4.764689	-34.29741	-7.643739	4.223363
31.56	-7.455255	-7.50889	-1.554026	-7	3.733354	4.246186	-13.42612	12.43259	11.80593
31.58	-8.192192	-7.50889	-4.471449	-7	4.159177	4.970195	-42.77744	-19.90328	6.399471
31.6	-6.2663	-7.167441	6.634969	-7	2.36926	2.381344	4.243273	9.424961	9.431823
31.62	-7.550107	-7.167441	-0.1974413	-7	2.893367	3.254955	-47.12611	-13.59794	-2.652311
31.64	-7.342721	-7.099152	1.191645	-7	2.265905	3.397985	-43.8719	5.516565	3.613232
31.66	-8.12965	-7.167441	-2.885701	-7	2.470854	4.163137	-67.05825	-27.75061	1.665438
31.68	-7.179814	-7.50889	2.702692	-7	0.7929521	1.800197	-18.42551	-28.04068	5.606829
31.7	-8.257589	-7.50889	-3.105904	-7	1.245525	2.287188	-41.8028	-19.6132	-0.4104671
31.72	-7.633252	-7.782049	0.6409361	-7	0.2433082	0.89444	-1.942329	-17.78114	5.601692
31.74	-8.783784	-7.850338	-5.410072	-7	1.194096	2.022899	-26.7861	-3.781144	1.980768
31.76	-6.519753	-6.825994	6.415531	-7	0.4622529	0.6134037	15.69245	-12.77351	8.804881
31.78	-7.750342	-6.825994	-0.8905311	-7	1.86876	2.435029	-46.44612	6.646337	-3.460417
31.8	-6.203147	-6.757704	7.187314	-7	0.4509733	0.884231	-7.681442	-3.216259	3.63478
31.82	-7.123347	-6.757704	1.588219	-7	0.7743179	1.362261	-42.07574	11.15015	-5.410123
31.84	-7.091284	-7.167441	1.685815	-7	-0.1205394	0.6850401	-22.3646	-21.59794	-0.3916636
31.86	-7.252394	-5.733358	-0.4292126	-7	1.274477	2.982519	-67.6194	3.333358	-0.8124895
31.88	-8.822306	-7.50889	-8.318512	-7	1.292185	3.732979	-75.6078	-33.82694	1.015658
31.9	-5.785331	-6.143096	7.617785	-7	-0.4421076	0.5794797	1.233526	1.516565	9.542886
31.92	-7.910525	-7.782049	-3.647753	-7	-0.369914	-0.1201114	-21.5647	-16.33076	-7.120908
31.94	-8.21308	-7.782049	-4.838321	-7	-0.3998856	0.3259728	0.4827089	11.77611	4.445879
31.96	-8.947779	-7.782049	-8.365178	-7	0.8138857	1.682609	-8.909916	1.791374	6.629091
31.98	-6.877773	-6.894283	2.759012	-7	0.699699	0.6827793	28.09988	-5.628473	11.62828
32	-6.684716	-6.757704	3.39732	-7	1.257849	0.6785825	4.735387	13.80664	0.7252235
32.02	-6.172264	-6.894283	5.981261	-7	0.6226888	-0.0105989	9.886059	21.77611	-0.3006973
32.04	-7.320914	-6.825994	-0.5401449	-7	1.397797	1.723731	-34.66306	18.63107	-3.681365
32.06	-6.495992	-6.825994	3.880196	-7	0.4012053	0.8013245	-8.020783	-16.51397	2.587718
32.08	-7.619394	-7.167441	-2.197713	-7	0.7245512	1.338443	-30.59373	-11.20099	-2.376739
32.1	-5.311899	-5.733358	9.299709	-7	-0.1473844	0.03909552	2.937823	-18.98725	3.784414
32.12	-7.408915	-6.211386	-2.803376	-7	1.284148	2.392437	-72.4356	-2.468167	-8.813018
32.14	-7.017741	-7.372311	-0.03416109	-7	-0.6013616	0.5057372	-13.7233	-5.552137	2.985269
32.16	-8.603159	-7.4406	-8.320443	-7	0.3193864	1.567042	-34.64488	1.501298	0.1848469
32.18	-6.240641	-6.074806	3.927719	-7	-0.05200744	0.5880352	8.708105	-21.44527	9.549727
32.2	-7.597386	-6.074806	-4.084383	-7	1.864601	3.016045	-61.43649	17.89824	-2.80808
32.22	-5.141862	-6.143096	9.036985	-7	-0.3430547	-0.04334533	8.541447	2.325725	5.30821
32.24	-7.034614	-6.211386	-1.850474	-7	0.7708409	1.455525	-55.45106	10.35626	-8.961691
32.26	-5.61044	-6.416255	5.773943	-7	-1.165488	-0.7688753	4.32317	-5.674274	1.593997
32.28	-7.045688	-6.416255	-2.488693	-7	-0.3808619	0.1676923	-32.37569	1.684504	-6.760815
32.3	-6.34807	-6.416255	1.122675	-7	-1.074997	-0.5384364	0.07715654	-23.18572	1.578906
32.32	-8.555751	-6.416255	-11.01889	-7	1.242088	3.036511	-68.3345	3.012748	-2.04743
32.34	-6.98781	-6.416255	-2.125634	-7	0.5255145	2.139381	-16.62706	-19.21626	11.19867
32.36	-8.33462	-6.484545	-9.231434	-7	2.200333	4.022839	-64.27159	13.5013	2.721962
32.38	-5.761905	-6.484545	5.134406	-7	0.1752374	0.6692524	16.1176	3.821909	10.6773
32.4	-6.293193	-6.143096	1.768948	-7	0.7207849	0.616158	-18.56614	18.64634	-4.158666
32.42	-6.687398	-7.4406	0.3273497	-7	-0.5684258	-0.7691711	10.42869	19.10435	-1.305403
32.44	-8.505752	-7.50889	-8.974421	-7	0.6142137	1.255551	-20.08744	10.53946	0.07465553
32.46	-6.987461	-6.211386	-0.9091642	-7	1.146143	1.995565	-4.762154	-30.97198	10.57331
32.48	-6.296416	-6.074806	2.511329	-7	1.385871	1.631064	-14.17026	10.35626	2.906881
32.5	-6.316065	-6.416255	2.356733	-7	1.033484	1.2779	-21.10094	-0.5139687	-0.9726105
32.52	-6.976099	-6.416255	-1.277956	-7	1.251241	2.179167	-43.60066	15.60817	-1.451656
32.54	-6.236482	-6.484545	2.779393	-7	0.1476929	0.7823991	-14.17525	-10.72771	1.922806
32.56	-6.7322	-6.416255	-0.1629636	-7	0.2407043	0.8363286	-27.85737	-6.010152	-2.646553
32.58	-6.255461	-6.416255	2.235265	-7	-0.4525574	-0.03812918	-7.70834	-4.422365	0.0660944
32.6	-7.210374	-6.484545	-3.155911	-7	0.1924617	0.990966	-32.48371	-9.628472	-2.671519
32.62	-6.483961	-6.552835	0.80968	-7	-0.5153389	0.01115185	-0.813458	-2.895648	2.924585
32.64	-6.740714	-6.416255	-0.8419753	-7	-0.1567597	0.1408697	-10.36525	-10.65137	-1.049941
32.66	-6.922189	-6.484545	-1.887172	-7	0.1209636	0.6722562	-14.57726	8.875343	0.6908054
32.68	-6.678514	-6.416255	-0.6133199	-7	0.1352441	0.6026698	-8.886089	-6.055953	1.946035
32.7	-7.078546	-6.484545	-2.762285	-7	0.6076354	1.264215	-22.12474	4.386794	0.7512321
32.72	-6.294577	-6.416255	1.525301	-7	0.05931464	0.3412311	0.4951267	0.3715273	3.134441
32.74	-6.720928	-6.552835	-0.8056892	-7	0.2498215	0.4101197	-10.86721	-0.758244	-1.32217
32.76	-6.434519	-6.416255	0.6890358	-7	0.07360537	0.2864225	-4.149689	1.821909	0.9940729
32.78	-6.168546	-6.074806	1.759665	-7	0.1520316	0.3168224	-9.725809	5.86771	-0.6188173
32.8	-6.359985	-6.484545	0.7050642	-7	-0.1788185	-0.05193591	-8.017239	-2.605572	-2.032596
32.82	-6.949454	-6.484545	-2.506077	-7	0.1599337	0.720468	-20.84352	0.6768709	-1.220123
32.84	-6.518212	-6.484545	-0.09331298	-7	-0.2153946	0.178187	-2.348541	-1.64374	2.161703
32.86	-6.671422	-6.484545	-0.9629426	-7	-0.0591772	0.1406673	-5.623357	-8.422365	-0.209528
32.88	-6.4552	-6.484545	0.2046671	-7	-0.2000875	-0.131836	2.320414	0.2493898	0.7577868
32.9	-6.462157	-6.416255	0.06772536	-7	-0.09496908	-0.1006846	-0.4139622	-0.162824	-0.4054947
32.92	-6.451866	-6.416255	0.0607786	-7	-0.05766009	-0.01964815	-1.645353	-0.01015222	-0.2915297
32.94	-6.466411	-6.416255	-0.06319696	-7	-0.03080243	0.04400866	-3.033907	-0.162824	-0.3270807
32.96	-6.520395	-6.484545	-0.3347122	-7	-0.05660845	0.03315414	-2.68863	-0.1017549	-0.2463207
32.98	-6.452471	-6.416255	-0.002219394	-7	-0.06537581	0.01074404	-1.690981	-0.05595376	0.02007103
33	-6.597064	-6.552835	-0.7165514	-7	-0.06448066	0.008094328	-2.181274	-0.07122094	-0.3461685
33.02	-6.550792	-6.484545	-0.4455249	-7	-0.0379577	0.04643047	-0.7578459	0.0509165	0.4169674
33.04	-6.565398	-6.484545	-0.5057706	-7	0.03266827	0.1061697	-1.858459	-0.08648812	0.1914148
33.06	-6.48794	-6.484545	-0.06076061	-7	-0.001425199	0.02849028	-0.06664678	0.06618368	0.2853422
33.08	-6.450115	-6.484545	0.1485124	-7	-0.04064592	-0.06897071	0.5101252	-0.08648812	-0.1800575
33.1	-6.4059	-6.416255	0.328934	-7	-0.03406775	-0.05110083	-0.9430413	-0.1017549	-0.4461546
33.12	-6.32678	-6.347965	0.651042	-7	-0.06125014	-0.05571371	-2.398932	-0.01015222	-0.7238131
33.14	-6.518602	-6.484545	-0.3799216	-7	-0.07871634	0.01160863	-5.493741	-0.1017549	-1.209221
33.16	-6.576426	-6.484545	-0.6669934	-7	-0.09364299	0.0854862	-4.872304	-0.08648812	-0.2352018
33.18	-6.637018	-6.484545	-0.9662012	-7	-0.02980582	0.1812265	-5.468468	-0.9261826	0.072505
33.2	-6.431125	-6.416255	0.1285829	-7	-0.115837	-0.01473786	-0.7570277	-1.063587	0.4394341
33.22	-6.544281	-6.416255	-0.5300744	-7	0.01131649	0.1345525	-6.059741	-0.2544267	-0.7015305
33.24	-6.496239	-6.484545	-0.2276254	-7	-0.1010931	0.01977122	-2.728942	0.6463361	-0.06633472
33.26	-6.408235	-6.416255	0.2031949	-7	-0.1589985	-0.1165132	-1.268631	-0.4681676	-0.4039011
33.28	-6.559287	-6.416255	-0.6623487	-7	-0.02725548	0.1203824	-7.019676	-0.04068658	-0.9179277
33.3	-6.445767	-6.416255	-0.05494599	-7	-0.1319405	0.01899081	-3.539086	0.3562601	-0.07002831
33.32	-6.444647	-6.416255	-0.08676642	-7	-0.1696203	-0.07679475	-3.572711	-0.7429764	-0.7418795
33.34	-6.659924	-6.484545	-1.228253	-7	-0.05948	0.1569358	-7.93265	0.09671804	-0.7819233
33.36	-6.510343	-6.484545	-0.3658462	-7	-0.1944639	-0.03842093	-1.349537	0.09671804	0.4151049
33.38	-6.50156	-6.416255	-0.3642974	-7	-0.1256255	-0.03584892	-3.026401	-0.3612969	-0.43717
33.4	-6.624702	-6.484545	-1.000118	-7	-0.04114062	0.1293266	-5.901651	0.3715273	-0.4556885
33.42	-6.499994	-6.484545	-0.2790451	-7	-0.1462118	-0.03486159	-1.225368	-0.07122094	0.2200737
33.44	-6.493881	-6.416255	-0.2890268	-7	-0.08259767	-2.320111e-05	-3.542771	-0.3002286	-0.5144196
33.46	-6.588089	-6.484545	-0.7685379	-7	-0.04716146	0.1046506	-5.661322	0.2493898	-0.546628
33.48	-6.487939	-6.484545	-0.1914643	-7	-0.1600717	-0.0589318	-1.726844	0.08145128	-0.06745243
33.5	-6.50176	-6.416255	-0.3163372	-7	-0.09766904	0.003179006	-4.460204	-0.2086256	-0.6841259
33.52	-6.474689	-6.416255	-0.2000255	-7	-0.1199613	0.01072338	-4.85314	0.06618368	-0.6098614
33.54	-6.412164	-6.416255	0.1016804	-7	-0.2182788	-0.1291433	-3.308296	-0.1475568	-0.8013439
33.56	-6.594944	-6.484545	-0.8832195	-7	-0.172794	-0.01180217	-6.708537	-0.2238927	-1.213128
33.58	-6.611363	-6.484545	-0.94001	-7	-0.1755528	0.04693507	-5.434553	0.1730539	-0.2304039
33.6	-6.523393	-6.416255	-0.4900873	-7	-0.164418	0.01355682	-4.294386	-0.5139687	-0.1327019
33.62	-6.665395	-6.484545	-1.229375	-7	-0.06146915	0.1655944	-7.806897	0.02038214	-0.593914
33.64	-6.551308	-6.484545	-0.5607094	-7	-0.1492254	0.03817385	-3.50867	0.1425196	0.192646
33.66	-6.562796	-6.484545	-0.6078545	-7	-0.1388241	-0.01438892	-3.897843	-0.1322897	-0.4760065
33.68	-6.641392	-6.484545	-1.012066	-7	-0.05126068	0.145177	-6.662673	0.08145128	-0.4377565
33.7	-6.478769	-6.416255	-0.1483932	-7	-0.1103848	0.05329389	-4.17237	0.1577872	-0.007203102
33.72	-6.533001	-6.484545	-0.4317869	-7	-0.1456646	-0.02433897	-5.210921	-0.3307626	-0.9418316
33.74	-6.551964	-6.416255	-0.5742718	-7	-0.09839758	0.108881	-7.666357	-0.05595376	-0.7219296
33.76	-6.506188	-6.484545	-0.3037149	-7	-0.2322149	-0.07185277	-4.515915	0.1730539	-0.6301241
33.78	-6.570126	-6.484545	-0.6571016	-7	-0.2343011	-0.07843557	-5.38169	-0.4070985	-0.9684896
33.8	-6.725975	-6.552835	-1.441886	-7	-0.1677242	0.07235971	-7.113797	0.06618368	-0.6369982
33.82	-6.592465	-6.484545	-0.6986637	-7	-0.1942222	0.008695979	-3.499617	0.08145128	0.2316704
33.84	-6.594185	-6.484545	-0.7091742	-7	-0.147617	-0.000450779	-4.589052	-0.2238927	-0.4842463
33.86	-6.506386	-6.416255	-0.2798648	-7	-0.1350814	0.01605444	-5.078975	0.2341222	-0.474884
33.88	-6.487863	-6.416255	-0.225727	-7	-0.1542124	0.000292887	-6.49473	-0.07122094	-0.9740982
33.9	-6.489794	-6.416255	-0.2803219	-7	-0.2007785	-0.01507293	-7.378914	-0.1017549	-1.134342
33.92	-6.509537	-6.416255	-0.4317675	-7	-0.2447316	-0.02590092	-8.011904	-0.2391599	-1.188111
33.94	-6.60871	-6.484545	-0.9575704	-7	-0.2775843	-0.02196737	-8.240542	0.1730539	-1.125885
33.96	-6.61316	-6.484545	-0.9686397	-7	-0.3088955	-0.05579492	-6.310317	-0.1170225	-0.6123514
33.98	-6.69424	-6.484545	-1.396696	-7	-0.2141073	0.06741424	-7.932958	-0.04068658	-0.5788794
34	-6.569407	-6.416255	-0.7420196	-7	-0.2027334	0.05410548	-6.141116	0.02038214	-0.07869053
34.02	-6.532293	-6.416255	-0.5715852	-7	-0.1972499	0.006400036	-6.710414	-0.1017549	-0.7350149
34.04	-6.545079	-6.416255	-0.6680868	-7	-0.1904701	0.03877753	-8.168003	-0.04068658	-0.9592123
34.06	-6.509951	-6.416255	-0.5006373	-7	-0.2510538	-0.02368034	-7.411826	0.005114958	-0.9225321
34.08	-6.586437	-6.484545	-0.8956111	-7	-0.2972772	-0.07330108	-7.329808	-0.1017549	-1.167552
34.1	-6.483936	-6.347965	-0.4296656	-7	-0.2865708	-0.04691883	-7.276089	0.005114958	-0.7967768
34.12	-6.640739	-6.484545	-1.253915	-7	-0.2734898	-0.005437231	-9.276016	-0.1475568	-1.335031
34.14	-6.650098	-6.484545	-1.265127	-7	-0.2880912	0.01079627	-7.493947	0.0509165	-0.5044632
34.16	-6.644037	-6.484545	-1.201591	-7	-0.2726159	-0.01478083	-6.352856	-0.1475568	-0.4475384
34.18	-6.616971	-6.484545	-1.028764	-7	-0.2628227	-0.04909566	-5.298075	0.09671804	-0.4638157
34.2	-6.601105	-6.484545	-0.9227002	-7	-0.2487226	-0.06583077	-5.043731	-0.04068658	-0.6092043
34.22	-6.555342	-6.416255	-0.7082278	-7	-0.1963586	0.0008196384	-6.537673	-0.04068658	-0.7074566
34.24	-6.599125	-6.484545	-0.9162015	-7	-0.2101389	0.002499509	-7.348032	-0.04068658	-0.9602928
34.26	-6.513675	-6.416255	-0.4817375	-7	-0.2487678	-0.03994067	-6.60607	-0.01015222	-0.7822943
34.28	-6.562122	-6.484545	-0.7321022	-7	-0.3041358	-0.1162217	-6.759976	-0.1322897	-1.293829
34.3	-6.625088	-6.484545	-1.064637	-7	-0.2941003	-0.05600214	-7.665689	0.02038214	-1.099708
34.32	-6.52809	-6.416255	-0.5792516	-7	-0.32347	-0.09932701	-6.272902	-0.1933584	-0.7717505
34.34	-6.567122	-6.416255	-0.8365415	-7	-0.2849434	-0.04618967	-8.674663	-0.9414498	-1.310165
34.36	-6.607349	-6.484545	-1.030453	-7	-0.3338805	-0.07405039	-7.892914	-2.697175	-1.103786
34.38	-6.662534	-6.484545	-1.310941	-7	-0.3068996	-0.02094984	-8.35284	-1.475801	-0.9267311
34.4	-6.580005	-6.416255	-0.892006	-7	-0.2947251	-0.01861088	-7.545742	-2.529236	-0.6172333
34.42	-6.546771	-6.484545	-0.6953937	-7	-0.3857604	-0.1999802	-5.203472	-0.1780908	-1.053535
34.44	-6.530814	-6.416255	-0.665455	-7	-0.3649957	-0.1800834	-6.368957	-0.1933584	-1.294444
34.46	-6.691897	-6.552835	-1.474748	-7	-0.359987	-0.1277679	-7.45928	-0.01015222	-1.380044
34.48	-6.666371	-6.552835	-1.268726	-7	-0.4011048	-0.1850398	-4.062006	-0.08648812	-0.5287828
34.5	-6.600649	-6.484545	-0.9194181	-7	-0.3616395	-0.2088548	-3.40583	-0.1170225	-0.6697321
34.52	-6.587542	-6.484545	-0.8536124	-7	-0.3240049	-0.1880634	-4.32248	0.03564932	-0.9989777
34.54	-6.573168	-6.484545	-0.7750499	-7	-0.3204106	-0.1767029	-4.829495	-0.05595376	-1.077177
34.56	-6.637225	-6.552835	-1.069278	-7	-0.3403497	-0.1869985	-4.994549	-0.08648812	-1.190035
34.58	-6.586431	-6.484545	-0.7995024	-7	-0.3342453	-0.1706965	-4.732119	-0.0254194	-0.8946619
34.6	-6.559752	-6.484545	-0.6651471	-7	-0.3522449	-0.2105593	-4.84366	-0.05595376	-1.186778
34.62	-6.569433	-6.484545	-0.7315083	-7	-0.362578	-0.2078428	-5.67384	-0.1322897	-1.373695
34.64	-6.600531	-6.484545	-0.9104517	-7	-0.3562764	-0.1604267	-6.842571	0.005114958	-1.361229
34.66	-6.512102	-6.416255	-0.4906319	-7	-0.3861853	-0.1887073	-6.432141	-0.1933584	-1.218856
34.68	-6.596871	-6.416255	-1.007665	-7	-0.3189934	-0.05055919	-10.58206	-0.04068658	-1.727151
34.7	-6.57077	-6.416255	-0.895321	-7	-0.3631765	-0.04374875	-10.18849	0.0509165	-1.271955
34.72	-6.64012	-6.484545	-1.253274	-7	-0.4079581	-0.09170074	-9.930727	-0.1780908	-1.452273
34.74	-6.652553	-6.484545	-1.306937	-7	-0.4330796	-0.1190366	-8.59621	-0.05595376	-1.11261
34.76	-6.64078	-6.484545	-1.236272	-7	-0.4437373	-0.1673053	-7.247071	0.03564932	-1.044882
34.78	-6.644432	-6.484545	-1.253235	-7	-0.4234667	-0.1695692	-6.988109	-0.0254194	-1.097993
34.8	-6.621086	-6.484545	-1.121784	-7	-0.4230149	-0.1940329	-6.204	-0.1170225	-1.061522
34.82	-6.638579	-6.484545	-1.213256	-7	-0.3882226	-0.1577362	-6.983137	0.005114958	-1.188482
34.84	-6.632426	-6.484545	-1.169106	-7	-0.3753659	-0.1362851	-7.07228	-0.0254194	-1.090978
34.86	-6.562583	-6.416255	-0.8330588	-7	-0.357096	-0.1180759	-7.670588	-0.04068658	-1.137406
34.88	-6.518623	-6.416255	-0.636766	-7	-0.3997249	-0.1782026	-7.955175	0.005114958	-1.5303
34.9	-6.529345	-6.416255	-0.7417426	-7	-0.4378996	-0.1976168	-8.987868	0.005114958	-1.828255
34.92	-6.650254	-6.484545	-1.385452	-7	-0.4497505	-0.1456864	-10.34734	-0.1780908	-1.823351
34.94	-6.645718	-6.484545	-1.342419	-7	-0.4921033	-0.1778059	-8.325806	0.03564932	-1.196778
34.96	-6.66927	-6.484545	-1.461537	-7	-0.4683587	-0.1741343	-8.096574	-0.3154958	-1.227162
34.98	-6.650328	-6.484545	-1.346294	-7	-0.4599528	-0.1885007	-7.102156	-0.8040451	-1.075146
35	-6.746941	-6.552835	-1.803984	-7	-0.4098457	-0.131052	-7.825006	0.1272524	-1.165514
35.02	-6.562783	-6.416255	-0.8420264	-7	-0.4054762	-0.1641474	-5.776345	-0.05595376	-0.6300058
35.04	-6.565631	-6.416255	-0.9040461	-7	-0.359851	-0.1373468	-8.70282	-0.2391599	-1.6212
35.06	-6.584832	-6.416255	-1.0365	-7	-0.3530836	-0.05720028	-10.85549	0.0509165	-1.635322
35.08	-6.538743	-6.416255	-0.8108729	-7	-0.4393201	-0.141237	-9.909978	0.02038214	-1.582047
35.1	-6.568786	-6.416255	-1.012925	-7	-0.475369	-0.1665584	-10.82631	-0.162824	-1.909969
35.12	-6.660783	-6.484545	-1.49349	-7	-0.5134745	-0.1692201	-10.79534	-0.0254194	-1.790357
35.14	-6.650477	-6.484545	-1.422088	-7	-0.5606512	-0.2354542	-8.376035	0.03564932	-1.318367
35.16	-6.742195	-6.552835	-1.861215	-7	-0.5427345	-0.243664	-7.726367	-0.1017549	-1.372007
35.18	-6.699407	-6.484545	-1.619985	-7	-0.4734648	-0.1768247	-7.046236	-0.01015222	-0.8478746
35.2	-6.624751	-6.484545	-1.203671	-7	-0.4711169	-0.2451573	-5.653829	0.03564932	-1.019182
35.22	-6.613754	-6.484545	-1.141674	-7	-0.4533037	-0.2558628	-6.291212	-0.1017549	-1.428086
35.24	-6.563663	-6.416255	-0.9177142	-7	-0.4200408	-0.1949036	-7.915233	0.005114958	-1.510307
35.26	-6.589854	-6.484545	-1.047541	-7	-0.4747839	-0.2459404	-8.104902	-0.01015222	-1.802473
35.28	-6.615244	-6.484545	-1.18132	-7	-0.5054789	-0.2544644	-8.224863	-0.01015222	-1.737674
35.3	-6.669392	-6.484545	-1.471091	-7	-0.4800024	-0.1843895	-9.429237	-0.1017549	-1.642771
35.32	-6.66105	-6.484545	-1.413316	-7	-0.4869125	-0.1800681	-8.816132	-0.0254194	-1.354564
35.34	-6.656974	-6.484545	-1.383136	-7	-0.485764	-0.1934339	-8.608693	-0.01015222	-1.411597
35.36	-6.568115	-6.416255	-0.9498442	-7	-0.4937502	-0.2234719	-8.295108	-0.01015222	-1.445582
35.38	-6.634004	-6.484545	-1.304214	-7	-0.5087495	-0.2362863	-9.440299	-0.0254194	-1.942476
35.4	-6.661596	-6.484545	-1.446094	-7	-0.5162148	-0.2051928	-9.489038	-0.01015222	-1.627267
35.42	-6.630467	-6.416255	-1.32036	-7	-0.4755402	-0.1370397	-10.51807	-0.4529004	-1.493647
35.44	-6.672522	-6.484545	-1.527913	-7	-0.4936132	-0.1521619	-10.63078	-1.903282	-1.648425
35.46	-6.56497	-6.416255	-0.9838482	-7	-0.5465535	-0.241169	-8.789858	0.0509165	-1.452667
35.48	-6.624304	-6.484545	-1.30582	-7	-0.5830085	-0.3092018	-9.120014	-0.2544267	-2.062479
35.5	-6.675874	-6.416255	-1.631465	-7	-0.487873	-0.1159611	-12.18152	0.06618368	-1.779208
35.52	-6.66025	-6.484545	-1.514975	-7	-0.5533119	-0.1948833	-9.939577	-1.460534	-1.457397
35.54	-6.592648	-6.484545	-1.141344	-7	-0.6460745	-0.3863412	-6.658716	-1.491068	-1.578834
35.56	-6.695713	-6.484545	-1.710597	-7	-0.5629971	-0.2757269	-9.449524	-1.094122	-1.98247
35.58	-6.509598	-6.416255	-0.7471429	-7	-0.6528139	-0.4205301	-5.527949	-0.2086256	-1.389142
35.6	-6.537849	-6.416255	-0.9712001	-7	-0.6368236	-0.4396709	-7.814629	-0.3154958	-2.424544
35.62	-6.597934	-6.416255	-1.345965	-7	-0.6031908	-0.3147356	-10.23892	0.1577872	-2.2838
35.64	-6.644913	-6.484545	-1.577764	-7	-0.6500571	-0.3368567	-9.209907	-1.96435	-1.956944
35.66	-6.65518	-6.484545	-1.618251	-7	-0.6643047	-0.3679841	-7.91068	-2.66664	-1.727769
35.68	-6.601062	-6.416255	-1.366356	-7	-0.6281936	-0.3483928	-7.882172	-1.735343	-1.663282
35.7	-6.227235	-6.074806	0.3576838	-7	-0.5842975	-0.3337135	-9.603498	0.432596	-1.924053
35.72	-6.562064	-6.552835	-1.37419	-7	-0.800238	-0.5878243	-10.54906	-0.2391599	-3.92361
35.74	-6.721863	-6.484545	-2.217638	-7	-0.7757576	-0.3922066	-10.8916	-0.2696943	-2.306553
35.76	-6.679627	-6.416255	-2.001276	-7	-0.7191952	-0.325895	-9.208366	-4.040686	-1.386189
35.78	-6.661842	-6.552835	-1.813295	-7	-0.8130484	-0.5742479	-3.886724	-2.971984	-1.519127
35.8	-6.569173	-6.416255	-1.357723	-7	-0.7340857	-0.5646101	-3.599114	-1.262061	-1.624389
35.82	-6.305432	-6.143096	-0.1734388	-7	-0.6064552	-0.4310902	-7.375118	0.4020616	-2.053381
35.84	-6.12951	-6.143096	0.5612909	-7	-0.7516098	-0.6216266	-8.8055	-0.04068658	-3.428897
35.86	-6.25695	-6.143096	-0.3481566	-7	-0.7949814	-0.5147651	-15.77638	-0.4681676	-4.528708
35.88	-6.596413	-6.416255	-2.149368	-7	-0.9446101	-0.48202	-16.42159	-1.704808	-3.930293
35.9	-6.697473	-6.484545	-2.606203	-7	-1.076092	-0.6089163	-9.647572	-7.491067	-2.172421
35.92	-6.634224	-6.484545	-2.208247	-7	-1.137038	-0.8675202	-1.745639	-4.758244	-1.57401
35.94	-6.368571	-6.074806	-1.049371	-7	-0.8323437	-0.6018367	-5.913555	0.8906114	-1.798246
35.96	-6.133609	-6.143096	0.05357165	-7	-0.9546499	-0.8663452	-4.059795	1.05855	-2.98192
35.98	-6.277636	-6.211386	-0.8569833	-7	-0.9733797	-0.8346912	-9.006664	0.9364129	-4.327786
36	-6.153078	-6.074806	-0.3867754	-7	-1.061951	-0.8352766	-8.863846	-0.4376328	-3.603174
36.02	-6.180863	-6.143096	-0.6879452	-7	-1.205671	-1.003673	-8.521928	-1.521603	-4.300243
36.04	-6.327061	-6.143096	-1.621009	-7	-1.188316	-0.8773783	-11.3214	-4.132289	-4.19885
36.06	-6.582133	-6.484545	-2.843965	-7	-1.364748	-1.080963	-4.87933	-3.246793	-3.342258
36.08	-6.661797	-6.416255	-3.19468	-7	-1.238377	-0.9876249	-1.290417	-5.628473	-1.958124
36.1	-6.625302	-6.484545	-2.851248	-7	-1.158969	-1.073031	4.663697	-0.5292363	-1.311352
36.12	-6.038771	-6.074806	0.1282522	-7	-1.095606	-1.277531	9.66837	-0.0254194	-1.361875
36.14	-6.223827	-6.143096	-1.022524	-7	-0.8259813	-0.9480463	-3.663782	2.096718	-4.439837
36.16	-7.517058	-7.4406	-7.071593	-7	-0.9940663	-0.8490936	-1.445795	4.982214	-3.438108
36.18	-7.839796	-7.50889	-7.854249	-7	-0.8182459	-0.6322244	16.08216	1.363894	3.321579
36.2	-7.498976	-7.50889	-5.157724	-7	-0.6339782	-1.101096	37.97025	-0.4070985	5.299363
36.22	-7.186134	-7.4406	-2.81801	-7	-0.2516002	-1.309062	44.88891	4.020381	3.632588
36.24	-7.19975	-7.50889	-2.257041	-7	0.2121218	-0.9823586	38.99472	20.90588	1.979386
36.26	-5.64701	-6.143096	5.701369	-7	0.5447851	-0.706252	31.3816	19.34862	1.898307
36.28	-5.613566	-5.801648	5.174755	-7	1.073102	0.387204	-17.08349	19.33336	-6.777765
36.3	-5.164233	-5.801648	7.082839	-7	0.1334731	0.0358519	-26.48874	9.150153	-7.55904
36.32	-6.341531	-5.733358	0.07477093	-7	0.3373033	1.501274	-74.34703	2.066183	-11.17132
36.34	-7.751377	-7.4406	-6.629809	-7	-0.9539511	0.8149635	-53.76699	-23.3842	-5.244282
36.36	-7.107645	-6.143096	-3.440226	-7	-0.92999	0.8026052	-37.12749	-29.13992	1.641965
36.38	-6.631917	-6.416255	-1.012203	-7	-1.426574	-0.5764474	-15.49229	-30.5903	-1.312841
36.4	-6.616462	-6.552835	-1.101466	-7	-1.679706	-1.335488	-5.752214	-12.97198	-3.798784
36.42	-6.674847	-6.416255	-1.705971	-7	-1.514924	-1.207665	-6.475854	8.096718	-3.720843
36.44	-6.677679	-6.074806	-2.16573	-7	-0.9565485	-0.3673612	-18.91864	1.089084	-3.031206
36.46	-7.620701	-7.50889	-6.456225	-7	-1.367183	-0.9147345	-3.997887	0.2035883	-2.524283
36.48	-6.277095	-6.074806	0.4083732	-7	-1.171533	-1.06287	13.0265	-0.284961	2.46307
36.5	-5.799124	-5.801648	2.331543	-7	-0.8443623	-1.110058	-1.288435	0.08145128	-4.324443
36.52	-7.035663	-7.167441	-3.853194	-7	-1.135999	-1.152562	-7.436112	8.875343	-6.799372
36.54	-7.482286	-6.757704	-6.036068	-7	-0.5531859	0.127259	-15.06571	6.188321	-0.4739838
36.56	-6.709402	-6.825994	-1.50204	-7	-1.026012	-0.9352784	14.50712	-11.03305	2.339824
36.58	-6.75554	-6.825994	-1.624738	-7	-0.8587616	-1.229905	12.66648	-0.5292363	-1.94941
36.6	-7.777429	-7.782049	-6.267146	-7	-0.7761135	-1.038985	13.2674	12.58527	-1.665956
36.62	-6.81961	-6.484545	-1.20034	-7	-0.1205834	-0.2386329	13.93342	6.264657	3.778531
36.64	-5.866334	-6.143096	3.586859	-7	-0.07907012	-0.6214106	9.350668	3.211222	-1.009027
36.66	-7.14189	-7.50889	-2.665734	-7	-0.4187495	-0.8168212	-2.451238	11.01275	-6.443902
36.68	-7.800132	-7.4406	-5.6239	-7	-0.1766287	0.1327636	-6.121026	5.745573	-0.2308102
36.7	-7.412999	-7.50889	-2.886512	-7	-0.4859537	-0.5425263	17.81775	-8.788778	3.328771
36.72	-7.320922	-7.577179	-1.907486	-7	-0.4880715	-1.101654	26.58958	-0.8040451	1.087085
36.74	-7.464982	-7.50889	-2.33216	-7	-0.06844497	-0.6644558	19.73202	8.508931	0.5008297
36.76	-5.835137	-5.801648	5.5674	-7	0.5239686	0.08395132	5.221484	11.47076	1.314994
36.78	-5.382622	-5.801648	7.165089	-7	0.3018919	-0.05862371	-21.06767	4.585268	-7.410506
36.8	-7.496357	-7.50889	-3.728847	-7	-0.2497705	0.3241782	-44.3523	5.043283	-10.59562
36.82	-7.659755	-7.50889	-4.039639	-7	-1.056399	-0.1057695	-14.9143	-16.42237	-0.01384735
36.84	-6.503694	-6.143096	1.513817	-7	-0.8606495	-0.3615273	-7.469191	-25.94908	0.6685247
36.86	-6.44345	-6.484545	1.408955	-7	-1.019223	-0.879216	-11.91442	0.2035883	-5.120075
36.88	-6.46714	-6.416255	0.8357505	-7	-1.169048	-0.8656951	-16.15089	2.875344	-5.492942
36.9	-6.596416	-6.484545	-0.2069784	-7	-1.356045	-0.925932	-16.90692	-6.208625	-5.349195
36.92	-7.879259	-7.782049	-6.458174	-7	-1.74518	-1.305224	-5.850199	-8.651373	-4.583259
36.94	-8.064364	-7.850338	-6.766316	-7	-1.767267	-1.580422	22.60729	-10.33076	2.377254
36.96	-6.685753	-6.416255	0.184916	-7	-0.9609035	-1.335821	29.20118	-2.117022	3.912003
36.98	-6.277882	-6.143096	1.763452	-7	-0.1588643	-0.6391789	3.204076	15.02801	-2.689514
37	-7.595139	-7.50889	-4.723359	-7	-0.1209785	-0.05869056	-12.91251	21.5013	-4.649215
37.02	-7.85413	-7.50889	-5.42875	-7	-0.09864438	0.365976	-4.186168	-0.08648812	2.086192
37.04	-5.771405	-5.733358	5.062631	-7	0.01200321	-0.006751567	5.123965	-1.292595	3.432774
37.06	-5.55611	-5.733358	5.370642	-7	0.03762941	-0.1287195	-24.67373	8.493664	-7.755784
37.08	-7.190007	-7.167441	-3.084257	-7	-0.5213988	0.1133477	-40.61667	10.23412	-9.401785
37.1	-7.707901	-7.167441	-5.471582	-7	-0.8161455	0.3931327	-29.07786	8.585267	-1.276518
37.12	-6.023931	-5.733358	2.85836	-7	-0.9514018	-0.2603922	-10.40371	-21.04832	1.536295
37.14	-7.570261	-7.577179	-4.95749	-7	-1.303345	-1.021384	-14.81427	-17.68954	-7.265366
37.16	-7.853542	-7.50889	-5.969046	-7	-1.327882	-0.8290856	3.603399	-4.834579	0.8458729
37.18	-8.619423	-7.50889	-9.600781	-7	-0.1463543	0.5971563	-9.250277	5.287557	2.734224
37.2	-7.670974	-7.50889	-3.793323	-7	-0.2220522	-0.08489785	22.91589	-12.57504	7.707376
37.22	-6.657969	-5.801648	0.870574	-7	1.313461	1.464244	-14.53025	13.66924	2.700858
37.24	-7.103263	-7.167441	-1.032803	-7	0.9076706	1.170011	-23.46717	14.35626	-2.237666
37.26	-7.515394	-7.099152	-2.893296	-7	0.8641306	1.66175	-33.76575	29.71503	-0.73522
37.28	-7.160303	-6.825994	-0.8452681	-7	0.5738417	1.46434	-29.36616	8.524199	1.027108
37.3	-6.971527	-6.825994	0.1767132	-7	0.1673935	0.85456	-26.74163	-3.582671	-1.290365
37.32	-6.908571	-6.825994	0.4147175	-7	-0.2563221	0.3469738	-24.53506	1.257023	-2.735471
37.34	-7.516588	-7.167441	-2.769057	-7	-0.3957329	0.39703	-28.99959	-0.9109158	-3.406465
37.36	-7.628438	-7.167441	-3.243249	-7	-0.4951805	0.4142647	-21.59263	-4.223893	-0.217782
37.38	-7.422796	-7.235731	-1.994408	-7	-0.7456286	-0.2204783	-6.017713	-10.30023	0.5022907
37.4	-7.277622	-7.099152	-1.27085	-7	-0.675765	-0.4470837	-2.083524	-8.346029	-0.5275517
37.42	-7.229033	-7.099152	-1.064225	-7	-0.5823914	-0.4577057	-1.864414	2.661603	-1.113486
37.44	-7.157923	-7.099152	-0.7180461	-7	-0.5628321	-0.4971185	-0.7959908	-0.9261826	-1.241072
37.46	-7.409912	-7.167441	-2.052223	-7	-0.3347329	-0.1292707	-7.621188	-0.4834343	-1.565379
37.48	-7.135757	-7.099152	-0.5404444	-7	-0.4523362	-0.3100344	-0.5628215	0.8295422	-0.08857918
37.5	-7.181568	-7.099152	-0.8124088	-7	-0.3819469	-0.3120104	-3.777574	-1.536869	-1.592025
37.52	-6.920442	-6.825994	0.388549	-7	-0.3281265	-0.1950299	-6.331298	0.982214	-1.333233
37.54	-6.816222	-6.825994	0.7517582	-7	-0.4448701	-0.3218614	-9.069074	-0.880381	-2.731296
37.56	-6.965487	-6.825994	-0.2476579	-7	-0.4613695	-0.1515177	-16.05431	-0.4376328	-3.413735
37.58	-6.944697	-6.757704	-0.3335693	-7	-0.5602795	-0.09239334	-17.34894	-3.597938	-2.654988
37.6	-6.854719	-6.757704	-0.04058838	-7	-0.786309	-0.3682125	-14.01381	-6.94145	-2.7813
37.62	-7.254273	-7.099152	-2.150859	-7	-0.931834	-0.5184072	-12.56135	-4.544503	-3.298117
37.64	-7.36033	-7.099152	-2.662167	-7	-0.9287613	-0.4996603	-6.342377	-5.414732	-1.103806
37.66	-7.224759	-7.099152	-1.873852	-7	-0.9445379	-0.7630343	3.096966	-3.353663	-0.3081255
37.68	-7.127091	-7.167441	-1.274723	-7	-0.9589654	-1.086694	10.49882	-0.04068658	-0.832777
37.7	-7.334237	-7.235731	-2.287025	-7	-0.6843385	-0.8314601	7.419922	1.333359	-1.21801
37.72	-6.860205	-6.825994	0.1229645	-7	-0.4835827	-0.6520802	8.386587	1.715039	0.1108236
37.74	-6.717796	-6.757704	0.6970094	-7	-0.3430507	-0.54399	0.3496246	1.348626	-2.299061
37.76	-6.602577	-6.825994	1.209203	-7	-0.5750427	-0.7536721	-0.168529	1.180687	-3.114337
37.78	-6.890751	-6.825994	-0.4812229	-7	-0.5112596	-0.4294335	-10.56539	-1.109389	-3.982192
37.8	-6.888247	-6.825994	-0.5359815	-7	-0.657738	-0.4040865	-9.341139	-1.826946	-2.489185
37.82	-6.805244	-6.757704	-0.2268415	-7	-0.7883444	-0.5736625	-7.422479	-4.77351	-2.572497
37.84	-6.751386	-6.757704	-0.09043183	-7	-0.9424068	-0.8039523	-5.100383	-4.590304	-3.035771
37.86	-6.977258	-6.825994	-1.414927	-7	-0.8932457	-0.6656346	-8.584805	-0.620839	-3.3316
37.88	-6.750352	-6.757704	-0.3037312	-7	-1.075296	-0.9377397	-0.4992989	-2.483434	-2.005138
37.9	-7.09951	-6.825994	-2.277905	-7	-0.8074015	-0.5738546	-8.978168	-0.6819081	-3.17555
37.92	-6.879517	-6.825994	-1.085457	-7	-0.9435545	-0.7630457	0.1778688	0.9974816	-1.073154
37.94	-6.780907	-6.825994	-0.60581	-7	-1.004988	-1.065099	4.087733	-0.620839	-2.200916
37.96	-6.994878	-6.825994	-1.816529	-7	-0.7604414	-0.7111344	-2.762565	1.65397	-2.679271
37.98	-6.898709	-6.825994	-1.2773	-7	-0.7550607	-0.6731067	0.2284956	0.1883211	-1.362465
38	-6.741218	-6.825994	-0.4286005	-7	-0.8598291	-0.9574792	4.803776	-0.4681676	-1.83519
38.02	-6.850492	-6.825994	-1.05201	-7	-0.7574322	-0.8385314	0.6852756	-0.07122094	-2.718754
38.04	-6.779301	-6.757704	-0.7155143	-7	-0.7313064	-0.7464719	0.2159969	0.2493898	-2.09233
38.06	-6.62811	-6.757704	0.04947108	-7	-0.8789409	-1.003158	3.566051	-0.498702	-2.467622
38.08	-6.831948	-6.757704	-1.128646	-7	-0.74325	-0.7494377	-3.721678	-0.4681676	-3.368546
38.1	-6.851861	-6.825994	-1.202575	-7	-0.813383	-0.736338	-1.641761	0.2035883	-2.2304
38.12	-6.810755	-6.894283	-0.9180921	-7	-0.9672778	-1.022861	4.063301	-0.5750378	-2.149508
38.14	-6.962578	-6.825994	-1.759903	-7	-0.7608572	-0.7436758	-1.037351	-0.3765645	-2.414521
38.16	-6.825321	-6.825994	-0.9875515	-7	-0.802766	-0.8146234	3.006127	0.5394658	-1.467111
38.18	-6.753248	-6.825994	-0.5997072	-7	-0.8421683	-0.9790546	4.625083	-0.4834343	-2.204952
38.2	-6.898747	-6.825994	-1.394074	-7	-0.6936151	-0.7341759	-0.7629124	0.005114958	-2.620286
38.22	-6.710302	-6.757704	-0.3972543	-7	-0.7718384	-0.8219922	2.477103	0.5547334	-1.792579
38.24	-6.676048	-6.757704	-0.2678566	-7	-0.8246617	-0.947596	1.805916	-0.3002286	-2.85983
38.26	-6.800491	-6.757704	-0.9936078	-7	-0.7587067	-0.7620639	-2.888351	-0.1780908	-3.108688
38.28	-6.806689	-6.825994	-0.9968941	-7	-0.8618407	-0.8360648	-0.3926582	0.2035883	-2.438657
38.3	-6.763242	-6.757704	-0.8071255	-7	-0.8789335	-0.8840477	0.3239282	-0.5292363	-2.457877
38.32	-6.851948	-6.825994	-1.278744	-7	-0.869901	-0.8669348	-0.3825438	0.03564932	-2.680881
38.34	-6.772916	-6.757704	-0.886785	-7	-0.8766847	-0.8795875	1.06683	-0.07122094	-2.189265
38.36	-6.874975	-6.825994	-1.423275	-7	-0.8285186	-0.8228192	-0.5869479	-0.0254194	-2.59105
38.38	-6.82311	-6.825994	-1.113094	-7	-0.867719	-0.8830161	2.101481	0.2188555	-2.0162
38.4	-6.842061	-6.825994	-1.202551	-7	-0.8327166	-0.8798286	1.780504	-0.1017549	-2.298551
38.42	-6.842956	-6.825994	-1.187575	-7	-0.8026804	-0.8445075	1.688723	0.02038214	-2.176945
38.44	-6.740538	-6.757704	-0.6658505	-7	-0.8020338	-0.8715389	2.210188	0.03564932	-2.163094
38.46	-6.792955	-6.825994	-0.9352835	-7	-0.8185523	-0.8994636	1.246945	-0.01015222	-2.7277
38.48	-6.803001	-6.825994	-0.974972	-7	-0.8426507	-0.9015173	1.584834	-0.07122094	-2.489596
38.5	-6.811243	-6.825994	-1.01042	-7	-0.8507038	-0.9103535	1.760788	0.02038214	-2.463177
38.52	-6.743116	-6.757704	-0.6876099	-7	-0.8460747	-0.9112823	1.697659	-0.07122094	-2.431329
38.54	-6.815055	-6.825994	-1.068297	-7	-0.8492243	-0.9019554	0.5347239	-0.0254194	-2.801456
38.56	-6.823283	-6.825994	-1.098382	-7	-0.8658078	-0.8962612	1.175182	-0.01015222	-2.437148
38.58	-6.787765	-6.757704	-0.947072	-7	-0.8252481	-0.8433921	0.2724744	-0.0254194	-2.402391
38.6	-6.733037	-6.757704	-0.6845492	-7	-0.8628498	-0.9051192	0.7925522	0.005114958	-2.574307
38.62	-6.778151	-6.757704	-0.9667379	7	-0.842878	-0.85261	0.5935739	-0.01015222	-2.394202
38.64	-6.928266	-6.894283	-1.696	7	-0.8300548	-0.8273616	3.430403	-0.0254194	-1.590197
38.66	-6.863506	-6.825994	-1.310742	7	-0.7445548	-0.8122996	8.912358	0.005114958	-0.1636972
38.68	-6.78947	-6.825994	-0.8757117	7	-0.6289769	-0.8600787	13.74826	0.2799242	0.208252
38.7	-6.691342	-6.825994	-0.3073472	7	-0.5222522	-0.9227675	18.6892	2.554733	0.5341463
38.72	-6.641816	-6.825994	-0.0003865957	7	-0.3702335	-0.899209	21.58462	5.76084	0.7080193
38.74	-6.716038	-6.825994	-0.339578	7	-0.08022352	-0.599377	20.057	5.318092	1.142163
38.76	-6.663723	-6.825994	0.05670321	7	0.1251563	-0.4140373	22.28173	9.424961	2.282236
38.78	-6.50458	-6.825994	1.037003	7	0.2057967	-0.5023286	27.61858	7.089085	2.681004
38.8	-6.693655	-6.757704	0.07797566	7	0.6793599	0.09628341	18.68967	9.043282	2.418352
38.82	-6.474741	-6.757704	1.41357	7	0.7424672	0.1364179	24.20185	10.40206	4.174134
38.84	-6.493464	-6.757704	1.430277	7	0.9367728	0.262729	22.45798	7.424962	3.526031
38.86	-6.549789	-6.894283	1.36458	7	0.9952669	0.2922036	25.4303	9.669236	4.185396
38.88	-7.021202	-7.167441	-0.7442321	7	1.297305	0.702761	23.14368	8.050916	4.990597
38.9	-6.861566	-7.099152	0.5383574	7	1.478827	0.8080028	32.90853	9.669236	8.167244
38.92	-6.673924	-7.099152	1.911581	7	1.661158	0.6638811	39.63077	8.020382	7.950265
38.94	-6.687172	-7.099152	2.157514	7	1.997796	0.9037553	37.78965	15.88298	7.507335
38.96	-6.791761	-7.167441	1.980409	7	2.334911	1.313047	34.75618	15.28756	8.143782
38.98	-5.440944	-5.733358	8.589924	7	2.893097	1.966201	24.46713	15.5471	9.225269
39	-7.010004	-7.4406	0.7949886	7	2.849453	2.186718	4.351789	13.24175	2.562362
39.02	-7.23155	-7.4406	0.3449143	7	2.67398	2.435538	19.862	10.41733	10.99185
39.04	-6.221541	-6.484545	5.683608	7	2.891062	2.265764	29.68816	-8.147556	12.58201
39.06	-7.536177	-7.850338	-0.5441693	7	3.061773	2.335334	21.9538	11.97458	7.823132
39.08	-6.809026	-6.894283	3.576791	7	3.479271	2.947095	31.32468	12.64634	15.28888
39.1	-5.336793	-5.460199	10.59659	7	4.221846	3.524354	13.79668	8.982214	12.1689
39.12	-5.052277	-5.733358	11.51211	7	3.942891	3.285749	-4.993074	23.18069	4.92915
39.14	-5.850375	-6.143096	6.92949	7	3.636888	3.707486	-25.13566	8.157786	3.241683
39.16	-6.204588	-6.416255	5.029046	7	2.983517	3.437295	-14.73927	-9.384198	7.556737
39.18	-5.229536	-5.733358	9.679328	7	2.315257	2.265564	10.30914	-17.90328	9.740793
39.2	-6.086966	-6.143096	4.631702	7	2.552824	2.479664	-3.141092	-4.742976	5.082123
39.22	-5.219039	-5.32362	8.483201	7	2.574412	2.611504	7.787477	-3.933816	10.6553
39.24	-6.46114	-5.869938	1.438691	7	3.465213	3.954514	-21.68547	2.860077	7.041866
39.26	-6.198532	-6.484545	3.305273	7	2.751973	2.972643	19.41297	-6.636106	14.96815
39.28	-6.364397	-5.801648	2.144227	7	3.866854	3.992361	6.514872	8.142518	14.20158
39.3	-5.254639	-6.143096	8.329945	7	3.116302	2.279542	49.34605	0.02038214	16.59681
39.32	-4.764919	-5.460199	10.35684	7	3.50867	2.087168	42.80231	21.95931	11.06987
39.34	-3.790572	-4.777303	14.58663	7	3.525026	2.022124	37.35757	16.03565	9.29413
39.36	-5.272436	-5.050462	5.890662	7	4.66393	4.369288	-19.84685	24.67687	4.602604
39.38	-3.995147	-4.709013	12.28115	7	3.697981	3.588485	10.37797	-6.437633	13.48202
39.4	-3.933049	-4.094406	11.42347	7	3.983486	3.847929	-13.5536	-5.704808	6.797369
39.42	-2.779362	-3.752957	16.39656	7	2.934301	2.583141	3.393627	-18.69717	7.208536
39.44	-5.598359	-4.367564	0.3785238	7	4.475558	5.734428	-71.16881	9.531832	1.216519
39.46	-4.280133	-4.094406	7.177924	7	3.451597	5.004265	-19.77515	-17.82694	17.81334
39.48	-4.681756	-3.752957	4.176478	7	4.276109	5.550816	-40.13759	-3.674274	11.40644
39.5	-3.133579	-3.411509	11.71684	7	3.426199	4.041271	-3.520166	-22.48343	14.97082
39.52	-4.800316	-3.13835	1.591725	7	5.393831	7.038383	-75.03639	20.95168	7.242274
39.54	-2.5152	-2.728612	13.14145	7	3.961838	5.268927	-20.62568	4.127253	17.89712
39.56	-2.760799	-2.387164	10.39182	7	4.249876	5.188042	-50.14799	18.75321	5.810202
39.58	-1.237307	-2.045715	17.18255	7	2.692368	3.182002	-16.40466	-4.208625	7.95462
39.6	-0.9710618	-0.4067631	15.77075	7	3.446192	4.510734	-69.17207	18.14252	-0.09473991
39.62	-0.07464233	-0.2701836	18.19387	7	2.280916	3.749341	-68.62188	-23.87275	-0.2333765
39.64	-0.6520504	-0.2701836	12.75357	7	1.685287	3.68079	-89.19581	-11.67427	-4.647577
39.66	0.03849924	0.6175833	13.81764	7	0.9598958	3.409911	-84.5056	-33.78114	-0.6312351
39.68	1.104035	0.6858721	17.01051	7	-0.8001936	0.7587955	-48.49008	-35.17046	-3.066911
39.7	0.4168815	0.6858721	10.72812	7	-1.168342	0.3157973	-55.45139	-39.73534	-7.853944
39.72	1.125848	0.4127131	12.55727	7	-2.813897	-2.11863	1.819394	-33.17045	-2.361575
39.74	1.232419	1.641927	10.18217	7	-2.001516	-1.500212	-10.83327	-31.49107	-4.655397
39.76	3.222023	2.597983	17.81341	7	-2.496156	-2.656736	16.69487	-20.46817	-2.47411
39.78	2.383953	2.597983	10.40765	7	-1.628658	-1.476243	-25.41479	-6.880381	-11.25498
39.8	2.802989	2.529693	10.54325	7	-2.188419	-1.737216	-6.520111	-16.17809	-4.590173
39.82	3.418039	3.827197	10.9749	7	-1.521771	-0.8979282	-23.66948	-10.16282	-5.289831
39.84	3.553036	3.895488	9.287887	7	-1.3302	-0.4002475	-36.69955	-17.81168	-6.495708
39.86	4.08654	4.168647	9.943103	7	-1.69779	-0.7542077	-30.69953	3.5471	-5.624404
39.88	5.143572	5.466149	12.67904	7	-1.575434	-0.5571965	-42.46796	-5.613205	-7.190207
39.9	4.513365	4.851542	7.159895	7	-1.825821	-0.4792157	-58.03635	-1.231526	-11.36874
39.92	6.139304	6.080756	13.22813	7	-2.695854	-1.497333	-35.27042	-5.063587	-6.850138
39.94	5.292264	5.124701	6.75173	7	-3.426245	-2.619301	-35.09543	-11.18572	-14.46863
39.96	5.352087	5.466149	5.186265	7	-3.838206	-2.933134	-16.91166	-12.17809	-8.857031
39.98	5.509219	6.149047	3.873408	7	-3.275539	-2.33662	-21.09512	-11.39946	-7.599378
40	4.90381	5.124701	-0.3583956	7	-3.425675	-2.748149	-3.934271	-15.04832	-6.425893
40.02	8.035725	7.856288	13.68157	7	-3.328816	-3.466189	22.15861	-8.971984	-1.712228
40.04	6.15497	6.353915	1.954543	7	-2.591863	-2.607926	-27.44455	6.432596	-16.91214
40.06	6.620838	6.968522	3.04628	7	-2.621298	-1.768213	-18.99206	12.89061	-5.657911
40.08	6.367634	6.763654	0.586446	7	-2.491699	-1.735524	-20.3453	8.508931	-7.066779
40.1	6.515967	6.422206	0.7574879	7	-2.979842	-2.642159	5.135711	-3.170457	-4.680713
40.12	7.950882	7.924579	6.725238	7	-2.709658	-2.850813	10.33098	-3.75061	-4.73656
40.14	8.349093	8.470897	6.868599	7	-2.161239	-2.16588	-20.2898	6.768473	-11.36423
40.16	7.47793	7.583131	1.220207	7	-2.403841	-1.780826	-35.26368	8.386794	-12.70397
40.18	7.899072	8.197738	2.294578	7	-2.670088	-1.711558	-28.71505	0.1730539	-7.717237
40.2	6.892539	7.241681	-3.514491	7	-2.903456	-1.987633	-26.00982	-10.22389	-9.389908
40.22	6.860967	7.241681	-3.930757	7	-3.045444	-2.274808	-2.187274	-13.15519	-3.412262
40.24	8.43547	8.744054	3.192828	7	-2.602047	-2.406424	6.933464	-12.55977	-2.402105
40.26	8.996119	8.744054	4.945261	7	-2.626399	-2.927686	-1.066008	-2.147557	-9.838945
40.28	7.281168	7.309972	-4.343407	7	-2.725245	-2.562987	-15.09795	24.95168	-12.53601
40.3	6.995692	7.241681	-5.673449	7	-2.86117	-2.426312	7.532238	23.48603	-3.11578
40.32	8.229236	8.539186	0.1853865	7	-2.302651	-2.322181	16.08936	7.684505	-0.9995823
40.34	7.68047	7.583131	-2.772574	7	-2.163839	-2.549962	11.32136	-8.865114	-6.761761
40.36	7.52466	7.583131	-3.512654	7	-1.946568	-2.168473	14.13966	-14.3613	-3.60782
40.38	8.112951	7.583131	-0.2241132	7	-2.301442	-3.083545	36.53212	-6.315495	-2.469822
40.4	7.536189	7.583131	-3.347324	7	-1.592654	-2.277076	17.26338	17.05855	-5.646857
40.42	7.795847	7.924579	-2.005073	7	-1.131481	-1.433509	11.06685	12.6158	-2.192822
40.44	7.910117	7.856288	-1.334867	7	-1.003425	-1.303983	6.229149	12.43259	-3.406614
40.46	8.076356	7.856288	-0.3895153	7	-1.150989	-1.479287	6.046652	4.005114	-4.168651
40.48	8.142593	7.924579	-0.09111941	7	-1.292148	-1.59737	2.862028	5.913512	-5.372414
40.5	7.271479	7.309972	-4.397341	7	-1.301563	-1.311116	-4.809705	5.150153	-6.011591
40.52	7.145293	7.309972	-4.643415	7	-1.310362	-1.151273	4.059353	0.005114958	-1.506668
40.54	7.116577	7.309972	-4.419615	7	-1.100122	-1.101278	8.370015	-0.9872517	-0.80937
40.56	7.41486	7.309972	-2.463587	7	-1.115872	-1.447713	18.24955	0.3409929	-0.556653
40.58	7.392366	7.309972	-2.330445	7	-0.9057922	-1.377901	14.79572	9.119617	-2.247729
40.6	7.314081	7.309972	-2.491648	7	-0.6748998	-1.011206	8.682837	10.15779	-2.20903
40.62	7.186257	7.241681	-2.853327	7	-0.5044562	-0.6719723	3.275171	7.043282	-1.914231
40.64	7.212149	7.241681	-2.391906	7	-0.461493	-0.5510001	1.983754	1.715039	-1.415983
40.66	7.292506	7.309972	-1.735479	7	-0.4420074	-0.5089201	-0.4560026	2.814275	-1.806436
40.68	7.293553	7.241681	-1.500243	7	-0.5506836	-0.612379	-1.524056	1.944046	-2.50758
40.7	7.190309	7.241681	-1.880898	7	-0.5648023	-0.5155106	-5.578254	2.264657	-2.842511
40.72	7.814022	7.856288	1.175487	7	-0.5865228	-0.4848966	-8.316111	0.2799242	-2.527361
40.74	7.918455	7.924579	1.350667	7	-0.7069011	-0.5182709	-20.45033	-0.3307626	-6.07376
40.76	7.830729	7.924579	0.5207654	7	-0.9851931	-0.4759901	-29.15	0.2035883	-6.962462
40.78	7.68829	7.924579	-0.5838666	7	-1.291015	-0.5051795	-33.15445	-3.109389	-6.806425
40.8	7.382643	7.787999	-2.446256	7	-1.518171	-0.5303689	-34.00101	-7.094121	-6.214873
40.82	7.372573	7.924579	-2.784724	7	-1.588303	-0.5019217	-31.41566	-13.13992	-4.56406
40.84	7.525309	7.856288	-2.17116	7	-1.859041	-1.012245	-20.8873	-20.14755	-4.299982
40.86	7.824641	7.924579	-0.8668244	7	-2.165162	-1.708777	-9.218283	-16.78878	-4.990546
40.88	6.819557	7.309972	-6.159068	7	-1.906509	-1.318797	-17.3128	4.005114	-6.47116
40.9	5.714025	6.422206	-11.16506	7	-1.674479	-0.8344052	-5.836369	-0.4681676	-0.7085104
40.92	5.984203	6.353915	-8.696898	7	-1.552281	-1.32728	29.29298	-0.0254194	5.697063
40.94	7.677109	7.583131	0.3226585	7	-1.050739	-1.89211	45.89094	4.814275	4.72318
40.96	8.101375	7.65142	2.349927	7	-0.6129849	-1.898406	27.18623	20.81427	-3.981791
40.98	7.081448	7.036813	-2.849192	7	-0.2023483	-0.7220572	-3.316155	34.53946	-6.456917
41	6.70132	7.036813	-4.42835	7	0.0250558	0.3234832	-13.01588	23.34863	-1.328169
41.02	6.565245	7.036813	-4.671787	7	0.2192307	0.7905128	-17.34487	-3.491068	0.4679422
41.04	6.894475	7.036813	-2.447303	7	-0.01501483	0.3627048	-8.398648	-17.39947	0.9789534
41.06	7.070695	7.036813	-1.213541	7	-0.2538994	-0.1576282	-5.017612	-15.06359	-1.209962
41.08	6.541419	7.036813	-3.871705	7	0.1479178	0.6400335	-24.20568	16.15779	-2.584748
41.1	6.658785	7.036813	-2.939459	7	0.05007565	0.773438	-21.5752	10.44786	0.1540556
41.12	6.653955	6.968522	-2.699033	7	-0.06698969	0.5704094	-20.62853	-2.117022	-0.7506514
41.14	6.824286	6.968522	-1.587766	7	-0.3424537	0.1385173	-14.41541	0.2341222	-0.9970303
41.16	6.805336	6.968522	-1.601373	7	-0.4710893	-0.07667319	-14.42933	2.264657	-2.207001
41.18	6.976849	7.036813	-0.6817306	7	-0.7001512	-0.3931708	-10.27524	1.730306	-2.291183
41.2	6.986534	7.036813	-0.6993588	7	-0.8586218	-0.6239423	-9.973675	-2.086488	-3.388411
41.22	6.84188	7.036813	-1.563134	7	-0.8571619	-0.508534	-13.57393	-0.8651139	-3.55119
41.24	6.842273	7.105102	-1.662184	7	-0.8461573	-0.3879173	-14.55519	-3.429999	-2.761459
41.26	6.824461	7.036813	-1.791901	7	-0.919923	-0.4841778	-12.72508	-4.23916	-2.705202
41.28	6.774595	6.968522	-2.050791	7	-0.986115	-0.603374	-9.942461	-6.162823	-2.588004
41.3	6.824267	7.036813	-1.832266	7	-0.9671519	-0.6313546	-8.113588	-4.055954	-2.274765
41.32	6.672184	6.968522	-2.640261	7	-0.8318604	-0.4570164	-10.74018	-3.491068	-2.440309
41.34	6.870135	6.968522	-1.527952	7	-0.9599062	-0.7134058	-3.090317	-0.5445031	-1.496936
41.36	6.890299	7.036813	-1.479053	7	-0.8758186	-0.7212155	-4.815913	-0.08648812	-2.55723
41.38	6.864492	6.968522	-1.604831	7	-0.8821334	-0.725638	-4.652009	0.386794	-2.595144
41.4	6.849217	7.036813	-1.72163	7	-0.786048	-0.5675036	-7.145766	0.7684735	-2.451181
41.42	6.92288	7.036813	-1.33623	7	-0.8195948	-0.6145753	-6.029322	-0.3002286	-2.312913
41.44	6.882676	7.036813	-1.576192	7	-0.78869	-0.5647038	-8.102447	0.03564932	-2.728243
41.46	6.925269	7.036813	-1.357236	7	-0.8450742	-0.6197965	-6.918474	-0.01015222	-2.509531
41.48	6.796268	6.968522	-2.023454	7	-0.8219311	-0.5640075	-8.548887	-0.1933584	-2.76704
41.5	6.826513	6.968522	-1.817509	7	-0.8618016	-0.6101081	-5.858407	0.005114958	-2.060719
41.52	6.885911	7.036813	-1.52371	7	-0.8290272	-0.6211311	-5.693453	0.02038214	-2.214323
41.54	6.932389	7.036813	-1.298096	7	-0.8441709	-0.6720454	-5.398453	0.0509165	-2.496024
41.56	6.842058	6.968522	-1.76202	7	-0.8394911	-0.6488479	-6.455106	-0.1017549	-2.751822
41.58	6.823936	6.968522	-1.827928	7	-0.8349271	-0.6176805	-5.780734	0.005114958	-2.267952
41.6	6.783339	6.968522	-2.015172	7	-0.7723409	-0.5363542	-6.575251	-0.3002286	-2.152141
41.62	6.910412	7.036813	-1.340715	7	-0.7789928	-0.5812728	-4.944841	0.1425196	-1.891444
41.64	6.883331	6.968522	-1.462485	7	-0.8077276	-0.6615784	-5.021731	-0.1780908	-2.572058
41.66	6.928771	7.036813	-1.249957	7	-0.8039014	-0.6412437	-5.445201	0.09671804	-2.461075
41.68	6.932794	7.036813	-1.260285	7	-0.8140889	-0.6418315	-6.348981	-0.07122094	-2.70904
41.7	6.894206	7.036813	-1.495809	7	-0.8016027	-0.5793278	-7.960038	0.06618368	-2.7475
41.72	6.83576	6.968522	-1.775994	7	-0.8407699	-0.5977403	-7.249242	-0.07122094	-2.539632
41.74	6.798733	6.968522	-1.94536	7	-0.8244928	-0.5708065	-6.788977	-0.01015222	-2.23722
41.76	6.852026	6.968522	-1.627635	7	-0.8552279	-0.6585622	-4.208623	0.02038214	-2.004173
41.78	6.82976	6.968522	-1.733447	7	-0.8103771	-0.6404579	-4.734395	-0.08648812	-2.277575
41.8	6.869486	6.968522	-1.497803	7	-0.8181881	-0.6729465	-3.515704	0.06618368	-2.1223
41.82	6.876081	6.968522	-1.450789	7	-0.8087091	-0.6885802	-3.550441	-0.07122094	-2.331944
41.84	6.781916	6.900233	-1.895123	7	-0.7806371	-0.6360035	-4.350715	-0.08648812	-2.365269
41.86	6.94901	7.036813	-1.028824	7	-0.7815315	-0.6583778	-2.748451	-0.01015222	-1.852984
41.88	6.924109	7.036813	-1.210786	7	-0.7262717	-0.5966504	-6.157396	-0.04068658	-2.745055
41.9	6.956216	7.036813	-1.065441	7	-0.7744479	-0.6068351	-6.348255	0.09671804	-2.617566
41.92	6.855884	6.968522	-1.589928	7	-0.8016604	-0.5991412	-7.437191	-0.1017549	-2.839808
41.94	6.920036	7.036813	-1.274983	7	-0.8359969	-0.6204645	-6.171029	-0.01015222	-2.328317
41.96	6.934224	7.036813	-1.239401	7	-0.8616644	-0.6766742	-6.080296	-0.0254194	-2.670114
41.98	6.94795	7.036813	-1.207055	7	-0.901316	-0.7286496	-5.546776	-0.05595376	-2.744557
42	6.885106	7.036813	-1.587209	7	-0.8637888	-0.6488063	-7.276601	-0.04068658	-2.816359
42.02	6.835939	6.968522	-1.821648	7	-0.8902853	-0.6627787	-5.932755	-0.1170225	-2.434436
42.04	6.837796	6.968522	-1.785427	7	-0.8906772	-0.6964991	-4.13635	0.03564932	-2.148368
42.06	6.809204	6.968522	-1.916537	7	-0.8238614	-0.6412389	-4.36939	-0.05595376	-2.113066
42.08	6.88929	7.036813	-1.500962	7	-0.7648626	-0.5915537	-4.309752	-0.01015222	-1.893677
42.1	6.891543	6.968522	-1.452212	7	-0.7904788	-0.6669458	-3.586744	-0.08648812	-2.278963
42.12	6.931038	7.036813	-1.263938	7	-0.7612159	-0.6287996	-4.508718	-0.07122094	-2.317938
42.14	6.855072	6.968522	-1.641313	7	-0.7518246	-0.5892387	-5.806102	-0.01015222	-2.526734
42.16	6.917159	7.036813	-1.319906	7	-0.7514477	-0.5670186	-5.51122	-0.1322897	-2.136511
42.18	6.949764	7.036813	-1.164105	7	-0.7812245	-0.6231351	-5.504373	-0.01015222	-2.474555
42.2	7.022192	7.105102	-0.8516822	7	-0.8074179	-0.6510537	-6.064044	-0.01015222	-2.679052
42.22	6.870028	6.968522	-1.647606	7	-0.8479609	-0.6579503	-7.282299	-0.08648812	-3.09038
42.24	6.837667	6.968522	-1.790009	7	-0.875807	-0.6509364	-5.58617	-0.04068658	-2.30232
42.26	6.863152	7.036813	-1.676762	7	-0.8139489	-0.5919174	-5.778669	-0.08648812	-2.104778
42.28	6.909266	7.036813	-1.441463	7	-0.806329	-0.6163177	-5.16639	-0.01015222	-2.17122
42.3	6.845645	6.968522	-1.748386	7	-0.8009999	-0.620834	-5.363105	-0.08648812	-2.397882
42.32	6.938668	7.036813	-1.260654	7	-0.8159873	-0.6602447	-3.757946	0.005114958	-2.049621
42.34	6.99119	7.105102	-1.053645	7	-0.774586	-0.6292498	-5.613235	-0.01015222	-2.540664
42.36	6.938559	7.036813	-1.34866	7	-0.798064	-0.6226794	-6.743623	-0.05595376	-2.80799
42.38	6.908988	7.036813	-1.514516	7	-0.8119962	-0.5954456	-6.969052	0.02038214	-2.554037
42.4	6.808438	6.968522	-2.008286	7	-0.8042554	-0.5583703	-7.110929	-0.0254194	-2.396392
42.42	6.824744	6.968522	-1.86723	7	-0.8146895	-0.589783	-4.747438	0.03564932	-1.836636
42.44	6.800399	6.968522	-1.956746	7	-0.7507253	-0.5502006	-4.893516	-0.1322897	-1.896299
42.46	6.879837	6.968522	-1.481831	7	-0.7739065	-0.6383892	-2.341225	0.1883211	-1.715052
42.48	6.919613	7.036813	-1.292274	7	-0.7065965	-0.5903416	-4.047049	-0.01015222	-2.146239
42.5	6.956766	7.036813	-1.106114	7	-0.7143362	-0.5908327	-4.772213	0.08145128	-2.341845
42.52	6.965462	7.036813	-1.077408	7	-0.746658	-0.6120089	-5.473877	-0.162824	-2.578296
42.54	6.966088	7.036813	-1.096661	7	-0.7941775	-0.6453585	-5.668976	-0.0254194	-2.671938
42.56	6.864628	6.968522	-1.619032	7	-0.819134	-0.6377723	-6.172445	-0.05595376	-2.714695
42.58	6.980774	7.105102	-1.066974	7	-0.8130977	-0.6183093	-5.512837	-0.1475568	-2.181076
42.6	6.836371	6.968522	-1.816972	7	-0.8057859	-0.6032946	-7.035667	0.005114958	-2.773233
42.62	6.918954	7.036813	-1.381431	7	-0.8333236	-0.6290963	-4.717315	-0.1017549	-1.991474
42.64	6.862052	7.036813	-1.708782	7	-0.7544783	-0.540445	-7.02755	-0.08648812	-2.413666
42.66	6.911932	7.036813	-1.437309	7	-0.7752504	-0.5630288	-5.69872	-0.0254194	-2.05613
42.68	6.890823	7.036813	-1.557931	7	-0.7472703	-0.5385634	-6.676137	0.02038214	-2.322614
42.7	6.940232	7.036813	-1.291632	7	-0.7918609	-0.6070583	-5.186211	0.3409929	-2.193824
42.72	6.879709	6.968522	-1.581524	7	-0.8242734	-0.6688579	-4.632183	-0.2544267	-2.476557
42.74	6.850341	6.968522	-1.70714	7	-0.8125554	-0.6499097	-4.001283	0.1425196	-2.162805
42.76	6.912323	7.036813	-1.390906	7	-0.7716952	-0.6205387	-3.795712	-0.2391599	-1.977103
42.78	6.776537	6.900233	-2.034507	7	-0.7460754	-0.5903263	-4.541665	-0.0254194	-2.271067
42.8	6.94795	7.036813	-1.119631	7	-0.7519604	-0.626533	-1.978959	-0.1017549	-1.535728
42.82	6.869635	6.968522	-1.519128	7	-0.7066827	-0.6040348	-4.275392	0.03564932	-2.44466
42.84	6.918238	6.968522	-1.222219	7	-0.7581969	-0.6582184	-2.459015	0.264657	-2.029608
42.86	6.903599	6.968522	-1.287048	7	-0.757454	-0.6757158	-2.866501	-0.2391599	-2.32884
42.88	6.887525	6.968522	-1.359253	7	-0.7471088	-0.6452578	-3.333311	0.005114958	-2.263291
42.9	6.906063	6.968522	-1.244144	7	-0.7655337	-0.6712656	-2.699314	-0.08648812	-2.180878
42.92	6.864838	6.968522	-1.457532	7	-0.7268457	-0.6087431	-4.086275	0.005114958	-2.294756
42.94	6.912014	6.968522	-1.185541	7	-0.7659499	-0.6636635	-2.569068	-0.1017549	-2.061791
42.96	6.973673	7.036813	-0.9026626	7	-0.7590421	-0.6775172	-3.150757	-0.1170225	-2.336734
42.98	6.826493	6.900233	-1.640284	7	-0.7715464	-0.6607858	-4.306101	0.005114958	-2.670152
43	6.945027	7.036813	-1.041428	7	-0.7674658	-0.6367438	-3.111195	-0.1322897	-1.90062
43.02	6.943742	7.036813	-1.095205	7	-0.7403314	-0.6200436	-4.928835	0.005114958	-2.514381
43.04	6.883116	6.968522	-1.404808	7	-0.7674827	-0.6167089	-5.196866	0.02038214	-2.502403
43.06	6.925941	7.036813	-1.207835	7	-0.76285	-0.593388	-5.092916	-0.07122094	-2.195971
43.08	6.93624	7.036813	-1.185382	7	-0.7684308	-0.6054392	-5.488356	0.005114958	-2.409166
43.1	6.929119	7.036813	-1.253473	7	-0.7750949	-0.597698	-5.964432	-0.05595376	-2.461678
43.12	6.849524	6.968522	-1.656007	7	-0.788384	-0.5919446	-5.954263	-0.01015222	-2.418943
43.14	6.85443	6.968522	-1.600698	7	-0.8052584	-0.6214264	-4.123594	-0.04068658	-1.983874
43.16	6.901953	7.036813	-1.374609	7	-0.7539287	-0.5898669	-4.347231	0.005114958	-1.985165
43.18	6.790592	6.900233	-1.89416	7	-0.7527771	-0.597608	-4.201948	0.02038214	-2.188977
43.2	6.963493	7.036813	-0.9854043	7	-0.7673507	-0.6589983	-1.48898	-0.05595376	-1.586865
43.22	6.93399	7.036813	-1.185974	7	-0.6984363	-0.6011856	-4.604702	0.005114958	-2.498903
43.24	6.866648	6.968522	-1.515474	7	-0.7021098	-0.545858	-5.420043	-0.01015222	-2.325316
43.26	6.948133	7.036813	-1.092827	7	-0.7260802	-0.5727541	-4.344649	-0.04068658	-1.984465
43.28	6.928114	7.036813	-1.228113	7	-0.7083136	-0.5511727	-5.971786	-0.1475568	-2.433812
43.3	7.012702	7.105102	-0.8413504	7	-0.732271	-0.5601925	-6.091788	-0.05595376	-2.330163
43.32	6.971543	7.036813	-1.085892	7	-0.798956	-0.6374092	-6.273435	-0.1933584	-2.801254
43.34	6.853875	6.968522	-1.693702	7	-0.8249054	-0.6222373	-6.324261	-0.0254194	-2.621125
43.36	6.913111	7.036813	-1.394238	7	-0.8315136	-0.6342558	-4.42907	-0.0254194	-1.980293
43.38	6.757706	6.900233	-2.153316	7	-0.7984881	-0.6144795	-4.665495	0.005114958	-2.250984
43.4	6.834219	6.968522	-1.70175	7	-0.766855	-0.602181	-2.064778	-0.01015222	-1.369017
43.42	7.019088	7.105102	-0.7802927	7	-0.7177587	-0.638929	-1.758393	0.03564932	-1.716316
43.44	6.917439	7.036813	-1.350601	7	-0.6391111	-0.5181763	-6.323075	0.06618368	-2.674723
43.46	6.93083	6.968522	-1.222119	7	-0.7475832	-0.6133152	-3.737327	-0.2086256	-2.132993
43.48	6.973707	7.036813	-1.016825	7	-0.7672616	-0.6626176	-3.418257	-0.07122094	-2.27835
43.5	6.943459	7.036813	-1.209077	7	-0.7490891	-0.6214225	-4.945298	-0.04068658	-2.51805
43.52	6.95765	7.036813	-1.150569	7	-0.776993	-0.6343829	-4.569582	-0.05595376	-2.350396
43.54	6.841037	6.968522	-1.747792	7	-0.7546834	-0.5767969	-5.746833	-0.04068658	-2.435311
43.56	6.978846	7.036813	-1.014996	7	-0.8199396	-0.6899583	-2.09799	-0.04068658	-1.790052
43.58	6.825522	6.968522	-1.823766	7	-0.7313042	-0.5872815	-5.316207	0.005114958	-2.530855
43.6	7.015077	7.105102	-0.8567185	7	-0.7444396	-0.5994576	-3.125226	0.1883211	-1.659263
43.62	6.872216	6.968522	-1.594786	7	-0.7277609	-0.5985744	-5.338518	-0.3765645	-2.662855
43.64	7.038637	7.105102	-0.7547221	7	-0.767697	-0.6370569	-3.237832	0.2951914	-1.907042
43.66	6.971258	7.105102	-1.190204	7	-0.696323	-0.5343738	-7.498899	-0.4681676	-2.806745
43.68	6.953632	7.036813	-1.274816	7	-0.7741155	-0.5762092	-6.310605	0.3409929	-2.427383
43.7	6.867693	6.968522	-1.690313	7	-0.8174431	-0.6290085	-5.179351	-0.4529004	-2.37374
43.72	6.919112	7.036813	-1.421958	7	-0.8092918	-0.6395707	-3.608585	0.2951914	-1.91248
43.74	6.930338	7.036813	-1.373874	7	-0.7825752	-0.6480676	-3.579535	-0.3460302	-2.141144
43.76	6.834907	6.968522	-1.842184	7	-0.7351969	-0.5762964	-4.53306	0.2493898	-2.165535
43.78	6.892011	6.968522	-1.477739	7	-0.7661905	-0.6453711	-1.546517	-0.1170225	-1.61993
43.8	6.994459	7.105102	-0.9920133	7	-0.6827986	-0.5889752	-3.070434	0.005114958	-1.922798
43.82	6.904893	6.968522	-1.425885	7	-0.7004362	-0.6021428	-4.033831	-0.01015222	-2.431952
43.84	6.883941	6.968522	-1.489636	7	-0.7127348	-0.5868402	-3.370115	-0.1780908	-1.994271
43.86	6.910321	6.968522	-1.307342	7	-0.7388211	-0.6495908	-1.811038	0.1119852	-1.895111
43.88	6.871507	6.968522	-1.489393	7	-0.6914393	-0.5975994	-2.882957	-0.1170225	-2.050254
43.9	6.978575	7.036813	-0.9287364	7	-0.6974521	-0.6196019	-1.982743	-0.01015222	-1.825233
43.92	6.995402	7.036813	-0.8665427	7	-0.7051366	-0.6477325	-3.106494	-0.0254194	-2.411278
43.94	6.912544	6.968522	-1.288551	7	-0.7291433	-0.6343772	-4.00438	-0.1017549	-2.53366
43.96	6.908507	6.968522	-1.284332	7	-0.7652844	-0.6579316	-2.755502	-0.01015222	-2.122096
43.98	6.975484	7.036813	-0.9594105	7	-0.7657312	-0.6836947	-2.275438	-0.07122094	-2.111027
44	6.962799	7.036813	-1.065534	7	-0.7444854	-0.6547383	-3.731376	-0.01015222	-2.457654
44.02	6.871531	6.968522	-1.53105	7	-0.7370222	-0.5996934	-4.620408	-0.07122094	-2.380945
44.04	6.874475	6.968522	-1.480818	7	-0.7488864	-0.60584	-3.175731	-0.08648812	-1.886691
44.06	6.957263	7.036813	-1.060461	7	-0.7380367	-0.636437	-2.407461	-0.08648812	-1.888846
44.08	6.957016	7.036813	-1.091214	7	-0.7130653	-0.6179324	-3.74701	0.2799242	-2.312617
44.1	7.003746	7.036813	-0.8612378	7	-0.7657524	-0.6831332	-2.856305	-0.1475568	-2.306256
44.12	6.960503	7.036813	-1.126579	7	-0.755146	-0.6496611	-4.426468	-0.01015222	-2.588266
44.14	6.917474	6.968522	-1.32816	7	-0.8119963	-0.6999622	-3.062774	-0.0254194	-2.352922
44.16	6.934935	7.036813	-1.263597	7	-0.7770798	-0.6557807	-3.265259	-0.1933584	-2.136827
44.18	6.932527	7.036813	-1.296485	7	-0.7444601	-0.6156786	-3.930261	0.02038214	-2.184144
44.2	6.931031	7.036813	-1.314483	7	-0.7239336	-0.581207	-4.385573	-0.05595376	-2.14073
44.22	6.936092	7.036813	-1.291574	7	-0.7181496	-0.5708467	-4.49299	-0.0254194	-2.115684
44.24	6.890344	6.968522	-1.490991	7	-0.7476023	-0.6149637	-3.597018	-0.1170225	-2.137045
44.26	6.933105	7.036813	-1.271435	7	-0.7214489	-0.5912119	-3.349886	0.005114958	-1.902959
44.28	6.97845	7.036813	-1.038256	7	-0.739828	-0.6476416	-2.725358	-0.01015222	-2.105199
44.3	6.883802	6.968522	-1.514283	7	-0.7268448	-0.6190456	-3.781566	-0.1780908	-2.358519
44.32	6.968138	7.036813	-1.069344	7	-0.7417111	-0.6373842	-2.277955	-0.01015222	-1.850395
44.34	6.904215	6.968522	-1.3838	7	-0.7410803	-0.6599033	-2.726043	-0.04068658	-2.298197
44.36	7.025334	7.105102	-0.7999488	7	-0.7140059	-0.6204075	-2.846092	-0.05595376	-1.959334
44.38	6.982616	7.036813	-1.047019	7	-0.7284002	-0.6400095	-4.184301	-0.08648812	-2.589293
44.4	6.986824	7.036813	-1.036363	7	-0.7739519	-0.6672763	-3.62406	-0.05595376	-2.387847
44.42	6.942975	6.968522	-1.242015	7	-0.8435832	-0.766722	-1.967531	-0.0254194	-2.432693
44.44	6.881582	6.968522	-1.552776	7	-0.8129181	-0.72255	-1.981581	-0.1017549	-2.216815
44.46	6.860149	6.968522	-1.637087	7	-0.758352	-0.656343	-1.706331	-0.0254194	-1.838315
44.48	6.947227	7.036813	-1.180514	7	-0.7088605	-0.6312097	-1.274737	0.03564932	-1.66445
44.5	6.92436	7.036813	-1.314114	7	-0.6274303	-0.5300463	-3.92604	0.0509165	-2.092595
44.52	6.997158	7.036813	-0.9150748	7	-0.6772476	-0.5899562	-2.746067	-0.04068658	-1.951285
44.54	6.910318	6.968522	-1.343816	7	-0.69292	-0.6042842	-3.69587	-0.0254194	-2.392758
44.56	7.03841	7.105102	-0.7154146	7	-0.6992182	-0.5962874	-3.2617	-0.01015222	-1.961607
44.58	6.975059	7.036813	-1.074281	7	-0.7136488	-0.6089989	-4.977629	-0.1017549	-2.654588
44.6	6.988072	7.036813	-1.014601	7	-0.7760332	-0.6551368	-3.867799	-0.1322897	-2.345102
44.62	6.974361	7.036813	-1.110426	7	-0.8018548	-0.6905131	-3.619679	-0.0254194	-2.441877
44.64	6.865816	6.968522	-1.664098	7	-0.788453	-0.6491208	-4.013289	-0.04068658	-2.364365
44.66	6.878748	6.968522	-1.553113	7	-0.7949006	-0.6698701	-1.704805	0.1272524	-1.750321
44.68	6.862537	6.968522	-1.607934	7	-0.7370124	-0.6425853	-1.527848	-0.1933584	-1.78126
44.7	6.979574	7.036813	-0.990105	7	-0.7184039	-0.6706396	-0.2697134	0.2493898	-1.638563
44.72	6.9757	7.036813	-1.032022	7	-0.672094	-0.6335948	-2.3096	-0.2086256	-2.247106
44.74	6.965317	6.968522	-1.047421	7	-0.7379445	-0.7060763	-1.160653	0.1425196	-2.227139
44.76	7.037826	7.036813	-0.685783	7	-0.775659	-0.7721567	-0.2634177	-0.162824	-2.226689
44.78	7.062672	7.105102	-0.6416959	7	-0.7414871	-0.7137782	-2.759085	0.005114958	-2.638384
44.8	6.868723	6.968522	-1.653359	7	-0.7151707	-0.585852	-5.6757	-0.07122094	-2.766353
44.82	6.923272	7.036813	-1.353479	7	-0.7207549	-0.5439245	-4.076208	-0.284961	-1.727909
44.84	6.958819	7.036813	-1.166198	7	-0.7330674	-0.6116257	-3.236598	0.1883211	-1.999209
44.86	6.953598	7.036813	-1.204377	7	-0.7234764	-0.6106471	-3.651735	0.0509165	-2.186323
44.88	6.956226	7.036813	-1.196247	7	-0.7251687	-0.6069598	-3.673415	-0.07122094	-2.150617
44.9	6.878094	6.968522	-1.571296	7	-0.7255753	-0.5971599	-3.722213	0.0509165	-2.162419
44.92	6.927363	7.036813	-1.308316	7	-0.6959175	-0.5599966	-3.219719	-0.07122094	-1.739496
44.94	6.887311	6.968522	-1.47639	7	-0.6958921	-0.5866603	-2.929163	0.02038214	-1.97324
44.96	6.906334	6.968522	-1.329874	7	-0.7090175	-0.6250069	-1.47678	0.005114958	-1.761525
44.98	6.96163	7.036813	-1.050525	7	-0.669698	-0.602537	-1.988224	0.02038214	-1.866397
45	7.01268	7.036813	-0.7922831	7	-0.6965277	-0.6557294	-1.848428	-0.07122094	-2.148149
45.02	6.983802	7.036813	-0.9721333	7	-0.6904672	-0.6231493	-3.566802	-0.1475568	-2.456804
45.04	7.054395	7.105102	-0.6587311	7	-0.7127383	-0.6179639	-3.955014	0.06618368	-2.321437
45.06	6.911108	6.968522	-1.397112	7	-0.7552193	-0.6376188	-4.825601	-0.0254194	-2.721334
45.08	6.891406	6.968522	-1.46519	7	-0.7915514	-0.6554111	-2.751004	-0.04068658	-1.983926
45.1	6.937652	7.036813	-1.23905	7	-0.7529452	-0.6429515	-2.300942	0.005114958	-1.862763
45.12	6.970351	7.036813	-1.081644	7	-0.7415213	-0.6629592	-2.124249	0.005114958	-2.056575
45.14	6.973381	7.036813	-1.082915	7	-0.7306021	-0.654798	-2.62493	-0.08648812	-2.213852
45.16	6.894839	6.968522	-1.467426	7	-0.72779	-0.632007	-2.966861	-0.05595376	-2.222743
45.18	6.890921	6.968522	-1.445893	7	-0.7258649	-0.6280013	-1.775178	0.0509165	-1.799093
45.2	7.007581	7.036813	-0.8340521	7	-0.7424437	-0.709702	0.03156236	-0.04068658	-1.761802
45.22	6.87507	6.968522	-1.525375	7	-0.6642547	-0.6003517	-3.216611	-0.08648812	-2.38532
45.24	7.056256	7.105102	-0.6031619	7	-0.6795651	-0.6047763	-1.702207	0.02038214	-1.652414
45.26	6.985806	7.036813	-1.00166	7	-0.6742189	-0.6074458	-4.217283	-0.01015222	-2.633864
45.28	7.031494	7.105102	-0.8119747	7	-0.6857701	-0.5594258	-4.968394	-0.01015222	-2.288129
45.3	6.975616	7.036813	-1.117548	7	-0.7361279	-0.5995523	-5.265365	-0.3154958	-2.55081
45.32	6.832724	6.968522	-1.839851	7	-0.7203757	-0.5207528	-6.088334	0.09671804	-2.285152
45.34	6.885643	6.968522	-1.496783	7	-0.7752997	-0.618095	-1.994005	-0.1475568	-1.494081
45.36	6.848142	6.968522	-1.665765	7	-0.7073879	-0.5941506	-2.255498	-0.0254194	-1.761758
45.38	6.869942	6.968522	-1.503701	7	-0.666997	-0.5702068	-1.427778	0.2493898	-1.499177
45.4	6.97441	7.036813	-0.950937	7	-0.6395369	-0.5876031	-0.9957839	-0.162824	-1.583361
45.42	6.929226	6.968522	-1.159939	7	-0.6384031	-0.6015338	-2.012242	0.06618368	-2.138711
45.44	6.930839	6.968522	-1.116753	7	-0.6580693	-0.6066152	-1.611977	-0.1322897	-1.931308
45.46	7.043982	7.105102	-0.5836201	7	-0.6264107	-0.5655871	-2.837024	0.02038214	-1.970872
45.48	6.962337	6.968522	-0.9951586	7	-0.6986637	-0.6449144	-3.234072	-0.0254194	-2.581406
45.5	7.001946	7.036813	-0.8121807	7	-0.7377694	-0.6622097	-2.604964	-0.1933584	-2.216033
45.52	7.002687	7.036813	-0.8461949	7	-0.7662017	-0.6999811	-2.734606	0.005114958	-2.444604
45.54	6.948897	7.036813	-1.171169	7	-0.7402253	-0.6273123	-4.295532	-0.1475568	-2.455726
45.56	6.918064	6.968522	-1.305632	7	-0.7945716	-0.686627	-2.394699	-0.0254194	-2.140021
45.58	6.933369	7.036813	-1.252403	7	-0.7442003	-0.6345763	-2.694491	-0.0254194	-1.97533
45.6	6.952713	7.036813	-1.165516	7	-0.7214268	-0.6206633	-2.735432	-0.04068658	-1.997124
45.62	6.880067	6.968522	-1.517961	7	-0.7040864	-0.5956308	-3.081857	-0.05595376	-2.072408
45.64	6.967097	7.036813	-1.056203	7	-0.7034429	-0.6123847	-1.658878	0.06618368	-1.667459
45.66	7.00539	7.036813	-0.8679737	7	-0.7166664	-0.6763843	-1.481541	0.0509165	-2.118806
45.68	6.898138	6.968522	-1.415324	7	-0.6939896	-0.6195812	-3.038417	-0.1170225	-2.336457
45.7	6.980435	7.036813	-0.9807153	7	-0.706912	-0.6257157	-1.632059	0.09671804	-1.759498
45.72	7.076351	7.105102	-0.5362038	7	-0.7138476	-0.676205	-1.935193	-0.1322897	-2.197548
45.74	6.959915	6.968522	-1.13562	7	-0.7685652	-0.7293849	-2.475166	0.09671804	-2.722431
45.76	6.913985	6.968522	-1.354285	7	-0.7827586	-0.7070172	-1.58568	-0.162824	-2.140643
45.78	6.946673	7.036813	-1.200864	7	-0.7310364	-0.6495284	-1.722564	-0.08648812	-1.877071
45.8	7.049638	7.036813	-0.6634796	7	-0.7936114	-0.7916089	0.7318202	0.02038214	-1.998284
45.82	6.959138	7.036813	-1.186398	7	-0.7113688	-0.6722787	-2.815227	-0.1322897	-2.570447
45.84	7.128021	7.105102	-0.3346241	7	-0.7992256	-0.7846651	0.04283595	0.06618368	-2.048103
45.86	6.953782	7.036813	-1.303965	7	-0.7279207	-0.6635221	-4.585616	-0.1933584	-2.989805
45.88	6.953103	7.036813	-1.298154	7	-0.7470981	-0.6092689	-3.539846	0.03564932	-2.031654
45.9	6.82755	6.968522	-1.916652	7	-0.6922886	-0.5263464	-4.55336	-0.3002286	-2.018454
45.92	6.951643	7.036813	-1.227157	7	-0.7063424	-0.5807328	-1.41728	0.2035883	-1.300482
45.94	6.975256	7.036813	-1.101223	7	-0.6840454	-0.6267408	-1.696404	-0.2086256	-1.945708
45.96	7.007601	7.036813	-0.9279444	7	-0.7024043	-0.6637857	-1.36927	0.432596	-2.066753
45.98	6.774071	6.831944	-2.039704	7	-0.7099032	-0.6462451	-1.794261	-0.2391599	-2.262851
46	6.882848	6.968522	-1.405173	7	-0.6727661	-0.6036563	0.8536839	0.1577872	-1.026465
46.02	7.016048	7.036813	-0.7068163	7	-0.6439661	-0.6703207	1.30981	-0.2086256	-1.562285
46.04	6.972994	6.968522	-0.9153721	7	-0.6438298	-0.6844875	-0.1990813	0.4936643	-2.277174
46.06	6.872668	6.900233	-1.378459	7	-0.647128	-0.6339539	-0.854911	0.5089319	-2.093123
46.08	6.973432	6.968522	-0.8117229	7	-0.6869316	-0.6987791	1.46932	-0.3307626	-1.587296
46.1	6.914195	6.968522	-1.128294	7	-0.6172192	-0.614885	-1.326237	0.005114958	-2.154173
46.12	6.95784	6.968522	-0.8720554	7	-0.649599	-0.6340646	-0.4063247	-0.01015222	-1.827822
46.14	6.922751	6.968522	-1.053519	7	-0.6259089	-0.5944886	-1.902813	-0.08648812	-2.099036
46.16	7.035669	7.036813	-0.4830263	7	-0.670856	-0.6517033	-0.8577996	-0.1322897	-1.922538
46.18	7.003622	7.036813	-0.7085301	7	-0.6625696	-0.6259056	-3.345917	-0.05595376	-2.56527
46.2	7.032815	7.036813	-0.5913224	7	-0.7361958	-0.6784092	-2.733997	0.03564932	-2.414603
46.22	6.975379	7.036813	-0.9498235	7	-0.7370355	-0.6412612	-4.347994	-0.4681676	-2.613876
46.24	6.842467	6.968522	-1.646244	7	-0.7097735	-0.5338056	-5.601189	0.2341222	-2.297997
46.26	6.874449	6.968522	-1.437392	7	-0.7399991	-0.5798297	-2.601108	-0.05595376	-1.547043
46.28	6.844698	6.968522	-1.575537	7	-0.6778233	-0.5488309	-2.772342	-0.07122094	-1.687247
46.3	6.932504	7.036813	-1.120137	7	-0.6305317	-0.5186378	-2.371069	0.005114958	-1.464691
46.32	6.912054	6.968522	-1.197426	7	-0.6367417	-0.56179	-2.331919	-0.01015222	-1.896155
46.34	6.967947	7.036813	-0.9180843	7	-0.6191965	-0.5378587	-2.674472	0.005114958	-1.803404
46.36	6.981925	7.036813	-0.8649959	7	-0.6246443	-0.5422625	-3.555963	-0.1322897	-2.103962
46.38	6.978658	7.036813	-0.9038459	7	-0.6448492	-0.5409549	-4.246325	0.1272524	-2.203426
46.4	7.002594	7.036813	-0.7973157	7	-0.7050124	-0.6078916	-3.480706	-0.07122094	-2.212544
46.42	7.030783	7.105102	-0.7283536	7	-0.6988124	-0.5828689	-4.788661	-0.04068658	-2.373666
46.44	6.921852	6.968522	-1.285824	7	-0.7680044	-0.6442933	-4.194541	-0.0254194	-2.515045
46.46	6.85368	6.968522	-1.625822	7	-0.7501334	-0.5932294	-3.58394	-0.07122094	-1.954206
46.48	6.843374	6.968522	-1.64625	7	-0.7075966	-0.5614071	-2.43958	0.03564932	-1.533397
46.5	6.928045	7.036813	-1.202947	7	-0.6502082	-0.54247	-1.844919	-0.01015222	-1.410294
46.52	6.997174	7.036813	-0.843343	7	-0.6564997	-0.6089222	-1.329339	0.02038214	-1.809743
46.54	7.031995	7.036813	-0.677638	7	-0.6909903	-0.6752266	-1.256835	0.005114958	-2.19152
46.56	6.994184	7.036813	-0.9090384	7	-0.6842548	-0.635083	-2.905445	-0.1170225	-2.413197
46.58	6.992358	7.036813	-0.9361086	7	-0.7086865	-0.6296516	-2.902476	0.1119852	-2.220761
46.6	6.938491	6.968522	-1.194798	7	-0.7576147	-0.6896842	-1.843885	-0.1322897	-2.223094
46.62	7.04415	7.105102	-0.7031599	7	-0.7334282	-0.6692433	-1.664793	0.005114958	-1.947467
46.64	6.890053	6.968522	-1.503414	7	-0.7071188	-0.6187952	-3.639244	-0.04068658	-2.474866
46.66	6.883783	6.968522	-1.487957	7	-0.7111325	-0.5945935	-1.856807	-0.04068658	-1.635044
46.68	6.909309	6.968522	-1.310301	7	-0.7058072	-0.6459775	-0.1687784	0.02038214	-1.57528
46.7	6.913251	6.968522	-1.257632	7	-0.6703928	-0.6441186	0.05891275	-0.08648812	-1.687816
46.72	6.926219	6.968522	-1.155525	7	-0.6437343	-0.6318211	0.1820393	-0.0254194	-1.68541
46.74	7.013008	7.036813	-0.7092241	7	-0.6252574	-0.6306132	0.004157171	-0.07122094	-1.749272
46.76	7.019593	7.036813	-0.6987881	7	-0.6188779	-0.6169344	-1.699866	0.005114958	-2.224908
46.78	7.024197	7.036813	-0.6947264	7	-0.652143	-0.619631	-2.430135	-0.01015222	-2.295543
46.8	6.938135	6.968522	-1.130917	7	-0.6901084	-0.6266624	-2.85694	-0.01015222	-2.367589
46.82	6.977899	7.036813	-0.9405783	7	-0.6956546	-0.6104319	-2.374191	-0.05595376	-1.939699
46.84	6.890018	6.968522	-1.387954	7	-0.6801606	-0.5829347	-3.198308	-0.01015222	-2.142365
46.86	6.951633	7.036813	-1.071313	7	-0.6636934	-0.5551051	-2.482265	0.005114958	-1.657716
46.88	7.026458	7.036813	-0.688538	7	-0.7143892	-0.6756986	-0.9591134	0.03564932	-1.961578
46.9	6.926021	6.968522	-1.213156	7	-0.7100657	-0.665835	-2.155465	-0.0254194	-2.385572
46.92	7.004367	7.036813	-0.8158081	7	-0.7302625	-0.6826559	-0.6865239	-0.04068658	-1.846481
46.94	6.971517	7.036813	-1.025562	7	-0.6872028	-0.6334881	-2.503538	0.005114958	-2.256409
46.96	6.996002	7.036813	-0.909766	7	-0.7071317	-0.641564	-2.024667	-0.04068658	-2.055378
46.98	7.063832	7.105102	-0.615868	-7	-0.7089185	-0.6515318	-4.312886	-0.01015222	-2.697723
47	6.984326	7.036813	-1.061112	-7	-0.7554339	-0.6352732	-8.463678	-0.0254194	-3.626801
47.02	6.955541	7.036813	-1.228581	-7	-0.8534636	-0.6354325	-11.20839	-0.3002286	-3.846029
47.04	6.856755	7.036813	-1.782591	-7	-0.9001197	-0.5485719	-16.35901	-0.3918317	-4.370075
47.06	6.80113	6.968522	-2.047097	-7	-1.071432	-0.6372141	-17.43265	-2.117022	-4.502484
47.08	6.825206	7.036813	-1.963961	-7	-1.206582	-0.721148	-19.37011	-3.582671	-4.921742
47.1	6.677822	6.968522	-2.771833	-7	-1.305432	-0.7123039	-23.87856	-5.918549	-5.735803
47.12	6.705341	6.968522	-2.637873	-7	-1.522629	-0.878639	-23.10953	-7.872747	-5.619081
47.14	6.729948	7.036813	-2.612453	-7	-1.669408	-1.003159	-25.39525	-6.758244	-6.469273
47.16	6.657153	6.968522	-3.074871	-7	-1.868348	-1.1503	-27.2718	-8.575037	-7.262683
47.18	6.740089	7.036813	-2.7689	-7	-2.112531	-1.379707	-26.68467	-7.048319	-7.556038
47.2	6.581636	6.968522	-3.743483	-7	-2.260729	-1.456596	-30.53436	-7.185724	-8.671852
47.22	6.676797	7.036813	-3.394335	-7	-2.506876	-1.668929	-28.8516	-8.66664	-8.439583
47.24	6.518005	6.968522	-4.391622	-7	-2.63539	-1.746794	-32.35964	-9.04832	-9.573227
47.26	6.559917	6.968522	-4.292452	-7	-2.880334	-1.976213	-29.75399	-10.52924	-9.289225
47.28	6.592152	7.036813	-4.327641	-7	-3.028911	-2.145874	-30.64284	-10.3613	-10.10414
47.3	6.641244	7.036813	-4.273438	-7	-3.252905	-2.392757	-30.16416	-10.13229	-10.81812
47.32	6.64036	7.036813	-4.504324	-7	-3.471464	-2.61824	-30.56568	-9.872747	-11.66524
47.34	6.55157	6.968522	-5.162944	-7	-3.689569	-2.813735	-30.67996	-8.727709	-12.23386
47.36	7.447627	7.856288	-1.183991	-7	-3.808616	-2.968543	-32.34708	-9.139923	-12.31185
47.38	7.593859	7.924579	-1.294232	-7	-4.064705	-3.172782	-47.50988	-10.46817	-17.60453
47.4	7.472052	7.856288	-2.717871	-7	-4.596219	-3.354003	-56.19127	-12.04069	-19.1032
47.42	7.210713	7.856288	-4.847236	-7	-5.035496	-3.428883	-62.1916	-15.3842	-19.21142
47.44	6.237237	6.968522	-10.08225	-7	-5.628229	-3.852837	-54.91982	-24.6361	-18.34595
47.46	3.15041	4.168647	-24.59248	-7	-6.112284	-4.293211	-26.26698	-34.5445	-13.56128
47.48	6.215668	7.036813	-8.178524	-7	-5.788469	-5.070306	39.00574	-37.99488	2.902956
47.5	7.194942	7.036813	-3.337824	-7	-5.249585	-6.313742	35.34451	-30.89565	-12.8006
47.52	8.392877	7.309972	2.493031	-7	-5.763997	-7.427561	39.22355	-2.529236	-18.23841
47.54	7.331099	6.763654	-3.564068	-7	-5.74353	-6.923877	5.05937	15.08908	-25.71864
47.56	7.038433	6.968522	-5.42209	-7	-5.840326	-6.0512	-7.44629	15.33336	-20.93634
47.58	4.958415	5.466149	-15.69676	-7	-5.760302	-5.247366	-20.10267	2.096718	-20.05715
47.6	5.147829	5.807599	-13.87646	-7	-5.682373	-5.010846	4.926331	-16.62084	-9.418383
47.62	6.254386	6.285626	-7.637532	-7	-5.703662	-6.030195	26.71081	-25.5674	-10.62714
47.64	6.175502	5.739308	-7.579537	-7	-5.86822	-6.880627	29.61854	-17.5674	-17.03756
47.66	5.303415	5.466149	-11.66488	-7	-5.354244	-5.92267	11.42368	15.57763	-17.48613
47.68	4.959297	5.19299	-12.59054	-7	-5.139413	-5.365271	12.58316	16.44786	-13.37145
47.7	5.729847	6.012467	-8.188844	-7	-4.72045	-4.968358	8.658899	15.40969	-12.21561
47.72	4.893507	4.851542	-11.64054	-7	-4.880355	-5.206117	1.720944	14.15779	-17.02344
47.74	4.450851	4.851542	-13.05213	-7	-4.670801	-4.565	-3.196777	18.87534	-13.76314
47.76	3.318381	3.485749	-17.22955	-7	-4.9584	-4.952226	11.40707	6.279924	-12.25684
47.78	3.411826	3.485749	-15.03621	-7	-4.99992	-5.4562	38.71748	5.959313	-7.271849
47.8	3.232915	3.485749	-14.59491	-7	-4.267637	-5.08327	36.59978	8.417328	-8.560163
47.82	2.49694	2.529693	-16.50998	-7	-3.903831	-4.836366	39.90082	24.40206	-8.210472
47.84	1.422639	1.573638	-19.69699	-7	-3.416099	-4.343736	46.25002	19.53183	-5.277628
47.86	2.016842	1.641927	-14.16333	-7	-3.289727	-4.857468	75.4399	21.34863	-0.5089121
47.88	0.4250875	0.9590311	-20.27946	-7	-1.646204	-2.92501	39.30128	23.30282	-4.885047
47.9	0.1869528	0.002975464	-18.30016	-7	-1.547777	-2.814435	63.28027	33.04328	2.841364
47.92	0.300775	0.4127131	-15.19766	-7	-0.5265449	-2.007717	54.84092	20.5242	2.486968
47.94	-0.08194524	-0.6799221	-14.19856	-7	-0.5243012	-2.349462	61.03821	37.85244	0.5466166
47.96	-0.7127039	-0.7482109	-14.90778	-7	0.2681197	-1.204029	41.92811	25.31809	0.4955063
47.98	-1.578094	-1.635977	-16.4196	-7	0.6062907	-0.5086786	35.51378	30.23412	2.175569
48	-2.476257	-2.728612	-17.63568	-7	0.5456471	-0.6228503	48.17918	7.959313	4.854704
48.02	-2.995241	-2.728612	-17.27454	-7	1.384533	0.3547219	42.68055	13.62343	7.624275
48.04	-2.290652	-2.728612	-10.63488	-7	1.429856	-0.07959145	57.59	9.608168	8.897905
48.06	-3.149184	-3.684668	-12.24063	-7	1.599712	-0.1442465	47.05156	15.24175	3.102195
48.08	-3.259393	-3.684668	-10.16042	-7	1.752136	0.2659844	44.29781	22.43259	5.578249
48.1	-5.445035	-5.118752	-18.54327	-7	2.533517	1.788241	15.95287	15.6387	4.202307
48.12	-3.942095	-4.094406	-7.971914	-7	2.462203	1.680897	42.31854	0.9974816	14.25738
48.14	-5.21558	-5.460199	-11.93551	-7	2.680774	1.53046	24.58004	5.684504	4.409099
48.16	-4.69669	-5.733358	-6.343379	-7	1.735298	0.1957791	58.95842	1.608168	9.272653
48.18	-5.971881	-6.143096	-10.77229	-7	2.409732	1.0131	33.66894	16.7074	4.275155
48.2	-5.459225	-6.484545	-5.45815	-7	1.683896	-0.008775651	65.50274	1.226489	9.740713
48.22	-6.51491	-6.484545	-9.164246	-7	2.778609	1.424388	30.34178	10.26466	5.133487
48.24	-6.081315	-7.167441	-4.361445	-7	1.937614	0.2906058	62.20009	-1.811679	9.795566
48.26	-6.359002	-6.143096	-4.717299	-7	3.312081	2.176169	16.93101	10.02038	5.611377
48.28	-5.333393	-6.757704	2.456104	-7	1.967254	0.376313	46.29684	-1.826946	6.320656
48.3	-6.987472	-7.50889	-4.859472	-7	2.108277	0.8353728	15.23349	7.592901	-1.350366
48.32	-7.239041	-8.123497	-4.203925	-7	1.212884	0.116922	43.56148	-5.292594	6.213165
48.34	-8.703785	-7.782049	-10.73124	-7	2.915467	2.750796	-1.035624	-5.491068	6.210074
48.36	-7.83549	-8.396656	-4.002517	-7	2.099862	1.470257	45.10033	-20.05595	14.10929
48.38	-8.730671	-8.123497	-7.524763	-7	3.531866	3.073371	6.830078	1.86771	8.267882
48.4	-6.791965	-7.850338	4.122417	-7	2.481015	1.322739	48.36719	1.806642	12.82823
48.42	-6.889749	-7.4406	3.877691	-7	2.862158	1.519448	11.86395	18.06618	0.9453239
48.44	-7.227519	-8.464945	3.118474	-7	1.651818	0.4844046	21.13597	9.287557	0.4933205
48.46	-9.016609	-8.191787	-5.941996	-7	2.905472	3.239153	-33.43542	8.371526	0.7163897
48.48	-8.157718	-8.123497	-0.4527388	-7	2.259578	2.839545	-5.824542	-27.43	10.27745
48.5	-10.04076	-9.147842	-9.300861	-7	2.967144	3.837804	-33.30913	-12.92618	4.93328
48.52	-8.513167	-9.079553	0.2685866	-7	1.614543	1.636271	32.6891	-10.72771	14.87552
48.54	-9.995449	-9.079553	-6.979889	-7	3.186586	3.309249	-13.12831	7.76084	5.837916
48.56	-7.557233	-9.079553	7.155801	-7	1.254045	0.1181412	65.32069	4.722672	14.16408
48.58	-9.017404	-9.079553	-0.4835483	-7	2.453555	1.245886	12.24444	14.92115	-0.1525087
48.6	-7.508803	-9.011263	8.132915	-7	1.073592	-0.4265866	57.16897	9.180686	7.745555
48.62	-9.476129	-9.079553	-2.375685	-7	2.618065	1.971426	-8.778989	7.470764	-1.327476
48.64	-8.8977	-9.421001	1.57347	-7	1.835847	1.536472	23.15225	-18.30023	9.571682
48.66	-10.30507	-8.464945	-6.147058	-7	4.366103	5.447632	-54.95637	-2.788778	5.904619
48.68	-8.223192	-8.738104	5.721657	-7	2.780882	3.31809	1.892784	-13.99488	14.38678
48.7	-9.19715	-8.738104	0.5007961	-7	3.369662	3.818497	-38.60659	13.66924	2.067899
48.72	-5.857937	-7.782049	17.92627	-7	0.7200471	-0.1259575	34.69128	5.516565	7.064764
48.74	-9.158775	-9.079553	-0.1953949	-7	1.474034	1.210307	-41.75814	6.234122	-12.33922
48.76	-7.265063	-8.123497	9.514429	-7	-0.1563022	-0.05838507	14.32452	-10.84984	5.423496
48.78	-10.37693	-8.533236	-7.788207	-7	2.155274	3.583388	-74.8599	-5.15519	-5.074415
48.8	-8.527312	-8.806395	2.668678	-7	0.3906805	1.494393	7.001705	-18.46817	13.00654
48.82	-9.221334	-7.782049	-1.920519	-7	2.230365	3.313892	-44.99607	-14.51397	2.80751
48.84	-7.013791	-8.123497	9.849222	-7	0.2360154	0.1601846	23.04748	-5.720076	7.761163
48.86	-7.43978	-7.167441	6.136041	-7	1.181941	1.113742	-27.6457	2.249389	-4.826789
48.88	-6.01261	-7.4406	13.00345	-7	-0.774323	-1.304848	14.44346	6.096718	-1.984615
48.9	-7.664597	-7.4406	2.930102	-7	-0.1469848	-0.004466593	-34.98106	-12.98725	-10.38766
48.92	-5.125868	-6.416255	15.11376	-7	-2.011808	-2.360507	22.20875	-24.4071	-0.8869162
48.94	-7.766068	-7.167441	-0.3911076	-7	-0.8592109	-0.5132862	-46.17387	-30.52924	-14.6918
48.96	-5.010904	-5.801648	12.84097	-7	-2.390922	-2.171001	13.6306	-9.704808	0.5597658
48.98	-6.552362	-6.143096	2.858981	-7	-1.546472	-1.242737	-38.58857	-30.72771	-13.9812
49	-5.659089	-7.782049	7.735047	-7	-4.695751	-5.613232	61.33841	-0.8498467	-4.658096
49.02	-6.296453	-6.484545	2.741264	-7	-3.610047	-4.847431	39.40817	-21.43	-9.957283
49.04	-5.70379	-6.825994	5.131492	-7	-4.036846	-5.70003	73.06064	-23.64374	-4.719654
49.06	-7.413867	-6.757704	-4.883729	-7	-1.894157	-2.703691	21.77888	6.905878	-6.957767
49.08	-7.328076	-7.167441	-4.18129	-7	-1.359498	-1.74792	39.87037	-22.80404	4.144926
49.1	-6.625479	-5.39191	-1.383586	-7	0.920844	1.037851	-2.046406	4.402061	4.651473
49.12	-4.971244	-5.460199	7.038339	-7	0.4729705	0.06092519	9.98914	-8.07122	2.297721
49.14	-7.293656	-6.825994	-5.108289	-7	1.090551	1.434227	-40.0426	22.40206	-7.105406
49.16	-7.565739	-7.850338	-5.130373	-7	-0.1970213	0.2943235	9.132818	21.05855	5.124769
49.18	-7.030822	-6.484545	-2.244326	-7	0.6003555	0.7635745	7.393147	26.73794	5.944393
49.2	-6.184564	-6.416255	2.324677	-7	0.5291781	0.1390066	15.95016	-11.4758	3.621128
49.22	-7.870277	-7.50889	-6.021108	-7	1.117955	1.164953	-12.17243	29.11962	-1.124084
49.24	-7.828713	-7.50889	-4.86197	-7	1.134916	1.536394	4.532136	15.57763	7.854903
49.26	-6.309958	-5.733358	2.783761	-7	2.007856	2.271703	-8.408399	21.16542	7.534728
49.28	-4.671215	-5.733358	11.07794	-7	0.8311325	0.1519231	5.171337	0.7990079	-0.4299488
49.3	-6.804332	-7.167441	-0.1870542	-7	0.4643559	0.2951463	-29.75983	29.44023	-10.44267
49.32	-7.27394	-7.167441	-2.319152	-7	-0.06663231	0.621381	-16.0593	2.57	0.2297201
49.34	-6.479854	-5.801648	1.247255	-7	0.4790058	1.294144	-23.11341	-10.08649	2.571353
49.36	-7.688922	-7.4406	-4.643661	-7	0.1881142	0.8971146	-22.27699	-24.4529	-1.199209
49.38	-6.484254	-6.143096	1.490481	-7	0.2064406	0.8260489	-5.995883	0.3104581	5.116934
49.4	-6.556415	-6.484545	0.9047059	-7	0.1957975	0.4001214	-11.67034	-5.002518	-1.081526
49.42	-7.740138	-7.850338	-4.615861	-7	-0.3014802	-0.1177224	0.1575313	2.386794	-0.7345591
49.44	-8.391973	-7.850338	-7.334706	-7	0.1706739	0.5427675	8.697438	4.875344	5.412498
49.46	-6.411316	-6.484545	3.122497	-7	0.3512053	-0.04480812	34.84479	-3.139923	9.456826
49.48	-6.4601	-6.825994	2.71868	-7	0.6690491	-0.2711332	16.94187	2.554733	-0.8574867
49.5	-6.345211	-6.825994	3.282638	-7	0.5028546	-0.1823488	11.75999	19.18069	-0.7494059
49.52	-7.519277	-6.825994	-3.084058	-7	1.492704	1.897429	-31.23049	4.966947	-1.749145
49.54	-6.513192	-6.825994	2.594084	-7	0.5538292	0.8532324	0.3184528	-10.71244	4.741472
49.56	-7.434447	-6.825994	-2.418889	-7	1.230247	1.778478	-31.28279	-12.05595	-1.256324
49.58	-5.753504	-6.825994	6.766545	-7	-0.5228919	-0.8402319	25.17459	2.829542	3.814854
49.6	-7.207128	-6.825994	-1.440573	-7	0.3991932	0.3466182	-20.79447	-2.284961	-6.072749
49.62	-4.400962	-5.39191	12.58554	-7	-0.8817356	-1.349916	22.50856	4.203588	2.104144
49.64	-5.52829	-5.39191	5.054027	-7	-0.1405928	-0.2480953	-41.03389	-10.63611	-13.41732
49.66	-5.886008	-7.099152	3.406548	-7	-2.356941	-2.426803	5.518166	-4.498701	-7.184116
49.68	-7.776423	-7.099152	-6.852066	-7	-1.599783	-1.066283	-15.06262	-8.346029	-6.149964
49.7	-5.710209	-5.733358	3.541658	-7	-1.812956	-1.686998	26.88457	-36.10176	5.035516
49.72	-6.140323	-5.733358	0.3319235	-7	-0.7645522	-0.9051619	-6.946428	-12.10175	-5.310378
49.74	-4.839556	-5.733358	6.792453	-7	-1.805389	-2.411293	25.70911	-8.529236	-2.205221
49.76	-7.516121	-7.099152	-7.367925	-7	-0.9847725	-0.9932696	-15.18604	3.195955	-9.459827
49.78	-6.067991	-6.825994	0.8812726	-7	-2.173888	-2.635971	52.84814	-4.315495	5.432753
49.8	-6.787179	-6.825994	-2.995664	-7	-1.236276	-2.295124	36.81773	-14.07122	-2.339691
49.82	-4.889585	-6.825994	7.413949	-7	-2.651036	-5.043658	101.5594	4.95168	2.294044
49.84	-7.290462	-7.850338	-5.044662	-7	-1.439551	-3.751054	59.55124	5.715038	-8.291183
49.86	-7.064697	-7.850338	-2.910241	-7	-1.272935	-3.188241	87.28495	16.57	5.210402
49.88	-7.152198	-6.484545	-3.566419	-7	1.201872	-0.04996526	36.20914	-7.109388	4.33014
49.9	-3.862899	-6.143096	14.11105	-7	-0.473417	-3.170418	95.6494	12.69214	5.902579
49.92	-7.110912	-7.4406	-3.094566	-7	0.9327292	-0.945542	6.90394	18.4784	-13.09202
49.94	-4.298356	-5.733358	11.64631	-7	-0.3629414	-1.772075	51.59244	26.12725	4.110975
49.96	-6.300466	-5.733358	0.00680232	-7	1.346169	1.008126	-43.05214	0.9211457	-11.91725
49.98	-3.809509	-5.801648	13.22898	-7	-1.592849	-2.395629	31.83338	4.264657	-1.022709
50	-5.999012	-5.733358	0.436188	-7	-0.6312538	-0.7879393	-40.66943	-9.765878	-16.09286
50.02	-6.49031	-7.50889	-1.318188	-7	-2.722664	-2.71624	18.71914	-12.81931	-4.071017
50.04	-8.339773	-7.50889	-10.8035	-7	-1.613143	-1.298624	5.358004	-19.26206	-2.126349
50.06	-6.905808	-7.50889	-2.297357	-7	-2.280765	-3.085086	76.42465	-23.5216	9.05193
50.08	-8.093922	-7.50889	-8.296822	-7	-0.2495575	-1.318083	41.74193	-3.078854	1.802553
50.1	-6.470704	-7.50889	1.256362	-7	-0.634691	-2.481147	89.61723	9.531832	9.452478
50.12	-5.222678	-5.801648	7.126215	-7	0.6474782	-1.618451	55.02828	11.85244	0.5953932
50.14	-6.039193	-7.167441	3.110424	-7	0.4405602	-1.437929	31.84126	16.00511	-5.890347
50.16	-6.769742	-7.167441	-0.4137464	-7	0.5729688	-0.3189617	13.37304	27.71503	-2.450424
50.18	-7.273363	-7.167441	-2.645292	-7	0.8947374	0.7165683	0.6220608	0.860077	1.0122
50.2	-7.145052	-7.099152	-1.479737	-7	0.9218425	0.8999772	3.015232	-12.02542	3.514108
50.22	-6.872779	-7.167441	0.4108249	-7	0.6306983	0.3017039	11.47246	-6.086487	2.536021
50.24	-6.845555	-7.099152	0.7732562	-7	0.567508	0.1390675	8.637191	1.684504	0.6128492
50.26	-6.867053	-7.099152	0.8235846	-7	0.4750482	0.1277385	5.729029	10.38679	0.1303406
50.28	-7.129895	-7.167441	-0.409038	-7	0.5287014	0.4028502	-1.348313	7.470764	-0.06550217
50.3	-7.202014	-7.167441	-0.5982283	-7	0.5253246	0.5749758	-2.601025	0.2799242	1.154209
50.32	-7.181957	-7.167441	-0.3158129	-7	0.480451	0.5338726	-1.642623	0.4478632	1.389921
50.34	-7.157106	-7.235731	0.0001239181	-7	0.3494306	0.3128905	1.571034	0.08145128	1.137067
50.36	-5.704537	-5.801648	6.874619	-7	0.4491436	0.3090363	-3.004518	0.7379396	0.8335686
50.38	-5.575419	-5.801648	6.610371	-7	0.2812838	0.2697291	-28.33128	0.4020616	-7.007057
50.4	-5.601408	-5.733358	5.569964	-7	-0.305187	0.2649242	-41.97889	-0.3154958	-8.129101
50.42	-6.269867	-5.733358	1.131098	-7	-0.4650341	0.9150819	-63.35883	-4.529236	-8.447348
50.44	-8.083878	-7.50889	-7.962481	-7	-1.2476	0.5412984	-48.93689	-28.46817	-4.858811
50.46	-8.027346	-7.50889	-7.024027	-7	-1.766913	-0.5019234	0.1855555	-25.10939	4.876764
50.48	-6.651047	-6.143096	-0.2100437	-7	-1.128089	-0.8658124	17.46869	-24.5903	5.206772
50.5	-7.013799	-7.4406	-1.778657	-7	-1.342662	-2.033438	32.00859	0.2341222	-1.113467
50.52	-7.168692	-7.50889	-2.232856	-7	-1.169544	-2.111373	43.76466	12.6158	0.9699535
50.54	-7.379846	-7.167441	-3.230567	-7	-0.1137528	-0.8498312	29.82425	20.29519	2.173293
50.56	-6.86612	-7.167441	-0.1354464	-7	0.1163926	-0.7882401	37.34571	7.989848	3.967215
50.58	-6.533746	-6.757704	1.608924	-7	0.6334389	-0.3038688	23.09885	16.18832	1.232239
50.6	-6.369508	-6.825994	2.556973	-7	0.6020257	-0.2060989	14.34997	12.09672	-0.6083517
50.62	-6.693532	-6.757704	0.8041587	-7	0.8255574	0.5357827	-6.652541	13.76084	-1.956071
50.64	-6.322165	-6.825994	2.914032	-7	0.1512738	-0.1177908	3.85062	-2.681908	-0.5407915
50.66	-7.090909	-6.825994	-1.279767	-7	0.5115525	0.7132507	-20.62159	-2.23916	-3.168242
50.68	-6.739821	-6.825994	0.7165425	-7	0.01271467	0.326884	-6.584799	-5.04832	0.9081564
50.7	-7.21049	-6.825994	-1.85114	-7	0.2988037	0.7633364	-20.11777	-8.895648	-1.279687
50.72	-6.436133	-6.825994	2.373321	-7	-0.5134917	-0.473442	7.523151	-0.6361061	1.339392
50.74	-7.181162	-6.825994	-1.817085	-7	0.02015981	0.2119861	-15.37609	-3.323129	-3.160686
50.76	-6.757152	-6.894283	0.543925	-7	-0.4373073	-0.2797226	3.198438	2.111985	1.10798
50.78	-6.697008	-6.757704	0.6921144	-7	-0.4269652	-0.5322737	2.710914	-7.796411	-1.28765
50.8	-6.326797	-6.757704	2.517788	-7	-0.8288507	-1.228002	14.17337	2.310458	-1.525094
50.82	-6.900562	-6.757704	-0.8135958	-7	-0.3925655	-0.5067265	-4.20597	-2.926183	-3.622246
50.84	-7.094999	-6.757704	-1.898917	-7	-0.1133648	0.2342643	-9.617475	1.791374	-0.2653646
50.86	-6.687744	-6.825994	0.3722132	-7	-0.460898	-0.4204015	6.405746	-6.315495	1.011433
50.88	-6.590413	-6.757704	0.7912169	-7	-0.5135409	-0.772889	8.174525	-0.3002286	-1.25799
50.9	-6.870371	-6.825994	-0.7671291	-7	-0.3153438	-0.4239829	0.8422493	3.104351	-1.758499
50.92	-7.027112	-6.825994	-1.573903	-7	-0.09312388	0.04331782	-3.258575	-0.8498467	-0.1336393
50.94	-6.814932	-6.825994	-0.3458827	-7	-0.1784039	-0.1527086	3.559916	-1.04832	0.8498011
50.96	-6.846303	-6.825994	-0.484801	-7	-0.09421752	-0.1540704	1.562238	0.5089319	-0.3154087
50.98	-6.79048	-6.825994	-0.1409507	-7	-0.1089887	-0.1781813	2.462753	1.348626	-0.1378632
51	-6.750403	-6.825994	0.09968528	-7	-0.1485539	-0.2621585	3.004958	-0.7887779	-0.4869928
51.02	-6.918268	-6.894283	-0.7410746	-7	-0.07885744	-0.1144124	-0.4540209	-0.7735108	-0.7708521
51.04	-6.79198	-6.894283	0.02115285	-7	-0.2107982	-0.2994354	4.945449	0.1272524	0.114068
51.06	-6.791338	-6.825994	0.003848821	-7	-0.1530248	-0.2796444	2.858973	-0.3002286	-0.6472692
51.08	-6.919806	-6.894283	-0.6406486	-7	-0.08143985	-0.1152375	-0.1867284	0.4936643	-0.6515894
51.1	-6.717292	-6.825994	0.4629288	-7	-0.2038587	-0.3029328	4.592354	-0.2238927	0.0318594
51.12	-6.793444	-6.825994	0.01791941	-7	-0.1509	-0.2598283	0.8308424	-0.3154958	-1.135123
51.14	-6.769171	-6.757704	0.08994292	-7	-0.1170166	-0.124558	-1.401316	0.1119852	-0.7437296
51.16	-6.649151	-6.757704	0.6857549	-7	-0.2583491	-0.3191727	1.036898	-0.07122094	-0.8886271
51.18	-6.787807	-6.825994	-0.09187353	-7	-0.28645	-0.3238375	-1.271693	-0.2391599	-1.630401
51.2	-6.805743	-6.757704	-0.2502602	-7	-0.2583793	-0.1952189	-2.424077	0.1730539	-0.9165668
51.22	-6.786664	-6.825994	-0.1442238	-7	-0.3571035	-0.3450031	0.6476505	-0.07122094	-0.782897
51.24	-6.783063	-6.757704	-0.192104	-7	-0.3162987	-0.3111959	-0.1717097	-0.1933584	-0.9063005
51.26	-6.798435	-6.757704	-0.3230944	-7	-0.276844	-0.2433149	-1.223054	0.1119852	-0.8700027
51.28	-6.831819	-6.825994	-0.4841053	-7	-0.305501	-0.2809978	-0.04566006	-0.0254194	-0.745985
51.3	-6.881875	-6.825994	-0.7373654	-7	-0.2560054	-0.216865	-0.3866866	-0.1170225	-0.5630217
51.32	-6.879347	-6.825994	-0.6943208	-7	-0.2151155	-0.1764937	0.1609486	0.0509165	-0.2472782
51.34	-6.798151	-6.825994	-0.2280429	-7	-0.2499595	-0.2889208	2.696093	0.005114958	-0.2262506
51.36	-6.731872	-6.757704	0.08546643	-7	-0.2235589	-0.3035469	1.93491	-0.07122094	-0.6790314
51.38	-6.800525	-6.825994	-0.2726297	-7	-0.2223949	-0.2788648	0.4450138	0.005114958	-1.039456
51.4	-6.81103	-6.825994	-0.3103387	-7	-0.2386874	-0.2640063	0.7421896	-0.01015222	-0.7046385
51.42	-6.818277	-6.825994	-0.335148	-7	-0.2407179	-0.2668086	0.8748413	-0.08648812	-0.6715927
51.44	-6.819305	-6.825994	-0.3282248	-7	-0.2386007	-0.2670533	0.9924223	0.02038214	-0.6441803
51.46	-6.762735	-6.757704	-0.06311609	-7	-0.2125523	-0.2349496	0.2849428	-0.04068658	-0.6476831
51.48	-6.815218	-6.825994	-0.3304107	-7	-0.2278537	-0.2422339	-0.4433339	0.02038214	-0.9520054
51.5	-6.811473	-6.825994	-0.2940691	-7	-0.2608072	-0.2692549	0.4543259	-0.0254194	-0.7054253
51.52	-6.848252	-6.825994	-0.4839712	-7	-0.2359636	-0.2311549	-0.2982265	-0.05595376	-0.7508688
51.54	-6.820106	-6.825994	-0.3173152	-7	-0.2558278	-0.2632459	0.8389881	-0.07122094	-0.5473528
51.56	-6.911135	-6.894283	-0.7502993	-7	-0.2372045	-0.2437274	0.3905437	-0.04068658	-0.7116051
51.58	-6.871297	-6.894283	-0.4745622	-7	-0.2680906	-0.3077864	3.063334	0.02038214	-0.2229185
51.6	-6.825899	-6.825994	-0.2397898	-7	-0.2113573	-0.2815193	2.389097	-0.0254194	-0.447485
51.62	-6.793561	-6.825994	-0.06958912	-7	-0.203611	-0.2822936	1.85126	-0.0254194	-0.6727524
51.64	-6.773336	-6.825994	0.03270417	-7	-0.2288238	-0.310041	1.549724	-0.0254194	-0.874898
51.66	-6.747911	-6.757704	0.1074087	-7	-0.2056617	-0.2445654	-0.5904187	-0.04068658	-1.03252
51.68	-6.816768	-6.825994	-0.2631274	-7	-0.2350266	-0.2274753	-1.796129	-0.07122094	-1.190613
51.7	-6.841118	-6.825994	-0.3902948	-7	-0.2615216	-0.2172212	-1.579359	-0.07122094	-0.8686495
51.72	-6.834374	-6.825994	-0.3531236	-7	-0.2905635	-0.2588122	-0.604556	0.03564932	-0.7566957
51.74	-6.861524	-6.825994	-0.5040107	-7	-0.2709827	-0.2354355	-1.03156	-0.0254194	-0.8008432
51.76	-6.866305	-6.825994	-0.5263065	-7	-0.2545865	-0.2095973	-0.9678531	0.0509165	-0.6381674
51.78	-6.877313	-6.825994	-0.5784285	-7	-0.2249528	-0.1725702	-1.351852	0.005114958	-0.5982513
51.8	-6.864807	-6.825994	-0.498435	-7	-0.216162	-0.1675735	-1.125912	-0.05595376	-0.5253344
51.82	-6.823367	-6.825994	-0.2661988	-7	-0.2472767	-0.236018	-0.006695479	-0.01015222	-0.5952759
51.84	-6.815587	-6.825994	-0.2282265	-7	-0.2646566	-0.2775256	0.07825595	-0.1170225	-0.844779
51.86	-6.849214	-6.825994	-0.4155777	-7	-0.2443613	-0.2302255	-1.065364	-0.01015222	-0.9093819
51.88	-6.817852	-6.825994	-0.2451081	-7	-0.2803992	-0.2732307	0.01423201	-0.04068658	-0.7314501
51.9	-6.838695	-6.825994	-0.3660995	-7	-0.2727678	-0.2664103	-0.6156764	-0.05595376	-0.9236717
51.92	-6.852983	-6.825994	-0.4457265	-7	-0.2623191	-0.2339432	-1.002607	0.005114958	-0.8149071
51.94	-6.854829	-6.825994	-0.4540291	-7	-0.2575163	-0.2214876	-1.031666	-0.1017549	-0.7370625
51.96	-6.764092	-6.757704	-0.01477953	-7	-0.2686701	-0.2522838	-0.618738	-0.08648812	-0.7286663
51.98	-6.774037	-6.757704	-0.1227009	-7	-0.2629899	-0.2374356	-2.418077	-0.05595376	-1.226396
52	-6.855633	-6.825994	-0.553803	-7	-0.288745	-0.2167416	-3.069941	-0.01015222	-1.190976
52.02	-6.942993	-6.894283	-0.9604876	-7	-0.3146096	-0.2211718	-1.895802	-0.0254194	-0.7772102
52.04	-6.871998	-6.825994	-0.5701172	-7	-0.3088137	-0.2510802	0.1817167	0.005114958	-0.3066254
52.06	-6.861458	-6.825994	-0.5146607	-7	-0.2734495	-0.2580634	-0.04865217	-0.0254194	-0.6543207
52.08	-6.830724	-6.825994	-0.3458823	-7	-0.2758841	-0.2802629	0.4047807	-0.1017549	-0.6898031
52.1	-6.835403	-6.825994	-0.3724142	-7	-0.2645059	-0.2706304	-0.1923683	-0.0254194	-0.8643618
52.12	-6.841185	-6.825994	-0.40162	-7	-0.2588297	-0.2487497	-0.6618631	-0.07122094	-0.8499708
52.14	-6.857027	-6.825994	-0.4828344	-7	-0.2454037	-0.2133886	-1.359033	-0.07122094	-0.8331423
52.16	-6.833377	-6.825994	-0.3484332	-7	-0.2710739	-0.2464226	-0.6851429	-0.04068658	-0.7582359
52.18	-6.84115	-6.825994	-0.3920119	-7	-0.2750333	-0.2546868	-0.9918355	0.0509165	-0.9115877
52.2	-6.762192	-6.757704	-0.01951048	-7	-0.287842	-0.2725162	-0.9117181	-0.08648812	-0.8853245
52.22	-6.783599	-6.757704	-0.1903404	-7	-0.2780843	-0.2387716	-2.985568	-0.07122094	-1.3251
52.24	-6.852191	-6.825994	-0.5507244	-7	-0.3191256	-0.2399504	-3.11393	-0.01015222	-1.22669
52.26	-6.965944	-6.894283	-1.102473	-7	-0.3215684	-0.2080775	-2.750739	-0.05595376	-0.8878851
52.28	-6.892439	-6.825994	-0.6933055	-7	-0.3110244	-0.2220573	-0.5680194	-0.08648812	-0.2631569
52.3	-6.862263	-6.825994	-0.527869	-7	-0.289834	-0.2612536	-0.1889079	0.02038214	-0.6200151
52.32	-6.827847	-6.825994	-0.3410624	-7	-0.2983477	-0.302545	0.348827	0.005114958	-0.7673779
52.34	-6.840024	-6.825994	-0.410812	-7	-0.2833838	-0.2844141	-0.4898412	-0.08648812	-0.9657574
52.36	-6.763872	-6.757704	-0.05110616	-7	-0.2848948	-0.2785036	-0.7807422	-0.04068658	-0.9098024
52.38	-6.757912	-6.757704	-0.07118744	-7	-0.3005997	-0.285789	-2.13329	-0.0254194	-1.335275
52.4	-6.796151	-6.757704	-0.3230923	-7	-0.3034371	-0.2300444	-3.915488	-0.05595376	-1.402234
52.42	-6.925095	-6.894283	-0.9501894	-7	-0.3680715	-0.2675166	-2.931867	-0.0254194	-1.216213
52.44	-6.831139	-6.757704	-0.4848135	-7	-0.3468652	-0.2465139	-1.667572	-0.05595376	-0.5546904
52.46	-6.825362	-6.757704	-0.4954022	-7	-0.3085482	-0.2286061	-2.853461	-0.07122094	-1.01249
52.48	-6.799797	-6.757704	-0.3869466	-7	-0.3223971	-0.2400142	-2.806328	-0.07122094	-1.020793
52.5	-6.872537	-6.825994	-0.7578426	-7	-0.3401449	-0.2512662	-2.985324	-0.01015222	-1.168355
52.52	-6.984804	-6.894283	-1.28666	-7	-0.3216013	-0.1988877	-2.706893	-0.1017549	-0.7903385
52.54	-6.878092	-6.825994	-0.683593	-7	-0.3271613	-0.2544282	0.3308161	0.005114958	-0.1650305
52.56	-6.883683	-6.825994	-0.7038943	-7	-0.2665863	-0.2377449	-0.7229183	-0.01015222	-0.7149467
52.58	-6.776366	-6.757704	-0.1578067	-7	-0.260066	-0.2444122	-0.5548065	-0.0254194	-0.6646891
52.6	-6.828498	-6.825994	-0.4268579	-7	-0.2781851	-0.2666014	-1.8012	-0.1475568	-1.260517
52.62	-6.862813	-6.825994	-0.5975495	-7	-0.2834852	-0.2240374	-2.396221	-0.04068658	-1.033057
52.64	-6.895184	-6.825994	-0.7555226	-7	-0.2651834	-0.1705099	-3.082831	-0.0254194	-0.8743696
52.66	-6.866256	-6.825994	-0.5796562	-7	-0.2909845	-0.2098831	-1.956127	-0.05595376	-0.7054796
52.68	-6.810835	-6.757704	-0.3234488	-7	-0.2716218	-0.2002695	-2.680415	-0.0254194	-0.8828917
52.7	-6.82151	-6.757704	-0.4189582	-7	-0.2568196	-0.1567183	-4.530024	-0.05595376	-1.184462
52.72	-6.737012	-6.757704	0.004926413	-7	-0.3705437	-0.3053956	-2.321916	-0.04068658	-1.147011
52.74	-6.808669	-6.757704	-0.4368219	-7	-0.3647214	-0.2754683	-4.600242	-0.08648812	-1.671761
52.76	-6.803246	-6.757704	-0.4446998	-7	-0.4106655	-0.289166	-3.873657	-0.0254194	-1.29126
52.78	-6.92349	-6.825994	-1.079856	-7	-0.3957841	-0.2442944	-4.674285	-0.620839	-1.327353
52.8	-7.044721	-6.962572	-1.603223	-7	-0.4291518	-0.2845944	-1.591292	0.2035883	-0.6514568
52.82	-6.883938	-6.825994	-0.7234045	-7	-0.4052887	-0.3565124	2.323334	-0.1933584	0.02718735
52.84	-6.958494	-6.825994	-1.125255	-7	-0.2245477	-0.1742405	-1.908187	-0.1170225	-0.7657604
52.86	-6.79277	-6.757704	-0.243503	-7	-0.2236265	-0.1791963	-0.6049991	0.432596	-0.2830925
52.88	-6.806573	-6.825994	-0.2983129	-7	-0.2660728	-0.2734469	-1.27087	-0.3154958	-1.201235
52.9	-6.907704	-6.825994	-0.8289924	-7	-0.2125342	-0.1238417	-4.49507	-0.07122094	-1.209427
52.92	-6.756823	-6.757704	-0.03624225	-7	-0.3020962	-0.2297956	-1.86217	0.08145128	-0.6859283
52.94	-6.758192	-6.757704	-0.09629216	-7	-0.339706	-0.3026406	-3.148566	-0.2086256	-1.56418
52.96	-6.831893	-6.757704	-0.5415089	-7	-0.3249275	-0.2019832	-5.789695	-0.07122094	-1.609202
52.98	-6.861694	-6.825994	-0.6811111	-7	-0.4132329	-0.2769175	-3.852497	-0.4070985	-1.224065
53	-6.94538	-6.825994	-1.124451	-7	-0.3720309	-0.2079293	-4.641196	-0.01015222	-1.100317
53.02	-6.886682	-6.825994	-0.7862375	-7	-0.4085779	-0.2865194	-1.624698	-0.01015222	-0.6040335
53.04	-6.833157	-6.757704	-0.544249	-7	-0.3604276	-0.281027	-2.082479	-0.162824	-0.9036579
53.06	-6.920825	-6.825994	-1.000497	-7	-0.3109163	-0.1997339	-3.934755	-0.04068658	-1.151106
53.08	-6.850562	-6.825994	-0.5912075	-7	-0.3726286	-0.2921142	-1.02805	0.1119852	-0.6653805
53.1	-6.862892	-6.825994	-0.6519368	-7	-0.3631037	-0.322239	-1.24641	-0.1017549	-1.070242
53.12	-6.901034	-6.825994	-0.8476287	-7	-0.316675	-0.2410457	-2.478485	-0.05595376	-1.004882
53.14	-6.792326	-6.757704	-0.29294	-7	-0.3289879	-0.2677205	-1.576675	0.03564932	-0.7857428
53.16	-6.804594	-6.757704	-0.4000741	-7	-0.3119993	-0.2471245	-3.649118	-0.1170225	-1.385437
53.18	-6.835614	-6.757704	-0.5954317	-7	-0.3038516	-0.1738121	-5.401361	-0.05595376	-1.342215
53.2	-6.868876	-6.825994	-0.7433159	-7	-0.3773542	-0.2438159	-4.069476	0.005114958	-1.196959
53.22	-6.954792	-6.894283	-1.138369	-7	-0.4129131	-0.2931117	-2.672978	-0.08648812	-1.064847
53.24	-6.848716	-6.757704	-0.607564	-7	-0.3678953	-0.261871	-1.892154	-0.05595376	-0.6079159
53.26	-6.859754	-6.825994	-0.6565174	-7	-0.3796124	-0.3243033	-1.673435	0.0509165	-1.126455
53.28	-6.866	-6.825994	-0.6820441	-7	-0.379886	-0.3248075	-1.52906	-0.07122094	-1.080202
53.3	-6.903417	-6.825994	-0.8744724	-7	-0.3368007	-0.2541052	-2.634928	-0.1170225	-1.050167
53.32	-6.882182	-6.825994	-0.7403421	-7	-0.3380309	-0.2548133	-2.000871	-0.05595376	-0.8340349
53.34	-6.823511	-6.757704	-0.4612682	-7	-0.3073604	-0.2275878	-2.850446	-0.04068658	-0.9563017
53.36	-6.81593	-6.757704	-0.4528971	-7	-0.3033062	-0.2069867	-4.304932	-0.1170225	-1.272392
53.38	-6.795234	-6.757704	-0.3696504	-7	-0.3513768	-0.2428504	-4.38049	-0.0254194	-1.34351
53.4	-6.860596	-6.825994	-0.7063773	-7	-0.4136535	-0.3028208	-4.037624	-0.0254194	-1.504037
53.42	-6.923073	-6.825994	-1.031602	-7	-0.4008191	-0.2519282	-4.277924	-0.1170225	-1.195089
53.44	-6.947528	-6.825994	-1.142656	-7	-0.3655332	-0.1982307	-4.061463	-0.01015222	-0.8374939
53.46	-6.81976	-6.757704	-0.480826	-7	-0.3804322	-0.2705941	-2.085444	-0.04068658	-0.6677837
53.48	-6.89389	-6.825994	-0.8694466	-7	-0.3602802	-0.2700658	-3.522969	-0.07122094	-1.347498
53.5	-6.907452	-6.825994	-0.9199529	-7	-0.3532107	-0.2309763	-3.305712	-0.01015222	-0.9548674
53.52	-6.829491	-6.757704	-0.5295775	-7	-0.3428512	-0.2355238	-3.046193	-0.04068658	-0.8811445
53.54	-6.877607	-6.825994	-0.7708034	-7	-0.3592279	-0.2643254	-3.538482	0.02038214	-1.299128
53.56	-6.83472	-6.757704	-0.5720775	-7	-0.3484977	-0.2290802	-3.902656	-0.1322897	-1.07081
53.58	-6.972806	-6.894283	-1.243842	-7	-0.3620227	-0.2270539	-4.374406	0.08145128	-1.303179
53.6	-6.878766	-6.825994	-0.7148595	-7	-0.4008174	-0.293216	-1.346845	-0.08648812	-0.5843983
53.62	-6.849582	-6.757704	-0.6073781	-7	-0.3289254	-0.2400987	-3.332171	-0.07122094	-1.091969
53.64	-6.878065	-6.825994	-0.7425577	-7	-0.3496433	-0.2503496	-3.548841	0.06618368	-1.220569
53.66	-6.878142	-6.825994	-0.7282606	-7	-0.3738887	-0.2730312	-3.001259	-0.01015222	-1.10196
53.68	-6.913685	-6.825994	-0.9106025	-7	-0.3486543	-0.2290097	-3.841203	-0.1322897	-1.124135
53.7	-6.902628	-6.825994	-0.8345881	-7	-0.351498	-0.2279961	-3.341247	0.03564932	-0.9285831
53.72	-6.788364	-6.757704	-0.2602712	-7	-0.3848414	-0.3094235	-2.149683	0.02038214	-0.9947424
53.74	-6.883905	-6.825994	-0.7776566	-7	-0.3759665	-0.2884437	-4.219648	-0.08648812	-1.631994
53.76	-6.882618	-6.825994	-0.759675	-7	-0.4088267	-0.2915414	-3.233707	-0.01015222	-1.138505
53.78	-6.933629	-6.825994	-1.029604	-7	-0.3669058	-0.226672	-4.347146	-0.4070985	-1.160318
53.8	-6.898164	-6.825994	-0.821576	-7	-0.3846856	-0.2571592	-2.931989	0.2341222	-0.8624687
53.82	-6.901779	-6.825994	-0.8344616	-7	-0.3703214	-0.2639092	-3.078511	-0.2086256	-1.056388
53.84	-6.959512	-6.825994	-1.134203	-7	-0.2966377	-0.1396618	-5.146254	-0.0254194	-1.033397
53.86	-6.831319	-6.757704	-0.4664138	-7	-0.3190978	-0.1780778	-3.756266	0.1730539	-0.6983013
53.88	-6.774644	-6.757704	-0.2026677	-7	-0.3766614	-0.296743	-3.639302	-0.08648812	-1.410255
53.9	-6.860448	-6.757704	-0.7142241	-7	-0.3411905	-0.186836	-7.13201	-0.0254194	-1.774534
53.92	-6.819347	-6.757704	-0.5185466	-7	-0.4198272	-0.2400046	-5.69388	0.1119852	-1.323601
53.94	-6.918945	-6.825994	-1.044593	-7	-0.4457728	-0.2632108	-6.018176	-0.07122094	-1.585693
53.96	-6.950605	-6.825994	-1.197952	-7	-0.4427885	-0.2382565	-5.050787	-0.01015222	-1.055817
53.98	-6.953618	-6.825994	-1.195188	-7	-0.4164825	-0.2320003	-4.138245	0.1425196	-0.8508301
54	-6.920262	-6.825994	-0.9954958	-7	-0.4073417	-0.268814	-2.783604	-0.0254194	-0.7906246
54.02	-6.915657	-6.825994	-0.9563855	-7	-0.3760145	-0.2643957	-2.829985	-0.1170225	-0.9471779
54.04	-6.89819	-6.825994	-0.8454767	-7	-0.3641383	-0.2653454	-2.63309	0.03564932	-0.9557676
54.06	-6.826506	-6.757704	-0.49628	-7	-0.3431143	-0.2502891	-3.247466	-0.05595376	-1.054081
54.08	-6.874621	-6.825994	-0.7408258	-7	-0.3663915	-0.2693279	-4.063015	-0.04068658	-1.448094
54.1	-6.915202	-6.825994	-0.9441093	-7	-0.3614799	-0.2194766	-4.720444	0.005114958	-1.235533
54.12	-6.901418	-6.825994	-0.8516932	-7	-0.3837365	-0.2442418	-3.82226	0.005114958	-1.030642
54.14	-6.846048	-6.757704	-0.5947953	-7	-0.3652088	-0.2325487	-4.355468	-0.07122094	-1.121263
54.16	-6.831953	-6.757704	-0.557274	-7	-0.3740296	-0.2369937	-5.27584	-0.08648812	-1.416495
54.18	-6.907635	-6.825994	-0.9491808	-7	-0.4029995	-0.23909	-5.764137	-0.0254194	-1.516427
54.2	-6.910883	-6.825994	-0.9497612	-7	-0.4370276	-0.2687298	-4.408379	-0.1017549	-1.138462
54.22	-6.957533	-6.825994	-1.19114	-7	-0.3933879	-0.2135603	-5.118945	0.005114958	-1.126116
54.24	-6.899412	-6.825994	-0.8579979	-7	-0.4256897	-0.2848682	-2.871393	-0.04068658	-0.8412085
54.26	-6.887406	-6.825994	-0.7904383	-7	-0.4261898	-0.3335508	-2.485126	-0.1017549	-1.156668
54.28	-6.920609	-6.825994	-0.9670149	-7	-0.3833464	-0.2695018	-3.691212	-0.05595376	-1.220292
54.3	-6.824897	-6.757704	-0.4893649	-7	-0.3849716	-0.2748016	-3.263518	-0.05595376	-1.026618
54.32	-6.802406	-6.757704	-0.4129686	-7	-0.4041455	-0.3112854	-4.164317	-0.0254194	-1.548928
54.34	-6.829528	-6.757704	-0.6019305	-7	-0.4134005	-0.2782775	-5.699587	-0.04068658	-1.704403
54.36	-6.817663	-6.757704	-0.5729681	-7	-0.466724	-0.3144432	-5.267065	-0.1322897	-1.582587
54.38	-6.883852	-6.825994	-0.9196963	-7	-0.5232444	-0.3792161	-4.473845	-0.1933584	-1.674754
