0	-1.452869	-1.362819	-6.802437	-20.44228	-0.07681845	0.02616154	3.126825	-0.09870007	0
0.02	-1.571169	-1.362819	-5.520815	-10.01672	0.6497953	0.2210617	25.19998	9.046337	5.653015
0.04	-1.287433	-1.294529	-2.366747	-3.883845	1.501206	1.011826	12.68357	9.351681	4.318915
0.06	-1.540871	-1.704267	-1.782494	-5.898025	1.480861	1.212801	11.44188	-0.7551886	5.557074
0.08	-0.9029366	-1.02137	2.674944	8.889938	1.545278	1.219598	5.951186	-1.243738	4.604836
0.1	-1.662505	-1.635977	-0.8399808	-3.326514	1.223115	1.426843	-14.12161	-5.167402	0.6971602
0.12	0.55053	0.3444233	9.328608	23.46646	0.7551843	0.6376209	-20.97977	-2.404043	-3.678851
0.14	-0.4921927	-0.6799221	2.640243	-0.7935805	-0.6568885	-0.05421427	-15.42166	-22.61778	-2.121996
0.16	-0.9512553	-1.02137	-0.1511797	-3.666753	-1.140999	-1.333873	20.26436	-0.2971734	0.5950648
0.18	0.4725683	0.2761335	6.371386	17.97315	-0.4096501	-1.110622	21.91144	5.199009	0.814999
0.2	-0.3278456	-0.6799221	1.701628	-1.231743	-0.6673205	-0.9551814	14.02008	-8.785722	-0.5339549
0.22	-0.3719677	-0.6799221	1.139021	-0.6035538	-0.7408367	-1.383471	20.99837	1.290613	-1.625559
0.24	-0.4616634	-0.6116323	0.4792683	0.728605	-0.323469	-0.7820933	16.66325	0.03870412	0.08448349
0.26	-0.453146	-0.6799221	0.549	-0.360026	-0.1922246	-0.7209844	15.82935	4.084506	-0.4506035
0.28	-0.4648838	-0.6799221	0.5640947	-0.1764127	-0.07761344	-0.5346535	13.82485	0.1913759	-0.07441361
0.3	-0.3917924	-0.6799221	1.034652	-0.08644224	-0.1209232	-0.620919	14.91241	-0.02236417	-0.2380877
0.32	-0.4051785	-0.6799221	0.9871888	-0.0423567	-0.1569109	-0.6443073	14.35217	0.09977327	-0.4353919
0.34	-0.3823616	-0.6799221	1.117785	-0.02075478	-0.2131471	-0.7204306	15.66483	-0.02236417	-0.3732714
0.36	-0.4121454	-0.6799221	0.9337957	-0.01016984	-0.217225	-0.727911	15.09653	0.05397173	-0.608038
0.38	-0.386638	-0.6799221	1.052291	-0.004983223	-0.2497451	-0.7942799	16.31492	-0.08343289	-0.6218414
0.4	-0.4179773	-0.6799221	0.8156867	-0.3097457	-0.2169752	-0.7220979	14.27947	-0.03763135	-0.8506211
0.42	-0.4053805	-0.6799221	0.9022774	-0.1517754	-0.2277009	-0.7421762	16.23234	0.02343737	-0.3198862
0.44	-0.4559495	-0.6799221	0.5950729	-0.3816739	-0.1425288	-0.6118408	13.05153	0.02343737	-0.6863762
0.46	-0.4913825	-0.7482109	0.51104	-1.211352	-0.1649733	-0.6507944	15.44568	-0.06816571	-0.1928877
0.48	-0.4348316	-0.6799221	0.8307217	0.1234699	-0.1094965	-0.6291062	14.39367	0.8173303	-0.5460343
0.5	-0.4283011	-0.6799221	0.8913125	0.06050023	-0.1128663	-0.5933003	13.87485	-0.1139672	-0.3864264
0.52	-0.4882716	-0.7482109	0.6483545	-0.994687	-0.1310163	-0.5883641	14.52778	-0.007096993	-0.1131563
0.54	-0.4405811	-0.6799221	0.9125731	0.2296358	-0.0792731	-0.5454649	13.59365	0.03870412	-0.2224785
0.56	-0.3592431	-0.6116323	1.299205	1.136868	-0.1001538	-0.5698367	13.05374	-0.02236417	-0.4256363
0.58	-0.4160064	-0.6799221	0.9963404	-0.1599772	-0.1721355	-0.6167738	14.07398	0.008170187	-0.2175037
0.6	-0.3048775	-0.5433426	1.475643	1.970304	-0.1432343	-0.6160217	13.56726	0.02343737	-0.3627654
0.62	-0.4394681	-0.6799221	0.735885	-0.7759399	-0.1668308	-0.5566047	12.86636	-0.02236417	-0.148526
0.64	-0.4452354	-0.6799221	0.7415598	-0.3802105	-0.1511018	-0.6097371	14.83611	0.02343737	-0.03254113
0.66	-0.4311644	-0.6799221	0.8555414	-0.1863032	-0.105629	-0.5823929	14.71324	-0.05289853	-0.06912923
0.68	-0.4371525	-0.6799221	0.8516117	-0.09128854	-0.08645129	-0.5612808	13.78786	-0.007096993	-0.2884078
0.7	-0.4051353	-0.6799221	1.05241	-0.04473139	-0.1191602	-0.6045642	14.72521	-0.02236417	-0.1849528
0.72	-0.4395448	-0.6799221	0.8721781	-0.02191838	-0.1036359	-0.5652961	13.66339	-0.05289853	-0.2718589
0.74	-0.3697524	-0.6116323	1.209055	1.013606	-0.09226981	-0.5564995	13.50997	0.03870412	-0.220838
0.76	-0.4267879	-0.6799221	0.9635594	0.08692425	-0.140904	-0.6119204	15.25309	-0.05289853	0.04361966
0.78	-0.4438428	-0.6799221	0.8668297	0.04259288	-0.09271912	-0.5627145	13.79631	-0.05289853	-0.2637396
0.8	-0.4045958	-0.6799221	1.030463	-0.2864335	-0.1309562	-0.6221433	13.6057	0.008170187	-0.664315
0.82	-0.4191808	-0.6799221	0.9700713	-0.1403524	-0.1411308	-0.5989981	14.97016	0.09977327	0.04946107
0.84	-0.4272402	-0.6799221	0.9280545	-0.06877267	-0.1189647	-0.605217	14.61489	-0.007096993	-0.2393297
0.86	-0.422553	-0.6799221	0.9701825	-0.03369861	-0.1013968	-0.5757492	14.61205	0.02343737	-0.07417423
0.88	-0.4327651	-0.6799221	0.9204423	-0.01651232	-0.09255995	-0.5721455	13.99196	-0.02236417	-0.2945313
0.9	-0.4274234	-0.6799221	0.9523979	-0.008091036	-0.1042139	-0.5910435	14.20628	0.02343737	-0.3294599
0.92	-0.3308558	-0.6116323	1.431268	1.020382	-0.1173134	-0.6113731	14.98468	0.008170187	-0.09954399
0.94	-0.4273978	-0.6799221	0.8990571	-0.2170554	-0.1487847	-0.6286051	14.23906	-0.02236417	-0.4279556
0.96	-0.4341888	-0.6799221	0.8770538	-0.1063571	-0.1166939	-0.5895672	14.95242	0.08450609	-0.01520348
0.98	-0.4191623	-0.6799221	0.9219385	-0.3594189	-0.09920433	-0.5872592	13.69738	-0.05289853	-0.5159827
1	-0.3943541	-0.6799221	1.125311	0.1311843	-0.1503058	-0.6776676	17.08331	0.03870412	0.09692436
1.02	-0.434613	-0.6799221	0.9095055	0.06428032	-0.06826557	-0.5487513	14.32312	-0.007096993	-0.1201934
1.04	-0.4171735	-0.6799221	1.031843	0.03149736	-0.06573728	-0.5393725	14.46815	0.03870412	-0.002452791
1.06	-0.4125167	-0.6799221	1.053249	0.0154337	-0.0981103	-0.6031644	14.42332	0.02343737	-0.4085972
1.08	-0.4039696	-0.6799221	1.100351	0.007562515	-0.1169897	-0.6098297	15.18403	-0.03763135	-0.1179529
1.1	-0.4102191	-0.6799221	1.044734	0.003705632	-0.1303017	-0.6502568	15.08145	0.008170187	-0.4407354
1.12	-0.427452	-0.6799221	0.9498485	0.00181576	-0.1019209	-0.588123	14.84292	0.05397173	-0.1253676
1.14	-0.4361709	-0.6799221	0.9063945	0.0008897223	-0.07564528	-0.5647659	14.31785	0.05397173	-0.2333492
1.16	-0.4019235	-0.6799221	1.103579	0.0004359639	-0.09642375	-0.6047834	15.27187	0.03870412	-0.1616677
1.18	-0.4095003	-0.6799221	1.001796	-0.3070903	-0.1092034	-0.6143452	13.76738	0.03870412	-0.6919869
1.2	-0.4403639	-0.6799221	0.8620985	-0.1504742	-0.08592144	-0.5392848	14.67463	0.09977327	0.1524341
1.22	-0.3917454	-0.6799221	1.141588	-0.07373238	-0.1020967	-0.6262633	15.89119	0.05397173	-0.1240733
1.24	-0.3157424	-0.6116323	1.49968	0.9882175	-0.1106059	-0.6418781	15.66345	-0.03763135	-0.2104087
1.26	-0.4157341	-0.6799221	0.9655561	-0.2328159	-0.124168	-0.6052549	15.0289	-0.1139672	-0.1212407
1.28	-0.4469187	-0.6799221	0.8141952	-0.1140798	-0.06826808	-0.5464007	14.6066	-0.007096993	-0.03348142
1.3	-0.3913382	-0.6799221	1.139646	-0.0558991	-0.08706412	-0.6164637	15.89753	0.05397173	-0.1232705
1.32	-0.4055987	-0.6799221	1.072837	-0.02739056	-0.07856536	-0.5859143	15.2122	-0.007096993	-0.1265594
1.34	-0.398237	-0.6799221	1.116979	-0.01342137	-0.09510748	-0.6153085	15.50147	-0.02236417	-0.2026336
1.36	-0.4044762	-0.6799221	1.080627	-0.006576473	-0.09767851	-0.6157396	15.45237	0.05397173	-0.2106421
1.38	-0.3846674	-0.6799221	1.184841	-0.003222472	-0.1183289	-0.6550671	16.22562	-0.02236417	-0.1943194
1.4	-0.3975595	-0.6799221	1.109848	-0.001579011	-0.1068444	-0.6306133	15.91585	0.03870412	-0.1447245
1.42	-0.4044722	-0.6799221	1.130314	0.3065259	-0.08414361	-0.6055201	16.9203	0.08450609	0.3009391
1.44	-0.3969723	-0.6799221	1.162075	0.1501977	-0.0614969	-0.5933061	15.32725	-0.007096993	-0.2460881
1.46	-0.4014875	-0.6799221	1.137416	0.07359686	-0.0738868	-0.5825331	15.18752	0.03870412	-0.1349179
1.48	-0.4114725	-0.6799221	1.079448	0.03606246	-0.07394814	-0.5782802	15.08506	0.02343737	-0.1325958
1.5	-0.3794149	-0.6799221	1.253703	0.01767061	-0.1004853	-0.6275178	16.2689	0.02343737	-0.03661692
1.52	-0.4051252	-0.6799221	1.097453	0.008658596	-0.09037668	-0.6130623	15.47031	-0.02236417	-0.2301708
1.54	-0.4049764	-0.6799221	1.152573	0.3115424	-0.07550716	-0.59545	16.90058	0.05397173	0.3310144
1.56	-0.3986199	-0.6799221	1.178653	0.1526558	-0.04492763	-0.5682232	15.29588	0.03870412	-0.1300017
1.58	-0.3993664	-0.6799221	1.166648	0.07480133	-0.06697339	-0.5853641	15.1745	0.008170187	-0.2081465
1.6	-0.3558734	-0.6116323	1.388366	1.368299	-0.04954042	-0.5640926	15.63337	0.008170187	0.1337649
1.62	-0.3632535	-0.6799221	1.399355	0.2607235	-0.1056693	-0.6418873	17.64224	0.008170187	0.3199872
1.64	-0.3790195	-0.6799221	1.289104	0.1277545	-0.08356066	-0.6141117	16.15474	0.008170187	-0.05258602
1.66	-0.3735803	-0.6799221	1.254663	-0.2447042	-0.09953673	-0.6193203	15.24187	-0.03763135	-0.3339381
1.68	-0.4342122	-0.6799221	0.9179577	-0.119905	-0.07772449	-0.5742251	15.02655	0.02343737	-0.1194676
1.7	-0.3918144	-0.6799221	1.15964	-0.05875347	-0.07712017	-0.6132706	16.48373	0.02343737	0.01522589
1.72	-0.4164967	-0.6799221	1.033831	-0.0287892	-0.0362387	-0.5492337	15.25829	0.02343737	-0.04356974
1.74	-0.4392059	-0.7482109	0.9746706	-1.038439	-0.0849169	-0.6353064	16.85622	-0.007096993	-0.1002839
1.76	-0.3739974	-0.6799221	1.313624	0.2081974	-0.06264839	-0.6277997	16.69327	-0.03763135	-0.1144664
1.78	-0.3221206	-0.6116323	1.539274	1.126363	-0.04084122	-0.5591995	15.44844	-0.03763135	0.04103583
1.8	-0.3942961	-0.6799221	1.107411	-0.4724285	-0.07983845	-0.5638732	14.37606	-0.02236417	-0.2573659
1.82	-0.4035727	-0.6799221	1.071831	-0.23149	-0.0921627	-0.6064605	16.39501	-0.05289853	0.1100311
1.84	-0.3888996	-0.6799221	1.053137	-0.728038	-0.07854658	-0.6124653	14.26381	0.008170187	-0.7468942
1.86	-0.4434524	-0.6799221	0.8017765	-0.3567386	-0.04683569	-0.5292436	15.41246	0.4203836	0.2124306
1.88	-0.3963203	-0.6799221	1.107038	-0.1748019	-0.02231181	-0.5564346	16.46422	-0.03763135	0.1974242
1.9	-0.375867	-0.6799221	1.233664	-0.08565293	-0.04838559	-0.6194153	16.33688	0.03870412	-0.2605262
1.92	-0.3349974	-0.6116323	1.408913	0.9823764	-0.03572014	-0.5737534	15.37376	-0.02236417	-0.1600083
1.94	-0.3756302	-0.6799221	1.210647	-0.235678	-0.09428808	-0.6275654	16.67508	0.03870412	0.01257551
1.96	-0.4226657	-0.6799221	0.9697279	-0.1154822	-0.03534764	-0.5489761	15.73336	0.008170187	0.08578193
1.98	-0.3768999	-0.6799221	1.238585	-0.05658629	-0.04973626	-0.612703	16.801	0.09977327	-0.04505277
2	-0.3732867	-0.6799221	1.27313	-0.02772728	-0.05092394	-0.5984041	16.74597	-0.02236417	0.0683403
2.02	-0.359907	-0.6799221	1.354802	-0.01358637	-0.06819311	-0.6240394	17.18765	-0.02236417	0.07972497
2.04	-0.3793274	-0.6799221	1.248964	-0.00665732	-0.05861598	-0.6031538	16.63831	-0.007096993	0.03040075
2.06	-0.3908049	-0.6799221	1.190861	-0.003262086	-0.04300198	-0.5803317	16.31971	-0.02236417	0.04287422
2.08	-0.4042675	-0.6799221	1.126055	-0.001598422	-0.02006397	-0.5477874	15.77484	0.03870412	0.0277369
2.1	-0.3084444	-0.6116323	1.61067	1.023563	-0.02150077	-0.5595844	16.24301	0.008170187	0.1700942
2.12	-0.3911377	-0.6799221	1.161949	-0.2154965	-0.06653541	-0.5983871	15.82686	-0.05289853	-0.1665016
2.14	-0.3898833	-0.6799221	1.17785	-0.1055933	-0.05869897	-0.598307	16.84562	-0.03763135	0.132263
2.16	-0.3586975	-0.6799221	1.308586	-0.3590446	-0.06043184	-0.6144253	16.39837	-0.007096993	-0.1627802
2.18	-0.3720152	-0.6799221	1.248964	-0.1759318	-0.07592319	-0.6314999	17.33619	-0.007096993	0.0843305
2.2	-0.3840482	-0.6799221	1.186806	-0.0862066	-0.05418688	-0.6202469	17.00622	0.0692389	-0.04007351
2.22	-0.3676139	-0.6799221	1.28554	-0.04224123	-0.05593944	-0.6326486	17.3963	-0.007096993	-0.01177812
2.24	-0.4996993	-0.8165007	0.5866101	-2.683985	-0.07133934	-0.6142451	15.61088	0.03870412	-0.5543916
2.26	-0.3385757	-0.6799221	1.468573	0.1189224	-0.07747719	-0.7000704	19.18203	0.08450609	0.1036299
2.28	-0.2961103	-0.6116323	1.64104	1.082618	-0.03333744	-0.6097919	16.96413	0.03870412	0.008915305
2.3	-0.4050834	-0.6799221	1.126806	0.1207401	-0.02264863	-0.5367966	17.03185	-0.007096993	0.5379401
2.32	-0.3591138	-0.6799221	1.377402	0.05916266	-0.03538424	-0.6264319	17.30766	1.031071	-0.0953089
2.34	-0.3297349	-0.6799221	1.485616	-0.2783142	-0.07907978	-0.6584976	17.06561	0.1913759	-0.2440683
2.36	-0.488821	-0.7482109	0.6901662	-1.160706	-0.02726588	-0.5259701	16.2821	-0.08343289	0.3125877
2.38	-0.3883915	-0.6799221	1.256024	0.1482865	0.03069097	-0.5331882	16.84088	0.03870412	0.2249873
2.4	-0.3986057	-0.6799221	1.220659	0.07266037	0.05114499	-0.4735065	15.27442	-0.05289853	0.1215137
2.42	-0.3029654	-0.6116323	1.600005	0.4453422	0.0133985	-0.5030175	13.40991	0.02343737	-0.4983528
2.44	-0.3996488	-0.6799221	1.111528	-0.4988247	-0.06439325	-0.5460039	16.23249	-0.007096993	0.3876206
2.46	-0.3507654	-0.6116323	1.354888	0.7799222	0.0232918	-0.4824013	16.05972	-0.007096993	0.5192457
2.48	-0.3153504	-0.6116323	1.581731	0.9967655	0.006763488	-0.5428874	17.30962	-0.08343289	0.4931029
2.5	-0.3856218	-0.6799221	1.236595	-0.2286274	0.01618695	-0.4942168	16.13228	0.05397173	0.3873719
2.52	-0.3795753	-0.6799221	1.294022	-0.1120274	0.00998503	-0.5291476	16.53712	-0.02236417	0.25173
2.54	-0.3925333	-0.6799221	1.246505	-0.05489342	0.0324333	-0.4869705	16.04556	0.02343737	0.3438466
2.56	-0.3694047	-0.6799221	1.382134	-0.02689778	0.005969584	-0.5466782	16.59787	0.02343737	0.1412318
2.58	-0.3885312	-0.6799221	1.285205	-0.01317991	0.01829585	-0.5063736	16.13218	-0.02236417	0.2763474
2.6	-0.3349475	-0.6116323	1.478922	0.7105843	0.04538864	-0.4641988	14.08676	-0.02236417	-0.1015446
2.62	-0.4068033	-0.6799221	1.123945	-0.3688562	-0.002310365	-0.49152	15.69426	0.11504	0.3550304
2.64	-0.4038899	-0.6799221	1.182873	-0.1807395	0.04908925	-0.4463069	16.31964	-0.05289853	0.6956174
2.66	-0.3934126	-0.6799221	1.281153	-0.08856235	0.08240035	-0.4234644	15.77259	0.0692389	0.5435111
2.68	-0.4099376	-0.6799221	1.227169	-0.04339555	0.104678	-0.3779888	14.72259	-0.09870007	0.4824657
2.7	-0.4197779	-0.6799221	1.186965	-0.02126382	0.09345397	-0.4034964	14.21757	-0.007096993	0.1526235
2.72	-0.3899323	-0.6799221	1.342465	-0.01041927	0.03510904	-0.5022832	15.45808	-0.09870007	0.0001474619
2.74	-0.4187345	-0.6799221	1.195268	-0.005105443	0.07205245	-0.4032701	15.02707	0.09977327	0.5326843
2.76	-0.4088576	-0.6799221	1.272174	-0.002501667	0.09636548	-0.382332	15.05923	-0.03763135	0.6002491
2.78	-0.3253203	-0.6116323	1.682482	1.023121	0.09107217	-0.4111264	14.8527	-0.08343289	0.3900648
2.8	-0.4302084	-0.6799221	1.076483	-0.5230173	0.07782412	-0.3605648	12.70857	-0.06816571	0.08842385
2.82	-0.4222092	-0.6799221	1.143417	-0.2562785	0.05437991	-0.4303101	15.24905	0.11504	0.4493588
2.84	-0.4131819	-0.6799221	1.207429	-0.1255764	0.08205059	-0.4238551	15.36814	-0.05289853	0.4003809
2.86	-0.37263	-0.6799221	1.431045	-0.06153245	0.04512367	-0.5058993	16.29454	0.05397173	0.1778296
2.88	-0.402449	-0.6799221	1.271089	-0.0301509	0.06581149	-0.4425433	15.51168	-0.007096993	0.3656182
2.9	-0.3587676	-0.6799221	1.4676	-0.3220779	0.03425983	-0.4944192	15.7444	-0.02236417	0.1381499
2.92	-0.3309653	-0.6116323	1.572757	0.8665282	0.04862347	-0.4593826	15.70415	-0.02236417	0.4464992
2.94	-0.3965453	-0.6799221	1.237953	-0.2924436	0.03527561	-0.4692283	16.03046	0.008170187	0.4456877
2.96	-0.4026801	-0.6799221	1.214586	-0.1432974	0.05613631	-0.480884	16.11452	-0.02236417	0.264014
2.98	-0.3964664	-0.6799221	1.219501	-0.3775197	0.07809031	-0.4403954	14.83754	-0.007096993	0.06911612
3	-0.4030322	-0.6799221	1.218809	-0.1849846	0.07351428	-0.4388306	15.88984	0.02343737	0.4633378
3.02	-0.3604011	-0.6799221	1.471467	-0.09064246	0.04832229	-0.5091949	17.13948	0.0692389	0.392293
3.04	-0.3802175	-0.6799221	1.378165	-0.0444148	0.06890392	-0.4581466	16.41358	0.008170187	0.4930253
3.06	-0.3785919	-0.6799221	1.400041	-0.02176325	0.07057047	-0.4618406	16.36694	-0.05289853	0.4370794
3.08	-0.3955266	-0.6799221	1.317903	-0.01066399	0.08728626	-0.4312516	15.764	0.008170187	0.4189196
3.1	-0.3178996	-0.6116323	1.701212	1.019121	0.0970031	-0.4234576	15.71296	-0.02236417	0.5035658
3.12	-0.2936995	-0.6116323	1.787459	0.8066732	0.03426602	-0.5000533	16.30775	-0.08343289	0.346145
3.14	-0.4474914	-0.6799221	0.9648118	-0.3217725	0.07967512	-0.385197	14.57182	-0.03763135	0.4528382
3.16	-0.4258229	-0.6799221	1.060959	-0.4649724	0.1104674	-0.3988968	14.27622	0.0692389	0.06423247
3.18	-0.3908914	-0.6799221	1.306702	-0.2278365	0.1012961	-0.4115478	16.38818	-0.02236417	0.7087009
3.2	-0.3770117	-0.6799221	1.418959	-0.1116399	0.1112805	-0.4129695	16.34236	0.09977327	0.6321642
3.22	-0.3881508	-0.6799221	1.383335	-0.05470354	0.1193284	-0.3929709	15.69565	-0.007096993	0.5543391
3.24	-0.3907262	-0.6799221	1.381681	-0.02680473	0.1096244	-0.409081	15.58455	-0.02236417	0.4284713
3.26	-0.3794117	-0.6799221	1.445773	-0.01313432	0.08671117	-0.4455231	16.10431	0.05397173	0.4000132
3.28	-0.3093681	-0.6116323	1.764935	1.01791	0.08186689	-0.4590143	16.05041	-0.03763135	0.3706295
3.3	-0.4018389	-0.6799221	1.271236	-0.2182663	0.07252148	-0.4233479	15.63961	-0.02236417	0.5026544
3.32	-0.3708192	-0.6799221	1.380945	-0.4142544	0.04172492	-0.5230491	15.9404	0.09977327	-0.1252211
3.34	-0.3841724	-0.6799221	1.279971	-0.5102885	0.05608362	-0.462178	16.00406	0.008170187	0.3472168
3.36	-0.3877129	-0.6799221	1.283136	-0.2500414	0.06328109	-0.4907839	17.08874	0.02343737	0.4242662
3.38	-0.3820897	-0.6799221	1.397885	0.1847794	0.1036507	-0.4521948	18.21705	-0.03763135	0.9399845
3.4	-0.2947579	-0.6116323	1.829172	1.114888	0.1304573	-0.4421147	16.31348	0.02343737	0.3360099
3.42	-0.3818272	-0.6799221	1.365766	-0.1707472	0.072864	-0.4591996	15.83347	0.02343737	0.2360301
3.44	-0.3901021	-0.6799221	1.326835	-0.08366612	0.074128	-0.4699364	16.67818	-0.05289853	0.4177014
3.46	-0.3181129	-0.6116323	1.675092	0.98335	0.1072792	-0.4428365	16.38574	-0.007096993	0.4681252
3.48	-0.382364	-0.6799221	1.293451	-0.5425049	0.07484812	-0.4527397	15.15505	0.008170187	0.03730345
3.5	-0.4026519	-0.6799221	1.267631	0.0414722	0.08643687	-0.4499251	17.9319	0.02343737	0.9441971
3.52	-0.3911465	-0.6799221	1.350537	0.02032138	0.1510225	-0.4004484	16.28641	-0.03763135	0.4911445
3.54	-0.3574664	-0.6799221	1.56012	0.009957474	0.1216906	-0.4336925	16.77341	-0.007096993	0.5145444
3.56	-0.4235117	-0.6799221	1.205179	0.004879162	0.1569761	-0.3525506	14.66354	0.0692389	0.3457006
3.58	-0.3913051	-0.6799221	1.398607	0.002390789	0.1359742	-0.3945324	15.88532	-0.007096993	0.4924411
3.6	-0.4861155	-0.7482109	0.9391954	-1.023161	0.1462043	-0.3710662	15.2248	0.0692389	0.3421448
3.62	-0.3621835	-0.6799221	1.558701	-0.09162015	0.131751	-0.4347816	15.69329	-0.03763135	0.09123576
3.64	-0.3702317	-0.6799221	1.512262	-0.04489387	0.09138694	-0.4495384	16.56943	0.05397173	0.4641407
3.66	-0.347859	-0.6799221	1.559852	-0.3293019	0.04909983	-0.5284982	16.53021	-0.007096993	-0.03735185
3.68	-0.3938524	-0.6799221	1.300106	-0.1613579	0.06360385	-0.486451	16.99367	0.02343737	0.4119984
3.7	-0.3815912	-0.6799221	1.369999	-0.07906538	0.09266081	-0.4831711	17.37201	-0.03763135	0.4116729
3.72	-0.395688	-0.6799221	1.300298	-0.03874204	0.1272958	-0.4400571	16.43645	-0.03763135	0.2975197
3.74	-0.3959703	-0.6799221	1.331015	-0.0189836	0.1583033	-0.3762593	16.20561	-0.007096993	0.6203967
3.76	-0.3522537	-0.6799221	1.589258	-0.009301962	0.1208941	-0.453665	17.22307	0.05397173	0.4742539
3.78	-0.4647942	-0.7482109	1.087471	-0.7215903	0.1369266	-0.4071404	17.3987	-0.03763135	0.78701
3.8	-0.3451141	-0.6799221	1.731928	0.3634531	0.1604152	-0.429428	17.3823	0.05397173	0.5482771
3.82	-0.3529065	-0.6799221	1.671447	0.178092	0.1260273	-0.4318495	16.4565	0.02343737	0.39456
3.84	-0.3711483	-0.6799221	1.552459	0.0872651	0.107384	-0.4331138	16.56541	-0.06816571	0.5144402
3.86	-0.4034699	-0.6799221	1.351818	0.0427599	0.1278325	-0.4125128	15.8603	0.03870412	0.3510505
3.88	-0.3761089	-0.6799221	1.507782	0.02095235	0.1344762	-0.4045599	16.88674	-0.02236417	0.7228159
3.9	-0.3895369	-0.6799221	1.429775	0.01026665	0.1510767	-0.3938531	16.08501	0.008170187	0.4619526
3.92	-0.2878182	-0.6116323	1.923651	1.029377	0.121668	-0.4542854	16.91196	0.0692389	0.4399047
3.94	-0.3900211	-0.6799221	1.365882	-0.2126477	0.1051325	-0.4240737	16.22313	0.0692389	0.4687234
3.96	-0.4012765	-0.6799221	1.32384	-0.1041974	0.150727	-0.3755658	16.57714	0.03870412	0.7756433
3.98	-0.3524246	-0.6799221	1.603183	-0.05105672	0.1320596	-0.4512019	17.567	-0.007096993	0.5355889
4	-0.3765311	-0.6799221	1.465505	-0.02501779	0.1345323	-0.4369904	16.64103	0.02343737	0.3392941
4.02	-0.3559288	-0.6799221	1.59267	-0.01225872	0.1276408	-0.431743	17.61175	0.02343737	0.7423856
4.04	-0.3764843	-0.6799221	1.483378	-0.006006771	0.1485879	-0.4062769	16.75145	0.02343737	0.5708482
4.06	-0.3474342	-0.6799221	1.638598	-0.002943318	0.1134447	-0.4768382	17.68392	0.03870412	0.4420419
4.08	-0.3653777	-0.6799221	1.539452	-0.001442226	0.1274754	-0.4342605	17.33495	-0.02236417	0.6251383
4.1	-0.2592039	-0.6116323	2.06419	1.02364	0.1076654	-0.4872311	18.27779	-0.02236417	0.6573038
4.12	-0.3590591	-0.6799221	1.571464	0.09184057	0.09062913	-0.4766959	18.71031	0.008170187	0.9003551
4.14	-0.3491967	-0.6799221	1.626616	0.04500188	0.1303985	-0.4493726	18.16552	-0.007096993	0.7466465
4.16	-0.3359218	-0.6799221	1.68883	0.02205092	0.1076348	-0.5021173	18.16127	-0.05289853	0.397921
4.18	-0.3504568	-0.6799221	1.606712	0.01080495	0.113847	-0.4670207	17.99944	-0.007096993	0.6180776
4.2	-0.5439811	-0.8847904	0.668515	-3.375034	0.08397001	-0.4926662	18.11616	-0.007096993	0.3222432
4.22	-0.3867468	-0.6799221	1.508817	0.4973507	0.2235847	-0.38216	17.47155	0.05397173	0.6317177
4.24	-0.3260886	-0.6799221	1.833755	0.2437018	0.1668684	-0.4414086	17.35011	0.02343737	0.3581406
4.26	-0.4487972	-0.7482109	1.200743	-0.9049182	0.1492956	-0.3974882	16.42159	-0.02236417	0.442754
4.28	-0.3601365	-0.6799221	1.66274	0.2736225	0.161447	-0.4253507	17.51309	0.008170187	0.5857186
4.3	-0.3477667	-0.6799221	1.700838	0.134075	0.1331267	-0.4605367	17.38699	-0.05289853	0.3750656
4.32	-0.4198122	-0.7482109	1.341353	-0.9586353	0.110016	-0.4682195	18.05855	0.03870412	0.562325
4.34	-0.3531529	-0.6799221	1.617998	-0.0600028	0.1413893	-0.4620701	16.81194	-0.02236417	0.1137809
4.36	-0.3847959	-0.6799221	1.447681	-0.02940137	0.1564865	-0.3924673	16.90102	0.008170187	0.6760073
4.38	-0.4080609	-0.7482109	1.380149	-1.038739	0.1255348	-0.4695504	18.64916	-0.05289853	0.6542642
4.4	-0.3746739	-0.6799221	1.551596	0.2080504	0.1993931	-0.3826584	17.1836	0.02343737	0.6361316
4.42	-0.2727311	-0.6116323	2.04858	1.126291	0.1715151	-0.4246829	17.23944	0.02343737	0.5104737
4.44	-0.385528	-0.6799221	1.434578	-0.1651599	0.1505837	-0.3840082	16.29109	-0.03763135	0.5692351
4.46	-0.2866986	-0.6116323	1.924642	0.943418	0.1461639	-0.4360536	17.86292	-0.02236417	0.7406491
4.48	-0.3597804	-0.6799221	1.547279	-0.2547676	0.1418844	-0.409296	17.68361	-0.03763135	0.8446856
4.5	-0.3488534	-0.6799221	1.625597	-0.1248361	0.15357	-0.4280029	18.34555	-0.007096993	0.8409971
4.52	-0.3448284	-0.6799221	1.65335	-0.0611697	0.1556013	-0.4447655	18.13762	-0.007096993	0.6136683
4.54	-0.3634517	-0.6799221	1.556293	-0.02997315	0.1695792	-0.4146571	17.51359	0.02343737	0.5978998
4.56	-0.3445404	-0.6799221	1.658116	-0.01468685	0.1460722	-0.4647418	18.1436	-0.03763135	0.4883856
4.58	-0.394312	-0.6799221	1.391641	-0.007196554	0.1977094	-0.3613871	16.64873	-0.03763135	0.6303077
4.6	-0.2729079	-0.6116323	2.018589	1.02082	0.1822448	-0.4130145	17.8973	0.03870412	0.7547537
4.62	-0.3397467	-0.6799221	1.665655	-0.2168407	0.1319619	-0.4474853	17.9797	-0.007096993	0.648949
4.64	-0.3513336	-0.6799221	1.602961	-0.1062519	0.1373715	-0.4596757	18.44684	0.008170187	0.6700376
4.66	-0.3646491	-0.6799221	1.495126	-0.3593674	0.1818602	-0.3846296	16.70333	-0.03763135	0.5056853
4.68	-0.3641958	-0.6799221	1.530845	-0.17609	0.1795252	-0.3940062	17.86124	0.05397173	0.8264884
4.7	-0.3529755	-0.6799221	1.615893	-0.0862841	0.1906126	-0.3983652	17.98961	-0.08343289	0.7745769
4.72	-0.33222	-0.6799221	1.728635	-0.04227921	0.1546177	-0.4731805	18.41099	0.03870412	0.4448543
4.74	-0.3733214	-0.6799221	1.500494	-0.02071681	0.1775595	-0.4115272	17.38739	-0.05289853	0.5264904
4.76	-0.3478992	-0.6799221	1.644629	-0.01015124	0.1653066	-0.4450819	18.30447	0.08450609	0.5984131
4.78	-0.2813051	-0.6116323	1.954016	1.019372	0.1788868	-0.4283622	17.87217	0.008170187	0.6130593
4.8	-0.3885561	-0.6799221	1.400424	-0.2175501	0.2003816	-0.3335255	16.77167	-0.08343289	0.8774879
4.82	-0.3338253	-0.6799221	1.720807	-0.1065995	0.1685336	-0.4452199	18.7977	2.069239	0.7374407
4.84	-0.3767281	-0.6799221	1.42754	-0.3595377	0.1913669	-0.4030353	15.94744	1.41275	0.03073633
4.86	-0.3645885	-0.6799221	1.540073	-0.1761734	0.1914269	-0.3685326	18.18397	0.1761092	1.082111
4.88	-0.461617	-0.7482109	1.102427	-1.110657	0.2530557	-0.295642	16.98026	0.03870412	0.9210315
4.9	-0.3569522	-0.6799221	1.707354	0.1728105	0.2849771	-0.2975061	17.33902	0.5119871	0.9523466
4.92	-0.3936366	-0.6799221	1.455415	-0.2226267	0.2768725	-0.2737426	13.91739	0.1303076	0.0567193
4.94	-0.4516137	-0.6799221	1.179867	-0.1090871	0.3056826	-0.1609023	14.23307	0.008170187	1.011953
4.96	-0.3827834	-0.6799221	1.590475	-0.05345267	0.2830054	-0.2561436	16.21406	0.160842	0.9529312
4.98	-0.3961439	-0.6799221	1.537888	-0.02619181	0.2983551	-0.2175738	15.40353	0.02343737	0.9439697
5	-0.3729456	-0.6799221	1.671439	-0.01283399	0.2624486	-0.2821589	16.11503	-0.007096993	0.8006541
5.02	-0.3820316	-0.6799221	1.626891	-0.006288654	0.2639329	-0.2588316	16.09418	0.02343737	0.9902911
5.04	-0.3926136	-0.6799221	1.574235	-0.00308144	0.2792039	-0.2388505	15.76993	-0.03763135	0.9778329
5.06	-0.4061437	-0.6799221	1.508856	-0.001509906	0.3009834	-0.2077186	15.22273	-0.05289853	0.9555987
5.08	-0.3721746	-0.6799221	1.685695	-0.0007398538	0.2549847	-0.3062195	16.20691	0.08450609	0.6549149
5.1	-0.3067417	-0.6116323	1.968423	1.023984	0.2435031	-0.3161004	16.18273	0.02343737	0.7001932
5.12	-0.3873779	-0.6799221	1.535359	-0.2152904	0.2271796	-0.2900218	16.3135	0.02343737	0.9627328
5.14	-0.3712812	-0.6799221	1.62439	-0.1054923	0.2299355	-0.3357136	17.33057	0.008170187	0.8839834
5.16	-0.3727449	-0.6799221	1.635613	-0.05169122	0.2685052	-0.2725148	17.0701	0.008170187	1.1498
5.18	-0.3587415	-0.6799221	1.725151	-0.02532869	0.2653904	-0.2959082	17.04483	0.02343737	0.9521208
5.2	-0.3636043	-0.6799221	1.697432	-0.01241106	0.2522108	-0.3137017	16.85246	0.02343737	0.8004301
5.22	-0.3927349	-0.6799221	1.556476	-0.00608142	0.2941607	-0.2201734	16.14777	-0.02236417	1.169549
5.24	-0.3945352	-0.6799221	1.567245	-0.002979895	0.3168674	-0.2039588	15.72603	0.05397173	1.054609
5.26	-0.345873	-0.6799221	1.841586	-0.001460149	0.2655495	-0.2993956	17.0967	-0.03763135	0.9383694
5.28	-0.3217474	-0.6116323	1.916915	1.023631	0.3000546	-0.221369	15.57808	0.008170187	1.023242
5.3	-0.3749308	-0.6799221	1.644532	-0.2154633	0.2571468	-0.2608216	16.3485	-0.05289853	1.063398
5.32	-0.3990842	-0.6799221	1.516569	-0.105577	0.2853764	-0.2462712	16.11472	-0.03763135	0.9677849
5.34	-0.3713895	-0.6799221	1.633258	-0.3590367	0.2884069	-0.2483558	15.60049	0.05397173	0.7496397
5.36	-0.3835941	-0.6799221	1.584685	-0.175928	0.2750251	-0.2640051	16.51898	0.008170187	0.9925562
5.38	-0.3226807	-0.6116323	1.882392	0.9381416	0.3169943	-0.2149646	16.00525	-0.08343289	1.11849
5.4	-0.3802722	-0.6799221	1.648094	0.04994661	0.285078	-0.251719	17.38522	0.03870412	1.340782
5.42	-0.4166136	-0.6799221	1.461293	0.02447384	0.3565032	-0.1599386	15.06787	0.03870412	1.003384
5.44	-0.3832523	-0.6799221	1.652281	0.01199218	0.3203352	-0.2341766	15.74911	-0.007096993	0.7659066
5.46	-0.2953236	-0.6116323	2.078413	1.030223	0.2945382	-0.2597104	16.35024	0.008170187	0.9581791
5.48	-0.3606999	-0.6799221	1.678368	-0.5195373	0.2459863	-0.2760784	15.6845	-0.007096993	0.7410164
5.5	-0.3906809	-0.6799221	1.526822	-0.2545733	0.2562821	-0.2793944	17.05877	0.02343737	1.121159
5.52	-0.3617086	-0.6799221	1.700984	-0.1247409	0.2782507	-0.2955345	17.77442	0.008170187	1.100644
5.54	-0.3723651	-0.6799221	1.648272	-0.06112304	0.2953441	-0.2814216	16.87667	0.03870412	0.8366878
5.56	-0.3677537	-0.6799221	1.687984	-0.02995029	0.2959157	-0.2692959	17.01333	-0.007096993	0.9856077
5.58	-0.3661728	-0.6799221	1.706349	-0.01467564	0.2953965	-0.2705586	16.99959	0.03870412	0.9727423
5.6	-0.3954976	-0.6799221	1.559223	-0.007191064	0.3292584	-0.2069667	16.01705	-0.007096993	1.02928
5.62	-0.3743961	-0.6799221	1.69234	-0.003523621	0.3228754	-0.2282725	16.53907	-0.02236417	1.049006
5.64	-0.3828791	-0.6799221	1.659583	-0.001726574	0.3329353	-0.2040039	16.14756	0.03870412	1.080265
5.66	-0.3378528	-0.6799221	1.911208	-0.0008460215	0.2853371	-0.2896131	17.60731	-0.03763135	1.060078
5.68	-0.4115223	-0.6799221	1.494486	-0.0004145505	0.3297521	-0.2036286	15.34829	-0.007096993	0.8333402
5.7	-0.3394451	-0.6799221	1.902327	-0.0002031297	0.2871068	-0.283188	17.92881	0.05397173	1.210752
5.72	-0.3576698	-0.6799221	1.788844	-9.953356e-05	0.288064	-0.2854599	17.16182	0.05397173	0.92888
5.74	-0.3731156	-0.6799221	1.706344	-4.877145e-05	0.3078973	-0.2400863	16.91179	-0.007096993	1.139197
5.76	-0.3574426	-0.6799221	1.802221	-2.389801e-05	0.3116535	-0.2444751	17.30881	-0.007096993	1.211335
5.78	-0.3767953	-0.6799221	1.70018	-1.171002e-05	0.3303441	-0.2167296	16.47936	-0.007096993	1.081726
5.8	-0.2868422	-0.6116323	2.132262	1.024341	0.3101372	-0.2679472	16.87225	0.02343737	0.9498558
5.82	-0.3773956	-0.6799221	1.643079	-0.2151155	0.2850707	-0.2527857	16.56031	-0.02236417	1.016575
5.84	-0.3427656	-0.6799221	1.799837	-0.4127105	0.2816176	-0.2744757	17.21846	-0.03763135	1.050891
5.86	-0.4438545	-0.7482109	1.321009	-1.22656	0.2942457	-0.2595339	17.60849	-0.02236417	1.167474
5.88	-0.3551463	-0.6799221	1.812995	0.1160179	0.3410534	-0.2575024	17.88419	-0.02236417	1.124658
5.9	-0.3253788	-0.6799221	1.965492	0.05684878	0.2913341	-0.3292214	17.91012	-0.007096993	0.7587646
5.92	-0.4485506	-0.7482109	1.338063	-0.9964762	0.3020362	-0.2583155	16.9791	0.008170187	0.9321057
5.94	-0.3196504	-0.6799221	2.023674	0.2287591	0.2852038	-0.3534919	19.02468	-0.007096993	0.9511309
5.96	-0.2747935	-0.6116323	2.19763	1.136438	0.3069198	-0.2798257	17.46515	-0.03763135	1.045179
5.98	-0.3570957	-0.6799221	1.69349	-0.4674916	0.2653124	-0.2929552	16.16544	0.03870412	0.6092827
6	-0.371567	-0.6799221	1.628561	-0.2290709	0.2684394	-0.3025059	18.18455	-0.05289853	1.18524
6.02	-0.3401217	-0.6799221	1.708884	-0.7268525	0.2831516	-0.3136199	16.44152	-0.03763135	0.4062905
6.04	-0.38513	-0.6799221	1.500469	-0.3561577	0.2920182	-0.2776083	17.73094	-0.007096993	1.116596
6.06	-0.3597372	-0.6799221	1.690094	-0.1745173	0.3386297	-0.2438554	18.33301	-0.03763135	1.372732
6.08	-0.347137	-0.6799221	1.798755	-0.08551346	0.3523553	-0.2397242	17.8065	0.0692389	1.166154
6.1	-0.2660542	-0.6116323	2.258172	1.289744	0.3333505	-0.2798247	18.90146	-0.03763135	1.375399
6.12	-0.3300215	-0.6799221	1.911699	-0.0850677	0.291577	-0.3013167	17.87235	-0.007096993	0.9660938
6.14	-0.124821	-0.4750528	2.85992	3.031356	0.2950076	-0.3154502	17.91179	0.05397173	1.089085
6.16	-0.3800105	-0.6799221	1.514099	-0.6657631	0.2586131	-0.2369224	17.0404	-0.007096993	1.403568
6.18	-0.4017698	-0.6799221	1.443324	-0.3262239	0.3451896	-0.2041373	17.67802	0.03870412	1.460788
6.2	-0.3798189	-0.6799221	1.628771	-0.1598497	0.41322	-0.1449123	17.13612	-0.05289853	1.44988
6.22	-0.3686194	-0.6799221	1.731941	-0.07832636	0.4057579	-0.1697828	16.41854	0.0692389	1.037834
6.24	-0.3169536	-0.6799221	2.03208	-0.03837992	0.3225437	-0.2868593	18.20467	-0.007096993	1.039288
6.26	-0.3630143	-0.6799221	1.76905	-0.01880616	0.3242579	-0.257344	17.21741	0.05397173	0.9625639
6.28	-0.3652723	-0.6799221	1.815432	0.2980846	0.3422278	-0.2369458	18.75931	-0.09870007	1.57049
6.3	-0.3598498	-0.6799221	1.836796	0.1460615	0.3746334	-0.2143112	17.04942	-0.007096993	1.025238
6.32	-0.3618328	-0.6799221	1.778919	-0.2357337	0.3646282	-0.1902594	15.65782	0.008170187	0.8135304
6.34	-0.3737291	-0.6799221	1.663461	-0.4228134	0.3274876	-0.2336208	15.80899	-0.02236417	0.6695728
6.36	-0.397722	-0.6799221	1.55153	-0.2071786	0.3494034	-0.1993726	16.9551	0.03870412	1.241532
6.38	-0.3630013	-0.6799221	1.754967	-0.1015175	0.3560416	-0.2437386	17.695	-0.007096993	1.061529
6.4	-0.356296	-0.6799221	1.796661	-0.04974357	0.3505671	-0.2543575	17.56853	0.03870412	0.9537144
6.42	-0.3261338	-0.6799221	1.966679	-0.02437435	0.3176001	-0.2982796	18.66945	-0.007096993	1.10392
6.44	-0.3603319	-0.6799221	1.766728	-0.01194343	0.3300073	-0.2757688	17.65992	0.03870412	0.9005709
6.46	-0.2655497	-0.6116323	2.226179	1.018494	0.3189323	-0.3052624	18.45082	-0.007096993	1.042752
6.48	-0.4021325	-0.6799221	1.499022	-0.2179803	0.361404	-0.1780975	16.39086	-0.02236417	1.162252
6.5	-0.3750522	-0.6799221	1.684513	-0.1068104	0.3836656	-0.1903904	17.53978	-0.007096993	1.322739
6.52	-0.3492196	-0.6799221	1.898525	0.2549626	0.3773749	-0.2357676	18.9567	-0.007096993	1.440088
6.54	-0.3348759	-0.6799221	1.972673	0.1249316	0.3730713	-0.2414214	17.73162	-0.03763135	1.000673
6.56	-0.3552441	-0.6799221	1.853753	0.0612165	0.3571203	-0.2318974	17.29373	0.008170187	1.021458
6.58	-0.364787	-0.6799221	1.799722	0.02999609	0.3624316	-0.2153373	17.38666	0.008170187	1.168695
6.6	-0.4131935	-0.6799221	1.547916	0.01469808	0.4313293	-0.1014223	15.75407	1.51962	1.267923
6.62	-0.370005	-0.6799221	1.842024	0.007202059	0.4572245	-0.05678844	16.77418	-0.2971734	1.86514
6.64	-0.3585396	-0.6116323	1.85392	1.027875	0.494713	-0.03405588	13.67726	3.290612	0.9291897
6.66	-0.5225555	-0.6799221	1.034613	-0.2133836	0.5915204	0.2309896	11.00452	0.2371779	1.780064
6.68	-0.2797779	-0.6799221	1.64472	-4.714112	0.3783664	-0.06429122	0.2091064	0.3135138	-3.459936
6.7	0.7036114	0.2761335	6.443544	12.03092	0.08498827	-0.3860157	21.6092	-6.510913	3.610766
6.72	-0.2578448	-0.6799221	1.367657	-4.143434	-0.262487	-0.7471833	24.61547	-6.90786	1.969291
6.74	-0.3401204	-0.6799221	0.8810444	-2.030282	-0.1387886	-1.14326	28.45312	5.275345	-0.853864
6.76	-0.4292653	-0.6799221	0.565812	-1.302142	0.3769373	-0.3002276	22.63645	0.6799257	1.92175
6.78	-0.2085574	-0.6116323	1.315382	-3.915955	0.5024672	-0.06755644	5.466665	3.565422	-2.438884
6.8	-0.3572387	-0.6799221	0.9081768	-2.63586	0.1886721	-0.3482759	22.32419	-0.8620586	2.359998
6.82	-0.4709206	-0.6799221	0.5385215	-1.291571	0.5014954	-0.1114329	18.87968	5.41275	1.712254
6.84	-0.4034705	-0.6799221	1.187924	-0.9401739	0.6973767	0.1824011	16.01857	2.847865	2.345678
6.86	0.5777505	0.2761335	5.298437	9.577899	0.7772315	0.3805224	-6.794522	-0.5567153	-2.850844
6.88	-0.9960487	-1.08966	-3.148544	-16.10103	0.04943448	0.3048443	-5.048429	-12.31244	-0.9784985
6.9	-0.3341008	-0.6799221	0.1655036	-7.889511	-0.01942924	-0.5897308	16.92138	13.48909	-0.6406507
6.92	-0.1354086	-0.4067631	1.371	-0.9976907	0.3501243	-0.1345847	21.66946	-1.839158	3.400401
6.94	-0.1196788	-0.3384733	1.37576	-0.07912999	0.5699998	0.04978116	10.35888	3.41275	0.182107
6.96	-0.5886505	-0.6116323	-0.5759786	-2.599639	0.7411203	0.5373931	11.71332	0.7257272	3.764446
6.98	0.5698583	0.3444233	4.711651	8.764761	0.9778758	0.6701196	-7.221999	4.466185	-1.517913
7	-0.9483585	-1.08966	-3.125369	-17.52382	0.3157692	0.7403442	-4.96604	-12.11397	1.401177
7.02	-0.659402	-0.6799221	-0.6681365	-2.747909	0.5664899	0.1331706	26.72586	12.06924	6.107075
7.04	0.4892838	0.5492926	5.138012	17.09175	1.601211	1.311616	-0.1883261	6.786796	3.667476
7.06	-1.118762	-1.02137	-2.538195	-9.653517	1.120254	1.498317	-5.666037	-3.152135	4.011817
7.08	0.3189936	0.002975464	4.568964	6.025404	0.8464506	0.362303	-0.05671644	6.313513	-1.386913
7.1	0.8598185	0.6858721	6.754046	14.73242	0.7039565	0.9674253	-1.239029	-13.45748	5.073568
7.12	0.1197175	0.2761335	2.488	7.21888	0.4275547	0.6869671	-1.615422	6.374582	3.375289
7.14	0.3091736	0.2761335	2.573774	3.229947	0.3323392	0.3367198	-6.625927	-2.465112	-1.072574
7.16	0.3819204	0.002975464	1.704862	-6.816953	-0.3919202	-0.6174449	-5.000214	-2.266639	-5.764415
7.18	0.2057401	0.002975464	0.6522794	-3.340307	-0.5794287	-0.8865154	24.72009	-13.22847	2.772234
7.2	0.2324765	0.07126522	0.6702891	-0.6124039	0.02931008	-0.5851556	21.51979	4.771529	1.233311
7.22	1.341315	0.9590311	6.031118	13.32372	0.2487437	-0.5107034	17.94462	1.718093	0.6195765
7.24	0.6755333	0.6175833	2.487147	7.552977	0.1897235	-0.01762664	12.29488	-0.7246542	2.944745
7.26	0.586744	0.6175833	1.406991	3.700958	0.4524445	0.4073534	-5.435782	-1.823891	-0.7243583
7.28	-0.0907594	-0.3384733	-1.233927	-7.917822	-0.1979405	-0.6700157	28.55066	1.321147	3.414172
7.3	0.798568	0.6175833	3.535419	10.46112	0.5886628	-0.184286	22.18755	8.481453	2.759003
7.32	1.010906	0.6858721	4.040126	6.150279	0.5472668	0.2816779	-2.418173	-2.816257	-1.202991
7.34	0.6223993	0.2761335	1.604038	-3.132442	-0.2336901	-0.3976921	4.968172	-4.90786	-1.230681
7.36	0.4524504	0.3444233	0.4963723	-0.8178542	-0.20204	-0.5066403	14.13769	-1.029998	0.804548
7.38	0.7965789	0.6175833	1.82511	2.160132	0.07558149	-0.335788	8.474971	3.199009	-0.7756555
7.4	0.910534	0.6858721	2.126563	2.082797	0.02637798	-0.2415498	9.049423	-0.4040437	0.5236082
7.42	0.785247	0.6175833	1.233708	0.3035379	-0.008808911	-0.2584661	8.668877	-0.03763135	0.3078849
7.44	0.8186791	0.6175833	1.281695	0.1487336	-0.002316847	-0.3097184	11.46481	-0.08343289	0.7286627
7.46	0.7871628	0.6175833	1.05392	0.3801877	0.06482501	-0.275213	11.38742	-0.1292344	0.6504035
7.48	0.8537713	0.6175833	1.343267	0.186292	0.0545081	-0.3338508	11.79115	0.03870412	0.3051994
7.5	0.7843615	0.6175833	0.8987265	0.09128305	0.08862494	-0.2496125	9.478002	0.03870412	0.09357929
7.52	0.8979329	0.6858721	1.385629	0.7617611	0.0671957	-0.2842206	9.823132	0.2219107	0.08419704
7.54	0.7790979	0.6175833	0.7381197	-0.3437695	0.05831175	-0.241377	9.894409	-0.05289853	0.444628
7.56	0.7823578	0.6175833	0.7750631	-0.168447	0.110626	-0.2131463	10.46011	-0.1597688	0.6129757
7.58	0.8324428	0.6175833	1.054137	-0.08253905	0.08353698	-0.3046153	11.20706	0.03870412	0.2017105
7.6	0.7919155	0.6175833	0.8364424	-0.04044413	0.1078642	-0.2284389	9.80817	-0.02236417	0.2846892
7.62	0.9006923	0.6858721	1.381249	1.004514	0.0772077	-0.2911338	10.83293	0.02343737	0.3221204
7.64	0.7990195	0.6175833	0.8927258	0.08248782	0.06771725	-0.2503289	11.20861	0.03870412	0.7796161
7.66	0.8263814	0.6175833	0.9927216	-0.2668806	0.07932912	-0.2668705	9.773989	0.03870412	0.08642626
7.68	0.7260994	0.5492926	0.5060861	-1.155132	0.05686614	-0.2747329	10.31852	0.02343737	0.241632
7.7	0.9501978	0.7541609	1.565175	1.892402	0.1082853	-0.2483798	9.080889	0.02343737	0.0459373
7.72	0.7150449	0.5492926	0.3782304	-1.531148	0.03210951	-0.2367167	9.491003	0.02343737	0.4232838
7.74	0.7533053	0.6175833	0.6605561	0.2740979	0.1312357	-0.1893157	10.73047	-0.007096993	0.850207
7.76	0.8535471	0.6858721	1.16235	1.15864	0.1678718	-0.1721919	8.300422	-0.05289853	0.08445764
7.78	0.8355423	0.6175833	1.113888	0.1580094	0.01896138	-0.3468279	11.17588	-0.06816571	0.2056553
7.8	0.7038344	0.5492926	0.4417375	-0.9469361	0.07739055	-0.2055275	9.419796	0.008170187	0.4764125
7.82	0.7973834	0.6175833	0.9380195	0.2530538	0.1002808	-0.2444494	9.702448	0.1761092	0.2034645
7.84	0.8665617	0.6858721	1.19729	0.8410287	0.0896091	-0.216971	7.505349	-0.007096993	-0.1566873
7.86	0.7664196	0.6175833	0.6545988	-0.3049283	0.02255172	-0.2530828	8.574392	0.03870412	0.1482441
7.88	0.8208171	0.6858721	0.905486	0.8749171	0.07777089	-0.2105194	8.771936	-0.03763135	0.3892694
7.9	0.7833734	0.6175833	0.721837	-0.288323	0.0452286	-0.2650205	9.269018	0.05397173	0.1563549
7.92	0.801341	0.6175833	0.8473299	-0.1412783	0.0497518	-0.2606233	10.21675	-0.03763135	0.4929965
7.94	0.8554086	0.6858721	1.099576	0.9551057	0.07765217	-0.2340489	8.975302	-0.007096993	0.2588439
7.96	0.7924187	0.6175833	0.7743512	-0.2490306	0.0252063	-0.2743253	9.190857	0.02343737	0.164016
7.98	0.6893578	0.5492926	0.2896535	-1.146386	0.06116115	-0.2107169	9.068123	0.03870412	0.4194305
8	0.8528806	0.6858721	1.132664	1.179656	0.1030566	-0.228309	8.914721	-0.007096993	0.176604
8.02	0.7940356	0.6175833	0.7371346	-0.7536005	0.05217209	-0.1946459	6.108907	-0.03763135	-0.3058779
8.04	0.7367493	0.6175833	0.4630293	-0.3692642	0.04051626	-0.1917739	8.159923	-0.03763135	0.4832178
8.06	0.7805771	0.6175833	0.721146	-0.1809395	0.04154782	-0.2705678	9.434338	0.02343737	0.2146602
8.08	0.7765315	0.6175833	0.7119277	-0.08866033	0.05461633	-0.24638	8.785534	0.03870412	0.1483462
8.1	0.7110869	0.5492926	0.4783002	-0.760496	0.04494366	-0.2531702	10.25966	0.0692389	0.5625157
8.12	0.8157325	0.6175833	0.9782709	0.03710973	0.05816729	-0.2751718	8.306377	-0.03763135	-0.2696784
8.14	0.8228245	0.6858721	0.9456252	1.042516	0.04180294	-0.2299659	7.125396	0.008170187	-0.08800888
8.16	0.7806779	0.6175833	0.7245849	-0.2061997	-0.01899913	-0.2849599	8.894867	0.03870412	0.2444652
8.18	0.8216992	0.6858721	0.8433414	0.6159946	0.03217883	-0.2277489	6.985141	-0.03763135	-0.07684779
8.2	0.7542826	0.6175833	0.4636278	-0.7224947	0.001279801	-0.2347967	7.141168	0.0692389	-0.01940465
8.22	0.7185968	0.6175833	0.3309562	-0.3540224	0.06954773	-0.1451056	7.773632	0.02343737	0.6389148
8.24	0.778618	0.6175833	0.7030914	-0.173471	0.06161238	-0.2314109	8.623525	0.03870412	0.2128721
8.26	0.750777	0.6175833	0.5687239	-0.08500078	0.06434596	-0.2056975	7.197851	-0.007096993	-0.04015291
8.28	0.7815127	0.6175833	0.773752	-0.04165038	0.04354751	-0.2053074	8.419596	0.03870412	0.4849719
8.3	0.6993353	0.5492926	0.3838024	-1.044769	0.02509771	-0.2366978	8.000553	0.008170187	0.08944452
8.32	0.8670238	0.6858721	1.224047	1.229448	0.01609401	-0.2964656	8.741194	0.05397173	0.03631115
8.34	0.7687768	0.6175833	0.681099	-0.1146031	-0.01694345	-0.2567118	7.656702	-0.03763135	0.1062727
8.36	0.779373	0.6175833	0.681124	-0.3634552	-0.03431855	-0.2950824	7.687736	0.008170187	-0.1372586
8.38	0.7479035	0.6175833	0.469868	-0.4853926	-0.0122553	-0.2432759	6.957543	0.008170187	-0.04279613
8.4	0.7298017	0.6175833	0.3862042	-0.2378424	0.001363195	-0.256877	7.582581	0.008170187	-0.01529086
8.42	0.7597114	0.6175833	0.5175599	-0.4238424	0.003408194	-0.2679319	7.02538	-0.06816571	-0.3154581
8.44	0.7536709	0.6175833	0.5077863	-0.2076828	-0.01576398	-0.2846478	8.055918	-0.02236417	-0.008910775
8.46	0.7412511	0.6175833	0.465435	-0.1017646	0.01903559	-0.2314232	7.597049	-0.007096993	0.1316634
8.48	0.7731662	0.6175833	0.6247438	-0.3571643	0.01511005	-0.2279131	6.959308	0.008170187	-0.03388357
8.5	0.8338653	0.6858721	0.8809513	0.5420219	-0.003751516	-0.2341869	6.418984	0.05397173	-0.08450162
8.52	0.7715567	0.6175833	0.5310714	-0.7587413	-0.06909715	-0.286884	7.250238	0.05397173	-0.02122104
8.54	0.7648458	0.6175833	0.486559	-0.6790829	-0.05430052	-0.2827414	7.928232	0.03870412	0.1663468
8.56	0.7517205	0.6175833	0.4117652	-0.6400502	-0.01872048	-0.2493247	7.165103	-0.03763135	0.02299845
8.58	0.7055728	0.6175833	0.2692907	-0.006316423	0.0401784	-0.1760884	7.724247	-0.02236417	0.5731988
8.6	0.7463869	0.6175833	0.4226123	-0.6176943	0.05044094	-0.1885575	4.238905	0.008170187	-0.7664502
8.62	0.7257551	0.6175833	0.3481848	-0.3026702	-0.02138993	-0.244689	6.470141	0.03870412	-0.1237738
8.64	0.8068008	0.6858721	0.7587525	0.8760237	-0.007996082	-0.2482315	7.03393	0.03870412	0.05384159
8.66	0.7746266	0.6175833	0.5493924	-0.5950805	-0.08008026	-0.3320353	6.814471	0.008170187	-0.4785758
8.68	0.7997134	0.6858721	0.656198	0.7327426	-0.05370989	-0.2801805	7.428506	0.03870412	0.140723
8.7	0.6731158	0.5492926	0.01808566	-1.689649	-0.05257904	-0.2573381	6.672094	0.05397173	-0.09643412
8.72	0.7166433	0.6175833	0.2475581	-0.4181751	0.01494179	-0.2035183	5.821625	0.05397173	-0.161271
8.74	0.7646382	0.6175833	0.5571119	-0.2049058	-0.03160553	-0.2830969	7.73641	-0.05289853	0.03029335
8.76	0.7578714	0.6175833	0.5879989	0.2069044	-0.04158839	-0.3015443	8.615856	0.008170187	0.2322596
8.78	0.7904737	0.6175833	0.7216862	-0.2059165	-0.05094211	-0.2982821	6.959981	-0.007096993	-0.2520912
8.8	0.7178758	0.6175833	0.3299614	-0.1008991	-0.04495923	-0.2461584	6.103817	0.03870412	-0.09766543
8.82	0.8114132	0.6858721	0.7979531	0.9748915	-0.04107622	-0.2693396	6.885498	0.008170187	0.0265801
8.84	0.7206153	0.6175833	0.3232648	-0.2393356	-0.04710467	-0.2361391	6.018255	-0.05289853	-0.02532327
8.86	0.7529348	0.6175833	0.5676139	0.1900337	-0.06621473	-0.3110177	8.732422	-0.02236417	0.3363497
8.88	0.8067013	0.6858721	0.7466666	0.810149	-0.01832675	-0.2405403	4.850522	0.02343737	-0.5125357
8.9	0.715336	0.6175833	0.2234946	-0.627359	-0.07745536	-0.2435682	4.551901	-0.02236417	-0.4227563
8.92	0.7040042	0.6175833	0.1974455	-0.3074059	-0.06379585	-0.2484113	6.566983	0.05397173	0.1467556
8.94	0.7198185	0.6175833	0.3133212	-0.1506289	-0.02729461	-0.2420168	6.437445	-0.02236417	-0.02454758
8.96	0.7436948	0.6175833	0.4272978	-0.3811077	-0.03048952	-0.2300563	5.338026	0.08450609	-0.2729931
8.98	0.7308801	0.6175833	0.3815527	-0.1867428	-0.0656832	-0.267871	6.255163	0.02343737	-0.1035964
9	0.7966331	0.6858721	0.696719	0.9328281	-0.05356713	-0.2627894	6.059892	0.008170187	-0.09682834
9.02	0.7677488	0.6858721	0.4622814	0.4570857	-0.04155847	-0.1884306	3.600257	-0.06816571	-0.336639
9.04	0.6919438	0.6175833	0.09937263	-0.4930604	-0.07763439	-0.2288698	5.442151	0.03870412	0.03114152
9.06	0.7822261	0.6858721	0.5713383	0.7827324	-0.04681362	-0.2502736	6.057732	-0.08343289	-0.02043879
9.08	0.7940009	0.6858721	0.6160085	0.6908385	-0.06857575	-0.2638901	5.643283	-0.03763135	-0.1658342
9.1	0.7142868	0.6175833	0.2284322	-0.3785216	-0.08153769	-0.2431698	5.890841	0.02343737	0.08426762
9.12	0.7077932	0.6175833	0.2870318	0.1218327	-0.04075631	-0.2233445	7.077534	0.02343737	0.4623474
9.14	0.6790815	0.5492926	0.2036075	-0.9646627	-0.04788204	-0.2621576	6.37547	-0.06816571	-0.1569821
9.16	0.7143793	0.6175833	0.3846247	0.2443677	-0.02684081	-0.2288321	4.922536	0.008170187	-0.357965
9.18	0.7736331	0.6858721	0.6590408	1.144072	-0.02476341	-0.1755583	4.143442	0.02343737	-0.07243192
9.2	0.7436282	0.6175833	0.4491095	-0.4637367	-0.1225895	-0.2807289	4.50838	-0.02236417	-0.4653281
9.22	0.716161	0.6175833	0.2874599	-0.227231	-0.1512506	-0.3339127	6.218731	-0.02236417	-0.2051859
9.24	0.767342	0.6858721	0.4579526	0.6056892	-0.08985362	-0.2620402	4.279213	-0.02236417	-0.4643844
9.26	0.6586185	0.5492926	-0.04055148	-1.444605	-0.1509201	-0.3215272	6.740873	-0.03763135	-0.01833594
9.28	0.7046946	0.6175833	0.2793997	0.3165041	-0.05750303	-0.2600048	7.284175	-0.09870007	0.3274033
9.3	0.8450933	0.6858721	0.9832369	1.179419	-0.09239279	-0.3494588	6.382485	-0.02236417	-0.4961282
9.32	0.7163436	0.6858721	0.2933218	1.192523	-0.03870251	-0.1321198	3.564703	-0.1597688	0.2086557
9.34	0.7984397	0.6175833	0.7874804	-0.1326962	-0.1490604	-0.3263841	7.834126	-0.08343289	0.4042252
9.36	0.7055404	0.6858721	0.26914	1.266619	-0.01877334	-0.1249508	3.522491	-0.4193108	0.1680478
9.38	0.7261319	0.6175833	0.3434559	-0.4036886	-0.1000174	-0.260969	3.671228	0.02343737	-0.6591946
9.4	0.654121	0.6175833	-0.02551188	-0.1978074	-0.06671897	-0.1571184	3.523755	-0.08343289	0.04364693
9.42	0.7522138	0.6858721	0.5211477	1.234715	-0.05433547	-0.216963	5.134398	0.008170187	0.08908296
9.44	0.7292136	0.6175833	0.4026908	-0.1120223	-0.1096843	-0.273361	4.866749	-0.1292344	-0.3011636
9.46	0.6865986	0.6175833	0.1703213	-0.0548909	-0.09581667	-0.2258206	4.187714	-0.007096993	-0.1747514
9.48	0.4324932	0.3444233	-0.9991355	-4.124296	-0.151356	-0.3144084	6.069436	-0.06816571	-0.3706009
9.5	0.712769	0.6175833	0.4699991	0.8472747	-0.02293604	-0.2779454	5.526969	0.1455748	-0.5316125
9.52	0.7169566	0.6175833	0.431537	0.4151646	-0.09658585	-0.2986889	3.245377	0.11504	-1.096959
9.54	0.8293986	0.6858721	0.9441876	1.227763	-0.2064979	-0.3951322	5.91563	-0.2055703	-0.4034542
9.56	0.6752177	0.6175833	0.008094043	-0.4227284	-0.1919723	-0.3005309	2.998819	-0.02236417	-0.7224555
9.58	0.6938612	0.6175833	0.1235928	-0.2071369	-0.1760397	-0.3137804	5.986552	-0.05289853	0.07636607
9.6	0.7297092	0.6858721	0.2784384	0.922835	-0.07271835	-0.2073953	3.714143	-0.02236417	-0.1956775
9.62	0.6480477	0.5492926	-0.03830844	-0.9818958	-0.1620199	-0.3469837	6.383498	0.05397173	-0.2298263
9.64	0.7155509	0.6175833	0.3146345	0.2359235	-0.1144685	-0.3110211	5.303865	-0.02236417	-0.4279438
9.66	0.7598216	0.6858721	0.4921227	1.139935	-0.104538	-0.2577492	3.501095	0.008170187	-0.5250469
9.68	0.7821534	0.6858721	0.5648816	0.8658675	-0.1749982	-0.3179445	4.434655	-0.02236417	-0.3814445
9.7	0.6689298	0.6175833	-0.09055328	-0.600057	-0.1673593	-0.2585589	2.803592	-0.05289853	-0.5388119
9.72	0.7157249	0.6858721	0.1354945	0.7303041	-0.1277681	-0.2528142	3.632361	0.03870412	-0.3233097
9.74	0.7028273	0.6175833	0.06280318	-0.666483	-0.1580081	-0.2890546	3.818079	0.008170187	-0.5212628
9.76	0.6499942	0.6175833	-0.1890639	-0.3265767	-0.1266379	-0.2495966	3.610729	0.02343737	-0.3910193
9.78	0.7625397	0.6858721	0.4045742	0.8643095	-0.1258321	-0.2933023	4.410727	0.1303076	-0.4225425
9.8	0.6979354	0.6175833	0.09456596	-0.2935208	-0.1571094	-0.2818592	4.328525	-0.09870007	-0.2709301
9.82	0.7522604	0.6858721	0.3639161	0.8805069	-0.13217	-0.2642718	3.976805	-0.02236417	-0.269187
9.84	0.7784558	0.6858721	0.4824413	0.738748	-0.1776222	-0.3165795	4.434357	0.008170187	-0.3416258
9.86	0.7135076	0.6858721	0.1109076	0.6692861	-0.1336755	-0.2076791	2.703844	-0.08343289	-0.1867235
9.88	0.7071157	0.6175833	-0.02705714	-1.31099	-0.1938645	-0.2936931	1.340472	-0.05289853	-1.199597
9.9	0.7327839	0.6858721	0.1781151	0.6892552	-0.1988741	-0.3050786	5.858056	-0.05289853	0.3498642
9.92	0.6539702	0.5492926	-0.1533644	-1.403658	-0.2053558	-0.3747914	6.122114	0.2066435	-0.3144817
9.94	0.7005796	0.6175833	0.1302211	0.02926002	-0.1346046	-0.2948275	4.987023	-0.1445016	-0.2559758
9.96	0.6963592	0.6175833	0.117976	0.01433741	-0.1527285	-0.3137931	3.760034	0.08450609	-0.7293099
9.98	0.6972016	0.6175833	0.1347958	0.00702533	-0.1796679	-0.3156454	4.145446	-0.03763135	-0.4707934
10	0.7422438	0.6858721	0.3511355	1.027774	-0.1335815	-0.2207211	3.25388	-0.05289853	-0.08315444
10.02	0.6696588	0.6175833	-0.01861659	-0.2134229	-0.161934	-0.2460506	2.840335	-0.007096993	-0.380399
10.04	0.6757143	0.6175833	0.09700906	0.202731	-0.1499155	-0.2445197	4.822086	-0.05289853	0.2485486
10.06	0.7270647	0.6175833	0.3298141	-0.2079615	-0.1663199	-0.2933182	3.224474	-0.03763135	-0.6380605
10.08	0.6655502	0.6175833	-0.01271108	-0.1019011	-0.1884484	-0.2804104	2.770317	-0.03763135	-0.5495409
10.1	0.6143137	0.5492926	-0.1851449	-0.766984	-0.2053845	-0.3250341	5.431944	0.05397173	-0.03836739
10.12	0.7035992	0.6175833	0.2731549	0.3412303	-0.1569277	-0.3126	4.116095	0.008170187	-0.5315773
10.14	0.6475109	0.5492926	-0.04763037	-1.164457	-0.2127481	-0.327611	2.923248	-0.03763135	-0.8653542
10.16	0.655619	0.6175833	-0.03818607	0.1464683	-0.1962099	-0.3074552	2.91321	0.02343737	-0.6780134
10.18	0.7261768	0.6858721	0.3195312	1.40341	-0.1824018	-0.3074416	3.738566	-0.007096993	-0.3823459
10.2	0.6796659	0.6175833	0.0133861	-0.3366613	-0.200226	-0.2795478	1.814105	-0.1597688	-0.7927096
10.22	0.6737434	0.6175833	-0.005993009	-0.1649641	-0.2244481	-0.3106377	3.684567	0.02343737	-0.3081844
10.24	0.6545691	0.6175833	-0.1011474	-0.08083238	-0.1781176	-0.2623777	2.964612	-0.03763135	-0.3607886
10.26	0.6513951	0.6175833	-0.1482561	-0.3469075	-0.1507609	-0.2159286	1.120656	0.05397173	-0.7145382
10.28	0.6949416	0.6175833	0.1080624	-0.1699847	-0.2282753	-0.3434128	3.81076	-0.007096993	-0.526729
10.3	0.6570153	0.6175833	-0.1001074	-0.08329248	-0.201734	-0.2921694	2.820112	-0.08343289	-0.5391303
10.32	0.7471054	0.6858721	0.2918043	0.6762191	-0.2035323	-0.3023419	1.911713	-0.02236417	-0.8454862
10.34	0.6498758	0.6175833	-0.1581096	-0.07837689	-0.235978	-0.3020495	3.866038	-0.02236417	-0.09457189
10.36	0.7324302	0.6858721	0.3166654	1.293236	-0.1611821	-0.2478086	4.149324	-0.05289853	0.1836271
10.38	0.5725061	0.5492926	-0.539933	-1.415007	-0.1635917	-0.2160433	0.04407758	-0.175036	-1.074688
10.4	0.6289936	0.6175833	-0.2182772	0.02369885	-0.1669698	-0.2408359	1.709632	0.0692389	-0.6157705
10.42	0.6628926	0.6175833	-0.07301028	-0.2956872	-0.1860377	-0.2569811	1.094986	-0.007096993	-0.8718475
10.44	0.5984333	0.5492926	-0.4107536	-1.476547	-0.2443379	-0.3115407	1.84034	0.05397173	-0.8856958
10.46	0.6300458	0.6175833	-0.2339585	-0.006455588	-0.1898159	-0.2603931	2.281958	0.02343737	-0.4718669
10.48	0.6499035	0.6175833	-0.1262874	-0.003163238	-0.1936832	-0.2906658	1.975557	0.0692389	-0.8182014
10.5	0.6658436	0.6175833	-0.03577971	-0.001549987	-0.2191352	-0.3061388	2.493981	0.02343737	-0.6463562
10.52	0.6577003	0.6175833	-0.08620727	-0.0007594934	-0.2270076	-0.3095928	2.335158	-0.03763135	-0.6851374
10.54	0.7375371	0.6858721	0.2852872	1.02396	-0.2382554	-0.3348789	2.533303	0.03870412	-0.6970286
10.56	0.6399419	0.6175833	-0.2863149	-0.5225917	-0.2439621	-0.2733216	0.6407923	-0.09870007	-0.8555993
10.58	0.6275491	0.6175833	-0.3325796	-0.2560699	-0.2417577	-0.3018098	2.254668	-0.02236417	-0.5693277
10.6	0.6153237	0.6175833	-0.3681884	-0.1254743	-0.1770816	-0.2246428	1.47093	0.008170187	-0.4834839
10.62	0.6726995	0.6175833	-0.08228904	-0.368782	-0.2181682	-0.3066766	1.323662	0.008170187	-1.045308
10.64	0.6047612	0.6175833	-0.4372675	-0.1807032	-0.2085205	-0.2468799	0.6553832	-0.05289853	-0.7793491
10.66	0.629908	0.6175833	-0.2806545	-0.08854455	-0.2120902	-0.2794886	1.611343	-0.05289853	-0.7241778
10.68	0.7304456	0.6858721	0.1706623	0.6736456	-0.2317667	-0.3120872	0.8308837	-0.05289853	-1.091487
10.7	0.5969374	0.6175833	-0.4710819	-0.07963789	-0.2327712	-0.239934	1.737116	-0.007096993	-0.2196475
10.72	0.6430727	0.6175833	-0.2013396	-0.03902256	-0.2121761	-0.2888747	2.018283	0.008170187	-0.6616969
10.74	0.6376002	0.6175833	-0.2121413	-0.01912105	-0.2023077	-0.2523981	1.241061	0.02343737	-0.6459078
10.76	0.566422	0.5492926	-0.5341785	-1.03373	-0.2227536	-0.2696823	1.338112	0.03870412	-0.7366616
10.78	0.6497907	0.6175833	-0.08911027	0.2105248	-0.2155273	-0.2950591	1.735906	0.03870412	-0.7693078
10.8	0.6853165	0.6175833	0.03119257	-0.2041425	-0.2844166	-0.3692195	1.22076	-0.02236417	-1.245406
10.82	0.5516869	0.5492926	-0.5985373	-0.8170823	-0.2840859	-0.3151818	2.86123	-0.03763135	-0.291822
10.84	0.6780849	0.6175833	0.07557556	0.3166821	-0.2364111	-0.332931	3.069363	-0.007096993	-0.540386
10.86	0.7053874	0.6858721	0.09920026	0.8722067	-0.2161613	-0.2496329	-0.9544347	-0.06816571	-1.178602
10.88	0.6199533	0.6175833	-0.3645156	-0.2896512	-0.3028505	-0.3212847	0.6894131	0.008170187	-0.8932244
10.9	0.6625688	0.6858721	-0.1782972	0.882403	-0.2367697	-0.2519951	0.6222295	-0.007096993	-0.5626977
10.92	0.6520241	0.6175833	-0.2458734	-0.5919546	-0.269637	-0.2892781	0.7720313	-0.03763135	-0.7701945
10.94	0.5498527	0.5492926	-0.7144314	-1.314418	-0.2647532	-0.2825183	1.581053	0.008170187	-0.5370533
10.96	0.6420181	0.6175833	-0.1932369	0.07298744	-0.2188314	-0.2845954	1.861336	-0.02236417	-0.6034616
10.98	0.6459404	0.5492926	-0.1107774	-0.9885968	-0.3118203	-0.4100688	3.507767	-0.05289853	-0.7564992
11	0.5485921	0.5492926	-0.6133205	-0.7917206	-0.2441488	-0.2774637	0.8716765	0.02343737	-0.8063493
11.02	0.7140023	0.6858721	0.2190582	1.353441	-0.2257831	-0.286001	0.9629989	0.008170187	-0.7707989
11.04	0.751758	0.7541609	0.3103179	1.994818	-0.2412931	-0.2339894	-1.007478	-0.007096993	-0.8111409
11.06	0.5524262	0.5492926	-0.7096123	-1.480965	-0.3486505	-0.3352499	0.8456463	-0.06816571	-0.7884781
11.08	0.5740466	0.6175833	-0.5861006	-0.00862019	-0.2256974	-0.2279382	0.4670346	-0.03763135	-0.5134856
11.1	0.6628907	0.6175833	-0.1929506	-0.6188232	-0.271479	-0.3287778	-0.6986933	-0.007096993	-1.571922
11.12	0.5810349	0.6175833	-0.6142337	-0.3032233	-0.2730369	-0.2541153	-0.2437024	0.09977327	-0.739571
11.14	0.679383	0.6858721	-0.04858167	1.183061	-0.2409527	-0.267554	1.786774	-0.05289853	-0.2489727
11.16	0.6373388	0.6175833	-0.3203635	-0.4446322	-0.2759123	-0.3067206	-0.7521492	0.02343737	-1.358772
11.18	0.5613233	0.6175833	-0.7138515	-0.2178698	-0.2527606	-0.2274481	-0.9675449	0.0692389	-0.840331
11.2	0.6414311	0.6858721	-0.2468782	1.224884	-0.2043312	-0.2062929	0.2310522	-0.03763135	-0.4071124
11.22	0.6711809	0.6858721	-0.06616601	1.214801	-0.220065	-0.2350202	-0.04078546	0.008170187	-0.6642972
11.24	0.6005319	0.6175833	-0.4439842	-0.12178	-0.2615646	-0.2545705	-1.026023	-0.02236417	-1.036958
11.26	0.6580852	0.6858721	-0.1880157	0.9646599	-0.265725	-0.2709288	-0.8375795	-0.03763135	-1.006687
11.28	0.6358277	0.6175833	-0.3493161	-0.5516487	-0.3389505	-0.3462214	-0.2281376	0.008170187	-1.18622
11.3	0.5703401	0.6175833	-0.7387454	-0.5776075	-0.2910902	-0.254439	-1.411167	-0.06816571	-1.022202
11.32	0.6980396	0.6858721	-0.06450032	0.7413044	-0.315511	-0.3580827	1.36918	0.008170187	-0.7889717
11.34	0.5995634	0.6175833	-0.5657939	-0.3537933	-0.2959746	-0.2858455	0.1095564	-0.05289853	-0.7605577
11.36	0.6069371	0.6175833	-0.4839118	-0.1733587	-0.2723042	-0.2771662	0.4728301	-0.05289853	-0.6775318
11.38	0.752982	0.7541609	0.2332832	1.963718	-0.2487989	-0.2630122	-0.4262072	-0.02236417	-0.7992921
11.4	0.6798523	0.6858721	-0.1720118	0.5524892	-0.3132012	-0.2699528	-0.7151747	-0.1292344	-0.7125947
11.42	0.659039	0.6858721	-0.3113628	0.5780193	-0.3261932	-0.3093968	-0.3259611	-1.167402	-0.858504
11.44	0.6677572	0.6858721	-0.279083	0.5905291	-0.3222571	-0.3166943	0.1872687	0.1761092	-0.773397
11.46	0.6084764	0.6175833	-0.6096627	-0.7349728	-0.3335496	-0.326645	-0.5995679	-0.09870007	-1.158741
11.48	0.6326715	0.6175833	-0.4548864	-0.3601367	-0.3833995	-0.4529942	1.873161	0.05397173	-1.174337
11.5	0.7147234	0.6858721	-0.06104843	0.8478651	-0.3839905	-0.4795961	2.042342	-0.05289853	-1.261385
11.52	0.6170487	0.6175833	-0.5216433	0.005729675	-0.3823295	-0.4298638	2.430778	-0.02236417	-0.780108
11.54	0.6560884	0.6175833	-0.3006527	0.002807541	-0.3750494	-0.4678557	2.451773	-0.03763135	-1.144433
11.56	0.6429278	0.6175833	-0.3627688	0.001375695	-0.3683226	-0.4297159	1.691747	-0.2513719	-1.092637
11.58	0.7246282	0.6858721	0.0210181	1.025006	-0.3962893	-0.4866526	1.810733	0.03870412	-1.319754
11.6	0.6304436	0.6175833	-0.5230072	-0.5220791	-0.4056474	-0.4120218	0.2605259	-0.09870007	-1.229897
11.62	0.6873196	0.6858721	-0.1878442	1.075821	-0.3883639	-0.4349174	2.781116	0.05397173	-0.5756156
11.64	0.6656733	0.6175833	-0.2855179	-0.18988	-0.4078528	-0.478918	2.446781	-0.06816571	-1.065107
11.66	0.584137	0.5492926	-0.6783428	-1.117402	-0.433462	-0.5193688	2.542867	0.03870412	-1.332667
11.68	0.7506104	0.6858721	0.1711779	1.193858	-0.4108922	-0.5186955	3.303647	-0.02236417	-1.013554
11.7	0.6221387	0.6175833	-0.5327531	-0.1320422	-0.4104522	-0.4472899	0.7295889	-0.06816571	-1.333242
11.72	0.7019137	0.6858721	-0.1415444	0.9596314	-0.4074571	-0.4637432	1.631392	0.008170187	-1.104256
11.74	0.6874169	0.6858721	-0.3130111	0.4702194	-0.4125552	-0.4409193	-0.4559995	-0.007096993	-1.586423
11.76	0.6155174	0.6175833	-0.6534025	-0.486625	-0.4421137	-0.4514891	1.708838	0.02343737	-0.8851192
11.78	0.654045	0.6175833	-0.4649794	-0.5457458	-0.4366894	-0.5115025	1.803663	0.008170187	-1.413279
11.8	0.6351878	0.6175833	-0.5864067	-0.5747151	-0.4309943	-0.484293	0.9659174	0.05397173	-1.482078
11.82	0.6338055	0.6175833	-0.5523916	-0.2816104	-0.4331993	-0.4930519	2.289223	-0.02236417	-1.094896
11.84	0.5893579	0.6175833	-0.7495778	-0.1379891	-0.3495241	-0.3646982	0.4132115	-0.05289853	-1.017284
11.86	0.6509414	0.6175833	-0.369234	-0.06761464	-0.3858505	-0.4483612	1.637571	0.03870412	-1.148042
11.88	0.6312276	0.6175833	-0.4645492	-0.03313117	-0.4007035	-0.4468246	0.8015808	0.008170187	-1.326844
11.9	0.6906456	0.6858721	-0.187644	1.008098	-0.4010369	-0.4363389	0.4925181	0.008170187	-1.245894
11.92	0.6159227	0.6175833	-0.5678372	-0.2230645	-0.4227286	-0.4172617	0.5565878	-0.03763135	-1.030815
11.94	0.6131388	0.6175833	-0.5726353	-0.1093016	-0.4154787	-0.4459175	0.8284235	0.03870412	-1.223054
11.96	0.6274776	0.6175833	-0.5372556	-0.3608574	-0.4213493	-0.4542529	-0.1426223	-0.1139672	-1.596303
11.98	0.6360229	0.6175833	-0.5232605	-0.4841198	-0.4579028	-0.4841344	0.4300333	-0.03763135	-1.480321
12	0.5200807	0.5492926	-1.084261	-1.261579	-0.4400695	-0.4535529	0.7704052	-0.02236417	-1.264252
12.02	0.5535387	0.5492926	-0.8301908	-0.9254821	-0.4003839	-0.4595029	1.709061	0.008170187	-1.199264
12.04	0.721845	0.6858721	-0.01670456	0.9805987	-0.3851771	-0.4477404	-0.1686386	0.03870412	-1.632839
12.06	0.6129072	0.6175833	-0.5998004	-0.2365391	-0.4611325	-0.4561976	-0.1651409	-0.05289853	-1.392528
12.08	0.6675133	0.6858721	-0.3471922	0.9084279	-0.4331609	-0.4381235	0.3434197	0.008170187	-1.12001
12.1	0.6395495	0.6175833	-0.5307896	-0.5792024	-0.4815054	-0.4996566	0.2481877	0.02343737	-1.541448
12.12	0.5918044	0.6175833	-0.757318	-0.2838092	-0.4418664	-0.4281337	0.6780962	-0.02236417	-0.9639125
12.14	0.6263512	0.6175833	-0.4990974	0.1682417	-0.4419566	-0.5056062	2.46051	-0.02236417	-1.035088
12.16	0.6275973	0.6175833	-0.5437136	-0.2248613	-0.422563	-0.4598704	-0.6775497	-0.03763135	-1.789462
12.18	0.598484	0.6175833	-0.6797762	-0.110182	-0.4387788	-0.4326124	-0.03508106	-0.02236417	-1.240777
12.2	0.5952121	0.6175833	-0.6433297	0.253319	-0.4350525	-0.4681579	1.142565	0.008170187	-1.164384
12.22	0.6679612	0.6175833	-0.3104401	-0.1831734	-0.4833385	-0.5534168	0.6501218	-0.007096993	-1.841564
12.24	0.5406366	0.5492926	-0.9612249	-1.114116	-0.5061087	-0.522908	0.8252611	-0.09870007	-1.47261
12.26	0.6668497	0.6858721	-0.340001	1.195468	-0.4310661	-0.4708683	0.3639993	0.008170187	-1.3818
12.28	0.5863138	0.6175833	-0.8617424	-0.7458525	-0.4360269	-0.3962703	-3.345549	0.02343737	-2.046803
12.3	0.5929788	0.6175833	-0.7779846	-0.3654677	-0.4842474	-0.4673751	0.5375341	-0.2819062	-1.11141
12.32	0.6098351	0.6175833	-0.7074833	-0.4863788	-0.4527475	-0.4573751	-0.3805526	-0.8009901	-1.498495
12.34	0.4963305	0.5492926	-1.299875	-1.569986	-0.4453826	-0.4345769	-1.911104	0.09977327	-1.927886
12.36	0.5945805	0.6175833	-0.6646656	0.2550676	-0.4173862	-0.4323494	1.675408	0.71046	-0.7470927
12.38	0.7052076	0.6175833	-0.03323948	0.1249831	-0.466666	-0.5231915	2.476557	-0.3277078	-1.024774
12.4	0.6649148	0.6858721	-0.3943008	0.7782741	-0.4575756	-0.453836	-2.796687	-0.1597688	-2.135143
12.42	0.6103593	0.6175833	-0.617562	-0.0283699	-0.5432495	-0.5216178	1.794843	-0.434578	-0.8304435
12.44	0.648465	0.6175833	-0.4079242	-0.01390125	-0.5093752	-0.5368218	2.087439	-0.3735093	-1.045707
12.46	0.6715205	0.6175833	-0.3279469	-0.006811613	-0.5781301	-0.6889193	2.132288	-0.03763135	-2.009246
12.48	0.6764526	0.6175833	-0.331374	-0.00333769	-0.6139477	-0.6938176	3.230155	-0.06816571	-1.503073
12.5	0.6176198	0.6175833	-0.6881894	-0.001635468	-0.5686115	-0.6296261	1.560608	-0.007096993	-1.730523
12.52	0.6701875	0.6175833	-0.4268793	-0.0008013794	-0.614835	-0.7381244	3.284986	0.008170187	-1.872416
12.54	0.6425996	0.6175833	-0.59499	-0.0003926759	-0.5895728	-0.6726977	2.53634	-0.05289853	-1.678655
12.56	0.6304219	0.6175833	-0.6720846	-0.0001924112	-0.5724398	-0.6589285	2.018142	0.008170187	-1.817772
12.58	0.7232431	0.6858721	-0.2653634	0.7169381	-0.5717913	-0.6490561	1.202772	-0.05289853	-1.93144
12.6	0.530547	0.5492926	-1.18213	-1.082785	-0.5871736	-0.615654	2.492459	0.0692389	-1.282695
12.62	0.5885394	0.5492926	-0.7453192	-0.5305647	-0.5375962	-0.6491435	4.577182	-0.05289853	-1.122385
12.64	0.6733607	0.6175833	-0.3621512	0.1497761	-0.5163926	-0.6311207	0.6692138	-0.05289853	-2.296873
12.66	0.736379	0.6175833	0.008421481	0.3806985	-0.6897901	-0.8308251	5.541049	-0.08343289	-1.5135
12.68	0.5528054	0.6175833	-0.2797654	4.796102	-0.5171055	-0.6718312	17.68031	-0.2055703	3.187098
12.7	-0.3964337	-0.4067631	-4.907864	-13.32241	-0.3616126	-0.5460562	-1.114617	8.679925	-4.119846
12.72	1.0861	0.6175833	2.904318	4.534967	-0.6068753	-1.279036	14.46758	4.970001	-2.738976
12.74	-0.6162478	-0.4067631	-5.129032	-8.840807	-0.3929546	-0.2324553	8.742275	-8.144502	2.297896
12.76	-0.1023906	-0.3384733	-2.269589	-8.224507	-0.3542673	-1.034554	4.330584	10.90893	-6.338532
12.78	0.3338549	-0.4067631	0.004934788	-10.89313	-1.079764	-1.775167	14.94886	-1.350608	-5.670127
12.8	1.027882	0.6175833	3.022012	5.418006	-0.9723077	-1.362073	11.8956	-6.602516	-2.30652
12.82	-0.4141664	-0.4067631	-4.771245	-13.32497	-1.059119	-1.062252	-0.6663994	-0.3735093	-4.770105
12.84	0.8620577	0.9590311	2.07081	13.95768	-0.5213528	-1.046874	18.97686	8.053971	0.997269
12.86	-0.3808501	0.002975464	-3.988487	-2.892019	0.1361925	0.4865752	-6.513643	1.351682	1.313359
12.88	-0.3028124	-0.4067631	-3.305884	-11.55811	-0.1175311	-0.216899	-8.207586	3.580689	-4.664425
12.9	1.095409	0.6175833	4.507262	9.394419	-0.5758108	-1.089463	24.24662	2.893666	2.332744
12.92	0.401349	0.6858721	-0.05380619	5.627597	-0.00396961	0.4040521	-23.90288	-0.5567153	-3.585841
12.94	1.030346	0.6858721	2.75043	3.064822	-1.171157	-1.38729	2.762784	-11.51855	-4.468349
12.96	-0.1614811	0.002975464	-3.087642	-4.132133	-1.067185	-0.9620377	16.85584	-2.419311	2.650355
12.98	1.397404	1.300479	4.63524	17.43781	-0.4032649	-1.012574	11.67525	12.19138	-1.364801
13	1.136719	1.23219	2.685814	11.82244	-0.2962831	0.08732851	-10.85256	-1.930761	0.01125586
13.02	-0.07613682	0.002975464	-3.117149	-7.113757	-0.8500641	-0.584884	6.389126	-5.243738	1.217247
13.04	1.337756	1.300479	3.928821	15.97681	-0.5173962	-1.102753	9.889189	10.34405	-2.210852
13.06	1.107492	1.300479	2.121327	12.13089	-0.3382707	-0.0117082	-11.25825	-2.770456	-0.7327252
13.08	-0.1764587	0.07126522	-4.032541	-6.655306	-0.7171511	-0.4065732	2.440803	-3.732287	0.8198236
13.1	0.04587666	0.002975464	-2.214882	-3.978142	-0.5562685	-1.038168	16.49624	11.32115	-0.8754178
13.12	1.430044	1.300479	3.864933	11.6745	-0.09384608	-0.3089368	-17.1255	0.5425215	-6.606813
13.14	0.244904	0.002975464	-2.707278	-13.74205	-1.389156	-1.153009	-7.608509	-17.86969	-5.889025
13.16	0.1920122	0.002975464	-2.388296	-6.733604	-1.588085	-2.147979	33.59914	3.168475	0.314842
13.18	0.2536003	0.2761335	-1.944475	-0.7386101	-0.4491549	-0.9056175	13.01742	10.89367	-1.204799
13.2	-0.6617486	-0.6799221	-5.042771	-10.4005	-0.2630284	-0.6154927	25.16257	1.168475	3.43355
13.22	0.7798006	0.4127131	2.556667	6.683727	0.1417005	-0.6761667	5.331429	8.756261	-4.390466
13.24	0.5546996	0.3444233	1.333172	2.865288	-0.303287	-0.2027438	-4.414855	-13.10633	-1.243464
13.26	1.523262	1.300479	4.84208	11.44258	-0.7680692	-0.7417812	-18.81953	-1.594883	-7.331358
13.28	1.389769	1.300479	2.740233	5.914162	-1.56084	-1.111114	-10.65788	-14.57198	-3.944301
13.3	0.4301404	0.4127131	-2.353781	-6.116299	-1.978336	-1.99877	21.1747	-1.854425	-0.1151495
13.32	-0.02618156	0.002975464	-4.597871	-10.37227	-1.155969	-1.584757	18.35841	14.23718	-2.252143
13.34	-0.8648838	-0.9530802	-7.396266	-19.42325	-0.6183832	-1.174715	29.48741	2.267712	1.222747
13.36	-0.1200835	-0.4067631	-1.855426	-2.551846	0.1020884	-0.997329	33.61581	8.053971	1.410014
13.38	-1.174407	-1.362819	-6.107463	-17.43506	0.3602989	-0.1027165	4.353932	-2.388776	-2.894534
13.4	-0.942524	-1.499398	-2.608618	-10.59187	-0.1167215	-1.119174	41.57399	-2.556715	3.312433
13.42	0.7435271	0.3444233	6.570615	21.8527	0.5757838	-0.4290918	19.09769	7.168474	0.8360691
13.44	-1.291395	-1.294529	-3.140488	-6.193874	0.1123711	0.2523121	2.09771	-12.29717	1.590276
13.46	0.2371849	-0.06531429	4.186231	11.10097	-0.1931583	-0.9460196	-1.218765	5.794429	-6.909883
13.48	-1.289018	-1.362819	-2.971325	-8.18432	-0.7036597	-0.5945853	18.52396	-21.48801	3.850144
13.5	-0.840858	-1.08966	-0.1679494	-0.2202353	-0.4123048	-1.333266	26.27985	14.7868	-1.117863
13.52	-0.660832	-0.6799221	0.5672994	4.19433	0.2960604	0.1130738	-1.993061	-0.4651124	-1.048077
13.54	-0.84244	-1.02137	-0.2868837	-3.066496	-0.1884678	-0.3189652	0.6220794	-0.2819062	-1.895805
13.56	-0.9458839	-1.08966	-0.51401	-2.219625	-0.3792085	-0.664983	13.15105	-0.3887765	0.2250042
13.58	0.5435037	0.4127131	6.647763	21.44798	0.04965474	-0.3013664	5.609773	0.05397173	0.5577247
13.6	-0.6872299	-0.6799221	-0.1932035	-0.9631622	-0.426814	-0.123999	-7.461911	-0.3887765	-1.291606
13.62	-0.7929999	-1.02137	-0.5128832	-4.057151	-0.9499007	-1.407033	21.14558	1.30588	-0.7022531
13.64	-0.9264324	-0.9530802	-1.041672	-0.9636577	-0.2838267	-0.6344603	15.79177	-0.1445016	0.9423929
13.66	-0.4317079	-0.6799221	1.437436	2.395967	-0.1354761	-0.6274562	7.889197	3.336414	-2.10197
13.68	-0.3818038	-0.6799221	1.556553	1.174024	-0.4276502	-0.7143282	8.078782	-0.3429749	-1.310772
13.7	-0.9892249	-1.02137	-1.402496	-3.00993	-0.4162816	-0.5729538	10.99385	-0.3124406	0.4656687
13.72	0.6036805	0.3444233	6.532227	19.31934	-0.1437457	-0.6809397	13.99538	1.30588	0.8211561
13.74	-0.610624	-0.6799221	-0.1637025	-1.289152	-0.4958431	-0.3900833	-1.961977	-7.869692	-1.532946
13.76	-0.8370956	-1.02137	-1.018863	-4.216887	-0.8242826	-1.272613	21.22482	-0.4498452	-0.225177
13.78	-0.4341661	-0.6799221	0.9077615	1.518928	-0.4626786	-1.109955	15.56223	3.733361	-2.16887
13.8	0.01732805	-0.3384733	2.937447	5.866006	-0.5696577	-1.146352	13.59147	0.09977327	-2.210853
13.82	-0.3157378	-0.3384733	1.582538	9.020413	-0.4459786	-0.728593	22.63567	-0.7704558	3.943306
13.84	-1.65347	-1.704267	-4.955828	-14.53038	-0.2489012	-0.4883425	7.76217	14.71046	-1.71023
13.86	-0.3506243	-0.3384733	1.490675	7.528249	0.3093019	-0.1543775	-3.631308	9.24481	-3.717949
13.88	-0.7525245	-0.6799221	-0.6906224	-1.43289	0.2055278	0.642309	-12.58574	-10.93839	0.3307517
13.9	-0.6366878	-0.6799221	0.08276248	-0.702116	-0.1248519	-0.0589793	1.583355	-0.6483183	0.6589345
13.92	-1.848111	-1.772556	-4.870322	-12.124	-0.1416665	-0.2543907	22.05322	2.618857	4.670428
13.94	-0.2153915	-0.3384733	4.139812	15.26318	0.7086777	-0.02609441	17.43044	12.13031	2.67272
13.96	-0.5726818	-0.6799221	1.934682	3.893747	0.5667177	0.7485081	-16.19625	1.214277	-1.547644
13.98	-0.544312	-1.02137	2.209401	-1.369962	-0.7381175	-1.085601	14.52968	-7.335341	-1.026583
14	-0.8321428	-1.02137	0.3769601	-0.6712816	-0.7226784	-1.160311	14.98777	0.5577882	-1.618508
14.02	-0.6811513	-0.6799221	0.882596	5.100094	-0.2751344	-0.6218668	10.08423	0.7867959	-0.4486377
14.04	-0.4148642	-0.6799221	1.944718	2.499046	-0.3338605	-0.6418825	7.444064	-0.4040437	-1.31813
14.06	-0.5482907	-0.6799221	0.8796605	1.224532	-0.424443	-0.6019378	4.666076	-0.175036	-1.470228
14.08	-0.5957252	-0.6116323	0.3485858	1.624367	-0.3194756	-0.417731	3.871651	0.2524451	-0.6187479
14.1	-0.553153	-0.6799221	0.4642654	0.0788975	-0.3614742	-0.5730648	7.901639	-0.1445016	-0.5528322
14.12	-0.382839	-0.5433426	1.158163	2.087353	-0.3693906	-0.6860352	8.608203	0.03870412	-1.126166
14.14	-0.4450835	-0.6799221	0.7129397	-0.7185861	-0.4947	-0.7935537	10.81439	-0.2361047	-0.9016557
14.16	-0.5597045	-0.6799221	0.03497994	-0.3521072	-0.4003004	-0.6947065	10.08435	0.09977327	-0.7702129
14.18	-0.5040847	-0.6799221	0.3371246	-0.1725325	-0.3509606	-0.7093729	11.50275	0.008170187	-0.6952711
14.2	-0.5445258	-0.6799221	0.1321396	-0.08454094	-0.2633491	-0.57675	9.132252	-0.03763135	-0.7774297
14.22	-0.4787372	-0.6799221	0.4968245	-0.04142506	-0.330501	-0.7195354	10.70615	-0.03763135	-1.160491
14.24	-0.4833878	-0.6799221	0.4634142	-0.02029828	-0.3557321	-0.7233196	10.96118	0.02343737	-0.9798298
14.26	-0.5913954	-0.7482109	-0.07395476	-1.034278	-0.3273208	-0.6619688	10.31127	-0.007096993	-0.8904697
14.28	-0.4834876	-0.6799221	0.5042753	0.2102362	-0.3142755	-0.7121146	11.30511	0.03870412	-0.9805779
14.3	-0.488918	-0.6799221	0.4597022	0.1030157	-0.3261978	-0.6991048	10.49282	-0.007096993	-1.079481
14.32	-0.5137392	-0.6799221	0.2667947	-0.2568262	-0.316992	-0.6488652	8.83567	-0.05289853	-1.250524
14.34	-0.5335295	-0.6799221	0.1766089	-0.1258449	-0.3075954	-0.6285998	9.895221	0.05397173	-0.765573
14.36	-0.4940203	-0.6799221	0.3590215	-0.3689679	-0.3090607	-0.6597626	9.752005	0.008170187	-1.092737
14.38	-0.5215518	-0.6799221	0.2426595	-0.1807943	-0.2891696	-0.6061325	10.13241	-0.02236417	-0.5930047
14.4	-0.4708812	-0.6799221	0.5426811	-0.08858918	-0.3136794	-0.6858188	11.53176	-0.02236417	-0.700235
14.42	-0.4829608	-0.6799221	0.4779023	-0.0434087	-0.3179185	-0.6873546	10.98645	-0.007096993	-0.873184
14.44	-0.4036282	-0.6116323	0.8544328	1.003076	-0.3290033	-0.7082056	11.275	-0.03763135	-0.8207421
14.46	-0.5051777	-0.6799221	0.3042262	-0.2255352	-0.3416416	-0.6844243	10.52479	-0.05289853	-0.8887109
14.48	-0.5028346	-0.6799221	0.3362403	-0.1105122	-0.3120998	-0.6657281	11.28624	0.02343737	-0.6251686
14.5	-0.4670299	-0.6799221	0.4978681	-0.3614549	-0.3168284	-0.6939211	10.71789	0.03870412	-1.050363
14.52	-0.4802926	-0.6799221	0.4338092	-0.1771129	-0.3472857	-0.7347237	11.68047	-0.03763135	-0.9253724
14.54	-0.5002964	-0.6799221	0.3348344	-0.08678532	-0.3118909	-0.6848416	11.31074	-0.03763135	-0.795014
14.56	-0.4879917	-0.6799221	0.418456	-0.04252481	-0.2995299	-0.6838355	11.40328	-0.02236417	-0.8208735
14.58	-0.4818337	-0.6799221	0.4675295	-0.02083715	-0.2980009	-0.6795461	11.37692	0.02343737	-0.8002551
14.6	-0.4876845	-0.6799221	0.4378547	-0.01021021	-0.3038211	-0.6917306	11.11994	-0.06816571	-0.9626218
14.62	-0.420783	-0.6116323	0.7564925	1.019343	-0.289798	-0.6647626	10.9456	-0.03763135	-0.7740636
14.64	-0.5484324	-0.7482109	0.08850282	-1.5492	-0.3333364	-0.6770991	10.45946	-0.03763135	-1.005213
14.66	-0.518462	-0.6799221	0.2133569	-0.3493795	-0.2778452	-0.638662	9.884062	-0.007096993	-1.05959
14.68	-0.4724156	-0.6799221	0.4432734	-0.4784999	-0.3118948	-0.6973847	10.88716	-0.02236417	-1.07391
14.7	-0.5983024	-0.7482109	-0.1499331	-1.258797	-0.2699399	-0.6036058	10.73125	-0.08343289	-0.5965047
14.72	-0.4289284	-0.6799221	0.8414192	0.4075216	-0.2975534	-0.7640015	14.67449	0.02343737	-0.4487125
14.74	-0.4657461	-0.6799221	0.6290364	0.1996856	-0.2610922	-0.6538927	11.12871	-0.02236417	-0.8571861
14.76	-0.4909971	-0.6799221	0.4988215	0.09784593	-0.2620827	-0.6094072	10.60392	-0.08343289	-0.6350867
14.78	-0.4588487	-0.6799221	0.6236115	-0.2593594	-0.3013948	-0.6728909	10.65393	-0.08343289	-0.9845727
14.8	-0.4055298	-0.6116323	0.8533757	0.8972602	-0.3233227	-0.7053152	11.6779	-0.1139672	-0.728513
14.82	-0.3837051	-0.6116323	0.911396	0.7469614	-0.3673013	-0.775048	12.59987	-0.03763135	-0.8182095
14.84	-0.4610859	-0.6799221	0.5470073	-0.04373181	-0.3768548	-0.7864318	14.44363	-0.05289853	-0.3386191
14.86	-0.439238	-0.6799221	0.5605141	-0.6360364	-0.33725	-0.7663327	11.41284	0.008170187	-1.405839
14.88	-0.4831008	-0.6799221	0.3631065	-0.3116578	-0.3244804	-0.7055676	12.73461	0.02343737	-0.4887826
14.9	-0.4707852	-0.6799221	0.4632303	-0.1527123	-0.2878298	-0.7069619	12.80641	0.05397173	-0.6661341
14.92	-0.4506784	-0.6799221	0.60326	-0.07482904	-0.2871536	-0.7146118	12.87499	0.03870412	-0.7127964
14.94	-0.5311799	-0.7482109	0.2361025	-1.060998	-0.2950687	-0.7111014	12.60676	-0.03763135	-0.8115642
14.96	-0.4786601	-0.6799221	0.5243861	0.1971433	-0.2479568	-0.6709026	11.97499	0.02343737	-0.8209101
14.98	-0.3031372	-0.5433426	1.379289	2.145293	-0.2686748	-0.6949778	12.01783	-0.02236417	-0.7458787
15	-0.46837	-0.6799221	0.4551031	-0.6901953	-0.3318957	-0.6648798	10.50679	-0.2819062	-0.8490556
15.02	-0.4705435	-0.6799221	0.4533992	-0.3381957	-0.3576331	-0.7779061	13.40858	0.08450609	-0.7350485
15.04	-0.465798	-0.6799221	0.4993058	-0.1657159	-0.2996587	-0.7246996	13.45576	-0.03763135	-0.5566786
15.06	-0.473781	-0.6799221	0.4683185	-0.08120077	-0.271331	-0.710933	12.36425	-0.007096993	-0.9463132
15.08	-0.462723	-0.6799221	0.5579455	-0.03978838	-0.2662305	-0.6839926	12.58434	-0.007096993	-0.6624001
15.1	-0.4064259	-0.6799221	0.8755367	-0.0194963	-0.3284912	-0.7963436	14.26516	0.02343737	-0.7670425
15.12	-0.5010809	-0.7482109	0.4057034	-1.033885	-0.3400247	-0.7842315	14.02111	0.008170187	-0.7665629
15.14	-0.4523878	-0.6799221	0.715336	0.5177283	-0.2736045	-0.7260536	14.68493	-0.03763135	-0.279478
15.16	-0.415896	-0.6799221	0.9028307	0.2536868	-0.2765157	-0.7345427	13.42398	-0.06816571	-0.7683269
15.18	-0.4191211	-0.6799221	0.8132985	-0.1829973	-0.3254929	-0.7616488	12.27422	0.008170187	-1.147666
15.2	-0.4624519	-0.6799221	0.5758593	-0.0896687	-0.3230827	-0.7223252	13.18943	-0.05289853	-0.5077263
15.22	-0.4579075	-0.6799221	0.5984998	-0.04393766	-0.2955197	-0.7304096	13.35269	-0.007096993	-0.6713277
15.24	-0.03461897	-0.6799221	2.952279	-0.02152945	-0.6320589	-1.285777	27.31864	-0.05289853	0.8297027
15.26	-0.539191	-0.6799221	0.07498467	-0.01054943	-0.3225064	-0.7114942	10.71611	1.214277	-1.250181
15.28	-0.5308202	-0.6799221	0.1773936	-0.005169221	-0.2070446	-0.5592453	12.00528	0.6493913	-0.08730599
15.3	-0.4597448	-0.6799221	0.6259764	-0.002532918	-0.1834987	-0.5961893	12.49742	-0.2513719	-0.3702316
15.32	-0.4377599	-0.6799221	0.7954093	0.3060585	-0.2579546	-0.7402977	13.60986	2.435651	-0.8645538
15.34	-0.5882389	-0.6799221	-0.06203079	0.1499687	-0.1545263	-0.5306692	7.865242	0.3593153	-1.473448
15.36	-0.5584154	-0.7482109	0.2070893	-0.9508474	-0.1928758	-0.5652319	11.82711	0.09977327	-0.3475251
15.38	-0.4353403	-0.6799221	0.8769466	0.2511172	-0.2086458	-0.6561002	12.75444	-0.02236417	-0.665182
15.4	-0.4455889	-0.6799221	0.8018968	0.1230474	-0.2456202	-0.6627096	12.07297	-0.06816571	-0.7608312
15.42	-0.4348002	-0.6116323	0.8050764	1.08464	-0.1905676	-0.5375195	10.58422	0.05397173	-0.3598654
15.44	-0.4765283	-0.6799221	0.5925525	-0.1855691	-0.2346947	-0.6039796	11.51485	-0.08343289	-0.4985932
15.46	-0.4743956	-0.6799221	0.6117074	-0.09092885	-0.2258973	-0.6140292	12.14199	0.03870412	-0.424557
15.48	-0.463778	-0.6799221	0.6706833	-0.04455513	-0.2251256	-0.6352684	12.28445	0.02343737	-0.5702269
15.5	-0.4735823	-0.6799221	0.5669992	-0.329136	-0.2164331	-0.6069952	10.69052	-0.06816571	-0.9100956
15.52	-0.4801123	-0.6799221	0.5468959	-0.1612766	-0.2319583	-0.6247427	12.10532	-0.06816571	-0.5108442
15.54	-0.4727966	-0.6799221	0.605588	-0.07902554	-0.2060568	-0.6030759	12.33965	-0.1139672	-0.3785927
15.56	-0.4469207	-0.6799221	0.696684	-0.3460264	-0.2328624	-0.6624694	11.53709	-0.05289853	-1.040385
15.58	-0.476528	-0.6799221	0.5513517	-0.1695529	-0.2356909	-0.6309255	12.38843	-0.02236417	-0.4609344
15.6	-0.4310929	-0.6799221	0.8056502	-0.08308094	-0.2591732	-0.7124826	13.89656	-0.06816571	-0.556071
15.62	-0.4197596	-0.6116323	0.8181419	0.9836367	-0.1878132	-0.5886735	11.59232	0.03870412	-0.5226426
15.64	-0.4473969	-0.6799221	0.711234	-0.2350605	-0.2279666	-0.6200137	12.91374	0.008170187	-0.2417114
15.66	-0.4114037	-0.6116323	0.8256708	0.6018628	-0.1781953	-0.5584134	10.56629	0.03870412	-0.6633632
15.68	-0.4629002	-0.6799221	0.5490238	-0.7294336	-0.2307198	-0.5951426	11.39194	0.008170187	-0.5340116
15.7	-0.5147717	-0.6799221	0.3144438	-0.3574224	-0.1743888	-0.5375966	11.62455	-0.007096993	-0.2329662
15.72	-0.5124485	-0.7482109	0.3835062	-1.506773	-0.1888364	-0.602338	12.36236	0.008170187	-0.5745991
15.74	-0.4609996	-0.6799221	0.6876341	-0.02128628	-0.1689318	-0.5985705	12.60104	-0.03763135	-0.4654417
15.76	-0.4442018	-0.6799221	0.7899013	-0.01043028	-0.1953056	-0.629845	12.63916	-0.03763135	-0.5905229
15.78	-0.5274951	-0.7482109	0.3886794	-1.029443	-0.2158371	-0.6380147	12.71634	-0.03763135	-0.6136272
15.8	-0.3671664	-0.6116323	1.188567	1.236952	-0.2027257	-0.6725371	13.28938	0.02343737	-0.6222488
15.82	-0.4772593	-0.6799221	0.6968633	0.5036672	-0.1969717	-0.5968934	14.1518	0.02343737	0.2257996
15.84	-0.4099327	-0.6799221	1.038544	0.2467969	-0.2116452	-0.688592	13.76423	-0.03763135	-0.6449864
15.86	-0.4503136	-0.6799221	0.7397455	-0.1863734	-0.2184732	-0.6357808	11.32196	-0.08343289	-0.9727138
15.88	-0.490904	-0.6799221	0.5287054	-0.09132297	-0.1972862	-0.5738121	12.15345	0.02343737	-0.2592441
15.9	-0.5048771	-0.6799221	0.4533945	-0.04474825	-0.1531769	-0.5642936	11.40265	0.008170187	-0.6565048
15.92	-0.4516351	-0.6799221	0.7645647	-0.02192664	-0.1733294	-0.6035225	12.84542	0.3898497	-0.4195653
15.94	-0.3822753	-0.6116323	1.115259	1.013602	-0.1468728	-0.5410913	12.39863	-0.1597688	-0.07363091
15.96	-0.4508579	-0.6799221	0.7126638	-0.5276812	-0.1907144	-0.5697024	11.08171	-0.03763135	-0.6360642
15.98	-0.4295565	-0.6116323	0.8022032	0.7657825	-0.1583937	-0.5266284	11.58924	-0.08343289	-0.1643917
16	-0.4810832	-0.6799221	0.5074692	-0.6491129	-0.1661926	-0.5423191	10.78863	0.02343737	-0.6302405
16.02	-0.5024251	-0.6799221	0.4433638	-0.3180653	-0.1339604	-0.5041356	11.81018	-0.05289853	-0.1135489
16.04	-0.4830282	-0.6799221	0.5223738	-0.4631559	-0.1289053	-0.548547	10.55127	-0.05289853	-0.9573694
16.06	-0.4474658	-0.6799221	0.7647759	-0.2269464	-0.1707732	-0.5824381	13.20816	0.008170187	-0.1477132
16.08	-0.466291	-0.6799221	0.6777126	-0.1112037	-0.150042	-0.5706912	12.41271	0.0692389	-0.414402
16.1	-0.4498772	-0.6799221	0.7859082	-0.05448982	-0.158277	-0.5852458	12.87837	0.03870412	-0.3443053
16.12	-0.4053407	-0.6116323	0.9843845	0.9976463	-0.1282856	-0.5374537	11.71505	-0.06816571	-0.3827106
16.14	-0.4947573	-0.6799221	0.5820489	0.07910383	-0.1277786	-0.4992406	12.39759	-0.03763135	0.0981427
16.16	-0.4569172	-0.6799221	0.7990041	0.03876087	-0.1230512	-0.5488393	12.36098	0.008170187	-0.3778083
16.18	-0.4670655	-0.6799221	0.7545448	0.01899283	-0.1199955	-0.5177218	11.83881	-0.02236417	-0.2942809
16.2	-0.4689879	-0.6799221	0.8076802	0.3166061	-0.1170062	-0.5166816	13.09144	-0.02236417	0.1270464
16.22	-0.442993	-0.6799221	0.9460043	0.155137	-0.1144357	-0.5270759	12.31201	-0.05289853	-0.2435958
16.24	-0.4506449	-0.6799221	0.8925393	0.07601713	-0.1394011	-0.5433171	12.10403	-0.03763135	-0.3274342
16.26	-0.456266	-0.6799221	0.8522595	0.03724839	-0.1461159	-0.5427358	12.38673	-0.007096993	-0.1963341
16.28	-0.4586547	-0.6799221	0.8227444	0.01825171	-0.1491178	-0.5635006	12.43476	-0.007096993	-0.3510381
16.3	-0.4081834	-0.6116323	1.039906	1.03329	-0.1114181	-0.5038306	11.67602	-0.08343289	-0.1950348
16.32	-0.4684489	-0.6799221	0.7284838	-0.2107305	-0.1385253	-0.5184692	11.96624	0.008170187	-0.1800588
16.34	-0.464972	-0.6799221	0.7512298	-0.1032579	-0.1370388	-0.5524693	12.56825	-0.007096993	-0.286196
16.36	-0.4524976	-0.6799221	0.8230456	-0.05059639	-0.135743	-0.5631194	12.88678	-0.02236417	-0.2831985
16.38	-0.4589042	-0.6799221	0.8511552	0.2825074	-0.1146078	-0.5322828	13.82588	0.008170187	0.1996884
16.4	-0.4220843	-0.6799221	1.044129	0.1384286	-0.124383	-0.5734482	13.23631	-0.03763135	-0.3143924
16.42	-0.4404801	-0.6799221	0.9191015	0.06783003	-0.1547321	-0.5960702	12.76519	0.02343737	-0.5142399
16.44	-0.4780436	-0.6799221	0.7056215	0.03323671	-0.1231976	-0.5219355	12.1772	-0.03763135	-0.2254986
16.46	-0.4444002	-0.6799221	0.8896713	0.01628599	-0.1339722	-0.5682516	13.20015	0.02343737	-0.2402538
16.48	-0.4783362	-0.6799221	0.7102132	0.007980134	-0.08993691	-0.4856713	11.95873	-0.02236417	-0.1584132
16.5	-0.4448423	-0.6799221	0.847362	-0.3033936	-0.116886	-0.5403537	11.61832	0.008170187	-0.6247259
16.52	-0.4908157	-0.6799221	0.6125202	-0.1486629	-0.1015083	-0.4857992	11.79795	-0.02236417	-0.160677
16.54	-0.4362102	-0.6799221	0.8734697	-0.3801487	-0.126804	-0.5597757	12.3191	-0.007096993	-0.5188103
16.56	-0.461184	-0.6799221	0.7565349	-0.1862729	-0.1237959	-0.5346387	12.93722	-0.02236417	-0.1035332
16.58	-0.4514526	-0.6799221	0.8201572	-0.09127371	-0.1150935	-0.5548543	13.17623	0.008170187	-0.247455
16.6	-0.4411597	-0.6799221	0.8872468	-0.04472412	-0.1154985	-0.557534	13.34077	-0.08343289	-0.2154116
16.62	-0.4610482	-0.6799221	0.8420773	0.2853848	-0.0901906	-0.519226	13.8483	0.05397173	0.1694053
16.64	-0.4526199	-0.6799221	0.8863813	0.1398386	-0.06879884	-0.5044597	12.3672	0.02343737	-0.3103781
16.66	-0.3650685	-0.6116323	1.303908	1.092867	-0.1045498	-0.5485067	12.68355	-0.02236417	-0.3241333
16.68	-0.4737632	-0.6799221	0.7123829	-0.1815375	-0.1217788	-0.5123148	11.99567	-0.05289853	-0.238165
16.7	-0.4486688	-0.6799221	0.8522559	-0.08895337	-0.1285966	-0.5697162	13.59007	0.008170187	-0.1782862
16.72	-0.4414101	-0.6799221	0.7945224	-0.6581949	-0.1134598	-0.5371916	11.14692	0.008170187	-0.8094032
16.74	-0.460355	-0.6799221	0.6718801	-0.6298194	-0.1372616	-0.546905	12.30644	0.03870412	-0.3865643
16.76	-0.4405881	-0.6799221	0.8266093	-0.3086115	-0.1236561	-0.5565525	14.51071	-0.03763135	0.1962477
16.78	-0.433235	-0.6799221	0.8928914	-0.1512196	-0.09659918	-0.5598891	14.01132	-0.05289853	-0.1385425
16.8	-0.3737061	-0.6116323	1.184292	0.9502487	-0.07664768	-0.5290602	13.05411	-0.03763135	-0.2039539
16.82	-0.4227116	-0.6799221	0.9464861	-0.2514206	-0.1350246	-0.5763179	13.86011	-0.06816571	-0.1377459
16.84	-0.4937537	-0.6799221	0.5741516	-0.1231961	-0.06579143	-0.4773633	12.19308	0.02343737	-0.1786035
16.86	-0.4667794	-0.6799221	0.7581658	-0.06036608	-0.04455324	-0.4728379	12.7166	0.02343737	-0.07470703
16.88	-0.4732017	-0.6799221	0.7441555	-0.02957938	-0.03430045	-0.4641189	11.94185	-0.02236417	-0.3069678
16.9	-0.4598518	-0.6799221	0.8475099	-0.01449389	-0.03839032	-0.4507192	12.38416	0.03870412	-0.01935238
16.92	-0.3952852	-0.6799221	1.210445	-0.007102008	-0.1092517	-0.5760252	14.41536	-0.02236417	-0.07672143
16.94	-0.4211723	-0.6799221	1.042364	-0.003479984	-0.1317105	-0.6004952	13.88765	-0.007096993	-0.3520093
16.96	-0.4393046	-0.6799221	0.9388567	-0.001705192	-0.1079846	-0.5442743	13.89809	-0.007096993	0.01822639
16.98	-0.3794362	-0.6116323	1.205701	1.023511	-0.07594611	-0.5267401	13.10896	0.03870412	-0.1758939
17	-0.447875	-0.6799221	0.8553972	-0.2155222	-0.09343643	-0.5095003	13.18091	-0.06816571	-0.002968848
17.02	-0.4620562	-0.6799221	0.7919851	-0.1056059	-0.06634247	-0.5012071	13.10762	-0.007096993	-0.09365219
17.04	-0.4229015	-0.6799221	0.9716427	-0.3590508	-0.08241102	-0.536204	12.896	0.02343737	-0.4005427
17.06	-0.4340535	-0.6799221	0.9234775	-0.1759349	-0.1083454	-0.5650394	14.01052	-0.02236417	-0.1433526
17.08	-0.4238355	-0.6799221	0.9790113	-0.08620808	-0.1128733	-0.5972918	14.53487	0.03870412	-0.2303181
17.1	-0.448128	-0.6799221	0.8607996	-0.04224196	-0.0676111	-0.5136493	13.7072	0.008170187	-0.00749737
17.12	-0.4330018	-0.6799221	0.9704202	-0.02069856	-0.05321299	-0.5010949	13.84305	-0.02236417	0.0731321
17.14	-0.414667	-0.6799221	1.074043	-0.01014229	-0.08465351	-0.5663518	14.12183	-0.06816571	-0.2436078
17.16	-0.3479842	-0.6116323	1.386068	1.019377	-0.0850172	-0.5487695	14.09128	0.008170187	-0.01472402
17.18	-0.4720438	-0.6799221	0.8369077	0.3970555	-0.05131854	-0.4621048	14.99576	-0.03763135	0.8034447
17.2	-0.3496875	-0.6116323	1.430307	1.218904	-0.03557329	-0.5400134	13.44925	1.000536	-0.4036804
17.22	-0.4804009	-0.6799221	0.6858778	-0.4270837	-0.02828602	-0.3955887	10.37302	0.7409948	-0.2990187
17.24	-0.4789893	-0.6799221	0.7470135	-0.209271	-0.01549247	-0.3906431	12.68472	-0.06816571	0.4553134
17.26	-0.4475653	-0.6799221	0.9472536	-0.1025428	-0.006036505	-0.4391385	13.02908	0.05397173	0.09583691
17.28	-0.4562499	-0.6799221	0.9136378	-0.05024597	-0.004805252	-0.4331011	12.37535	-0.1292344	-0.07348597
17.3	-0.3647596	-0.6116323	1.360429	0.9997258	-0.03451492	-0.4864203	12.95295	0.02343737	-0.1118381
17.32	-0.4612116	-0.6799221	0.8441405	-0.2271768	-0.05397597	-0.4583331	12.51596	-0.05289853	-0.001616538
17.34	-0.464608	-0.6799221	0.8449231	-0.1113166	-0.02214225	-0.4379762	13.07471	0.02343737	0.1980531
17.36	-0.4533559	-0.6799221	0.8790314	-0.3618491	0.002292082	-0.4123653	11.70329	-0.1139672	-0.171902
17.38	-0.4634039	-0.6799221	0.8461457	-0.177306	-0.01764022	-0.4434214	12.58819	0.05397173	-0.04032016
17.4	-0.454798	-0.6799221	0.9164906	-0.08687996	-0.004141286	-0.4290664	12.99738	0.02343737	0.1519806
17.42	-0.4584607	-0.6799221	0.9169979	-0.04257118	0.01449013	-0.4056646	12.55763	-0.007096993	0.1151038
17.44	-0.4424751	-0.6799221	1.002435	-0.02085988	-0.01899269	-0.477201	12.88436	-0.007096993	-0.230581
17.46	-0.4718419	-0.6799221	0.854342	-0.01022134	0.01271258	-0.390979	12.28547	0.008170187	0.162092
17.48	-0.3649049	-0.6116323	1.390716	1.019338	-0.00457108	-0.4527704	13.05759	-0.007096993	0.048186
17.5	-0.4544508	-0.6799221	0.8764942	-0.5248708	-0.01485154	-0.3906039	11.36669	0.03870412	-0.01767379
17.52	-0.3748538	-0.6116323	1.276388	0.7671597	-0.03617837	-0.4714029	13.5108	-0.05289853	0.1871962
17.54	-0.490469	-0.7482109	0.714827	-1.365466	-0.08392449	-0.5393715	14.63749	0.05397173	0.03571653
17.56	-0.4708843	-0.6799221	0.8383378	0.04795399	0.03636959	-0.3948829	13.33557	-0.03763135	0.3394996
17.58	-0.4380386	-0.6799221	1.043082	0.02349745	0.03674355	-0.413962	12.9975	0.008170187	0.05634707
17.6	-0.4450527	-0.6799221	1.023894	0.01151375	0.02755111	-0.3974074	12.64556	-0.06816571	0.1346638
17.62	-0.4277481	-0.6799221	1.120751	0.005641738	-0.009501278	-0.4583234	13.39068	0.03870412	0.04031157
17.64	-0.4783017	-0.6799221	0.861882	0.002764452	0.05066721	-0.3289443	12.03806	-0.007096993	0.4142854
17.66	-0.3546726	-0.6116323	1.485348	1.025701	0.01230046	-0.4455468	13.16986	-0.03763135	0.04834098
17.68	-0.4961294	-0.7482109	0.7661881	-1.238781	-0.05662248	-0.490308	13.72091	0.008170187	0.01925325
17.7	-0.4242402	-0.6799221	1.13824	0.1100297	-0.02525686	-0.5074585	14.68123	0.02343737	0.1142665
17.72	-0.4123433	-0.6799221	1.191486	0.05391456	-0.02398348	-0.5002254	14.38111	0.03870412	0.06468362
17.74	-0.4033917	-0.6799221	1.228215	0.02641813	-0.04507779	-0.5267009	14.75167	-0.007096993	0.0613845
17.76	-0.4623421	-0.6799221	0.9103607	0.01294488	0.02178948	-0.3961435	13.04457	-0.02236417	0.2913522
17.78	-0.4428264	-0.6799221	1.022642	0.006342994	0.01902445	-0.4399111	13.33193	-0.02236417	0.0154072
17.8	-0.3815232	-0.6116323	1.310545	1.027454	0.03900318	-0.4021298	12.73294	0.008170187	0.1269004
17.82	-0.4606359	-0.6799221	0.9135472	-0.2135898	0.03225936	-0.3598197	12.52151	-0.03763135	0.3721564
17.84	-0.3616258	-0.6116323	1.411774	0.9196874	0.01793274	-0.4413291	13.54564	0.03870412	0.1567982
17.86	-0.4470035	-0.6799221	0.9655084	-0.2663956	0.00269936	-0.4184497	13.14419	-0.02236417	0.2115097
17.88	-0.4368706	-0.6799221	1.032327	-0.1305338	0.003863811	-0.45594	14.00914	0.03870412	0.164772
17.9	-0.4292591	-0.6799221	1.091846	-0.06396158	0.02231237	-0.4317361	14.08001	-0.06816571	0.3036897
17.92	-0.4394026	-0.6799221	1.045219	-0.03134117	0.03387071	-0.4224416	13.42576	0.03870412	0.1079233
17.94	-0.5208051	-0.7482109	0.6816735	-1.039689	0.05388217	-0.365919	13.3065	-0.06816571	0.3775766
17.96	-0.4319123	-0.6799221	1.170848	0.2075847	0.0764865	-0.390521	13.47631	0.02343737	0.1923218
17.98	-0.4327105	-0.6799221	1.168581	0.1017165	0.06080809	-0.3765295	12.84277	-0.03763135	0.1840506
18	-0.4492616	-0.6799221	1.073114	0.04984109	0.05119672	-0.3744226	12.62274	0.03870412	0.1789346
18.02	-0.3003158	-0.5433426	1.768987	2.073115	0.05315679	-0.3886904	12.69954	0.02343737	0.2337575
18.04	-0.4098645	-0.6799221	1.185007	-0.4182586	-0.04863933	-0.4728326	14.12896	-0.007096993	0.3124436
18.06	-0.4383235	-0.6799221	1.031031	-0.2049467	-0.008163616	-0.454932	14.63029	0.008170187	0.4267327
18.08	-0.419781	-0.6799221	1.146829	-0.1004239	0.02527234	-0.4452329	14.78511	-0.02236417	0.3862153
18.1	-0.4249149	-0.6799221	1.08354	-0.3565116	0.04576379	-0.4067923	12.84137	0.03870412	-0.04059136
18.12	-0.4561797	-0.6799221	0.9263878	-0.1746907	0.03531277	-0.4196466	13.23688	-0.09870007	0.03910846
18.14	-0.4324114	-0.6799221	1.070821	-0.08559843	0.03255001	-0.4441463	14.21202	-0.007096993	0.1616017
18.16	-0.33699	-0.6116323	1.555512	0.9824031	0.03694728	-0.4421232	14.60705	0.03870412	0.3701649
18.18	-0.4068713	-0.6799221	1.181491	-0.2356649	-0.01565963	-0.4933838	14.55716	0.08450609	0.08515006
18.2	-0.4180976	-0.6799221	1.138083	-0.1154758	0.01014021	-0.453819	15.14149	-0.02236417	0.4936775
18.22	-0.4328593	-0.6799221	1.064336	-0.05658315	0.04304245	-0.439171	14.21282	-0.02236417	0.1420771
18.24	-0.4028715	-0.6799221	1.246799	-0.02772574	0.03030506	-0.458962	15.01959	-0.02236417	0.3016618
18.26	-0.4389618	-0.6799221	1.013922	-0.3208895	0.0667901	-0.3748473	12.47414	0.02343737	-0.005576968
18.28	-0.4447497	-0.6799221	0.9491894	-0.4645398	0.04098706	-0.4153726	12.49911	-0.03763135	-0.2238275
18.3	-0.4621638	-0.6799221	0.8934967	-0.2276245	0.06541501	-0.3692367	13.66747	-0.08343289	0.4489585
18.32	-0.3998294	-0.6799221	1.266174	-0.111536	0.04947659	-0.4445534	15.21528	-0.05289853	0.3848327
18.34	-0.3385803	-0.6116323	1.531693	0.9696937	0.02852136	-0.4969063	14.29419	0.02343737	-0.1882186
18.36	-0.419523	-0.6799221	1.099673	-0.2418925	-0.009123862	-0.4830295	14.68095	-0.02236417	0.1649586
18.38	-0.4621974	-0.6799221	0.8855592	-0.1185273	0.06360877	-0.3914056	13.9641	0.11504	0.3545359
18.4	-0.4045672	-0.6799221	1.120607	-0.6726862	0.04577956	-0.4481879	12.72915	0.008170187	-0.4858828
18.42	-0.4690454	-0.6799221	0.8054572	-0.3296162	0.05164146	-0.3971104	13.57108	-0.02236417	0.2253244
18.44	-0.4325269	-0.6799221	1.046624	-0.161512	0.07409492	-0.4116976	14.72687	0.02343737	0.3661649
18.46	-0.4369234	-0.6799221	1.054235	-0.07914086	0.09999007	-0.3800334	13.8536	-0.03763135	0.2216243
18.48	-0.4030121	-0.6799221	1.266566	-0.03877902	0.06765261	-0.4273286	14.7403	-0.05289853	0.2712315
18.5	-0.3639146	-0.6116323	1.446171	1.005345	0.1009429	-0.3527626	13.55161	0.03870412	0.4440985
18.52	-0.3451325	-0.6116323	1.528471	0.7999228	0.06609675	-0.3794631	13.97122	-0.06816571	0.5240031
18.54	-0.4597826	-0.6799221	0.8889641	-0.6323842	0.0847912	-0.3111552	11.9167	-0.03763135	0.2455357
18.56	-0.4356513	-0.6799221	1.051824	-0.3098682	0.05625349	-0.4206696	14.52222	0.02343737	0.3065134
18.58	-0.4139983	-0.6799221	1.186662	-0.1518354	0.06174996	-0.4412491	15.03623	-0.03763135	0.2673002
18.6	-0.409463	-0.6799221	1.228921	-0.07439936	0.06943482	-0.4243715	14.93925	0.02343737	0.3431285
18.62	-0.4105139	-0.6799221	1.224389	-0.03645568	0.05766788	-0.4513425	14.76395	-0.02236417	0.1093073
18.64	-0.3648953	-0.6799221	1.467461	-0.01786328	-0.0003514886	-0.5447549	16.51458	-0.02236417	0.1697561
18.66	-0.3553713	-0.6116323	1.444676	1.015593	0.04511836	-0.4625769	14.58708	-0.03763135	0.0959245
18.68	-0.4360613	-0.6799221	1.025668	-0.2194018	0.04834267	-0.4203588	14.48751	-0.05289853	0.3232507
18.7	-0.3954479	-0.6799221	1.313348	0.1997927	0.03601697	-0.5054235	17.29658	0.008170187	0.5851786
18.72	-0.3842092	-0.6799221	1.322294	-0.2094055	0.06279457	-0.4616164	14.57418	0.008170187	-0.09272194
18.74	-0.3188483	-0.6116323	1.636721	0.9217377	0.03038952	-0.4859129	15.67801	-0.007096993	0.3179935
18.76	-0.4061036	-0.6799221	1.188868	-0.265391	0.03192365	-0.4413677	15.55986	-0.05289853	0.5707177
18.78	-0.427474	-0.6799221	1.092058	-0.1300416	0.07792634	-0.418768	15.06913	-0.03763135	0.3695664
18.8	-0.4274066	-0.6799221	1.109953	-0.06372038	0.09729198	-0.4136673	14.5856	-0.007096993	0.1535211
18.82	-0.388363	-0.6799221	1.337829	-0.03122298	0.06127515	-0.4726103	15.69992	-0.02236417	0.1932311
18.84	-0.3433366	-0.6116323	1.533664	1.009047	0.08239752	-0.4249473	14.74134	0.03870412	0.2673721
18.86	-0.4180134	-0.6799221	1.097809	-0.5299133	0.05796754	-0.4119774	13.54663	-0.03763135	0.008462667
18.88	-0.4327199	-0.6799221	1.052877	-0.2596575	0.06984967	-0.4104025	15.19737	-0.02236417	0.5172077
18.9	-0.3836901	-0.6799221	1.299461	-0.4345361	0.06956777	-0.4498711	15.15526	-0.02236417	0.1464144
18.92	-0.4076971	-0.6799221	1.189603	-0.2129227	0.06099373	-0.4556506	15.51455	-0.03763135	0.2665842
18.94	-0.4088002	-0.6799221	1.215313	-0.1043321	0.09228778	-0.4084262	15.58781	-0.02236417	0.5444127
18.96	-0.4000112	-0.6799221	1.281876	-0.05112273	0.09358835	-0.4288517	15.37938	0.008170187	0.290387
18.98	-0.3832225	-0.6799221	1.389348	-0.02505014	0.07441536	-0.4484	15.90223	-0.02236417	0.3927608
19	-0.415841	-0.6799221	1.20438	-0.01227457	0.08234257	-0.437176	14.87029	0.008170187	0.1076022
19.02	-0.3089576	-0.6116323	1.739548	1.018332	0.0628216	-0.4722425	16.11322	-0.007096993	0.3955905
19.04	-0.4910235	-0.7482109	0.8262275	-1.242392	0.07569501	-0.3848191	15.09545	-0.05289853	0.5827051
19.06	-0.4204735	-0.6799221	1.230946	0.1082604	0.1452298	-0.3600447	15.24684	-0.08343289	0.5832266
19.08	-0.3961763	-0.6799221	1.377083	0.05304759	0.1298581	-0.384643	14.84778	-0.02236417	0.3130069
19.1	-0.3791792	-0.6799221	1.460307	0.02599332	0.0707517	-0.4632908	15.57265	-0.06816571	0.1702565
19.12	-0.3779816	-0.6799221	1.441336	0.01273673	0.03472379	-0.509336	16.26574	0.0692389	0.1802367
19.14	-0.4270777	-0.6799221	1.162976	0.006240996	0.09003475	-0.4067888	15.10231	0.008170187	0.4028513
19.16	-0.4130259	-0.6799221	1.245589	0.003058088	0.107284	-0.4094234	15.29366	-0.03763135	0.3505249
19.18	-0.4224947	-0.6799221	1.21739	0.001498463	0.1445207	-0.3381673	14.70065	0.03870412	0.5849078
19.2	-0.3516641	-0.6799221	1.615658	0.0007342468	0.07802409	-0.4685102	16.67438	-0.007096993	0.4410674
19.22	-0.371493	-0.6799221	1.44961	-0.3069441	0.06883216	-0.4418585	15.06136	-0.05289853	0.1745523
19.24	-0.4064707	-0.6799221	1.270838	-0.1504026	0.07833791	-0.4115218	15.81357	-0.02236417	0.6462295
19.26	-0.4055556	-0.6799221	1.290217	-0.07369727	0.1140541	-0.393827	15.7132	-0.007096993	0.581461
19.28	-0.3657298	-0.6799221	1.5201	-0.03611166	0.09109583	-0.4496657	16.58458	-0.02236417	0.4985377
19.3	-0.4000735	-0.6799221	1.326922	-0.01769471	0.1027321	-0.4202414	15.42353	-0.03763135	0.3104532
19.32	-0.3779738	-0.6799221	1.45712	-0.008670409	0.09064251	-0.4348478	16.39312	-0.02236417	0.5656137
19.34	-0.3080915	-0.6116323	1.778175	1.020098	0.09281719	-0.4476295	16.05198	-0.05289853	0.4106625
19.36	-0.4037318	-0.6799221	1.21325	-0.5244985	0.07699296	-0.4126949	14.24329	-0.05289853	0.09450996
19.38	-0.4139705	-0.6799221	1.1934	-0.2570042	0.09550849	-0.397922	16.16763	-0.03763135	0.7743953
19.4	-0.2973253	-0.6116323	1.746523	0.5911103	0.1032108	-0.4440721	15.63663	-0.05289853	0.2241271
19.42	-0.3177668	-0.6116323	1.598103	0.596948	0.04920989	-0.4909841	16.0716	-0.03763135	0.2358372
19.44	-0.395633	-0.6799221	1.209042	-0.4245379	0.05154747	-0.4702106	16.93947	0.008170187	0.6052637
19.46	-0.3579409	-0.6799221	1.448617	-0.2080236	0.06791589	-0.5080535	18.21511	-0.05289853	0.6131623
19.48	-0.3867383	-0.6799221	1.321108	-0.1019315	0.1208081	-0.4268726	16.60434	0.03870412	0.5178915
19.5	-0.366322	-0.6799221	1.449202	-0.04994646	0.09485668	-0.4859776	16.87901	-0.007096993	0.2273854
19.52	-0.3991184	-0.6799221	1.281172	-0.02447377	0.1136654	-0.4307059	15.97021	-0.03763135	0.3146812
19.54	-0.3738431	-0.6799221	1.381627	-0.3192961	0.09545854	-0.4580056	15.60421	0.008170187	0.03653955
19.56	-0.4301971	-0.6799221	1.093229	-0.1564551	0.1229108	-0.3943462	15.31127	-0.03763135	0.3622185
19.58	-0.3841432	-0.6799221	1.333015	-0.3839669	0.1305807	-0.3978576	15.5029	-0.03763135	0.3440771
19.6	-0.4243058	-0.6799221	1.14558	-0.1881438	0.1501563	-0.364582	15.15291	0.05397173	0.4266101
19.62	-0.380749	-0.6799221	1.417907	-0.09219044	0.1360355	-0.4081255	16.48925	0.008170187	0.5635408
19.64	-0.445862	-0.7482109	1.075405	-1.376809	0.1110275	-0.4353144	15.38209	-0.02236417	-0.007083178
19.66	-0.3106931	-0.6116323	1.756255	1.066742	0.1144659	-0.4611366	16.66392	-0.06816571	0.3547728
19.68	-0.3851137	-0.6799221	1.363057	-0.1943387	0.09385777	-0.4386979	16.28424	-0.06816571	0.4382144
19.7	-0.3839794	-0.6799221	1.328442	-0.4025299	0.1012251	-0.442185	15.66712	-0.05289853	0.1537553
19.72	-0.3796342	-0.6799221	1.379421	-0.1972396	0.09597555	-0.4525728	17.23132	0.03870412	0.6143687
19.74	-0.3774196	-0.6799221	1.413901	-0.09664741	0.1245394	-0.4310904	17.04062	-0.03763135	0.591529
19.76	-0.3603309	-0.6799221	1.524277	-0.04735723	0.1166138	-0.4539747	17.21687	-0.007096993	0.490882
19.78	-0.3753031	-0.6799221	1.453745	-0.02320504	0.1247085	-0.4279613	16.69811	0.02343737	0.5058384
19.8	-0.3785653	-0.6799221	1.445637	-0.01137047	0.127853	-0.4239228	16.61192	0.008170187	0.496681
19.82	-0.3870831	-0.6799221	1.399036	-0.005571531	0.128957	-0.429341	16.2994	-0.06816571	0.3391203
19.84	-0.3626645	-0.6799221	1.530938	-0.00273005	0.1019477	-0.4759738	17.22112	0.0692389	0.3742545
19.86	-0.4318856	-0.6799221	1.251406	0.6132659	0.1667226	-0.380637	17.5044	0.05397173	0.9909602
19.88	-0.3499187	-0.6799221	1.679245	0.3005003	0.1530019	-0.4564891	16.83442	-0.05289853	0.1588961
19.9	-0.3622811	-0.6799221	1.531364	-0.1600588	0.1022592	-0.4660355	15.28419	-0.03763135	-0.1910919
19.92	-0.3871928	-0.6799221	1.391557	-0.0784288	0.08516333	-0.4535961	16.96751	0.02343737	0.5687714
19.94	-0.3976751	-0.6799221	1.333595	-0.03843011	0.1322974	-0.4197797	16.69847	-0.02236417	0.5277842
19.96	-0.3763722	-0.6799221	1.468861	-0.01883076	0.1514438	-0.4036844	16.9318	-0.05289853	0.6446717
19.98	-0.2741327	-0.6116323	1.966929	1.015119	0.1138119	-0.4899675	17.35139	0.02343737	0.3044925
20	-0.3539658	-0.6799221	1.485893	-0.5269379	0.06880048	-0.4779276	16.35788	-0.05289853	0.2096425
20.02	-0.3190422	-0.6116323	1.585795	0.4588428	0.09590402	-0.4490854	16.14755	-0.03763135	0.3309146
20.04	-0.4346772	-0.6799221	0.9513408	-0.7995133	0.1358124	-0.3685175	14.78325	-0.007096993	0.280946
20.06	-0.3855384	-0.6799221	1.336998	-0.08446181	0.1380829	-0.445281	19.0582	0.008170187	1.036269
20.08	-0.3682693	-0.6799221	1.473628	-0.04138629	0.1990518	-0.382276	17.12447	-0.08343289	0.627951
20.1	-0.3789037	-0.6799221	1.436988	-0.02027928	0.1794487	-0.3988575	16.08838	-0.007096993	0.244971
20.12	-0.3735342	-0.6799221	1.484873	-0.009936847	0.1534384	-0.4095298	16.69094	0.008170187	0.4896045
20.14	-0.4014575	-0.6799221	1.342863	-0.004869055	0.1766629	-0.3659193	15.93659	-0.03763135	0.502529
20.16	-0.2912197	-0.6116323	1.909627	1.02196	0.1646709	-0.3986294	16.9656	-0.02236417	0.7027246
20.18	-0.3396004	-0.6799221	1.656779	-0.2162818	0.09620038	-0.4692048	17.69653	-0.06816571	0.5896144
20.2	-0.3623813	-0.6799221	1.526351	-0.1059781	0.1049394	-0.4721546	17.85339	-0.02236417	0.5710368
20.22	-0.3662826	-0.6799221	1.452685	-0.3592332	0.1254007	-0.4500442	16.48541	-0.09870007	0.1901792
20.24	-0.3785458	-0.6799221	1.400111	-0.1760243	0.1228496	-0.454176	17.49334	-0.05289853	0.5061759
20.26	-0.3451849	-0.6799221	1.601012	-0.08625188	0.1239357	-0.4759413	18.51703	0.05397173	0.6482233
20.28	-0.3386485	-0.6799221	1.657626	-0.04226342	0.1362778	-0.4508977	18.41142	-0.08343289	0.7687473
20.3	-0.3398806	-0.6799221	1.656251	-0.02070908	0.127487	-0.4724196	18.14788	-0.05289853	0.5386566
20.32	-0.3321587	-0.6799221	1.704573	-0.01014745	0.1149737	-0.4812999	18.58579	0.008170187	0.6707439
20.34	-0.4132502	-0.7482109	1.316526	-1.029304	0.1134201	-0.4785323	18.53218	0.0692389	0.6007087
20.36	-0.3304846	-0.6799221	1.697491	-0.0946306	0.1280516	-0.499625	17.61921	-0.05289853	0.1137398
20.38	-0.3407915	-0.6799221	1.647849	-0.04636899	0.108963	-0.478462	18.47008	0.03870412	0.6829619
20.4	-0.3676949	-0.6799221	1.39246	-0.6373286	0.1324656	-0.4400822	15.24409	-0.02236417	-0.1979375
20.42	-0.3983756	-0.6799221	1.319701	-0.004991412	0.1432908	-0.40934	18.65794	0.1303076	1.172577
20.44	-0.349822	-0.6799221	1.648485	0.3048538	0.1731149	-0.4612394	19.38284	0.05397173	0.8083216
20.46	-0.4213071	-0.7482109	1.324717	-0.8749537	0.1941475	-0.3923852	17.48928	-0.06816571	0.5855373
20.48	-0.2759362	-0.6116323	2.060012	1.312651	0.2036733	-0.396646	17.24452	0.0692389	0.5937647
20.5	-0.3850456	-0.6799221	1.473518	-0.07384327	0.181528	-0.3398969	15.83039	-0.007096993	0.6450338
20.52	-0.361124	-0.6799221	1.619639	-0.0361832	0.1678372	-0.3824288	17.54444	-0.09870007	0.9135678
20.54	-0.3669465	-0.6799221	1.586327	-0.01772977	0.1800371	-0.3866383	17.1296	-0.02236417	0.6737813
20.56	-0.3630228	-0.6799221	1.607965	-0.008687586	0.1769125	-0.3936607	17.22888	-0.007096993	0.6595933
20.58	-0.3596419	-0.6799221	1.615276	-0.004256917	0.1609804	-0.4277415	17.37483	-0.06816571	0.4894654
20.6	-0.3475777	-0.6799221	1.674023	-0.002085889	0.146742	-0.4445707	18.02967	0.0692389	0.6300422
20.62	-0.3613115	-0.6799221	1.595311	-0.001022086	0.1652752	-0.412442	17.66457	-0.02236417	0.6918504
20.64	-0.363428	-0.6799221	1.584605	-0.0005008219	0.176408	-0.4043233	17.50537	0.02343737	0.6503636
20.66	-0.2874715	-0.6116323	1.957695	1.024101	0.1959731	-0.3736363	17.3853	0.02343737	0.8606215
20.68	-0.3478336	-0.6799221	1.641382	-0.215233	0.1472668	-0.4218376	17.63214	-0.02236417	0.6806413
20.7	-0.3444017	-0.6799221	1.655526	-0.1054642	0.1334301	-0.4715213	18.52571	-0.02236417	0.6135767
