0	-0.3958059	-0.3384733	-1.876333	0	0.01851334	0.07311492	-0.3988566	-0.007479484	0
0.02	-0.3446086	-0.2701836	-1.38457	0	0.06620891	0.1022115	6.091668	0.05358881	2.227781
0.04	-0.2739813	-0.2701836	-0.8229631	0	0.1718371	0.02862861	9.311217	0.3131309	2.026678
0.06	-0.1889671	-0.2701836	-0.2046852	0	0.2535379	-0.01384212	10.80113	2.190994	1.684661
0.08	-0.2048821	-0.3384733	-0.1014854	0	0.302493	-0.02471943	10.6192	2.740612	1.185502
0.1	-0.1964038	-0.2701836	0.06558028	0	0.4250575	0.1510997	7.579597	3.794047	1.188033
0.12	-0.1560972	-0.2701836	0.4057428	0	0.4460098	0.2023361	6.101478	1.641375	1.077523
0.14	-0.2136355	-0.2701836	0.2006155	0	0.5014358	0.341567	2.05386	-0.663968	0.7150213
0.16	-0.2722855	-0.3384733	0.04114076	0	0.4597657	0.3696651	1.333082	0.1299247	0.9148015
0.18	-0.2220819	-0.3384733	0.4395869	0	0.3537514	0.2325317	3.718142	0.05358881	1.090921
0.2	-0.2546131	-0.3384733	0.3461699	0	0.3325823	0.1983191	2.943463	-0.1601513	0.6606416
0.22	-0.281002	-0.3384733	0.27357	0	0.3264252	0.2273353	2.28778	0.05358881	0.7554315
0.24	-0.2779361	-0.3384733	0.3502779	0	0.3056597	0.2153866	2.488882	-0.03801384	0.8432332
0.26	-0.1610754	-0.2701836	0.9726098	0	0.2466584	0.1119685	3.804493	-0.02274666	0.7721287
0.28	-0.2239614	-0.2701836	0.6047272	0	0.2800681	0.1840178	0.2270821	-0.007479484	0.05399226
0.3	-0.4053522	-0.4067631	-0.278447	0	0.2728057	0.2809192	-1.054854	0.09939077	0.3833915
0.32	-0.2596087	-0.2701836	0.5034827	0	0.2515741	0.2564706	1.727336	-0.3433574	1.377125
0.34	-0.3198065	-0.3384733	0.205392	0	0.2668307	0.2267815	0.6385766	0.114658	0.5725094
0.36	-0.2834258	-0.3384733	0.432088	0	0.2224607	0.1677927	2.501577	0.007787696	0.9093679
0.38	-0.3163262	-0.3384733	0.2688965	0	0.2509599	0.1908585	1.703052	-0.0685482	0.6891156
0.4	-0.3671083	-0.3384733	0.01888958	0	0.3187653	0.3133959	0.1330734	0.02305488	0.8930145
0.42	-0.3021157	-0.3384733	0.4054244	0	0.2863945	0.2532744	2.187885	0.02305488	1.216019
0.44	-0.3556623	-0.4067631	0.183736	0	0.2706005	0.1933244	2.670391	-0.09908256	0.8370786
0.46	-0.22866	-0.2701836	0.8254625	0	0.2942088	0.2076132	3.027539	-0.08381538	1.122487
0.48	-0.3061303	-0.3384733	0.4132363	0	0.3237467	0.2523279	0.4702115	0.03832205	0.4281919
0.5	-0.2842396	-0.3384733	0.5497214	0	0.2796109	0.2327195	1.515548	0.02305488	0.8523268
0.52	-0.2709491	-0.3384733	0.6249892	0	0.2422392	0.1661285	2.246279	-0.05328102	0.7027407
0.54	-0.2533508	-0.2701836	0.664987	0	0.282604	0.2340659	0.5629302	0.007787696	0.6132956
0.56	-0.2481017	-0.2701836	0.6528571	0	0.2822767	0.2640771	-0.4671442	-0.007479484	0.544697
0.58	-0.2563163	-0.2701836	0.5743777	0	0.2692496	0.2783775	-1.154516	-0.007479484	0.5183947
0.6	-0.3612279	-0.3384733	0.03167425	0	0.2725046	0.3257201	-1.973389	-0.05328102	0.5673813
0.62	-0.332952	-0.3384733	0.2150159	0	0.2306812	0.2656203	0.8077995	-0.02274666	1.176786
0.64	-0.3248586	-0.3384733	0.2726333	0	0.2361202	0.212347	1.974478	0.007787696	1.04057
0.66	-0.3053676	-0.3384733	0.3886246	0	0.2441464	0.1819851	2.949385	-0.03801384	1.036436
0.68	-0.2080886	-0.2701836	0.8687078	0	0.2492167	0.144409	3.59109	0.06885641	0.9610242
0.7	-0.3054703	-0.3384733	0.3487856	0	0.287625	0.2055314	1.267146	-0.007479484	0.4377666
0.72	-0.298722	-0.3384733	0.4081508	0	0.2735274	0.2216624	2.281759	0.007787696	1.000466
0.74	-0.2410591	-0.2701836	0.6838227	0	0.3002636	0.2366379	1.993072	0.007787696	0.970816
0.76	-0.2839088	-0.3384733	0.4719294	0	0.283757	0.2119739	1.751173	-0.0685482	0.6746253
0.78	-0.2297075	-0.2701836	0.7312542	0	0.2871618	0.2260909	1.864907	0.02305488	0.9048907
0.8	-0.289584	-0.3384733	0.426149	0	0.2737666	0.2102802	1.46148	-0.03801384	0.6162185
0.82	-0.2863397	-0.3384733	0.4627809	0	0.2498834	0.1854671	2.743767	-0.03801384	0.9493116
0.84	-0.246026	-0.2701836	0.6410156	0	0.2907966	0.223217	2.15033	0.02305488	0.942075
0.86	-0.2532676	-0.2701836	0.5727836	0	0.3263224	0.2804167	0.652734	-0.007479484	0.7595504
0.88	-0.2225606	-0.2701836	0.7202231	0	0.2983399	0.2556145	1.042605	-0.007479484	0.8231124
0.9	-0.2676529	-0.2701836	0.4549579	0	0.3258897	0.3158801	-0.6712371	-0.02274666	0.6415409
0.92	-0.3289976	-0.3384733	0.1674688	0	0.3030373	0.3176167	-0.02271369	0.007787696	0.9147851
0.94	-0.3083712	-0.3384733	0.316715	0	0.272615	0.2510592	2.340922	0.007787696	1.263268
0.96	-0.3274502	-0.3384733	0.2382561	0	0.3105575	0.2604707	2.459755	-0.007479484	1.165352
0.98	-0.3009083	-0.3384733	0.4102423	0	0.3230863	0.2468935	3.514965	-0.05328102	1.318106
1	-0.2680941	-0.3384733	0.6091396	0	0.3217584	0.2006286	4.383124	0.03832205	1.193061
1.02	-0.2960138	-0.3384733	0.4742361	0	0.367905	0.256569	3.102952	0.02305488	1.013172
1.04	-0.2121153	-0.2701836	0.8998389	0	0.3810246	0.278103	2.99758	-0.02274666	1.187611
1.06	-0.2141855	-0.2701836	0.8590323	0	0.3927243	0.3024322	1.099979	-0.007479484	0.7158203
1.08	-0.2984479	-0.3384733	0.4346071	0	0.3743296	0.3359423	0.09222162	-0.0685482	0.7083372
1.1	-0.298843	-0.3384733	0.4638808	0	0.3378142	0.3111183	1.491762	0.02305488	1.155243
1.12	-0.2368537	-0.2701836	0.7661825	0	0.3454431	0.2950493	1.804313	0.02305488	1.151543
1.14	-0.1968008	-0.2701836	0.9476446	0	0.3148659	0.2312774	2.048265	-0.007479484	0.826056
1.16	-0.2796573	-0.3384733	0.5134199	0	0.2949263	0.2238071	1.472203	0.02305488	0.5918653
1.18	-0.2993473	-0.3384733	0.4245442	0	0.2858533	0.233674	2.462183	0.05358881	1.055828
1.2	-0.3803973	-0.4067631	0.05463882	0	0.3021952	0.2403395	3.264072	0.05358881	1.196018
1.22	-0.3171934	-0.3384733	0.4132157	0	0.3511154	0.2682088	4.605078	-0.007479484	1.694277
1.24	-0.1923417	-0.2701836	1.049293	0	0.374406	0.2235769	5.095629	-0.007479484	1.403435
1.26	-0.1618771	-0.2701836	1.170853	0	0.3725262	0.1997445	3.647048	0.02305488	0.7204144
1.28	-0.157109	-0.2701836	1.156579	0	0.3352811	0.1901625	2.665511	0.114658	0.5238405
1.3	-0.2852971	-0.3384733	0.478354	0	0.333185	0.258693	0.8213773	-0.05328102	0.4594015
1.32	-0.2171289	-0.2701836	0.819986	0	0.3047862	0.2519481	2.430909	0.06885641	1.175802
1.34	-0.2105037	-0.2701836	0.8200686	0	0.3001162	0.216672	2.239936	-0.0685482	0.8122977
1.36	-0.266562	-0.3384733	0.537105	0	0.2689345	0.1807101	2.91413	0.02305488	0.7958748
1.38	-0.3705839	-0.4067631	0.04606847	0	0.2820085	0.205516	3.723439	0.02305488	1.120712
1.4	-0.2960346	-0.3384733	0.4696257	0	0.3159345	0.2063385	5.956839	-0.03801384	1.753065
1.42	-0.2252099	-0.2701836	0.8159074	0	0.4001129	0.250906	4.885036	0.007787696	1.40327
1.44	-0.2806228	-0.3384733	0.5462888	0	0.4387335	0.3089047	3.180399	0.05358881	1.061536
1.46	-0.2622037	-0.3384733	0.6832572	0	0.4247225	0.3080734	3.877014	0.007787696	1.370088
1.48	-0.2599861	-0.3384733	0.7217649	0	0.422858	0.2930914	3.871917	0.03832205	1.246206
1.5	-0.2373065	-0.3384733	0.8645962	0	0.3970551	0.2492501	4.536283	-0.007479484	1.219019
1.52	-0.2311907	-0.3384733	0.9067782	0	0.3781461	0.2148184	4.693619	-0.09908256	1.068104
1.54	-0.1131007	-0.2018938	1.444768	0	0.3997898	0.2466603	3.522837	0.007787696	1.017044
1.56	-0.1805112	-0.2701836	1.040278	0	0.3848946	0.2672434	0.9863299	-0.02274666	0.3634102
1.58	-0.2052656	-0.2701836	0.8786148	0	0.3457731	0.291288	0.7092543	0.06885641	0.7117668
1.6	-0.2921658	-0.3384733	0.4340202	0	0.3120948	0.2768173	1.193483	-0.02274666	0.840921
1.62	-0.2566318	-0.2701836	0.599443	0	0.3335281	0.3051595	2.068342	-0.05328102	1.34173
1.64	-0.216554	-0.2701836	0.7916898	0	0.3284021	0.2527516	3.031971	0.03832205	1.206762
1.66	-0.2074641	-0.2701836	0.8145502	0	0.3318039	0.2333575	3.065243	0.02305488	1.015728
1.68	-0.2931977	-0.3384733	0.3822521	0	0.3452575	0.2626076	2.702891	-0.0685482	0.9928175
1.7	-0.2832752	-0.3384733	0.4731271	0	0.3424246	0.2498327	4.560294	0.06885641	1.503668
1.72	-0.2008929	-0.2701836	0.8947997	0	0.3709795	0.2298413	5.293182	-0.0685482	1.482913
1.74	-0.3300718	-0.4067631	0.2778641	0	0.387406	0.2370035	4.628575	-0.02274666	1.06089
1.76	-0.2445531	-0.3384733	0.7718281	0	0.3839115	0.2181673	7.030056	0.02305488	1.79182
1.78	-0.1801478	-0.2701836	1.084622	0	0.4410484	0.2390563	5.792785	-0.02274666	1.330619
1.8	-0.1647454	-0.2701836	1.141648	0	0.4554014	0.2718967	4.102207	0.02305488	0.9913196
1.82	-0.1328769	-0.2701836	1.291133	0	0.4009461	0.2260659	4.075077	0.007787696	0.8826501
1.84	-0.2038653	-0.3384733	0.9268022	0	0.339303	0.1717621	4.0615	-0.02274666	0.6522133
1.86	-0.2562611	-0.3384733	0.6585293	0	0.3349276	0.203631	4.210466	-0.05328102	1.011205
1.88	-0.2901197	-0.3384733	0.4948386	0	0.3708389	0.2591285	4.285576	0.05358881	1.328272
1.9	-0.1890432	-0.2701836	1.013643	0	0.382499	0.2372378	5.570121	0.007787696	1.570359
1.92	-0.1653073	-0.2701836	1.10892	0	0.3926099	0.2126623	4.816255	-0.02274666	1.037469
1.94	-0.2128428	-0.3384733	0.8748448	0	0.3556557	0.1770462	5.029668	-0.0685482	0.9099872
1.96	-0.2254966	-0.3384733	0.824214	0	0.3375966	0.1603517	5.93147	0.0841236	1.157337
1.98	-0.2265122	-0.3384733	0.8314902	0	0.3391889	0.1436482	6.677911	-0.007479484	1.239416
2	-0.1629029	-0.2701836	1.134353	0	0.3697279	0.1618286	6.552362	-0.007479484	1.270147
2.02	-0.1736051	-0.2701836	1.042032	0	0.4076695	0.2175102	4.715219	0.007787696	0.9482769
2.04	-0.1458475	-0.2701836	1.170039	0	0.3784054	0.2001941	4.916152	0.007787696	1.025589
2.06	-0.2363537	-0.3384733	0.7074041	0	0.3675596	0.2078855	4.267386	-0.02274666	0.8543734
2.08	-0.2233692	-0.3384733	0.806581	0	0.331363	0.164331	6.373825	-0.05328102	1.360572
2.1	-0.164562	-0.2701836	1.08849	0	0.3566679	0.155879	6.613067	-0.007479484	1.298401
2.12	-0.2303081	-0.3384733	0.7538829	0	0.3738919	0.1735198	5.820381	-0.0685482	1.008549
2.14	-0.1439624	-0.2701836	1.194909	0	0.3657332	0.1578956	7.014034	0.05358881	1.393099
2.16	-0.2256767	-0.3384733	0.7740849	0	0.3856612	0.1756188	5.719565	-0.02274666	0.9229467
2.18	-0.2179017	-0.3384733	0.84573	0	0.3727037	0.1734179	6.970291	0.03832205	1.390766
2.2	-0.2024827	-0.3384733	0.9495932	0	0.3687342	0.1329857	7.910167	-0.007479484	1.355829
2.22	-0.2326931	-0.3384733	0.8029376	0	0.4163091	0.1888831	6.975836	0.02305488	1.280034
2.24	-0.1281769	-0.2701836	1.33977	0	0.4156475	0.1723628	7.752698	0.03832205	1.478735
2.26	-0.2302536	-0.3384733	0.8076458	0	0.4563728	0.2380881	5.142938	0.007787696	0.8932278
2.28	-0.1413927	-0.2701836	1.269631	0	0.4330516	0.2375235	6.210909	-0.02274666	1.464573
2.3	-0.2260378	-0.3384733	0.8360788	0	0.4385846	0.2461981	4.782731	-0.05328102	0.9530079
2.32	-0.2300353	-0.3384733	0.8449144	0	0.4213137	0.2518579	5.726942	-0.03801384	1.416572
2.34	-0.2330243	-0.3384733	0.8515064	0	0.4268396	0.2410446	6.189403	-0.03801384	1.43841
2.36	-0.1842473	-0.2701836	1.084458	0	0.4718151	0.2916004	5.415167	-0.0685482	1.468338
2.38	-0.1163162	-0.2701836	1.425356	0	0.4270702	0.2108309	6.110026	0.06885641	1.223349
2.4	-0.1337548	-0.2701836	1.294125	0	0.4136451	0.2050505	4.789444	-0.05328102	0.8095619
2.42	-0.2998252	-0.4067631	0.471255	0	0.3875122	0.230098	4.422745	-0.03801384	0.8912274
2.44	-0.1519079	-0.2701836	1.240602	0	0.3627224	0.1833006	7.564845	-0.08381538	1.815856
2.46	-0.178343	-0.2701836	1.053423	0	0.4268908	0.2224062	5.223187	0.0841236	1.021372
2.48	-0.1828069	-0.2701836	1.007826	0	0.4483683	0.2907672	4.30427	0.09939077	1.213416
2.5	0.07722577	-0.06531429	2.239551	0	0.4178528	0.2277473	4.858429	-0.05328102	1.255988
2.52	-0.2390836	-0.3384733	0.5625608	0	0.4033629	0.2694857	0.08516932	0.02305488	-0.2101396
2.54	-0.2589809	-0.3384733	0.5145166	0	0.3190401	0.2627513	4.071502	-0.02274666	1.526641
2.56	-0.2835948	-0.2701836	0.3702845	0	0.4245236	0.3629993	3.312931	-0.5265636	1.6539
2.58	-0.2560335	-0.4067631	0.6278445	0	0.3210081	0.1383333	8.983755	0.06885641	1.909192
2.6	-0.1996236	-0.2701836	0.9007477	0	0.4365235	0.2089953	8.052691	0.1451923	1.744503
2.62	-0.1703626	-0.2701836	1.046915	0	0.5006413	0.2731451	6.733448	0.4963374	1.524089
2.64	-0.1122592	-0.2701836	1.356807	0	0.4753242	0.2290161	7.069152	0.1604595	1.385143
2.66	-0.09101182	-0.2701836	1.455705	0	0.4331394	0.1688289	6.883589	-0.02274666	1.022517
2.68	-0.2090182	-0.3384733	0.8493719	0	0.4314109	0.2155763	5.33245	-0.08381538	0.857762
2.7	-0.233391	-0.3384733	0.7577785	0	0.4268595	0.249768	6.277793	-0.1754185	1.50641
2.72	-0.1666454	-0.2701836	1.101641	0	0.452711	0.2545543	6.80088	0.02305488	1.658515
2.74	-0.2195948	-0.3384733	0.8506472	0	0.4627221	0.2498761	6.326545	0.0841236	1.315523
2.76	-0.1629697	-0.2701836	1.142185	0	0.4858362	0.2854809	6.387926	0.0841236	1.613381
2.78	-0.1217169	-0.2701836	1.34895	0	0.4648829	0.2350706	6.491796	0.02305488	1.311833
2.8	-0.1933758	-0.3384733	0.9920994	0	0.4401186	0.2167273	6.05888	0.02305488	1.058555
2.82	-0.1306134	-0.2701836	1.307647	0	0.4227954	0.203827	7.00228	-0.05328102	1.43774
2.84	-0.1378328	-0.2701836	1.23912	0	0.43089	0.2055849	6.056827	-0.007479484	1.091275
2.86	-0.2174669	-0.3384733	0.8393638	0	0.4230174	0.2261654	5.770522	0.007787696	1.140259
2.88	-0.2990488	-0.4067631	0.4842437	0	0.4165587	0.2295947	7.19676	-0.007479484	1.591527
2.9	-0.2168443	-0.3384733	0.9547523	0	0.4351242	0.1990849	9.559359	0.03832205	2.073003
2.92	-0.1695903	-0.2701836	1.175922	0	0.5319	0.2741693	7.664312	-0.03801384	1.657434
2.94	-0.1399301	-0.2701836	1.319644	0	0.5576235	0.3178245	6.243588	0.2673298	1.44159
2.96	-0.1466081	-0.3384733	1.320106	0	0.4793073	0.2211962	7.225406	-0.0685482	1.258661
2.98	-0.2049582	-0.3384733	1.024302	0	0.4842181	0.2547742	6.287805	-0.1296169	1.22569
3	-0.1937233	-0.3384733	1.107941	0	0.4593724	0.2332354	7.418666	-0.05328102	1.547311
3.02	-0.226845	-0.3384733	0.9440874	0	0.4931188	0.2734789	6.698646	0.05358881	1.479075
3.04	-0.2068172	-0.3384733	1.073979	0	0.4916305	0.2663603	7.500563	0.05358881	1.68893
3.06	-0.1849782	-0.3384733	1.2064	0	0.4829434	0.2260785	8.131967	-0.0685482	1.582365
3.08	-0.1747063	-0.3384733	1.269317	0	0.4759063	0.2005377	8.32879	-0.03801384	1.456348
3.1	-0.007926822	-0.2018938	2.067932	0	0.4577837	0.1518386	8.64049	0.0841236	1.393211
3.12	-0.1828587	-0.3384733	1.121923	0	0.4656484	0.2048467	4.992472	-0.03801384	0.4482571
3.14	-0.2514728	-0.3384733	0.7750389	0	0.4762638	0.3260475	4.758351	-0.03801384	1.408309
3.16	-0.2227502	-0.3384733	0.9580296	0	0.4526014	0.2760459	6.975721	0.02305488	1.820151
3.18	-0.200782	-0.3384733	1.090985	0	0.4499444	0.2144394	8.209671	0.02305488	1.67998
3.2	-0.1298652	-0.2701836	1.430831	0	0.4779025	0.2167854	8.078156	-0.05328102	1.580297
3.22	-0.1732233	-0.3384733	1.208789	0	0.4659988	0.1953431	7.608597	0.02305488	1.211749
3.24	-0.1200927	-0.2701836	1.457144	0	0.4704512	0.2157705	7.572502	0.06885641	1.444291
3.26	-0.1243132	-0.2701836	1.397251	0	0.4772898	0.2320579	6.38694	-0.03801384	1.158453
3.28	-0.1868509	-0.3384733	1.081938	0	0.444783	0.2188208	6.533214	-0.007479484	1.185269
3.3	-0.2718765	-0.4067631	0.6950879	0	0.4256813	0.20557	7.866572	-0.03801384	1.525743
3.32	-0.2033411	-0.3384733	1.079441	0	0.4441978	0.1876171	9.930965	-0.007479484	2.020991
3.34	-0.1812666	-0.3384733	1.205394	0	0.4798031	0.1714119	9.993715	0.02305488	1.687858
3.36	-0.1893262	-0.3384733	1.172516	0	0.5252239	0.224816	9.030083	0.1299247	1.594335
3.38	-0.2174483	-0.3384733	1.040954	0	0.5819249	0.3234199	7.489437	0.1757267	1.657874
3.4	-0.106651	-0.2701836	1.61611	0	0.5715691	0.3044117	8.074007	0.1451923	1.829843
3.42	-0.1359259	-0.3384733	1.474127	0	0.5205117	0.2225365	7.734723	-0.03801384	1.185212
3.44	-0.1216622	-0.2701836	1.508908	0	0.5301272	0.2794043	6.396774	-0.08381538	1.290369
3.46	-0.1604575	-0.2701836	1.266477	0	0.5536216	0.3627332	4.265902	0.06885641	1.206379
3.48	-0.2333082	-0.3384733	0.9066432	0	0.5304316	0.3825329	4.252243	-0.22122	1.428029
3.5	0.1492286	0.002975464	2.741638	0	0.5078426	0.3115549	5.730853	-0.05328102	1.828805
3.52	-0.2089557	-0.3384733	0.828185	0	0.4800339	0.3135272	0.07492256	-0.05328102	-0.3015026
3.54	-0.2434498	-0.3384733	0.695502	0	0.3806823	0.3167404	4.192376	0.09939077	1.653872
3.56	-0.3217896	-0.3384733	0.3061427	0	0.4494416	0.3652602	4.729628	-0.5112964	1.862466
3.58	-0.05693598	-0.2701836	1.723702	0	0.327937	0.06034884	12.42275	-0.2517543	2.415478
3.6	-0.2653267	-0.3384733	0.5944857	0	0.4989478	0.2242246	6.733166	0.3436657	0.941193
3.62	-0.1927541	-0.3384733	1.03565	0	0.480417	0.2361822	9.927567	0.9696196	2.214915
3.64	-0.1875679	-0.2701836	1.044818	0	0.6025543	0.354224	7.381526	-0.2822887	1.827854
3.66	-0.07637933	-0.2701836	1.646565	0	0.5537726	0.2643292	9.085161	0.3131309	1.862292
3.68	-0.1396615	-0.3384733	1.3358	0	0.5237524	0.2097876	8.28368	-0.1143497	1.191633
3.7	-0.1211995	-0.2701836	1.413367	0	0.5413513	0.2768914	7.412383	-0.02274666	1.499408
3.72	-0.2712063	-0.4067631	0.6909596	0	0.5378743	0.3064856	6.74964	0.007787696	1.398132
3.74	-0.1380897	-0.2701836	1.395376	0	0.5458449	0.3126556	8.702312	-0.2517543	2.227371
3.76	-0.1981161	-0.3384733	1.097504	0	0.5734712	0.3102358	7.326384	-0.007479484	1.506018
3.78	-0.1012163	-0.2701836	1.601239	0	0.5527647	0.2856965	8.38534	0.4505359	1.841656
3.8	-0.09457488	-0.2701836	1.605559	0	0.5445828	0.2611928	7.226571	-0.2059528	1.283475
3.82	-0.1129309	-0.2701836	1.47868	0	0.5322063	0.2874375	6.110786	0.05358881	1.223719
3.84	-0.1730982	-0.3384733	1.181672	0	0.4796921	0.249425	6.771629	-0.1143497	1.310908
3.86	-0.1767974	-0.3384733	1.181669	0	0.4456511	0.1990605	8.537078	-0.2059528	1.628083
3.88	-0.1964232	-0.3384733	1.087275	0	0.4684892	0.2028037	8.958439	-0.007479484	1.663924
3.9	-0.1741923	-0.3384733	1.22244	0	0.4763258	0.1817864	10.15292	0.05358881	1.819575
3.92	-0.1862857	-0.3384733	1.169561	0	0.521127	0.2154409	9.73287	0.3436657	1.726548
3.94	-0.1584281	-0.3384733	1.338968	0	0.5279824	0.2064452	10.40999	-0.1448841	1.83059
3.96	-0.126653	-0.2701836	1.474755	0	0.5964294	0.2936339	8.490808	-0.03801384	1.681474
3.98	-0.09550238	-0.2701836	1.621098	0	0.5918752	0.3045189	7.63864	0.114658	1.528981
4	-0.07454769	-0.2701836	1.710395	0	0.5469279	0.2622961	7.396797	0.05358881	1.326467
4.02	-0.1646793	-0.3384733	1.245787	0	0.5111752	0.2528416	6.808277	-0.02274666	1.164368
4.04	-0.1791951	-0.3384733	1.189733	0	0.4807507	0.2366562	8.185493	-0.1143497	1.644485
4.06	-0.1031421	-0.2701836	1.562339	0	0.4788692	0.1981404	9.240864	-0.007479484	1.735376
4.08	-0.197416	-0.3384733	1.066005	0	0.5156513	0.2445596	7.680231	-0.05328102	1.338545
4.1	-0.1271024	-0.2701836	1.421916	0	0.5290845	0.275918	8.486113	0.007787696	1.896876
4.12	-0.1205377	-0.2701836	1.431897	0	0.5502721	0.2829041	7.567499	0.09939077	1.532632
4.14	-0.09312713	-0.2701836	1.560446	0	0.5229976	0.2515511	7.883464	-0.0685482	1.508637
4.16	-0.08055817	-0.2701836	1.602907	0	0.4878018	0.2023048	8.127249	-0.0685482	1.34173
4.18	-0.09699526	-0.2701836	1.485471	0	0.4744642	0.1987007	7.75737	-0.08381538	1.258625
4.2	-0.09951517	-0.2701836	1.447171	0	0.4560072	0.1874428	8.0631	-0.03801384	1.358078
4.22	-0.2035173	-0.3384733	0.9155367	0	0.472855	0.2285462	7.593888	-0.02274666	1.38679
4.24	-0.1363036	-0.2701836	1.266503	0	0.4919951	0.2455687	9.086467	-0.02274666	2.006342
4.26	-0.168647	-0.3384733	1.128093	0	0.4926249	0.1951428	9.768499	0.05358881	1.681003
4.28	-0.115302	-0.2701836	1.39908	0	0.5328069	0.2297067	9.861329	0.05358881	1.879055
4.3	-0.1803447	-0.3384733	1.087325	0	0.5616845	0.2610511	8.968458	0.02305488	1.617157
4.32	-0.1557459	-0.3384733	1.264745	0	0.5478431	0.2381256	10.47488	0.007787696	1.989828
4.34	-0.09840016	-0.2701836	1.554956	0	0.5852767	0.2565552	9.919405	-0.02274666	1.846156
4.36	-0.1704668	-0.3384733	1.202688	0	0.6058947	0.2988384	8.429353	0.05358881	1.536668
4.38	-0.1336727	-0.3384733	1.442273	0	0.5587631	0.2436253	10.28611	0.007787696	1.92517
4.4	-0.134632	-0.3384733	1.458119	0	0.5502617	0.2035246	10.51104	0.06885641	1.685686
4.42	-0.1099073	-0.2701836	1.558133	0	0.6022571	0.2860118	8.863939	0.2062606	1.678349
4.44	-0.1183682	-0.3384733	1.540462	0	0.5472909	0.2179132	9.664724	0.1604595	1.558037
4.46	-0.1223694	-0.3384733	1.532737	0	0.5133399	0.170799	10.3756	-0.05328102	1.560285
4.48	-0.08506259	-0.2701836	1.689346	0	0.5359591	0.2032926	9.639927	-0.03801384	1.565812
4.5	-0.07585183	-0.2701836	1.701263	0	0.532577	0.2103513	8.818184	-0.02274666	1.376018
4.52	-0.0733386	-0.2701836	1.6813	0	0.509141	0.2016526	8.491113	0.0841236	1.321145
4.54	-0.1568769	-0.3384733	1.250074	0	0.4861068	0.1989525	8.370604	-0.05328102	1.298842
4.56	-0.1871939	-0.3384733	1.109479	0	0.4946262	0.2261576	9.210117	-0.03801384	1.769304
4.58	-0.1887743	-0.3384733	1.125446	0	0.5224745	0.2355652	10.08455	0.02305488	1.9795
4.6	-0.08197568	-0.2701836	1.674159	0	0.535657	0.198112	11.25573	0.03832205	2.035274
4.62	-0.159486	-0.3384733	1.275403	0	0.5716669	0.2310885	9.5054	-0.007479484	1.462375
4.64	-0.09330426	-0.2701836	1.613141	0	0.5849382	0.2714758	9.69743	-0.03801384	1.904628
4.66	-0.1845974	-0.3384733	1.152257	0	0.6169097	0.3270937	7.880918	-0.02274666	1.540544
4.68	-0.1556892	-0.3384733	1.350039	0	0.5831944	0.2961704	9.67867	0.05358881	2.051567
4.7	-0.2245557	-0.4067631	1.055336	0	0.5779235	0.2607202	10.27631	-0.02274666	1.872541
4.72	-0.2397765	-0.4067631	1.045305	0	0.603406	0.2805651	11.32139	-0.05328102	2.254064
4.74	-0.1953978	-0.4067631	1.349644	0	0.6038038	0.2227422	13.22562	0.05358881	2.360736
4.76	-0.1148678	-0.3384733	1.781204	0	0.6387171	0.2139678	13.04171	0.05358881	2.110624
4.78	-0.09419051	-0.3384733	1.886848	0	0.6467422	0.2173404	11.69761	0.02305488	1.657588
4.8	0.005613446	-0.3384733	2.414426	0	0.5202269	0.03704579	13.96281	0.06885641	1.503429
4.82	-0.1724812	-0.2701836	1.369142	0	0.7112225	0.3966633	5.16656	0.09939077	0.8454264
4.84	-0.238288	-0.4067631	1.100949	0	0.6330225	0.4174294	6.960316	-0.03801384	1.911272
4.86	-0.03216372	-0.2701836	2.171138	0	0.535951	0.2181111	11.19049	-0.1143497	2.229356
4.88	-0.08456142	-0.2701836	1.813301	0	0.5765631	0.2396498	7.747384	0.03832205	1.046197
4.9	-0.1565803	-0.2701836	1.379421	0	0.6247196	0.4094226	4.867455	0.1757267	1.355226
4.92	-0.07148629	-0.3384733	1.862046	0	0.4415266	0.1492298	10.40894	-0.2364872	1.789721
4.94	-0.1399363	-0.2701836	1.422119	0	0.524403	0.2431396	7.406425	0.03832205	1.246083
4.96	-0.3080626	-0.4067631	0.5849284	0	0.5630051	0.3620857	6.755941	0.06885641	1.71071
4.98	-0.1694117	-0.3384733	1.363155	0	0.5250745	0.2599644	11.67296	-0.03801384	2.709827
5	-0.1592962	-0.3384733	1.419149	0	0.5736776	0.2176226	11.46357	-0.05328102	1.971592
5.02	-0.1893965	-0.3384733	1.26785	0	0.6503679	0.3246249	9.81916	0.7406119	1.959058
5.04	-0.1603443	-0.3384733	1.450896	0	0.6635188	0.3434136	10.14624	3.061222	2.166882
5.06	-0.07922401	-0.2701836	1.857505	0	0.6783524	0.3432813	9.629799	-0.1601513	1.99998
5.08	-0.1359486	-0.2701836	1.52193	0	0.7422473	0.4730208	5.750233	0.2062606	1.531687
5.1	-0.1155031	-0.3384733	1.673647	0	0.6244662	0.3538437	8.159426	0.1604595	1.843466
5.12	-0.07427737	-0.2701836	1.855056	0	0.5933221	0.2985082	8.287407	-0.3738918	1.646107
5.14	-0.1061808	-0.2701836	1.639342	0	0.597684	0.330658	6.751876	-0.3280903	1.40098
5.16	-0.1022042	-0.2701836	1.628567	0	0.5664867	0.3226284	7.004211	0.05358881	1.586454
5.18	-0.1954594	-0.3384733	1.144809	7	0.5577368	0.330873	7.75617	0.007787696	1.812685
5.2	-0.1270649	-0.2701836	1.487363	7	0.5740935	0.3207258	10.74138	-0.08381538	2.634289
5.22	-0.1699378	-0.3384733	1.279608	7	0.6127809	0.28713	12.7148	0.05358881	2.606054
5.24	-0.1082366	-0.2701836	1.593407	7	0.7077154	0.3423131	14.60761	0.7558795	3.207703
5.26	0.02098747	-0.2701836	2.279477	7	0.7004684	0.1964334	18.83521	1.549772	3.260751
5.28	-0.0948496	-0.3384733	1.683048	7	0.8184772	0.2848388	17.70342	4.542139	2.861365
5.3	-0.006537542	-0.2701836	2.167159	7	0.9029592	0.3616211	20.06178	2.786413	3.881425
5.32	-0.09617081	-0.3384733	1.749177	7	1.048012	0.4885038	19.13975	3.152825	3.75246
5.34	-0.08208936	-0.3384733	1.918161	7	1.161917	0.6003658	20.82063	3.931452	4.619787
5.36	1.028259	0.6858721	7.227709	7	1.349326	0.6646453	19.36932	4.099391	4.887464
5.38	1.067779	0.6175833	6.825273	7	1.355808	0.723228	0.5481367	5.580306	-0.9804535
5.4	0.8477608	0.6175833	5.13008	7	1.208711	1.129321	-13.48509	4.206261	-1.151541
5.42	-0.3729849	-0.6799221	-0.907602	7	0.5247037	0.6564425	-3.162858	-12.38916	0.1777906
5.44	0.275079	0.4127131	2.250726	7	0.6899978	0.8361557	11.80617	-11.36626	7.059597
5.46	0.5380733	0.3444233	3.378782	7	0.7751636	0.4142268	17.10753	-3.83954	4.287903
5.48	0.477709	0.3444233	2.798826	7	1.022	0.6293178	13.13568	10.90855	3.407715
5.5	0.7142507	0.4127131	3.856817	7	1.01244	0.5472414	18.01366	9.809314	4.33246
5.52	0.7500658	0.4127131	3.836216	7	1.054547	0.4845248	18.0186	6.878016	3.435989
5.54	0.5925972	0.3444233	2.867762	7	1.17892	0.6846376	15.84202	1.717711	3.649438
5.56	0.535086	0.3444233	2.503227	7	1.320828	0.8984758	16.71014	2.832215	4.985649
5.58	0.5791865	0.3444233	2.727829	7	1.432178	0.9486133	19.8986	-0.5418305	5.784875
5.6	0.5625993	0.2761335	2.692954	7	1.542223	0.95803	22.58549	0.3283985	5.97688
5.62	0.6724365	0.3444233	3.300995	7	1.671404	0.9966487	25.16367	3.18336	6.467875
5.64	0.8078181	0.4127131	4.001929	7	1.7878	1.016746	25.81191	4.847482	6.23258
5.66	0.8641949	0.4127131	4.285746	7	1.854376	1.038002	25.19394	5.580306	5.794285
5.68	0.6821862	0.3444233	3.350807	7	2.021067	1.318741	20.59017	7.67191	5.732915
5.7	0.5748746	0.2761335	2.918545	7	2.132019	1.536282	20.90568	5.961986	7.050118
5.72	0.6281273	0.2761335	3.360197	7	2.19641	1.540759	24.71536	4.038322	7.943251
5.74	0.6948825	0.3444233	3.804654	7	2.350055	1.626506	24.80465	3.045956	7.918002
5.76	0.7011367	0.2761335	3.979381	7	2.417698	1.640663	25.68577	5.916185	7.833634
5.78	0.6856828	0.3444233	3.97936	7	2.604654	1.881124	22.68952	7.99252	8.008357
5.8	0.7987755	0.3444233	4.692019	7	2.612071	1.854272	24.68517	4.923818	8.358158
5.82	0.5727327	0.2761335	3.606657	7	2.82121	2.170032	18.56048	7.030688	7.882306
5.84	1.748469	1.300479	9.346399	7	2.881068	2.182796	20.00549	3.641375	9.397871
5.86	0.2642453	0.002975464	1.700916	7	2.978873	2.553216	-2.73556	4.313131	3.00737
5.88	0.3787531	0.002975464	2.806195	7	2.523463	2.299905	21.59914	3.549772	11.34455
5.9	0.685329	0.9590311	4.076274	7	3.383959	3.213731	6.469397	-1.610533	10.8274
5.92	1.203531	0.4810038	6.994263	7	2.798198	2.140971	24.79115	-0.4502277	9.891309
5.94	1.316964	0.6858721	7.383989	7	2.699991	1.80716	22.39258	9.824581	6.834201
5.96	0.8362659	0.2761335	4.885648	7	2.571826	1.803175	20.49928	9.977253	6.333103
5.98	0.3303911	0.2761335	2.292175	7	2.957165	2.594855	14.34931	2.358932	9.203377
6	1.026973	0.9590311	5.780339	7	3.300485	2.982132	17.56189	-1.198319	12.6156
6.02	1.384307	0.9590311	7.450743	7	3.310153	2.703278	15.38965	-1.793739	9.266569
6.04	1.001782	0.6175833	5.392442	7	3.267426	2.780299	8.403597	9.778779	7.427641
6.06	0.3809779	0.4127131	2.259667	7	3.51051	3.470505	1.438601	5.305498	9.685442
6.08	1.468822	1.300479	7.747181	7	3.524036	3.373993	12.7796	-0.03801384	13.55468
6.1	1.357155	0.9590311	6.949064	7	3.453244	3.006358	5.760159	0.5116042	7.816151
6.12	0.692215	0.3444233	3.664244	7	3.214938	2.947389	7.926917	8.420001	8.538531
6.14	1.059048	1.300479	5.233471	7	3.78931	3.879405	0.5517111	-1.183052	12.39201
6.16	1.0028	0.6858721	5.093273	7	3.524609	3.345118	9.055878	1.030688	11.05092
6.18	1.810427	1.300479	9.066971	7	3.304938	2.77892	19.92776	3.122292	11.47952
6.2	2.173808	1.983377	10.06956	7	3.715754	3.306069	-2.783149	6.160459	7.173611
6.22	1.838269	1.23219	8.042102	7	3.105061	2.844314	-2.54981	3.045956	5.558002
6.24	1.814299	1.983377	7.120797	7	3.427236	3.74908	-19.01387	-3.366258	7.312152
6.26	2.514137	2.324824	10.02163	7	3.061584	3.392358	-14.31672	-11.27465	8.051746
6.28	3.391659	2.871142	13.43992	7	2.476624	2.489872	-12.40665	-11.99221	4.400147
6.3	3.915757	3.21259	14.6808	7	1.738704	1.629994	-16.73751	-4.282289	-0.3452044
6.32	3.013397	2.597983	8.757134	7	1.105124	1.366074	-25.86917	-13.24412	-3.116259
6.34	3.866562	4.168647	11.30292	7	1.247973	2.137552	-33.19152	-21.91588	2.364677
6.36	3.518277	3.622329	8.03235	7	0.9079152	1.850817	-39.14985	-33.32045	-1.207166
6.38	4.634495	3.895488	12.61125	7	-0.4487968	-0.1536898	0.4566631	-19.42732	1.561807
6.4	4.775345	4.510095	11.32605	7	-0.469516	-0.4868842	-9.333813	-17.01511	-4.145038
6.42	5.625675	4.851542	13.89428	7	-1.235201	-1.504655	6.360951	-14.95404	-3.677464
6.44	5.6298	5.466149	11.54178	7	-1.005497	-1.034589	-15.45978	-10.86244	-7.520534
6.46	5.990052	5.739308	11.32769	7	-1.322142	-1.03174	-16.89513	-20.35862	-6.128535
6.48	5.08887	5.124701	5.032973	7	-1.488213	-0.9145863	-22.2341	-26.96931	-6.987229
6.5	5.347403	5.739308	4.850733	7	-1.320489	-0.4804219	-13.49325	-23.12198	-0.6706448
6.52	4.568272	4.851542	-0.005586267	7	-1.244698	-0.6488997	-2.709571	-19.12198	-0.488287
6.54	5.954618	5.807599	6.285431	7	-1.299169	-1.39278	31.37648	6.587941	5.288301
6.56	6.413265	6.422206	7.136261	7	-0.46731	-0.9927584	13.88374	9.839849	-1.111549
6.58	6.194314	6.149047	4.907979	7	-0.1185242	-0.3098291	-0.9079893	28.54214	-2.317484
6.6	5.646667	5.807599	1.438008	7	0.09258756	0.3338217	-6.965197	23.33603	-0.2624435
6.62	6.57283	6.763654	5.385036	7	0.3316581	0.6300906	-2.689652	7.213894	3.543008
6.64	7.463709	7.309972	8.82061	7	0.3222876	0.3225966	-9.464895	-6.022746	-0.8660316
6.66	7.687421	7.036813	8.955243	7	-0.4311882	-0.6266588	-9.037718	-3.259388	-5.472243
6.68	6.899967	6.695365	3.915638	7	-0.7657452	-0.5856035	-18.24398	10.25206	-6.806643
6.7	7.004512	7.309972	3.402277	7	-0.6658096	0.009131193	-20.28608	-1.427327	-2.053489
6.72	6.671607	6.968522	0.9684371	7	-0.6837618	0.02564524	-18.51641	-8.114349	-1.812156
6.74	7.542165	7.65142	4.638804	7	-0.7909805	-0.3341851	-4.847333	-18.43496	0.7630339
6.76	7.666714	7.583131	4.370913	7	-0.8728245	-0.7690954	-6.241831	-19.19832	-3.41431
6.78	7.310756	7.309972	1.843096	7	-0.9499742	-0.7458353	-7.314038	4.816947	-3.596398
6.8	7.09095	7.309972	0.185035	7	-0.8212636	-0.4625667	-4.859347	4.725345	-1.084349
6.82	7.1113	7.105102	0.09293751	7	-0.9193331	-0.8245129	10.30599	-1.350991	0.8367119
6.84	7.096801	7.036813	-0.127196	7	-0.7851965	-1.038025	20.36616	-1.350991	1.266889
6.86	7.260415	7.105102	0.6079307	7	-0.5465218	-1.085048	27.79792	2.96962	1.939219
6.88	8.559281	8.402606	6.537714	7	-0.0004090071	-0.6999876	20.73946	10.71008	1.549296
6.9	8.004522	7.583131	3.20543	7	-0.0224379	-0.658252	1.893147	9.763513	-5.228308
6.92	7.91396	7.65142	2.448276	7	-0.2428873	-0.4381456	0.7498689	11.99252	-2.272361
6.94	7.51408	7.583131	0.101589	7	-0.1431641	-0.05334714	-6.314175	3.763513	-1.815525
6.96	7.644507	7.583131	0.7053819	7	-0.3244492	-0.2488557	3.37012	-5.366258	0.6189137
6.98	9.110387	9.017213	7.392806	7	-0.1671601	-0.3286299	1.133017	-8.816639	0.0101614
7	8.458011	8.197738	3.323221	7	-0.3816302	-0.4786973	-19.27482	-9.915875	-7.943415
7.02	8.009474	8.197738	0.4981693	7	-0.5264375	0.07589118	-26.45207	5.809314	-4.500861
7.04	7.605511	8.197738	-1.977056	7	-0.3841025	0.6408941	-31.35483	1.274963	-1.882299
7.06	7.882401	8.197738	-0.6710596	7	-0.6392505	0.2045044	-15.58525	-9.121983	0.7738743
7.08	7.692963	7.924579	-1.730019	7	-0.7110092	-0.2190626	-7.933078	-15.47313	-0.5420952
7.1	6.983234	7.105102	-4.967791	7	-0.8507487	-0.6074715	7.619563	-16.40442	0.7940292
7.12	7.672153	7.036813	-0.6881571	7	-1.481375	-2.244721	54.76552	4.984886	5.023449
7.14	8.482767	7.924579	3.286408	7	-0.9687886	-2.544084	57.29536	17.2139	1.267288
7.16	9.311156	8.812345	6.759798	7	-0.246484	-1.758705	32.65514	15.91618	-2.781238
7.18	8.365864	8.197738	1.353284	7	0.2293634	-0.4280076	-6.684449	20.80168	-7.183277
7.2	8.214985	8.197738	0.4919187	7	0.08481013	0.2301321	-11.85591	9.168093	-2.042302
7.22	9.840068	9.63182	8.113679	7	-0.1851017	-0.1420283	-10.04011	-8.862441	-1.454909
7.24	7.93872	7.856288	-1.994532	7	-0.5528103	-0.2446381	-34.98183	-17.73267	-10.78004
7.26	6.820247	6.968522	-7.073085	7	-1.259534	-0.4498325	-7.301096	-19.8548	-0.5747919
7.28	7.828431	7.924579	-1.568631	7	-1.313576	-1.228046	28.5657	-21.22885	5.667072
7.3	8.721317	8.402606	2.79374	7	-1.045473	-1.919274	35.17161	-19.33572	0.58568
7.32	8.125377	7.924579	-0.4850882	7	-0.5993488	-1.40657	16.67939	13.06122	-4.051875
7.34	6.882412	7.036813	-6.398408	7	-0.2488883	-0.4398163	10.10504	22.87801	-0.5564375
7.36	6.929531	7.036813	-5.270492	7	-0.04935505	-0.2718251	30.31068	10.67954	6.549068
7.38	6.872078	7.105102	-4.859461	7	0.7164192	0.2124955	29.63308	-0.4349605	6.467238
7.4	7.754049	7.105102	0.6148715	7	0.5366257	-0.6802037	52.41898	2.236795	7.048429
7.42	8.627285	7.856288	5.215034	7	0.7823819	-0.8978842	43.18885	34.81694	1.662162
7.44	8.090321	7.856288	2.200238	7	1.408462	0.4529717	0.5009327	30.74061	-3.671011
7.46	8.0839	7.924579	2.203416	7	1.273391	1.171086	-14.45417	13.62611	-1.105367
7.48	8.178948	7.924579	2.717309	7	0.7379227	0.8557433	-17.38228	-7.076181	-1.774589
7.5	8.64364	8.470897	4.70016	7	0.3001883	0.543509	-22.49034	-16.58763	-3.060454
7.52	7.806176	7.65142	0.2243037	7	-0.3413451	0.07858743	-27.15069	-21.59526	-6.172303
7.54	8.07448	8.129447	1.326862	7	-0.7792574	-0.1935909	-16.27605	-23.809	-1.970556
7.56	8.133202	8.197738	1.186574	7	-0.9911653	-0.5926011	-13.59325	-25.25939	-3.47507
7.58	7.909436	7.856288	-0.1998189	7	-1.329935	-1.076752	-5.196246	-24.34336	-3.651403
7.6	8.11509	7.924579	0.6601083	7	-1.64104	-1.698883	10.66804	-14.26702	-2.261248
7.62	7.45602	7.924579	-3.155769	7	-0.9340284	-0.7435511	-5.726765	12.22153	-3.159772
7.64	7.511806	7.856288	-2.813229	7	-0.695081	-0.3552854	1.441499	10.52687	1.242954
7.66	8.69561	8.744054	2.961805	7	-0.5176665	-0.5785164	7.640635	5.015421	1.344647
7.68	9.329023	9.085504	5.491576	7	-0.5132955	-0.8271518	-6.066949	1.916184	-5.050323
7.7	8.471852	8.197738	0.7211931	7	-0.9553777	-0.946967	-18.23235	9.427634	-8.747665
7.72	8.144792	8.197738	-1.136967	7	-1.28252	-0.856273	-12.96988	14.03832	-4.340954
7.74	8.807376	9.085504	1.672433	7	-1.14751	-0.695612	-12.62354	1.946719	-2.488896
7.76	8.983219	9.085504	1.920749	7	-1.218624	-0.8592484	-19.31174	-12.12962	-5.834766
7.78	8.278384	8.197738	-1.840817	7	-1.750334	-1.382882	-13.32684	-21.47313	-6.726877
7.8	8.134412	8.197738	-2.598918	7	-1.998646	-1.708435	3.16102	-23.61053	-2.877613
7.82	8.237698	8.266026	-2.111637	7	-1.944083	-2.029661	16.24734	-21.809	-1.770289
7.84	7.49437	7.378261	-5.517376	7	-1.898859	-2.337434	28.64113	-14.26702	-1.894889
7.86	8.52849	8.266026	-0.01628292	7	-1.62852	-2.526785	48.82158	14.23679	2.60164
7.88	8.547399	8.539186	-0.2393455	7	-0.6599048	-1.643645	24.24658	21.99252	-2.728643
7.9	8.760027	8.470897	0.8602163	7	-0.5006981	-1.228014	16.55183	18.96962	-2.435796
7.92	6.905268	7.036813	-8.072732	7	-0.2292902	-0.4011563	-0.4151779	22.45053	-3.842284
7.94	7.56826	7.787999	-3.893145	7	-0.06247191	-0.02407619	19.80804	11.38183	6.338091
7.96	8.136376	8.129447	-0.6363393	7	0.3140292	-0.16414	17.54587	-2.32809	2.661841
7.98	8.431184	8.129447	1.108332	7	0.3259957	-0.2858028	10.72491	-7.121983	-0.6623125
8	7.981359	8.129447	-1.197775	7	0.6850855	0.6181599	-14.73553	18.78641	-2.84175
8.02	7.927443	8.129447	-1.262567	7	0.6006551	1.04009	-21.60965	21.07649	-0.698554
8.04	7.925432	8.129447	-1.094106	7	0.3863807	0.9627745	-24.03486	5.870382	-0.8974104
8.06	8.262691	8.197738	0.7685584	7	-0.1529772	0.2499998	-15.66917	-9.076181	-1.365304
8.08	8.295673	8.197738	0.8364698	7	-0.5633976	-0.3172021	-14.60619	-12.32809	-3.789742
8.1	8.3174	7.924579	0.9688129	7	-1.307122	-1.319491	-0.6481304	-1.213586	-4.34995
8.12	7.875631	7.992867	-1.575708	7	-1.214565	-1.081483	-7.252359	0.06885641	-4.864224
8.14	6.74376	6.968522	-6.967752	7	-1.267427	-0.943179	0.07828236	-4.114349	-2.201761
8.16	6.652926	7.036813	-6.782495	7	-0.9656389	-0.7702993	20.126	-6.92351	4.328363
8.18	6.884691	7.036813	-4.908185	7	-0.4965017	-0.8933012	34.72341	-11.51893	5.35384
8.2	8.293956	7.924579	2.584813	7	-0.172183	-1.276282	44.56733	-13.7632	4.443439
8.22	7.603903	7.036813	-0.6671796	7	0.00491792	-1.288195	27.31781	16.63374	-3.42398
8.24	8.004805	7.856288	1.405889	7	0.4094186	-0.2765208	13.52271	31.58031	0.002192497
8.26	7.683638	7.924579	-0.4006971	7	0.9589062	0.9134495	-17.49874	16.69481	-2.433877
8.28	7.672359	7.924579	-0.3782769	7	0.9021651	1.449855	-28.86383	-0.0685482	-0.8949165
8.3	7.762532	7.924579	0.1635919	7	0.5230995	1.223381	-30.83613	-8.465495	-1.353067
8.32	7.83175	7.856288	0.5434318	7	-0.05178082	0.5860834	-26.46538	-15.04565	-2.43936
8.34	7.738638	7.924579	-0.1175971	7	-0.3576798	0.3330688	-27.86887	-17.85481	-3.35885
8.36	8.039668	7.924579	1.308777	7	-1.017624	-0.561582	-13.82315	-4.389159	-3.065206
8.38	7.787352	7.924579	-0.3692935	7	-1.133082	-0.7186007	-17.23179	4.26733	-5.012332
8.4	7.527031	7.924579	-2.019649	7	-1.040787	-0.3751352	-20.29091	-2.862441	-3.492849
8.42	6.579297	7.036813	-6.616021	7	-1.060628	-0.2984163	-13.91281	-5.045647	-1.738943
8.44	6.748338	7.036813	-5.174363	7	-1.112719	-0.7143233	13.55305	-8.190685	3.833518
8.46	7.05705	7.036813	-3.110206	7	-0.937917	-1.317653	31.47816	-11.22885	3.258931
8.48	7.65906	7.036813	0.4398496	7	-1.04676	-2.244042	50.70636	6.587941	1.848453
8.5	8.305772	7.924579	3.43223	7	-0.3991539	-1.727894	34.05681	29.47344	-1.550722
8.52	8.488759	8.197738	3.853508	7	0.02914926	-0.8343356	5.281133	19.4429	-5.013891
8.54	8.432953	8.197738	3.143687	7	-0.07232138	-0.3031858	-14.96411	7.137558	-6.242395
8.56	8.896689	8.744054	4.880221	7	-0.4284678	-0.2101383	-26.39638	-4.892976	-6.415513
8.58	7.948444	7.924579	-0.3737437	7	-1.000971	-0.3916967	-37.41762	-15.90061	-9.466369
8.6	6.958757	7.036813	-5.155124	7	-1.78959	-0.9637656	-17.14751	-22.37389	-4.593032
8.62	7.758428	7.856288	-1.032829	7	-2.023828	-1.703823	12.66589	-31.9006	0.8366404
8.64	8.401008	8.470897	1.668584	7	-1.626812	-1.854024	9.515572	-36.8777	-3.164795
8.66	8.711898	8.470897	2.69217	7	-1.65081	-2.014914	4.441928	-26.51129	-6.213186
8.68	8.719375	9.290372	1.565439	7	-0.8165295	-0.3986949	-33.35284	24.84748	-7.850592
8.7	6.861042	7.856288	-8.169303	7	-0.4899366	1.047105	-60.55736	23.99252	-7.419954
8.72	6.666397	7.856288	-8.687695	7	-0.4707295	1.571864	-42.76603	4.068856	3.111685
8.74	8.470227	8.744054	0.797363	7	-0.953764	-0.05841774	-5.529886	-20.35862	4.506026
8.76	10.00491	9.63182	7.863204	7	-1.300322	-1.51024	-5.57198	-21.44259	-5.60734
8.78	7.979179	7.309972	-2.586066	7	-2.305477	-2.563153	-12.0225	21.76351	-14.47783
8.8	7.531115	7.65142	-4.783243	7	-2.513953	-2.209784	5.745016	38.49634	-3.83449
8.82	5.832963	7.036813	-13.22908	7	-1.270661	-0.4554589	-9.432558	21.45817	-0.9270897
8.84	5.392015	7.036813	-14.54633	7	0.1778798	1.487258	-5.478134	-4.496029	9.706158
8.86	6.46727	7.036813	-7.575535	7	0.5773993	0.8841562	28.5391	-27.7632	13.28606
8.88	7.44872	6.968522	-1.347236	7	0.5329173	-0.5726066	49.79504	-32.14488	7.40238
8.9	8.713027	7.105102	5.973635	7	-0.2725468	-2.618374	72.63038	-1.747938	1.344403
8.92	8.595798	6.968522	5.559361	7	-0.6631778	-3.331217	60.64565	27.64137	-6.895994
8.94	10.27327	9.017213	13.19799	7	-0.6273825	-2.799341	37.60307	22.54214	-7.221329
8.96	7.934316	7.309972	0.5341465	7	-0.6402918	-1.630106	-18.47931	26.43527	-17.17643
8.98	8.442204	8.266026	2.802398	7	-1.145533	-0.9201897	-13.10669	5.748245	-4.815254
9	7.776218	8.197738	-1.261397	7	-0.9253979	-0.2617882	-36.43356	-15.35099	-7.946663
9.02	6.725101	7.241681	-6.47887	7	-1.193937	-0.04633826	-31.63576	-32.6029	-4.095529
9.04	4.40033	4.851542	-16.76747	7	-1.719572	-0.7810668	6.551249	-39.03038	1.834381
9.06	7.255009	7.309972	-1.193057	7	-1.519282	-1.943322	72.58835	-36.12961	15.03426
9.08	8.771512	7.309972	6.767158	7	-1.65741	-4.343291	90.37277	5.671909	-0.07842541
9.1	9.751116	8.129447	11.03676	7	-1.529647	-4.557544	69.00373	21.09176	-8.754602
9.12	8.710011	7.583131	4.919704	7	-1.399943	-3.487262	26.16772	23.83985	-14.59864
9.14	7.243434	6.968522	-2.758126	7	-1.288229	-1.922027	3.672944	24.4658	-9.218739
9.16	5.809484	6.149047	-9.455689	7	-1.048452	-0.8631694	6.385605	3.061222	-1.11226
9.18	5.832783	6.080756	-8.200249	7	-0.8229007	-0.9073752	36.83691	-15.91588	7.193405
9.2	7.578162	7.378261	1.20014	7	-0.2804843	-1.351304	54.1955	-29.18305	7.464001
9.22	8.194233	7.241681	4.480855	7	-0.2376909	-2.085384	46.68279	-22.63343	-2.016483
9.24	6.625697	6.353915	-3.373393	7	0.265663	-0.7810764	10.72575	24.40473	-5.979881
9.26	7.671194	7.65142	2.087067	7	0.5170677	0.2088866	8.115408	21.99252	2.44491
9.28	6.980465	6.968522	-1.344221	7	0.6218877	0.4988708	-14.03404	10.93908	-3.623193
9.3	6.642564	6.149047	-2.224244	7	-0.324183	-0.4582444	8.780839	7.442902	-0.2736435
9.32	6.520393	6.490495	-2.473971	7	-0.2479075	-0.4821172	12.67578	14.69481	0.8171129
9.34	6.898005	6.763654	-0.2765419	7	-0.1610291	-0.5721751	17.47895	7.015421	1.46896
9.36	5.962771	5.739308	-4.443694	7	-0.2052549	-0.7209091	18.00822	11.80931	-0.6991777
9.38	6.089085	5.739308	-2.933257	7	-0.3451372	-1.06478	40.02612	8.328398	4.316422
9.4	6.167717	6.080756	-2.100882	7	0.2977673	-0.6234608	35.22626	8.557405	3.517529
9.42	6.561591	6.080756	0.4631023	7	0.4291151	-0.7076085	38.80347	10.72534	3.271633
9.44	6.592752	6.353915	0.7854254	7	0.9319189	-0.03040954	20.17373	17.33603	0.805316
9.46	6.671643	6.422206	1.383089	7	1.062392	0.4684407	6.99971	11.80931	0.4228411
9.48	6.453062	6.353915	0.4239362	7	1.085056	0.8923076	-6.999681	5.213894	-0.47997
9.5	6.706226	6.422206	1.942761	7	0.6449068	0.5568225	-3.705889	-1.137251	0.256587
9.52	6.549945	6.422206	1.120493	7	0.4390484	0.445271	-10.39913	-2.709769	-1.750376
9.54	6.484674	6.422206	0.7668212	7	0.1717271	0.3491055	-10.91493	-3.167785	-1.240291
9.56	7.234191	7.309972	4.099632	7	0.156531	0.4333654	-16.49542	-6.05328	-1.124092
9.58	6.20999	6.149047	-1.239693	7	-0.2889991	0.080862	-22.83414	-9.030379	-5.342568
9.6	5.896391	6.149047	-2.728864	7	-0.5084811	0.1386036	-11.67928	-3.610533	0.09176064
9.62	5.690967	6.080756	-3.615441	7	-0.3582046	0.1498085	-3.121833	-9.595265	2.020088
9.64	7.019965	6.968522	3.099169	7	-0.3909173	-0.457669	14.44909	-10.32809	3.587796
9.66	6.740797	6.968522	1.066244	7	0.2029659	0.1555268	-13.69577	8.236794	-3.598248
9.68	6.803902	6.968522	1.110308	7	0.1579652	0.5815082	-20.71037	11.79405	-1.785917
9.7	5.775661	6.149047	-4.070906	7	0.08561331	0.8417537	-27.24637	0.5574062	-2.213153
9.72	6.824513	7.036813	1.318796	7	-0.1579338	0.4695064	-7.286128	-9.854807	3.509732
9.74	7.046528	7.036813	2.11139	7	-0.2586979	-0.1035444	-10.61839	-3.534197	-2.253398
9.76	6.08497	6.149047	-2.785714	7	-0.4711236	-0.1519236	-13.30417	9.916184	-3.508309
9.78	5.624851	6.080756	-4.88379	7	-0.3075134	0.290841	-6.086968	-2.740304	1.836372
9.8	5.810452	6.080756	-3.484778	7	-0.1855828	0.07000419	11.12385	-5.579998	4.799644
9.82	6.010862	6.080756	-2.077834	7	0.07154573	-0.1563658	19.71019	5.29023	4.103426
9.84	6.053061	6.080756	-1.551886	7	0.4597523	0.05259463	17.97604	16.89328	3.222472
9.86	5.993326	6.080756	-1.549778	7	0.8834268	0.5701414	10.65899	12.58794	3.120109
9.88	6.129019	6.080756	-0.4627759	7	1.022538	0.7417574	9.206121	13.59557	3.471878
9.9	6.037863	6.149047	-0.6888419	7	1.318791	1.218861	-2.166785	8.572673	2.4989
9.92	6.342122	6.149047	1.22842	7	1.067242	0.9365743	1.9267	0.8627498	2.816134
9.94	5.879635	5.807599	-0.8552365	7	0.9866458	0.9197842	-4.455301	1.458169	0.641717
9.96	5.886758	5.807599	-0.4347764	7	0.7848724	0.7955655	2.064878	-0.8166398	2.878007
9.98	5.717807	5.875888	-1.105877	7	0.9853836	1.06831	-3.189846	-1.045648	2.579069
10	6.848025	6.763654	4.567809	7	0.9403493	0.8940877	0.1133784	-2.572365	3.502961
10.02	6.309982	6.353915	1.487436	7	1.02511	1.145378	-23.41324	0.09939077	-2.979239
10.04	6.556319	6.422206	2.685235	7	0.4589462	0.8382578	-16.84157	0.5421386	-0.2340145
10.06	5.837275	6.080756	-1.165642	7	0.3810201	0.9743866	-25.87748	-2.465495	-1.997084
10.08	6.702852	7.036813	2.876602	7	0.3502614	1.100818	-21.28889	-8.999846	2.015675
10.1	7.524492	7.65142	6.201957	7	0.2436401	0.8028802	-31.21037	-15.42733	-2.63373
10.12	6.960084	6.763654	2.768283	7	-0.5553253	0.024555	-34.07599	-15.65633	-7.233619
10.14	6.049404	6.763654	-2.515825	7	-0.4344869	0.8899311	-46.95734	4.053589	-4.435471
10.16	6.605953	7.309972	-0.1097257	7	-0.5102627	0.9453834	-34.73868	-4.373891	1.130455
10.18	6.894011	7.309972	0.8506269	7	-0.670517	0.3531241	-28.74603	-15.58	-1.452436
10.2	7.788159	7.856288	4.681067	7	-1.031309	-0.4056507	-19.75474	-22.89297	-2.709852
10.22	6.438307	6.080756	-2.286238	7	-1.927673	-1.716285	-6.69656	-2.679235	-7.489392
10.24	7.048111	7.105102	0.4936115	7	-1.964541	-1.835072	15.04148	6.923818	-0.01372051
10.26	6.875512	7.036813	-0.8855709	7	-1.481129	-1.63964	10.77032	-3.747937	-2.645825
10.28	6.941319	7.036813	-0.7949213	7	-1.161552	-1.315736	13.03594	-9.106715	-0.8712549
10.3	7.135739	7.105102	0.02925834	7	-0.9299954	-1.232735	15.35083	-8.312823	-0.6496124
10.32	6.221877	6.080756	-4.296988	7	-0.9084722	-1.310287	19.75357	4.801681	-1.340307
10.34	7.330782	7.241681	1.425597	7	-0.5716547	-1.133148	32.3539	6.420001	3.948536
10.36	7.365801	7.309972	1.285029	7	0.04340368	-0.6259186	11.36012	5.000154	-1.834692
10.38	7.70279	7.309972	2.926118	7	-0.1311809	-0.6619573	9.139719	11.36657	-1.850443
10.4	6.740115	6.763654	-2.054213	7	0.02018536	-0.07503736	-8.964908	15.10703	-4.04751
10.42	6.480896	6.763654	-3.120184	7	0.1037006	0.4831156	-7.002649	-0.1296169	1.213693
10.44	6.509225	6.763654	-2.64381	7	0.2061103	0.4996981	-1.227676	-8.663967	2.704505
10.46	6.988313	6.763654	0.2044451	7	-0.084396	-0.2954853	15.14645	-0.2670215	2.597752
10.48	7.157858	6.763654	1.219401	7	-0.2294877	-0.8515828	19.11427	8.801681	-0.2868881
10.5	6.978966	6.763654	0.2995452	7	-0.1026813	-0.63528	11.88744	12.58794	-1.424472
10.52	6.476159	6.627074	-2.207649	7	0.2589192	0.1587025	-0.3072953	4.649009	-0.476058
10.54	6.779851	6.763654	-0.3801365	7	0.2245203	0.1746154	6.78512	-1.961678	2.420553
10.56	6.925776	6.831944	0.4683398	7	0.2578115	0.03683323	5.393499	-1.213586	0.631671
10.58	8.418177	8.266026	7.472811	7	0.3829331	0.1287786	-3.354357	4.328398	-0.3127613
10.6	7.499281	7.309972	2.211838	7	0.1318124	0.1887772	-31.40348	2.725345	-8.789735
10.62	7.359863	7.378261	1.220645	7	-0.4443406	0.2382261	-29.06546	-0.6945024	-4.176225
10.64	7.144592	7.378261	-0.2270371	7	-0.7458524	0.04929961	-27.45975	-6.694502	-3.686673
10.66	7.05717	7.378261	-0.9685714	7	-0.9249671	-0.117857	-21.94056	-16.26702	-2.424243
10.68	8.904654	9.085504	7.448298	7	-0.9317617	-0.4009327	-18.31709	-24.28229	-1.689885
10.7	6.376138	6.080756	-5.457528	7	-1.815284	-1.511975	-21.68303	-13.6716	-11.68141
10.72	5.632201	6.149047	-8.746795	7	-1.839579	-1.062801	7.311306	5.244429	2.110991
10.74	5.330477	6.080756	-9.622915	7	-1.017675	-0.6956223	27.02018	-4.694502	7.061997
10.76	5.579132	6.080756	-7.468096	7	-0.04931068	-0.3486303	42.92467	-8.770838	9.898211
10.78	7.116045	7.309972	0.7208203	7	1.077608	0.2202501	40.35643	22.40473	9.355869
10.8	8.403825	8.266026	6.88595	7	1.898605	0.9652387	5.421404	31.73298	1.184882
10.82	7.033893	6.695365	0.03008842	7	1.573488	1.333769	-27.73897	37.29023	-6.385941
10.84	6.381137	6.763654	-2.963954	7	1.396155	2.274545	-37.68426	23.65664	0.08748627
10.86	6.33584	6.695365	-2.67516	7	1.005287	2.001686	-27.67261	-5.396792	3.152786
10.88	6.481605	6.695365	-1.520586	7	0.669926	1.348954	-16.29809	-20.41969	2.955069
10.9	8.218929	8.197738	6.929668	7	0.5071293	0.7547054	-12.02151	-25.90061	1.821939
10.92	8.176624	7.378261	6.276428	7	-0.5496978	-0.8395021	-13.52949	2.572673	-8.107821
10.94	7.370008	7.309972	1.455553	7	-0.8602939	-0.5173875	-29.22748	7.12229	-8.730575
10.96	7.252287	7.309972	0.4650219	7	-1.359181	-0.7013422	-19.26166	-0.1296169	-4.319005
10.98	6.86114	7.309972	-2.007452	7	-1.244545	-0.4802285	-20.61325	-8.175419	-3.531356
11	6.917156	7.309972	-1.944346	7	-1.220489	-0.5247871	-10.38172	-21.21359	-0.7864571
11.02	7.696285	7.856288	1.631581	7	-1.178267	-0.8895548	-0.8088183	-28.6029	-0.572257
11.04	6.147521	6.149047	-6.047761	7	-1.354846	-1.278263	1.664355	-29.19832	-4.487268
11.06	6.498219	6.080756	-3.414939	7	-1.908897	-2.387721	49.58719	6.068857	4.338691
11.08	6.336428	6.149047	-3.855544	7	-1.23651	-2.43325	57.34097	17.03069	2.651069
11.1	7.475319	7.241681	1.972478	7	-0.3084324	-1.731947	54.98702	4.068856	4.292881
11.12	7.387846	7.309972	1.242532	7	0.728933	-0.3992772	18.44828	19.51924	-1.504925
11.14	7.121752	6.763654	0.2030491	7	0.6601129	0.02746189	9.100343	19.21389	-0.9010906
11.16	6.883996	6.695365	-0.670086	7	0.5893726	0.2629944	4.19017	18.03832	0.02174091
11.18	6.630539	6.763654	-1.715836	7	0.7865434	0.8046028	-5.020855	5.137558	0.9155369
11.2	6.85428	6.763654	-0.1827031	7	0.5687638	0.5627124	1.275339	-7.656334	2.123218
11.22	7.114727	6.695365	1.462206	7	0.1192562	-0.254088	11.0607	0.7558795	0.4908018
11.24	6.941727	6.695365	0.6207055	7	0.05362698	-0.3391207	6.35075	0.5879401	-1.436491
11.26	6.775925	6.763654	-0.2294643	7	0.1581087	0.03490156	-0.1340294	2.664276	-0.6791515
11.28	7.994147	8.197738	5.345493	7	0.5505112	0.6889208	-14.12387	-1.6258	0.1984806
11.3	7.404542	7.309972	1.921615	7	0.1941333	0.501027	-32.15708	-1.503663	-6.524376
11.32	7.283187	7.309972	1.067389	7	-0.3909442	0.308291	-28.57729	-1.793739	-3.737638
11.34	7.014647	7.309972	-0.635644	7	-0.6186349	0.2152143	-28.64801	-3.121983	-3.354299
11.36	6.851983	7.241681	-1.683629	7	-0.7573877	0.1237907	-23.28027	-10.35862	-1.765532
11.38	7.017705	7.309972	-0.9975635	7	-0.88664	-0.215874	-12.74221	-18.7861	-0.6057367
11.4	7.375984	7.309972	0.6982291	7	-1.196664	-1.019229	2.212414	-19.7174	-1.239428
11.42	7.298133	7.378261	-0.06676623	7	-1.050971	-1.017164	-0.9226496	6.649009	-3.079859
11.44	6.278133	6.627074	-5.239266	7	-0.781221	-0.4603315	-6.144001	3.29023	-2.297377
11.46	6.433275	6.695365	-4.011152	7	-0.6818319	-0.4370226	13.16927	0.4047344	3.791823
11.48	6.838031	6.831944	-1.614985	7	-0.460443	-0.80373	25.14352	-1.366258	3.310278
11.5	6.916439	6.763654	-0.9728091	7	-0.1660263	-0.8209882	24.91974	9.702443	1.319366
11.52	7.679063	7.65142	2.708647	7	0.3753731	-0.1773431	12.12197	17.85511	0.9787207
11.54	7.063366	7.036813	-0.4925142	7	0.5656803	0.3594718	-9.792754	16.3284	-3.202095
11.56	6.993608	7.036813	-0.6561075	7	0.4023003	0.6263918	-10.70007	11.41237	-0.07763481
11.58	6.852955	7.036813	-1.253361	7	0.377355	0.7321831	-13.97624	-3.457861	-0.0219593
11.6	6.975196	7.036813	-0.4533564	7	0.1605467	0.4666003	-8.725704	-10.38916	0.5780468
11.62	7.187501	7.036813	0.7424237	7	-0.1778649	-0.1372348	-0.8153539	-0.6028995	-0.3298626
11.64	6.766621	6.968522	-1.507034	7	0.01094882	0.2117084	-11.17738	-0.1754185	-1.763635
11.66	6.864918	6.968522	-0.8785434	7	-0.1078988	0.1724448	-4.904548	0.3742	0.6455269
11.68	7.03391	7.036813	0.02405568	7	-0.199859	-0.1175046	-0.5703962	-1.610533	0.05809307
11.7	6.92889	6.968522	-0.5340827	7	-0.1764735	-0.1304146	-2.487869	0.1757267	-0.9179974
11.72	6.926935	6.968522	-0.5207867	7	-0.1879562	-0.1133663	-1.351137	-0.4349605	-0.3217812
11.74	7.800333	7.856288	3.538165	7	-0.04761887	-0.002048805	-5.271847	-0.9235098	-0.3002481
11.76	7.092631	7.036813	-0.2860395	7	-0.2342645	-0.100605	-17.24551	-1.534197	-5.11778
11.78	6.89363	7.036813	-1.309799	7	-0.4385049	0.02166445	-12.88667	0.1757267	-1.404295
11.8	6.858379	7.036813	-1.473505	7	-0.5143316	-0.1331977	-6.521059	-5.763205	-0.2994518
11.82	6.772272	7.036813	-1.922263	7	-0.3693045	-0.04745677	-5.268167	-11.39679	0.03089333
11.84	6.965994	6.968522	-0.7872839	7	-0.4882787	-0.416795	5.267956	-0.9082429	0.7461519
11.86	6.894536	6.968522	-1.139425	7	-0.319986	-0.3770546	4.048722	2.175726	-0.277545
11.88	6.990016	6.968522	-0.5600035	7	-0.2771922	-0.3964568	6.981578	2.908551	0.2729406
11.9	6.989873	7.036813	-0.5576332	7	-0.09317605	-0.2041107	3.144498	1.763512	-0.215147
11.92	6.972731	6.968522	-0.5623354	7	-0.04952092	-0.1247196	2.131839	0.8932837	-0.1490002
11.94	7.047554	7.036813	-0.1265461	7	-0.02235872	-0.08457472	1.338129	0.3894668	-0.09954357
11.96	7.237349	7.105102	0.8631548	7	-0.1331594	-0.2729885	2.824063	0.3436657	-0.5793571
11.98	7.188821	7.036813	0.5797498	7	-0.2470867	-0.4112607	1.231511	-0.389159	-1.784375
12	7.03977	7.036813	-0.2516176	7	-0.2325369	-0.2468483	-2.633712	-0.007479484	-1.652495
12.02	7.09234	7.036813	0.02647769	7	-0.3506939	-0.3482272	0.5601871	-0.5112964	-0.8384895
12.04	6.907134	6.968522	-0.9489039	7	-0.2886988	-0.2459411	-1.904775	-1.595266	-1.176422
12.06	6.974566	6.968522	-0.5351294	7	-0.3458732	-0.3298191	2.728115	-2.526563	-0.08058167
12.08	6.992507	7.036813	-0.4644964	7	-0.2472553	-0.2752146	1.628397	0.7864138	-0.435606
12.1	7.214051	7.105102	0.6665571	7	-0.3274568	-0.4605032	4.994287	0.5268718	-0.456233
12.12	7.032107	7.036813	-0.3525615	7	-0.2307612	-0.3120036	-1.000534	1.18336	-1.735394
12.14	7.106554	7.036813	0.05368611	7	-0.3327279	-0.3765565	2.130303	-0.2364872	-0.6966486
12.16	6.998264	7.036813	-0.5496879	7	-0.2564098	-0.2646813	-1.003668	-0.4960288	-1.16109
12.18	7.081944	7.036813	-0.09114781	7	-0.3319098	-0.3592223	2.246705	-0.5876321	-0.5102682
12.2	6.934264	6.968522	-0.8506346	7	-0.2665564	-0.2822177	0.06143469	0.2825965	-0.9999561
12.22	7.127876	7.105102	0.1486685	7	-0.2863357	-0.3241292	2.971967	0.09939077	-0.1311255
12.24	7.013801	7.036813	-0.4768335	7	-0.2105615	-0.2465442	-0.8182009	-0.2517543	-1.203098
12.26	7.003274	6.968522	-0.4653628	7	-0.2803077	-0.2997683	1.660561	0.5726729	-0.5470943
12.28	7.005045	7.036813	-0.4593074	7	-0.2186774	-0.2339402	0.7238557	-0.4960288	-0.5277996
12.3	7.05404	7.036813	-0.1885469	7	-0.2285489	-0.2656088	1.489313	0.4200015	-0.5018787
12.32	7.119308	7.036813	0.1580597	7	-0.2936987	-0.3947341	3.015981	-0.2517543	-0.7920456
12.34	6.971364	6.968522	-0.6092538	7	-0.2522465	-0.3091774	0.3921478	-0.03801384	-1.207518
12.36	7.066338	7.036813	-0.09890127	7	-0.2809065	-0.3247275	2.5755	-0.007479484	-0.3733158
12.38	7.068821	7.036813	-0.103881	7	-0.269695	-0.3488038	1.810437	0.02305488	-0.9099522
12.4	7.177305	7.105102	0.4141709	7	-0.3087206	-0.4073387	2.425579	0.3436657	-0.926734
12.42	7.124264	7.036813	0.1024198	7	-0.363219	-0.4745347	1.669493	-0.2975559	-1.561856
12.44	7.049689	7.036813	-0.3221437	7	-0.3526108	-0.3931763	0.4074669	0.0841236	-1.306303
12.46	7.056973	7.036813	-0.2911961	7	-0.3747015	-0.4046659	1.680569	-0.4349605	-0.8674927
12.48	6.989528	7.036813	-0.6637746	7	-0.2990863	-0.2978655	0.01794314	0.2215282	-0.8883867
12.5	6.99077	6.968522	-0.593685	7	-0.3395942	-0.369005	2.867248	0.007787696	-0.4458351
12.52	7.056174	7.036813	-0.2472912	7	-0.3099635	-0.3941897	3.805206	-0.09908256	-0.4506283
12.54	6.979324	6.968522	-0.6169234	7	-0.2619565	-0.3493165	2.658607	0.1451923	-0.7831049
12.56	7.095155	7.036813	0.009838372	7	-0.2774462	-0.3904786	4.593256	-0.08381538	-0.3368855
12.58	7.0688	7.036813	-0.1458055	7	-0.2271906	-0.3442351	2.185367	-0.007479484	-0.998848
12.6	7.032985	6.968522	-0.2874165	7	-0.2686959	-0.3662548	2.736834	0.03832205	-0.8571873
12.62	7.082251	7.036813	-0.03307304	7	-0.2684994	-0.3658028	2.914328	0.05358881	-0.7062035
12.64	7.082431	7.036813	-0.04733619	7	-0.2657547	-0.3615145	1.966371	0.05358881	-0.9939661
12.66	7.072549	7.036813	-0.1123987	7	-0.2716754	-0.3405069	1.216824	0.3283985	-1.014713
12.68	7.106371	7.036813	0.05846626	7	-0.3290881	-0.4122879	2.293783	-0.05328102	-0.9791622
12.7	7.047678	7.036813	-0.2800515	7	-0.3024986	-0.3549818	0.508234	-0.08381538	-1.204767
12.72	7.037676	7.036813	-0.3398792	7	-0.3006673	-0.3159723	0.5045785	0.02305488	-0.8633289
12.74	7.065085	7.036813	-0.1968141	7	-0.3283877	-0.3675714	1.643818	0.02305488	-0.7973738
12.76	6.971944	6.968522	-0.6589835	7	-0.3157242	-0.3527077	1.249489	0.03832205	-0.9542465
12.78	6.974816	6.968522	-0.5966223	7	-0.3121064	-0.3531902	2.950274	0.02305488	-0.4174042
12.8	7.031477	7.036813	-0.3023466	7	-0.2522943	-0.3180599	2.786854	0.1299247	-0.4101248
12.82	7.039141	7.036813	-0.265757	7	-0.2048809	-0.2676801	1.371259	0.05358881	-0.6893053
12.84	7.069974	7.036813	-0.09656179	7	-0.2191173	-0.2784323	1.274982	0.007787696	-0.7304707
12.86	7.067986	7.036813	-0.1111379	7	-0.2334315	-0.2857226	0.5755706	0.007787696	-0.941144
12.88	7.055149	7.036813	-0.1855395	7	-0.2479931	-0.2759236	-0.03335154	0.007787696	-0.9668694
12.9	7.051115	7.036813	-0.2127891	7	-0.2703606	-0.2842652	-0.06211066	-0.007479484	-0.9223433
12.92	7.046762	7.036813	-0.2445654	7	-0.2886965	-0.2989493	0.03151688	0.02305488	-0.9199715
12.94	6.984631	6.968522	-0.5384532	7	-0.3206108	-0.3370517	0.8332437	0.02305488	-0.904973
12.96	6.945655	6.968522	-0.711207	7	-0.292992	-0.2992809	1.310053	0.05358881	-0.565567
12.98	7.035577	7.036813	-0.2375008	7	-0.2691403	-0.308011	2.476056	0.05358881	-0.3105097
13	6.994124	6.968522	-0.4260884	7	-0.2607926	-0.3341187	2.154793	-0.02274666	-0.7861843
13.02	7.065601	7.036813	-0.05651172	7	-0.2523685	-0.3273183	2.51991	0.007787696	-0.5628004
13.04	7.092875	7.036813	0.06921133	7	-0.2671226	-0.3643971	2.051562	0.06885641	-0.9666405
13.06	7.081913	7.036813	-0.01334995	7	-0.2802315	-0.3563886	1.042335	-0.03801384	-1.150455
13.08	7.073348	7.036813	-0.08007121	7	-0.3046955	-0.3551559	0.6872426	0.05358881	-1.115818
13.1	7.14695	7.105102	0.2440654	7	-0.3336164	-0.3840852	0.8093839	-0.02274666	-1.088008
13.12	7.04354	7.036813	-0.3356676	7	-0.3334445	-0.3488823	-1.158838	0.06885641	-1.510947
13.14	7.044075	7.036813	-0.3391787	7	-0.372503	-0.3607875	0.2550609	-0.03801384	-0.9312487
13.16	6.844814	6.900233	-1.320727	7	-0.3334413	-0.2951919	-0.3088775	-0.2670215	-0.9254274
13.18	6.98603	6.968522	-0.5053231	7	-0.3710767	-0.4039199	5.30027	0.1451923	0.2427959
13.2	7.025921	7.036813	-0.3190596	7	-0.2577572	-0.3641628	3.647083	-0.1296169	-0.5113821
13.22	7.081397	7.036813	-0.02925503	7	-0.2382186	-0.3536903	3.209202	0.5116042	-0.6674604
13.24	7.064088	7.036813	-0.1322606	7	-0.2096664	-0.2960526	1.115423	0.4047344	-0.9944963
13.26	7.100878	7.036813	0.06385866	7	-0.2625504	-0.3396673	1.58883	-0.05328102	-0.9232779
13.28	7.060643	7.036813	-0.1677274	7	-0.2631821	-0.3123522	0.01754671	-0.08381538	-1.18924
13.3	6.944739	6.968522	-0.7465897	7	-0.2526065	-0.2340926	-1.083253	0.1299247	-0.9880714
13.32	7.066749	7.036813	-0.0884275	7	-0.3107764	-0.3282617	2.179874	0.05358881	-0.3421869
13.34	6.99292	6.968522	-0.4602804	7	-0.307824	-0.3711064	1.563462	-0.007479484	-1.040291
13.36	7.040382	7.036813	-0.2235757	7	-0.2846971	-0.3274802	1.752253	-0.0685482	-0.6286144
13.38	6.966773	6.968522	-0.5859134	7	-0.2617337	-0.2975495	0.8485003	0.0841236	-0.8730803
13.4	7.067964	7.036813	-0.05120631	7	-0.2819277	-0.335933	2.542602	0.0841236	-0.456666
13.42	6.983775	6.968522	-0.477928	7	-0.261243	-0.3235454	1.081996	-0.02274666	-1.031347
13.44	7.04544	7.036813	-0.1597988	7	-0.2523964	-0.2902302	1.458053	0.05358881	-0.5663738
13.46	7.095086	7.036813	0.08793677	7	-0.2904167	-0.3704216	1.953295	-0.02274666	-0.9101219
13.48	7.082675	7.036813	-0.008395702	7	-0.30619	-0.3806581	1.011629	-0.08381538	-1.22383
13.5	7.078538	7.036813	-0.05680229	7	-0.3368387	-0.3908955	0.9072216	0.03832205	-1.176333
13.52	6.995388	6.968522	-0.4803758	7	-0.3628134	-0.4019212	1.049587	0.03832205	-1.169533
13.54	7.020947	7.036813	-0.3665138	-7	-0.3298151	-0.3464697	-0.5641724	0.03832205	-1.198264
13.56	7.027946	7.036813	-0.3457234	-7	-0.337426	-0.3251964	-3.591629	0.02305488	-1.847342
13.58	7.006756	7.036813	-0.4754887	-7	-0.3832504	-0.2923925	-7.566827	-0.02274666	-2.479255
13.6	6.936034	7.036813	-0.8729167	-7	-0.4326373	-0.2061641	-12.77687	-0.9540444	-3.01204
13.62	7.003217	7.036813	-0.5287539	-7	-0.6579863	-0.3911415	-12.81624	-2.068548	-3.285325
13.64	6.821702	6.968522	-1.517801	-7	-0.7722595	-0.4021239	-17.99732	-3.595265	-4.413059
13.66	6.874444	7.036813	-1.293842	-7	-0.9628778	-0.4978085	-18.28087	-6.022746	-4.080441
13.68	6.824062	7.036813	-1.657303	-7	-1.106908	-0.5895367	-21.52942	-6.05328	-5.054076
13.7	6.841987	7.036813	-1.660788	-7	-1.336575	-0.7761894	-21.82565	-9.473127	-5.423221
13.72	6.776215	7.036813	-2.143345	-7	-1.503816	-0.8825979	-24.43257	-9.763204	-6.194695
13.74	6.81114	7.105102	-2.137183	-7	-1.680624	-0.9903609	-25.83877	-10.66397	-6.443605
13.76	6.762661	7.036813	-2.539551	-7	-1.919869	-1.215685	-26.2072	-9.595265	-7.234406
13.78	5.766075	6.080756	-7.350036	-7	-2.247192	-1.489876	-22.02645	-8.114349	-7.579731
13.8	5.651967	6.080756	-7.434681	-7	-2.344689	-1.676777	-3.823791	-8.770838	-2.611553
13.82	4.475073	4.851542	-12.41741	-7	-2.278269	-1.996143	11.49895	-9.564731	-2.273955
13.84	4.606836	4.783254	-10.37088	-7	-2.086356	-2.382427	44.24294	-0.3586246	4.001157
13.86	4.65772	4.783254	-8.956661	-7	-1.267051	-2.223533	50.66788	8.297863	3.04195
13.88	6.76977	6.353915	2.332006	-7	-0.6772414	-2.219616	52.46605	19.42763	2.515411
13.9	7.391588	6.763654	5.1497	-7	-0.253627	-1.785332	7.478293	27.53451	-10.05882
13.92	7.185447	6.831944	3.561169	-7	-0.4446743	-0.7905844	-39.14972	23.67191	-14.9797
13.94	5.513884	5.739308	-5.01372	-7	-1.092997	-0.03380758	-69.6153	7.748246	-15.60641
13.96	5.453558	5.807599	-4.94744	-7	-2.175069	-0.5782057	-50.96596	-15.6258	-7.91746
13.98	6.196239	6.763654	-1.529875	-7	-2.523848	-1.142814	-48.13423	-32.38916	-8.82033
14	5.831439	6.422206	-3.886228	-7	-2.855528	-1.432549	-59.35268	-38.66396	-13.62193
14.02	7.201987	7.309972	2.462896	-7	-3.821679	-2.640137	-42.45153	-26.26702	-12.27491
14.04	6.86561	7.241681	-0.5096616	-7	-4.208398	-3.00714	-64.47935	-12.09908	-20.76493
14.06	6.732358	7.241681	-2.229571	-7	-4.913476	-3.217371	-66.91034	-14.17542	-19.44533
14.08	5.300294	6.422206	-10.26631	-7	-5.133012	-2.894136	-75.44623	-20.84717	-19.16525
14.1	5.059899	6.353915	-11.64159	-7	-5.337292	-2.946513	-52.91246	-39.6258	-11.15495
14.12	3.097075	3.827197	-20.42606	-7	-6.017973	-4.521403	-6.829524	-48.8777	-9.521812
14.14	5.678681	6.422206	-6.85539	-7	-5.370781	-5.025002	41.65181	-34.83191	1.475912
14.16	4.885932	6.695365	-11.75404	-7	-2.610362	-2.076326	-33.60984	14.86275	-12.10857
14.18	5.88897	6.080756	-5.849363	-7	-3.176878	-2.565371	-12.35031	15.18336	-6.794657
14.2	3.366531	3.827197	-17.55186	-7	-3.317085	-2.742091	-22.61352	20.5574	-13.63196
14.22	3.384172	3.827197	-15.59676	-7	-3.611773	-3.09269	20.58607	22.95435	-0.6176367
14.24	2.931958	3.827197	-16.51373	-7	-2.51652	-2.45324	19.02633	8.557405	-1.415672
14.26	4.763195	4.783254	-5.85897	-7	-2.233633	-2.91001	38.9758	25.56504	0.9093208
14.28	5.863612	5.466149	0.03445196	-7	-1.91783	-3.139094	13.35	35.33603	-10.29316
14.3	5.303432	4.851542	-2.626491	-7	-2.26484	-2.885398	-21.3515	35.33603	-17.92871
14.32	4.589562	4.510095	-5.901126	-7	-2.934849	-2.60095	-36.76806	30.98488	-16.75552
14.34	2.98273	3.895488	-13.61988	-7	-2.904248	-1.494829	-58.01265	2.496337	-14.49035
14.36	3.637112	4.578383	-9.617304	-7	-3.142128	-1.459724	-42.033	-20.41969	-6.475255
14.38	3.975389	4.851542	-7.728331	-7	-3.09293	-1.709825	-49.26664	-34.45023	-10.92179
14.4	4.037508	4.168647	-6.890215	-7	-4.078827	-3.116944	-33.78465	-30.5571	-13.60572
14.42	2.458757	3.622329	-14.72008	-7	-3.704652	-2.168906	-56.68157	6.939085	-15.29429
14.44	2.428832	3.21259	-13.75953	-7	-4.216154	-2.691943	-24.76421	-5.915876	-6.917814
14.46	1.942277	2.597983	-15.0821	-7	-4.280809	-3.473177	-3.997472	-9.83954	-7.422504
14.48	2.805154	3.21259	-9.769344	-7	-4.085181	-3.943733	16.33644	-15.25939	-5.168379
14.5	1.904619	2.597983	-13.65772	-7	-3.24949	-3.158574	-4.701878	11.85511	-10.39503
14.52	2.732565	3.21259	-8.586209	-7	-2.954489	-2.715832	-0.8966417	9.855115	-5.79695
14.54	1.996373	2.597983	-11.61712	-7	-2.527413	-2.14986	-23.77803	13.62611	-11.21181
14.56	2.148471	2.188245	-9.558006	-7	-3.185552	-2.87381	-5.145524	3.794047	-8.089014
14.58	1.429422	1.710217	-12.17132	-7	-3.247934	-3.061541	-6.848788	7.259695	-10.38012
14.6	0.9647782	1.02732	-13.04061	-7	-3.630601	-3.635441	13.15537	-7.274655	-7.409359
14.62	0.8582983	1.641927	-12.6919	-7	-2.719162	-2.562328	1.192497	0.2215282	-5.877839
14.64	0.7285365	0.9590311	-11.93863	-7	-2.707574	-2.752888	9.09696	-0.2822887	-5.657973
14.66	0.6582247	0.6858721	-10.88594	-7	-2.758044	-3.114346	17.35705	2.252062	-5.997859
14.68	0.992576	1.300479	-8.333992	-7	-2.232124	-2.517711	4.75822	10.35893	-6.734491
14.7	1.020761	1.02732	-7.298796	-7	-2.304673	-2.533468	-4.227112	5.168093	-9.496155
14.72	0.2810352	0.2761335	-9.998836	-7	-2.646286	-2.671556	-8.89655	6.816947	-11.01435
14.74	-0.1006736	0.002975464	-10.74555	-7	-2.963202	-2.859468	-0.6786389	-1.839541	-8.291269
14.76	0.1145718	0.6175833	-8.946603	-7	-2.57554	-2.337705	-8.223302	-5.183052	-7.296266
14.78	0.171623	0.2761335	-7.814951	-7	-2.79943	-2.700086	-7.270952	-7.091449	-9.194274
14.8	-0.6220602	-0.2701836	-11.03055	-7	-2.790879	-2.473966	-16.23942	-0.4196933	-10.64188
14.82	-1.35785	-0.6799221	-13.68642	-7	-2.631395	-1.925806	-17.01999	-0.05328102	-7.155464
14.84	-1.350904	-0.9530802	-12.23922	-7	-2.786816	-2.351794	2.674603	-5.305189	-3.756097
14.86	-1.801112	-1.704267	-12.9644	-7	-2.937387	-3.106357	20.45584	-1.213586	-4.605762
14.88	-2.432387	-2.045715	-14.64625	-7	-2.422488	-2.720802	24.50262	7.107024	-2.944369
14.9	-2.571923	-2.387164	-13.53212	-7	-2.042959	-2.623733	38.09748	13.74824	0.07409477
14.92	-2.591092	-2.728612	-11.73794	-7	-1.739772	-2.837276	49.96135	12.03832	0.1666975
14.94	-2.353871	-2.660322	-8.865824	-7	-1.3312	-2.778232	51.83533	20.72534	-0.6351576
14.96	-2.580838	-3.070061	-8.401814	-7	-1.10231	-2.677449	46.50767	18.60321	-2.988778
14.98	-2.93176	-3.411509	-8.549539	-7	-0.974396	-2.425043	42.03075	18.20626	-3.013687
15	-3.724285	-3.684668	-11.06307	-7	-0.3709383	-1.305004	23.71183	4.90855	-2.394831
15.02	-3.939331	-4.094406	-10.23627	-7	-0.3484412	-1.127393	29.94616	2.343666	0.9706717
15.04	-3.957446	-4.367564	-8.445284	-7	-0.4650717	-1.565483	39.66818	-1.167785	0.8542252
15.06	-4.553453	-4.777303	-9.778425	-7	-0.1983968	-1.300787	33.8325	6.862749	-0.4152117
15.08	-4.824408	-5.050462	-9.334633	-7	-0.03833747	-1.054664	36.48928	8.160459	1.747862
15.1	-5.906154	-5.733358	-12.9733	-7	0.5607043	-0.1617867	25.09767	4.69481	2.093122
15.12	-5.74315	-6.074806	-9.777142	-7	0.4056769	-0.5834516	49.65557	10.20626	7.182527
15.14	-5.98657	-6.416255	-8.943773	-7	0.6408737	-0.8572716	54.98483	7.519238	4.992555
15.16	-6.383224	-6.757704	-8.948657	-7	1.047434	-0.4956079	53.02323	25.00015	5.191742
15.18	-5.39294	-6.143096	-2.174922	-7	1.139619	-0.6970559	60.08969	12.19099	6.28576
15.2	-7.780303	-7.782049	-12.67232	-7	1.988392	0.7985359	18.27112	20.45053	-0.5820456
15.22	-6.933914	-7.167441	-6.144429	-7	1.908368	1.126031	41.37492	7.900918	11.62933
15.24	-5.784753	-6.143096	0.8054395	-7	2.319266	1.075932	26.90014	-6.92351	5.629189
15.26	-7.894987	-8.123497	-8.496893	-7	2.33096	1.665101	-5.683566	19.71771	-2.039926
15.28	-9.292407	-8.806395	-13.49173	-7	2.440972	2.835886	-3.437818	1.610841	8.142479
15.3	-7.458582	-7.099152	-2.581022	-7	2.747966	2.845656	14.84851	-8.572365	14.93769
15.32	-9.231861	-9.147842	-9.909737	-7	2.864548	2.629466	-3.479373	12.20626	3.931202
15.34	-9.157135	-8.464945	-7.888857	-7	3.423745	3.887493	-5.617292	18.52687	12.57347
15.36	-8.464757	-8.123497	-2.972423	-7	3.640343	3.883578	-7.263618	3.198628	11.45484
15.38	-8.987046	-9.079553	-4.135931	-7	3.253383	3.28526	-9.579008	25.13756	6.545614
15.4	-9.011631	-8.806395	-3.088826	-7	3.216532	3.506067	-13.57414	14.34367	8.01818
15.42	-8.991852	-8.464945	-2.239313	-7	3.514745	4.16099	-30.92255	18.87802	7.146953
15.44	-9.187995	-9.352711	-1.982165	-7	2.625091	3.077117	-16.53279	-8.22122	6.256467
15.46	-9.987732	-9.352711	-5.304856	-7	2.913518	3.741787	-30.82361	4.236795	6.037904
15.48	-9.499168	-9.421001	-1.665688	-7	2.339223	2.920771	-6.229762	-5.13725	10.06839
15.5	-9.809446	-9.421001	-2.651297	-7	2.606375	3.024131	-15.15905	-5.809006	6.609572
15.52	-8.184583	-8.396656	5.974247	-7	2.198189	2.252052	-0.9296856	-3.198319	8.046697
15.54	-8.52048	-8.396656	3.79442	-7	2.414148	2.639096	-37.30991	1.336032	-1.652484
15.56	-8.696103	-8.806395	2.917716	-7	1.594538	2.318102	-37.11899	-0.2059528	-0.2489977
15.58	-9.475703	-8.806395	-1.329466	-7	1.62039	2.969061	-53.8594	-6.068548	-0.03766441
15.6	-9.442677	-9.147842	-0.8518819	-7	0.8733519	2.166408	-30.32688	-24.67923	4.297877
15.62	-8.590161	-8.123497	3.081949	-7	0.9182594	1.870687	-26.19633	-25.28992	3.940547
15.64	-8.103635	-8.464945	5.275546	-7	0.08812091	0.3607078	-11.07209	-17.85481	-0.489296
15.66	-9.014986	-8.806395	0.06607914	-7	0.1148248	0.6115503	-24.85054	-2.801373	-3.452614
15.68	-7.922848	-7.713759	4.996098	-7	0.009799808	0.6545083	-15.35449	-8.847174	1.964239
15.7	-9.639053	-9.147842	-4.116152	-7	0.1821458	1.005291	-33.31736	-16.14488	-3.696973
15.72	-8.085657	-8.123497	3.816508	-7	-0.4202969	0.1149106	7.269808	-15.90061	6.313935
15.74	-9.14348	-8.464945	-2.267809	-7	0.4883044	0.977352	-24.22283	-6.587632	-2.043094
15.76	-6.955041	-7.50889	8.735815	-7	-0.4320825	-0.4788669	16.58977	-7.549464	4.681231
15.78	-8.848944	-8.806395	-1.574977	-7	-0.1025817	-0.2156792	-16.87983	9.916184	-7.63401
15.8	-7.775425	-8.806395	4.366129	-7	-1.576978	-2.122179	42.98223	-4.190685	3.268486
15.82	-9.262647	-8.806395	-3.86857	-7	-0.2643058	-0.6513912	7.122715	1.610841	-2.926826
15.84	-7.253666	-7.782049	6.395832	-7	-0.5844411	-1.260382	43.21748	-23.12198	6.569005
15.86	-11.04102	-8.738104	-13.94397	-7	2.704083	3.888231	-70.10898	13.13756	-4.342577
15.88	-7.502031	-7.850338	5.499849	-7	1.034144	1.849619	22.14922	-8.160151	18.49756
15.9	-10.01959	-8.738104	-7.767529	-7	2.815576	3.553216	-52.21491	12.64901	-2.002373
15.92	-7.832257	-8.738104	4.824076	-7	0.7936904	0.93058	28.42428	-11.5342	12.59798
15.94	-8.077248	-7.50889	2.662835	-7	2.118116	2.094789	-25.53872	12.61847	-0.7647209
15.96	-5.854134	-7.50889	14.12678	-7	-0.04195833	-0.8723035	23.59961	1.259696	1.027453
15.98	-8.415268	-8.533236	0.0397986	-7	0.2656271	-0.01426229	-32.24023	11.27496	-12.7875
16	-7.530071	-8.533236	4.899039	-7	-1.471814	-1.656594	26.09285	-7.946411	1.531611
16.02	-9.494161	-8.533236	-5.969094	-7	0.0606252	0.4385086	-20.42982	-7.6258	-3.804229
16.04	-8.021054	-8.464945	2.15321	-7	-0.8223981	-0.9026747	38.22476	-18.75557	8.528176
16.06	-8.123173	-7.235731	0.5443292	-7	1.042502	1.034116	-11.24716	-0.7097695	0.4757929
16.08	-5.723063	-7.167441	12.8123	-7	-0.6017709	-1.586516	37.30563	4.557406	2.292356
16.1	-7.740627	-8.123497	1.536139	-7	-0.2976103	-1.0991	-9.97515	9.015421	-11.95987
16.12	-8.572628	-9.079553	-2.271854	-7	-1.179644	-1.34768	19.66606	5.870382	-0.5974398
16.14	-9.892624	-9.147842	-8.784042	-7	-0.1077688	0.091326	13.40371	-14.48076	4.043348
16.16	-8.506003	-9.079553	-0.5495806	-7	-0.5415757	-1.448402	73.91357	-5.94641	12.63329
16.18	-8.51631	-9.079553	-0.217346	-7	0.2462856	-1.696755	72.05518	8.145191	5.211061
16.2	-7.01485	-7.850338	7.419794	-7	0.869361	-1.282655	68.44304	24.87802	5.79797
16.22	-7.282713	-7.782049	5.501173	-7	1.763196	0.1189266	20.09848	13.70244	-2.440248
16.24	-8.09563	-8.806395	1.688772	-7	1.325209	0.4561516	10.87475	20.72534	-1.091583
16.26	-7.878997	-7.782049	2.612062	-7	1.723191	1.607709	-6.492418	-15.15252	2.677594
16.28	-8.462335	-9.079553	0.2575057	-7	0.8330032	0.5187564	8.926363	-8.6029	1.42516
16.3	-8.58461	-9.079553	0.1612103	-7	0.4063373	-0.165962	28.01888	-6.007479	3.979312
16.32	-8.974746	-9.147842	-1.472655	-7	0.712334	0.02261984	30.10077	0.4505359	4.523206
16.34	-8.793689	-9.147842	-0.005419731	-7	0.8798956	-0.03695136	42.06798	0.633742	6.994072
16.36	-8.7585	-9.079553	0.5576493	-7	1.339566	0.2375446	39.60777	7.870382	6.148395
16.38	-8.752432	-9.079553	0.9890394	-7	1.751134	0.703357	33.66843	16.6032	6.110432
16.4	-8.779472	-9.079553	1.258749	-7	2.081487	1.182229	25.87589	10.5574	6.062977
16.42	-8.853184	-9.079553	1.281148	-7	2.344477	1.666172	16.87307	11.91618	6.057091
16.44	-8.663651	-9.079553	2.706208	-7	2.233525	1.576798	17.62354	6.710077	6.222757
16.46	-8.954373	-9.147842	1.494746	-7	2.374503	1.916397	6.251541	6.404734	4.721109
16.48	-8.750678	-9.079553	2.895473	-7	2.162163	1.791554	9.542012	2.954352	6.052439
16.5	-7.849584	-8.123497	7.224258	-7	2.20069	1.817559	1.105632	0.9238181	4.523222
16.52	-7.665888	-8.123497	7.663221	-7	1.851277	1.574926	-14.35219	0.3131309	-0.7568331
16.54	-7.874254	-8.123497	5.997241	-7	1.40275	1.619605	-28.02862	-0.1601513	-2.305794
16.56	-7.477658	-7.235731	6.972027	-7	1.312561	2.160281	-45.25468	-3.060915	-1.514521
16.58	-8.753205	-8.464945	-0.01703727	-7	0.7414882	2.022053	-52.97416	-21.93114	-3.672506
16.6	-7.729928	-7.50889	4.721404	-7	0.07779914	1.294698	-26.51242	-21.24412	3.375785
16.62	-9.034004	-8.806395	-2.235556	-7	-0.2433844	0.576476	-23.33856	-21.91588	-2.040964
16.64	-7.874092	-7.782049	3.393088	-7	-0.4997671	-0.01964334	8.427206	-12.32809	5.673089
16.66	-9.512159	-8.806395	-5.34897	-7	0.3816947	0.8746233	-13.85826	2.221528	-0.08154964
16.68	-8.584528	-8.806395	0.04931831	-7	-0.1590828	-0.1695008	36.37579	-1.457861	10.097
16.7	-7.48924	-7.50889	5.104356	-7	0.685408	-0.0798834	29.39929	14.19099	5.296984
16.72	-6.080194	-7.50889	11.95758	-7	-0.1552967	-1.844045	47.18545	3.717711	-0.02458191
16.74	-7.38861	-8.396656	4.637392	-7	-0.3333227	-1.867274	23.12196	25.77878	-8.350126
16.76	-6.698941	-7.167441	7.352229	-7	-0.2466638	-1.025584	18.7874	0.6032077	-1.157061
16.78	-7.263057	-7.167441	3.431904	-7	0.3302702	0.165651	-14.14099	-12.6487	-4.634117
16.8	-7.862973	-8.464945	0.5842109	-7	-0.679041	-0.8140228	11.33959	-25.82427	-0.9912062
16.82	-8.915657	-8.464945	-4.843976	-7	-0.03183788	0.1376591	6.337045	-12.45023	2.165983
16.84	-7.960744	-8.464945	0.7174058	-7	-0.4938735	-1.128886	53.79849	-17.79374	8.965336
16.86	-8.688046	-8.396656	-3.074364	-7	0.8552458	0.04208755	29.87817	3.18336	3.956102
16.88	-6.539087	-7.167441	8.000946	-7	0.9049165	-0.2967607	50.41802	14.29786	8.97403
16.9	-7.934794	-8.123497	0.544901	-7	1.680581	0.6812348	4.449991	20.3742	-2.983814
16.92	-8.386591	-9.079553	-0.8204312	-7	0.8904743	0.2590343	29.18259	19.01542	4.780643
16.94	-9.691908	-9.079553	-6.999879	-7	2.02652	1.951897	8.279736	9.855115	6.729353
16.96	-8.674803	-9.147842	-0.4202328	-7	1.602378	0.9166528	53.12601	-17.91588	14.60615
16.98	-9.583141	-9.079553	-4.606751	-7	3.145685	2.502584	17.97448	17.71771	8.664356
17	-7.778636	-9.079553	6.041902	-7	2.071717	0.5454751	69.24663	14.86275	14.19432
17.02	-8.630921	-9.011263	1.786873	-7	3.020627	1.445827	26.90304	27.71771	3.092373
17.04	-7.843121	-9.147842	6.664812	-7	2.128593	0.5479043	49.93627	21.83985	7.667553
17.06	-9.49648	-9.147842	-1.909683	-7	3.4792	2.907538	-8.033592	11.67191	2.233022
17.08	-7.333665	-8.191787	9.718112	-7	2.521156	1.910801	27.00109	-16.16015	11.61921
17.1	-9.091249	-8.123497	-0.1930337	-7	4.209896	4.650866	-58.48388	2.878016	-1.353222
17.12	-7.191561	-8.464945	10.37311	-7	1.746895	1.843405	7.10006	-0.6792352	8.699846
17.14	-7.4147	-7.50889	8.070903	-7	1.970241	1.928837	-31.83336	-0.2670215	-3.533516
17.16	-7.593352	-8.738104	7.132004	-7	0.1078227	-0.04432333	-1.711384	-14.84717	-2.362806
17.18	-8.803699	-7.782049	-0.3340511	-7	1.301239	2.305811	-48.3268	-2.557098	-2.245534
17.2	-9.203398	-8.055207	-2.689058	-7	1.657258	3.555813	-51.34613	-44.99984	5.629759
17.22	-6.823615	-7.099152	9.302908	-7	0.5443859	1.254361	-2.007584	-13.07618	8.572173
17.24	-7.339383	-7.50889	5.633752	-7	0.4347205	0.5028065	-21.73932	-8.343357	-4.798579
17.26	-8.267225	-7.4406	-0.07819462	-7	0.9968445	2.213406	-49.56019	17.94672	-1.728397
17.28	-5.977148	-6.143096	10.86907	-7	0.09617648	0.9043305	-16.03508	-14.34336	4.18518
17.3	-7.654902	-7.850338	1.487611	-7	-0.4395846	-0.06186193	-30.29283	-8.557097	-8.533314
17.32	-6.148691	-6.416255	8.336185	-7	-1.143296	-0.7604985	0.2514329	0.4658026	0.9180851
17.34	-7.339298	-6.825994	0.8805633	-7	-0.4934855	0.07998317	-33.33301	-20.05328	-7.014618
17.36	-6.037274	-6.825994	7.237258	-7	-1.923737	-1.907778	19.90563	-4.358624	0.6212492
17.38	-7.739125	-7.167441	-2.606282	-7	-0.8994061	-0.6794247	-15.77258	-23.59527	-6.56273
17.4	-5.555661	-7.167441	8.903366	-7	-2.930825	-4.008363	73.34789	2.542139	4.237998
17.42	-6.625682	-7.099152	2.261264	-7	-1.978088	-3.658273	43.4615	-15.64107	-8.082014
17.44	-5.136955	-7.167441	9.845987	-7	-3.312158	-5.818056	101.9367	12.66428	-0.888298
17.46	-6.685191	-7.099152	0.7167258	-7	-1.756748	-3.934989	52.6235	-13.22885	-9.136477
17.48	-5.359439	-7.167441	7.681489	-7	-2.694021	-5.225358	102.5268	-8.419693	0.8905134
17.5	-6.483484	-7.167441	1.181157	-7	-1.443967	-3.897253	66.0272	-19.28992	-6.424517
17.52	-5.014619	-7.099152	8.991095	-7	-2.417467	-5.435941	113.1436	13.62611	0.8504086
17.54	-5.985441	-6.757704	3.106364	-7	-1.013581	-3.732105	64.33769	4.90855	-7.536032
17.56	-5.618219	-6.894283	5.009387	-7	-1.147674	-3.423244	72.86666	-3.702136	-1.293221
17.58	-7.498878	-7.850338	-4.500133	-7	-0.2448552	-1.864519	43.12505	4.557406	-3.374754
17.6	-6.850997	-7.782049	-0.1590247	-7	-0.516128	-2.220302	80.81602	-14.41969	7.56226
17.62	-6.028893	-6.143096	3.659287	-7	1.064186	-0.6642358	48.20747	6.862749	3.920101
17.64	-5.964601	-7.50889	4.66436	-7	0.2582517	-1.896346	60.85364	0.8932837	-0.04761314
17.66	-6.461518	-7.4406	2.347224	-7	0.3349923	-1.586769	49.04678	25.38183	-1.422002
17.68	-6.061963	-7.167441	4.666847	-7	0.08800185	-1.756959	55.45601	13.74824	0.9889746
17.7	-7.924663	-8.123497	-4.569519	-7	0.8210594	-0.3329226	24.61009	9.168093	-1.652724
17.72	-7.200053	-8.123497	0.3422499	-7	0.1969188	-1.133541	67.17752	-1.03038	8.835882
17.74	-6.724984	-6.825994	2.600347	-7	1.486893	0.05743033	38.42382	-2.312823	4.405017
17.76	-5.492732	-6.552835	8.935163	-7	1.193536	-0.4152891	38.08804	4.939085	2.151629
17.78	-6.991541	-7.782049	1.331114	-7	1.005903	-0.2162676	10.71711	18.69481	-5.480601
17.8	-7.360069	-7.850338	-0.05026579	-7	0.612382	0.03097494	20.24453	8.618474	2.157801
17.82	-9.27128	-8.806395	-9.114961	-7	1.331706	1.341828	5.406677	-2.282289	3.840685
17.84	-7.609324	-7.850338	0.4975959	-7	1.165783	0.6768356	50.20378	-12.06855	14.85213
17.86	-7.88024	-7.850338	-0.6320078	-7	2.181998	1.215996	24.80298	6.007787	5.567113
17.88	-6.669798	-7.782049	6.296953	-7	1.48124	0.04941654	48.97868	9.213894	7.220425
17.9	-8.295231	-8.806395	-1.60884	-7	1.774463	0.519391	21.7528	18.67954	-0.4088593
17.92	-8.034284	-8.738104	0.7058423	-7	1.361852	0.3250462	45.55669	12.2826	8.263353
17.94	-8.195171	-7.782049	-0.1790121	-7	2.764431	2.202709	8.792703	1.107024	6.358873
17.96	-6.387542	-7.782049	9.760014	-7	1.489889	0.1449763	46.65218	-2.038014	7.656888
17.98	-7.129579	-7.782049	5.493551	-7	1.753674	0.4699576	8.126768	11.41237	-3.605455
18	-5.511634	-6.825994	13.38154	-7	0.6599879	-0.5086376	23.43587	9.641375	0.1192865
18.02	-8.547285	-8.123497	-3.030644	-7	1.539263	1.698576	-46.73835	-1.503663	-9.77654
18.04	-6.78651	-7.167441	6.196574	-7	0.3056055	0.8452772	3.469528	-20.98458	7.381758
18.06	-8.506184	-7.4406	-3.472992	-7	1.570464	2.501995	-49.38107	-20.22122	-2.769328
18.08	-5.380797	-6.074806	12.38224	-7	0.07183206	0.3753568	9.264748	-20.81664	7.639928
18.1	-7.089155	-6.143096	1.804199	-7	1.443313	2.26466	-72.36732	3.748245	-10.29546
18.12	-6.91676	-7.782049	3.205684	-7	-0.9837557	-0.2103465	-9.428942	-2.282289	-0.09362125
18.14	-8.861443	-7.850338	-7.238564	-7	-0.1353506	0.9650665	-31.89746	6.878016	-1.991911
18.16	-7.08219	-6.484545	1.735623	-7	0.01639241	0.9810144	1.739098	-31.87007	10.02653
18.18	-7.437397	-6.416255	-0.9096246	-7	1.271126	2.098974	-34.51876	3.88565	0.9653206
18.2	-6.525015	-6.825994	3.930783	-7	0.3155177	0.728295	-3.251974	0.4658026	3.834828
18.22	-8.323854	-7.850338	-5.320219	-7	0.6752033	1.226003	-23.15428	13.22916	-1.644702
18.24	-6.881582	-7.782049	2.99681	-7	-0.801303	-1.185208	48.49679	5.946718	8.717586
18.26	-8.41166	-7.850338	-5.137518	-7	0.7131003	0.2789166	9.804636	-1.503663	0.3346901
18.28	-7.272903	-7.850338	1.521705	-7	0.2494651	-0.5228535	52.65212	14.72534	9.922514
18.3	-8.556253	-7.850338	-5.12594	-7	2.020561	1.590698	6.083279	1.244429	3.532095
18.32	-7.352686	-7.782049	1.983815	-7	1.669057	1.089858	37.24104	22.26733	11.51178
18.34	-8.897085	-7.782049	-5.959735	-7	3.600563	3.823121	-26.02222	0.9238181	4.380938
18.36	-7.127903	-7.782049	4.376529	-7	2.39079	2.246213	23.22486	23.01542	13.48868
18.38	-8.900392	-7.850338	-4.824282	-7	3.986219	4.480954	-43.73792	-0.5265636	2.462533
18.4	-7.237368	-7.782049	4.834476	-7	2.564648	2.88403	4.953219	25.38183	12.50045
18.42	-9.461635	-7.850338	-6.897727	-7	4.421808	5.753178	-73.32183	1.07649	1.963115
18.44	-4.852584	-6.825994	17.85413	-7	1.021315	0.6805854	41.09564	5.900917	14.74533
18.46	-5.968668	-6.757704	10.54939	-7	1.136132	-0.004862696	-22.33633	0.1909938	-13.09617
18.48	-4.491712	-7.099152	17.75779	-7	-2.030957	-3.550016	38.77606	12.26733	-7.326355
18.5	-7.672431	-7.099152	-0.6672707	-7	-0.5895075	-0.5403526	-47.75447	-4.343357	-17.13663
18.52	-6.191311	-6.143096	6.160923	-7	-1.312267	-0.3599156	-10.96373	-45.32045	1.884718
18.54	-9.14005	-7.850338	-9.678942	-7	-0.2239205	1.202544	-51.01688	-25.30519	-5.795768
18.56	-7.159248	-6.825994	0.7935869	-7	-0.7992795	0.2890587	14.30341	-19.38153	11.99733
18.58	-8.269936	-7.167441	-5.42089	-7	0.6880569	1.330472	-17.90982	-19.79374	1.674965
18.6	-4.93744	-5.733358	11.60867	-7	-0.3191879	-0.7641963	39.31401	3.488703	9.158856
18.62	-6.014935	-6.074806	4.714851	-7	0.5074238	-0.1122723	-19.45422	7.442902	-9.623847
18.64	-7.251026	-7.4406	-1.547167	-7	-0.1657248	0.1738077	-14.75058	11.21389	-3.335837
18.66	-6.48764	-6.074806	1.919917	-7	0.09967381	0.6873111	-9.083681	16.11466	3.323644
18.68	-7.635097	-7.4406	-3.830287	-7	0.04696643	0.4416996	-9.024735	-14.35862	-0.363842
18.7	-7.906755	-7.577179	-4.694765	-7	0.1458095	0.5350858	10.7547	-8.709769	6.246415
18.72	-7.897747	-7.577179	-4.092006	-7	0.6465797	0.6128106	23.37425	2.206261	8.226176
18.74	-7.209026	-7.50889	0.1019882	-7	0.7532507	-0.0391286	44.27721	-0.938777	8.721463
18.76	-5.095786	-5.801648	10.53309	-7	1.061447	-0.4374706	42.58926	16.55741	4.971799
18.78	-6.577641	-7.167441	2.581987	-7	1.241699	0.1181227	-0.5057201	24.35893	-6.932901
18.8	-7.126768	-7.235731	-0.06198806	-7	1.086115	1.06228	-5.697651	18.12992	0.7963781
18.82	-7.270601	-7.167441	-0.5790258	-7	1.07655	1.275946	-3.71909	-1.656334	3.557652
18.84	-6.025496	-5.801648	5.342828	-7	1.417519	1.637665	-10.74015	-17.56473	4.296567
18.86	-5.804777	-6.143096	6.019852	-7	0.9388967	0.9640069	-20.08842	-7.809006	-2.569289
18.88	-7.59667	-7.577179	-3.093964	-7	0.4617057	1.016308	-29.78262	-3.534197	-4.372697
18.9	-8.016171	-7.4406	-4.855426	-7	0.438187	1.457002	-13.46923	-2.969311	5.296649
18.92	-6.436878	-6.074806	3.084834	-7	0.7009908	1.150093	2.655581	-20.80137	8.012727
18.94	-5.658094	-6.074806	6.630061	-7	0.4185679	0.06327027	2.345277	-4.389159	-0.3537998
18.96	-6.980401	-7.50889	-0.1196148	-7	-0.1959287	-0.5331044	-0.3030281	9.366566	-4.939812
18.98	-6.205212	-6.074806	3.364901	-7	0.05100845	0.144567	1.265265	12.64901	2.070116
19	-5.899524	-6.143096	4.420939	-7	-0.1052782	-0.2781889	-1.198071	-14.6945	-1.819027
19.02	-5.785727	-6.074806	4.417764	-7	-0.3672938	-0.5062621	-4.686171	-7.106716	-3.503784
19.04	-5.955504	-5.733358	2.687747	-7	-0.1205378	0.2298359	-23.6547	-6.526563	-4.151885
19.06	-5.744028	-5.801648	3.251394	-7	-0.5781856	-0.1114875	-17.97228	-10.7861	-2.890018
19.08	-5.841936	-5.801648	2.130163	-7	-0.8317517	-0.3836942	-18.18501	-15.13725	-4.067514
19.1	-5.745232	-5.733358	2.063121	-7	-1.123053	-0.7163827	-11.82726	-11.27465	-3.325757
19.12	-5.907464	-5.733358	0.6343272	-7	-1.126552	-0.7114838	-12.50813	-12.41969	-3.596818
19.14	-7.056064	-7.167441	-4.937995	-7	-1.643338	-1.448992	8.604408	-5.091449	-2.242506
19.16	-7.492272	-7.235731	-6.666501	-7	-1.324516	-1.361913	32.4524	-6.663968	4.41942
19.18	-6.966432	-7.167441	-3.2681	-7	-0.993519	-1.926819	63.63302	1.07649	7.736277
19.2	-4.701299	-5.460199	8.107111	-7	-0.4150923	-2.403146	73.45741	11.83985	5.484438
19.22	-6.0261	-6.825994	1.135292	-7	0.09774077	-1.856765	35.33486	25.76351	-6.786576
19.24	-5.923656	-6.825994	2.082807	-7	-0.2431291	-1.663404	45.52713	27.68718	0.3822365
19.26	-7.572585	-6.757704	-6.524599	-7	1.481983	1.299698	-9.218086	-0.4044262	-0.6092596
19.28	-6.449337	-6.825994	0.2958484	-7	0.8475235	0.5954535	28.71162	-5.6258	9.230716
19.3	-6.399502	-6.894283	0.9943988	-7	0.8395081	-0.131295	27.81719	-7.702136	2.370158
19.32	-6.289927	-6.825994	1.884727	-7	0.7865915	-0.1893774	25.85607	16.4658	1.672417
19.34	-6.838675	-6.484545	-1.060764	-7	1.700154	1.512304	-9.677519	4.236795	0.6258335
19.36	-6.874659	-6.825994	-0.7573744	-7	1.53773	1.753802	-8.76189	6.664275	3.735005
19.38	-6.79403	-6.825994	0.06293347	-7	1.318044	1.453168	-5.522634	-4.419693	3.420094
19.4	-6.900574	-6.825994	-0.2357054	-7	1.285051	1.459116	-9.241037	5.50397	2.496569
19.42	-6.475086	-6.757704	2.227204	-7	0.8095323	0.7528898	2.273551	2.984886	2.767678
19.44	-6.847137	-6.825994	0.2853863	-7	0.8809147	0.8972383	-8.909054	1.244429	-0.09232903
19.46	-6.782439	-6.757704	0.694574	-7	0.7468558	0.9484535	-7.20718	0.9543524	1.819775
19.48	-5.242413	-5.528489	8.073733	-7	0.4698545	0.3620905	-2.245249	-5.335723	1.285926
19.5	-7.002879	-7.235731	-1.140068	-7	0.09425791	0.121209	-22.34218	-0.4196933	-7.554785
19.52	-7.126297	-7.099152	-1.528994	-7	-0.3601808	0.09226324	-1.377989	-2.099082	1.874071
19.54	-7.623536	-7.099152	-4.02887	-7	0.1465877	0.5834734	-3.592117	-19.41206	2.629751
19.56	-7.040747	-7.167441	-0.5566052	-7	-0.08997633	-0.199631	24.2858	0.7253447	5.999575
19.58	-6.93437	-7.167441	0.1735513	-7	0.1170638	-0.5687324	28.61073	2.435268	2.874242
19.6	-6.866436	-7.099152	0.6477453	-7	0.4218318	-0.3372572	26.0085	17.76351	2.465856
19.62	-6.903876	-7.235731	0.6862378	-7	0.5521144	-0.2251126	24.79966	4.313131	2.200079
19.64	-6.95315	-7.099152	0.5580295	-7	0.881023	0.2792772	16.42641	3.900917	2.334989
19.66	-6.774077	-7.167441	1.748677	-7	0.7713571	0.1300152	19.4972	-0.09908256	2.596021
19.68	-6.936291	-7.099152	0.9798155	-7	0.9823992	0.4930356	8.91337	-1.015113	1.308847
19.7	-6.89016	-7.099152	1.375473	-7	0.9363058	0.6042022	7.246854	0.6032077	2.082778
19.72	-5.377032	-5.733358	8.60655	-7	0.8751245	0.4332835	4.044918	-0.2364872	1.57937
19.74	-5.448815	-5.733358	7.255247	-7	0.7897756	0.6229501	-29.02688	-0.2975559	-7.133417
19.76	-7.044676	-7.167441	-1.077778	-7	0.0142959	0.6489807	-37.91387	0.5879401	-7.190159
19.78	-7.648232	-7.167441	-4.03954	-7	-0.2659168	0.8760974	-23.48816	-4.786105	1.192943
19.8	-6.131239	-5.733358	3.316658	-7	-0.1508281	0.5424694	-6.509338	-25.04565	4.843281
19.82	-5.956011	-5.801648	3.45506	-7	-0.00176245	0.3047876	-20.91033	-19.61053	-3.089592
19.84	-7.490601	-7.099152	-4.497684	-7	-0.07048833	0.7536864	-31.75257	6.007787	-3.885036
19.86	-7.600618	-7.167441	-4.600693	-7	-0.2953818	0.6178718	-5.31939	7.88565	4.785991
19.88	-7.171132	-6.894283	-2.118437	-7	-0.1130716	0.1321076	13.17124	-9.961677	5.735463
19.9	-6.313132	-6.825994	2.54323	-7	-0.4025818	-1.134033	36.85998	0.1909938	3.806601
19.92	-6.157897	-6.757704	3.196614	-7	-0.3121693	-1.495816	33.65734	13.91618	-0.9848881
19.94	-7.878101	-7.850338	-5.379557	-7	0.2439324	-0.3180403	12.58583	17.79404	-1.826707
19.96	-7.897503	-7.850338	-4.585798	-7	0.4342232	0.1317732	33.17268	5.732978	8.015105
19.98	-7.672136	-7.850338	-2.588674	-7	0.8135071	-0.07497252	46.30281	-7.121983	8.350938
20	-5.56847	-6.825994	8.633797	-7	0.4397891	-1.590595	73.87029	1.50397	7.232389
20.02	-5.655592	-6.757704	7.69844	-7	0.7664815	-1.457778	38.44044	18.00779	-5.004045
20.04	-5.842641	-6.757704	6.382784	-7	0.5766542	-0.8010786	16.90258	20.71008	-4.990686
20.06	-7.077354	-6.825994	-0.4398749	-7	1.19689	1.193817	-25.67158	1.77878	-4.571505
20.08	-6.73698	-6.825994	1.507365	-7	0.6103294	1.037364	-10.8871	-23.03038	2.314257
20.1	-6.009298	-5.801648	4.612167	-7	0.7673987	1.163151	-22.4191	-23.6716	0.01672173
20.12	-5.542972	-6.074806	6.555563	-7	-0.1619168	-0.07706594	-15.66984	-9.900609	-4.024967
20.14	-7.866034	-7.50889	-5.562542	-7	-0.2008737	0.5585325	-37.82634	-1.305189	-7.22908
20.16	-7.928548	-7.4406	-5.337354	-7	-0.4982267	0.5621685	-3.663116	-5.518929	5.841134
20.18	-7.952068	-7.4406	-5.042566	-7	-0.07422224	0.3248758	12.84456	-19.8548	6.637281
20.2	-6.697788	-7.4406	2.099513	-7	-0.659159	-1.62694	58.86646	-1.41206	7.483769
20.22	-5.203707	-5.801648	8.983009	-7	0.03465986	-1.622708	43.39265	13.09175	0.4563675
20.24	-6.448225	-7.099152	2.225098	-7	0.1543862	-1.065381	10.79057	28.35893	-7.563811
20.26	-6.896083	-6.825994	-0.2309361	-7	0.4452612	0.3323936	-3.588821	7.015421	-0.9309187
20.28	-6.887804	-6.825994	-0.1115598	-7	0.4438991	0.5616962	-2.141671	-6.144884	1.652693
20.3	-6.440335	-6.825994	2.341078	-7	-0.008064747	-0.2884846	13.11927	-16.96931	1.5868
20.32	-7.049975	-6.825994	-1.024513	-7	0.4963167	0.4667042	-7.105445	4.847482	-1.158184
20.34	-6.376652	-6.825994	2.678428	-7	-0.1223539	-0.3748744	16.18045	-0.2059528	2.476143
20.36	-6.850266	-6.825994	0.007765591	-7	0.2276913	-0.02199623	0.3766406	-2.267021	-1.580468
20.38	-6.635255	-6.757704	1.13482	-7	0.1155447	0.004583839	5.925195	3.900917	1.232636
20.4	-6.516658	-6.757704	1.694265	-7	-0.01629059	-0.3135013	8.667325	-4.984578	0.002339363
20.42	-6.80596	-6.757704	0.04138881	-7	0.2146528	0.1144824	-1.2276	2.69481	-0.7224541
20.44	-6.513793	-6.757704	1.604031	-7	-0.06508093	-0.2433031	8.99301	-0.6945024	1.019192
20.46	-5.469615	-5.528489	6.216889	-7	0.211506	-0.01100627	-2.467126	-1.106716	-0.7223167
20.48	-5.399488	-5.528489	5.670126	-7	0.1496491	0.1963402	-26.43851	1.320765	-6.42511
20.5	-5.158654	-5.460199	6.113114	-7	-0.5891215	-0.215264	-30.03784	-1.121983	-7.050166
20.52	-7.59563	-7.099152	-6.643908	-7	-0.7719202	0.3826303	-48.46762	-17.48839	-8.816158
20.54	-7.306183	-7.167441	-4.47703	-7	-1.680417	-0.715068	7.955425	-20.6945	4.928504
20.56	-7.782073	-7.167441	-6.723992	-7	-0.9391258	-0.6652493	15.89035	-27.28992	3.61963
20.58	-6.414806	-7.099152	1.003067	-7	-1.4146	-2.426231	67.08496	9.458169	7.343884
20.6	-6.627909	-6.757704	-0.3331354	-7	-0.2345574	-1.660239	42.94834	13.13756	-0.07401848
20.62	-6.284099	-6.484545	1.410849	-7	0.4200195	-0.6138306	30.07256	30.12992	1.803185
20.64	-8.019797	-7.782049	-6.953294	-7	1.116556	0.7669055	3.638514	7.152825	0.03687191
20.66	-6.491937	-6.484545	1.47057	-7	1.243366	1.029494	22.62465	12.49634	9.717962
20.68	-6.269221	-6.416255	2.613432	-7	1.579049	1.027354	1.68578	-2.572365	1.024185
20.7	-7.169193	-7.4406	-1.482238	-7	1.227939	1.036591	-6.183574	21.3055	-0.6523848
20.72	-7.918675	-7.50889	-4.767541	-7	1.469664	1.915913	-13.23452	-2.755571	3.605946
20.74	-7.474529	-7.4406	-1.672991	-7	1.199849	1.40365	7.799585	-1.045648	7.631268
20.76	-5.832132	-6.074806	6.62171	-7	1.237309	0.8231121	10.48092	1.56504	4.813604
20.78	-5.797568	-6.143096	6.198403	-7	1.178221	0.7981639	-18.40442	7.50397	-4.65532
20.8	-7.148646	-7.4406	-0.6329706	-7	0.4202099	0.6828975	-26.02767	15.90092	-5.456241
20.82	-6.353786	-6.074806	3.041675	-7	0.3227774	1.042147	-22.12805	3.198628	1.359829
20.84	-6.658191	-6.484545	1.079022	-7	0.1156376	0.7555405	-29.34844	-17.5342	-2.99673
20.86	-7.758015	-7.850338	-4.108885	-7	-0.6992678	-0.1463227	-8.486216	-23.03038	-1.365672
20.88	-8.783123	-7.782049	-9.043131	-7	0.1158167	1.048781	-9.109831	-3.274655	4.605218
20.9	-7.042786	-6.825994	0.3600626	-7	0.2215919	0.3930676	27.33281	-19.07618	11.28655
20.92	-6.923561	-6.825994	0.8294896	-7	0.9085004	0.4443172	9.80404	2.786413	2.00735
20.94	-6.214878	-6.416255	4.302723	-7	0.9705552	0.6105794	3.22842	15.83985	1.559216
20.96	-7.921547	-7.782049	-4.216811	-7	1.077944	1.233065	-19.70001	19.41237	-2.66253
20.98	-7.412188	-7.850338	-0.652478	-7	0.1313097	0.09013748	23.25167	1.381833	6.573866
21	-6.808345	-6.484545	2.051064	-7	1.048604	0.8222955	3.94997	-3.350991	3.27692
21.02	-6.320502	-6.825994	4.544609	-7	0.6260203	0.1618467	7.060822	-6.038013	0.3563919
21.04	-6.367472	-6.825994	4.038641	-7	0.3076109	-0.1282892	-0.3254566	11.10702	-2.873735
21.06	-6.326706	-6.825994	3.987728	-7	-0.2072449	-0.5386304	1.642358	-0.3433574	-2.996351
21.08	-6.913183	-6.825994	0.5209869	-7	-0.05853409	0.05753586	-13.64266	-9.686869	-3.537242
21.1	-6.679207	-6.825994	1.614157	-7	-0.4668819	-0.309028	-0.1215	-13.22885	-0.08506489
21.12	-7.001963	-6.825994	-0.3593687	-7	-0.2641287	-0.0857951	-6.422468	-17.19832	-1.371766
21.14	-6.460136	-6.825994	2.418232	-7	-0.7712053	-0.9560521	15.29117	-9.427327	0.7793894
21.16	-6.982062	-6.894283	-0.6064577	-7	-0.3743315	-0.5581534	2.596224	-5.564731	-2.239516
21.18	-6.173959	-6.757704	3.578272	-7	-0.9344243	-1.48561	27.98698	2.420002	1.098181
21.2	-6.924057	-6.825994	-0.7314482	-7	-0.2753938	-0.680822	3.99738	-2.480762	-3.462649
21.22	-7.449196	-7.782049	-2.868173	-7	-0.6783218	-1.028927	24.33399	4.053589	1.20621
21.24	-8.139674	-7.850338	-5.944504	-7	0.00663577	-0.2791821	24.81788	-4.70977	4.125388
21.26	-7.342875	-7.782049	-0.9770272	-7	-0.05139667	-1.018391	57.29538	1.320765	8.604969
21.28	-7.197577	-7.850338	0.3052464	-7	0.3070928	-1.386354	60.63941	9.458169	4.264166
21.3	-5.913174	-6.416255	6.628561	-7	1.085144	-0.5563522	43.33696	22.57267	3.489261
21.32	-5.791276	-6.143096	6.583842	-7	1.686885	0.6429193	-2.051111	19.00015	-3.646287
21.34	-7.295008	-7.50889	-0.9732503	-7	1.338657	1.347026	-25.91391	12.80168	-4.755554
21.36	-6.266352	-6.074806	4.0825	-7	1.160834	1.796672	-24.10073	-9.213586	2.812691
21.38	-6.116803	-6.484545	4.603501	-7	0.3434537	0.5925136	-21.96441	-21.09145	-3.218147
21.4	-7.474412	-7.850338	-2.104837	-7	-0.6218556	-0.3822726	-11.26755	-3.488395	-4.731979
21.42	-8.159242	-7.850338	-5.28104	-7	-0.6082675	-0.1536626	4.478361	-10.38916	2.401702
21.44	-6.643232	-6.484545	2.372851	-7	-0.2482883	-0.3285008	23.65267	-11.94641	6.745412
21.46	-5.730497	-6.484545	6.706367	-7	-0.5146459	-1.577501	29.78779	2.252062	-1.067094
21.48	-7.36253	-7.782049	-1.752046	-7	-0.487078	-1.277225	11.27024	14.4658	-6.285682
21.5	-8.490789	-7.782049	-7.297717	-7	0.4091483	0.7516479	-1.317898	1.015421	2.805104
21.52	-8.076769	-7.850338	-4.277762	-7	0.550903	0.6307933	25.90045	-11.91588	9.834849
21.54	-7.205831	-7.713759	0.9194748	-7	0.4771292	-0.5410288	49.97623	0.3589324	7.795143
21.56	-5.953363	-6.416255	7.000385	-7	1.09938	-0.2854662	33.669	18.38947	2.834714
21.58	-5.242281	-6.074806	9.970374	-7	1.012789	-0.2329084	7.954191	21.99252	-4.182363
21.6	-7.080257	-7.4406	0.2869613	-7	0.7187835	0.4716542	-25.55939	7.244429	-8.844783
21.62	-7.383839	-7.577179	-0.8902298	-7	-0.05739705	0.3083641	-5.127133	-13.54946	0.7388697
21.64	-6.89566	-6.484545	1.216648	-7	0.3774665	0.7878513	-10.64743	-26.51129	2.098441
21.66	-7.475555	-7.782049	-1.379462	-7	-0.2517515	-0.2546512	5.113385	-3.870075	-0.1890364
21.68	-7.789659	-7.782049	-2.668205	-7	-0.2100113	-0.3225137	16.84989	-0.8624413	2.800179
21.7	-6.59557	-6.416255	3.133836	-7	0.4373677	0.1764649	15.49735	1.07649	4.858347
21.72	-6.215491	-6.416255	4.617783	-7	0.6217082	0.1934256	-0.3682456	5.244429	-1.284734
21.74	-6.263858	-6.416255	3.876689	-7	0.5242168	0.4859025	-16.89143	13.32076	-3.5168
21.76	-6.21048	-6.416255	3.745817	-7	0.02910458	0.2636417	-19.4099	-5.595265	-3.526964
21.78	-6.556841	-6.484545	1.488729	-7	-0.2357469	0.2803251	-25.98976	-9.473127	-4.161665
21.8	-7.51488	-7.782049	-3.053238	-7	-1.166851	-0.8187264	-1.138549	-17.13725	-2.265548
21.82	-8.354824	-7.782049	-7.088668	-7	-0.6735401	-0.2204823	7.03266	-13.19832	2.935998
21.84	-8.139817	-7.850338	-5.282276	-7	-0.3098207	-0.3383198	33.82702	-1.228854	8.504716
21.86	-6.223752	-6.484545	4.581858	-7	0.1836642	-0.8313339	49.25401	-5.13725	8.008902
21.88	-5.952971	-6.143096	5.267652	-7	1.073139	0.004636019	9.259043	15.56504	-2.277356
21.9	-6.697006	-7.50889	1.748573	7	0.300525	-0.4388883	10.33871	25.91619	-3.253437
21.92	-5.469106	-5.801648	7.45499	7	0.301463	-0.1708628	8.408828	23.45817	0.5891399
21.94	-4.814827	-5.801648	10.04052	7	-0.47333	-1.329979	7.853275	-11.64107	-5.794201
21.96	-4.915681	-5.733358	8.434529	7	-1.096459	-1.746534	-2.33782	-9.931143	-9.464666
21.98	-5.569835	-5.733358	3.93797	7	-1.241835	-1.173849	-17.26629	-8.969311	-8.602904
22	-5.891363	-5.733358	1.455451	7	-1.353458	-0.808216	-14.76836	-21.16778	-4.074872
22.02	-5.689337	-5.869938	2.019488	7	-1.808959	-1.639783	10.43288	-26.6487	-1.115996
22.04	-5.407938	-5.869938	2.96981	7	-2.076567	-2.631447	33.81259	-24.11435	-1.133545
22.06	-6.610824	-7.167441	-3.103736	7	-2.159026	-3.211553	53.04092	-0.4196933	-1.472958
22.08	-6.919715	-7.235731	-4.235197	7	-1.584294	-2.946006	81.00013	3.030688	6.556577
22.1	-6.38344	-6.825994	-1.061744	7	-0.5191849	-2.578785	98.97371	10.11466	10.04904
22.12	-6.874686	-7.782049	-2.630341	7	0.2838017	-2.437493	109.0832	10.49634	8.763832
22.14	-5.607068	-6.143096	4.108118	7	1.925854	-0.7595696	96.9496	30.19099	12.58668
22.16	-6.535211	-7.50889	0.2037234	7	2.664111	0.02450322	75.57726	33.19862	6.728694
22.18	-6.227136	-7.167441	2.785342	7	3.088602	0.813024	75.879	35.54977	12.06667
22.2	-6.147452	-6.757704	3.740809	7	3.942416	1.975521	51.96124	33.30549	10.39988
22.22	-6.797648	-7.850338	1.635968	7	3.713412	1.897768	52.98692	15.01542	10.07702
22.24	-7.543791	-7.782049	-1.193306	7	4.426768	3.216813	38.20401	28.43527	13.21836
22.26	-6.724308	-7.782049	4.414463	7	3.997699	2.340753	67.79929	11.04595	17.60406
22.28	-7.209266	-7.782049	2.639449	7	4.698065	2.961832	47.97238	21.36657	12.7033
22.3	-6.67702	-7.850338	6.430347	7	4.371199	2.494922	63.84697	19.87038	15.58233
22.32	-6.645519	-6.757704	6.473364	7	5.655514	4.393878	19.82761	22.22153	12.28862
22.34	-6.931601	-8.123497	6.04987	7	4.72159	3.473773	34.69518	6.801681	12.57281
22.36	-7.217127	-7.167441	4.638356	7	5.568942	5.021602	5.924349	7.99252	13.43642
22.38	-5.171596	-6.211386	15.2019	7	4.797455	3.872044	26.69208	-0.8624413	15.51535
22.4	-6.397636	-6.757704	8.253156	7	5.068986	4.521494	-19.75255	-1.457861	3.733029
22.42	-6.57479	-7.099152	7.461401	7	4.198292	4.309636	-6.586032	6.129925	10.67129
22.44	-7.785223	-7.782049	1.46203	7	4.076604	4.359838	-4.175694	-12.52656	11.61491
22.46	-6.45925	-7.099152	8.626598	7	3.424001	2.986415	42.50028	-12.20595	19.04108
22.48	-5.982789	-6.416255	10.41966	7	3.998963	2.931475	31.57538	-2.465495	12.29568
22.5	-4.937304	-5.733358	14.93083	7	4.030477	2.906006	25.84842	12.66428	10.70421
22.52	-6.510747	-6.484545	5.99166	7	4.699522	4.484227	-18.29044	7.977253	5.483262
22.54	-5.518303	-5.801648	10.74785	7	4.24827	4.463664	1.411675	-0.9235098	15.12888
22.56	-6.843199	-6.484545	3.445543	7	4.770068	5.237985	-22.58323	-18.16015	10.17149
22.58	-4.547397	-6.143096	15.59829	7	2.766207	1.936038	57.88987	6.984887	18.59916
22.6	-4.0067	-4.026116	16.14177	7	4.304926	3.379164	-1.024491	-4.419693	5.765226
22.62	-4.956398	-5.050462	10.03873	7	4.3974	4.629407	-33.47397	18.86275	4.382414
22.64	-6.11597	-4.777303	2.955621	7	5.405734	7.349337	-72.93974	-11.56473	10.36652
22.66	-4.198347	-4.367564	12.55157	7	4.051322	5.382503	-19.54214	-27.93114	18.2876
22.68	-4.038533	-4.094406	12.09826	7	3.883529	4.434213	-27.95175	-2.404426	7.933753
22.7	-3.656658	-3.684668	12.69566	7	3.599594	4.328894	-30.81871	14.06886	7.917393
22.72	-3.037345	-2.387164	13.76371	7	4.116914	5.457444	-60.52344	-6.160151	6.711963
22.74	-3.311843	-3.411509	11.14382	7	3.047566	4.411552	-51.96291	-4.984578	4.627415
22.76	-1.914048	-2.045715	16.5169	7	2.267672	3.35641	-34.45309	-14.92351	6.700788
22.78	-1.162303	-1.635977	18.11365	7	1.459942	2.024265	-32.71605	-12.5571	-0.0482831
22.8	-1.313827	-1.635977	14.9975	7	0.7884082	1.485847	-37.92035	-15.58	-3.218473
22.82	-2.012588	-1.704267	9.27015	7	0.634187	1.905586	-44.08646	-24.03801	-1.096235
22.84	-0.2921664	-0.2701836	15.861	7	0.1973986	1.215175	-19.50054	-35.47313	4.632175
22.86	-0.2498156	-0.3384733	13.5959	7	0.04720668	0.6278979	-27.78732	-25.51893	-3.131344
22.88	0.3793141	0.9590311	13.91747	7	0.5610318	1.798646	-50.0257	-3.473128	-1.624833
22.9	-0.006649584	0.002975464	9.981659	7	-0.1778386	1.069509	-42.15712	0.7711462	-3.02147
22.92	0.6961237	1.02732	11.36002	7	-0.3185752	0.943769	-33.05593	-16.31282	0.4984102
22.94	0.7005942	0.9590311	9.30046	7	-0.4241084	0.6346734	-30.92357	-11.04565	-1.522924
22.96	1.474659	1.300479	11.42786	7	-0.9534352	-0.3375724	-8.086843	-16.58763	0.2551241
22.98	0.8928492	1.300479	6.408269	7	-0.4534231	0.2399974	-22.19395	-1.274655	-2.466573
23	1.384376	1.710217	7.333942	7	-0.3050806	0.49872	-11.18773	-7.259387	2.816936
23.02	1.499301	1.915086	6.32886	7	0.1434624	0.8231025	-14.82325	0.3131309	1.891502
23.04	2.49233	2.256536	10.10675	7	-0.1739438	0.0161767	4.79287	-3.350991	3.006869
23.06	2.845074	2.597983	10.25011	7	-0.1129559	-0.248318	-0.3901662	9.473436	-1.3319
23.08	3.058846	2.871142	9.695758	7	-0.09884023	-0.07721746	-7.262154	9.351298	-2.068901
23.1	4.192182	4.441804	13.19045	7	0.4089405	0.8936974	-30.36658	5.168093	-2.113873
23.12	4.233924	3.895488	11.57172	7	-0.3164195	0.2351135	-37.10499	-4.877708	-7.102365
23.14	4.081827	4.236936	8.825058	7	-0.6425777	0.4203147	-47.37318	-5.824273	-6.814491
23.16	4.688364	4.919833	9.923199	7	-1.044683	0.2240608	-45.02407	-11.47313	-4.971576
23.18	4.725941	5.124701	8.00803	7	-1.24752	0.1396563	-52.81384	-19.30519	-7.235525
23.2	4.413469	4.510095	4.952074	7	-2.055235	-0.7813376	-35.08289	-24.22122	-6.207231
23.22	4.892947	5.056413	5.857757	7	-2.392768	-1.486532	-14.11175	-14.31282	-3.412003
23.24	5.483893	5.739308	7.003102	7	-2.166638	-1.59268	-12.39619	-13.24412	-4.606101
23.26	6.437778	6.422206	9.882326	7	-2.161182	-1.829362	-12.44042	-5.076181	-6.260785
23.28	4.902115	4.851542	0.774721	7	-2.453968	-2.050218	-16.71405	0.9696196	-10.27606
23.3	5.505871	5.807599	2.756117	7	-2.331854	-1.753017	3.53968	-1.137251	-0.6650515
23.32	6.317903	6.422206	5.546639	7	-1.972923	-1.930367	7.60578	-4.129617	-2.489906
23.34	4.875304	4.783254	-2.362591	7	-1.996027	-2.100676	9.219873	-8.511295	-5.653556
23.36	4.742521	4.919833	-3.113062	7	-1.666133	-1.743495	32.35387	9.763513	3.330727
23.38	4.471934	4.851542	-4.459523	7	-0.6639991	-1.049917	37.57856	5.137558	5.364326
23.4	6.337204	5.807599	5.156303	7	-0.4075024	-1.700382	65.14962	9.824581	8.248004
23.42	6.504972	5.807599	5.513475	7	0.1891647	-1.596118	43.14064	28.48107	-1.545605
23.44	6.078773	5.739308	2.922349	7	0.7080299	-0.3291678	15.54567	34.80168	-2.222126
23.46	5.697211	5.739308	0.7894175	7	1.083786	0.8633631	-3.220387	24.57267	0.2641058
23.48	5.622567	5.875888	0.3493366	7	1.331451	1.615535	-13.50417	1.381833	2.464627
23.5	5.605178	5.739308	0.3785653	7	1.227951	1.612752	-13.40465	-15.03038	2.916997
23.52	7.459543	6.763654	9.65023	7	0.3674673	0.04021358	10.74611	-5.579998	2.869643
23.54	7.412708	6.763654	8.403687	7	0.003448963	-0.5756069	-11.30378	14.83222	-7.972217
23.56	7.063388	6.763654	5.637721	7	-0.4468616	-0.3166264	-26.25331	5.442902	-8.046158
23.58	8.131735	8.197738	9.547999	7	-0.6352327	0.01471359	-38.17527	-0.480762	-6.209375
23.6	6.131902	6.422206	-1.599978	7	-1.09915	0.09925033	-58.56575	-18.86244	-11.90402
23.62	6.947459	7.378261	1.921999	7	-1.682938	-0.2064123	-29.2459	-31.88534	-0.5898209
23.64	5.61584	6.080756	-5.222928	7	-1.837138	-0.8164476	-21.48293	-36.58763	-4.511468
23.66	6.181764	6.080756	-2.042887	7	-2.428453	-2.178976	31.00279	-12.00748	3.707716
23.68	5.709163	6.149047	-4.691217	7	-1.383588	-1.671748	28.24426	12.02305	1.311978
23.7	6.149922	6.149047	-2.159391	7	-0.8644681	-1.517073	45.3612	9.259695	5.326837
23.72	6.363704	6.149047	-0.8368765	7	-0.2345552	-1.355789	46.9413	27.61084	3.673269
23.74	6.594789	6.080756	0.6868873	7	0.09761137	-1.275926	48.59093	18.84748	2.982555
23.76	7.852744	7.309972	6.812802	7	0.5918027	-0.8339634	36.56802	28.34366	1.781019
23.78	6.479835	6.080756	-0.2584629	7	0.8148557	-0.09795412	3.398984	14.20626	-5.267833
23.8	6.425937	6.149047	-0.111627	7	0.53746	0.2422056	10.6709	2.908551	1.979294
23.82	7.237704	7.036813	3.918741	7	0.6103349	0.2156559	9.052344	-7.091449	1.934369
23.84	7.201682	6.763654	3.547148	7	0.344336	-0.1254256	0.6769686	-10.32809	-2.720026
23.86	6.338497	6.695365	-1.214035	7	0.7532924	1.105353	-26.40221	8.48107	-2.930193
23.88	6.305067	6.763654	-1.348837	7	0.7463211	1.626059	-26.33491	-1.717403	1.96154
23.9	7.277497	7.378261	3.454759	7	0.4356764	1.001389	-16.352	-9.686869	2.148841
23.92	7.364165	7.309972	3.422168	7	0.1287946	0.4675317	-23.57139	-13.50366	-3.432551
23.94	6.728095	7.378261	-0.5145552	7	0.4317117	1.499338	-48.93457	9.565039	-4.148436
23.96	6.533504	7.309972	-1.797205	7	0.3508414	1.953454	-51.09201	0.7253447	-0.3957748
23.98	6.90698	7.105102	0.1544758	7	-0.4238238	0.7207929	-26.07545	-13.01511	0.8292427
24	6.954079	7.036813	0.2065399	7	-0.8365264	-0.2464687	-12.85531	-20.29756	-1.380457
24.02	7.29589	7.036813	1.777431	7	-1.357175	-1.313404	7.277246	-5.915876	-1.505627
24.04	6.991652	7.036813	-0.2187926	7	-1.157869	-1.231053	3.466012	13.73298	-3.265845
24.06	6.91188	7.036813	-0.8685358	7	-0.9531892	-0.923375	5.494993	0.7864138	-1.052436
24.08	7.116413	7.036813	0.08982888	7	-0.931622	-1.124602	14.42129	-5.94641	-0.1082821
24.1	7.024343	6.968522	-0.4949556	7	-0.7201165	-1.050321	13.9883	-2.358624	-0.9245329
24.12	7.018478	7.036813	-0.596263	7	-0.4296928	-0.7027148	11.83797	0.9696196	-0.08651161
24.14	7.098141	7.036813	-0.1713646	7	-0.2693498	-0.5672944	11.90492	1.351299	0.239109
24.16	7.306836	7.105102	0.9138592	7	-0.250926	-0.6594657	13.53212	1.18336	-0.07332325
24.18	7.234357	7.036813	0.5202154	7	-0.2074095	-0.6212614	9.920111	1.916184	-1.249163
24.2	7.210066	7.036813	0.405075	7	-0.2092484	-0.5387334	8.681334	3.565039	-0.8882046
24.22	7.097761	6.968522	-0.1311174	7	-0.1966255	-0.4657998	7.391291	2.69481	-0.8032923
24.24	7.253669	7.036813	0.7276828	7	-0.2925177	-0.621262	11.51216	-0.7708384	-0.206955
24.26	7.136631	7.036813	0.08033371	7	-0.1815676	-0.4780932	6.674031	0.1451923	-1.143281
24.28	7.179233	7.036813	0.3298529	7	-0.2121878	-0.460485	7.678365	0.1909938	-0.4665766
24.3	7.158589	7.036813	0.2251311	7	-0.2005903	-0.4468133	6.644366	-0.3433574	-0.7466049
24.32	7.055634	6.968522	-0.2666462	7	-0.1807277	-0.3782478	5.63201	0.2062606	-0.6538134
24.34	7.149605	7.036813	0.2564634	7	-0.1974767	-0.407778	7.574441	0.02305488	-0.09129906
24.36	7.157609	7.036813	0.2986718	7	-0.1847073	-0.4298704	6.748353	0.1604595	-0.6343184
24.38	7.208133	7.036813	0.5694293	7	-0.2428884	-0.5126014	7.787476	-0.05328102	-0.7017822
24.4	7.116252	7.036813	0.05968559	7	-0.1821242	-0.3908107	4.465104	-0.03801384	-1.042341
24.42	7.103942	6.968522	0.05278903	7	-0.2559446	-0.4536021	6.724051	0.03832205	-0.5222931
24.44	7.197312	7.105102	0.4922371	7	-0.2193132	-0.4294828	6.245423	-0.08381538	-0.5005007
24.46	7.113153	7.036813	0.0332188	7	-0.1863399	-0.363119	3.733189	0.09939077	-1.002815
24.48	7.22896	7.105102	0.6158677	7	-0.2451437	-0.4218999	5.457008	0.03832205	-0.5392342
24.5	7.178223	7.105102	0.2845636	7	-0.2171518	-0.3741973	2.568136	-0.02274666	-1.224389
24.52	7.135742	7.036813	0.06878078	7	-0.2840423	-0.4098692	3.495114	0.02305488	-0.9433556
24.54	7.11385	7.036813	-0.04519653	7	-0.3080848	-0.4387414	4.498486	-0.02274666	-0.7400341
24.56	7.082033	7.036813	-0.2139532	7	-0.2775161	-0.4041758	4.50095	0.02305488	-0.6060934
24.58	7.146836	7.105102	0.09624897	7	-0.234026	-0.3627173	4.533826	-0.007479484	-0.3850765
24.6	7.147856	7.105102	0.06972139	7	-0.1925605	-0.3162633	3.005929	0.02305488	-0.7068214
24.62	7.051233	6.968522	-0.3690971	7	-0.2427106	-0.3666123	4.04827	0.09939077	-0.7001467
24.64	7.034554	6.968522	-0.38781	7	-0.2512068	-0.3913964	6.10114	-0.0685482	-0.1965256
24.66	7.046535	6.968522	-0.2637672	7	-0.2298044	-0.4216535	7.613542	0.03832205	-0.09247971
24.68	7.186084	7.105102	0.4382212	7	-0.1628048	-0.3878885	7.172922	0.03832205	-0.1403685
24.7	7.138156	7.036813	0.184701	7	-0.1378926	-0.3551053	4.644064	0.1299247	-0.9004002
24.72	7.148477	7.036813	0.2544827	7	-0.1739973	-0.354401	4.651457	0.03832205	-0.6751719
24.74	7.14586	7.036813	0.2440602	7	-0.2069554	-0.3839626	4.521727	-0.02274666	-0.7922344
24.76	7.162023	7.036813	0.3273712	7	-0.2597751	-0.4478312	5.255268	-0.1601513	-0.8235655
24.78	7.123143	7.036813	0.1041311	7	-0.2563938	-0.4251303	4.292531	-0.02274666	-0.9562035
24.8	7.121853	7.036813	0.09106848	7	-0.2707268	-0.4236493	4.653182	0.007787696	-0.7417936
24.82	7.181172	7.105102	0.3520998	7	-0.2596194	-0.413967	4.341834	0.02305488	-0.7366638
24.84	7.060803	6.968522	-0.24888	7	-0.2915126	-0.4446979	4.187706	0.1299247	-1.056734
24.86	7.131033	7.105102	0.07824345	7	-0.2353442	-0.3456728	3.909122	0.02305488	-0.4028063
24.88	7.179729	7.105102	0.2979952	7	-0.2390124	-0.3773043	3.681805	0.007787696	-0.7443199
24.9	7.128237	7.036813	0.02866399	7	-0.2754641	-0.4170805	3.551811	-0.02274666	-1.025037
24.92	7.09522	7.036813	-0.1418935	7	-0.2782512	-0.3953996	3.69752	-0.007479484	-0.7656536
24.94	7.102138	7.036813	-0.09533206	7	-0.2850206	-0.41434	4.690687	0.03832205	-0.5720243
24.96	7.098435	7.036813	-0.1094877	7	-0.2678274	-0.4130211	4.875999	-0.03801384	-0.5990667
24.98	7.104201	7.036813	-0.07000014	7	-0.2529592	-0.4069569	5.084233	0.007787696	-0.5601435
25	7.197606	7.105102	0.3902363	7	-0.2521125	-0.4317621	5.446603	0.007787696	-0.5827599
25.02	7.14107	7.036813	0.08909464	7	-0.2673586	-0.4530213	4.422708	-0.007479484	-1.111304
25.04	7.039977	6.968522	-0.3961932	7	-0.2757904	-0.418503	4.449312	0.007787696	-0.8253479
25.06	7.134966	7.036813	0.1236102	7	-0.3012469	-0.4782184	7.074347	-0.007479484	-0.2662697
25.08	7.12709	7.036813	0.0717513	7	-0.26666	-0.4789966	6.100673	-0.05328102	-0.794631
25.1	7.123946	7.036813	0.05478826	7	-0.2482792	-0.4395575	5.495111	0.007787696	-0.7395916
25.12	7.107539	7.036813	-0.02892846	7	-0.2243353	-0.3902303	4.589653	0.02305488	-0.725481
25.14	7.200083	7.105102	0.4280364	7	-0.2355853	-0.4066484	4.837683	-0.007479484	-0.6378784
25.16	7.129313	7.036813	0.04970673	7	-0.2498727	-0.4129189	3.378711	-0.02274666	-1.178963
25.18	7.122819	7.036813	0.02326021	7	-0.2854764	-0.4216995	4.084214	0.02305488	-0.8190928
25.2	7.124457	7.036813	0.03298455	7	-0.3084729	-0.4607399	4.803031	0.03832205	-0.8048449
25.22	7.170137	7.105102	0.2249603	7	-0.2840869	-0.433183	4.169646	0.02305488	-0.8203459
25.24	7.125809	7.036813	-0.009892434	7	-0.3085189	-0.4592873	4.007928	-0.08381538	-1.057173
25.26	7.121803	7.036813	-0.02737722	7	-0.3312818	-0.4803087	4.89222	-0.02274666	-0.8263788
25.28	7.099102	7.036813	-0.1492369	7	-0.3118184	-0.4600601	4.74973	0.02305488	-0.804203
25.3	7.024142	6.968522	-0.4946892	7	-0.2964636	-0.4373986	5.11028	-0.007479484	-0.6540909
25.32	7.027236	6.968522	-0.417088	7	-0.2751024	-0.4331049	6.68306	-0.03801384	-0.216321
25.34	7.045412	6.968522	-0.2650635	7	-0.2405509	-0.4437434	7.58774	0.03832205	-0.2086382
25.36	7.195617	7.105102	0.4911813	7	-0.1842005	-0.4167259	7.020027	0.05358881	-0.296237
25.38	7.152849	7.036813	0.2592059	7	-0.1782169	-0.4034904	4.458751	0.0841236	-1.134469
25.4	7.236783	7.105102	0.66461	7	-0.2311165	-0.4243023	4.360373	0.02305488	-0.9573984
25.42	7.118585	7.036813	0.02137882	7	-0.2430065	-0.3829142	1.631738	-0.22122	-1.499043
25.44	7.048175	6.968522	-0.3000969	7	-0.3146617	-0.4099492	3.247853	0.05358881	-0.8827448
25.46	7.072545	7.036813	-0.1750387	7	-0.2960181	-0.3953811	4.008596	-0.02274666	-0.5235147
25.48	7.095942	7.036813	-0.05453336	7	-0.2877296	-0.4191481	4.505731	0.02305488	-0.6243486
25.5	7.119797	7.036813	0.06707674	7	-0.2955336	-0.4542104	4.982824	0.03832205	-0.7403717
25.52	7.053807	6.968522	-0.247598	7	-0.3053943	-0.4715952	5.136567	0.007787696	-0.8766766
25.54	7.037366	6.968522	-0.2951349	7	-0.2928638	-0.4550837	5.994666	-0.03801384	-0.5144262
25.56	7.184999	7.105102	0.4362942	7	-0.2565812	-0.4490972	6.264412	-0.007479484	-0.4059219
25.58	7.133003	7.036813	0.1421981	7	-0.2442018	-0.4390209	4.013275	0.05358881	-1.213
25.6	7.197973	7.105102	0.438237	7	-0.2642767	-0.418693	3.622828	-0.007479484	-0.9523439
25.62	7.148889	7.036813	0.1670348	7	-0.3234191	-0.4782922	3.297579	0.007787696	-1.346612
25.64	7.104737	7.036813	-0.08021319	7	-0.3411779	-0.4584162	3.132239	0.007787696	-1.12157
25.66	7.053645	7.036813	-0.3592348	7	-0.3070066	-0.3835471	2.432634	0.007787696	-0.8737516
25.68	7.143032	7.105102	0.0800059	7	-0.3002995	-0.3874665	3.385316	-0.007479484	-0.5490437
25.7	7.081799	7.036813	-0.2440635	7	-0.2927681	-0.3942867	2.527691	0.03832205	-1.025891
25.72	7.098112	7.036813	-0.1430962	7	-0.319094	-0.42365	3.918466	0.02305488	-0.6814642
25.74	7.103069	7.036813	-0.1127806	7	-0.3228406	-0.4573123	4.496796	0.03832205	-0.7759581
25.76	7.03799	6.968522	-0.4106834	7	-0.3271531	-0.4738363	5.072833	0.02305488	-0.7972755
25.78	7.153035	7.105102	0.1589861	7	-0.2775069	-0.4269588	5.240365	0.02305488	-0.4293289
25.8	7.173679	7.105102	0.2230482	7	-0.2491136	-0.4072126	3.346887	-0.02274666	-1.037098
25.82	7.111503	7.036813	-0.09751567	7	-0.2751141	-0.3975113	2.490581	0.05358881	-1.164896
25.84	7.085163	7.036813	-0.2237398	7	-0.2888947	-0.3789119	2.663779	-0.0685482	-0.8579683
25.86	7.09271	7.036813	-0.1697701	7	-0.3066827	-0.4090691	3.593601	0.02305488	-0.7218466
25.88	7.16869	7.105102	0.1948397	7	-0.3052444	-0.4329745	3.873107	0.007787696	-0.7693024
25.9	7.200779	7.105102	0.3198718	7	-0.3345535	-0.4868819	3.568144	0.02305488	-1.191626
25.92	7.074677	7.036813	-0.3555773	7	-0.3179086	-0.4119937	1.444185	-0.03801384	-1.397749
25.94	7.128185	7.105102	-0.09595652	7	-0.3176103	-0.3721881	2.241512	0.02305488	-0.6895542
25.96	7.077476	7.036813	-0.3492213	7	-0.3301999	-0.4084833	2.437501	0.02305488	-0.9703007
25.98	7.150622	7.105102	0.01387691	7	-0.334376	-0.4272805	3.48281	0.007787696	-0.6869965
26	7.14567	7.105102	-0.0482464	7	-0.3138351	-0.4159926	2.339767	-0.02274666	-1.082644
26.02	7.141644	7.105102	-0.09485835	7	-0.3125307	-0.3896188	1.749342	0.02305488	-1.046282
26.04	7.053653	7.036813	-0.5370365	7	-0.3110435	-0.3594117	1.270659	-0.08381538	-1.02561
26.06	7.054627	7.036813	-0.4941394	7	-0.3184744	-0.3672413	2.850952	-0.02274666	-0.5315704
26.08	7.04852	7.036813	-0.4967858	7	-0.2869353	-0.3615062	3.26496	0.06885641	-0.5240717
26.1	7.096441	7.036813	-0.208411	7	-0.297913	-0.420712	4.869158	0.114658	-0.4650259
26.12	7.168111	7.105102	0.1437605	7	-0.2716469	-0.4249714	4.336844	0.02305488	-0.7416687
26.14	7.024075	6.968522	-0.5616067	7	-0.2669701	-0.3932979	2.828857	0.1757267	-1.146857
26.16	7.09221	7.036813	-0.168072	7	-0.2804008	-0.3925483	4.64106	0.06885641	-0.3720074
26.18	7.079103	7.036813	-0.2268376	7	-0.2437148	-0.3732814	3.553297	0.4352683	-0.7641945
26.2	7.228129	7.105102	0.5400839	7	-0.3064763	-0.4839674	5.435508	0.4200015	-0.6938124
26.22	7.127275	7.036813	-0.01122791	7	-0.3077798	-0.4786492	2.830382	2.832215	-1.584026
26.24	6.995267	7.036813	-0.7113454	7	-0.2182746	-0.2387092	-0.6135565	-0.5112964	-1.056993
26.26	7.142254	7.105102	0.06879842	7	-0.2717883	-0.3044405	2.329406	0.2673298	-0.2823553
26.28	7.138353	7.105102	0.009775162	7	-0.264201	-0.3364776	0.7755541	-0.05328102	-1.130926
26.3	7.084709	7.036813	-0.2586123	7	-0.312908	-0.3659104	1.007403	0.03832205	-1.126096
26.32	6.957818	6.968522	-0.8742725	7	-0.3016157	-0.3147651	0.8602039	-0.0685482	-0.8628178
26.34	7.037767	7.036813	-0.4206198	7	-0.2941717	-0.3283187	3.301158	0.02305488	-0.1355476
26.36	6.987747	6.968522	-0.6287619	7	-0.2666827	-0.3542122	3.488801	0.1451923	-0.5518751
26.38	7.02249	7.036813	-0.4283935	7	-0.1887769	-0.2581189	2.814399	-0.007479484	-0.2596884
26.4	7.074344	7.036813	-0.1291782	7	-0.1802237	-0.2750736	2.912542	0.1757267	-0.4219265
26.42	7.118994	7.036813	0.1214548	7	-0.2178822	-0.3457159	3.200813	-0.007479484	-0.7430449
26.44	7.163251	7.105102	0.3054323	7	-0.2155392	-0.3255194	1.460732	-0.08381538	-1.056956
26.46	7.14087	7.105102	0.135258	7	-0.2256185	-0.2782475	-0.8948476	-0.007479484	-1.344807
26.48	7.031562	6.968522	-0.3933474	7	-0.3303368	-0.358951	0.2600262	-0.1448841	-1.264034
26.5	7.04833	7.036813	-0.3086382	7	-0.3453058	-0.3667047	1.611583	0.007787696	-0.7199402
26.52	6.996034	7.036813	-0.5977851	7	-0.277338	-0.280606	0.2326022	-0.007479484	-0.7901316
26.54	7.024429	7.036813	-0.4325852	7	-0.2670307	-0.2721725	1.239881	0.0841236	-0.4400215
26.56	7.041404	7.036813	-0.3330544	7	-0.2548922	-0.2909387	1.545928	-0.007479484	-0.5786619
26.58	7.065673	7.036813	-0.1962703	7	-0.2627458	-0.3230538	2.019549	-0.02274666	-0.6666069
26.6	7.050426	7.036813	-0.2771739	7	-0.2448862	-0.2992371	1.225873	0.09939077	-0.8137846
26.62	7.091803	7.036813	-0.0496631	7	-0.2871812	-0.3616639	2.445814	0.007787696	-0.7312765
26.64	7.03591	7.036813	-0.3578155	7	-0.2453679	-0.2932199	0.4990605	-0.09908256	-0.9939661
26.66	6.963696	6.968522	-0.6864483	7	-0.2464775	-0.256997	0.7161827	-0.007479484	-0.6702814
26.68	7.150265	7.105102	0.2733927	7	-0.2774514	-0.3435889	3.236488	0.02305488	-0.2708836
26.7	7.070175	7.036813	-0.1731101	7	-0.2571639	-0.3426974	0.6395712	0.007787696	-1.324476
26.72	7.124736	7.036813	0.1195619	7	-0.3468677	-0.4348234	2.907428	0.2062606	-0.8930559
26.74	7.074648	7.036813	-0.1733728	7	-0.3380254	-0.4237733	1.69686	-0.22122	-1.24789
26.76	7.03308	7.036813	-0.4070551	7	-0.3086227	-0.3415555	0.8329098	0.02305488	-0.9588089
26.78	7.025237	7.036813	-0.4463198	7	-0.2877961	-0.3016803	0.8961121	0.06885641	-0.6971636
26.8	7.105187	7.105102	-0.05971434	7	-0.2693871	-0.2964443	1.021703	-0.03801384	-0.6285105
26.82	7.119065	7.105102	-0.02863964	7	-0.26526	-0.2982747	-0.1623283	-0.05328102	-1.060349
26.84	6.979648	6.968522	-0.7148185	7	-0.3002632	-0.3036086	-0.3762391	0.02305488	-1.149895
26.86	6.961607	6.968522	-0.7467272	7	-0.3171417	-0.3155139	1.939302	0.03832205	-0.3961315
26.88	7.050275	7.036813	-0.2674649	7	-0.2993024	-0.3632174	3.664017	-0.03801384	-0.2768154
26.9	7.116769	7.105102	0.03374017	7	-0.2373305	-0.3258712	2.044307	0.06885641	-0.7427626
26.92	7.015059	6.968522	-0.4571625	7	-0.2646356	-0.3405187	1.412456	0.007787696	-1.095007
26.94	7.151454	7.105102	0.2301882	7	-0.2845759	-0.3607553	2.675116	-0.1143497	-0.5714197
26.96	7.078254	7.036813	-0.1730675	7	-0.2852824	-0.3669876	0.7435857	0.06885641	-1.348363
26.98	7.168938	7.105102	0.2646418	7	-0.3393395	-0.4106287	1.90156	-0.007479484	-0.9640207
27	7.061052	7.036813	-0.3279407	7	-0.33851	-0.3895306	-0.01434791	0.06885641	-1.500593
27.02	7.042399	7.036813	-0.4238749	7	-0.3549424	-0.3642348	0.8285055	-0.08381538	-0.9006376
27.04	7.041186	7.036813	-0.4274952	7	-0.3528998	-0.3800215	1.670695	-0.007479484	-0.78162
27.06	6.960154	6.968522	-0.8093489	7	-0.3289392	-0.3609988	1.93645	0.02305488	-0.7477827
27.08	7.070926	7.036813	-0.2051817	7	-0.3345195	-0.416589	4.574598	0.03832205	-0.2619886
27.1	7.079762	7.036813	-0.1663055	7	-0.2979587	-0.427801	3.702715	0.05358881	-0.8620596
27.12	7.129469	7.105102	0.04991573	7	-0.2504487	-0.3480156	1.946291	0.0841236	-0.9020596
27.14	7.065081	7.036813	-0.285948	7	-0.2526447	-0.3122868	0.3421955	-0.02274666	-1.176787
27.16	7.066231	7.036813	-0.2631753	7	-0.2871767	-0.322601	0.996647	-0.08381538	-0.8517828
27.18	7.056705	7.036813	-0.3070919	7	-0.2980349	-0.3382387	1.123021	0.007787696	-0.8888578
27.2	7.07881	7.036813	-0.1837267	7	-0.3298608	-0.3918672	2.170795	0.007787696	-0.8459949
27.22	7.044727	7.036813	-0.3711988	7	-0.3042537	-0.3564187	1.224735	-0.1143497	-0.9854078
27.24	7.046088	7.036813	-0.3579992	7	-0.2987196	-0.3369115	1.401391	-0.02274666	-0.7810364
27.26	7.032128	7.036813	-0.4267603	7	-0.2745347	-0.3044251	0.9196521	0.007787696	-0.7837687
27.28	7.001281	6.968522	-0.5315807	7	-0.3086394	-0.3599917	2.372647	0.007787696	-0.6954231
27.3	6.991434	6.968522	-0.5356944	7	-0.3014211	-0.3760383	3.394262	0.0841236	-0.5435181
27.32	7.026318	7.036813	-0.3538124	7	-0.2279905	-0.2969982	2.425401	-0.05328102	-0.4798441
27.34	7.084001	7.036813	-0.04048675	7	-0.2364826	-0.3302506	2.678872	0.0841236	-0.6426096
27.36	7.091288	7.036813	-0.008062571	7	-0.2483513	-0.3468408	1.834073	0.06885641	-0.9989338
27.38	7.082081	7.036813	-0.06620154	7	-0.2674497	-0.340712	1.070584	-0.007479484	-1.081818
27.4	7.058633	7.036813	-0.2012891	7	-0.2766869	-0.316372	0.2787028	0.02305488	-1.067699
27.42	7.007212	6.968522	-0.434206	7	-0.3285154	-0.3676795	1.381054	0.007787696	-0.9564667
27.44	7.024946	7.036813	-0.3545489	7	-0.2937021	-0.319295	1.18982	0.02305488	-0.6966438
27.46	7.04768	7.036813	-0.2417143	7	-0.2876997	-0.3266482	1.297625	0.007787696	-0.7624559
27.48	6.974224	6.968522	-0.5957426	7	-0.2831585	-0.3162162	0.9784355	0.05358881	-0.8849268
27.5	7.128455	7.105102	0.1768703	7	-0.2848308	-0.3363855	2.217052	0.1909938	-0.4756165
27.52	7.051921	7.036813	-0.2518657	7	-0.2646044	-0.3166514	-0.306297	-0.2059528	-1.333219
27.54	7.068843	7.036813	-0.1619423	7	-0.3125053	-0.336835	0.661313	0.1757267	-0.9193153
27.56	7.065695	7.036813	-0.1912533	7	-0.3378919	-0.3771171	0.9609542	-0.09908256	-1.042259
27.58	7.027791	7.036813	-0.4087563	7	-0.3167653	-0.331072	0.1024367	-0.03801384	-1.032732
27.6	6.925954	6.968522	-0.9071802	7	-0.2852935	-0.2575664	-0.3965481	-0.007479484	-0.7989998
27.62	7.010826	7.036813	-0.4411874	7	-0.270669	-0.2585244	1.435512	-0.05328102	-0.1994629
27.64	7.017754	7.036813	-0.4042646	7	-0.2276447	-0.2483977	0.550566	0.03832205	-0.6463709
27.66	7.054256	7.036813	-0.2019484	7	-0.2416499	-0.2742462	0.9235235	0.1299247	-0.6726561
27.68	7.069113	7.036813	-0.1249807	7	-0.2644686	-0.3127415	0.876188	-0.08381538	-0.9034071
27.7	7.061285	7.036813	-0.1756619	7	-0.2800569	-0.3193002	0.4287362	-0.1143497	-1.019554
27.72	7.084153	7.036813	-0.06270409	7	-0.3292704	-0.3795494	1.288613	-0.007479484	-0.9988804
27.74	7.037077	7.036813	-0.3352755	7	-0.3111618	-0.3372138	-0.02751791	0.02305488	-1.15648
27.76	7.028994	7.036813	-0.3850985	7	-0.3105489	-0.3090689	0.04708125	0.007787696	-0.8813095
27.78	7.009146	7.036813	-0.4953255	7	-0.2871476	-0.271679	-0.396844	0.007787696	-0.8251486
27.8	7.112015	7.105102	0.01044518	7	-0.3009413	-0.3089536	0.5307012	0.0841236	-0.6921587
27.82	7.089863	7.105102	-0.1637232	7	-0.2746016	-0.2722504	-1.753553	-0.03801384	-1.267712
27.84	7.106981	7.105102	-0.1103676	7	-0.3132719	-0.2827946	-1.75296	-0.08381538	-1.141492
27.86	7.009703	7.036813	-0.6242701	7	-0.3304997	-0.2733167	-2.399205	0.05358881	-1.260024
27.88	7.078025	7.105102	-0.2903846	7	-0.3506431	-0.2925235	-0.8249425	-0.05328102	-0.7164555
27.9	6.997316	7.036813	-0.7144103	7	-0.3361751	-0.2908588	-1.431829	-0.05328102	-1.077022
27.92	7.005126	7.036813	-0.6509993	7	-0.3410753	-0.2988152	0.1551461	-0.007479484	-0.5993605
27.94	7.007913	7.036813	-0.6201228	7	-0.3168637	-0.307442	0.7707737	0.09939077	-0.6160669
27.96	6.934701	6.968522	-0.9454728	7	-0.2834409	-0.2802619	0.9148649	0.007787696	-0.5995207
27.98	7.100016	7.105102	-0.08506371	7	-0.2582953	-0.2915972	2.444964	0.007787696	-0.165616
28	6.98061	6.968522	-0.6672602	7	-0.2409732	-0.2985945	0.70016	0.03832205	-1.073399
28.02	7.066399	7.036813	-0.1878814	7	-0.2659639	-0.3167675	2.417642	0.06885641	-0.4338608
28.04	7.093102	7.036813	-0.04608229	7	-0.2859344	-0.3835169	2.358761	-0.05328102	-0.9406824
28.06	7.053539	7.036813	-0.266383	7	-0.2649037	-0.325562	0.5572797	-0.007479484	-1.127872
28.08	7.129302	7.105102	0.09322442	7	-0.2789333	-0.3156571	0.3959242	0.02305488	-0.921217
28.1	7.042575	7.036813	-0.374711	7	-0.2869886	-0.2962264	-1.373498	-0.08381538	-1.3689
28.12	7.024278	7.036813	-0.4641271	7	-0.3097737	-0.2780003	-0.882295	0.007787696	-0.9098215
28.14	7.033384	7.036813	-0.4100288	7	-0.3321162	-0.3195893	0.1661058	-0.03801384	-0.8143482
28.16	6.95854	6.968522	-0.7630701	7	-0.3351422	-0.3356416	0.6729144	0.06885641	-0.8636322
28.18	7.142354	7.105102	0.1734096	7	-0.3594665	-0.4195504	3.341436	-0.03801384	-0.4324684
28.2	7.061403	7.036813	-0.283188	7	-0.3287923	-0.4109678	0.8293518	-0.007479484	-1.450407
28.22	6.898633	6.968522	-1.106169	7	-0.2549922	-0.2163439	-1.59731	0.09939077	-0.9953604
28.24	7.040223	7.036813	-0.318263	7	-0.2967843	-0.2888953	2.266096	-0.0685482	-0.04645824
28.26	7.075757	7.036813	-0.1327155	7	-0.300607	-0.3834677	2.381817	0.02305488	-0.8442926
28.28	6.973162	7.036813	-0.6909659	7	-0.1923575	-0.1885563	-1.743155	0.114658	-1.05867
28.3	7.072655	7.036813	-0.1302542	7	-0.2725004	-0.2801781	1.191067	-0.05328102	-0.4519873
28.32	7.077997	7.036813	-0.1087832	7	-0.3003214	-0.3597479	1.030936	-0.03801384	-1.066192
28.34	6.938053	6.968522	-0.8206723	7	-0.2632337	-0.2580996	-1.05225	-0.09908256	-1.130539
28.36	6.960961	6.968522	-0.6387454	7	-0.2899134	-0.2768474	1.380163	0.03832205	-0.3400621
28.38	7.129982	7.105102	0.209174	7	-0.2844286	-0.3462748	2.463586	0.05358881	-0.470973
28.4	7.076799	7.036813	-0.09884116	7	-0.2855177	-0.3625781	0.3005483	0.03832205	-1.412745
28.42	7.035985	7.036813	-0.3287263	7	-0.2858366	-0.2919731	-0.8493521	0.03832205	-1.14837
28.44	7.014021	7.036813	-0.4495913	7	-0.2852838	-0.2548528	-1.20514	0.0841236	-0.9322176
28.46	7.056248	7.036813	-0.2232906	7	-0.337043	-0.3370081	0.5273454	0.007787696	-0.8084097
28.48	7.010471	7.036813	-0.4841895	7	-0.3054534	-0.2974386	-0.7707809	-0.1906856	-1.063481
28.5	7.027233	7.036813	-0.3948351	7	-0.3176246	-0.3028409	0.01382755	0.007787696	-0.7840309
28.52	6.951649	6.968522	-0.7557797	7	-0.3151785	-0.3067883	0.1610694	-0.007479484	-0.8729858
28.54	7.035763	7.036813	-0.3060316	7	-0.3162282	-0.3328891	1.90916	0.02305488	-0.4401894
28.56	7.023715	7.036813	-0.3836884	7	-0.2704101	-0.3028234	0.5112199	-0.0685482	-0.8932877
28.58	7.094323	7.105102	-0.05479034	7	-0.2464791	-0.2558126	-0.3767813	0.1909938	-0.8088617
28.6	7.223516	7.173392	0.540359	7	-0.2990055	-0.3356236	-0.5654533	-0.1448841	-1.205621
28.62	6.995757	6.968522	-0.642765	7	-0.3604631	-0.3575078	-2.596302	-0.0685482	-1.982488
28.64	7.00387	7.036813	-0.5951744	7	-0.3855625	-0.3178127	-0.6848395	0.007787696	-0.7641401
28.66	6.986033	7.036813	-0.6931348	7	-0.3532682	-0.3079844	-0.4185107	-0.4502277	-0.7796516
28.68	7.012365	7.036813	-0.5454963	7	-0.3437889	-0.327684	0.7619648	0.4047344	-0.6261444
28.7	6.961055	6.968522	-0.7679992	7	-0.3378367	-0.3550257	1.531324	-0.2975559	-0.7419043
28.72	6.916259	6.968522	-0.9547765	7	-0.2665856	-0.2667347	1.261175	0.114658	-0.4386263
28.74	7.045558	7.036813	-0.2468529	7	-0.2559336	-0.3067641	3.174655	0.007787696	-0.1392593
28.76	7.066709	7.036813	-0.1379343	7	-0.231002	-0.3232273	1.860034	0.007787696	-0.8610916
28.78	7.135599	7.036813	0.2283114	7	-0.3067773	-0.4276474	2.950183	0.5268718	-1.005459
28.8	7.035636	7.036813	-0.333198	7	-0.2541858	-0.3063763	-0.8744488	-0.4044262	-1.469414
28.82	7.057206	7.036813	-0.2147487	7	-0.3006125	-0.3056066	-0.04261971	0.2520626	-0.9163361
28.84	7.006788	6.968522	-0.4458276	7	-0.358519	-0.3911574	1.087996	-0.1448841	-1.072806
28.86	6.953686	6.968522	-0.7008317	7	-0.3352707	-0.3513245	1.165342	-0.09908256	-0.8217897
28.88	7.112611	7.105102	0.08914312	7	-0.3158155	-0.3601277	2.218011	0.1299247	-0.4942369
28.9	7.051564	7.036813	-0.2599114	7	-0.295054	-0.3486085	-0.08648676	-0.02274666	-1.357444
28.92	6.972149	6.968522	-0.6415397	7	-0.3168512	-0.3207266	0.02330044	0.06885641	-1.026937
28.94	7.04666	7.036813	-0.2474292	7	-0.3325274	-0.3531575	1.677531	-0.1296169	-0.5984688
28.96	7.00946	7.036813	-0.4644682	7	-0.2761463	-0.2908967	-0.2893844	0.007787696	-1.009134
28.98	7.12016	7.105102	0.08054084	7	-0.2959243	-0.312328	0.3934841	0.06885641	-0.7759552
29	7.038174	7.036813	-0.3697924	7	-0.2984051	-0.3043411	-1.529902	-0.1296169	-1.411598
29.02	7.03856	7.036813	-0.3655058	7	-0.3390063	-0.3159696	-0.5935304	0.114658	-0.9742212
29.04	7.039478	7.036813	-0.3667607	7	-0.3618229	-0.3581957	0.1269297	-0.007479484	-0.9915257
29.06	6.947317	6.968522	-0.8208517	7	-0.3534134	-0.3429693	0.1192428	-0.05328102	-0.9938755
29.08	7.096289	7.105102	-0.07272273	7	-0.3391019	-0.3510679	1.70324	0.05358881	-0.4559546
29.1	6.994008	6.968522	-0.5838733	7	-0.350277	-0.4040567	1.072522	-0.03801384	-1.255011
29.12	6.964722	6.968522	-0.6967069	7	-0.3405417	-0.3680025	1.939777	-0.02274666	-0.6966915
29.14	7.038315	7.036813	-0.3084697	7	-0.3091566	-0.3622588	2.620776	0.05358881	-0.5132132
29.16	7.054651	7.036813	-0.2308648	7	-0.282742	-0.3550542	1.705564	-0.0685482	-0.8997803
29.18	7.038585	7.036813	-0.322251	7	-0.2577724	-0.2968177	0.2388834	0.03832205	-0.9953938
29.2	7.101562	7.036813	0.01708525	7	-0.3297583	-0.3935947	1.865932	-0.03801384	-0.9176092
29.22	7.049799	7.036813	-0.2812429	7	-0.3142821	-0.3607547	-0.001805604	0.007787696	-1.326385
29.24	7.060839	7.036813	-0.2292435	7	-0.3478489	-0.3721556	0.5800435	0.05358881	-1.043901
29.26	6.962587	6.968522	-0.7202915	7	-0.3465584	-0.3551264	0.1604558	0.06885641	-1.123572
29.28	6.863607	6.900233	-1.156777	7	-0.3274056	-0.3108791	1.223864	0.03832205	-0.5671654
29.3	6.945153	6.968522	-0.672287	7	-0.2893115	-0.315769	3.531688	0.05358881	0.01982689
29.32	6.966924	6.968522	-0.5205107	7	-0.2284379	-0.3093905	3.155745	0.007787696	-0.392231
29.34	7.190716	7.173392	0.5690627	7	-0.1688337	-0.2592466	1.687857	0.2825965	-0.4983473
29.36	7.100906	7.036813	0.07267255	7	-0.2113525	-0.2856753	-1.652408	-0.2822887	-1.76122
29.38	7.073853	7.036813	-0.0798423	7	-0.2908244	-0.2859877	-1.844416	-0.3738918	-1.364994
29.4	7.085962	7.036813	-0.03309926	7	-0.3869873	-0.3914544	-0.3834368	-0.08381538	-1.288404
29.42	7.087201	7.105102	-0.110485	7	-0.373685	-0.3521035	-1.818723	-0.1601513	-1.403966
29.44	7.032139	7.036813	-0.4245711	7	-0.4138298	-0.3743659	-1.559539	0.1909938	-1.382688
29.46	6.957783	6.968522	-0.789546	7	-0.4507091	-0.4163345	0.1859389	-0.08381538	-1.069281
29.48	7.014843	7.105102	-0.5493262	7	-0.3481643	-0.2931223	-0.5607631	0.03832205	-0.6243753
29.5	7.004263	7.036813	-0.6008447	7	-0.333399	-0.3047402	-0.3546572	0.007787696	-0.8356953
29.52	7.001907	7.036813	-0.6046679	7	-0.3117376	-0.2863191	-0.2314366	0.1757267	-0.7532721
29.54	7.036698	7.036813	-0.4067755	7	-0.3247969	-0.3308343	0.8657706	-0.1143497	-0.7188683
29.56	7.016028	7.036813	-0.5152448	7	-0.2938688	-0.3006874	-0.02537712	-0.02274666	-0.9172354
29.58	7.018286	7.036813	-0.4921918	7	-0.282889	-0.2759873	-0.1393845	0.007787696	-0.791214
29.6	6.97666	6.968522	-0.6554462	7	-0.3113478	-0.3224548	0.8476247	-0.007479484	-0.8062334
29.62	7.041554	7.036813	-0.3062167	7	-0.305922	-0.3389376	1.760857	-0.05328102	-0.597146
29.64	6.986379	6.968522	-0.560021	7	-0.3057913	-0.3594018	1.490314	-0.007479484	-0.9568348
29.66	7.070743	7.036813	-0.1142225	7	-0.3180777	-0.38639	2.634566	-0.007479484	-0.6635389
29.68	7.135507	7.105102	0.1637409	7	-0.2961529	-0.3766909	1.021544	-0.1143497	-1.147259
29.7	7.000557	6.968522	-0.5241032	7	-0.3279158	-0.3687603	-0.3659337	0.03832205	-1.521008
29.72	6.972115	6.968522	-0.6330862	7	-0.3544466	-0.3581467	1.027647	0.03832205	-0.8106976
29.74	6.951944	6.968522	-0.7055179	7	-0.3301413	-0.3473693	1.635666	-0.007479484	-0.6529942
29.76	7.025365	7.036813	-0.3237537	7	-0.289478	-0.3261597	1.927118	-0.02274666	-0.5108976
29.78	7.053401	7.036813	-0.1864381	7	-0.274271	-0.3321941	1.18672	-0.03801384	-0.8947639
29.8	6.971838	6.968522	-0.586046	7	-0.268924	-0.2967477	0.03933704	-0.02274666	-1.064959
29.82	7.051396	7.036813	-0.1647581	7	-0.2881376	-0.3121043	1.165464	-0.0685482	-0.6314754
29.84	7.047903	7.036813	-0.2029874	7	-0.2821517	-0.3170998	0.002277195	0.02305488	-1.094309
29.86	6.974758	6.968522	-0.5603611	7	-0.3032885	-0.3102359	-0.292961	0.05358881	-1.091973
29.88	7.041351	7.036813	-0.2171803	7	-0.3181693	-0.3266655	0.801563	-0.05328102	-0.7070761
29.9	7.024519	7.036813	-0.3311984	7	-0.2941692	-0.3035072	-0.5438268	-0.0685482	-1.080728
29.92	7.017368	7.036813	-0.3822285	7	-0.2896964	-0.2684325	-1.127324	-0.007479484	-0.9803562
29.94	7.132027	7.105102	0.1735763	7	-0.3382308	-0.3461975	0.0193029	-0.007479484	-0.9424009
29.96	6.990949	6.968522	-0.5593093	7	-0.379054	-0.3917869	-0.9248039	-0.007479484	-1.609375
29.98	6.943369	6.968522	-0.781666	7	-0.3853926	-0.3548391	0.2687232	-0.02274666	-0.8469334
30	6.976324	7.036813	-0.6207247	7	-0.3198909	-0.2899684	0.2811033	-0.2059528	-0.5490818
30.02	7.001845	7.036813	-0.4894237	7	-0.2823163	-0.2704709	0.04688627	0.2978641	-0.6658916
30.04	7.068391	7.036813	-0.1347379	7	-0.3213951	-0.357394	1.389179	-0.0685482	-0.7843056
30.06	7.023524	7.036813	-0.3934427	7	-0.2862458	-0.3045817	-0.6626443	-0.09908256	-1.185193
30.08	7.052921	7.036813	-0.2382601	7	-0.3235821	-0.3305067	0.1622274	0.06885641	-0.9309273
30.1	7.03932	7.036813	-0.3244982	7	-0.3302087	-0.3391565	-0.2880498	-0.007479484	-1.121207
30.12	7.107128	7.105102	-0.02084357	7	-0.3367445	-0.3394153	-0.4407969	0.007787696	-1.051774
30.14	7.101666	7.105102	-0.111236	7	-0.3425735	-0.33121	-1.908611	-0.05328102	-1.431863
30.16	6.934227	6.968522	-0.9612395	7	-0.3632323	-0.2956823	-2.646314	0.03832205	-1.409702
30.18	6.921475	6.968522	-0.9694608	7	-0.3818789	-0.3065689	0.1630626	0.007787696	-0.4761248
30.2	6.921212	6.968522	-0.9222685	7	-0.3426067	-0.3236662	1.650814	-0.03801384	-0.3692589
30.22	6.915214	6.968522	-0.905834	7	-0.2660829	-0.2711406	1.71098	0.06885641	-0.3116636
30.24	6.963096	6.968522	-0.5933617	7	-0.2387138	-0.284571	2.791486	0.0841236	-0.2271042
30.26	7.04879	7.036813	-0.1383454	-7	-0.1991266	-0.2762759	0.3364148	-0.0685482	-0.9873152
30.28	7.075748	7.036813	-0.002508119	-7	-0.238757	-0.2798528	-3.816716	-0.02274666	-2.037487
30.3	7.137166	7.105102	0.2585983	-7	-0.3458762	-0.2968066	-8.383639	-0.0685482	-2.869709
30.32	7.031502	7.036813	-0.3448297	-7	-0.5150643	-0.3366109	-13.62542	-1.060915	-3.95188
30.34	7.011159	7.036813	-0.5025232	-7	-0.7667307	-0.4787624	-14.99633	-2.648701	-4.130209
30.36	6.831684	6.968522	-1.500619	-7	-0.9357842	-0.5297321	-18.54812	-4.862441	-4.774483
30.38	6.758337	6.968522	-1.930061	-7	-1.095617	-0.5779356	-19.31209	-8.297556	-4.442852
30.4	6.88373	7.105102	-1.407515	-7	-1.241191	-0.710423	-19.64814	-11.47313	-4.649131
30.42	6.9391	7.105102	-1.283662	-7	-1.457752	-0.95495	-20.91405	-9.610533	-5.946571
30.44	6.764606	6.968522	-2.315206	-7	-1.680662	-1.115038	-23.06217	-8.22122	-6.909558
30.46	5.899551	6.149047	-6.45898	-7	-2.001886	-1.359228	-18.05938	-9.13725	-6.569242
30.48	5.802871	6.149047	-6.500395	-7	-2.098003	-1.561863	-1.640111	-8.816639	-2.339193
30.5	5.795499	6.149047	-6.144922	-7	-1.846381	-1.635198	5.076036	-8.434959	-2.131269
30.52	5.886954	6.080756	-5.226464	-7	-1.632292	-1.680868	9.225062	4.175726	-2.354795
30.54	5.967988	6.080756	-4.405613	-7	-1.414242	-1.59592	7.236844	5.137558	-3.331568
30.56	7.239321	7.241681	1.924256	-7	-1.199421	-1.441724	-1.507951	7.015421	-4.415465
30.58	8.32421	8.197738	6.499573	-7	-1.202066	-1.264797	-34.45412	6.328398	-12.30669
30.6	6.868756	6.831944	-1.511141	-7	-1.981094	-1.183752	-67.40735	1.626108	-19.55306
30.62	6.156618	6.695365	-5.338513	-7	-2.804637	-1.030791	-65.81967	-1.549464	-12.97952
30.64	6.750441	7.583131	-2.858775	-7	-3.15888	-1.269479	-59.70895	-10.66397	-9.938875
30.66	7.019551	7.65142	-2.213577	-7	-3.62044	-1.967896	-60.06539	-24.03801	-13.64548
30.68	6.861406	7.583131	-3.808249	-7	-4.021643	-2.269681	-64.55399	-34.54183	-15.64929
30.7	7.085052	7.583131	-3.295227	-7	-4.767189	-3.140846	-52.11329	-40.8319	-15.17095
30.72	7.403185	7.583131	-2.348506	-7	-5.623396	-4.496788	-34.76418	-40.37389	-16.86371
30.74	3.302737	3.827197	-22.46054	-7	-6.260941	-5.095229	-21.51672	-28.37389	-19.03755
30.76	2.893855	3.895488	-22.66178	-7	-6.021869	-5.145269	52.75435	-0.6792352	3.759198
30.78	2.914118	3.895488	-20.77884	-7	-4.271394	-4.908847	86.54819	-2.465495	7.061368
30.8	3.881476	3.827197	-13.7334	-7	-2.929224	-5.069113	117.2688	-9.121983	8.18576
30.82	7.329741	6.080756	4.786918	-7	-1.941673	-5.59734	123.4467	-3.259388	2.934504
30.84	5.560915	3.827197	-3.348343	-7	-1.679904	-5.435904	69.9202	14.63374	-17.24409
30.86	5.537198	3.895488	-2.088315	-7	-2.330615	-5.112826	71.57793	30.81695	-9.519198
30.88	7.233531	6.422206	6.232898	-7	-1.703429	-3.86144	31.42658	30.5116	-11.53266
30.9	5.958876	4.783254	-0.1909213	-7	-2.516922	-3.967058	-7.337776	4.404734	-22.38357
30.92	6.029871	5.397861	0.1218135	-7	-3.418707	-3.788107	-16.47969	-10.34336	-17.58517
30.94	5.1678	4.851542	-4.343386	-7	-4.235801	-4.142288	-25.65519	-18.40442	-19.68103
30.96	5.672299	5.466149	-1.986322	-7	-5.025907	-4.762207	-14.38884	-25.58	-16.17747
30.98	3.705591	3.827197	-11.85852	-7	-5.460731	-5.066764	-18.64256	-26.7861	-19.87284
31	3.816034	4.168647	-10.74926	-7	-5.650479	-5.191397	11.54842	-17.65633	-9.455265
31.02	3.390918	3.895488	-12.44774	-7	-5.098067	-5.090308	17.308	-4.572365	-10.10525
31.04	3.712749	3.554038	-9.830947	-7	-5.169391	-5.857318	45.74541	0.2825965	-7.569942
31.06	3.045492	3.21259	-12.46855	-7	-4.349941	-5.278992	38.4884	18.63374	-9.722117
31.08	3.177877	2.939431	-10.52422	-7	-4.118119	-5.290608	54.08163	22.23679	-6.136946
31.1	3.154878	2.871142	-9.537387	-7	-3.606883	-5.092395	52.97479	24.40473	-7.495625
31.12	2.023164	1.641927	-13.68361	-7	-3.355062	-4.857998	53.01808	20.69481	-8.074128
31.14	2.442829	2.597983	-10.29316	-7	-2.34888	-3.519527	45.28553	22.67954	-2.761684
31.16	1.323414	1.300479	-14.26645	-7	-1.834681	-2.906643	32.36562	9.794046	-5.717736
31.18	1.394162	1.02732	-11.73393	-7	-1.926216	-3.108738	51.43364	22.38947	-0.6918139
31.2	0.2978581	0.9590311	-15.76704	-7	-0.494473	-1.160114	16.35992	9.244429	-2.55739
31.22	1.010363	0.9590311	-9.975306	-7	-0.4772343	-1.122491	30.35189	18.75588	2.743196
31.24	0.7089437	0.6858721	-9.838865	-7	-0.1508224	-0.9358914	13.62217	17.18336	-2.910816
31.26	0.8561174	0.6858721	-7.475931	-7	-0.2758904	-0.8525078	7.849376	24.63374	-2.932034
31.28	-0.1411124	0.2761335	-11.24194	-7	0.09502858	0.1722868	-21.63859	9.580306	-5.652202
31.3	-1.030679	-0.9530802	-13.58773	-7	-0.5994829	-0.2721084	-5.916426	4.801681	-1.669251
31.32	-1.352175	-1.362819	-12.99346	-7	-1.063722	-1.172921	20.65174	-9.091449	1.410134
31.34	-1.931034	-1.704267	-13.94744	-7	-0.7311316	-1.164349	27.60852	4.939085	1.744804
31.36	-2.098711	-2.045715	-12.65228	-7	-0.4364855	-1.173835	40.07124	10.48107	3.98315
31.38	-2.407159	-2.318874	-12.18648	-7	0.1597618	-0.7738636	39.02881	11.93145	3.843288
31.4	-2.095437	-2.728612	-8.293507	-7	-0.04334313	-1.545146	59.06505	18.3284	4.49607
31.42	-2.807707	-2.728612	-10.32152	-7	0.9640007	-0.2762118	30.54012	19.29023	1.153277
31.44	-2.922621	-3.411509	-8.652927	-7	0.7503662	-0.4250857	41.03289	16.96962	4.045517
31.46	-3.265157	-3.752957	-8.352379	-7	0.7547715	-0.5972393	42.67075	3.961986	2.940039
31.48	-2.705123	-2.728612	-4.240686	-7	1.471705	0.4490176	22.44536	8.893283	3.277909
31.5	-4.629043	-4.777303	-12.08623	-7	1.40604	0.8065947	5.096905	-1.091449	-1.045485
31.52	-4.404707	-4.094406	-9.036166	-7	1.649817	1.593727	11.29426	2.48107	7.960563
31.54	-4.549732	-4.709013	-7.813056	-7	1.471408	0.9696015	19.32558	-7.366258	5.533828
31.56	-6.03189	-5.460199	-13.54035	-7	2.188535	2.165717	-1.232298	16.31313	4.845014
31.58	-5.01079	-4.777303	-6.3521	-7	2.283607	2.251285	16.48166	7.12229	12.14071
31.6	-5.351038	-5.460199	-6.379325	-7	2.30205	1.785664	10.32545	13.76351	5.235602
31.62	-4.690935	-5.050462	-1.581927	-7	2.023177	1.406106	14.63182	21.90092	5.653705
31.64	-6.146915	-5.801648	-7.926713	-7	2.511475	2.50218	-20.72641	0.5879401	0.4381046
31.66	-5.773499	-5.460199	-4.642692	-7	2.350818	2.879585	-14.89215	5.412367	7.43511
31.68	-6.640329	-6.416255	-7.610524	-7	2.112155	2.532235	-16.51959	-5.686869	4.152959
31.7	-6.519284	-6.416255	-5.478093	-7	1.757438	2.042364	1.0456	-12.57236	7.777885
31.72	-6.429234	-6.143096	-4.032692	-7	2.016107	2.133971	-3.731548	5.336031	6.079198
31.74	-5.854399	-6.143096	-0.1159772	-7	1.580856	1.342975	6.181934	-2.43496	4.878057
31.76	-6.172176	-6.074806	-1.330049	-7	1.778599	1.738425	-15.01122	8.664275	0.5712271
31.78	-5.702744	-6.143096	1.721532	-7	0.9800767	0.8920986	-2.794417	1.412368	1.590997
31.8	-6.354692	-6.074806	-1.585961	-7	1.214696	1.539195	-28.35658	-4.251754	-2.156769
31.82	-6.250852	-6.074806	-0.7341828	-7	0.8383828	1.519516	-25.02694	-14.66397	1.023933
31.84	-6.971619	-6.484545	-4.138045	-7	0.8159198	1.713414	-32.89355	-12.45023	-0.1499081
31.86	-4.980011	-5.050462	5.977956	-7	0.2380991	0.7289954	-10.25939	-20.99985	3.573359
31.88	-5.633703	-5.460199	1.904258	-7	0.2867946	0.7451911	-43.26038	-13.74794	-7.990778
31.9	-5.193653	-5.460199	3.881946	-7	-0.801918	-0.1299422	-28.16011	-5.717403	-4.679356
31.92	-6.598612	-5.801648	-3.981434	-7	-0.502328	0.7994456	-56.26949	-3.41206	-7.764167
31.94	-6.207949	-5.801648	-1.91121	-7	-1.174989	0.2050497	-26.86216	-25.39679	0.3777971
31.96	-6.43188	-5.801648	-3.316016	-7	-1.024023	-0.003793031	-24.60445	-16.03801	-1.733633
31.98	-4.622023	-4.845592	5.571544	-7	-1.625663	-1.407063	5.253144	-14.28229	-0.002012253
32	-5.019095	-4.435854	2.099426	-7	-0.750066	-0.282364	-42.10519	3.641375	-10.06402
32.02	-5.377057	-5.801648	0.2524047	-7	-2.103191	-1.562459	-16.89374	2.297864	-7.327339
32.04	-6.453856	-5.801648	-5.65532	-7	-1.788569	-0.8963345	-24.94603	-9.213586	-5.866342
32.06	-4.34457	-4.435854	4.75589	-7	-2.250122	-1.962664	11.55217	-20.80137	0.811655
32.08	-5.866658	-5.733358	-3.607594	-7	-1.950452	-1.963124	-12.59653	-14.22122	-10.64195
32.1	-5.125251	-5.733358	0.4609609	-7	-2.91672	-3.232209	32.39869	1.198628	-1.783646
32.12	-6.424984	-5.733358	-6.701769	-7	-1.592769	-1.6464	-0.3897095	-3.213586	-5.9436
32.14	-4.808203	-5.32362	1.93173	-7	-2.158447	-2.712555	42.66296	-2.144884	2.378007
32.16	-5.4858	-5.460199	-1.964437	-7	-1.319198	-2.105631	13.95612	0.3589324	-6.639028
32.18	-4.326688	-5.118752	4.029592	-7	-1.887067	-2.863868	36.18642	9.381833	-2.445547
32.2	-7.128504	-6.484545	-10.44148	-7	-0.6593197	-0.7369217	-16.23072	0.9390857	-9.255734
32.22	-5.677296	-6.143096	-1.823763	-7	-1.583658	-1.839444	45.17347	2.297864	6.859426
32.24	-6.163187	-6.143096	-4.107386	-7	-0.7571478	-1.664567	29.2136	-10.87771	-1.572787
32.26	-4.945113	-6.143096	2.902932	-7	-1.546535	-3.193812	66.31415	6.328398	1.437267
32.28	-5.245297	-5.801648	1.130929	-7	-0.8650729	-2.587225	37.60627	6.007787	-5.994453
32.3	-5.070958	-5.460199	1.861907	-7	-0.5344687	-1.586462	19.31299	21.01542	-4.342797
32.32	-5.781262	-5.39191	-2.113026	-7	0.269512	0.2439983	-21.1605	-6.496028	-5.566786
32.34	-4.883694	-5.460199	2.85119	-7	-0.7780053	-0.8750613	3.103209	-2.11435	-1.668789
32.36	-6.021538	-6.416255	-2.761215	-7	-1.274236	-1.584857	-0.4078779	-11.91588	-7.605123
32.38	-6.319584	-6.484545	-3.83087	-7	-1.578094	-1.743112	16.54528	7.137558	-1.765992
32.4	-6.545553	-6.416255	-4.660541	-7	-1.202869	-1.488044	20.70095	-12.20595	-0.1533012
32.42	-6.199523	-6.416255	-2.385346	-7	-1.105585	-1.779554	35.12387	5.992521	1.438592
32.44	-6.235817	-6.484545	-2.20948	-7	-0.7581061	-1.700738	33.47387	3.839849	-0.4314575
32.46	-6.423635	-6.484545	-2.829255	-7	-0.2333063	-0.9848703	23.382	21.91618	-0.2138033
32.48	-5.881608	-6.416255	0.4734735	-7	-0.4003367	-1.358889	33.32558	7.229161	0.822917
32.5	-6.344428	-6.484545	-1.729351	-7	0.04890437	-0.7135624	12.90706	9.839849	-2.657296
32.52	-5.900575	-6.416255	0.9822263	-7	-0.2936764	-1.007086	21.58144	6.771146	-0.2954245
32.54	-6.641913	-6.484545	-2.783652	-7	0.2538525	-0.01874632	-5.241212	-2.343357	-3.35767
32.56	-5.292661	-5.460199	4.092381	-7	0.0596163	-0.04532022	0.05284595	2.206261	0.6483765
32.58	-4.837523	-5.460199	5.993233	-7	-0.5420964	-0.9886046	-8.818167	-4.786105	-7.340626
32.6	-5.602806	-5.39191	1.220174	-7	-0.4335025	0.02889782	-45.27231	2.175726	-10.68781
32.62	-5.779716	-5.801648	0.1329566	-7	-1.361624	-0.4500071	-34.54045	-15.24412	-6.673689
32.64	-6.290771	-5.733358	-2.919122	-7	-1.444416	-0.2896725	-38.87089	-27.83954	-6.162793
32.66	-5.810728	-5.801648	-0.5103655	-7	-2.212521	-1.486161	-9.564308	-20.09908	-3.078613
32.68	-6.216747	-5.801648	-3.037677	-7	-1.967367	-1.440184	-14.2931	-9.503661	-5.74062
32.7	-5.989999	-5.801648	-2.013612	-7	-2.06317	-1.679994	-0.665875	4.649009	-2.93147
32.72	-5.792336	-5.801648	-1.16924	-7	-2.105797	-2.13754	8.609166	-2.190686	-3.840191
32.74	-5.884647	-5.460199	-2.120684	-7	-1.460131	-1.306288	-6.574915	5.137558	-4.649488
32.76	-5.446893	-5.460199	-0.02437411	-7	-1.597456	-1.521002	0.161911	4.129925	-3.594178
32.78	-6.617438	-6.416255	-5.904868	-7	-1.501958	-1.318524	-7.396274	2.16046	-6.028181
32.8	-6.756845	-6.484545	-6.083896	-7	-1.467174	-1.194003	10.07644	3.931452	0.5949345
32.82	-6.81396	-6.484545	-5.885771	-7	-1.007622	-1.042357	16.93797	-1.274655	1.606387
32.84	-6.246021	-6.484545	-2.329674	-7	-1.009874	-1.651158	35.4641	0.8780165	2.268147
32.86	-6.126819	-6.416255	-1.394079	-7	-0.6835328	-1.668214	31.32428	14.26733	-0.9853659
32.88	-5.664192	-6.074806	1.132722	-7	-0.5218306	-1.513373	25.97843	17.83985	-1.761634
32.9	-5.892821	-6.143096	-0.036461	-7	-0.3079823	-1.006569	7.037431	15.91618	-4.65545
32.92	-5.763376	-6.074806	0.7291995	-7	-0.52601	-0.9221005	3.134855	0.4505359	-3.756248
32.94	-6.191188	-6.143096	-1.509993	-7	-0.4443095	-0.4471148	-12.15006	0.3436657	-5.001132
32.96	-6.386158	-6.484545	-2.188016	-7	-0.8629243	-0.7205812	-4.41245	-6.801372	-2.900908
32.98	-6.793966	-6.484545	-4.113475	-7	-0.6781061	-0.3673036	-8.872939	-7.763205	-2.213328
33	-6.286411	-6.484545	-1.087736	-7	-1.117594	-1.179297	12.67157	-8.236487	0.09527969
33.02	-6.443112	-6.416255	-1.876813	-7	-0.8752193	-1.121725	5.683977	-4.511296	-2.992701
33.04	-6.306103	-6.484545	-0.9837141	-7	-0.9990078	-1.291104	11.11796	5.977253	-2.077898
33.06	-6.54515	-6.484545	-2.172113	-7	-0.7553793	-0.9400666	2.843335	2.618474	-3.006778
33.08	-6.511564	-6.552835	-1.784304	-7	-0.7905629	-0.9175872	5.830459	0.664276	-1.663625
33.1	-6.292595	-6.484545	-0.4998713	-7	-0.9152342	-1.221355	10.68513	-0.938777	-1.984259
33.12	-6.497074	-6.484545	-1.55577	-7	-0.7232654	-0.9308903	1.718528	0.2673298	-3.393114
33.14	-6.347497	-6.484545	-0.6556706	-7	-0.868085	-1.042302	5.473389	0.2673298	-2.297759
33.16	-6.451899	-6.484545	-1.181092	-7	-0.8252717	-0.9698835	1.042752	-0.9693116	-3.332438
33.18	-6.370227	-6.416255	-0.7407092	-7	-0.8747537	-0.954161	0.8938285	0.6490088	-2.847702
33.2	-6.368517	-6.484545	-0.7026854	-7	-1.012105	-1.136221	1.979254	-0.5265636	-3.424255
33.22	-6.459147	-6.416255	-1.238156	-7	-0.9475989	-0.9622572	-2.450362	-0.1448841	-3.588798
33.24	-6.420337	-6.416255	-1.046694	-7	-1.013375	-0.9824228	-1.581181	-0.0685482	-3.09886
33.26	-6.427504	-6.416255	-1.117371	-7	-1.05489	-1.031391	-1.820353	-0.05328102	-3.382343
33.28	-6.495834	-6.416255	-1.516668	-7	-1.028337	-0.9446577	-3.74931	-0.09908256	-3.385864
33.3	-6.529528	-6.484545	-1.661182	-7	-1.086136	-0.9992242	-1.831314	0.007787696	-2.999786
33.32	-6.46835	-6.416255	-1.358647	-7	-1.088043	-1.038099	-0.561964	-0.08381538	-2.837734
33.34	-6.465379	-6.416255	-1.373254	-7	-1.069047	-1.040666	-1.155853	-0.007479484	-3.167203
33.36	-6.457719	-6.416255	-1.354628	-7	-1.070855	-1.037135	-1.327846	0.007787696	-3.17985
33.38	-6.536066	-6.484545	-1.745386	-7	-1.074568	-1.027178	-1.580053	0.06885641	-3.235507
33.4	-6.468904	-6.416255	-1.399615	-7	-1.071831	-1.027985	-0.4981463	-0.02274666	-2.812117
33.42	-6.453835	-6.416255	-1.340161	-7	-1.06478	-1.04795	-0.9719214	-0.02274666	-3.187843
33.44	-6.450886	-6.416255	-1.343073	-7	-1.071015	-1.045858	-1.459135	0.03832205	-3.29006
33.46	-6.547548	-6.484545	-1.828784	-7	-1.065632	-1.005752	-2.355258	0.02305488	-3.335484
33.48	-6.464836	-6.416255	-1.392786	-7	-1.083103	-1.028753	-0.7269132	-0.007479484	-2.814984
33.5	-6.45448	-6.416255	-1.358962	-7	-1.080305	-1.058167	-1.327292	-0.1296169	-3.293694
33.52	-6.552818	-6.484545	-1.855419	-7	-1.066503	-1.005224	-2.542072	-0.03801384	-3.375757
33.54	-6.453509	-6.416255	-1.330317	-7	-1.099789	-1.051656	-0.5177981	-0.02274666	-2.845221
33.56	-6.484985	-6.416255	-1.52541	-7	-1.060114	-1.015564	-2.59166	-0.08381538	-3.428609
33.58	-6.550683	-6.484545	-1.838114	-7	-1.073586	-0.9921869	-2.723309	-0.02274666	-3.262363
33.6	-6.534266	-6.484545	-1.710473	-7	-1.105694	-1.041842	-0.9270127	-0.007479484	-2.929443
33.62	-6.563994	-6.484545	-1.844761	-7	-1.069264	-1.014201	-1.43049	-0.0685482	-3.050504
33.64	-6.48678	-6.416255	-1.447874	-7	-1.042897	-0.9894333	-1.428041	0.02305488	-2.883365
33.66	-6.440197	-6.416255	-1.219162	-7	-1.067865	-1.044929	-1.707062	0.02305488	-3.328097
33.68	-6.439376	-6.416255	-1.243981	-7	-1.100312	-1.067714	-2.636626	-0.08381538	-3.649493
33.7	-6.469978	-6.416255	-1.438489	-7	-1.119091	-1.042895	-3.859423	-0.1448841	-3.716734
33.72	-6.462873	-6.416255	-1.425336	-7	-1.170247	-1.079356	-3.360198	0.114658	-3.586755
33.74	-6.491118	-6.416255	-1.608229	-7	-1.181675	-1.076958	-3.862524	-0.08381538	-3.666889
33.76	-6.57786	-6.484545	-2.048161	-7	-1.192347	-1.064474	-3.67569	0.02305488	-3.517897
33.78	-6.534908	-6.416255	-1.835412	-7	-1.16175	-1.027097	-2.956367	0.114658	-3.031673
33.8	-6.552422	-6.484545	-1.895676	-7	-1.180953	-1.096997	-1.739542	0.0841236	-3.23836
33.82	-6.564408	-6.416255	-1.980969	-7	-1.079881	-0.9564054	-3.853902	-0.1601513	-3.154052
33.84	-6.588263	-6.484545	-2.056365	-7	-1.077875	-0.9492458	-3.445545	0.2673298	-3.043558
33.86	-6.504863	-6.484545	-1.562865	-7	-1.155943	-1.106453	-0.1945287	-0.08381538	-2.93868
33.88	-6.512379	-6.416255	-1.639586	-7	-1.078809	-1.022911	-3.035494	-0.1296169	-3.47234
33.9	-6.485575	-6.416255	-1.510695	-7	-1.088002	-0.998963	-3.748198	0.1757267	-3.428315
33.92	-6.539645	-6.484545	-1.769519	-7	-1.136081	-1.040482	-3.818562	-0.1296169	-3.630792
33.94	-6.549189	-6.484545	-1.796155	-7	-1.173982	-1.07447	-2.850888	-0.007479484	-3.396777
33.96	-6.490295	-6.416255	-1.515106	-7	-1.173085	-1.087182	-2.709015	-0.0685482	-3.381896
33.98	-6.523764	-6.416255	-1.731315	-7	-1.13483	-1.018097	-4.983341	0.02305488	-3.72408
34	-6.542978	-6.484545	-1.804345	-7	-1.203907	-1.085292	-3.550355	0.02305488	-3.544433
34.02	-6.597064	-6.484545	-2.079026	-7	-1.1853	-1.052059	-3.986192	-0.09908256	-3.492969
34.04	-6.688616	-6.552835	-2.495866	-7	-1.158117	-1.001116	-3.73305	0.007787696	-3.186025
34.06	-6.581088	-6.484545	-1.888942	-7	-1.156653	-1.047517	-1.127523	0.05358881	-2.662531
34.08	-6.588095	-6.484545	-1.915993	-7	-1.096195	-1.02105	-2.642457	-0.02274666	-3.264516
34.1	-6.651833	-6.552835	-2.186751	-7	-1.079319	-0.9768332	-3.235656	-0.02274666	-3.231067
34.12	-6.477046	-6.416255	-1.277133	-7	-1.095683	-1.021693	-1.885432	0.02305488	-2.914164
34.14	-6.466177	-6.416255	-1.27034	-7	-1.099437	-1.042752	-4.510758	-0.007479484	-3.942997
34.16	-6.563938	-6.484545	-1.790033	-7	-1.133954	-0.9985465	-6.500752	-0.007479484	-4.078848
34.18	-6.578778	-6.484545	-1.85838	-7	-1.191035	-1.014162	-5.654419	-0.2975559	-3.607891
34.2	-6.59537	-6.484545	-1.946702	-7	-1.212931	-1.040654	-5.205809	-1.183052	-3.573851
34.22	-6.521864	-6.416255	-1.603454	-7	-1.222548	-1.066798	-4.67982	-3.702136	-3.4963
34.24	-6.463603	-6.416255	-1.347164	-7	-1.286263	-1.182172	-3.873668	-3.73267	-3.911722
34.26	-6.468872	-6.416255	-1.443164	-7	-1.330103	-1.232299	-4.364471	-0.02274666	-4.280732
34.28	-6.533813	-6.484545	-1.806659	-7	-1.397453	-1.292902	-3.585171	-0.2822887	-4.277459
34.3	-6.616591	-6.484545	-2.265759	-7	-1.359767	-1.209471	-4.156891	-0.4960288	-3.933755
34.32	-6.607286	-6.484545	-2.209619	-7	-1.342843	-1.198172	-2.582977	-1.839541	-3.412669
34.34	-6.412085	-6.416255	-1.207438	-7	-1.422157	-1.414599	1.713043	-2.648701	-3.417469
34.36	-6.709766	-6.484545	-2.830733	-7	-1.180963	-1.04682	-7.274925	0.6795436	-4.527871
34.38	-6.422699	-6.484545	-1.229665	-7	-1.42512	-1.382618	3.026002	0.09939077	-2.75587
34.4	-6.455484	-6.416255	-1.490049	-7	-1.348045	-1.396549	-0.7120104	-1.228854	-4.480569
34.42	-6.467915	-6.416255	-1.607612	-7	-1.333787	-1.302215	-2.450879	1.137559	-4.277725
34.44	-6.332498	-6.416255	-0.9220781	-7	-1.500832	-1.549097	1.578798	-0.8013726	-4.224151
34.46	-6.571783	-6.416255	-2.286869	-7	-1.332551	-1.248601	-6.311639	-1.335724	-5.079851
34.48	-6.430983	-6.416255	-1.535855	-7	-1.472306	-1.375036	-0.9999207	-3.106716	-3.664871
34.5	-6.439939	-6.416255	-1.634526	-7	-1.497988	-1.484132	-0.9752424	-4.038013	-4.506709
34.52	-6.424532	-6.484545	-1.550224	-7	-1.622837	-1.679358	2.633572	0.09939077	-4.459044
34.54	-6.447059	-6.484545	-1.69586	-7	-1.651443	-1.759722	3.987242	-0.5570977	-4.586268
34.56	-6.552222	-6.416255	-2.329241	-7	-1.458064	-1.453739	-0.8297207	0.03832205	-4.435089
34.58	-6.494617	-6.484545	-1.978581	-7	-1.505289	-1.520405	2.609038	0.2978641	-3.714507
34.6	-6.427567	-6.416255	-1.650906	-7	-1.473506	-1.550767	2.719332	-0.2517543	-4.049705
34.62	-6.464492	-6.416255	-1.878267	-7	-1.401317	-1.443305	-0.09106696	0.05358881	-4.414111
34.64	-6.420789	-6.416255	-1.649928	-7	-1.432503	-1.459099	0.41312	0.1909938	-4.203221
34.66	-6.373838	-6.416255	-1.416404	-7	-1.50474	-1.575696	1.444645	-0.0685482	-4.500129
34.68	-6.452976	-6.416255	-1.875452	-7	-1.472228	-1.493276	-1.26997	-0.1296169	-4.834802
34.7	-6.484102	-6.416255	-2.053221	-7	-1.460334	-1.410513	-2.040403	0.03832205	-4.403137
34.72	-6.427219	-6.416255	-1.751588	-7	-1.524857	-1.510439	0.07472271	-0.4349605	-4.237167
34.74	-6.558802	-6.484545	-2.430158	-7	-1.488496	-1.456244	-1.610205	0.02305488	-4.597523
34.76	-6.524266	-6.484545	-2.197081	-7	-1.520789	-1.497495	1.197901	0.02305488	-3.853985
34.78	-6.51204	-6.484545	-2.102846	-7	-1.509451	-1.547884	2.153449	-0.007479484	-4.058221
34.8	-6.545468	-6.484545	-2.256961	-7	-1.442597	-1.470575	0.9655442	0.05358881	-4.128059
34.82	-6.494848	-6.484545	-1.947514	-7	-1.452975	-1.502464	2.230316	0.06885641	-3.929683
34.84	-6.425492	-6.416255	-1.602441	-7	-1.430299	-1.501198	1.324567	0.03832205	-4.252872
34.86	-6.416925	-6.416255	-1.584599	-7	-1.436365	-1.489093	-0.4315199	0.03832205	-4.678705
34.88	-6.490547	-6.484545	-1.955808	-7	-1.481228	-1.492521	-1.232575	-0.02274666	-4.794105
34.9	-6.438296	-6.416255	-1.703305	-7	-1.514771	-1.505833	-0.7106107	0.03832205	-4.458318
34.92	-6.435433	-6.416255	-1.725237	-7	-1.542181	-1.540783	-1.241233	-0.09908256	-4.791438
34.94	-6.530553	-6.484545	-2.222402	-7	-1.560896	-1.525505	-1.894747	0.05358881	-4.846297
34.96	-6.557749	-6.484545	-2.347039	-7	-1.562014	-1.501203	-1.045154	0.0841236	-4.337838
34.98	-6.562589	-6.484545	-2.351476	-7	-1.540152	-1.494948	-0.3558435	-0.09908256	-4.17799
35	-6.554538	-6.484545	-2.285438	-7	-1.512639	-1.488078	0.05432355	-0.05328102	-4.134717
35.02	-6.478357	-6.416255	-1.903101	-7	-1.476311	-1.466655	-0.2999227	0.05358881	-4.174226
35.04	-6.448664	-6.416255	-1.770096	-7	-1.480476	-1.480457	-1.326629	0.007787696	-4.607275
35.06	-6.443499	-6.416255	-1.769526	-7	-1.51165	-1.492561	-2.215791	-0.03801384	-4.82481
35.08	-6.545994	-6.484545	-2.298658	-7	-1.53318	-1.466383	-3.341699	0.114658	-4.917178
35.1	-6.562856	-6.484545	-2.361213	-7	-1.55742	-1.465017	-2.210151	-0.3280903	-4.388078
35.12	-6.49282	-6.416255	-2.01412	-7	-1.551402	-1.485881	-1.564321	-2.541831	-4.311017
35.14	-6.47404	-6.484545	-1.898237	-7	-1.636234	-1.647275	0.4579865	-0.6181664	-4.70337
35.16	-6.463372	-6.416255	-1.895988	-7	-1.609873	-1.612633	-0.7977494	0.09939077	-4.870187
35.18	-6.582575	-6.484545	-2.527246	-7	-1.563902	-1.497613	-3.065586	-0.2670215	-4.924739
35.2	-6.577183	-6.484545	-2.465774	-7	-1.567472	-1.47325	-1.767597	0.3283985	-4.249748
35.22	-6.550241	-6.552835	-2.247785	-7	-1.655528	-1.663769	2.079772	-0.2059528	-4.2833
35.24	-6.577469	-6.484545	-2.400934	-7	-1.553993	-1.557132	0.04281998	0.007787696	-4.485095
35.26	-6.422967	-6.416255	-1.60568	-7	-1.577005	-1.615488	1.551393	0.1757267	-4.289498
35.28	-6.491181	-6.484545	-1.976413	-7	-1.581212	-1.632112	-0.5608104	-0.0685482	-5.194686
35.3	-6.552741	-6.484545	-2.300638	-7	-1.560763	-1.525888	-2.159896	-0.0685482	-4.869953
35.32	-6.552573	-6.484545	-2.282032	-7	-1.571604	-1.511545	-1.789204	-0.007479484	-4.548632
35.34	-6.471755	-6.416255	-1.885638	-7	-1.579422	-1.538277	-1.555608	-0.4502277	-4.578361
35.36	-6.505081	-6.484545	-2.059595	-7	-1.630629	-1.613509	-1.584891	0.06885641	-5.058556
35.38	-6.536229	-6.484545	-2.227354	-7	-1.648431	-1.608449	-1.659667	-0.08381538	-4.932899
35.4	-6.502472	-6.416255	-2.09481	-7	-1.621541	-1.556244	-2.429729	-0.2517543	-4.781189
35.42	-6.488842	-6.416255	-2.06215	-7	-1.626157	-1.553873	-3.129657	-0.9845787	-4.962664
35.44	-6.430805	-6.416255	-1.78875	-7	-1.708198	-1.669265	-1.686395	-1.03038	-5.059937
35.46	-6.647535	-6.484545	-2.954797	-7	-1.612008	-1.471571	-6.326135	-0.05328102	-5.441247
35.48	-6.593123	-6.484545	-2.617551	-7	-1.664568	-1.500348	-2.673745	0.1604595	-4.189237
35.5	-6.550007	-6.484545	-2.367067	-7	-1.690114	-1.628005	-0.5604997	-1.228854	-4.503048
35.52	-6.515706	-6.484545	-2.178749	-7	-1.710379	-1.713956	0.6903591	0.2825965	-4.752056
35.54	-6.500798	-6.484545	-2.104269	-7	-1.721974	-1.759105	1.092485	-0.2822887	-4.960318
35.56	-6.577625	-6.484545	-2.523795	-7	-1.643231	-1.623088	-1.59079	-0.1754185	-5.062914
35.58	-6.547692	-6.484545	-2.343793	-7	-1.649565	-1.60916	-0.7407078	0.1757267	-4.61198
35.6	-6.423787	-6.416255	-1.718998	-7	-1.689932	-1.710499	0.4852185	-0.03801384	-4.802982
35.62	-6.482363	-6.416255	-2.090813	-7	-1.645158	-1.628682	-3.238268	-0.1296169	-5.54548
35.64	-6.50932	-6.416255	-2.266133	-7	-1.646405	-1.540469	-4.775111	0.0841236	-5.24004
35.66	-6.436491	-6.416255	-1.899141	-7	-1.75702	-1.68427	-2.403718	-0.6945024	-5.122363
35.68	-6.509035	-6.416255	-2.3386	-7	-1.743607	-1.650466	-4.543823	-1.091449	-5.603671
35.7	-6.54941	-6.484545	-2.535522	-7	-1.811912	-1.706524	-2.703309	-1.870075	-5.19884
35.72	-6.587284	-6.484545	-2.729133	-7	-1.801779	-1.70587	-1.918394	-1.152518	-4.996374
35.74	-6.582942	-6.484545	-2.690598	-7	-1.779955	-1.707347	-0.7523617	-0.9235098	-4.751851
35.76	-6.538043	-6.484545	-2.434223	-7	-1.782802	-1.770054	0.9445344	-2.11435	-4.74282
35.78	-6.628648	-6.484545	-2.912261	-7	-1.654515	-1.59531	-2.378084	0.2978641	-4.989991
35.8	-6.380022	-6.416255	-1.587211	-7	-1.776587	-1.811849	2.832847	0.114658	-4.434487
35.82	-6.510374	-6.484545	-2.301805	-7	-1.739606	-1.799008	-1.096453	-0.3738918	-5.913126
35.84	-6.46781	-6.416255	-2.109795	-7	-1.743611	-1.719051	-1.545214	0.007787696	-5.219532
35.86	-6.424236	-6.416255	-1.914172	-7	-1.80473	-1.803293	-1.115833	-1.915877	-5.487212
35.88	-6.444077	-6.416255	-2.070269	-7	-1.837276	-1.823809	-2.042071	-0.4960288	-5.792459
35.9	-6.436047	-6.416255	-2.072581	-7	-1.897809	-1.875485	-1.446505	-1.137251	-5.71831
35.92	-6.488069	-6.416255	-2.401632	-7	-1.891577	-1.837855	-2.590139	-1.763205	-5.795808
35.94	-6.524614	-6.484545	-2.58211	-7	-1.951492	-1.906373	-0.5562924	-1.259388	-5.490861
35.96	-6.439624	-6.416255	-2.169666	-7	-1.979208	-1.993796	1.715677	-1.747938	-5.293969
35.98	-6.593822	-6.484545	-2.999347	-7	-1.879788	-1.858483	-1.369833	0.2520626	-5.748934
36	-6.406195	-6.416255	-2.005779	-7	-1.959867	-1.994292	3.498084	0.1451923	-4.823568
36.02	-6.443217	-6.416255	-2.256572	-7	-1.905328	-1.985999	0.9861305	-0.5570977	-5.895
36.04	-6.413651	-6.416255	-2.126433	-7	-1.933488	-1.993392	1.354627	0.114658	-5.675188
36.06	-6.4058	-6.416255	-2.11802	-7	-1.963687	-2.034706	1.37088	-0.2517543	-5.870496
36.08	-6.399025	-6.416255	-2.117096	-7	-2.001665	-2.07833	1.686634	-0.938777	-5.944204
36.1	-6.493422	-6.484545	-2.611459	-7	-2.014804	-2.074542	1.425432	0.3589324	-6.00857
36.12	-6.477881	-6.484545	-2.507623	-7	-2.048478	-2.126055	3.838242	-0.1906856	-5.486
36.14	-6.574508	-6.484545	-3.015607	-7	-1.929763	-1.973344	1.461	-0.1906856	-5.569989
36.16	-6.523448	-6.484545	-2.697199	-7	-1.912098	-1.960953	3.251172	0.2215282	-4.96041
36.18	-6.46065	-6.484545	-2.328028	-7	-1.925799	-2.056239	4.750451	-0.1601513	-5.243205
36.2	-6.50364	-6.484545	-2.542201	-7	-1.863361	-1.980673	2.556855	-0.08381538	-5.632792
36.22	-6.474421	-6.484545	-2.353986	-7	-1.875336	-1.977475	2.899014	0.1451923	-5.409212
36.24	-6.451735	-6.484545	-2.212828	-7	-1.904531	-2.028615	3.093259	-0.09908256	-5.630727
36.26	-6.50041	-6.484545	-2.465534	-7	-1.877369	-1.962121	1.118511	-0.03801384	-5.827235
36.28	-6.156324	-6.143096	-0.8484709	-7	-1.848266	-1.907989	-0.4816409	0.09939077	-5.593138
36.3	-6.082612	-6.143096	-0.6890607	-7	-1.939481	-1.994413	-5.637983	-0.05328102	-7.553283
36.32	-6.082258	-6.074806	-0.9614825	-7	-2.05805	-1.950706	-10.85396	-0.0685482	-8.11675
36.34	-6.278612	-6.143096	-2.215873	-7	-2.157866	-1.843001	-15.60117	-1.274655	-8.236522
36.36	-6.304391	-6.143096	-2.514151	-7	-2.326866	-1.920551	-13.13537	-7.763205	-7.178265
36.38	-6.377181	-6.143096	-3.066768	-7	-2.371425	-1.959491	-12.25282	-5.274655	-7.018783
36.4	-5.900937	-5.801648	-0.8971107	-7	-2.502355	-2.237718	-6.49002	-7.121983	-6.490793
36.42	-5.929821	-5.733358	-1.515203	-7	-2.418885	-2.144374	-15.51948	-1.641067	-9.064041
36.44	-6.908466	-6.825994	-6.34196	-7	-2.787366	-2.415107	-9.370806	-0.8929757	-8.777428
36.46	-5.662391	-5.460199	-0.2264938	-7	-2.70926	-2.489299	5.33023	-2.892976	-3.36235
36.48	-6.514469	-6.416255	-4.742439	-7	-2.597983	-2.611207	-5.543282	-5.320456	-9.949694
36.5	-6.055144	-6.143096	-2.292813	-7	-2.858057	-2.906621	11.75685	2.847482	-5.086772
36.52	-6.703269	-6.143096	-5.88397	-7	-2.081203	-1.887602	-10.20171	-0.3586246	-7.594068
36.54	-6.99951	-7.099152	-6.644936	-7	-2.569307	-2.537462	15.13013	1.748246	-3.492597
36.56	-6.959386	-6.825994	-5.982849	-7	-2.244067	-2.549855	24.54002	-1.702136	-2.016548
36.58	-6.781172	-6.484545	-4.838654	-7	-1.502517	-1.856258	17.17632	5.77878	-1.951893
36.6	-7.580036	-7.50889	-8.10693	-7	-1.279255	-1.628978	16.37023	13.73298	-2.645996
36.62	-6.947325	-6.825994	-4.198638	-7	-0.899653	-1.276551	23.33587	14.72534	1.635231
36.64	-7.689797	-7.850338	-7.027136	-7	-0.8108506	-1.461823	22.61735	11.5345	-1.969936
36.66	-7.354867	-7.50889	-4.388449	-7	-0.6521316	-1.352734	31.868	16.4658	1.726608
36.68	-8.33966	-8.123497	-8.527505	-7	0.02533296	-0.4895291	15.2399	12.22153	-0.4722347
36.7	-7.759631	-7.850338	-4.390316	-7	0.1116037	-0.4201918	29.28192	13.73298	4.819416
36.72	-7.589081	-7.50889	-2.924573	-7	0.7210006	0.1238465	11.87611	6.755879	1.088055
36.74	-7.939176	-8.191787	-3.756351	-7	0.5472828	0.064013	8.380944	20.60321	-0.2880058
36.76	-9.570091	-9.079553	-10.95298	-7	1.016207	1.21703	-9.085242	9.061222	0.7518253
36.78	-9.133985	-8.806395	-7.192354	-7	1.048476	1.304446	13.76109	5.549773	9.43725
36.8	-8.311205	-8.464945	-1.899925	-7	1.089011	0.5529125	24.58696	-0.938777	6.554293
36.82	-7.781765	-8.123497	1.317332	-7	1.196431	0.385603	13.44667	18.98489	1.329517
36.84	-8.795358	-9.079553	-3.161903	-7	1.022819	0.5667415	-2.677156	15.96198	-2.404052
36.86	-9.206327	-9.079553	-4.446199	-7	1.001374	1.113544	-4.131661	2.404734	2.337826
36.88	-10.32017	-10.03561	-8.898655	-7	1.023406	1.285608	0.2093644	-10.67923	4.118845
36.9	-8.978459	-8.874683	-1.110164	-7	1.131987	1.036266	21.87024	-3.427327	9.970295
36.92	-8.724145	-8.738104	0.480528	-7	1.561137	1.088736	3.78593	5.610841	2.279289
36.94	-9.363857	-9.830739	-1.928933	-7	1.004276	0.5719175	6.599241	19.59557	0.4745674
36.96	-10.03687	-9.830739	-4.687518	-7	1.256907	1.273674	-0.4802799	-1.946411	3.143232
36.98	-9.842396	-9.762449	-2.838133	-7	1.267424	1.259887	10.29036	-3.015113	6.699209
37	-8.535216	-8.806395	4.123333	-7	1.252664	0.7531831	16.00552	-1.244121	5.361034
37.02	-8.637769	-8.806395	3.345916	-7	1.445599	1.059589	-12.42626	9.839849	-2.297062
37.04	-8.507031	-8.738104	3.858062	-7	1.007815	1.122161	-21.871	4.984886	-2.181781
37.06	-9.886006	-10.1039	-2.810214	-7	0.2156554	0.569342	-19.45613	-17.35099	-3.552161
37.08	-9.083465	-9.147842	1.454004	-7	-0.2090553	0.06468483	5.042964	-16.5113	3.583349
37.1	-9.002224	-9.079553	1.60947	-7	-0.159567	-0.3005561	2.561485	-19.51893	-0.8127651
37.12	-7.966666	-8.191787	6.280247	-7	-0.2124985	-0.4406632	1.544975	-14.08381	-1.046449
37.14	-8.591365	-8.123497	1.996186	-7	0.4364402	0.9014094	-41.16373	5.671909	-6.692081
37.16	-7.799288	-8.123497	5.661854	-7	-0.6328509	-0.05524355	-21.76587	-6.068548	-2.85392
37.18	-8.638931	-8.123497	0.3647792	-7	-0.4336131	0.5302576	-48.55658	-3.579998	-7.661753
37.2	-8.331271	-8.123497	1.501294	-7	-1.107863	0.03111123	-30.87566	-18.05328	-2.574793
37.22	-8.672182	-8.123497	-0.9267993	-7	-1.076755	0.01681999	-34.1621	-5.305189	-4.119194
37.24	-8.063324	-8.123497	1.878449	-7	-1.774709	-1.168167	-5.749484	-22.90824	-1.602335
37.26	-9.572803	-9.147842	-6.074211	-7	-1.530623	-1.009238	-10.8359	0.5726729	-4.691916
37.28	-9.431684	-9.079553	-4.986643	-7	-1.436539	-1.038587	19.55838	-5.121983	4.528093
37.3	-9.88314	-9.079553	-7.123442	-7	-0.2438211	-0.05804008	13.89246	0.8474821	4.611164
37.32	-8.519179	-9.011263	0.6534514	-7	-0.5370748	-1.359704	55.4206	2.190994	8.303467
37.34	-8.048833	-8.806395	3.158711	-7	-0.2656304	-1.986068	53.85552	22.5116	0.7985382
37.36	-8.911791	-9.762449	-0.8062572	-7	-0.2534349	-1.948706	48.80626	21.79405	-1.766991
37.38	-8.222521	-8.464945	2.642447	-7	0.5016645	-0.6983292	36.52753	27.82458	2.859991
37.4	-9.215798	-9.421001	-2.148569	-7	0.9157338	0.08354777	14.96974	-3.824273	-0.6906767
37.42	-9.045467	-9.421001	-0.5669167	-7	0.7390652	0.09653524	27.63264	1.000154	4.712894
37.44	-9.218437	-9.421001	-0.9898403	-7	1.013916	0.2914908	23.11043	-0.1143497	3.465389
37.46	-8.689073	-9.421001	2.340595	-7	0.6421658	-0.4398255	39.14613	3.488703	4.339472
37.48	-8.961597	-9.421001	1.14833	-7	0.8882767	-0.2219598	27.03572	8.969619	0.9460058
37.5	-9.006766	-9.421001	1.219634	-7	0.9498237	0.0938492	23.39154	5.88565	2.315237
37.52	-9.412848	-9.421001	-0.6690666	-7	1.382339	0.9365706	7.753006	2.755879	2.359261
37.54	-7.89113	-8.464945	7.17307	-7	1.026894	0.3647878	20.27706	0.7864138	4.618787
37.56	-9.428934	-9.762449	-0.682219	-7	0.9897028	0.4651719	-5.182594	-1.671602	-4.286747
37.58	-9.596396	-9.62587	-1.133961	-7	0.8146068	0.8865484	4.449778	4.526871	3.929701
37.6	-9.233412	-8.806395	0.5912995	-7	1.438939	1.669203	-6.59329	-9.121983	4.823229
37.62	-7.910283	-8.806395	7.547152	-7	0.4108152	-0.2001781	21.77882	-5.198319	3.168162
37.64	-9.537606	-10.1039	-0.7403219	-7	0.1203911	-0.6145074	8.877694	5.442902	-4.857781
37.66	-10.0345	-10.1039	-2.852912	-7	0.1352733	-0.1004433	21.95069	8.511604	4.017274
37.68	-9.46411	-9.079553	0.008919716	-7	1.048033	0.8610808	17.11916	-14.19068	7.156646
37.7	-7.744225	-9.079553	9.132433	-7	0.004040599	-1.454568	55.20893	0.4658026	4.745719
37.72	-8.155185	-9.079553	6.403626	-7	0.1406995	-1.551489	29.62871	6.801681	-5.416009
37.74	-8.664506	-9.079553	3.326941	-7	0.3069913	-0.5046394	10.59939	17.15282	-3.180916
37.76	-9.250731	-9.079553	0.009670258	-7	0.721661	0.7155915	-6.648091	-15.27465	-0.2222853
37.78	-7.579549	-8.123497	8.284846	-7	0.1477425	-0.193999	15.7738	-16.54183	3.411746
37.8	-7.59305	-8.123497	7.286781	-7	0.001789153	-0.6051834	-3.794158	-11.7632	-6.025826
37.82	-7.649026	-8.055207	6.136689	-7	-0.412969	-0.5436974	-12.66673	7.381833	-6.007126
37.84	-9.540766	-9.421001	-3.79484	-7	-0.6313584	-0.1400259	-21.13108	-16.61817	-5.717085
37.86	-9.308964	-9.421001	-2.151201	-7	-1.240763	-0.9766201	24.48214	-17.68687	5.161231
37.88	-8.224843	-8.396656	3.102941	-7	-0.8658527	-1.552724	41.01444	-20.49603	4.396588
37.9	-7.427402	-8.464945	6.862697	-7	-1.12486	-2.749888	54.34148	4.939085	-0.7488747
37.92	-8.972857	-9.352711	-1.366979	-7	-0.5441323	-1.79245	28.92492	12.78641	-4.996459
37.94	-9.334676	-9.421001	-2.87009	-7	-0.1449266	-0.8084905	36.91343	8.862749	4.166515
37.96	-9.096121	-9.421001	-1.09904	-7	0.1713665	-0.8824323	52.41798	-8.236487	6.790123
37.98	-7.992802	-8.055207	4.273727	-7	1.261622	0.1216527	35.82391	15.19862	5.885365
38	-7.760396	-8.123497	5.164629	-7	1.662983	0.7187645	9.449598	18.12992	0.2592154
38.02	-7.772688	-8.123497	4.846575	-7	1.539619	1.152695	-9.535419	19.54977	-1.297892
38.04	-7.612177	-8.123497	5.470503	-7	0.8587224	0.7127294	-10.80818	-2.526563	-1.761947
38.06	-7.983741	-8.123497	3.130062	-7	0.5447913	0.7463588	-21.75226	-3.442594	-3.292776
38.08	-9.219684	-9.421001	-2.859597	-7	-0.2224943	0.1271827	-7.380411	-12.05328	-1.431236
38.1	-9.635474	-9.421001	-4.521061	-7	-0.2266634	0.05566908	15.12786	-14.52656	5.306802
38.12	-8.400703	-8.464945	1.937629	-7	0.05875157	-0.3964344	37.87186	-4.404426	8.221537
38.14	-7.993206	-8.533236	3.907185	-7	0.2604005	-0.9103822	36.94952	15.15283	1.971551
38.16	-7.835487	-8.533236	4.550751	-7	0.2644753	-0.9776386	32.58027	17.58031	-0.1126394
38.18	-8.028869	-8.464945	3.277986	-7	0.4649228	-0.4600653	18.86556	21.96198	-1.02274
38.2	-8.075302	-8.464945	2.898991	-7	0.4382678	-0.1990183	14.72187	-4.32809	0.1257448
38.22	-8.532548	-8.738104	0.5406444	-7	0.489608	0.08640397	9.634689	-5.824273	0.3803215
38.24	-8.464818	-8.806395	1.104399	-7	0.2918215	-0.1697537	21.50795	-14.6029	3.018312
38.26	-8.736353	-8.738104	-0.2750883	-7	0.7090269	0.3014105	14.64016	-1.671602	2.688315
38.28	-7.413409	-7.850338	6.352863	-7	0.6390705	-0.0393332	25.01896	-6.847174	4.549452
38.3	-7.711777	-7.850338	4.165468	-7	1.071416	0.5705394	-6.461003	6.328398	-2.821128
38.32	-6.977425	-7.782049	7.676286	-7	0.1577852	-0.3102755	6.704262	4.374199	-1.118469
38.34	-7.740365	-7.782049	2.957526	-7	0.3095962	0.2850162	-20.87047	3.168092	-5.768274
38.36	-7.63662	-7.850338	3.172325	-7	-0.2879939	0.003393032	-9.836905	-13.7174	-1.384459
38.38	-8.467646	-7.850338	-1.686811	-7	0.2198921	0.9861261	-29.5135	-10.40442	-1.990973
38.4	-8.909267	-9.079553	-3.299414	-7	-0.6676725	-0.2340765	9.425425	-21.39679	3.296106
38.42	-8.776549	-7.782049	-2.983222	-7	0.662655	1.221517	-4.457382	0.3742	5.806173
38.44	-7.368846	-7.850338	4.497798	-7	0.1097328	-0.2695015	28.72342	0.2673298	6.320534
38.46	-6.95402	-7.713759	6.252693	-7	-0.07980055	-1.203086	26.61175	16.5116	-1.629419
38.48	-7.922355	-8.874683	1.407184	-7	-0.6816362	-1.860772	31.39619	20.84748	-4.05077
38.5	-8.988654	-8.738104	-4.076422	-7	0.141972	-0.2377185	16.37813	7.565039	1.102515
38.52	-8.470567	-8.738104	-0.7981098	-7	0.1261877	-0.4963125	43.55827	-15.09145	7.827021
38.54	-7.646576	-7.782049	3.273111	-7	0.9222709	-0.08885866	34.74917	-10.72504	5.235727
38.56	-6.954899	-7.782049	6.716835	-7	0.781133	-0.5432926	32.08352	6.145192	1.084856
38.58	-7.295196	-7.850338	4.597904	-7	0.856329	-0.1160865	9.052455	14.78641	-3.141111
38.6	-7.536406	-7.850338	3.125501	-7	0.7280148	0.3742138	-1.816647	7.152825	-1.525034
38.62	-7.532521	-7.782049	2.957252	7	0.4593304	0.3455155	-0.7226915	-8.892975	0.09075642
38.64	-8.675741	-9.079553	-2.44829	7	-0.1227587	-0.3623508	15.14734	-11.61053	0.477766
38.66	-8.997046	-9.079553	-3.508871	7	-0.01260026	-0.4163123	39.70443	-9.152517	7.305706
38.68	-9.045759	-9.079553	-3.146494	7	0.6592013	-0.2194803	55.29525	0.5726729	10.23384
38.7	-8.499666	-9.147842	0.4813852	7	0.9876182	-0.7064343	79.779	6.297863	11.83842
38.72	-8.689314	-9.079553	-0.007147789	7	2.100138	0.2006403	67.65836	25.29023	9.690782
38.74	-6.66832	-7.782049	10.56547	7	2.371413	0.07486629	77.13812	31.06122	11.75652
38.76	-7.30457	-7.782049	6.708856	7	3.486133	1.745506	17.55155	27.74824	0.7955704
38.78	-6.77266	-7.782049	9.487472	7	2.835425	1.767806	17.37644	29.71771	4.701851
38.8	-9.741476	-9.147842	-5.678959	7	3.722533	4.074466	-35.34638	-2.892976	1.32417
38.82	-7.793615	-8.123497	5.235837	7	2.744994	3.050302	23.94473	-7.412059	18.5092
38.84	-7.199673	-7.167441	7.660031	7	3.450893	3.072702	-0.06126261	-18.29756	7.792309
38.86	-6.924222	-8.464945	9.463381	7	1.796795	0.6725019	34.52794	3.198628	5.23419
38.88	-8.561235	-8.806395	0.866425	7	2.187472	1.489511	14.56462	1.794047	3.197824
38.9	-7.449928	-7.850338	6.592304	7	2.157498	1.533496	40.13165	2.862749	13.27768
38.92	-6.169877	-6.825994	12.35023	7	2.475998	1.225262	34.94493	-7.518929	8.050257
38.94	-7.845747	-8.123497	3.26271	7	2.892946	2.208999	1.636368	16.09939	1.781504
38.96	-7.530121	-7.235731	4.558825	7	3.390031	3.643194	-1.542289	5.595573	11.87561
38.98	-7.207688	-7.4406	6.14655	7	3.218216	3.129558	8.749297	-5.83954	11.2038
39	-7.389041	-7.850338	5.268458	7	2.947562	2.505024	19.62956	9.595573	10.01972
39.02	-6.929701	-6.757704	7.004143	7	3.718774	3.543335	5.723969	11.01542	11.62708
39.04	-7.181651	-7.167441	5.422656	7	3.968838	3.987357	-4.306384	11.82458	10.25472
39.06	-7.588121	-7.4406	3.334941	7	4.124907	4.428874	-5.823075	9.961986	12.39218
39.08	-6.35381	-6.484545	9.421966	7	4.080203	4.120648	7.751656	9.198627	15.41295
39.1	-6.520033	-6.825994	8.144174	7	4.048736	3.805934	-1.14051	5.839849	9.2194
39.12	-5.406287	-5.801648	13.06669	7	3.867522	3.682478	0.05025625	17.87038	10.67502
39.14	-6.23904	-6.484545	8.024051	7	3.748171	3.782644	-18.70723	-1.961678	5.026149
39.16	-7.223783	-6.825994	2.61396	7	3.899422	4.749125	-24.96844	0.007787696	10.23969
39.18	-6.135484	-6.074806	7.960983	7	3.667872	4.2372	2.519607	-17.65633	16.76284
39.2	-5.662377	-5.460199	9.445361	7	4.192822	4.428423	-10.66928	6.007787	11.67807
39.22	-5.954908	-6.143096	7.51691	7	3.918965	4.142906	-8.9355	-0.2975559	10.19397
39.24	-5.237305	-5.39191	10.50803	7	3.807396	3.970902	-1.527725	21.91618	12.47122
39.26	-5.72432	-6.143096	7.592935	7	3.437166	3.313322	4.144759	3.900917	9.348095
39.28	-5.109981	-5.39191	10.0882	7	3.422578	3.22483	14.51213	1.137559	12.78123
39.3	-4.964699	-5.050462	9.863372	7	3.845112	3.649925	2.477293	-0.3738918	10.43572
39.32	-4.235415	-4.777303	12.7883	7	3.548044	3.20856	10.12194	-2.847174	10.80622
39.34	-3.797138	-4.094406	13.66003	7	3.723831	3.484022	-6.328145	-0.4502277	7.488737
39.36	-3.162918	-3.684668	15.49258	7	3.344392	3.262314	-12.20078	-0.08381538	6.003602
39.38	-3.140935	-3.411509	13.9377	7	3.110932	3.3927	-28.72971	-3.564731	3.141867
39.4	-2.713663	-3.13835	14.57689	7	2.379779	2.833185	-24.03134	-13.45786	3.872328
39.42	-2.987703	-2.728612	11.23413	7	2.489208	3.427202	-43.73772	-15.64107	2.293427
39.44	-2.998854	-2.796902	9.712629	7	2.097422	3.322358	-37.51881	-22.67924	5.226976
39.46	-2.009293	-2.387164	13.41091	7	1.227576	1.812865	-7.585642	-19.39679	6.577732
39.48	-2.256642	-2.387164	10.42941	7	1.175753	1.44959	-10.49258	-19.6716	2.223745
39.5	-2.131604	-2.045715	9.494071	7	1.309355	1.759271	-7.894905	-3.641067	5.187696
39.52	-1.009317	-0.6799221	13.18983	7	1.89466	2.453516	-17.7553	-7.335723	6.23105
39.54	-0.2308651	-0.2701836	15.06847	7	1.87505	2.401175	-30.60524	-4.938777	1.812438
39.56	0.1430441	0.002975464	14.8344	7	1.466145	2.207296	-41.89004	-0.4960288	-1.310566
39.58	-0.02825993	0.002975464	11.90825	7	0.9630371	2.075937	-49.25117	-3.106716	-2.399022
39.6	0.9470713	1.23219	14.49566	7	0.7011619	2.094432	-51.56169	-14.17542	-0.3261967
39.62	0.7349425	1.300479	10.90799	7	0.6346148	2.368604	-71.35641	-19.06091	-4.31978
39.64	0.3626948	0.3444233	7.556164	7	-0.6273748	0.9737635	-42.02503	-21.09145	-1.632243
39.66	1.086264	1.437058	9.320956	7	-0.7914047	0.4434625	-23.48358	-14.66397	1.553167
39.68	1.909342	1.710217	11.61799	7	-1.195242	-0.7490427	-3.80541	-16.11435	-0.5329132
39.7	1.733795	1.983377	8.516183	7	-0.7438006	-0.2691844	-17.76982	-3.350991	-3.466464
39.72	1.375725	2.256536	4.712081	7	0.09743679	1.314512	-37.63184	1.107024	-0.5187635
39.74	3.009754	3.554038	11.16499	7	0.3087788	1.546305	-31.9958	-3.671601	3.549371
39.76	4.083991	3.827197	14.58536	7	-0.263	0.3321795	-31.54071	-2.999846	-4.003818
39.78	3.429056	3.280881	9.243872	7	-0.8418274	-0.07523492	-42.99374	4.450535	-9.179708
39.8	2.652524	3.554038	3.347407	7	-0.5178417	1.241217	-59.79792	-0.8471739	-4.651998
39.82	2.992309	3.554038	3.884764	7	-0.9230774	0.7760463	-34.94765	-16.11435	1.343278
39.84	5.125338	5.19299	12.92214	7	-1.185398	-0.4113878	-13.69649	-22.95404	0.8233566
39.86	4.719244	4.441804	8.914014	7	-1.566836	-1.294515	-24.15965	2.878016	-9.740517
39.88	4.617633	4.851542	6.530272	7	-1.590045	-0.7674496	-29.89157	9.091757	-6.52378
39.9	4.813844	5.19299	5.80607	7	-1.566559	-0.5575213	-29.77687	-6.129616	-4.605661
39.92	5.347071	5.739308	6.75745	7	-1.497672	-0.4993377	-30.41214	-16.08381	-4.304588
39.94	5.063259	4.851542	4.205009	7	-2.251362	-1.696409	-11.33281	-13.12198	-5.939497
39.96	5.468092	5.739308	4.770713	7	-2.0099	-1.502315	-7.5812	2.679543	-3.511489
39.98	4.600286	4.851542	-0.5965199	7	-1.867383	-1.415228	-5.619643	-4.389159	-4.279573
40	5.377914	5.739308	2.485791	7	-1.458966	-1.080093	8.101633	0.9390857	1.838265
40.02	6.239775	6.422206	5.667078	7	-0.914314	-0.905284	1.939185	0.3436657	-1.081397
40.04	5.904348	6.080756	2.891913	7	-0.5842907	-0.3792695	-16.20293	13.4887	-4.784148
40.06	7.150551	7.036813	8.170686	7	-0.8241649	-0.5699674	-10.58892	12.87802	-2.204744
40.08	6.594612	6.763654	3.991049	7	-0.7278246	-0.2320718	-36.44139	-0.7097695	-8.737561
40.1	7.335819	7.309972	6.65974	7	-1.307488	-0.5486779	-28.70322	-1.076182	-5.1768
40.12	6.924582	7.036813	3.340765	7	-1.655798	-0.8718202	-35.89981	-5.488395	-9.020611
40.14	6.933666	7.036813	2.445802	7	-2.176776	-1.320026	-23.72754	-11.5342	-6.265297
40.16	7.334725	7.583131	3.308959	7	-2.248944	-1.541053	-18.71682	-16.95404	-5.729533
40.18	7.163637	7.378261	1.388522	7	-2.315854	-1.709335	-17.93504	-19.80901	-7.078612
40.2	7.58243	7.378261	2.796814	7	-2.836851	-2.629018	4.183	-11.16778	-5.310197
40.22	8.740688	8.812345	7.110737	7	-2.459326	-2.462556	-3.875977	1.794047	-7.032896
40.24	7.935302	7.924579	1.751683	7	-2.49946	-2.295887	-21.78942	1.045955	-12.50456
40.26	8.469475	8.675765	3.310886	7	-2.581472	-1.96071	-19.59367	2.542139	-7.482707
40.28	8.629466	8.744054	2.931205	7	-2.743987	-2.207722	-22.27759	-2.679235	-9.768898
40.3	7.061219	7.309972	-5.529804	7	-3.027197	-2.299168	-19.6921	-7.289922	-10.0928
40.32	6.79047	7.241681	-6.803818	7	-3.031865	-2.359029	10.82926	-11.45786	-0.7622252
40.34	6.962653	7.309972	-5.74512	7	-2.521995	-2.573997	33.36588	-14.12962	1.75822
40.36	7.408103	7.309972	-3.17576	7	-2.039452	-2.890797	51.08596	-15.27465	1.900322
40.38	10.5853	9.290372	12.58817	7	-2.238334	-4.42664	76.98854	3.244428	0.1456814
40.4	9.790308	8.539186	7.310761	7	-2.033618	-4.360531	28.00697	29.21389	-17.59702
40.42	6.485231	6.012467	-9.265614	7	-2.305849	-3.05878	9.542348	33.06122	-13.49774
40.44	5.623396	6.080756	-12.54061	7	-1.874065	-1.830717	38.33237	28.61847	4.759032
40.46	6.634308	7.309972	-6.669394	7	-0.4358007	-0.8847346	49.71072	8.633741	10.3976
40.48	6.978291	6.763654	-3.930242	7	0.2007443	-1.085032	54.23132	-12.61817	5.834063
40.5	8.916898	7.583131	6.677081	7	-0.1559573	-2.425471	75.3103	13.77878	3.877186
40.52	7.793547	7.036813	0.8910594	7	0.440749	-1.543797	27.89299	32.63374	-7.784027
40.54	6.491604	6.080756	-4.915522	7	0.3578652	-0.4907483	17.77979	24.77114	-2.13267
40.56	6.028035	6.422206	-6.479438	7	1.022688	0.9141132	8.946496	22.19099	4.437355
40.58	6.622377	7.241681	-2.912235	7	1.882715	2.085137	-4.14299	-3.045647	6.97372
40.6	6.281034	6.490495	-3.803721	7	1.94562	2.156732	-12.9906	-20.37389	3.563768
40.62	7.769215	7.309972	4.418922	7	1.241399	1.035548	5.36186	17.59557	4.698639
40.64	6.487064	6.695365	-2.14578	7	1.530773	1.692045	-33.94749	23.56504	-4.674615
40.66	6.665653	6.763654	-0.7398253	7	0.9462819	1.665226	-24.17487	4.084123	1.872591
40.68	6.379422	7.309972	-2.418982	7	1.529364	2.759646	-51.49691	1.488704	0.1579275
40.7	5.776568	6.490495	-5.028314	7	1.229081	2.809164	-50.38931	-12.25175	1.736394
40.72	7.273388	7.309972	2.942001	7	0.3478702	1.27078	-17.85008	-13.87007	4.666566
40.74	5.954168	6.080756	-3.673487	7	0.03826986	0.5738958	-26.26109	0.4505359	-4.224386
40.76	6.876555	6.968522	1.141033	7	-0.3378344	0.1817269	-4.010353	0.7253447	2.84404
40.78	6.508137	6.968522	-1.143216	7	0.1131515	0.5925444	-22.87816	1.809314	-2.298852
40.8	7.541584	7.65142	3.77967	7	-0.1052537	0.4008165	-16.90675	-8.236487	0.0427084
40.82	6.813154	6.695365	-0.1472748	7	-0.5965627	-0.275922	-20.76735	-7.13725	-5.791481
40.84	6.388163	6.695365	-2.428402	7	-0.6998217	-0.02948232	-17.71706	-3.488395	-2.002044
40.86	6.411885	6.763654	-2.311344	7	-0.6803648	-0.08212718	-8.184205	-7.931143	0.5895233
40.88	6.343756	6.695365	-2.63531	7	-0.4796286	-0.0683312	-3.995367	-13.44259	0.8120909
40.9	8.489756	8.197738	7.8564	7	-0.6939321	-0.9385754	12.82016	-6.267021	1.568033
40.92	8.41035	8.197738	6.23266	7	-0.534381	-0.8307893	-23.32117	7.732977	-10.36915
40.94	6.771127	6.695365	-2.42896	7	-1.166739	-0.6242045	-33.15265	2.252062	-10.03677
40.96	6.33137	6.763654	-4.609904	7	-1.418239	-0.4365324	-15.94401	-1.320457	-1.189162
40.98	6.233649	6.763654	-4.970223	7	-1.211375	-0.5380428	-0.6435862	-16.52656	1.667993
41	7.187714	7.309972	-0.06555825	7	-1.06255	-1.053005	17.86889	-27.82427	2.887982
41.02	8.883297	8.197738	8.085157	7	-1.31492	-2.263368	28.77099	5.030688	-1.963778
41.04	6.894919	6.763654	-2.609115	7	-0.9768273	-1.48307	-9.964036	22.98489	-11.47938
41.06	6.784353	6.763654	-2.87724	7	-1.271183	-1.129679	8.968532	6.542139	-0.327611
41.08	6.44923	6.695365	-4.389567	7	-0.9004035	-0.9213885	12.32354	-6.465494	0.4149265
41.1	6.625547	6.763654	-3.136406	7	-0.5597824	-0.7710025	20.92093	-12.95404	2.748427
41.12	7.309196	6.763654	0.8165431	7	-0.7776969	-1.703879	40.70786	5.900917	2.099911
41.14	7.758216	7.583131	2.738417	7	-0.09931023	-1.050919	19.43669	16.3284	-1.851655
41.16	7.739056	7.583131	2.297625	7	0.1583675	-0.3107055	-3.707612	10.75588	-4.210155
41.18	6.93881	7.036813	-1.82354	7	0.1495077	0.3576998	-20.72067	3.198628	-4.353351
41.2	7.641661	7.583131	1.801767	7	-0.284949	0.03725962	-9.122986	-7.931143	-0.2080507
41.22	6.732483	6.695365	-2.736099	7	-0.5891339	-0.3879688	-12.17911	-12.61817	-4.45395
41.24	6.874439	6.763654	-1.672875	7	-1.006675	-0.9011199	9.03787	0.3589324	0.3797579
41.26	6.529951	6.763654	-3.362626	7	-0.6247555	-0.6370012	6.01487	-3.274655	-0.4484749
41.28	7.090312	6.763654	-0.1121337	7	-0.8981627	-1.350273	27.74485	-0.8624413	1.837749
41.3	6.945802	6.763654	-0.8118347	7	-0.5831144	-1.2843	21.87283	2.084124	-1.320684
41.32	7.691485	7.583131	2.740234	7	-0.1984034	-0.7524817	13.66625	9.152825	-0.3628531
41.34	8.931143	8.744054	8.140539	7	0.06680886	-0.3381258	-9.888184	3.824581	-4.424684
41.36	8.207103	7.924579	3.679295	7	-0.387895	-0.2686494	-38.14716	1.351299	-11.53768
41.38	8.419507	8.402606	4.005908	7	-1.064991	-0.2590471	-41.71814	-1.686869	-8.161915
41.4	7.267238	7.65142	-2.465767	7	-1.49806	-0.2623871	-50.68494	-7.320457	-9.702538
41.42	6.045589	6.763654	-8.534014	7	-1.856971	-0.277736	-33.3043	-14.16015	-3.255904
41.44	5.982292	6.763654	-8.363949	7	-1.775052	-0.6169375	-0.2734337	-29.7632	4.004868
41.46	6.287853	6.763654	-6.278826	7	-1.349293	-1.103919	24.38494	-33.57999	5.212885
41.48	7.202322	6.763654	-0.9776535	7	-1.407574	-2.373488	55.54283	8.923818	4.309031
41.5	7.989253	7.583131	2.841015	7	-0.7058281	-2.177911	44.45235	19.07649	-0.5766697
41.52	7.76395	7.036813	1.711616	7	-0.6587573	-2.084478	32.16051	31.33603	-4.694374
41.54	6.137151	6.149047	-6.248105	7	-0.1717007	-0.7431666	9.786822	29.36656	-3.775915
41.56	5.682999	6.080756	-7.659347	7	0.3101224	0.3419912	15.814	9.748245	5.292541
41.58	6.094599	6.080756	-4.442074	7	0.4975108	0.03434541	35.42952	-11.87007	8.004739
41.6	6.579376	6.080756	-1.026471	7	0.5727804	-0.6231527	47.18837	-19.30519	5.605156
41.62	7.27938	6.080756	3.344175	7	0.142357	-1.803054	62.37272	15.58031	2.516011
41.64	6.550433	6.080756	-0.2180026	7	0.8040753	-0.7528914	30.55914	28.20626	-2.169252
41.66	6.326739	6.149047	-0.9373775	7	1.168402	0.4144197	15.69559	17.13756	1.638084
41.68	5.740764	6.080756	-3.514744	7	1.796333	1.754171	-7.573281	6.053589	2.535122
41.7	7.050984	7.036813	3.492488	7	1.719183	1.773687	-4.287738	-7.793739	5.582653
41.72	7.408521	6.968522	5.233953	7	1.224989	1.005206	-15.72141	2.69481	-2.319623
41.74	8.477834	7.924579	9.978537	7	0.4940622	0.4254534	-25.24449	3.88565	-5.268477
41.76	7.496862	7.583131	3.852116	7	0.1824796	0.9431694	-64.25616	9.198627	-12.12274
41.78	6.065715	6.763654	-3.865099	7	-0.3629048	1.58069	-72.91385	-9.579997	-7.146425
41.8	6.066589	6.763654	-3.799462	7	-1.065979	0.8922808	-42.1143	-27.91588	0.7294798
41.82	7.059142	7.309972	1.032343	7	-1.561889	-0.6002325	-10.64529	-39.56473	0.9890308
41.84	6.405855	6.080756	-2.241393	7	-2.226749	-2.246288	12.60664	-30.5571	-4.126076
41.86	6.42092	7.241681	-2.82487	7	-1.033953	-0.6593279	-2.550169	16.80168	-0.25488
41.88	6.576013	7.309972	-2.369549	7	-0.2433748	0.3515461	-13.0028	9.3971	0.9519348
41.9	7.497437	7.309972	2.371758	7	-0.6624064	-0.6125004	5.784671	-2.419693	0.8102074
41.92	7.358775	7.309972	1.249976	7	-0.5720673	-0.6850126	-6.484583	7.473436	-4.456359
41.94	6.888962	7.378261	-1.588486	7	-0.1463744	0.4098133	-26.89254	9.168093	-3.645983
41.96	6.695449	7.378261	-2.73984	7	0.07802361	1.146144	-34.49767	2.69481	-0.7730322
41.98	7.357909	7.309972	0.8246851	7	-0.6440822	-0.05213475	-10.07354	-5.274655	0.4841909
42	7.53292	7.378261	1.486077	7	-0.9914973	-0.9051348	-4.890116	-1.976945	-3.506484
42.02	6.978595	7.309972	-1.753324	7	-0.7295005	-0.3273449	-18.99155	3.152825	-4.565898
42.04	6.958307	7.309972	-1.955218	7	-0.7267506	-0.09098846	-15.11863	-0.3586246	-1.188202
42.06	7.051101	7.241681	-1.485794	7	-0.8301744	-0.4079378	-6.85192	-4.450227	-0.8594074
42.08	7.209052	7.309972	-0.7470097	7	-0.8576825	-0.6669029	-1.518591	-1.41206	-1.236355
42.1	7.254633	7.309972	-0.6220351	7	-0.8317661	-0.7699518	-0.3708738	0.2367954	-1.968577
42.12	7.205401	7.309972	-0.9866855	7	-0.733088	-0.6503434	-2.261292	-0.4196933	-2.095082
42.14	7.205558	7.309972	-1.043886	7	-0.6739548	-0.5606055	-2.41635	0.1451923	-1.683712
42.16	7.29216	7.309972	-0.6181863	7	-0.7122757	-0.6686569	0.1943089	0.06885641	-1.589137
42.18	7.22214	7.241681	-0.9964691	7	-0.707105	-0.7039881	0.1515435	-0.03801384	-2.048
42.2	7.360599	7.378261	-0.3442976	7	-0.6866216	-0.694769	1.028945	0.2215282	-1.62511
42.22	7.386219	7.378261	-0.2987972	7	-0.6797508	-0.7130171	-0.5467865	-0.22122	-2.355846
42.24	7.353439	7.378261	-0.5533037	7	-0.6714404	-0.6446968	-2.69839	0.06885641	-2.498256
42.26	7.269249	7.309972	-1.014738	7	-0.6990635	-0.6195784	-3.037451	0.06885641	-2.313379
42.28	7.262128	7.309972	-1.054583	7	-0.7250073	-0.6422344	-1.434279	0.06885641	-1.845275
42.3	7.288474	7.309972	-0.9192549	7	-0.7471603	-0.7191284	0.4948101	-0.02274666	-1.7842
42.32	7.284337	7.309972	-0.9544452	7	-0.7267308	-0.7310543	0.8163265	-0.08381538	-1.908726
42.34	7.196658	7.241681	-1.38112	7	-0.6879576	-0.6818732	0.5797836	-0.007479484	-1.851168
42.36	7.27036	7.309972	-0.9788953	7	-0.6490354	-0.6530261	1.782923	0.03832205	-1.327264
42.38	7.323158	7.309972	-0.6937376	7	-0.6435542	-0.70723	2.202968	0.03832205	-1.707748
42.4	7.421824	7.378261	-0.2194014	7	-0.654224	-0.7471021	1.888159	-0.03801384	-2.020988
42.42	7.407274	7.378261	-0.3591955	7	-0.6579199	-0.722506	-0.6544691	-0.1143497	-2.61305
42.44	7.308815	7.309972	-0.8876113	7	-0.689886	-0.6797841	-2.030783	0.007787696	-2.579531
42.46	7.208117	7.241681	-1.370164	7	-0.7220563	-0.6669252	-1.151187	-0.2364872	-2.072861
42.48	7.285094	7.309972	-0.9508057	7	-0.7348189	-0.716002	1.392611	-1.350991	-1.519358
42.5	7.340689	7.309972	-0.6616621	7	-0.7572635	-0.8269129	2.809417	-1.900609	-1.930055
42.52	7.354472	7.378261	-0.656031	7	-0.6849406	-0.7331456	0.2699112	0.4810703	-2.248717
42.54	7.414422	7.378261	-0.3806987	7	-0.7294924	-0.7762902	0.5164164	0.114658	-2.299352
42.56	7.308219	7.309972	-0.9560039	7	-0.7387731	-0.7518033	-1.209175	-0.1296169	-2.680399
42.58	7.374279	7.378261	-0.6427371	7	-0.7703079	-0.7601413	-0.06307766	0.1757267	-2.110164
42.6	7.315711	7.309972	-0.9574785	7	-0.7997513	-0.8125911	-0.005341649	-0.0685482	-2.487144
42.62	7.270822	7.241681	-1.14717	7	-0.8612053	-0.8996493	2.538307	0.7253447	-2.171969
42.64	7.204422	7.309972	-1.513067	7	-0.7166439	-0.6996521	0.04702854	0.4352683	-1.929669
42.66	7.31679	7.309972	-0.8830369	7	-0.7421187	-0.7760243	3.118494	0.06885641	-1.45635
42.68	7.314615	7.309972	-0.8926238	7	-0.7045961	-0.7853388	2.085208	-0.1754185	-2.094912
42.7	7.617418	7.583131	0.5421964	7	-0.6847354	-0.7752813	1.112129	0.2673298	-2.089027
42.72	7.382524	7.309972	-0.7179519	7	-0.7680025	-0.8350975	-2.871487	-0.1601513	-3.810393
42.74	7.289423	7.309972	-1.198804	7	-0.8280214	-0.7639509	-2.270642	-0.05328102	-2.620264
42.76	7.226925	7.378261	-1.564052	7	-0.7251976	-0.5759094	-4.388494	-1.305189	-2.124029
42.78	7.305914	7.378261	-1.138139	7	-0.7495393	-0.6308179	-1.995418	-3.213586	-1.691162
42.8	7.24072	7.241681	-1.404222	7	-0.8210694	-0.7979272	0.5476622	0.05358881	-2.128776
42.82	7.303726	7.309972	-1.050424	7	-0.8247709	-0.8552862	2.800095	-0.1143497	-1.79835
42.84	7.251166	7.309972	-1.327634	7	-0.7273394	-0.7520968	0.6491721	0.09939077	-2.132399
42.86	7.331214	7.309972	-0.8693979	7	-0.758247	-0.8121218	2.759262	0.03832205	-1.794533
42.88	7.221735	7.241681	-1.399413	7	-0.7117188	-0.7629262	1.003228	0.05358881	-2.2766
42.9	7.3863	7.378261	-0.5438176	7	-0.7104443	-0.7636567	2.318623	-0.03801384	-1.674329
42.92	7.394866	7.378261	-0.5437487	7	-0.6946402	-0.7636573	-0.2863231	0.02305488	-2.619464
42.94	7.303113	7.241681	-0.9742794	7	-0.7976174	-0.8487369	0.4526508	0.114658	-2.719444
42.96	7.237772	7.241681	-1.279023	7	-0.8131372	-0.8338473	1.017284	-0.4044262	-2.306393
42.98	7.230015	7.309972	-1.324128	7	-0.7251356	-0.7018416	-0.2688402	0.2367954	-1.951908
43	7.322454	7.309972	-0.8147336	7	-0.7622157	-0.7908388	1.790701	-0.02274666	-1.859767
43.02	7.30342	7.309972	-0.9254001	7	-0.7384654	-0.7821074	0.2790219	-0.007479484	-2.412946
43.04	7.410545	7.378261	-0.4009513	7	-0.7779553	-0.8272474	0.8151076	0.0841236	-2.326656
43.06	7.344248	7.309972	-0.7719734	7	-0.8199365	-0.8692626	-0.4697391	-0.0685482	-2.975541
43.08	7.304038	7.309972	-0.9986437	7	-0.8439172	-0.8417025	-0.6923026	0.09939077	-2.660907
43.1	7.353302	7.378261	-0.7917986	7	-0.8429471	-0.8265004	-0.7147835	-0.1143497	-2.452061
43.12	7.328418	7.378261	-0.9796681	7	-0.8175037	-0.7754974	-2.469462	0.0841236	-2.718163
43.14	7.354639	7.378261	-0.8766525	7	-0.856212	-0.8045115	-1.887655	-0.03801384	-2.56785
43.16	7.179764	7.241681	-1.757637	7	-0.860641	-0.7837064	-2.500386	-0.1143497	-2.731646
43.18	7.19927	7.241681	-1.581776	7	-0.8949571	-0.8402072	1.436268	0.03832205	-1.747208
43.2	7.247779	7.309972	-1.320486	7	-0.8192772	-0.8249316	1.818871	-0.08381538	-1.833428
43.22	7.284567	7.309972	-1.114991	7	-0.776057	-0.8145574	1.634947	0.06885641	-2.044187
43.24	7.387108	7.378261	-0.6050773	7	-0.764907	-0.8254014	1.239973	0.03832205	-2.243937
43.26	7.417407	7.378261	-0.4890785	7	-0.7963293	-0.8634843	-0.112933	-0.03801384	-2.849346
43.28	7.25674	7.241681	-1.300738	7	-0.8476808	-0.8624008	-1.256364	0.06885641	-3.089787
43.3	7.393826	7.378261	-0.6098783	7	-0.9020275	-0.9139321	1.209988	-0.3128231	-2.256221
43.32	7.294502	7.309972	-1.159747	7	-0.884993	-0.9047393	-0.8534922	-0.02274666	-3.042151
43.34	7.333484	7.378261	-0.9965958	7	-0.8681899	-0.834941	-1.059373	0.1909938	-2.487556
43.36	7.189408	7.241681	-1.710889	7	-0.8663046	-0.8163701	-1.623093	-0.05328102	-2.688871
43.38	7.17642	7.241681	-1.710532	7	-0.858733	-0.8015859	0.5319369	0.1604595	-1.884352
43.4	7.279553	7.309972	-1.145553	7	-0.8351561	-0.8517092	2.34638	0.02305488	-1.786684
43.42	7.255785	7.309972	-1.27262	7	-0.75073	-0.7723274	-0.07112837	0.1451923	-2.345676
43.44	7.330221	7.309972	-0.8545898	7	-0.7943811	-0.8320163	1.211788	0.06885641	-2.20185
43.46	7.305096	7.309972	-0.9921886	7	-0.7858576	-0.8198133	-0.450971	-0.03801384	-2.683002
43.48	7.359927	7.378261	-0.7445123	7	-0.7871786	-0.780928	-1.527985	0.05358881	-2.585478
43.5	7.376853	7.378261	-0.7009907	7	-0.8298967	-0.8109078	-2.508415	-0.05328102	-2.931631
43.52	7.332176	7.378261	-0.9901263	7	-0.8454137	-0.7686587	-4.415731	-0.1296169	-3.088558
43.54	7.282367	7.309972	-1.246348	7	-0.9281698	-0.8329194	-3.168115	0.06885641	-2.870679
43.56	7.143173	7.241681	-1.94202	7	-0.9176112	-0.7923289	-3.104556	-0.09908256	-2.633351
43.58	7.219462	7.309972	-1.518087	7	-0.9029037	-0.8013791	-0.3939883	0.0841236	-1.820846
43.6	7.17898	7.241681	-1.681771	7	-0.8731865	-0.8389239	0.2800748	-0.1143497	-2.196844
43.62	7.422543	7.446551	-0.4683925	7	-0.8438448	-0.8629802	1.420713	0.2825965	-1.945451
43.64	7.401072	7.378261	-0.6416008	7	-0.8556664	-0.9098737	-1.331747	-0.2517543	-3.295493
43.66	7.226418	7.241681	-1.526517	7	-0.8999941	-0.8680388	-2.570293	0.1451923	-3.238276
43.68	7.189018	7.241681	-1.666892	7	-0.9256614	-0.8562005	-0.5551195	-0.3738918	-2.315935
43.7	7.230639	7.309972	-1.441912	7	-0.871906	-0.8251303	-0.08744407	-0.7403039	-2.102947
43.72	7.186918	7.241681	-1.621257	7	-0.8443769	-0.8213372	-0.03618711	-1.320457	-2.29224
43.74	7.286012	7.309972	-1.082068	7	-0.8385237	-0.8473759	1.245696	0.05358881	-2.045858
43.76	7.293241	7.309972	-1.049857	7	-0.815836	-0.845322	-0.1539339	-0.1143497	-2.613876
43.78	7.224931	7.241681	-1.368792	7	-0.8300493	-0.8294277	-0.8186852	0.2062606	-2.685429
43.8	7.313307	7.309972	-0.898043	7	-0.8686052	-0.8794856	0.6089735	-0.2517543	-2.353357
43.82	7.28134	7.309972	-1.091661	7	-0.8453789	-0.8486317	-1.470914	0.1909938	-2.891027
43.84	7.229348	7.241681	-1.330824	7	-0.890063	-0.8677089	-1.005549	-0.05328102	-2.734414
43.86	7.33713	7.378261	-0.8193308	7	-0.8755988	-0.8465255	-1.122336	0.09939077	-2.490088
43.88	7.27973	7.309972	-1.146144	7	-0.8866097	-0.8520991	-2.7254	0.007787696	-3.092063
43.9	7.265682	7.309972	-1.231133	7	-0.9142944	-0.8426772	-2.598074	0.007787696	-2.804127
43.92	7.246413	7.309972	-1.345631	7	-0.9187546	-0.8353914	-2.695637	-0.3586246	-2.745894
43.94	7.324992	7.378261	-0.9813875	7	-0.9275358	-0.8544778	-2.250802	-0.7708384	-2.637024
43.96	7.313463	7.378261	-1.103809	7	-0.9172044	-0.8357978	-3.90096	0.2367954	-3.07478
43.98	7.30482	7.309972	-1.148953	7	-1.013863	-0.9498201	-1.998577	-0.1448841	-3.01263
44	7.29409	7.378261	-1.271176	7	-0.9786943	-0.8894517	-3.280105	0.0841236	-3.011055
44.02	7.314841	7.378261	-1.206103	7	-0.9927245	-0.8973269	-2.993468	0.007787696	-2.911295
44.04	7.166861	7.241681	-1.944967	7	-1.007411	-0.9039438	-2.854205	-0.007479484	-3.017484
44.06	7.167415	7.241681	-1.877986	7	-1.016941	-0.9320501	0.294203	0.007787696	-2.179845
44.08	7.215787	7.309972	-1.615948	7	-0.9320195	-0.8938546	0.5754471	-0.03801384	-2.144357
44.1	7.275861	7.309972	-1.282948	7	-0.9065847	-0.9185574	1.065966	0.05358881	-2.347894
44.12	7.295381	7.309972	-1.173096	7	-0.8928183	-0.9240314	0.4088742	-0.007479484	-2.686963
44.14	7.39054	7.378261	-0.7084988	7	-0.9125054	-0.9520671	0.1293849	0.02305488	-2.826998
44.16	7.360343	7.378261	-0.9255761	7	-0.9074533	-0.9066758	-2.813911	-0.007479484	-3.412148
44.18	7.347348	7.378261	-1.035973	7	-0.9481162	-0.881915	-3.84744	-0.007479484	-3.291345
44.2	7.27157	7.309972	-1.43299	7	-1.010817	-0.9184167	-3.611149	-0.389159	-3.270534
44.22	7.256664	7.309972	-1.506322	7	-1.051649	-0.9597626	-2.013249	-0.6028995	-2.886593
44.24	7.243998	7.309972	-1.574353	7	-1.046584	-0.977668	-1.157323	-1.702136	-2.800526
44.26	7.177042	7.241681	-1.881277	7	-1.034385	-0.9836717	-0.2023073	-2.694502	-2.698402
44.28	7.210278	7.241681	-1.648038	7	-1.036885	-1.039343	2.503729	0.4963374	-2.294677
44.3	7.28856	7.309972	-1.236987	7	-0.986526	-1.048253	2.861706	-0.3280903	-2.459073
44.32	7.279613	7.309972	-1.293396	7	-0.9205232	-0.9735367	0.6922834	0.09939077	-2.871693
44.34	7.347128	7.309972	-0.9254587	7	-0.9705653	-1.037354	1.693086	0.03832205	-2.822945
44.36	7.310744	7.309972	-1.134372	7	-0.9621667	-1.011264	-0.2420551	0.007787696	-3.268779
44.38	7.390488	7.378261	-0.7611611	7	-0.9959418	-1.021481	-0.3265104	-0.0685482	-3.103868
44.4	7.369378	7.378261	-0.9375631	7	-1.010846	-1.009326	-2.415384	-0.05328102	-3.597211
44.42	7.348001	7.378261	-1.104701	7	-1.04565	-0.9879744	-3.366965	0.007787696	-3.518258
44.44	7.331807	7.378261	-1.239043	7	-1.082947	-0.9960144	-3.511933	-0.6792352	-3.428529
44.46	7.160632	7.241681	-2.102255	7	-1.104175	-0.9853623	-3.395995	-0.1601513	-3.349355
44.48	7.217482	7.309972	-1.780563	7	-1.098836	-0.9921373	-0.4258652	-1.747938	-2.378624
44.5	7.253493	7.309972	-1.581049	7	-1.073136	-1.049214	0.8106871	-2.11435	-2.639564
44.52	7.274247	7.309972	-1.464863	7	-1.045315	-1.059293	1.073989	0.4658026	-2.80341
44.54	7.30264	7.309972	-1.30653	7	-1.042899	-1.083352	1.460415	-0.22122	-2.904444
44.56	7.35961	7.378261	-1.048748	7	-1.012098	-1.049081	0.2623065	0.0841236	-3.076538
44.58	7.413005	7.378261	-0.8054841	7	-1.064377	-1.116261	0.1907539	0.03832205	-3.404566
44.6	7.306885	7.309972	-1.378354	7	-1.087689	-1.100179	-1.496038	-0.1143497	-3.767001
44.62	7.364872	7.378261	-1.109314	7	-1.123759	-1.107086	-0.5159371	0.0841236	-3.212352
44.64	7.31882	7.378261	-1.405871	7	-1.092322	-1.051357	-2.508938	-0.02274666	-3.549663
44.66	7.261553	7.309972	-1.692593	7	-1.121803	-1.054589	-1.841766	0.09939077	-3.276026
44.68	7.228696	7.309972	-1.848727	7	-1.101486	-1.026289	-1.311476	-0.05328102	-2.963005
44.7	7.172807	7.241681	-2.073734	7	-1.091766	-1.039327	0.1249262	0.1299247	-2.748337
44.72	7.18158	7.241681	-1.954362	7	-1.060468	-1.048933	1.930536	-0.05328102	-2.415761
44.74	7.325712	7.378261	-1.214972	7	-0.9823286	-1.01384	1.718586	0.02305488	-2.438484
44.76	7.409285	7.378261	-0.8016648	7	-1.000739	-1.082122	0.8733855	0.03832205	-3.2218
44.78	7.316728	7.309972	-1.292828	7	-1.020424	-1.05475	-1.62441	-0.0685482	-3.763291
44.8	7.383837	7.378261	-0.9687264	7	-1.078865	-1.073743	-1.062008	0.007787696	-3.321341
44.82	7.285776	7.309972	-1.495574	7	-1.104332	-1.07756	-2.459633	-0.0685482	-3.757014
44.84	7.320541	7.378261	-1.349838	7	-1.111847	-1.041488	-2.292176	0.007787696	-3.245326
44.86	7.253125	7.309972	-1.702465	7	-1.126946	-1.056106	-2.470006	-0.03801384	-3.438027
44.88	7.259576	7.309972	-1.653899	7	-1.151531	-1.08974	-0.8473122	-0.05328102	-3.067104
44.9	7.240548	7.309972	-1.749606	7	-1.122983	-1.076911	-0.7907226	0.06885641	-3.098311
44.92	7.256136	7.309972	-1.652692	7	-1.109694	-1.079677	-0.08087891	-0.03801384	-2.964225
44.94	7.290706	7.309972	-1.456399	7	-1.119276	-1.130219	0.9025174	-0.03801384	-3.040424
44.96	7.259511	7.309972	-1.620749	7	-1.075838	-1.07658	-0.445675	-0.08381538	-3.24617
44.98	7.28182	7.309972	-1.486123	7	-1.082906	-1.078576	0.01001444	0.02305488	-3.067299
45	7.24997	7.309972	-1.648312	7	-1.046567	-1.022217	-1.371108	-0.007479484	-3.216479
45.02	7.256288	7.309972	-1.595682	7	-1.044072	-1.000695	-1.424412	0.007787696	-3.046344
45.04	7.280555	7.309972	-1.450687	7	-1.068405	-1.043101	-0.8861488	0.05358881	-3.107409
45.06	7.202345	7.241681	-1.816214	7	-1.079983	-1.052887	-1.106733	-0.03801384	-3.283861
45.08	7.278687	7.309972	-1.402402	7	-1.093824	-1.078103	0.2962739	-0.007479484	-2.878477
45.1	7.36351	7.378261	-1.007165	7	-1.089509	-1.108535	-0.4060681	0.02305488	-3.322525
45.12	7.351582	7.378261	-1.132119	7	-1.088725	-1.075485	-2.819852	0.007787696	-3.821832
45.14	7.343193	7.378261	-1.226236	7	-1.128366	-1.062208	-3.795374	0.02305488	-3.79382
45.16	7.236578	7.309972	-1.795561	7	-1.155969	-1.038809	-4.644447	-0.22122	-3.791209
45.18	7.173164	7.241681	-2.074487	7	-1.213154	-1.093305	-2.123097	-0.1143497	-3.212594
45.2	7.212474	7.309972	-1.863528	7	-1.177974	-1.091856	-0.7253991	-0.09908256	-2.85865
45.22	7.255559	7.309972	-1.631855	7	-1.161631	-1.134914	0.254734	0.09939077	-3.020773
45.24	7.241067	7.309972	-1.711694	7	-1.110615	-1.086733	-0.8529545	0.1757267	-3.241517
45.26	7.24805	7.309972	-1.664103	7	-1.089129	-1.050515	-1.191863	0.05358881	-3.143275
45.28	7.354795	7.378261	-1.130122	7	-1.106931	-1.09394	-0.7296975	-0.02274666	-3.19075
45.3	7.338807	7.378261	-1.266474	7	-1.10042	-1.072324	-3.135709	0.03832205	-3.823864
45.32	7.357944	7.378261	-1.203093	7	-1.163496	-1.105761	-3.1695	0.02305488	-3.772549
45.34	7.245336	7.309972	-1.804662	7	-1.189378	-1.091315	-4.253033	-0.2517543	-3.938539
45.36	7.279762	7.378261	-1.656001	7	-1.190414	-1.056307	-3.642715	-0.09908256	-3.329794
45.38	7.211298	7.309972	-2.008929	7	-1.188945	-1.062302	-3.699735	-0.1296169	-3.501105
45.4	7.235091	7.309972	-1.859832	7	-1.213061	-1.112306	-1.542662	0.05358881	-3.104923
45.42	7.194413	7.309972	-2.067291	7	-1.15013	-1.055783	-2.366428	-0.08381538	-3.227997
45.44	7.168374	7.241681	-2.131192	7	-1.157075	-1.084195	-0.638364	0.05358881	-2.957282
45.46	7.358552	7.446551	-1.193596	7	-1.085621	-1.040953	-0.9424155	0.05358881	-2.814269
45.48	7.273277	7.309972	-1.634946	7	-1.096873	-1.066375	-3.073327	-0.007479484	-3.850047
45.5	7.277302	7.309972	-1.59014	7	-1.153697	-1.093015	-2.10494	0.02305488	-3.43796
45.52	7.271619	7.309972	-1.612753	7	-1.184592	-1.137733	-1.66438	-0.9693116	-3.51823
45.54	7.288599	7.309972	-1.520667	7	-1.224693	-1.201233	-0.6194838	-2.999846	-3.517555
45.56	7.384105	7.378261	-1.067895	7	-1.264638	-1.284201	0.3383883	-2.053281	-3.63919
45.58	7.279659	7.309972	-1.649057	7	-1.257688	-1.255487	-1.744268	-2.557098	-4.195853
45.6	7.347392	7.309972	-1.288547	7	-1.364397	-1.388576	1.806051	-0.08381538	-3.618028
45.62	7.278643	7.309972	-1.688752	7	-1.327068	-1.3578	0.3751898	-0.4502277	-4.033727
45.64	7.265837	7.309972	-1.766531	7	-1.304435	-1.303988	0.5813546	0.5726729	-3.610224
45.66	7.322628	7.309972	-1.464423	7	-1.338773	-1.391146	2.703729	-0.2670215	-3.504004
45.68	7.272591	7.309972	-1.748665	7	-1.277611	-1.324706	0.9837204	0.2825965	-3.82352
45.7	7.228651	7.241681	-1.929537	7	-1.285464	-1.322712	1.993484	-0.1601513	-3.509778
45.72	7.335987	7.378261	-1.401681	7	-1.222574	-1.262486	1.634364	0.1604595	-3.268873
45.74	7.291093	7.309972	-1.636376	7	-1.203043	-1.242791	-0.04883635	-0.1143497	-3.839465
45.76	7.217017	7.241681	-1.968761	7	-1.218984	-1.223677	0.05903825	-0.0685482	-3.617572
45.78	7.233756	7.241681	-1.817528	7	-1.248471	-1.276268	2.114332	0.02305488	-3.240014
45.8	7.307395	7.309972	-1.428809	7	-1.232784	-1.304684	2.528942	-0.1143497	-3.360511
45.82	7.316849	7.309972	-1.390868	7	-1.219991	-1.300052	1.32995	0.06885641	-3.78251
45.84	7.262075	7.241681	-1.644921	7	-1.254799	-1.31986	1.251864	-0.02274666	-3.867359
45.86	7.279396	7.309972	-1.566313	7	-1.226157	-1.254115	0.4347245	-0.02274666	-3.614956
45.88	7.35305	7.378261	-1.229713	7	-1.211441	-1.22726	-0.6250359	0.1451923	-3.715489
45.9	7.381064	7.378261	-1.136548	7	-1.250184	-1.260947	-1.695621	-0.0685482	-4.14857
45.92	7.271442	7.309972	-1.733592	7	-1.276169	-1.22767	-3.45508	0.0841236	-4.363999
45.94	7.229455	7.309972	-1.955172	7	-1.291075	-1.184717	-3.147968	-0.1601513	-3.787917
45.96	7.324858	7.378261	-1.487476	7	-1.319703	-1.247957	-1.44087	-0.2059528	-3.549829
45.98	7.225912	7.309972	-2.024048	7	-1.29203	-1.217823	-3.114997	-0.3280903	-4.07893
46	7.240041	7.309972	-1.934049	7	-1.31196	-1.226956	-1.48458	0.1451923	-3.50877
46.02	7.236297	7.309972	-1.948043	7	-1.29512	-1.23783	-1.105951	-0.5570977	-3.580846
46.04	7.186287	7.241681	-2.158169	7	-1.298887	-1.263239	-0.09525332	-1.183052	-3.540766
46.06	7.248221	7.309972	-1.820335	7	-1.265052	-1.25028	0.7200189	0.2673298	-3.259785
46.08	7.363781	7.378261	-1.248371	7	-1.257657	-1.292952	0.7618594	-0.1601513	-3.585444
46.1	7.270176	7.309972	-1.755414	7	-1.233333	-1.235147	-2.173818	0.06885641	-4.252348
46.12	7.299963	7.309972	-1.58241	7	-1.298723	-1.276906	-0.7008449	-0.007479484	-3.762334
46.14	7.287437	7.309972	-1.655277	7	-1.321263	-1.315018	-0.719774	-0.2517543	-3.98411
46.16	7.296065	7.309972	-1.616582	7	-1.353427	-1.355435	-0.0320248	-0.3738918	-3.93837
46.18	7.165195	7.241681	-2.281632	7	-1.313529	-1.275111	-1.486184	0.03832205	-4.006398
46.2	7.263811	7.309972	-1.745578	7	-1.324239	-1.297077	0.9405341	-0.007479484	-3.2536
46.22	7.248008	7.309972	-1.840101	7	-1.270465	-1.267777	-0.5755836	-0.2059528	-3.796959
46.24	7.331902	7.378261	-1.435373	7	-1.255108	-1.238361	-1.086191	0.114658	-3.695711
46.26	7.283956	7.309972	-1.690197	7	-1.282518	-1.262574	-2.121205	-0.1448841	-4.181477
46.28	7.217045	7.241681	-1.996207	7	-1.340184	-1.304495	-1.071481	0.06885641	-3.966082
46.3	7.24747	7.309972	-1.839314	7	-1.325503	-1.287258	-0.550222	-0.4502277	-3.635455
46.32	7.26701	7.309972	-1.741602	7	-1.321905	-1.307069	-0.4169968	-0.1601513	-3.790826
46.34	7.237631	7.309972	-1.906598	7	-1.284447	-1.245863	-1.797259	0.1451923	-3.904918
46.36	7.273039	7.309972	-1.712109	7	-1.312465	-1.279014	-0.8743861	0.02305488	-3.735596
46.38	7.255997	7.309972	-1.809842	7	-1.304033	-1.270931	-1.641876	-0.007479484	-3.962441
46.4	7.187784	7.241681	-2.127425	7	-1.319665	-1.271839	-1.387783	0.02305488	-3.879791
46.42	7.216608	7.241681	-1.926331	7	-1.359341	-1.347207	1.076144	-0.0685482	-3.518583
46.44	7.261004	7.309972	-1.710131	7	-1.314698	-1.329489	0.5619296	0.007787696	-3.697291
46.46	7.289188	7.309972	-1.575433	7	-1.311647	-1.335038	0.05540982	-0.05328102	-3.928354
46.48	7.229817	7.241681	-1.861715	7	-1.33771	-1.35414	-0.1763998	0.007787696	-4.110189
46.5	7.298519	7.309972	-1.512513	7	-1.358743	-1.378276	0.7326829	-0.03801384	-3.81872
46.52	7.253399	7.309972	-1.783633	7	-1.314332	-1.307374	-1.667166	0.007787696	-4.222775
46.54	7.289786	7.309972	-1.598515	7	-1.357118	-1.337801	-0.8167509	0.05358881	-3.968206
46.56	7.250735	7.309972	-1.829154	7	-1.341568	-1.303018	-2.227691	-0.05328102	-4.208239
46.58	7.345195	7.378261	-1.381744	7	-1.373655	-1.334662	-1.532666	-0.02274666	-3.994243
46.6	7.264325	7.309972	-1.835025	7	-1.389433	-1.343099	-2.971414	0.007787696	-4.543804
46.62	7.221846	7.309972	-2.070066	7	-1.38776	-1.28659	-3.18263	0.05358881	-4.11216
46.64	7.326177	7.378261	-1.560411	7	-1.420001	-1.350722	-1.478474	-0.1143497	-3.862059
46.66	7.304544	7.378261	-1.738954	7	-1.397236	-1.333461	-3.305285	0.1299247	-4.444643
46.68	7.168761	7.241681	-2.413093	7	-1.430347	-1.33128	-3.014342	-0.1601513	-4.312115
46.7	7.167752	7.241681	-2.36038	7	-1.45375	-1.373668	0.01780403	-0.3280903	-3.562434
46.72	7.234511	7.309972	-2.007519	7	-1.404901	-1.384751	1.012882	-0.05328102	-3.531464
46.74	7.250935	7.309972	-1.923985	7	-1.354724	-1.360868	0.2430176	0.4047344	-3.855538
46.76	7.241466	7.309972	-1.970888	7	-1.310063	-1.291223	-1.144256	0.3436657	-3.93283
46.78	7.311721	7.309972	-1.582108	7	-1.368477	-1.381183	0.4287067	-0.09908256	-3.885769
46.8	7.2762	7.309972	-1.783284	7	-1.357836	-1.364605	-1.231815	0.007787696	-4.341598
46.82	7.282931	7.309972	-1.749136	7	-1.387442	-1.370665	-1.080212	0.05358881	-4.171613
46.84	7.252693	7.309972	-1.919122	7	-1.381632	-1.34208	-1.99842	-0.2364872	-4.247191
46.86	7.208135	7.241681	-2.110178	7	-1.428203	-1.392021	-0.7114803	-0.9235098	-4.091063
46.88	7.17569	7.241681	-2.246202	7	-1.412585	-1.379304	-0.1278872	-0.831907	-3.872147
46.9	7.247356	7.309972	-1.871896	7	-1.379015	-1.364554	0.3796352	-2.251754	-3.675273
46.92	7.310286	7.309972	-1.547615	7	-1.404031	-1.444257	0.9625614	-0.6028995	-4.058167
46.94	7.378508	7.378261	-1.256135	7	-1.40966	-1.456217	-0.2535394	0.2825965	-4.447421
46.96	7.283438	7.309972	-1.789151	7	-1.421946	-1.414284	-2.620317	-0.05328102	-4.862761
46.98	7.339559	7.378261	-1.545767	-7	-1.459133	-1.406268	-4.079555	-0.1296169	-4.862854
47	7.26978	7.309972	-1.934009	-7	-1.534521	-1.444617	-7.108182	0.114658	-5.750865
47.02	7.208194	7.309972	-2.279749	-7	-1.60373	-1.410024	-10.36832	-0.1754185	-5.999821
47.04	7.189335	7.309972	-2.39831	-7	-1.717455	-1.449908	-12.50447	-0.1143497	-6.296309
47.06	7.087771	7.309972	-2.975276	-7	-1.764862	-1.372646	-17.50551	-0.9235098	-6.859421
47.08	7.077807	7.309972	-3.050467	-7	-1.901044	-1.41222	-19.36169	-4.22122	-6.931001
47.1	7.029753	7.241681	-3.302596	-7	-2.105154	-1.596043	-19.83809	-5.870074	-7.555222
47.12	7.078937	7.309972	-3.116453	-7	-2.288848	-1.760945	-20.42297	-7.793739	-7.994229
47.14	6.984852	7.241681	-3.679115	-7	-2.467474	-1.900939	-22.60685	-7.641067	-8.94157
47.16	7.022494	7.309972	-3.596504	-7	-2.648239	-2.02529	-23.32172	-9.121983	-9.080097
47.18	6.116445	6.422206	-7.952738	-7	-2.939769	-2.266804	-21.22947	-9.778471	-9.924243
47.2	6.02095	6.353915	-7.921808	-7	-3.147139	-2.583112	-2.888136	-9.793738	-5.524423
47.22	6.100293	6.422206	-7.117761	-7	-2.978033	-2.792887	5.500934	-9.641067	-5.436766
47.24	8.459088	8.402606	4.429362	-7	-2.788453	-3.111215	7.242001	-3.915876	-6.215679
47.26	6.580367	6.695365	-5.628148	-7	-2.649451	-2.588764	-40.10499	4.068856	-19.94118
47.28	6.797348	7.036813	-4.400575	-7	-3.256971	-2.358991	-30.10866	4.328398	-10.47134
47.3	5.517341	6.149047	-10.71071	-7	-3.357234	-2.290329	-37.19095	0.1909938	-12.63354
47.32	5.460689	6.149047	-10.38655	-7	-3.510837	-2.386535	-17.76452	-11.30519	-6.088282
47.34	6.786943	7.309972	-3.613831	-7	-3.291557	-2.71286	-10.05388	-17.07618	-6.189507
47.36	6.284538	6.422206	-6.102516	-7	-3.468804	-3.205892	-20.12522	-15.94641	-13.96123
47.38	6.157026	6.627074	-6.719453	-7	-3.453549	-2.76928	-27.32305	11.76351	-12.06626
47.4	5.602113	6.080756	-9.222216	-7	-3.639632	-2.805838	-27.78433	7.778779	-12.03177
47.42	5.702688	6.080756	-8.245717	-7	-3.92618	-3.219689	-14.73435	-6.32809	-9.69267
47.44	6.245098	6.422206	-5.291997	-7	-4.116089	-3.826186	-6.895086	-11.74794	-10.95983
47.46	5.384996	5.739308	-9.483113	-7	-4.051306	-3.696678	-18.38695	-14.81664	-14.68976
47.48	4.613015	4.851542	-12.49391	-7	-4.434476	-4.015124	-0.8606223	-4.862441	-10.55366
47.5	4.586223	5.124701	-11.84852	-7	-4.076234	-3.830066	9.618407	-1.900609	-6.985735
47.52	4.769028	4.851542	-9.943307	-7	-4.016114	-4.342187	24.8332	-4.175418	-7.118002
47.54	5.101813	5.19299	-7.644608	-7	-3.581208	-4.176044	20.87266	5.992521	-8.791619
47.56	5.260516	4.851542	-6.086665	-7	-3.79968	-4.678332	23.86344	12.4658	-11.30662
47.58	3.542883	3.827197	-14.0155	-7	-3.330237	-3.64286	0.5438967	13.19863	-13.38338
47.6	3.332189	3.485749	-13.48924	-7	-3.462902	-3.577806	23.48217	1.549772	-4.61969
47.62	4.28054	4.168647	-7.510693	-7	-3.297019	-4.100808	38.13104	-5.94641	-4.374701
47.64	3.530911	3.554038	-10.4367	-7	-2.763583	-3.616644	16.9755	8.48107	-10.55381
47.66	4.049674	4.168647	-6.96977	-7	-2.439322	-2.866551	8.403774	16.08412	-7.371393
47.68	2.356518	2.597983	-14.34552	-7	-2.346467	-2.399744	-9.826671	1.015421	-11.3807
47.7	2.939845	3.21259	-9.974272	-7	-2.449162	-2.282121	6.407971	0.3742	-3.282305
47.72	2.624212	2.597983	-10.2882	-7	-2.607213	-2.915647	9.190058	-4.43496	-7.706263
47.74	1.870045	2.256536	-12.90764	-7	-2.275962	-2.302132	-0.140336	11.94672	-7.281363
47.76	2.061368	2.871142	-10.95204	-7	-1.558199	-1.118251	-13.73145	2.114658	-4.09183
47.78	1.959193	2.597983	-10.41245	-7	-1.313204	-0.7012739	-26.54246	5.213894	-5.98679
47.8	1.514984	1.915086	-11.3301	-7	-1.64342	-0.9524066	-25.86776	7.870382	-6.6971
47.82	1.145592	1.573638	-11.83689	-7	-1.936738	-1.253387	-19.4553	5.916185	-5.773149
47.84	0.9126117	0.9590311	-11.41731	-7	-2.554216	-2.319221	2.763022	2.496337	-5.06729
47.86	1.560713	1.641927	-7.124336	-7	-2.564215	-2.756713	11.05488	2.755879	-5.149801
47.88	1.032216	1.300479	-9.116406	-7	-2.241055	-2.352359	-7.740396	4.114658	-9.752067
47.9	0.4169939	0.6858721	-11.12596	-7	-2.346942	-2.113117	-8.562442	0.1909938	-7.77019
47.92	1.40195	1.300479	-5.1481	-7	-2.753942	-2.869928	9.133674	-7.534197	-5.446631
47.94	0.6564211	0.9590311	-8.527577	-7	-2.413064	-2.420841	-16.68029	-4.160151	-12.09853
47.96	-0.006894648	0.3444233	-10.94723	-7	-2.592084	-2.101967	-16.97552	-3.763204	-8.828173
47.98	-0.8147242	0.002975464	-14.01035	-7	-2.286638	-1.450328	-20.71517	-0.663968	-6.139478
48	-0.1370101	0.4127131	-9.439151	-7	-2.254815	-1.642225	-5.32685	-11.7174	-2.249937
48.02	-0.1980582	0.002975464	-8.780937	-7	-2.330347	-2.216542	-3.651578	-2.862441	-6.784667
48.04	-0.3146336	-0.3384733	-8.34278	-7	-2.635699	-2.725321	3.665899	3.458169	-7.446679
48.06	0.3703089	0.4127131	-4.364291	-7	-2.603507	-2.795196	1.377698	15.41237	-7.884417
48.08	-1.470548	-1.362819	-12.78394	-7	-2.774781	-2.749461	-10.84613	3.107024	-12.57619
48.1	-1.976829	-1.635977	-13.85098	-7	-2.921213	-2.630164	11.76507	0.02305488	-3.331464
48.12	-2.667054	-2.182295	-15.72905	-7	-2.488756	-2.547363	25.22039	-2.847174	-1.126798
48.14	-3.124465	-2.728612	-16.0763	-7	-1.904817	-2.340489	41.72604	-12.19069	2.389442
48.16	-3.69694	-3.13835	-16.90152	-7	-0.8172075	-1.454663	43.57989	13.29023	4.552337
48.18	-3.174716	-3.411509	-11.74146	-7	-0.527215	-1.881865	68.85703	21.47343	7.370856
48.2	-3.738562	-3.752957	-12.5528	-7	0.5083231	-1.063711	52.51042	29.77878	3.379123
48.22	-3.264819	-4.094406	-7.642233	-7	0.3514372	-1.588401	70.64199	38.72534	5.511371
48.24	-3.936913	-4.435854	-9.103924	-7	0.9143733	-1.01523	51.43134	28.48107	1.097206
48.26	-4.832997	-4.777303	-11.64936	-7	1.700061	0.5839379	28.02985	27.07649	3.350978
48.28	-4.220898	-4.094406	-6.683989	-7	2.240268	1.575973	17.31885	10.83221	6.999261
48.3	-4.24247	-4.435854	-5.128535	-7	2.207645	1.594238	1.463804	0.8016806	2.09496
48.32	-4.764062	-5.118752	-6.03626	-7	1.633698	1.24302	-2.968056	7.88565	0.2638187
48.34	-6.223587	-5.733358	-11.85638	-7	1.848083	2.234235	-22.50544	2.236795	1.11844
48.36	-5.399769	-5.118752	-5.955545	-7	1.585918	2.04957	-4.604729	-2.419693	7.951811
48.38	-6.214414	-5.801648	-8.752246	-7	1.75832	2.102492	-19.06821	-9.625799	2.062855
48.4	-6.012046	-6.416255	-5.769614	-7	0.7285069	0.6332356	15.12773	4.450535	5.449809
48.42	-6.626283	-6.143096	-7.884528	-7	1.409767	1.415219	-4.300179	4.847482	2.75524
48.44	-5.132407	-5.460199	0.8261247	-7	0.950402	0.6092671	15.19779	3.320764	5.62224
48.46	-6.778505	-6.484545	-6.963646	-7	1.415879	1.397655	-23.7607	-0.4960288	-3.883231
48.48	-6.036694	-6.074806	-2.093303	-7	0.8396196	1.153015	-3.973462	2.740612	4.476263
48.5	-6.132482	-5.801648	-2.268218	-7	1.100754	1.415216	-23.75955	-10.31282	-0.7027292
48.52	-6.172984	-6.757704	-1.461303	-7	-0.1314715	-0.1663374	1.143753	-7.03038	-0.7981634
48.54	-7.040829	-6.484545	-5.668793	-7	0.4183291	0.8393992	-21.37259	-3.198319	-1.857582
48.56	-6.275109	-6.416255	-1.0196	-7	-0.2031761	6.809831e-05	4.665408	-9.686869	2.890475
48.58	-6.834876	-6.484545	-3.738237	-7	0.2181542	0.4030549	-13.74042	-10.70977	-1.9927
48.6	-7.111654	-7.50889	-4.094992	-7	-0.6499565	-0.7529757	15.62749	2.221528	1.008345
48.62	-6.34618	-6.143096	-0.1534807	-7	-0.08372794	-0.3157517	10.75565	-9.457861	1.868136
48.64	-5.094666	-5.733358	6.110481	-7	-0.4804735	-1.240985	15.11386	2.023055	-2.229899
48.66	-7.009676	-7.167441	-3.74217	-7	-0.4805006	-0.7693514	-15.40544	-0.938777	-9.81056
48.68	-5.66101	-5.39191	2.834019	-7	-0.3736627	0.06217688	-12.19238	-4.175418	0.4586582
48.7	-5.586886	-5.39191	2.50912	-7	-0.3126799	0.1344833	-35.78018	-22.6029	-7.032664
48.72	-6.250124	-6.757704	-0.6757898	-7	-1.669181	-1.308992	-16.52512	-2.496029	-7.688663
48.74	-7.146963	-6.825994	-5.28006	-7	-1.74252	-1.144882	-13.04129	-16.35862	-4.781274
48.76	-6.723754	-6.894283	-2.685153	-7	-2.26801	-2.241625	24.46961	-18.45023	0.5389671
48.78	-5.324883	-5.39191	3.839913	-7	-1.738729	-2.355925	24.85185	-18.22122	-1.599025
48.8	-6.954213	-6.825994	-4.769178	-7	-1.212532	-1.508294	-5.501296	10.35893	-8.803249
48.82	-7.141487	-6.825994	-5.327475	-7	-1.06959	-0.7795157	5.132884	2.465803	0.5202541
48.84	-6.667858	-6.484545	-2.608796	-7	-0.8007097	-0.8532578	14.4291	-9.167785	1.81811
48.86	-7.935357	-7.850338	-8.283287	-7	-0.6274725	-0.8642968	15.4959	9.168093	-0.609972
48.88	-6.716452	-6.484545	-1.577798	-7	-0.06150247	-0.3464916	27.0753	13.19863	6.45067
48.9	-7.753169	-7.4406	-6.364089	-7	0.68985	0.3966036	3.31769	13.90092	-0.09523773
48.92	-7.212809	-7.4406	-2.533494	-7	0.4142998	0.04673725	24.99141	23.00015	5.619172
48.94	-6.019897	-5.733358	3.288034	-7	1.356189	1.021498	-3.006037	10.20626	2.052649
48.96	-6.893185	-7.235731	-0.7863561	-7	0.8436047	0.6991636	-18.18965	21.45817	-4.69797
48.98	-7.48166	-7.235731	-3.397014	-7	0.6836513	1.245623	-24.88325	2.023055	-0.9306116
49	-7.444392	-7.167441	-2.736669	-7	0.4507176	1.115364	-17.45723	-10.32809	1.836626
49.02	-7.358922	-7.167441	-1.944802	-7	0.2838692	0.7407852	-11.93654	-6.984579	1.267526
49.04	-6.958886	-6.825994	0.1868163	-7	0.2140874	0.5198008	-10.79053	0.9848868	0.5088415
49.06	-6.753985	-6.825994	1.199794	-7	-0.05818822	0.09819964	-11.45113	0.4963374	-1.942913
49.08	-6.763687	-6.757704	0.9453082	-7	-0.2554551	-0.001470745	-16.95317	-0.3280903	-3.437346
49.1	-6.941316	-6.757704	-0.2109478	-7	-0.3760368	0.1310054	-23.21868	-1.274655	-3.621119
49.12	-7.160056	-6.825994	-1.500851	-7	-0.4711158	0.2646596	-25.50305	-6.160151	-2.723793
49.14	-7.228236	-7.167441	-1.709819	-7	-0.94903	-0.4132688	-10.04162	-11.59526	-1.477753
49.16	-7.587476	-7.167441	-3.582187	-7	-0.7273173	-0.2074745	-10.76021	-10.22122	-1.170655
49.18	-7.317587	-7.235731	-1.951855	-7	-0.8867294	-0.6703355	6.671824	-4.267021	1.196697
49.2	-7.189947	-7.099152	-1.2823	-7	-0.6698201	-0.7648191	8.492212	-3.809006	-0.1599474
49.22	-6.781363	-6.825994	0.7202461	-7	-0.5291582	-0.764876	8.500903	3.244428	-0.624958
49.24	-6.780301	-6.825994	0.5373205	-7	-0.3984621	-0.5935262	-0.5639932	3.702444	-2.813227
49.26	-6.33355	-6.416255	2.502938	-7	-0.4407211	-0.496713	-5.635658	2.297864	-2.843407
49.28	-7.91857	-7.850338	-5.387866	-7	-0.6195093	-0.3771855	-14.44954	0.2673298	-5.453332
49.3	-7.612576	-7.50889	-3.292582	-7	-0.8606828	-0.5835588	11.99406	-1.900609	3.230187
49.32	-8.192263	-7.850338	-5.859294	-7	-0.3542978	-0.3600957	11.28783	-7.167785	1.666664
49.34	-7.40469	-7.918628	-0.9663734	-7	-0.7721767	-1.527475	47.26172	-2.190686	5.313493
49.36	-7.27111	-7.850338	0.06667829	-7	-0.5272045	-1.960046	49.37993	10.64901	0.7853012
49.38	-5.188509	-6.143096	10.28588	-7	-0.4206988	-2.222926	49.62807	15.87038	0.0682373
49.4	-7.587302	-7.50889	-2.64029	-7	0.5816941	-0.1269524	-21.17401	16.5116	-11.75969
49.42	-7.021705	-7.50889	0.8674915	-7	-0.4123201	-0.4386909	10.11324	2.664276	1.558458
49.44	-7.76116	-7.4406	-3.009504	-7	0.09984967	0.186749	-9.922157	-11.58	-2.25222
49.46	-6.799174	-7.4406	2.4109	-7	-0.8120336	-1.202617	25.32785	-13.94641	2.064628
49.48	-7.962701	-7.50889	-3.854822	-7	0.1438156	0.06867731	-10.27848	3.137558	-3.771892
49.5	-6.593154	-7.50889	3.794729	-7	-1.071293	-1.699238	37.98603	0.4810703	3.164396
49.52	-7.543154	-7.50889	-1.458989	-7	-0.3098131	-0.9591244	6.102696	-2.190686	-5.072443
49.54	-6.180266	-7.50889	5.974957	-7	-1.643117	-2.892943	53.02357	3.320764	0.576232
49.56	-7.530013	-7.50889	-1.588008	-7	-0.6007391	-1.516961	8.619846	-5.152517	-7.664489
49.58	-6.437826	-7.50889	4.372439	-7	-1.611255	-2.699503	47.91021	-4.389159	0.4173079
49.6	-7.923106	-7.50889	-3.831333	-7	-0.2501878	-0.7697904	-0.85674	-6.847174	-6.068042
49.62	-4.745592	-6.006517	12.36671	-7	-1.461094	-2.593917	49.70546	-6.831907	2.974761
49.64	-5.922775	-6.074806	4.729238	-7	-0.5338751	-1.42134	-21.20556	-0.7861055	-15.31231
49.66	-4.375817	-6.143096	12.28265	-7	-2.784306	-3.744072	24.1491	1.595574	-8.557564
49.68	-7.231366	-7.50889	-3.296884	-7	-2.734752	-3.179283	-14.34432	-0.2059528	-18.32535
49.7	-7.710138	-7.50889	-5.662888	-7	-2.91153	-2.506578	13.79056	-37.97694	-2.026753
49.72	-8.164197	-7.50889	-7.886975	-7	-2.027343	-1.857388	22.40864	-22.05328	1.492228
49.74	-5.623406	-6.143096	5.14174	-7	-2.049953	-3.102304	62.82883	-15.99221	5.345192
49.76	-7.858374	-7.50889	-6.703956	-7	-0.5473234	-1.389387	5.938981	18.3284	-8.320217
49.78	-5.937683	-7.167441	4.048431	-7	-1.806726	-3.07189	68.55809	22.95435	4.849888
49.8	-8.465064	-8.123497	-8.92367	-7	-0.2597925	-1.234941	14.58749	2.038322	-6.435367
49.82	-5.135756	-6.416255	8.813183	-7	-1.275503	-2.820736	78.31946	14.40473	8.328486
49.84	-8.072366	-7.782049	-6.686665	-7	0.4553424	-0.6689332	-3.298538	-0.4502277	-10.78511
49.86	-6.385106	-8.806395	4.017386	-7	-2.450953	-4.490605	105.286	4.786414	5.980659
49.88	-7.342731	-8.396656	-0.8103418	-7	-1.648167	-4.520344	85.32619	2.878016	-5.028186
49.9	-4.108419	-7.235731	16.20582	-7	-3.307488	-7.625546	154.5948	-2.205953	0.7361288
49.92	-8.008525	-9.079553	-4.395335	-7	-1.651906	-5.260801	68.44228	12.17573	-18.17095
49.94	-6.925263	-9.079553	2.535539	-7	-2.830013	-6.037834	136.5534	-7.73267	4.151745
49.96	-9.027822	-8.806395	-8.337446	-7	-0.04604155	-2.512246	67.72472	-6.511296	-2.275006
49.98	-6.785225	-8.806395	4.828611	-7	-1.015485	-4.190676	136.2637	5.656642	10.88961
50	-7.94034	-8.464945	-1.138315	-7	1.035625	-2.010144	70.445	7.336031	-2.348939
50.02	-6.494863	-8.055207	7.054084	-7	0.7279491	-1.992652	83.08873	20.35893	4.49346
50.04	-9.637892	-9.147842	-8.867212	-7	2.73023	1.647295	-5.655331	-0.9082429	-4.53623
50.06	-9.431216	-10.1039	-5.466112	-7	1.643922	1.061107	47.60713	19.56504	13.05218
50.08	-8.999347	-8.806395	-2.393678	-7	2.765577	1.869908	32.4311	-14.35862	10.71805
50.1	-6.696671	-8.396656	10.41514	-7	1.611927	-0.5000143	67.80525	12.74061	8.264445
50.12	-8.719995	-9.48929	0.2061155	-7	2.00914	0.2452288	14.5301	18.69481	-6.110297
50.14	-7.633083	-9.079553	6.628596	-7	0.7033213	-0.7770697	49.53873	35.51924	4.364701
50.16	-10.21968	-10.1039	-6.383819	-7	1.646306	0.9128709	1.379814	18.20626	-2.884261
50.18	-9.601967	-10.03561	-1.858527	-7	1.093903	0.5965644	43.79369	-3.41206	11.63747
50.2	-10.46473	-10.03561	-5.648386	-7	2.335903	1.794358	20.92749	-1.747938	7.864482
50.22	-9.914236	-10.1039	-1.590696	-7	2.475079	1.797852	38.98495	-17.35099	13.11987
50.24	-10.47195	-10.1039	-3.695116	-7	3.592094	3.095425	12.2462	18.69481	9.771545
50.26	-9.551515	-10.1039	2.26501	-7	3.210614	2.438209	32.46927	9.488703	12.87798
50.28	-8.227804	-8.806395	9.07635	-7	3.38161	2.274125	16.35718	34.84748	6.857948
50.3	-7.779261	-8.806395	11.07779	-7	2.72596	1.708896	-4.455965	11.27496	-1.254311
50.32	-10.08348	-10.03561	-0.8994055	-7	2.63903	2.998538	-48.27557	24.92382	-5.018411
50.34	-9.202093	-9.079553	3.764911	-7	1.913823	2.945321	-26.17539	-10.92351	7.213025
50.36	-10.84804	-10.37706	-4.43508	-7	1.82791	2.82921	-35.28729	-18.14488	1.962541
50.38	-9.413699	-9.421001	3.297929	-7	1.200765	1.797258	6.505254	-28.72503	11.19336
50.4	-10.63591	-9.762449	-3.284884	-7	2.296372	2.95327	-28.6145	-3.671601	3.276646
50.42	-10.06642	-10.1039	0.3639114	-7	1.680941	2.156566	6.661016	-14.96931	10.82895
50.44	-10.39261	-9.147842	-1.756643	-7	3.277219	4.164248	-34.19795	17.47344	7.542083
50.46	-7.557596	-8.123497	12.71856	-7	2.236205	2.37426	0.9993191	-5.305189	10.26087
50.48	-7.940021	-8.260077	9.55381	-7	2.096079	2.036124	-41.5328	23.93145	-6.270797
50.5	-7.256483	-8.464945	12.44405	-7	0.1047928	0.1018293	-17.13901	1.763512	-4.614396
50.52	-9.01484	-8.806395	2.150989	-7	0.05620229	0.8107004	-50.2195	6.282597	-9.443531
50.54	-9.348522	-9.079553	0.07695103	-7	-0.6210235	0.6436783	-24.84787	-29.33572	0.8081989
50.56	-8.126939	-7.099152	4.883781	-7	0.2751865	1.57995	-34.44469	-28.6945	3.261934
50.58	-8.919706	-8.738104	0.3433563	-7	-0.191331	0.7420421	-29.08668	-35.93114	-2.113667
50.6	-8.535645	-7.850338	1.548283	-7	0.1073053	1.241432	-26.03798	0.5268718	2.669042
50.62	-8.280501	-8.123497	2.39182	-7	-0.1588666	0.5093812	-12.70053	-6.694502	1.47904
50.64	-7.040436	-7.167441	7.815675	-7	-0.3561816	-0.1909451	-2.936833	-0.389159	0.5480556
50.66	-7.440362	-7.50889	4.676378	-7	-0.3802258	-0.2389167	-19.79038	-0.6181664	-5.896441
50.68	-6.63014	-6.484545	7.501626	-7	-0.3971877	0.1773055	-27.04936	-0.480762	-3.267245
50.7	-8.27942	-7.850338	-1.740974	-7	-0.4710492	0.5759172	-45.71409	-13.59526	-7.266727
50.72	-6.989637	-6.825994	4.315003	-7	-1.061666	-0.07056209	-12.5033	-15.39679	2.387743
50.74	-7.531785	-7.099152	0.5898018	-7	-0.7677982	-0.08471578	-25.58592	-20.22122	-4.281674
50.76	-6.245132	-7.099152	6.914494	-7	-2.12984	-2.326183	24.23594	1.77878	-0.4625244
50.78	-7.506158	-7.167441	-0.7082288	-7	-1.249815	-1.319481	-8.907586	-6.43496	-7.626698
50.8	-6.673515	-7.167441	3.371805	-7	-1.931042	-2.181654	27.96695	3.732978	0.536459
50.82	-7.245977	-7.167441	-0.2621707	-7	-1.277702	-1.705643	13.8589	-14.96931	-3.717678
50.84	-5.891235	-7.167441	6.713924	-7	-2.368156	-3.710645	62.74623	4.221527	0.4241848
50.86	-6.747975	-6.825994	1.246136	-7	-1.17184	-2.360701	22.75029	-5.549464	-7.131646
50.88	-6.659505	-6.825994	1.342926	-7	-0.8789666	-1.449865	20.53357	9.671909	-1.328587
50.9	-6.875117	-6.825994	-0.08107841	-7	-0.4078215	-0.7519741	9.651347	-15.44259	-1.345841
50.92	-7.015244	-7.782049	-0.2568655	-7	-1.156446	-1.968527	38.71003	6.313131	0.302887
50.94	-7.840107	-7.850338	-4.260807	-7	-0.5051615	-1.274819	33.11128	-3.549464	0.8774385
50.96	-6.445511	-6.143096	2.583885	-7	0.6067713	0.08967823	24.19385	12.38947	6.084443
50.98	-7.326812	-7.50889	-1.673998	-7	0.8149813	0.2448928	7.113894	5.229162	-1.013361
51	-6.726882	-7.099152	1.801544	-7	0.5500585	0.06626698	19.66018	22.64901	3.628204
51.02	-6.73746	-7.099152	1.824393	-7	0.5457274	-0.1100834	13.06793	2.984886	-0.08308887
51.04	-7.922045	-8.191787	-3.667626	-7	0.3710372	-0.05380856	11.8043	16.55741	-0.3141413
51.06	-6.517575	-6.757704	3.681531	-7	0.4184531	-0.1019626	27.47113	-4.480762	6.001511
51.08	-7.772817	-7.782049	-2.647036	-7	0.8760107	0.4062392	1.646465	4.297863	-1.815928
51.1	-7.514669	-7.782049	-0.6616131	-7	0.5633998	0.2647758	20.90663	13.93145	5.132554
51.12	-7.936818	-7.782049	-2.511548	-7	1.099628	0.804519	10.14011	-7.976945	3.426565
51.14	-7.816816	-7.782049	-1.35813	-7	1.305524	1.086679	13.25098	14.71008	5.906138
51.16	-7.905012	-7.782049	-1.378644	-7	1.677965	1.491746	6.028491	1.198628	5.131602
51.18	-9.034996	-8.806395	-6.229544	-7	1.899813	1.964783	1.61987	16.43527	5.49983
51.2	-8.412395	-8.738104	-1.732989	-7	1.485935	1.07361	36.64679	2.114658	11.56774
51.22	-8.499428	-8.738104	-1.397028	-7	1.883521	0.930447	35.42984	9.641375	7.667147
51.24	-7.763297	-8.738104	3.300056	-7	1.483694	-0.05230182	56.10305	6.420001	8.002642
51.26	-8.279481	-8.738104	0.9869776	-7	2.059469	0.6317014	32.65621	22.42	3.246642
51.28	-8.424474	-8.874683	0.8762702	-7	2.17398	1.175869	27.85567	12.31313	5.896336
51.3	-8.954048	-8.806395	-1.399734	-7	2.860013	2.44792	5.379372	9.488703	6.267245
51.32	-6.963287	-7.782049	9.198492	-7	2.2066	1.371872	27.78787	-9.259387	9.086114
51.34	-6.561707	-6.484545	9.952938	-7	3.104085	2.755166	-35.87867	0.4505359	-2.870184
51.36	-7.176122	-8.123497	6.771711	-7	1.383047	1.511825	-33.32582	2.328398	-5.396238
51.38	-7.330049	-7.167441	5.119942	-7	1.038049	1.951779	-49.162	0.3283985	-3.492976
51.4	-7.922766	-7.577179	1.503082	-7	0.504936	1.865152	-52.13048	-28.03801	-2.796493
51.42	-6.45873	-6.143096	7.927199	-7	0.06070641	1.353396	-40.9013	-29.94641	0.5071363
51.44	-7.774699	-7.782049	0.5595102	-7	-0.7633721	0.207569	-40.881	-29.04564	-7.371969
51.46	-6.736989	-6.689414	5.099171	-7	-1.379546	-0.5356305	-12.51538	-17.90061	0.002457619
51.48	-7.411339	-7.167441	0.7049266	-7	-1.312852	-0.7665235	-18.32398	-9.763204	-5.207732
51.5	-7.025492	-7.167441	2.223547	-7	-1.785705	-1.530402	8.818878	-18.43496	-0.6212664
51.52	-8.320166	-7.235731	-5.255969	-7	-0.4224699	0.3425704	-22.64952	-2.144884	-2.128405
51.54	-5.765762	-5.801648	7.383994	-7	-0.7061823	-0.4224103	14.56345	-8.54183	6.582905
51.56	-7.423877	-7.099152	-1.867511	-7	-0.07692736	0.05155239	-23.8664	3.855116	-7.183449
51.58	-6.325377	-7.167441	4.108483	-7	-1.46701	-1.724964	30.56916	8.31313	2.552096
51.6	-7.546338	-7.167441	-2.773449	-7	-0.4672344	-0.6784594	0.2012119	5.763513	-3.859627
51.62	-6.329146	-7.167441	3.820292	-7	-1.375789	-2.129542	47.74005	-5.900609	3.871293
51.64	-7.229072	-6.757704	-1.573365	-7	0.1133038	-0.3779321	3.57057	3.88565	-2.964326
51.66	-5.246528	-6.825994	9.013147	-7	-1.495784	-2.912722	63.59818	3.900917	3.05057
51.68	-6.137618	-6.825994	3.616138	-7	-0.971302	-2.63231	29.72279	8.175726	-8.702886
51.7	-4.705215	-6.416255	10.69265	-7	-2.174068	-4.122991	64.24202	1.794047	-3.420256
51.72	-7.578929	-7.782049	-4.647128	-7	-1.269688	-2.481878	14.97182	-0.3280903	-11.83926
51.74	-7.29345	-7.782049	-2.476242	-7	-1.621323	-2.399267	57.1995	-30.17542	4.866257
51.76	-8.860562	-7.850338	-10.37547	-7	0.4845287	0.149516	20.67596	-10.34336	3.679194
51.78	-7.308467	-7.782049	-1.070779	-7	0.3032392	-0.6979713	71.07867	-24.7403	13.86818
51.8	-6.285735	-6.074806	3.756633	-7	2.085724	0.7959016	28.08434	26.72534	5.189491
51.82	-6.582934	-7.4406	2.785045	-7	1.659005	0.4716913	18.3525	17.3055	-0.06460953
51.84	-6.954368	-7.099152	1.039524	-7	1.864518	1.434217	-4.604997	31.51924	0.4613409
51.86	-7.885643	-8.123497	-2.914755	-7	1.39011	1.326254	-1.765603	7.458169	1.973454
51.88	-6.857335	-6.825994	2.576197	-7	1.460825	1.451812	4.326238	3.88565	6.431255
51.9	-7.282168	-7.782049	0.8284206	-7	0.9475273	0.5079956	6.792342	-0.05328102	0.4883318
51.92	-7.399999	-7.782049	0.6032928	-7	0.6267723	0.1979086	14.77046	11.58031	2.198199
51.94	-7.754502	-7.782049	-0.9962139	-7	0.8568646	0.5565205	9.87708	1.809314	2.534963
51.96	-8.42515	-8.738104	-3.557198	-7	0.5712272	0.1177526	26.59766	3.259696	4.556554
51.98	-8.705922	-8.738104	-4.150084	-7	0.9522268	0.3409897	37.76501	-1.396792	8.118618
52	-8.87423	-8.738104	-4.169598	-7	1.760539	1.050002	37.67244	5.152826	9.944452
52.02	-7.401618	-7.50889	3.755345	-7	2.482961	1.542965	35.44846	16.42	11.19588
52.04	-6.934503	-7.4406	6.158937	-7	2.723622	1.657711	10.86949	22.11466	2.952653
52.06	-8.072028	-8.533236	0.7467866	-7	2.373926	1.909071	-8.402511	25.01542	-0.3650074
52.08	-7.867556	-7.50889	1.786776	-7	2.679266	3.145762	-24.95351	-2.831907	5.020543
52.1	-8.80019	-8.806395	-2.29829	-7	2.092332	2.635365	-20.65132	-14.03801	3.628573
52.12	-8.711404	-8.806395	-1.038	-7	1.526978	1.82313	5.366973	-4.32809	8.152494
52.14	-7.794051	-7.850338	3.723713	-7	1.66119	1.472058	11.17288	-5.091449	7.329565
52.16	-8.009159	-7.850338	2.33784	-7	2.128283	2.09964	-13.3494	10.22153	2.254666
52.18	-7.796296	-7.782049	3.354519	-7	1.955813	2.268733	-17.74935	5.366566	3.454565
52.2	-6.535147	-6.484545	9.009785	-7	1.894474	2.319978	-29.71106	-3.73267	1.960325
52.22	-8.033214	-8.123497	1.040471	-7	1.194553	1.896313	-45.91538	-2.43496	-5.300683
52.24	-8.315502	-8.123497	-0.3383294	-7	0.4935322	1.590359	-25.9918	-11.87007	2.486312
52.26	-7.529521	-7.167441	3.203257	-7	0.5019473	1.292932	-16.25763	-25.32046	4.058521
52.28	-7.266193	-7.235731	3.983982	-7	0.3158468	0.7133762	-14.79416	-3.931143	0.1700678
52.3	-7.666464	-7.50889	1.434398	-7	0.2441052	0.7419513	-19.26462	-5.045647	-1.073212
52.32	-8.524364	-7.50889	-3.44521	-7	1.001427	2.250175	-39.55471	4.114658	1.466258
52.34	-7.635057	-7.50889	1.343632	-7	0.4012698	1.218859	-4.593483	-8.022747	7.065804
52.36	-7.645271	-7.50889	1.061587	-7	0.5009815	0.7257476	-3.772807	-4.450227	2.208576
52.38	-7.137758	-7.4406	3.555932	-7	0.1488526	-0.01368549	11.49096	1.168093	2.603365
52.4	-7.412641	-7.4406	1.755273	-7	0.3864878	0.1987676	1.632855	11.77878	-0.1566582
52.42	-7.453159	-7.4406	1.350618	-7	0.466824	0.4743097	1.210299	3.549772	1.702742
52.44	-7.654816	-7.50889	0.1855764	-7	0.6698488	0.7903469	-2.11427	0.9238181	2.181478
52.46	-5.871292	-6.143096	8.751243	-7	0.5319458	0.32038	7.550694	-4.160151	3.596776
52.48	-6.032046	-6.074806	6.726035	-7	0.7992239	0.7622141	-29.98161	-0.5265636	-6.301064
52.5	-5.890164	-6.143096	6.632455	-7	0.05814406	0.5617879	-34.32159	1.045955	-5.419179
52.52	-6.646262	-6.143096	1.710155	-7	0.02302873	1.242467	-56.82605	-6.618166	-6.582022
52.54	-8.112076	-7.850338	-5.545264	-7	-0.9487415	0.4583728	-31.87115	-23.32045	-2.120338
52.56	-8.607701	-7.850338	-7.668452	-7	-0.8578365	0.3107648	-0.8404083	-22.54183	6.133367
52.58	-8.182901	-7.850338	-4.861803	-7	-0.5855098	-0.4356496	36.12081	-17.83954	9.906381
52.6	-6.299145	-6.074806	4.388225	-7	0.5421284	-0.1184567	36.10205	-0.6028995	8.478927
52.62	-7.003685	-7.4406	0.8258042	-7	0.7433846	-0.2448271	19.20932	15.42763	-1.106899
52.64	-7.001739	-7.167441	0.9640098	-7	0.946323	0.4416949	14.0517	27.15282	2.647393
52.66	-7.588824	-7.167441	-2.02668	-7	1.679987	1.768164	-9.952619	18.81694	2.57954
52.68	-7.181727	-8.123497	1.182768	-7	0.356778	-0.2484666	36.20501	-0.2364872	6.015382
52.7	-7.847503	-8.123497	-1.831788	-7	0.6896144	-0.2244322	31.84491	3.916184	2.886957
52.72	-7.334438	-8.191787	1.584014	-7	0.3215606	-1.050269	59.84769	5.229162	6.727283
52.74	-8.270732	-8.123497	-3.05563	-7	1.61033	0.578233	27.88604	4.007787	3.652288
52.76	-7.432751	-8.123497	2.127901	-7	1.378514	0.1936538	51.39336	8.755878	9.378271
52.78	-8.222211	-8.123497	-1.677167	-7	2.470255	1.573962	16.89931	4.404734	4.312118
52.8	-7.205126	-8.123497	4.443526	-7	1.79745	0.6672702	43.2762	12.29786	8.816428
52.82	-8.402905	-8.123497	-1.674984	-7	2.941891	2.401086	-4.393843	7.50397	2.302769
52.84	-7.468416	-8.123497	3.968924	-7	2.149345	1.659869	21.99662	13.87038	9.002767
52.86	-9.035919	-8.123497	-4.165456	-7	3.572066	3.968962	-35.34548	-0.663968	2.899029
52.88	-6.121317	-7.235731	11.51289	-7	1.80688	1.48231	25.52773	8.129925	11.86167
52.9	-7.625508	-7.099152	2.658505	-7	3.006261	3.144001	-52.95912	-4.969311	-5.721562
52.92	-6.294726	-7.50889	9.847431	-7	0.7137961	0.8068649	-1.873363	13.29023	2.693495
52.94	-8.29683	-7.4406	-1.494334	-7	1.662573	2.597983	-61.35225	-0.4349605	-6.169741
52.96	-7.836371	-7.782049	1.170421	-7	0.527383	1.764047	-21.48468	-30.43496	5.51169
52.98	-8.703204	-6.484545	-4.50133	-7	2.680278	4.943024	-84.38237	-12.72504	2.720559
53	-6.568505	-6.825994	6.834456	-7	0.8581929	2.218491	-20.92659	-17.99221	9.022338
53.02	-7.573023	-6.825994	0.7120128	-7	1.356909	2.514317	-58.43351	6.832215	-3.66669
53.04	-5.852108	-7.099152	9.724947	-7	-1.076729	-0.9411798	13.36304	11.09176	2.297305
53.06	-8.147636	-7.099152	-3.444611	-7	0.3679388	1.158267	-50.3278	-7.015113	-8.198153
53.08	-5.139326	-5.733358	11.55676	-7	-1.043715	-0.6374443	11.93663	-18.16015	5.840477
53.1	-8.761235	-7.50889	-8.198347	-7	0.4879593	1.529697	-64.55637	-14.25175	-11.0049
53.12	-6.189484	-7.50889	6.081513	-7	-2.238334	-2.204444	55.3167	-1.076182	10.35132
53.14	-8.26357	-7.50889	-5.49261	-7	-0.3580095	-0.7096176	2.545057	-8.312823	-4.549961
53.16	-5.74539	-7.50889	8.249086	-7	-2.224928	-3.846463	96.28049	-10.20595	8.657278
53.18	-7.379797	-7.50889	-1.00973	-7	-0.4854113	-2.344697	42.30864	1.061223	-5.698061
53.2	-4.859092	-7.4406	12.57151	-7	-2.443977	-5.448467	124.5197	6.664275	4.656645
53.22	-7.367341	-7.50889	-1.473031	-7	-0.1730479	-2.51734	39.52768	-4.236487	-10.09007
53.24	-4.845783	-7.50889	12.30581	-7	-2.295204	-5.317826	125.5318	3.900917	5.170501
53.26	-5.384546	-5.801648	7.662924	-7	-0.0901704	-2.722933	41.20943	-10.02275	-9.779529
53.28	-2.327389	-5.733358	22.99026	-7	-2.807287	-6.324204	104.9036	1.305498	-5.671421
53.3	-4.74256	-5.733358	8.221966	-7	-1.713999	-4.182268	9.231346	-12.03801	-24.29777
53.32	-3.619454	-5.801648	13.3065	-7	-3.833515	-5.671065	55.96322	-32.51129	-10.34386
53.34	-5.673196	-5.801648	0.9697669	-7	-2.844258	-3.804034	1.792534	-31.39679	-17.23148
53.36	-6.8209	-7.4406	-4.630628	-7	-3.678946	-4.176473	42.57254	-46.34335	-4.550067
53.38	-5.853773	-5.733358	-0.2025831	-7	-2.65905	-3.509953	57.22524	-12.26702	2.441159
53.4	-7.104161	-7.167441	-6.446104	-7	-1.754297	-2.927478	51.41914	-34.66396	-1.302581
53.42	-6.116437	-6.825994	-0.6663876	-7	-1.591891	-3.322026	87.97238	11.67191	6.686849
53.44	-7.283226	-7.782049	-5.930756	-7	-0.5952412	-2.7453	77.92379	6.09939	1.679647
53.46	-7.7054	-8.464945	-6.511448	-7	-0.1313974	-2.39432	99.89175	33.47344	8.710993
53.48	-5.695576	-6.825994	4.634698	-7	0.6232039	-2.439265	115.1186	28.58794	11.20526
53.5	-6.395164	-7.50889	1.548821	-7	1.596881	-1.515446	74.82942	38.43526	-0.005374908
53.52	-6.598822	-8.191787	1.790809	-7	1.185339	-1.570578	81.32777	45.65664	3.386935
53.54	-8.380838	-8.806395	-6.231581	-7	2.111648	0.2073174	50.26657	35.80931	3.347374
53.56	-8.578082	-9.421001	-5.13099	-7	1.944282	0.1573701	79.40652	2.023055	12.95146
53.58	-8.193914	-9.147842	-1.465932	-7	2.323969	-0.1293586	93.29326	14.63374	13.31215
53.6	-7.70854	-8.806395	2.252332	-7	2.900021	0.1112197	86.60098	8.343665	10.63846
53.62	-8.153177	-9.48929	1.337098	-7	3.017191	0.2503964	76.35049	32.77115	7.23927
53.64	-9.397127	-10.44535	-3.317888	-7	3.154019	0.8266031	69.9369	23.73298	8.613127
53.66	-10.10603	-10.03561	-5.501411	-7	4.475779	3.093639	46.46967	21.29023	14.59866
53.68	-7.55235	-8.806395	8.994345	-7	4.104287	2.015704	75.43542	0.9848868	18.36416
53.7	-8.394522	-9.762449	5.404335	-7	4.054204	1.605133	41.84296	14.93909	2.847886
53.72	-8.509187	-9.762449	5.678102	-7	3.48565	1.726561	37.79932	25.07649	6.109657
53.74	-9.51328	-9.421001	0.7214054	-7	4.346758	3.780522	-7.44509	16.06886	5.428007
53.76	-8.806693	-9.762449	5.408514	-7	3.154125	2.526828	22.90907	-17.59526	10.67734
53.78	-9.081077	-8.806395	3.686342	-7	4.023935	3.88354	-18.71756	-6.908243	5.503269
53.8	-9.454758	-10.1039	2.604131	-7	2.900668	2.818579	0.06057739	-10.05328	6.972381
53.82	-9.918088	-9.079553	0.01119423	-7	3.907151	4.637436	-33.12558	4.557406	8.039816
53.84	-8.951613	-9.421001	5.589196	-7	2.80359	3.066368	0.8759327	-12.48076	10.99838
53.86	-9.617964	-9.421001	2.005889	-7	3.093228	3.341712	-20.17678	1.274963	4.861633
53.88	-9.262455	-9.69416	4.241603	-7	2.259005	2.339077	5.175605	1.488704	8.607647
53.9	-9.238205	-8.738104	3.758663	-7	3.05816	3.429317	-21.55177	-2.999846	6.234734
53.92	-8.483141	-9.079553	7.673779	-7	2.086974	2.082062	0.9723301	-2.22122	6.602175
53.94	-8.320664	-8.123497	7.457428	-7	2.529204	2.793363	-28.52139	-4.969311	1.901558
53.96	-7.353095	-7.577179	11.39421	-7	1.972939	2.465763	-32.9429	-2.251754	1.298495
53.98	-8.003649	-7.850338	6.814207	-7	1.660538	2.646112	-58.93291	-14.02275	-4.315306
54	-8.086776	-8.191787	5.727165	-7	0.4915308	1.700045	-40.58647	-17.38153	-0.6811056
54.02	-9.565996	-8.806395	-2.49893	-7	0.5278794	2.080112	-46.18288	-32.55709	-0.2675667
54.04	-6.632816	-6.484545	11.50879	-7	0.1024802	1.04389	-5.778643	-26.46549	8.871311
54.06	-6.934408	-7.099152	8.386657	-7	-0.002161469	0.1773853	-27.87415	-23.24412	-6.68749
54.08	-7.802474	-7.50889	2.797616	-7	-0.1368906	0.8154162	-39.10368	8.160459	-4.534307
54.1	-8.548567	-7.850338	-1.634504	-7	-0.1142707	1.294812	-33.34821	-15.7174	0.9680548
54.12	-7.226776	-7.167441	4.696254	-7	-0.5766299	0.08383906	5.321036	-16.70977	6.097061
54.14	-5.443712	-5.733358	12.29924	-7	-0.490355	-0.790175	5.923145	-2.81664	-0.5209332
54.16	-7.663209	-7.50889	-0.1878103	-7	-0.2046519	0.05194545	-32.86521	14.26733	-9.746371
54.18	-7.254771	-6.484545	1.153479	-7	0.1122127	1.381318	-28.20397	0.2215282	3.20025
54.2	-8.406138	-7.850338	-4.743474	-7	0.094576	1.151491	-20.57393	-18.43496	1.885957
54.22	-7.006318	-6.825994	2.407128	-7	-0.0237179	0.4259582	15.01595	8.649009	8.934158
54.24	-7.21231	-6.757704	0.737339	-7	0.8487613	0.9606051	-6.077924	3.67191	1.784639
54.26	-6.975456	-6.825994	1.77772	-7	0.952956	1.202815	-4.772439	27.54977	3.704368
54.28	-7.299917	-6.825994	-0.1620691	-7	1.42427	1.939521	-20.06757	0.9085509	2.600638
54.3	-7.201769	-6.825994	0.3333967	-7	1.483795	2.184556	-19.3414	12.80168	4.724595
54.32	-6.922881	-6.825994	1.795575	-7	1.256171	1.721171	-12.01238	-3.6258	4.248009
54.34	-7.309829	-6.757704	-0.4326785	-7	1.669142	2.394075	-28.56382	10.60321	2.583233
54.36	-6.378682	-6.757704	4.550776	-7	0.7514336	0.9894767	1.161638	1.366566	4.946367
54.38	-6.854983	-6.757704	1.684873	-7	0.9288058	1.069721	-14.88733	-0.3433574	-0.69625
54.4	-6.9641	-6.757704	0.9429363	-7	0.9015691	1.396594	-15.86018	2.404734	2.083131
54.42	-7.088377	-7.235731	0.4948098	-7	0.4116187	0.6277906	0.8248081	-11.93114	2.804357
54.44	-7.059612	-7.099152	0.6568559	-7	0.3948735	0.3539946	9.55767	-7.992212	3.426475
54.46	-7.049509	-7.099152	0.7100039	-7	0.5417435	0.3211071	13.40969	-1.488395	3.520897
54.48	-6.975595	-7.167441	1.179658	-7	0.6039309	0.1907223	19.06556	-0.7403039	3.745998
54.5	-7.181434	-7.167441	0.142799	-7	1.001206	0.6550678	12.48177	3.3971	3.493993
54.52	-6.695182	-7.030862	2.8082	-7	0.9122185	0.3831984	22.06596	2.755879	4.898008
54.54	-6.992322	-7.167441	1.278569	-7	1.165486	0.6352092	11.62685	2.48107	2.118985
54.56	-6.853958	-7.167441	2.16337	-7	1.066188	0.5982939	15.8783	5.580306	3.791411
54.58	-7.080765	-7.167441	1.031934	-7	1.297148	0.9500439	7.398305	3.168092	2.872349
54.6	-6.802579	-7.167441	2.667181	-7	1.06401	0.6321124	15.83304	1.397101	4.146659
54.62	-7.047304	-7.167441	1.394416	-7	1.262378	0.8978329	6.586263	0.0841236	2.37499
54.64	-6.935195	-7.167441	2.100391	-7	1.1591	0.8602335	9.848693	0.8780165	3.731964
54.66	-5.57462	-5.869938	8.507369	-7	1.219467	0.7901617	5.534378	-0.8166398	2.96745
54.68	-5.513287	-5.869938	7.907896	-7	1.092028	0.8326491	-21.08293	0.3131309	-4.717072
54.7	-5.420611	-5.733358	7.494711	-7	0.4761384	0.7740372	-32.81667	0.05358881	-5.438013
54.72	-6.051023	-5.733358	3.228864	-7	0.2826154	1.333532	-54.17599	-6.6487	-6.388937
54.74	-5.680973	-5.733358	4.515925	-7	-0.7473255	0.3397333	-33.70918	-26.49603	-2.826237
54.76	-5.921563	-5.801648	2.439234	-7	-1.210869	-0.359679	-28.32762	-24.03801	-4.982959
54.78	-5.239569	-5.869938	5.415843	-7	-2.396083	-2.313352	10.69005	-20.49603	-3.261493
54.8	-7.760102	-7.167441	-8.038104	-7	-1.674306	-1.266313	-10.88379	-8.297556	-6.885255
54.82	-7.088252	-7.167441	-3.895347	-7	-2.074438	-2.068215	50.84328	-11.70214	8.419809
54.84	-7.21818	-6.757704	-4.60007	-7	-0.6041735	-1.31033	45.77122	-7.83954	5.558603
54.86	-5.666229	-6.825994	4.041509	-7	-0.9845083	-2.947101	90.98027	-0.3738918	7.749606
54.88	-7.009076	-7.850338	-2.439517	-7	-0.260678	-2.666243	73.73029	15.61084	-0.853384
54.9	-5.172136	-6.074806	7.060785	-7	0.3100775	-1.973655	81.15468	29.09176	6.919361
54.92	-7.233715	-7.4406	-3.435652	-7	1.573562	-0.05704713	24.97669	15.10703	-3.155731
54.94	-4.809137	-5.733358	9.325983	-7	1.19678	-0.1580344	49.12318	14.06886	8.384507
54.96	-7.531476	-7.235731	-4.782119	-7	2.388551	1.856668	-22.91073	8.282597	-5.799435
54.98	-5.571418	-7.167441	6.676192	-7	0.1580697	-0.7954468	55.76353	1.88565	9.206665
55	-7.201807	-6.825994	-2.199004	-7	1.661072	0.9945747	-6.110826	7.519238	-3.210926
55.02	-6.38215	-6.825994	2.596875	-7	1.062295	0.7718018	18.0943	-16.03801	6.317327
55.04	-8.125874	-6.825994	-6.619609	-7	2.820921	3.590324	-44.35625	11.29023	1.185189
55.06	-6.210024	-6.825994	4.323826	-7	1.29487	1.533879	16.29012	-9.167785	11.47701
55.08	-8.674669	-7.850338	-8.134474	-7	2.390865	2.855071	-32.68482	13.42763	-0.2867126
55.1	-4.977469	-6.484545	11.86065	-7	0.2210984	-0.5565864	59.87929	7.610841	13.65421
55.12	-7.694943	-7.850338	-2.507369	-7	1.14063	0.07047457	-2.086192	10.78641	-8.181592
55.14	-4.71792	-6.757704	13.36892	-7	-1.028491	-2.740958	79.16531	1.77878	7.070175
55.16	-6.221204	-6.484545	4.220264	-7	0.334082	-1.209274	6.64737	6.755879	-10.58436
55.18	-6.271837	-6.894283	3.808146	-7	-0.1971501	-0.7627612	13.79813	-19.97694	-1.619504
55.2	-8.375906	-6.825994	-7.698714	-7	1.756343	2.841606	-51.09838	2.908551	-1.553693
55.22	-8.257435	-7.167441	-6.330044	-7	1.894616	3.668503	-31.26629	-35.07618	11.33565
55.24	-7.709084	-7.167441	-2.774614	-7	1.854355	2.80161	-9.60392	2.649009	10.89631
55.26	-6.893314	-7.167441	2.014383	-7	1.376922	1.284174	14.22581	-0.7555711	7.795719
55.28	-6.984028	-6.825994	1.42652	-7	1.883223	1.761932	-6.582082	25.56504	2.810367
55.3	-6.418848	-6.757704	4.425708	-7	1.446797	1.316161	-0.963274	19.24442	3.283129
55.32	-7.051534	-6.757704	0.8522601	-7	1.795405	2.139061	-28.75743	4.007787	-0.4144831
55.34	-6.441074	-6.757704	4.121369	7	0.9356197	1.256007	-7.399722	-0.09908256	3.501164
55.36	-6.854031	-6.757704	1.655433	7	0.9394574	1.242389	-16.87963	-11.97694	0.0763979
55.38	-6.661608	-6.825994	2.580584	7	0.4643067	0.6923509	-0.6423526	0.8780165	2.952143
55.4	-7.014792	-7.167441	0.7241303	7	0.278394	0.2178532	9.283741	-9.412059	2.386322
55.42	-7.369695	-7.099152	-1.175342	7	0.7597413	0.8124033	9.892096	3.427635	5.124607
55.44	-6.769637	-7.099152	2.17923	7	0.6125318	0.1160556	36.53262	-0.8013726	8.309341
55.46	-7.013816	-7.099152	0.8747925	7	1.256318	0.4978363	30.05175	8.160459	5.780029
55.48	-6.549424	-6.825994	3.328822	7	1.602762	0.7827885	34.89634	19.10702	8.216333
55.5	-6.651802	-6.825994	2.753136	7	2.14976	1.368235	23.2304	8.09939	6.43466
55.52	-6.402774	-6.757704	4.135132	7	2.2785	1.567178	23.93117	13.22916	7.748213
55.54	-6.558768	-6.825994	3.378555	7	2.504831	1.88181	16.95858	8.068856	6.833766
55.56	-6.884681	-7.167441	2.011405	7	2.535114	2.029931	19.08297	5.168093	8.202236
55.58	-6.948098	-7.235731	2.092076	7	2.606072	2.026323	27.78901	5.50397	10.47275
55.6	-6.685271	-7.099152	3.775921	7	2.742642	1.881175	36.63617	2.053589	11.38495
55.62	-5.088804	-5.733358	11.56309	7	2.984894	1.760115	36.53197	8.58794	10.49847
55.64	-6.720392	-7.50889	3.268239	7	2.808142	1.665097	17.68731	10.20626	2.102619
55.66	-7.013415	-7.50889	2.28099	7	2.599036	1.904606	35.57951	13.82458	11.3078
55.68	-6.270582	-6.416255	5.970135	7	3.279144	2.472132	34.63404	3.442902	13.49565
55.7	-7.137571	-7.782049	2.081513	7	3.214771	2.117558	39.27875	-7.579998	10.37837
55.72	-6.747548	-6.825994	4.239692	7	4.000463	3.177874	36.29408	13.45817	15.62509
55.74	-6.775529	-7.235731	4.533643	7	4.260561	3.233181	37.38442	15.62611	14.42601
55.76	-5.092228	-5.801648	12.94442	7	4.467134	3.185671	38.82448	11.3513	15.04629
55.78	-6.759843	-7.50889	4.52196	7	4.408782	3.275494	14.69541	22.74061	6.014574
55.8	-5.908494	-6.552835	9.058887	7	4.133585	3.375616	31.89415	12.61847	15.33809
55.82	-7.000682	-6.825994	3.216165	7	5.037154	4.713669	-1.090599	6.816947	10.93415
55.84	-5.301484	-6.143096	12.15904	7	4.288967	3.647815	33.80434	-9.717402	17.89716
55.86	-6.978111	-6.484545	2.91005	7	5.606377	5.566345	-22.60855	8.236794	8.529184
55.88	-4.237186	-5.801648	17.35583	7	3.684767	2.862275	47.16963	1.641375	18.90573
55.9	-4.469388	-4.709013	14.36576	7	4.683608	3.839215	-13.44743	4.969619	3.167112
55.92	-3.763719	-5.733358	17.62534	7	2.445022	1.343721	27.16154	-1.366258	5.380732
55.94	-5.095872	-5.050462	9.045688	7	3.252103	3.065825	-21.46307	6.572673	0.8692069
55.96	-4.330123	-4.367564	11.79974	7	3.069873	3.603137	-14.45001	-36.75557	9.727816
55.98	-6.204698	-5.460199	1.274674	7	3.690988	4.81727	-41.49249	-19.64107	6.578976
56	-4.797143	-5.050462	8.499591	7	2.763266	3.380095	17.13931	-24.03801	18.53473
56.02	-4.446599	-3.411509	8.563503	7	4.578125	5.206928	-27.69355	-2.511296	11.63645
56.04	-2.843	-4.094406	16.3981	7	2.907911	2.557905	19.50897	1.656642	11.76188
56.06	-3.34705	-3.684668	12.21873	7	3.180478	2.79972	-10.27602	14.89328	2.783527
56.08	-2.591148	-3.070061	14.71185	7	2.758103	2.763204	-6.506363	10.98489	6.652314
56.1	-3.582219	-2.728612	7.676161	7	3.844466	4.930223	-57.66167	-5.579998	3.301805
56.12	-2.734293	-2.387164	10.87744	7	3.381718	4.925766	-44.46419	-9.305189	10.47351
56.14	-3.004445	-2.387164	8.094143	7	3.434153	5.009206	-56.45451	-17.94641	6.673671
56.16	-1.296322	-2.045715	15.91098	7	1.795598	2.417156	-6.10437	2.954352	9.360638
56.18	-1.678427	-1.704267	11.93796	7	1.935864	2.309097	-28.34132	-6.358624	0.2832956
56.2	-1.131467	-1.362819	13.0887	7	1.417211	1.983648	-18.03272	6.038321	3.81394
56.22	-0.03853935	0.3444233	16.05081	7	1.937722	2.802973	-42.44113	-17.91588	1.967201
56.24	-0.5985352	-1.02137	11.53803	7	0.8542219	1.63889	-36.30806	-13.82427	-2.41104
56.26	-0.1096065	0.3444233	11.78866	7	0.9843889	2.259434	-43.30503	-21.53419	1.483948
56.28	0.1520231	0.3444233	11.1546	7	0.6364461	1.848552	-39.79346	-20.67923	0.5240602
56.3	0.1107957	0.3444233	9.12095	7	0.356091	1.52708	-34.66725	-16.05328	0.5152197
56.32	0.2954376	0.6858721	8.297972	7	0.3518656	1.508801	-28.96719	-14.78611	2.294123
56.34	1.899863	1.915086	14.4573	7	0.1736531	0.8698365	-15.89506	-9.686869	3.009452
56.36	1.118041	0.9590311	8.641196	7	-0.124209	0.321204	-23.59639	-0.2059528	-4.385565
56.38	1.067503	1.300479	6.82184	7	-0.1366333	0.6683547	-16.49377	-0.02274666	1.254821
56.4	2.497275	2.597983	12.25352	7	-0.01657417	0.4784406	-7.178403	-12.41969	3.200214
56.42	3.048503	2.939431	12.90412	7	0.04239711	0.2896928	-20.38881	-1.366258	-3.128815
56.44	3.159797	3.21259	11.30639	7	-0.01026323	0.6521598	-36.71473	3.595574	-4.911057
56.46	3.941252	3.622329	13.32719	7	-0.7853907	-0.1377043	-27.34796	-9.167785	-4.338632
56.48	3.724167	3.622329	10.08481	7	-1.195913	-0.5056309	-33.69658	-15.82427	-7.786565
56.5	4.078135	3.827197	10.03981	7	-1.909657	-1.278734	-17.25405	-14.5571	-5.381338
56.52	5.270117	5.466149	13.43382	7	-1.651285	-1.005566	-27.51556	-21.7174	-6.118823
56.54	3.523664	3.485749	2.865668	7	-2.180847	-1.402024	-31.96366	-20.14488	-11.01418
56.56	4.076871	4.783254	4.042781	7	-1.838624	-0.5915285	-19.00417	-11.82427	-0.07614136
56.58	4.928164	5.466149	6.598215	7	-1.376416	-0.5114375	-17.93341	-9.854807	-1.137962
56.6	4.782448	4.851542	4.537685	7	-1.528696	-1.00155	-12.95455	-15.01511	-4.13349
56.62	6.991348	6.422206	14.15206	7	-2.093174	-2.265145	12.71788	8.236794	-2.170632
56.64	4.908866	4.851542	1.836318	7	-1.868774	-1.891443	-21.21574	14.06886	-13.56591
56.66	6.49934	6.695365	8.412194	7	-1.815261	-1.234758	-6.160964	7.870382	-0.8638391
56.68	4.448586	4.851542	-3.099218	7	-1.534339	-0.9028515	-25.3819	5.305498	-8.407693
56.7	5.636972	5.807599	2.492579	7	-1.752038	-1.182374	13.54451	-6.511296	4.173187
56.72	7.094018	6.695365	8.785973	7	-1.721287	-2.30363	25.56129	-1.763205	-1.309869
56.74	5.030548	4.783254	-2.36762	7	-1.581408	-2.104175	8.520559	-1.870075	-8.528576
56.76	6.234769	6.149047	3.351048	7	-1.411559	-1.715602	33.01292	15.51924	3.699842
56.78	6.932901	6.968522	5.745974	7	-0.5474718	-1.137732	12.23022	12.40473	-2.002424
56.8	6.928394	6.763654	4.805574	7	-0.3779906	-0.6604432	-5.836966	-2.480762	-4.956311
56.82	7.414123	6.695365	6.715096	7	-1.193802	-1.58907	6.946435	4.878016	-4.633615
56.84	7.532506	7.309972	6.102207	7	-1.162997	-1.373006	-9.0384	11.94672	-7.49008
56.86	6.856973	7.309972	1.43532	7	-0.7539088	-0.09120834	-37.52509	-4.358624	-7.752883
56.88	8.000645	8.197738	6.221323	7	-1.090843	-0.1806895	-30.64803	-12.12962	-3.352665
56.9	6.092518	6.149047	-3.888142	7	-1.745165	-0.9436406	-31.11305	-18.41969	-9.399176
56.92	6.074414	6.149047	-3.738585	7	-2.363589	-1.745097	13.24197	-19.61053	1.395325
56.94	6.521417	6.968522	-1.839873	7	-1.584555	-1.558857	21.38846	-0.8929757	2.165558
56.96	5.976986	6.080756	-4.451632	7	-1.140928	-1.503977	27.59274	-3.121983	0.9577742
56.98	5.816761	6.012467	-4.837224	7	-0.4698726	-0.933917	35.38172	17.73298	4.73082
57	6.171131	6.149047	-2.488465	7	0.1523481	-0.6608051	43.0047	24.63374	6.344851
57.02	7.620811	7.378261	4.838714	7	0.8519733	-0.2757716	35.02352	25.00015	4.78922
57.04	7.703593	7.309972	4.885559	7	1.193713	0.2532805	2.275517	26.03832	-3.196521
57.06	7.102915	6.763654	1.783343	7	0.85979	0.6332497	-15.02005	29.67191	-4.140841
57.08	6.653405	6.763654	-0.499054	7	0.6730344	1.101583	-23.36106	14.95435	-1.525082
57.1	7.033187	7.309972	1.279778	7	0.5762926	1.251376	-24.74976	-9.060914	0.6368151
57.12	7.09062	7.309972	1.297576	7	0.3798951	1.072479	-30.05022	-24.86244	-1.614418
57.14	8.299486	7.856288	7.08221	7	-0.5721275	-0.3333266	-11.56487	-21.15252	-2.124022
57.16	6.859319	7.036813	-0.9794726	7	-0.6212002	-0.09883971	-37.33953	6.404734	-9.347937
57.18	6.375725	7.036813	-3.652457	7	-0.6557274	0.6198696	-32.99257	-1.870075	-1.257895
57.2	6.552886	7.105102	-2.758696	7	-0.7075208	0.3349585	-16.63625	-8.725037	1.86584
57.22	8.222627	8.470897	5.118039	7	-0.5882944	-0.1350221	-8.222424	-14.6487	1.340721
57.24	8.036589	7.583131	3.632792	7	-1.211668	-1.325403	-9.775184	-6.633433	-7.578365
57.26	7.601	7.583131	0.8005239	7	-1.406044	-1.15567	-15.26889	19.07649	-6.819235
57.28	6.747321	7.583131	-4.15375	7	-0.7979395	0.2148723	-34.12422	3.946719	-4.201556
57.3	7.423543	7.65142	-0.6632202	7	-1.209568	-0.4256182	-7.155161	-14.16015	1.293083
57.32	7.648375	7.65142	0.2475639	7	-1.334625	-1.204725	1.577462	-22.28229	-2.254396
57.34	8.219064	8.197738	2.608071	7	-1.250689	-1.307211	0.952876	-22.70977	-3.252307
57.36	7.812224	8.197738	-0.2175238	7	-0.7638204	-0.4191383	-23.52546	13.29023	-6.141042
57.38	7.162058	7.65142	-3.693036	7	-0.7334002	0.1430297	-28.26905	8.603207	-3.499681
57.4	7.452971	7.583131	-1.982549	7	-1.18461	-0.5812208	-4.371346	-3.503663	0.3018436
57.42	7.935979	8.197738	0.1612796	7	-0.9383721	-0.6820109	-4.282436	-9.824273	-1.27812
57.44	8.451446	8.197738	2.521207	7	-1.259956	-1.387646	2.481665	4.343666	-3.627248
57.46	7.588037	7.583131	-2.13444	7	-1.272014	-1.265876	-7.61028	15.3971	-6.603777
57.48	7.553416	7.583131	-2.220427	7	-1.438793	-1.297255	5.218172	1.320765	-1.718945
57.5	8.001959	8.197738	-0.2012925	7	-1.089608	-1.081673	4.249593	-7.381525	-1.356228
57.52	7.260519	7.309972	-3.856274	7	-1.043941	-1.076891	1.938455	-8.877707	-3.471699
57.54	7.240145	7.378261	-3.629747	7	-0.9246033	-0.9151858	12.0316	5.671909	0.7350883
57.56	7.141296	7.309972	-3.801981	7	-0.5717828	-0.7341087	14.37341	-0.2517543	1.050622
57.58	7.259374	7.309972	-2.78775	7	-0.2901762	-0.6022571	17.8432	8.725345	1.817736
57.6	7.166007	7.241681	-2.880645	7	0.08584814	-0.254115	13.05754	12.3742	1.20963
57.62	8.250258	8.197738	2.667819	7	0.3600441	-0.01389874	8.798838	11.91618	1.691182
57.64	8.488316	8.197738	3.616533	7	0.2743012	-0.09749673	-9.569115	12.02305	-4.56951
57.66	8.453003	8.197738	3.102255	7	-0.1507684	-0.1052141	-22.80337	10.61847	-6.511351
57.68	7.052016	7.309972	-4.108805	7	-0.408441	0.3369268	-37.5271	7.565039	-6.985891
57.7	6.96462	7.309972	-4.173997	7	-0.8431889	0.1204613	-16.46934	-5.366258	0.5070686
57.72	7.68861	8.266026	-0.7141111	7	-0.4757594	0.2366651	-15.42844	-17.38153	0.9633713
57.74	6.889893	7.036813	-4.50036	7	-0.724775	-0.2926051	-11.59246	-28.00748	-2.696348
57.76	7.655324	7.036813	0.07145381	7	-1.699607	-2.058917	33.03332	-4.129617	1.625781
57.78	7.0372	7.036813	-3.140012	7	-1.116621	-1.76361	21.35699	16.48107	-2.95016
57.8	6.581295	6.968522	-5.239362	7	-0.3494523	-0.5058745	12.16144	3.732978	0.9445934
57.82	6.99328	6.968522	-2.532892	7	-0.1961588	-0.5549406	25.13305	-2.22122	3.960909
57.84	7.139542	7.036813	-1.41119	7	0.1471483	-0.4837353	21.76898	4.175726	1.67003
57.86	7.453538	7.036813	0.5961046	7	0.09109151	-0.7114961	24.05706	6.587941	0.7673702
57.88	7.246566	7.105102	-0.3425589	7	0.3885744	-0.1928768	7.979068	16.86275	-1.387554
57.9	8.902816	8.744054	7.58322	7	0.5608963	0.2328229	-4.499924	6.526871	-0.4946384
57.92	8.857923	8.539186	6.484525	7	0.2449572	0.2038084	-37.59688	2.832215	-10.08931
57.94	7.878592	7.583131	1.150771	7	-0.8476073	-0.2068607	-43.42212	-3.83954	-10.64959
57.96	7.254165	7.65142	-2.377882	7	-1.293176	-0.07117664	-40.99727	-3.24412	-6.031414
57.98	6.501362	7.583131	-6.502114	7	-0.9593686	0.7122219	-45.49736	-13.16778	-2.50611
58	7.835835	8.197738	0.2948538	7	-1.403927	-0.336664	-11.88321	-26.11435	2.347157
58.02	7.187095	7.309972	-3.123731	7	-1.570149	-1.2147	-8.776938	-31.33572	-4.844868
58.04	8.343423	8.266026	2.491292	7	-1.758597	-1.721511	9.918442	-23.93114	-1.038543
58.06	6.69783	7.378261	-6.368817	7	-0.8981231	-0.4703388	-24.56508	19.80931	-7.216695
58.08	7.7788	8.197738	-0.7974575	7	-0.8848845	-0.1826415	-5.767212	16.38947	2.562211
58.1	7.39453	7.583131	-2.757479	7	-0.8395467	-0.5768375	-9.188349	2.511604	-3.203083
58.12	7.675761	7.583131	-1.106684	7	-1.158158	-1.100965	6.224756	-8.480762	-1.031698
58.14	7.697323	7.583131	-0.9742898	7	-1.192023	-1.427759	9.614885	2.282597	-2.696485
58.16	7.863891	7.583131	-0.07981658	7	-1.337057	-1.776212	16.39907	7.091757	-2.787919
58.18	7.863104	7.65142	-0.1832839	7	-1.265435	-1.766052	14.20013	5.244429	-3.75707
58.2	7.571115	7.65142	-1.812702	7	-0.9260095	-1.142011	3.135315	1.519238	-3.702554
58.22	7.513959	7.583131	-2.015218	7	-0.8263835	-0.8620149	2.807732	-1.473128	-1.911358
58.24	7.600318	7.583131	-1.438887	7	-0.8232231	-0.9285322	5.669191	1.030688	-1.569341
58.26	7.811306	7.583131	-0.2281268	7	-0.9882698	-1.314585	11.72564	0.1451923	-2.103722
58.28	7.606081	7.583131	-1.320686	7	-0.8124042	-1.065027	3.833601	0.2215282	-3.446593
58.3	7.551523	7.51484	-1.493701	7	-0.815189	-0.9423447	4.055992	-0.03801384	-2.3062
58.32	7.598093	7.583131	-1.185567	7	-0.7782434	-0.8972346	3.815453	-0.389159	-2.083632
58.34	7.700883	7.583131	-0.5866867	7	-0.8559225	-1.049345	5.620193	0.3589324	-2.401375
58.36	7.662566	7.583131	-0.7813372	7	-0.8565324	-1.042172	3.228157	-0.4349605	-3.108618
58.38	7.601614	7.583131	-1.092648	7	-0.8387594	-0.9299899	0.7768863	0.1451923	-2.988319
58.4	7.607199	7.583131	-1.037611	7	-0.8749441	-0.9282161	0.8867037	-0.2059528	-2.714828
58.42	7.676117	7.65142	-0.704349	7	-0.9004382	-0.9568151	0.6099174	0.2520626	-2.82431
58.44	7.636889	7.583131	-0.9110579	7	-0.9730238	-1.039611	0.5014751	-0.1143497	-3.273818
58.46	7.588158	7.583131	-1.177044	7	-0.994837	-1.023051	0.05780435	-0.0685482	-3.141809
58.48	7.554608	7.583131	-1.357588	7	-0.9889657	-0.9858824	-0.1380955	0.02305488	-2.90134
58.5	7.531644	7.583131	-1.474911	7	-0.9619321	-0.9395615	-0.3895234	-0.08381538	-2.717278
58.52	7.531547	7.583131	-1.461988	7	-0.9394186	-0.9143616	-0.2904035	0.2062606	-2.581034
58.54	7.598919	7.583131	-1.086251	7	-0.987063	-1.0197	1.751157	-0.03801384	-2.582477
58.56	7.556914	7.583131	-1.317532	7	-0.9492227	-0.9801907	0.03151357	-0.05328102	-3.00582
58.58	7.650913	7.65142	-0.8550587	7	-0.9643354	-0.9883752	0.3853496	-0.007479484	-2.783188
58.6	7.626229	7.65142	-1.038177	7	-0.9478667	-0.9488691	-2.134757	-0.007479484	-3.347746
58.62	7.559274	7.583131	-1.383608	7	-0.9927263	-0.94657	-2.429579	0.0841236	-3.24697
58.64	7.629535	7.65142	-1.044166	7	-1.0358	-0.9939218	-1.18255	-0.007479484	-2.928732
58.66	7.54142	7.583131	-1.516606	7	-1.042972	-1.001072	-2.128831	-0.03801384	-3.351881
58.68	7.550569	7.583131	-1.456514	7	-1.077838	-1.034275	-0.3861499	-0.03801384	-2.875917
58.7	7.503927	7.583131	-1.704651	7	-1.027581	-0.9789685	-1.217317	0.02305488	-2.938333
58.72	7.519376	7.583131	-1.603948	7	-1.009948	-0.962621	-0.4963768	0.06885641	-2.649256
58.74	7.524377	7.583131	-1.560993	7	-0.9830759	-0.9523274	-0.5789389	-0.05328102	-2.73244
58.76	7.576584	7.583131	-1.263922	7	-1.013694	-1.023812	0.7207463	0.03832205	-2.768061
58.78	7.558925	7.583131	-1.357371	7	-0.9995981	-1.015039	-0.3205192	0.03832205	-3.107391
58.8	7.539716	7.583131	-1.453699	7	-0.9854359	-0.9660238	-1.241571	0.02305488	-3.040687
58.82	7.545561	7.583131	-1.411354	7	-0.9956032	-0.9646194	-1.248787	0.02305488	-2.964078
58.84	7.54641	7.583131	-1.400423	7	-1.006661	-0.9754124	-1.38969	0.06885641	-3.038306
58.86	7.590461	7.65142	-1.210131	7	-0.9856529	-0.9326844	-2.614164	-0.08381538	-3.084064
58.88	7.549967	7.583131	-1.419013	7	-1.029236	-0.9693628	-2.941741	0.03832205	-3.354551
58.9	7.515817	7.583131	-1.597352	7	-1.04199	-0.9515256	-3.17308	0.02305488	-3.191962
58.92	7.501146	7.583131	-1.669379	7	-1.043082	-0.9394804	-3.035895	-0.2364872	-3.028045
58.94	7.534138	7.583131	-1.485626	7	-1.076578	-1.004605	-1.629437	0.2215282	-2.958521
58.96	7.521709	7.583131	-1.557574	7	-1.068836	-1.010941	-1.970755	-0.1448841	-3.17136
58.98	7.504556	7.583131	-1.650399	7	-1.049442	-0.9719347	-2.540027	0.114658	-3.113397
59	7.604342	7.65142	-1.159791	7	-1.066407	-1.00697	-1.87942	-0.02274666	-3.024899
59.02	7.580052	7.65142	-1.34443	7	-1.04621	-0.9696108	-4.339895	0.1299247	-3.612402
59.04	7.508822	7.583131	-1.715079	7	-1.081635	-0.9555386	-4.765953	-0.02274666	-3.503621
59.06	7.524707	7.65142	-1.665681	7	-1.059439	-0.8903669	-5.365471	-0.3280903	-3.15027
59.08	7.547121	7.65142	-1.573817	7	-1.074291	-0.9106847	-5.32365	0.2215282	-3.233558
59.1	7.399355	7.51484	-2.296946	7	-1.094563	-0.9176893	-5.414168	-0.2364872	-3.380955
59.12	7.479147	7.583131	-1.843611	7	-1.117031	-0.9643731	-2.360787	0.1299247	-2.577734
59.14	7.496813	7.583131	-1.743621	7	-1.097841	-1.011737	-2.069827	-0.0685482	-3.020379
59.16	7.504461	7.583131	-1.697095	7	-1.081156	-1.005194	-2.272719	0.2825965	-3.11904
59.18	7.446315	7.51484	-1.952839	7	-1.088109	-1.014163	-2.081011	-0.1448841	-3.176524
59.2	7.400106	7.51484	-2.145856	7	-1.039641	-0.9366235	-2.505555	0.09939077	-2.884445
59.22	7.497598	7.583131	-1.611046	7	-1.02062	-0.938928	-1.613898	0.05358881	-2.623868
59.24	7.49163	7.583131	-1.643017	7	-0.9782718	-0.8985599	-3.735738	0.007787696	-3.191928
59.26	7.561276	7.583131	-1.261661	7	-1.053161	-0.9894768	-2.601027	0.0841236	-3.198787
59.28	7.545333	7.583131	-1.364841	7	-1.088889	-1.026892	-3.697707	-0.007479484	-3.688505
59.3	7.508396	7.583131	-1.581789	7	-1.107029	-0.9944817	-4.866883	0.06885641	-3.671614
59.32	7.557339	7.65142	-1.382548	7	-1.119013	-0.9728051	-5.446772	-0.4349605	-3.509
59.34	7.473763	7.583131	-1.843304	7	-1.136812	-0.9605803	-6.738114	0.1909938	-3.808023
59.36	7.468532	7.583131	-1.873397	7	-1.174073	-0.9770535	-5.609297	0.03832205	-3.37007
59.38	7.425753	7.583131	-2.110276	7	-1.142748	-0.9334036	-6.211691	-0.007479484	-3.355194
59.4	7.44485	7.583131	-2.002264	7	-1.143645	-0.9429226	-5.171957	-0.007479484	-3.091863
59.42	7.450909	7.583131	-1.968082	7	-1.130371	-0.9532844	-4.969898	0.02305488	-3.194018
59.44	7.441599	7.583131	-2.014674	7	-1.103085	-0.9216183	-5.475282	-0.007479484	-3.227147
59.46	7.447494	7.583131	-1.973706	7	-1.092059	-0.9063444	-5.56674	-0.0685482	-3.176744
59.48	7.451748	7.583131	-1.941805	7	-1.087306	-0.9024912	-5.759703	0.1451923	-3.226883
59.5	7.487225	7.583131	-1.744277	7	-1.124408	-0.9645641	-4.87138	-0.02274666	-3.27704
59.52	7.488937	7.583131	-1.741339	7	-1.145857	-1.001187	-5.001017	0.05358881	-3.524701
59.54	7.472879	7.583131	-1.836837	7	-1.15279	-0.9921138	-5.532051	-0.03801384	-3.574467
59.56	7.457237	7.583131	-1.927364	7	-1.153536	-0.9711735	-5.938774	0.007787696	-3.511462
59.58	7.450422	7.583131	-1.967278	7	-1.155043	-0.960716	-6.050366	0.007787696	-3.441873
59.6	7.448558	7.583131	-1.979389	7	-1.156768	-0.9594655	-6.054419	-0.03801384	-3.419098
59.62	7.43966	7.583131	-2.028785	7	-1.149031	-0.9445006	-6.354356	-0.03801384	-3.423897
59.64	7.43032	7.583131	-2.077323	7	-1.137179	-0.919902	-6.719903	0.03832205	-3.3859
59.66	7.451301	7.583131	-1.960253	7	-1.155048	-0.9488751	-6.125442	0.02305488	-3.345234
59.68	7.414864	7.583131	-2.157635	7	-1.122012	-0.8951051	-7.479066	-0.02274666	-3.491024
59.7	7.491606	7.65142	-1.78572	7	-1.116039	-0.8745223	-7.618789	-0.02274666	-3.293212
59.72	7.536391	7.65142	-1.589361	7	-1.162786	-0.9478847	-7.791599	-0.0685482	-3.743168
59.74	7.527829	7.65142	-1.687373	7	-1.205268	-0.9756162	-8.715904	0.007787696	-4.054684
59.76	7.46937	7.583131	-2.002375	7	-1.286522	-1.046933	-7.912782	-0.0685482	-4.056515
59.78	7.41038	7.583131	-2.326493	7	-1.28762	-1.021569	-7.767175	-0.02274666	-3.776865
59.8	7.394272	7.583131	-2.410916	7	-1.267942	-0.9980351	-6.99156	0.09939077	-3.423957
59.82	7.396645	7.583131	-2.390454	7	-1.235065	-0.9843748	-6.400136	0.02305488	-3.295054
59.84	7.387216	7.583131	-2.428242	7	-1.180085	-0.9330084	-6.799028	0.02305488	-3.274913
59.86	7.422461	7.583131	-2.217068	7	-1.170586	-0.9456093	-6.068238	-0.007479484	-3.196342
59.88	7.52392	7.65142	-1.707628	7	-1.173379	-0.9877311	-5.880255	0.09939077	-3.407778
59.9	7.438116	7.583131	-2.161996	7	-1.164257	-0.9558555	-8.180614	-0.02274666	-4.01098
59.92	7.421538	7.583131	-2.231764	7	-1.182157	-0.9233085	-8.096569	0.007787696	-3.577596
59.94	7.419653	7.583131	-2.226946	7	-1.195738	-0.9385071	-7.764976	-0.1601513	-3.523026
59.96	7.580746	7.71971	-1.452328	7	-1.211295	-0.9838324	-7.37855	-0.7097695	-3.541368
59.98	7.519792	7.65142	-1.83067	7	-1.239581	-1.008325	-9.759539	0.3436657	-4.47243
60	7.432648	7.583131	-2.288209	7	-1.304285	-1.015887	-9.566137	-0.1143497	-4.190273
60.02	7.41853	7.65142	-2.403924	7	-1.266563	-0.9244463	-10.32994	-0.2364872	-3.746982
60.04	7.428178	7.65142	-2.376501	7	-1.25518	-0.9080092	-10.22575	-1.809006	-3.630371
60.06	7.458234	7.65142	-2.235414	7	-1.274664	-0.9538707	-9.421896	-2.526563	-3.669443
60.08	7.448834	7.583131	-2.262406	7	-1.350877	-1.090663	-7.263289	-0.09908256	-3.846023
60.1	7.43257	7.583131	-2.343294	7	-1.365814	-1.135914	-6.23	0.1604595	-3.83205
60.12	7.433437	7.583131	-2.333961	7	-1.360686	-1.153851	-5.350142	0.1604595	-3.735067
60.14	7.50998	7.65142	-1.968298	7	-1.338043	-1.156899	-5.101204	-0.007479484	-3.724525
60.16	7.498659	7.65142	-2.07281	7	-1.300141	-1.106922	-7.074236	0.007787696	-4.139283
60.18	7.592049	7.71971	-1.649612	7	-1.320787	-1.112326	-7.376184	-0.0685482	-4.079528
60.2	7.430261	7.583131	-2.500228	7	-1.340571	-1.093357	-9.413649	-0.05328102	-4.637931
60.22	7.502652	7.65142	-2.128187	7	-1.394491	-1.12882	-7.028873	-0.3586246	-3.77428
60.24	7.377011	7.583131	-2.785827	7	-1.348983	-1.074311	-8.741012	-0.8777085	-4.196027
60.26	7.398801	7.583131	-2.629084	7	-1.359275	-1.081968	-6.517126	-3.381525	-3.468937
60.28	7.474102	7.583131	-2.198349	7	-1.40545	-1.232072	-3.549584	-0.6945024	-3.583091
60.3	7.411008	7.583131	-2.532705	7	-1.324775	-1.149665	-5.758807	-0.1143497	-4.027472
60.32	7.511147	7.65142	-2.017625	7	-1.312976	-1.128391	-5.281492	0.3436657	-3.650559
60.34	7.493884	7.583131	-2.092003	7	-1.35687	-1.212146	-5.259207	-0.5418305	-4.230133
60.36	7.454647	7.583131	-2.292575	7	-1.357536	-1.182281	-6.025088	0.2825965	-4.20283
60.38	7.496687	7.583131	-2.054214	7	-1.41803	-1.266496	-4.211969	-1.259388	-4.014826
60.4	7.503671	7.583131	-2.023899	7	-1.45	-1.335698	-3.73913	-2.11435	-4.301027
60.42	7.585158	7.65142	-1.649869	7	-1.47824	-1.385116	-3.356647	-0.7861055	-4.373683
60.44	7.478062	7.583131	-2.243901	7	-1.46815	-1.341151	-5.58663	-0.8166398	-4.856395
60.46	7.494981	7.583131	-2.152811	7	-1.519976	-1.374502	-3.807631	-0.08381538	-4.272106
60.48	7.461377	7.583131	-2.344649	7	-1.500293	-1.360643	-4.189459	-1.137251	-4.388116
60.5	7.504362	7.583131	-2.11606	7	-1.534302	-1.426576	-2.352123	-2.11435	-4.183417
60.52	7.479064	7.583131	-2.265638	7	-1.504929	-1.408266	-3.103219	0.2062606	-4.435172
60.54	7.480016	7.583131	-2.262866	7	-1.491594	-1.383706	-3.088596	-0.2364872	-4.281681
60.56	7.480152	7.583131	-2.261616	7	-1.478174	-1.370625	-3.243229	0.1909938	-4.287909
60.58	7.547093	7.583131	-1.900838	7	-1.539804	-1.484705	-1.223566	-0.03801384	-4.296962
60.6	7.462742	7.583131	-2.371696	7	-1.471129	-1.37903	-4.220073	0.007787696	-4.721557
60.62	7.511331	7.583131	-2.102113	7	-1.513997	-1.411864	-2.623193	-0.05328102	-4.238961
60.64	7.467695	7.583131	-2.343042	7	-1.478411	-1.366513	-4.201414	-0.02274666	-4.550853
60.66	7.484895	7.583131	-2.243756	7	-1.492501	-1.36822	-3.694594	0.03832205	-4.312176
60.68	7.4841	7.583131	-2.247301	7	-1.495657	-1.378848	-3.848431	-0.007479484	-4.43708
60.7	7.490464	7.583131	-2.213199	7	-1.508706	-1.394178	-3.732439	0.03832205	-4.458323
60.72	7.504841	7.583131	-2.139851	7	-1.534968	-1.433996	-3.306686	-0.02274666	-4.524117
60.74	7.472608	7.583131	-2.322439	7	-1.518318	-1.39759	-4.374968	0.007787696	-4.63979
60.76	7.452128	7.583131	-2.432194	7	-1.500836	-1.345441	-5.005176	-0.05328102	-4.471325
60.78	7.54785	7.65142	-1.962451	7	-1.516501	-1.374934	-4.421192	-0.02274666	-4.365579
60.8	7.537351	7.65142	-2.071776	7	-1.511294	-1.36291	-6.370969	0.02305488	-4.928349
60.82	7.488901	7.583131	-2.324442	7	-1.576124	-1.405831	-5.988257	-0.05328102	-4.901625
60.84	7.414446	7.583131	-2.722143	7	-1.552516	-1.333273	-6.917755	-0.09908256	-4.686672
60.86	7.51923	7.65142	-2.193841	7	-1.577097	-1.379117	-5.04964	-1.305189	-4.257028
60.88	7.54477	7.65142	-2.105255	7	-1.593765	-1.443405	-5.359862	-0.9235098	-4.848222
60.9	7.494984	7.65142	-2.418769	7	-1.564461	-1.364572	-7.510639	-0.0685482	-5.012496
60.92	7.420028	7.583131	-2.797328	7	-1.580105	-1.336487	-7.44993	-0.6945024	-4.732327
60.94	7.418849	7.583131	-2.776417	7	-1.591856	-1.356312	-5.880941	-0.4044262	-4.325515
60.96	7.430901	7.583131	-2.691316	7	-1.584585	-1.390101	-4.796126	-2.083815	-4.314599
60.98	7.531992	7.65142	-2.182401	7	-1.581888	-1.436081	-3.938133	-1.870075	-4.374991
61	7.488322	7.583131	-2.409274	7	-1.599134	-1.478964	-4.548412	0.5116042	-4.949266
61.02	7.488899	7.583131	-2.397226	7	-1.628521	-1.501295	-3.843727	-0.1296169	-4.745997
61.04	7.383265	7.51484	-2.911874	7	-1.612183	-1.466427	-4.37154	-0.1448841	-4.781386
61.06	7.504071	7.583131	-2.252807	7	-1.651765	-1.551192	-1.233779	-0.1143497	-4.19515
61.08	7.557698	7.65142	-2.029933	7	-1.60535	-1.543332	-3.016067	0.05358881	-4.891562
61.1	7.50908	7.583131	-2.294343	7	-1.626468	-1.538906	-4.183414	0.0841236	-5.195945
61.12	7.458166	7.583131	-2.566742	7	-1.615688	-1.467913	-5.297822	0.007787696	-4.97747
61.14	7.533516	7.65142	-2.202374	7	-1.625457	-1.468248	-4.925092	0.1299247	-4.711087
61.16	7.440127	7.583131	-2.699174	7	-1.611253	-1.431639	-6.769325	-0.05328102	-5.153654
61.18	7.490788	7.583131	-2.409019	7	-1.687183	-1.522918	-4.079966	0.0841236	-4.652428
61.2	7.471384	7.583131	-2.519308	7	-1.688679	-1.556228	-4.187824	-0.05328102	-4.982226
61.22	7.476578	7.583131	-2.49431	7	-1.697815	-1.569752	-3.674896	-0.02274666	-4.881501
61.24	7.452467	7.65142	-2.676258	7	-1.588783	-1.395173	-6.953164	-0.007479484	-4.920158
61.26	7.46303	7.583131	-2.59098	7	-1.639626	-1.448007	-5.609509	-0.02274666	-4.74238
61.28	7.566541	7.65142	-2.073467	7	-1.692274	-1.556545	-4.153694	0.02305488	-4.854216
61.3	7.452541	7.583131	-2.691035	7	-1.677424	-1.520718	-6.513737	-0.05328102	-5.479732
61.32	7.452612	7.583131	-2.676757	7	-1.708605	-1.517371	-5.290011	0.007787696	-4.862488
61.34	7.436074	7.583131	-2.759604	7	-1.697235	-1.516509	-5.176616	-0.2975559	-4.882018
61.36	7.432953	7.583131	-2.766804	7	-1.679916	-1.500586	-5.028979	-0.09908256	-4.785841
61.38	7.429296	7.583131	-2.774512	7	-1.65547	-1.476241	-5.225416	0.09939077	-4.766328
61.4	7.611956	7.71971	-1.879473	7	-1.666791	-1.524916	-4.570904	0.0841236	-4.749175
61.42	7.483951	7.65142	-2.614366	7	-1.613553	-1.415145	-9.595531	0.05358881	-5.802385
61.44	7.436759	7.583131	-2.830367	7	-1.69168	-1.423728	-8.404049	-0.02274666	-5.116394
61.46	7.415862	7.583131	-2.919554	7	-1.722144	-1.465239	-7.194885	-0.480762	-4.91774
61.48	7.465445	7.65142	-2.686588	7	-1.698871	-1.45395	-7.050775	-1.396792	-4.81559
61.5	7.40506	7.583131	-2.991193	7	-1.69122	-1.449434	-7.578859	-1.854808	-5.077423
61.52	7.456709	7.583131	-2.688992	7	-1.748513	-1.545345	-4.962096	-0.2059528	-4.750057
61.54	7.628016	7.71971	-1.867333	7	-1.773487	-1.648222	-4.068985	0.05358881	-5.07257
61.56	7.533206	7.65142	-2.436382	7	-1.764948	-1.616929	-7.487617	0.007787696	-6.054311
61.58	7.551869	7.65142	-2.37232	7	-1.845002	-1.655512	-6.31464	-0.03801384	-5.555744
61.6	7.53285	7.65142	-2.522498	7	-1.882149	-1.698882	-6.208543	-1.503663	-5.706044
61.62	7.601287	7.71971	-2.249935	7	-1.909438	-1.732717	-5.697775	-3.213586	-5.607775
61.64	7.46505	7.583131	-2.975875	7	-1.947139	-1.772144	-5.860316	-2.389159	-5.982123
61.66	7.45812	7.583131	-2.997022	7	-1.978891	-1.809768	-3.058679	-1.579998	-5.221581
61.68	7.498615	7.65142	-2.820613	7	-1.915603	-1.78135	-2.756624	-1.564731	-5.148629
61.7	7.508303	7.583131	-2.74818	7	-1.94017	-1.871502	-0.9114163	-1.076182	-5.302776
61.72	7.439432	7.583131	-3.105245	7	-1.853468	-1.763134	-2.552672	0.3894668	-5.360014
61.74	7.60489	7.65142	-2.232164	7	-1.894258	-1.860524	0.432704	-0.08381538	-4.930245
61.76	7.516085	7.583131	-2.701983	7	-1.864291	-1.853899	-1.874359	-0.1296169	-5.887413
61.78	7.619422	7.65142	-2.174065	7	-1.908233	-1.891846	-0.4569969	0.02305488	-5.417212
61.8	7.500005	7.583131	-2.809343	7	-1.879377	-1.836578	-3.119952	-0.3433574	-6.044427
61.82	7.597689	7.65142	-2.308594	7	-1.925125	-1.867902	-1.384798	0.2215282	-5.400086
61.84	7.558819	7.65142	-2.558525	7	-1.896062	-1.83094	-3.671646	-0.1754185	-5.98606
61.86	7.471904	7.583131	-2.998372	7	-1.901833	-1.779053	-4.335095	0.1299247	-5.783028
61.88	7.464105	7.583131	-3.006814	7	-1.910873	-1.777452	-3.150715	-0.1906856	-5.321389
61.9	7.453138	7.583131	-3.038094	7	-1.883622	-1.765088	-2.921451	0.09939077	-5.286647
61.92	7.542889	7.65142	-2.576673	7	-1.865435	-1.771462	-2.510075	0.1604595	-5.221069
61.94	7.574968	7.65142	-2.431111	7	-1.87502	-1.806383	-3.295417	-0.1143497	-5.735807
61.96	8.51912	8.539186	1.959342	7	-1.848784	-1.826554	-6.376341	0.007787696	-5.966166
61.98	8.477069	8.470897	1.089703	7	-1.946962	-1.791032	-24.89183	-0.1601513	-11.29355
62	7.472541	7.583131	-4.205346	7	-2.416368	-1.790125	-29.69193	-1.045648	-11.30847
62.02	7.320654	7.65142	-4.937334	7	-2.722243	-1.927368	-15.19994	-5.870074	-5.964229
62.04	7.208306	7.583131	-5.458686	7	-2.696001	-2.168278	-4.650172	-14.48076	-4.961133
62.06	7.493115	7.583131	-3.847571	7	-2.761846	-2.692509	11.71927	-25.74793	-3.971856
62.08	7.831226	7.583131	-2.023896	7	-2.865438	-3.371497	24.61718	-28.92351	-5.306312
62.1	9.385204	8.539186	5.546268	7	-3.235936	-4.478793	39.65638	-4.022747	-7.074166
62.12	8.528179	7.992867	0.41837	7	-3.076437	-4.192987	10.16501	30.17573	-15.87596
62.14	7.320057	7.309972	-5.84878	7	-3.030188	-3.209677	0.985044	20.5574	-11.13163
62.16	8.12403	8.197738	-1.820569	7	-2.945183	-3.018981	14.77614	7.351298	-4.240323
62.18	7.780194	7.583131	-3.559455	7	-2.969573	-3.447689	16.02321	-9.854807	-8.384065
62.2	7.897066	7.583131	-2.802785	7	-3.088247	-3.724306	27.61169	-21.41206	-6.393324
62.22	7.153526	6.968522	-6.273479	7	-2.913467	-3.64656	29.13078	-21.12198	-6.97494
62.24	6.008212	6.080756	-11.19441	7	-2.524425	-3.128748	38.11393	13.01542	-2.639851
62.26	6.308925	6.422206	-8.565543	7	-1.828312	-2.690978	57.09921	13.19863	4.097485
62.28	7.114725	6.763654	-3.554625	7	-1.189987	-2.775002	65.18769	5.809314	2.875899
62.3	6.665477	6.080756	-4.88474	7	-0.723005	-2.549705	55.7047	20.06886	-1.605176
62.32	5.5143	4.851542	-9.109142	7	-0.6575463	-2.365285	62.16336	31.36656	0.4682474
62.34	5.994488	5.807599	-5.407059	7	0.2263134	-1.329383	62.39901	31.83985	6.264064
62.36	6.433958	6.080756	-2.201437	7	0.9893128	-0.6433976	46.61535	14.12992	3.454399
62.38	7.144097	6.422206	2.151358	7	1.096711	-0.4711135	32.55701	18.38947	0.4318991
62.4	7.108315	6.695365	2.144085	7	1.292991	0.3440877	-3.513314	28.00779	-4.65661
62.42	5.940047	5.807599	-3.274305	7	0.9607191	0.9835854	-26.84921	11.99252	-5.579394
62.44	6.089372	6.080756	-1.858255	7	0.3619982	0.8345588	-18.51249	-4.282289	-0.2482948
62.46	5.911233	6.012467	-2.384744	7	0.05082896	0.4758536	-19.22115	-16.35862	-1.958332
62.48	6.324868	6.080756	0.1013471	7	-0.625706	-0.4870124	-3.669916	-20.38916	-1.527747
62.5	6.26525	6.422206	-0.4249319	7	-0.5157866	-0.3124389	-16.62874	0.6032077	-4.420035
62.52	6.333253	6.422206	-0.2047041	7	-0.7418711	-0.3457657	-18.97345	-4.847174	-4.186335
62.54	4.97622	5.466149	-6.957082	7	-0.709509	0.09119743	-28.53219	-1.366258	-4.780115
62.56	5.021447	5.466149	-6.076012	7	-0.889237	-0.07510774	-4.082826	-10.80137	2.82483
62.58	5.219103	5.53444	-4.574236	7	-0.6971717	-0.4652629	9.50395	-9.900609	2.745394
62.6	5.895407	5.466149	-0.532007	7	-1.035448	-1.662894	34.21872	3.320764	1.920958
62.62	5.592698	5.466149	-1.96378	7	-0.5532484	-1.342605	21.91167	17.67191	-2.000251
62.64	6.96804	6.763654	4.768595	7	-0.2277824	-0.8925282	15.68822	14.72534	-0.1633492
62.66	5.759928	5.807599	-1.683819	7	0.09191769	-0.07907176	-20.84743	6.954352	-7.860601
62.68	7.088939	6.763654	5.000172	7	-0.5830584	-0.4848638	-5.6651	-3.213586	-1.39023
62.7	5.479734	5.466149	-3.376482	7	-0.8102037	-0.5915502	-25.64981	-7.976945	-9.314994
62.72	5.220909	5.466149	-4.363263	7	-1.133881	-0.473092	-8.140744	-18.7403	-0.6089058
62.74	5.161429	5.466149	-4.371375	7	-1.031674	-0.6934384	4.537941	-16.35862	0.9494419
62.76	6.559525	6.353915	2.762642	7	-1.104021	-1.462723	23.25668	-7.809006	1.662503
62.78	5.302378	5.466149	-3.846751	7	-0.5427226	-0.8034013	-4.709038	13.12229	-5.968132
62.8	5.582196	5.466149	-1.951812	7	-0.8235054	-0.8929042	14.70247	10.80168	1.274134
62.82	5.408622	5.53444	-2.691714	7	-0.4422442	-0.6632697	9.926034	1.458169	-0.3315306
62.84	5.917041	5.466149	0.3328693	7	-0.7790062	-1.397673	28.06169	-0.8166398	0.8730516
62.86	5.828491	5.466149	-0.02868676	7	-0.6575994	-1.504732	23.92566	9.412367	-2.156957
62.88	7.147464	6.695365	6.283878	7	-0.5552946	-1.427513	20.30249	3.610841	-1.676173
62.9	7.084197	6.763654	5.092409	7	-0.4076365	-0.967486	-12.47179	2.26733	-9.096402
62.92	5.76565	5.466149	-1.714873	7	-1.075706	-0.9568137	-19.10094	-1.870075	-8.9853
62.94	5.394248	5.466149	-3.422049	7	-1.455455	-1.036018	-2.506992	-8.679235	-2.082612
62.96	5.093969	5.466149	-4.809772	7	-1.169896	-0.869123	4.850307	-23.48839	0.1532001
62.98	6.364274	6.353915	1.637496	7	-1.02692	-1.238474	21.05691	-25.28992	2.414532
63	5.728056	6.422206	-2.269105	7	0.1830617	0.3640962	-22.34959	23.38183	-4.288774
63.02	4.95366	5.53444	-5.868263	7	0.2869887	1.182406	-27.27784	11.90092	-0.1630688
63.04	5.234512	5.466149	-3.724572	7	-0.07042608	0.5593665	-3.277407	5.244429	4.118078
63.06	5.509111	5.466149	-1.832574	7	-0.2327323	-0.2694763	11.42	4.939085	2.400225
63.08	5.489378	5.466149	-1.657228	7	-0.07418092	-0.3513954	11.46157	19.4887	0.7779799
63.1	5.18266	5.466149	-3.026675	7	0.4212277	0.4002798	-0.2940798	12.3742	0.9009943
63.12	5.309591	5.466149	-1.976775	7	0.5546958	0.6344107	0.9977467	4.190994	2.743626
63.14	5.46862	5.466149	-0.8092787	7	0.5494374	0.4913713	2.205809	3.412367	1.930227
63.16	5.604649	5.466149	0.1578357	7	0.4269431	0.25448	3.035268	1.18336	0.809351
63.18	6.578141	6.490495	4.793244	7	0.5096766	0.3604878	-5.664379	5.71771	-0.2536621
63.2	6.539574	6.422206	4.022578	7	0.3534051	0.4520742	-27.73601	1.67191	-5.885942
63.22	6.42021	6.422206	2.886832	7	-0.1276323	0.4979556	-37.98608	0.4963374	-6.096253
63.24	6.198875	6.422206	1.211175	7	-0.5849349	0.4080487	-42.46627	-3.396792	-5.816641
63.26	5.739183	6.149047	-1.520554	7	-0.9739379	0.2367396	-39.84297	-14.31282	-4.699358
63.28	4.276809	4.851542	-8.654243	7	-1.298706	-0.03163552	-24.65679	-25.13725	-1.985409
63.3	5.425604	5.739308	-2.403281	7	-1.454339	-0.8747777	18.62303	-29.6258	6.584344
63.32	5.513966	5.739308	-2.049151	7	-0.8513271	-1.083135	17.8508	-3.671601	0.8799362
63.34	5.014429	4.783254	-4.038834	7	-0.8799935	-1.44778	31.74644	0.6184744	1.103296
63.36	4.934421	4.851542	-3.871361	7	-0.4417562	-1.209154	41.61848	18.80168	4.096116
63.38	4.915276	4.851542	-3.376254	7	0.2282977	-0.7195276	42.40458	11.15283	4.981662
63.4	5.184001	4.783254	-1.256801	7	0.5561469	-0.6779053	48.37434	15.38183	5.441357
63.42	6.633399	6.080756	6.167984	7	1.016736	-0.4489214	40.18399	19.3513	3.8934
63.44	6.53216	6.080756	5.219558	7	1.397339	0.3328108	-0.03111172	19.5345	-4.39344
63.46	6.473252	6.080756	4.653758	7	1.029476	0.8003042	-19.52563	15.18336	-4.381605
63.48	6.102371	6.149047	2.350389	7	0.7478989	1.26113	-38.86412	-1.289922	-4.849537
63.5	6.822705	6.968522	5.355485	7	0.2882655	1.207661	-43.69946	-13.809	-3.266192
63.52	5.541634	5.739308	-1.534852	7	-0.3960905	0.7533326	-51.39144	-24.45023	-7.606017
63.54	6.526429	6.695365	3.084139	7	-1.128314	-0.009639405	-25.8105	-28.17542	-0.7538242
63.56	5.820214	6.422206	-1.335731	7	-0.9443113	0.1249496	-41.05129	-7.915876	-6.116008
63.58	6.022748	6.422206	-0.647396	7	-1.28792	-0.1699651	-24.96441	-13.68687	-1.612027
63.6	7.257991	7.309972	4.897585	7	-1.581248	-1.076228	-10.31745	-11.33572	-2.324306
63.62	6.19703	6.149047	-1.090926	7	-1.875161	-1.604362	-15.68761	-1.793739	-8.803962
63.64	6.975614	7.309972	2.09325	7	-1.711121	-1.160998	-10.27824	3.610841	-2.601003
63.66	6.18785	6.490495	-2.447799	7	-1.608122	-1.106543	-17.34632	-5.03038	-6.193624
63.68	6.171837	6.422206	-2.618395	7	-1.70866	-1.199403	-1.088513	-12.89297	-1.268636
63.7	6.48285	6.490495	-1.093032	-7	-1.737912	-1.759865	13.89636	-1.381525	-1.134819
63.72	6.585459	6.490495	-0.714115	-7	-1.584604	-1.959662	16.53827	1.702444	-2.916213
63.74	6.81471	6.763654	0.1900517	-7	-1.301379	-1.690071	10.63567	8.572673	-3.632489
63.76	5.744552	5.739308	-5.055786	-7	-1.227226	-1.418859	3.484105	6.420001	-5.151161
63.78	5.489233	5.739308	-5.840115	-7	-0.9980708	-0.943998	10.6822	1.67191	0.3440866
63.8	5.697515	5.739308	-4.155509	-7	-0.833205	-1.114291	21.22599	-2.511296	1.478666
63.82	5.880999	5.807599	-2.744532	-7	-0.5629179	-1.119631	20.3873	6.175726	-0.1479645
63.84	4.733619	4.851542	-7.816546	-7	-0.2185645	-0.552663	8.896943	14.5116	-1.78802
63.86	4.769326	4.851542	-6.488794	-7	-0.1052792	-0.3471805	21.72427	9.88565	3.89461
63.88	4.857167	4.783254	-5.001399	-7	0.1120021	-0.4918469	26.09677	5.687177	2.924856
63.9	6.349353	6.080756	2.939441	-7	0.3935325	-0.4597331	20.27232	13.4887	1.558401
63.92	6.279541	6.080756	2.358063	-7	0.6142546	0.09816708	-20.28915	13.61084	-7.805093
63.94	6.232518	6.080756	1.986409	-7	0.07069415	0.3937705	-41.61864	10.51161	-8.803381
63.96	5.74769	6.149047	-0.8526597	-7	-0.2981197	0.9021103	-66.94107	-4.373891	-10.17658
63.98	4.225717	4.851542	-8.274296	-7	-1.096645	0.7660608	-68.1916	-22.41969	-8.733022
64	5.124588	5.739308	-3.416726	-7	-1.784686	-0.07931788	-38.31067	-37.96167	-1.366527
64.02	6.344604	6.763654	2.14874	-7	-1.965037	-0.9416631	-38.86812	-41.41206	-7.006592
64.04	7.189783	6.763654	5.637284	-7	-3.100925	-2.650287	-33.96857	4.847482	-14.32027
64.06	6.38659	6.763654	0.1271322	-7	-3.308012	-2.213241	-67.22834	3.122292	-20.17042
64.08	6.51442	6.763654	-0.1247045	-7	-4.333865	-2.78812	-57.08568	-14.25175	-16.16063
64.1	5.610528	6.422206	-5.719215	-7	-4.617405	-2.802107	-63.91194	-27.03038	-17.43027
64.12	5.086391	6.353915	-9.025537	-7	-4.561236	-2.341219	-59.69501	-40.87771	-12.33957
64.14	4.175643	5.056413	-13.30699	-7	-5.006134	-3.230353	-27.81552	-50.40442	-9.001393
64.16	5.744349	6.353915	-5.291953	-7	-4.91572	-4.11947	9.204593	-43.809	-3.7543
64.18	5.859155	5.739308	-4.783309	-7	-4.974896	-5.346217	19.02299	12.00779	-12.07551
64.2	3.951903	3.895488	-13.7922	-7	-5.008111	-5.474128	26.39919	14.49634	-12.87675
64.22	3.58683	3.895488	-14.45638	-7	-4.452038	-4.951615	53.00457	14.98489	-2.44022
64.24	4.800194	4.851542	-7.401384	-7	-3.486445	-4.770108	67.69765	3.748245	-0.1337341
64.26	4.65381	3.895488	-7.032787	-7	-3.222137	-5.309675	69.84412	1.717711	-6.819947
64.28	5.792039	4.851542	-0.584938	-7	-2.962368	-5.260772	68.36363	24.61847	-6.890548
64.3	6.202613	5.466149	1.352931	-7	-2.440936	-4.42248	28.9129	32.22152	-14.28307
64.32	5.702913	4.851542	-1.061204	-7	-2.920996	-4.155496	4.141754	22.34366	-17.79086
64.34	4.03663	3.554038	-8.850565	-7	-3.653568	-4.110085	-2.411118	5.152826	-16.74858
64.36	4.087249	3.895488	-7.766528	-7	-4.116226	-4.371184	18.5681	-11.80901	-8.923732
64.38	4.766625	4.578383	-4.034418	-7	-4.051653	-4.718377	22.81245	-27.25939	-10.04673
64.4	2.888734	2.597983	-12.68184	-7	-4.271017	-4.990657	20.27003	-28.41969	-14.43905
64.42	2.955224	3.21259	-11.34304	-7	-3.820346	-4.22936	33.42015	4.664275	-4.829396
64.44	2.418115	2.597983	-12.87724	-7	-3.247976	-3.947985	35.57645	-3.335724	-5.433527
64.46	2.271627	2.324824	-12.15017	-7	-2.76802	-3.647237	43.68106	-1.885342	-2.880049
64.48	3.213907	2.871142	-6.117055	-7	-2.447755	-3.820021	51.55017	16.23679	-2.719319
64.5	2.604547	2.529693	-8.382046	-7	-1.715921	-2.896435	20.46302	21.61084	-8.953936
64.52	2.727186	2.188245	-6.414933	-7	-2.119319	-3.106463	26.51138	27.67191	-6.638296
64.54	1.838686	1.915086	-9.968884	-7	-1.74835	-2.304833	4.063047	14.67954	-8.971288
64.56	1.473209	1.23219	-10.22597	-7	-2.217812	-2.652066	18.54788	1.809314	-5.193668
64.58	0.7901069	0.9590311	-12.29602	-7	-1.95063	-2.340482	16.61309	-2.190686	-4.619498
64.6	0.1119503	0.2761335	-13.95294	-7	-1.771723	-2.161184	25.14067	0.7711462	-1.775832
64.62	1.122755	0.9590311	-7.241748	-7	-1.637007	-2.524906	42.41216	1.946719	1.014833
64.64	1.15034	0.6858721	-5.936851	-7	-1.499463	-2.844415	33.44359	12.54214	-5.68759
64.66	0.5152547	0.3444233	-8.096701	-7	-1.244571	-2.137107	14.26301	15.33603	-7.19626
64.68	-0.4766357	0.002975464	-11.9715	-7	-0.6830547	-0.6940103	-8.423769	13.97725	-4.95001
64.7	1.087966	0.6858721	-2.630205	-7	-1.393101	-1.781213	19.14069	-3.564731	-0.4522238
64.72	0.5788203	0.4127131	-4.722669	-7	-1.331445	-1.881814	-8.020074	-2.984579	-10.79868
64.74	-0.1747081	-0.3384733	-7.600138	-7	-1.886313	-1.921247	-9.990017	7.732977	-9.314432
64.76	-0.6711835	0.3444233	-9.761209	-7	-1.091547	-0.1856556	-38.65361	-6.54183	-6.54722
64.78	-0.2961017	0.07126522	-6.917392	-7	-1.584964	-0.6843837	-26.25263	-15.79374	-4.262367
64.8	-2.193547	-2.045715	-15.01565	-7	-2.322727	-1.753557	-12.09578	-11.32046	-7.531461
64.82	-1.666962	-1.499398	-10.72046	-7	-2.618919	-2.501575	29.15005	2.190994	1.871893
64.84	-2.145618	-1.635977	-12.08132	-7	-1.714578	-2.053159	22.11667	-0.9082429	-1.596872
64.86	-2.457518	-2.318874	-12.00983	-7	-1.40503	-1.929256	33.59904	14.61847	0.918231
64.88	-3.3136	-2.728612	-14.72822	-7	-0.3969159	-0.7770822	23.54737	15.10703	1.9995
64.9	-3.350383	-3.411509	-12.55375	-7	-0.3208314	-1.084996	48.0687	20.58794	6.333734
64.92	-3.968093	-3.684668	-13.65335	-7	0.6327326	-0.2948631	40.41907	14.90855	5.475675
64.94	-2.700597	-3.070061	-5.183508	-7	0.8647657	-0.4955608	54.54414	26.31313	8.144535
64.96	-2.253436	-3.411509	-1.285333	-7	0.5086242	-1.614857	53.78473	23.3513	-0.278862
64.98	-2.972751	-3.752957	-3.763933	-7	0.5268683	-1.18672	29.15182	26.80168	-4.728989
65	-4.293915	-4.435854	-9.080371	-7	0.6899785	-0.04305148	9.30896	-0.7250367	-2.385181
65.02	-3.809911	-4.094406	-5.032252	-7	0.4004865	-0.1767204	24.03421	-14.92351	3.662772
65.04	-4.794817	-4.777303	-8.721346	-7	0.6685506	0.1389034	9.772757	-16.14488	-0.3330097
65.06	-5.19321	-5.39191	-8.888829	-7	0.3867994	-0.1060049	26.61391	2.58794	4.128139
65.08	-4.699151	-4.777303	-5.030029	-7	0.6969266	-0.05640427	30.83092	-2.190686	5.206356
65.1	-3.659563	-4.094406	1.048073	-7	0.8149558	-0.258643	24.34533	7.50397	1.656443
65.12	-4.934688	-5.050462	-4.794326	-7	1.022728	0.4859353	-10.43829	11.3971	-5.246282
65.14	-6.131151	-5.801648	-9.601299	-7	0.9546605	1.375303	-15.91011	0.8169478	0.6979265
65.16	-5.655307	-5.39191	-5.841536	-7	0.8073686	1.169499	2.286287	-13.809	6.411831
65.18	-6.51373	-6.484545	-8.741685	-7	0.6532224	0.5519245	9.815295	-2.602899	2.987342
65.2	-6.16879	-6.074806	-5.667551	-7	0.81853	0.5460206	22.65848	10.35893	6.933416
65.22	-5.574658	-5.460199	-1.916334	-7	1.363167	0.8962371	12.12447	7.961986	4.461016
65.24	-6.527774	-6.484545	-5.790894	-7	1.495004	1.275434	-4.419139	17.99252	0.5953045
65.26	-5.974717	-6.074806	-1.92631	-7	1.232218	1.132	6.031416	6.038321	4.981931
65.28	-5.89641	-6.143096	-0.8362863	-7	1.024773	0.6708888	2.681701	-4.70977	0.9615974
65.3	-5.746713	-5.801648	0.2327961	-7	1.013441	0.8983609	-9.641378	3.503971	-0.405652
65.32	-5.075579	-5.460199	3.778132	-7	0.4486299	0.320127	-10.04557	-5.381525	-1.986851
65.34	-6.892563	-6.825994	-5.219159	-7	0.17751	0.532662	-29.84958	-11.6716	-6.693308
65.36	-6.941235	-6.757704	-4.696315	-7	-0.3172104	0.3426854	-4.994946	-9.24412	2.789683
65.38	-5.715528	-5.39191	1.457254	-7	0.0272139	0.2856757	-2.743272	-14.37389	2.774134
65.4	-5.634715	-5.733358	1.671565	-7	-0.1046381	-0.1070913	-13.34919	-22.6029	-3.934635
65.42	-6.225601	-5.801648	-1.658879	-7	0.09882677	0.7489268	-35.74293	9.870382	-4.794393
65.44	-6.364065	-5.733358	-2.458699	-7	0.08906245	1.28971	-41.56882	0.9238181	-1.642841
65.46	-6.105931	-5.733358	-1.109523	-7	-0.3142852	0.772467	-32.41994	-10.93878	-0.9853277
65.48	-5.901898	-5.733358	-0.164385	-7	-0.7578821	0.004277676	-24.11089	-12.58763	-2.677402
65.5	-6.105655	-5.801648	-1.445945	-7	-0.9040365	-0.1742803	-25.47713	-1.900609	-4.030473
65.52	-6.444273	-6.143096	-3.172624	-7	-1.125655	-0.3893448	-18.53582	-3.015113	-2.879827
65.54	-6.634449	-6.143096	-4.109394	-7	-0.9979806	-0.2783192	-13.31328	-4.297555	-0.9201078
65.56	-6.480762	-6.211386	-3.118211	-7	-1.009108	-0.5962287	-0.2586842	-4.068548	0.4641991
65.58	-6.297117	-6.074806	-2.117204	-7	-0.790609	-0.6610797	2.851513	-3.152518	-0.1934586
65.6	-6.344218	-6.143096	-2.290437	-7	-0.5432605	-0.4716862	-0.2834568	4.435268	-1.009074
65.62	-6.136067	-6.143096	-1.056401	-7	-0.5801094	-0.6224653	4.215815	3.244428	-0.6506357
65.64	-6.142022	-6.074806	-1.074455	-7	-0.4384409	-0.4857704	-1.261923	5.18336	-1.924106
65.66	-6.057323	-6.143096	-0.5333985	-7	-0.5791302	-0.6429044	0.6544471	2.190994	-1.961117
65.68	-6.219388	-6.143096	-1.366264	-7	-0.5064193	-0.4632594	-5.196129	-0.1754185	-2.660816
65.7	-6.201666	-6.143096	-1.203889	-7	-0.567032	-0.4387548	-4.548884	0.09939077	-1.851641
65.72	-6.103418	-6.074806	-0.6849836	-7	-0.6369733	-0.5448605	-3.860027	-1.671602	-2.082377
65.74	-6.081083	-6.074806	-0.5999841	-7	-0.7185087	-0.6480623	-4.512105	0.2825965	-2.754536
65.76	-6.163452	-6.143096	-1.040287	-7	-0.8076676	-0.7092044	-4.896023	-0.1601513	-3.003273
65.78	-6.282512	-6.143096	-1.681105	-7	-0.7754813	-0.5795286	-6.808308	-0.9540444	-2.641743
65.8	-6.228793	-6.074806	-1.420949	-7	-0.7557855	-0.5240119	-6.236437	-1.076182	-1.972911
65.82	-6.241875	-6.143096	-1.46986	-7	-0.7939546	-0.6125978	-5.098686	-4.038013	-2.264048
65.84	-6.20274	-6.143096	-1.248539	-7	-0.8508257	-0.7257912	-2.888826	0.05358881	-2.230587
65.86	-6.163965	-6.143096	-1.048438	-7	-0.9054127	-0.8522764	-1.160225	-0.8471739	-2.491578
65.88	-6.321415	-6.143096	-1.91261	-7	-0.7567972	-0.6034145	-6.194622	-0.1296169	-2.750305
65.9	-6.173243	-6.074806	-1.134086	-7	-0.7845686	-0.615828	-3.795596	0.114658	-1.814219
65.92	-6.098369	-6.074806	-0.7739503	-7	-0.8469923	-0.7723885	-3.215252	-1.015113	-2.678664
65.94	-6.056705	-6.074806	-0.6088805	-7	-0.944397	-0.9084544	-2.698623	0.09939077	-3.178886
65.96	-6.191707	-6.143096	-1.356084	-7	-0.9702082	-0.8842041	-4.537869	-0.480762	-3.505213
65.98	-6.300651	-6.211386	-1.895433	-7	-0.9966643	-0.8539162	-3.389971	-0.6028995	-2.785678
66	-6.29471	-6.143096	-1.86393	-7	-0.9221507	-0.763233	-2.991119	-4.083815	-2.174687
66.02	-6.190104	-6.143096	-1.291474	-7	-0.9521967	-0.8874388	-0.0189783	-2.847174	-2.143011
66.04	-6.128226	-6.143096	-0.9719304	-7	-0.9903408	-1.024718	1.245664	-0.7403039	-2.747586
66.06	-6.192743	-6.143096	-1.343276	-7	-0.9348456	-0.9343755	-1.477235	-0.1754185	-3.142163
66.08	-6.171907	-6.143096	-1.233145	-7	-0.9559734	-0.9258422	-1.043349	0.1604595	-2.791458
66.1	-6.119278	-6.143096	-0.9603537	-7	-1.025289	-1.045261	0.5211041	-0.5418305	-2.953623
66.12	-6.082899	-6.074806	-0.8431067	-7	-1.02115	-1.041719	-0.8744897	0.114658	-3.317726
66.14	-6.169922	-6.143096	-1.329596	-7	-1.035597	-1.00859	-2.493875	-0.03801384	-3.551903
66.16	-6.18155	-6.143096	-1.398806	-7	-1.069305	-1.010137	-1.701153	-0.3586246	-3.107302
66.18	-6.222248	-6.143096	-1.626987	-7	-1.043412	-0.9677067	-2.304151	-0.6487008	-3.069625
66.2	-6.209856	-6.143096	-1.558237	-7	-1.042621	-0.9697732	-1.534684	-2.81664	-2.835157
66.22	-6.151888	-6.143096	-1.248144	-7	-1.088861	-1.078121	0.3868026	-2.144884	-2.913445
66.24	-6.178411	-6.143096	-1.407826	-7	-1.068876	-1.068201	-0.6537146	-1.564731	-3.279195
66.26	-6.125295	-6.143096	-1.130922	-7	-1.126858	-1.152663	1.039304	-0.02274666	-3.147157
66.28	-6.140197	-6.143096	-1.236133	-7	-1.135773	-1.177371	0.4905592	-0.2670215	-3.498884
66.3	-6.213859	-6.143096	-1.650607	-7	-1.076835	-1.04837	-1.879772	-0.1906856	-3.446788
66.32	-6.00281	-6.006517	-0.6134345	-7	-1.12749	-1.124669	0.05797654	-0.4044262	-3.029135
66.34	-6.137165	-6.074806	-1.402489	-7	-1.081652	-1.039742	-4.942207	-0.3280903	-4.259122
66.36	-6.10526	-6.074806	-1.261381	-7	-1.169967	-1.07042	-3.47506	-0.02274666	-3.539323
66.38	-6.179164	-6.143096	-1.655123	-7	-1.232634	-1.153351	-2.768163	-3.121983	-3.78564
66.4	-6.170532	-6.143096	-1.608607	-7	-1.289494	-1.239582	-0.249404	-0.7708384	-3.411418
66.42	-6.152961	-6.143096	-1.526894	-7	-1.314969	-1.329065	1.600481	-2.099082	-3.469586
66.44	-6.169621	-6.143096	-1.633904	-7	-1.286016	-1.321561	1.626441	-2.068548	-3.561618
66.46	-6.04757	-6.143096	-0.9884484	-7	-1.387935	-1.527431	5.855822	-1.350991	-3.444528
66.48	-6.192691	-6.074806	-1.857062	-7	-1.168809	-1.20392	-1.689005	-0.1601513	-4.1782
66.5	-6.16256	-6.143096	-1.660063	-7	-1.215275	-1.197196	0.2757576	0.5421386	-3.275167
66.52	-6.071941	-6.143096	-1.159506	-7	-1.319469	-1.41201	3.665712	-0.4349605	-3.498796
66.54	-6.100766	-6.074806	-1.382789	-7	-1.243542	-1.314497	0.2525635	-0.03801384	-4.089845
66.56	-6.14254	-6.143096	-1.596464	-7	-1.274213	-1.301805	0.1016475	0.2825965	-3.92627
66.58	-6.109087	-6.143096	-1.409101	-7	-1.343138	-1.399892	2.116132	-0.2517543	-3.748798
66.6	-6.204904	-6.143096	-1.932711	-7	-1.268999	-1.282706	-0.564979	-0.0685482	-3.995193
66.62	-6.206509	-6.143096	-1.921336	-7	-1.245808	-1.215237	-0.374836	0.2367954	-3.445315
66.64	-6.102319	-6.074806	-1.391212	-7	-1.248258	-1.252549	0.3128861	-0.1601513	-3.448189
66.66	-6.178609	-6.143096	-1.789997	-7	-1.238929	-1.23796	-1.567818	-0.0685482	-4.068819
66.68	-6.168728	-6.143096	-1.715858	-7	-1.276692	-1.25451	-0.6724173	0.06885641	-3.695979
66.7	-6.163198	-6.143096	-1.677374	-7	-1.302157	-1.30104	-0.2097442	-0.0685482	-3.811862
66.72	-6.102211	-6.074806	-1.398027	-7	-1.301695	-1.30443	-0.6344705	-0.05328102	-3.893321
66.74	-6.126494	-6.074806	-1.576372	-7	-1.285385	-1.253568	-2.908451	0.1604595	-4.271087
66.76	-6.183583	-6.143096	-1.866963	-7	-1.336037	-1.270087	-2.80683	-0.03801384	-4.175468
66.78	-6.205457	-6.143096	-1.972628	-7	-1.360115	-1.284047	-2.082609	-0.08381538	-3.920549
66.8	-6.210063	-6.143096	-1.989093	-7	-1.364241	-1.301042	-1.412361	-0.1143497	-3.826408
66.82	-6.105615	-6.074806	-1.472358	-7	-1.384904	-1.366907	-0.2002097	-0.02274666	-3.814785
66.84	-6.203073	-6.143096	-2.000258	-7	-1.360862	-1.33074	-2.378002	-0.03801384	-4.427204
66.86	-6.164547	-6.074806	-1.828415	-7	-1.338611	-1.252424	-2.848088	0.0841236	-3.907308
66.88	-6.134614	-6.074806	-1.698706	-7	-1.359155	-1.284762	-3.024812	-0.1601513	-4.135224
66.9	-6.13472	-6.074806	-1.733391	-7	-1.384145	-1.303356	-3.615863	-0.2822887	-4.350778
66.92	-6.248218	-6.143096	-2.325214	-7	-1.381787	-1.250815	-4.918227	0.02305488	-4.400142
66.94	-6.312892	-6.211386	-2.591938	-7	-1.416329	-1.273072	-2.824243	-0.8624413	-3.792499
66.96	-6.231133	-6.143096	-2.133626	-7	-1.412266	-1.329252	-0.4593366	-3.73267	-3.454006
66.98	-6.023728	-6.074806	-1.067633	-7	-1.502323	-1.574194	3.045727	-0.1906856	-3.909217
67	-6.188831	-6.143096	-1.987654	-7	-1.430404	-1.468606	-2.084599	-0.5112964	-5.143697
67.02	-6.257545	-6.143096	-2.346314	-7	-1.385967	-1.283221	-3.69145	0.3283985	-4.238812
67.04	-6.128261	-6.143096	-1.628723	-7	-1.511612	-1.49142	0.9530409	-1.778472	-3.862411
67.06	-6.125131	-6.143096	-1.63464	-7	-1.548774	-1.609479	1.086519	-2.801373	-4.674421
67.08	-6.210056	-6.074806	-2.163411	-7	-1.410378	-1.348022	-4.156417	0.7864138	-4.741436
67.1	-6.089114	-6.143096	-1.491233	-7	-1.589525	-1.588507	1.125496	-0.1601513	-4.224972
67.12	-6.342255	-6.211386	-2.828315	-7	-1.473963	-1.410067	-3.91404	-0.3586246	-5.022758
67.14	-6.325822	-6.211386	-2.664739	-7	-1.473357	-1.349751	-1.198889	0.4658026	-3.572417
67.16	-6.126269	-6.143096	-1.585485	-7	-1.54944	-1.587453	3.446826	-1.641067	-3.663618
67.18	-6.120545	-6.143096	-1.590538	-7	-1.540981	-1.654608	1.871744	0.2215282	-4.8373
67.2	-6.110456	-6.143096	-1.565749	-7	-1.575708	-1.666174	1.314622	-0.1448841	-4.918519
67.22	-6.181897	-6.143096	-1.980342	-7	-1.545526	-1.564929	-1.334956	-0.5418305	-5.043478
67.24	-6.229074	-6.143096	-2.242769	-7	-1.517431	-1.453045	-2.810932	0.2062606	-4.670798
67.26	-6.079298	-6.074806	-1.48626	-7	-1.597389	-1.577871	-0.3073231	-0.007479484	-4.423908
67.28	-6.190822	-6.143096	-2.110162	-7	-1.592312	-1.569902	-2.921026	-0.08381538	-5.329345
67.3	-6.104668	-6.074806	-1.702755	-7	-1.64922	-1.603447	-1.48775	0.007787696	-4.743171
67.32	-6.123757	-6.074806	-1.873953	-7	-1.659156	-1.617655	-2.851659	-1.809006	-5.267028
67.34	-6.123575	-6.074806	-1.929923	-7	-1.697815	-1.632425	-2.866884	-0.4196933	-5.184392
67.36	-6.292977	-6.211386	-2.794168	-7	-1.720121	-1.625278	-3.011278	-2.587632	-5.213426
67.38	-6.283224	-6.211386	-2.685281	-7	-1.7528	-1.681021	0.7949969	-1.73267	-4.274259
67.4	-6.205018	-6.143096	-2.275894	-7	-1.710213	-1.722196	2.298866	-2.373891	-4.310734
67.42	-6.187046	-6.143096	-2.191006	-7	-1.658033	-1.706595	1.557429	1.07649	-4.709853
67.44	-6.161221	-6.143096	-2.054966	-7	-1.64891	-1.702297	1.274241	-0.389159	-4.807827
67.46	-6.147689	-6.074806	-2.034773	-7	-1.578246	-1.579139	-1.72374	0.1604595	-4.991748
67.48	-6.153391	-6.143096	-2.049045	-7	-1.644819	-1.635674	-1.396589	0.2825965	-5.087796
67.5	-6.084945	-6.074806	-1.730028	-7	-1.695896	-1.695193	-1.138086	-0.3280903	-5.15541
67.52	-6.158028	-6.074806	-2.180589	-7	-1.665095	-1.602184	-4.545151	0.1604595	-5.610638
67.54	-6.179933	-6.143096	-2.282202	-7	-1.761379	-1.67641	-2.793238	0.1451923	-5.232214
67.56	-6.230259	-6.143096	-2.553607	-7	-1.767916	-1.678351	-2.708034	-0.4502277	-5.184406
67.58	-6.200635	-6.143096	-2.390702	-7	-1.80402	-1.746297	-0.640977	-0.9235098	-4.909314
67.6	-6.225375	-6.143096	-2.530807	-7	-1.772457	-1.732221	-1.025189	-1.228854	-5.089686
67.62	-6.148774	-6.143096	-2.11799	-7	-1.83079	-1.849292	1.613493	-0.7250367	-4.94051
67.64	-6.165993	-6.074806	-2.278811	-7	-1.736604	-1.729876	-1.71485	-0.007479484	-5.410464
67.66	-6.122296	-6.074806	-2.081803	-7	-1.757226	-1.72323	-1.924246	0.2215282	-5.292955
67.68	-6.184632	-6.143096	-2.408289	-7	-1.798468	-1.759635	-2.292121	-0.5112964	-5.588472
67.7	-6.207685	-6.143096	-2.52416	-7	-1.821363	-1.762748	-1.748434	-0.05328102	-5.301305
67.72	-6.315796	-6.211386	-3.048419	-7	-1.798828	-1.71902	-2.005687	-0.09908256	-5.201664
67.74	-6.256105	-6.143096	-2.7113	-7	-1.760992	-1.681259	-0.8386753	-0.03801384	-4.5983
67.76	-5.894741	-5.869938	-0.9597374	-7	-1.760198	-1.775847	-0.2672023	0.09939077	-4.920686
67.78	-6.085553	-6.074806	-2.042299	-7	-1.797565	-1.795502	-5.860436	-0.03801384	-6.985162
67.8	-6.106882	-6.074806	-2.186191	-7	-1.922833	-1.813127	-4.712993	0.007787696	-6.040047
67.82	-6.289758	-6.143096	-3.161544	-7	-1.911042	-1.730587	-6.421066	-1.641067	-6.013763
67.84	-6.278977	-6.143096	-3.071135	-7	-1.942675	-1.756988	-3.10914	-4.908243	-4.978621
67.86	-6.270464	-6.074806	-3.05423	-7	-1.834535	-1.665158	-4.121027	-2.099082	-5.018111
67.88	-6.141689	-6.211386	-2.273829	-7	-2.050026	-2.077386	4.031651	-2.526563	-4.992041
67.9	-6.302423	-6.143096	-3.166182	-7	-1.847177	-1.833278	-1.930686	-0.9693116	-5.830098
67.92	-6.179739	-6.143096	-2.473451	-7	-1.894174	-1.881008	1.520866	0.4352683	-4.839926
67.94	-6.0903	-6.143096	-1.992953	-7	-1.96903	-2.085093	3.576832	-1.137251	-5.574661
67.96	-5.839817	-5.733358	-0.9701507	-7	-1.78042	-1.804069	-4.207889	0.2825965	-6.160492
67.98	-5.629064	-5.733358	-0.1112348	-7	-1.983996	-2.00472	-6.409402	0.2825965	-7.52908
68	-5.779108	-5.801648	-1.162176	-7	-2.160796	-2.049589	-12.21696	-0.8166398	-8.932467
68.02	-6.007047	-5.801648	-2.600086	-7	-2.212179	-1.816173	-17.41055	-2.297556	-8.254399
68.04	-5.511316	-5.39191	-0.3984325	-7	-2.409555	-2.018138	-12.88185	-6.755571	-6.966721
68.06	-7.041555	-6.757704	-8.104368	-7	-2.529396	-2.016938	-18.02414	-8.587631	-9.726768
68.08	-6.921255	-6.757704	-6.848043	-7	-2.852141	-2.496324	15.58552	-2.954044	-1.136694
68.1	-5.670859	-5.460199	-0.6494371	-7	-2.275057	-2.55586	21.11821	-7.320457	-1.56917
68.12	-6.138335	-6.484545	-2.914462	-7	-2.34252	-3.046185	17.81765	8.969619	-8.005342
68.14	-6.371123	-6.484545	-3.902415	-7	-2.214875	-2.706586	18.00611	15.21389	-5.571603
68.16	-8.028096	-7.50889	-11.75791	-7	-1.525436	-1.495799	4.575209	2.358932	-4.243989
68.18	-6.981977	-7.099152	-5.222158	-7	-1.69436	-2.097567	45.2784	1.366566	5.317797
68.2	-6.556702	-6.825994	-2.547902	-7	-1.170707	-2.38973	43.34725	0.633742	-0.5713062
68.22	-7.455549	-7.850338	-6.256306	-7	-0.9477819	-2.157925	37.11418	17.32076	-2.981191
68.24	-5.666378	-5.938228	3.059396	-7	-0.4389597	-1.542192	35.36948	12.3284	1.645996
68.26	-5.310423	-5.801648	4.476644	-7	-0.2111203	-1.272665	0.1942711	14.61847	-8.548581
68.28	-6.554225	-7.167441	-1.624599	-7	-1.006817	-1.406921	-13.47888	10.81695	-11.31141
68.3	-7.340599	-6.825994	-5.569973	-7	-0.7927179	-0.1173261	-29.14525	-12.31282	-5.528517
68.32	-8.006569	-7.850338	-8.024585	-7	-1.39237	-0.761693	-5.196987	-23.82427	-1.255436
68.34	-6.117806	-6.074806	1.729498	-7	-1.376508	-1.410113	16.2445	-11.16778	2.107822
68.36	-8.419811	-8.396656	-9.51357	-7	-1.279872	-1.509621	-2.186854	7.29023	-8.351096
68.38	-8.025393	-8.123497	-6.328584	-7	-1.595879	-1.79765	37.22843	15.19862	4.284443
68.4	-8.523772	-7.850338	-8.405602	-7	-0.2410977	-0.5353634	18.29298	-6.404426	2.071774
68.42	-7.644866	-7.50889	-3.113968	-7	0.2195132	-0.1940461	25.5826	20.57267	5.488218
68.44	-7.527534	-7.167441	-2.277626	-7	1.112158	0.8378192	-4.142956	13.4887	0.4625645
68.46	-9.160674	-9.147842	-9.275751	-7	0.7876894	0.8769556	-6.56824	27.27496	-0.434515
68.48	-8.968138	-8.738104	-6.891854	-7	0.7580213	0.9175848	14.51441	3.809314	7.74547
68.5	-8.758354	-8.464945	-4.863675	-7	1.279668	1.10809	12.41211	9.626108	6.263931
68.52	-7.726863	-8.123497	1.237249	-7	1.077812	0.4064435	22.03164	15.88565	4.832851
68.54	-9.051057	-9.079553	-4.873372	-7	1.342075	0.9263523	-4.299702	18.81694	-1.732505
68.56	-8.66057	-8.738104	-1.956984	-7	1.107816	1.042064	7.038924	12.45053	4.999079
68.58	-9.461401	-9.762449	-4.925775	-7	0.7424873	0.3421581	14.92246	-12.09908	2.178152
68.6	-9.916266	-9.421001	-6.443598	-7	1.472613	1.502654	5.581056	10.23679	5.961109
68.62	-9.737706	-9.421001	-4.509045	-7	1.849265	1.883296	9.148067	0.1757267	8.565905
68.64	-9.352092	-9.421001	-1.580797	-7	1.901543	1.579965	14.22538	1.305498	7.33597
68.66	-10.1558	-10.37706	-4.524444	-7	1.783613	1.31044	14.6117	7.488703	4.634682
68.68	-9.383579	-9.147842	-0.0283066	-7	2.360416	2.167866	7.516541	14.05359	8.440668
68.7	-8.908343	-9.147842	2.812189	-7	2.282696	1.928212	-1.288712	9.107024	3.941702
68.72	-8.910807	-9.079553	2.912837	-7	2.114162	2.0501	-18.51749	5.091757	0.5249615
68.74	-9.178484	-9.079553	1.545182	-7	1.891301	2.395623	-34.42679	8.374199	-0.2333908
68.76	-10.28877	-10.37706	-3.421378	-7	0.9883716	1.654105	-22.30424	-6.847174	0.6476879
68.78	-9.77024	-9.421001	-0.516124	-7	0.9547327	1.615931	-8.757372	-15.83954	6.170738
68.8	-8.242767	-8.396656	6.947913	-7	0.7780473	0.7884331	-1.207349	-15.19832	3.442717
68.82	-9.388071	-9.762449	0.9296089	-7	0.3071963	0.1674123	-13.01681	-10.67923	-5.142524
68.84	-9.383804	-8.806395	0.4520273	-7	0.7617062	1.504711	-27.07087	8.053589	0.8964043
68.86	-10.31592	-10.1039	-3.944798	-7	0.3662068	1.106041	-16.54063	-10.7403	1.358749
68.88	-8.909442	-9.079553	3.408128	-7	-0.07478464	0.02372426	17.58425	-16.28229	6.588177
68.9	-9.066317	-9.079553	2.12449	-7	0.3142776	0.01170965	1.790858	-0.3738918	-1.055358
68.92	-8.579329	-9.079553	4.454556	-7	-0.1436832	-0.5591736	13.41042	0.9238181	0.2001734
68.94	-8.705997	-9.079553	3.38266	-7	-0.2450208	-0.7389891	8.396627	6.297863	-2.575815
68.96	-7.477549	-8.191787	8.989956	-7	-0.7066943	-1.421985	18.55695	-5.503663	-1.715988
68.98	-8.418922	-8.123497	2.824019	-7	0.09304512	0.1297547	-30.69406	-6.404426	-8.533227
69	-7.460603	-8.123497	7.298667	-7	-1.135131	-1.030731	-2.326868	-12.16015	-2.696031
69.02	-8.255667	-8.123497	2.11585	-7	-0.9671016	-0.6759548	-25.70991	-17.51893	-8.329247
69.04	-8.720474	-9.421001	-0.07726693	-7	-2.337384	-2.345401	16.70332	-23.64107	-3.348434
69.06	-8.974508	-8.123497	-2.301623	-7	-1.014032	-0.6553556	-3.173628	-11.85481	-0.7448263
69.08	-7.747823	-8.123497	3.826355	-7	-1.422444	-1.726644	28.59302	-21.35099	2.277981
69.1	-8.454415	-8.055207	-0.6297703	-7	-0.3783	-0.5489023	-4.95589	7.824582	-4.157107
69.12	-8.479692	-9.147842	-0.2480013	-7	-1.297607	-1.749185	30.9494	13.22916	0.6880255
69.14	-8.186194	-7.850338	0.6621253	-7	-0.2427039	-0.6000659	13.12808	7.030688	0.7102413
69.16	-9.273772	-10.1039	-3.951308	-7	-1.102665	-2.003563	43.24209	0.09939077	0.01535988
69.18	-8.709311	-8.738104	-0.8905153	-7	-0.2854877	-1.250922	49.28751	7.473436	5.828737
69.2	-9.129339	-9.762449	-2.304135	-7	-0.133691	-1.637929	59.3933	6.313131	3.507841
69.22	-9.185829	-9.421001	-2.054142	-7	0.7146498	-0.700633	54.43029	13.65664	5.972205
69.24	-9.590606	-9.421001	-3.579325	-7	1.911463	0.9344108	32.25332	19.73298	6.694499
69.26	-10.31743	-10.37706	-5.955539	-7	2.315273	1.577585	32.57401	15.59557	9.266914
69.28	-8.759001	-9.079553	2.915236	-7	2.651797	1.609724	43.51706	21.03069	13.04233
69.3	-8.387681	-9.147842	5.222577	-7	2.71806	1.273189	26.26009	19.88565	3.9771
69.32	-9.538786	-10.1039	-0.02904749	-7	2.529371	1.657345	6.666759	28.22153	1.024624
69.34	-9.958829	-10.03561	-1.422729	-7	2.516242	2.328985	3.979965	7.259695	6.522151
69.36	-8.679955	-9.079553	5.514128	-7	2.247679	1.794553	15.72464	-8.404426	8.399821
69.38	-8.298006	-9.079553	7.386727	-7	1.789612	0.9262059	8.279681	-4.068548	0.7508698
69.4	-10.05101	-10.37706	-1.357041	-7	1.498632	1.2281	-8.893848	6.48107	-2.115099
69.42	-9.308709	-9.421001	2.678232	-7	1.251121	1.300208	9.404036	-12.28229	7.227499
69.44	-8.226716	-8.464945	7.677444	-7	1.348175	0.9893312	3.622075	-20.37389	3.112638
69.46	-7.628072	-8.396656	10.02016	-7	0.7377648	0.1583266	-2.439682	5.030688	-2.866835
69.48	-8.577718	-8.738104	4.254102	-7	0.5905703	0.6955767	-29.66684	-4.70977	-6.646035
69.5	-8.960458	-8.806395	1.798512	-7	0.2251949	1.021774	-28.49208	-16.89297	-1.370314
69.52	-9.436703	-9.079553	-0.90892	-7	0.06280941	0.9614334	-21.12535	-30.93877	0.9850454
69.54	-9.464988	-9.079553	-1.152881	-7	0.08062831	0.8005826	-6.45965	-16.43496	4.150561
69.56	-8.38213	-8.123497	3.889393	-7	0.375604	0.6725484	1.398171	-2.92351	4.987516
69.58	-8.236263	-8.123497	3.931592	-7	0.6413755	0.7662261	-12.46667	11.56504	-0.35816
69.6	-8.23667	-8.123497	3.340307	-7	0.6126118	1.01882	-21.05318	13.27496	-0.8015776
69.62	-8.024184	-8.123497	3.976314	-7	0.17102	0.5627565	-15.41857	-1.809006	-0.6124573
69.64	-8.401119	-8.123497	1.423121	-7	0.2339533	0.8408385	-25.10597	-1.961678	-1.752582
69.66	-8.196253	-8.191787	2.186121	-7	-0.2060962	0.3190192	-10.34875	-1.595266	0.7408247
69.68	-8.257239	-8.123497	1.415266	-7	-0.213017	0.1397572	-8.22414	-5.289922	-0.1727877
69.7	-8.05582	-8.123497	2.126847	-7	-0.402789	-0.273759	2.627639	-6.770838	0.6505165
69.72	-8.139649	-8.123497	1.304021	-7	-0.2957638	-0.2981986	3.242058	1.015421	-0.08614731
69.74	-8.994886	-9.079553	-2.871799	-7	-0.4136525	-0.5076517	13.77593	-0.3280903	0.8870335
69.76	-9.284338	-9.079553	-3.975912	-7	0.009488314	-0.1419676	26.90631	-0.4044262	6.047347
69.78	-9.063602	-9.079553	-2.296535	-7	0.4710708	-0.1505424	42.42332	0.9696196	8.418389
69.8	-8.544443	-9.147842	1.000625	-7	0.6107337	-0.774973	60.25117	2.404734	7.771874
69.82	-8.503897	-9.147842	1.601045	-7	1.068115	-0.6423122	56.11469	20.14519	5.020082
69.84	-8.235003	-8.874683	3.25024	-7	1.489897	-0.1291111	47.6566	23.83985	4.875762
69.86	-8.808094	-9.079553	0.5504252	-7	2.113481	1.006475	23.05026	16.16046	3.293222
69.88	-8.572792	-9.079553	2.324677	-7	2.006937	1.14005	26.54415	7.229161	6.382188
69.9	-8.05616	-8.191787	4.834424	-7	2.490538	1.877777	5.729669	-0.0685482	4.614937
69.92	-8.91223	-9.48929	0.977828	-7	1.906115	1.422472	3.454573	2.297864	1.543539
69.94	-8.297952	-8.464945	4.16048	-7	1.873689	1.672951	4.037194	-0.22122	5.53308
69.96	-8.437586	-8.464945	3.227112	-7	1.993201	1.962277	-12.80457	-1.595266	1.926824
69.98	-8.53087	-8.806395	2.85806	-7	1.463303	1.551906	-7.678194	-6.984579	2.534167
70	-9.210798	-8.806395	-0.7559878	-7	1.770847	2.313246	-22.79766	0.832215	2.660232
70.02	-9.071217	-9.079553	0.366556	-7	1.306399	1.740163	-1.994901	-6.679235	6.657788
70.04	-9.370763	-9.079553	-1.031477	-7	1.58639	1.874269	-3.329226	-5.396792	5.792771
70.06	-7.415932	-8.123497	9.012507	-7	0.8958565	0.3321545	29.40059	2.358932	7.782064
70.08	-6.795213	-7.167441	10.8736	-7	1.309138	0.5566241	-6.739295	2.542139	-3.354583
70.1	-8.156057	-8.533236	3.327312	-7	0.7812279	0.8194534	-28.09251	10.58794	-6.744882
70.12	-9.751855	-8.533236	-5.31882	-7	1.552957	3.18939	-57.70266	-3.6258	0.4694681
70.14	-9.329281	-8.738104	-2.612087	-7	1.049249	2.584716	-19.68081	-25.16778	10.14217
70.16	-8.030066	-7.850338	3.91502	-7	0.9811108	1.44991	0.8170414	-22.31282	8.049981
70.18	-7.094907	-7.850338	8.345304	-7	0.2923919	-0.2897335	15.96314	2.893284	1.162936
70.2	-7.191007	-7.782049	7.025456	-7	0.06813815	-0.588949	3.833715	14.00779	-4.273105
70.22	-6.664401	-6.484545	8.219341	-7	0.5792305	0.7538439	-27.05952	8.710077	-3.697803
70.24	-8.0741	-8.191787	0.5491734	-7	-0.1063485	0.505248	-32.69685	-11.44259	-6.117269
70.26	-7.399805	-7.167441	3.403272	-7	-0.3831613	0.4539858	-16.16445	-20.87771	1.638428
70.28	-7.737515	-7.167441	0.8096569	-7	0.009192765	0.8573637	-29.71513	-21.38152	-1.584614
70.3	-5.188051	-5.801648	12.93884	-7	-0.9807206	-0.9224058	5.093719	-3.809006	1.063748
70.32	-6.046607	-5.801648	6.500892	-7	-0.4154742	-0.08650523	-50.45599	-2.877708	-13.14386
70.34	-8.231268	-8.464945	-4.599281	-7	-1.844139	-0.8709632	-27.03616	4.023055	-7.791986
70.36	-6.265457	-5.733358	4.5251	-7	-1.593471	-0.7391734	0.4300613	-19.47313	4.280507
70.38	-7.49333	-7.4406	-2.250874	-7	-1.580604	-1.445969	-2.084213	-19.58	-5.377985
70.4	-5.564302	-5.801648	6.917968	-7	-1.71032	-1.93806	26.15402	-2.099082	2.162165
70.42	-7.347113	-7.167441	-2.931094	-7	-1.049582	-1.275465	-5.231929	-4.862441	-7.863912
70.44	-7.989292	-8.123497	-5.547175	-7	-1.460435	-1.499771	29.99882	9.671909	2.837105
70.46	-8.775531	-8.123497	-9.043993	-7	-0.2958523	-0.4439104	33.65667	-12.46549	6.856312
70.48	-6.921265	-7.850338	1.615537	-7	-0.6981148	-2.311746	93.86186	14.64901	12.48016
70.5	-7.542773	-7.782049	-1.496282	-7	0.8469557	-1.184243	58.5324	16.06886	2.254991
70.52	-6.418512	-7.50889	4.895494	-7	0.8175243	-1.283748	71.6438	35.4429	6.33158
70.54	-8.84746	-8.533236	-7.223262	-7	2.424047	1.377079	9.782546	15.12229	-0.3822174
70.56	-7.338166	-8.123497	1.973668	-7	1.712345	0.7299067	54.53141	19.73298	13.34527
70.58	-9.027459	-8.123497	-6.482906	-7	3.71717	3.425922	-13.0189	-5.6258	4.08194
70.6	-7.92379	-9.147842	1.275954	-7	1.986133	1.12534	52.6259	20.89328	13.80193
70.62	-9.768879	-9.147842	-7.537247	-7	3.57779	3.087311	2.652851	2.358932	6.058376
70.64	-8.294178	-9.079553	1.776128	-7	2.712282	1.867906	51.80382	26.17573	16.5225
70.66	-9.586858	-9.147842	-4.284878	-7	4.149756	3.525261	3.07253	10.06886	7.250565
70.68	-8.696791	-9.079553	1.619301	-7	3.772217	3.311406	23.04948	36.06886	14.40122
70.7	-10.19176	-9.147842	-5.573676	-7	5.332832	5.774585	-35.71357	1.961986	8.447847
70.72	-7.863376	-8.123497	7.355503	-7	4.482577	4.845555	-4.727418	27.24443	16.67965
70.74	-8.188	-7.167441	4.819848	-7	5.732009	6.781379	-83.46309	-0.4960288	2.37933
70.76	-6.402106	-7.50889	14.229	-7	3.063041	3.879549	-45.3984	3.702444	3.713512
70.78	-8.256035	-7.850338	3.644882	-7	2.712652	4.223595	-96.69759	9.977253	-8.565333
70.8	-8.351299	-8.123497	2.985038	-7	1.118857	3.299663	-68.4957	-15.33572	1.140464
70.82	-6.357626	-5.801648	11.5771	-7	0.7356705	2.563817	-63.30935	-20.72504	1.130783
70.84	-8.277687	-7.782049	0.5950992	-7	0.06977153	1.969073	-82.79581	-36.49603	-9.574861
70.86	-8.519644	-7.167441	-1.563682	-7	0.02180135	2.78701	-74.93488	-26.29756	1.290277
70.88	-6.58547	-6.143096	7.352499	-7	-0.7321572	1.058546	-36.55524	-30.12962	3.692672
70.9	-6.927952	-6.825994	4.360513	-7	-1.226206	-0.2834252	-35.58296	-34.38916	-6.434363
70.92	-5.965258	-5.801648	7.765489	-7	-1.524723	-0.6281998	-26.98942	2.786413	-3.951218
70.94	-6.507425	-6.143096	3.440114	-7	-1.528524	-0.553719	-40.76112	-2.282289	-8.483947
70.96	-6.898343	-6.416255	0.4313381	-7	-1.73989	-0.4692833	-33.19571	-18.80137	-4.571317
70.98	-6.040973	-5.39191	3.539463	-7	-1.504822	-0.3261909	-26.85778	-14.52656	-1.466063
71	-6.526597	-6.143096	0.1495593	-7	-1.566598	-0.6502375	-26.4804	-25.65633	-5.076075
71.02	-7.291659	-6.757704	-4.107007	-7	-1.548399	-0.5683032	-14.99586	-5.091449	-1.589183
71.04	-6.875538	-6.484545	-2.092637	-7	-1.413451	-0.8738867	10.78956	-2.389159	3.580322
71.06	-5.259519	-5.18704	5.412967	-7	-0.949615	-1.174965	18.44091	-3.473128	2.223452
71.08	-5.390972	-5.460199	3.791344	-7	-0.5644022	-0.8966638	-6.042563	9.732978	-5.983598
71.1	-5.48879	-5.460199	2.594244	-7	-0.5818186	-0.3728607	-17.41026	20.93909	-4.934947
71.12	-6.002054	-5.460199	-0.7019575	-7	-0.2880743	0.5523798	-35.50215	-0.2059528	-4.267472
71.14	-5.663455	-5.39191	0.7339528	-7	-0.6435469	0.2676029	-24.26164	-7.488395	-1.057736
71.16	-5.582307	-5.39191	0.7312902	-7	-0.873714	-0.2238802	-20.00664	-12.57236	-2.864074
71.18	-5.369565	-5.460199	1.4926	-7	-1.340004	-1.005493	-7.081244	-0.5723649	-3.166956
71.2	-5.507275	-5.39191	0.2686509	-7	-1.328358	-1.065731	-8.583531	-1.106716	-4.282313
71.22	-6.786847	-6.416255	-6.231675	-7	-1.211651	-0.7090747	-8.820452	0.5421386	-3.159196
71.24	-6.615673	-6.416255	-4.808994	-7	-1.260447	-1.029639	22.21753	-1.457861	4.424278
71.26	-6.596305	-6.484545	-4.268034	-7	-0.7826399	-1.216774	34.62798	-1.915877	3.960418
71.28	-5.900326	-6.074806	-0.3805226	-7	-0.302984	-1.222031	42.84081	11.06122	4.407288
71.3	-6.128695	-6.143096	-1.427519	-7	0.4992395	-0.3708177	22.62329	19.59557	0.8099613
71.32	-5.327623	-5.733358	2.902892	-7	0.5351889	-0.2859509	23.2541	21.4887	2.202818
71.34	-5.863068	-5.733358	-0.03634155	-7	1.15044	0.8496214	-12.25969	10.4658	-2.68017
71.36	-5.267241	-5.733358	3.287527	-7	0.4198848	0.2748812	-1.254636	8.343665	0.04925728
71.38	-6.22002	-5.801648	-1.87586	-7	0.8471684	1.285185	-34.07948	-5.396792	-4.132202
71.4	-5.415245	-5.801648	2.598722	-7	-0.236859	0.08418316	-4.552365	1.610841	1.019204
71.42	-5.579153	-5.733358	1.480937	-7	-0.4783394	-0.4655599	-9.665438	-15.03038	-4.205704
71.44	-5.779992	-6.211386	0.5206985	-7	-1.18413	-1.311222	5.288881	1.381833	-3.50192
71.46	-6.02787	-6.074806	-0.9121529	-7	-1.155176	-1.285162	7.237084	-14.83191	-2.668884
71.48	-5.999104	-6.074806	-0.8043481	-7	-1.117411	-1.33916	14.47605	-5.83954	-1.024169
71.5	-6.239567	-6.143096	-2.076806	-7	-0.7598177	-0.9796324	11.50022	-9.931143	-0.9167185
71.52	-6.249921	-6.143096	-2.01356	-7	-0.447333	-0.6251419	12.33708	0.4352683	0.7809362
71.54	-5.908359	-6.143096	-0.02599335	-7	-0.4826324	-0.9598612	21.7683	-0.2975559	1.083726
71.56	-6.073744	-6.143096	-0.8345723	-7	-0.1522896	-0.6407909	12.77117	4.450535	-0.8705091
71.58	-5.924057	-6.074806	0.07108402	-7	-0.07701059	-0.4713982	11.93464	4.923818	0.08921337
71.6	-5.945218	-6.074806	0.03778481	-7	0.004688457	-0.3372681	6.597716	3.839849	-0.8843918
71.62	-5.97719	-6.074806	-0.04683125	-7	0.01600214	-0.1936675	2.529588	3.3971	-0.9467077
71.64	-5.980349	-6.211386	0.1122234	-7	-0.2126286	-0.4509208	5.9193	-0.2517543	-0.9799328
71.66	-6.058379	-6.143096	-0.2497439	-7	-0.2036402	-0.387112	3.134638	-0.2517543	-1.263415
71.68	-6.11009	-6.143096	-0.4658727	-7	-0.1925934	-0.2850738	1.401928	0.3131309	-0.9506683
71.7	-6.053466	-6.143096	-0.1024688	-7	-0.2751341	-0.3846211	3.20731	-0.02274666	-0.7621384
71.72	-6.140421	-6.143096	-0.541277	-7	-0.2274859	-0.2936968	0.1313405	-0.09908256	-1.212719
71.74	-6.10136	-6.143096	-0.2877838	-7	-0.2817065	-0.3279069	1.356073	0.114658	-0.7891054
71.76	-6.094639	-6.143096	-0.2311358	-7	-0.3181841	-0.3894407	1.406389	-0.0685482	-1.10857
71.78	-6.133395	-6.143096	-0.4290712	-7	-0.3116287	-0.3506423	0.04120183	-0.1448841	-1.234232
71.8	-6.098085	-6.074806	-0.2734677	-7	-0.2875392	-0.2773769	-1.366469	0.1757267	-1.075975
71.82	-5.999743	-6.074806	0.2234638	-7	-0.3984798	-0.4384794	0.3673823	-0.05328102	-1.316763
71.84	-6.160999	-6.143096	-0.6513391	-7	-0.3853432	-0.37115	-3.024094	-0.0685482	-1.984302
71.86	-6.240691	-6.211386	-1.011939	-7	-0.4347439	-0.359706	-1.363504	0.0841236	-1.127339
71.88	-6.20452	-6.143096	-0.8092071	-7	-0.4053033	-0.3458686	-0.2687362	-0.1906856	-0.7201118
71.9	-6.173841	-6.143096	-0.6372905	-7	-0.3871979	-0.3710088	0.1547118	0.09939077	-0.9065952
71.92	-6.113412	-6.143096	-0.308977	-7	-0.4258006	-0.4647507	1.464524	0.05358881	-1.094147
71.94	-6.192892	-6.143096	-0.7462948	-7	-0.3534018	-0.3458733	-1.766891	-0.09908256	-1.492341
71.96	-6.074728	-6.074806	-0.1468373	-7	-0.3898258	-0.3693888	-0.7450894	0.2215282	-1.061049
71.98	-6.083139	-6.074806	-0.2444094	-7	-0.3989365	-0.3795541	-2.844941	-0.08381538	-1.787889
72	-6.215495	-6.143096	-0.9481019	-7	-0.3908958	-0.2767168	-5.350271	-0.1601513	-1.807781
72.02	-6.185441	-6.143096	-0.762005	-7	-0.4635387	-0.3386233	-2.831535	0.007787696	-1.112593
72.04	-6.218915	-6.143096	-0.9384947	-7	-0.4496479	-0.3436097	-3.13578	0.007787696	-1.336085
72.06	-6.231293	-6.143096	-0.9946214	7	-0.4280658	-0.3092923	-1.359112	-0.03801384	-0.6656361
72.08	-6.23514	-6.143096	-1.000599	7	-0.3664439	-0.2811983	1.135754	0.05358881	-0.05090046
72.1	-6.064147	-6.074806	-0.1101048	7	-0.3562751	-0.4077706	6.763169	0.2520626	0.5751524
72.12	-6.132319	-6.211386	-0.4225682	7	-0.3271388	-0.5268097	10.32854	0.3742	0.2170162
72.14	-6.087248	-6.143096	-0.1699488	7	-0.191067	-0.4507874	13.67295	1.900918	1.2006
72.16	-6.022836	-6.074806	0.1554928	7	0.02445181	-0.2952249	14.54281	0.8627498	1.634968
72.18	-5.909523	-6.143096	0.8255391	7	0.05222452	-0.427439	20.26231	0.8474821	1.975785
72.2	-5.874425	-6.143096	1.05474	7	0.1566247	-0.4530915	22.91721	3.916184	1.914315
72.22	-5.936579	-6.143096	0.7724262	7	0.3813993	-0.2252906	22.11456	6.725345	2.321711
72.24	-5.88435	-6.143096	1.147181	7	0.5358204	-0.1041441	24.79758	3.900917	3.325601
72.26	-5.853407	-6.143096	1.414755	7	0.7120388	3.194693e-05	26.23714	5.488703	3.641589
72.28	-5.761656	-6.074806	1.972229	7	0.9023383	0.1457348	26.82157	5.946718	4.061827
72.3	-5.752188	-6.143096	2.150133	7	1.012328	0.1920626	28.1659	6.664275	4.124898
72.32	-5.770378	-6.074806	2.131548	7	1.253495	0.4798615	25.8221	7.412367	4.57853
72.34	-5.677159	-6.074806	2.745754	7	1.349488	0.5446682	27.99243	7.778779	5.254349
72.36	-5.678043	-6.074806	2.842429	7	1.491168	0.6558021	27.54748	5.442902	5.220268
72.38	-5.830034	-6.143096	2.191316	7	1.707423	0.9534343	25.17412	9.794046	5.728152
72.4	-5.652822	-6.143096	3.33978	7	1.691061	0.8234841	32.90675	3.458169	7.12355
72.42	-5.760936	-6.143096	2.899748	7	1.947697	1.037947	30.09079	7.610841	6.580041
72.44	-5.499198	-6.143096	4.481284	7	1.870943	0.7907076	39.31756	7.427634	7.75397
72.46	-5.852127	-6.143096	2.692197	7	2.358802	1.418663	27.61112	8.954352	6.694096
72.48	-5.553445	-6.143096	4.520934	7	2.297928	1.30698	37.79032	10.25206	9.33286
72.5	-5.809064	-6.143096	3.290863	7	2.716712	1.770907	28.72486	4.572673	8.061186
72.52	-5.796245	-6.143096	3.595786	7	2.946524	2.145671	28.75887	12.89328	10.09419
72.54	-6.017565	-6.484545	2.895217	7	3.009291	2.120445	33.33043	4.832214	10.52744
72.56	-6.071789	-6.484545	3.056937	7	3.234918	2.283435	37.91331	11.56504	12.16681
72.58	-5.869437	-6.484545	4.569604	7	3.345047	2.135503	46.5462	7.488703	12.99444
72.6	-5.932661	-6.484545	4.58301	7	3.702546	2.402127	43.46162	15.51924	12.29133
72.62	-5.892654	-6.484545	5.171358	7	3.963688	2.690666	42.72132	16.67954	13.1313
72.64	-6.136375	-6.484545	4.22785	7	4.479593	3.434277	31.88672	11.70244	13.30327
72.66	-5.884387	-6.416255	5.966784	7	4.600782	3.59755	34.86893	15.64137	15.14608
72.68	-4.90765	-5.460199	10.82472	7	4.886473	3.820713	26.67722	7.809313	13.99744
72.7	-5.092348	-5.733358	9.628996	7	4.858438	3.989625	7.045456	13.99252	8.821842
72.72	-5.173916	-5.733358	9.041786	7	4.523281	4.091132	1.695301	3.99252	9.844341
72.74	-5.862456	-6.143096	5.471713	7	4.326415	4.229743	-2.134319	-6.618166	10.3509
72.76	-5.137068	-5.39191	8.979986	7	4.187355	4.099596	9.224178	-7.427327	14.54631
72.78	-5.482352	-5.801648	6.973472	7	4.136986	3.850313	6.785562	-4.816639	11.10413
72.8	-4.997431	-5.118752	8.992393	7	4.338532	4.210353	5.861206	5.946718	13.62291
72.82	-3.663945	-4.162696	14.92683	7	4.219264	3.820037	5.627603	-0.3738918	11.74171
72.84	-4.524903	-4.845592	9.574801	7	4.157454	4.050993	-19.51908	3.931452	4.847444
72.86	-5.067332	-5.460199	6.603804	7	3.431426	3.674032	-2.897643	-1.931143	10.14335
72.88	-3.31331	-3.752957	14.65528	7	3.21027	2.98569	17.07059	-20.34336	13.68837
