0	0.3054775	0.2761335	1.437612	0	0.003633812	-0.02644402	-0.2604904	0.03503887	0
0.02	0.4423362	0.4127131	1.861737	0	0.0111499	0.01341525	-7.012873	-0.07183139	-1.739838
0.04	0.373224	0.3444233	1.262861	0	-0.1325149	0.01677167	-11.83413	-0.468778	-2.568708
0.06	0.26022	0.3444233	0.4492785	0	-0.2551901	0.07294838	-14.58456	-4.651984	-2.2856
0.08	0.1330752	0.2761335	-0.3640055	0	-0.3813973	0.03617033	-13.49249	-6.041297	-1.653114
0.1	0.2149989	0.3444233	-0.09126717	0	-0.4930078	-0.126149	-8.730423	-6.1329	-0.865697
0.12	0.2266573	0.2761335	-0.1539813	0	-0.6085998	-0.3957046	-3.986461	-4.896258	-1.205347
0.14	0.1337169	0.2761335	-0.7799555	0	-0.5322297	-0.337867	-3.95695	-2.056564	-1.149798
0.16	0.3240305	0.3444233	0.1101029	0	-0.5793705	-0.5006176	1.807181	0.2640465	-0.3971884
0.18	0.4451851	0.4127131	0.5636227	0	-0.5644706	-0.6275774	2.527662	-0.2245032	-1.336559
0.2	0.313023	0.3444233	-0.2732495	0	-0.4808789	-0.4939236	-1.078684	0.2640465	-1.903056
0.22	0.2960483	0.3444233	-0.4362152	0	-0.4523211	-0.39578	-0.5710967	-0.1329001	-1.027631
0.24	0.3864568	0.4127131	-0.05356658	0	-0.4300317	-0.406474	0.4971193	-0.05656421	-0.8286539
0.26	0.2330117	0.2078438	-0.8231718	0	-0.471054	-0.4990764	1.833046	0.2335122	-1.259166
0.28	0.2599513	0.2761335	-0.6689546	0	-0.4292015	-0.4669892	4.168747	-0.1329001	-0.3623164
0.3	0.2830414	0.2761335	-0.5330162	0	-0.3655747	-0.4661244	5.078798	0.05030605	-0.4234056
0.32	0.4185366	0.3444233	0.1622168	0	-0.3473153	-0.5205303	6.428115	0.2640465	-0.4878007
0.34	0.4313047	0.3444233	0.1884526	0	-0.3181103	-0.5145612	4.448963	-0.1634345	-1.249135
0.36	0.3946852	0.3444233	-0.03873917	0	-0.2901827	-0.4159541	1.920864	0.08084041	-1.344207
0.38	0.3428313	0.2761335	-0.2828147	0	-0.3394064	-0.4313741	2.284188	0.08084041	-1.162044
0.4	0.4201349	0.3444233	0.108336	0	-0.3809953	-0.4942526	3.751132	-0.1023657	-0.9214653
0.42	0.3513994	0.3444233	-0.2977406	0	-0.320789	-0.3982353	0.7412568	0.05030605	-1.389738
0.44	0.4283108	0.3444233	0.1034192	0	-0.4034387	-0.492694	3.11826	-0.01076267	-0.9844071
0.46	0.3317575	0.2761335	-0.4009671	0	-0.418037	-0.5217042	2.442634	-0.08709857	-1.473474
0.48	0.3074733	0.2761335	-0.5086426	0	-0.4185845	-0.4989554	3.436055	0.03503887	-0.9381267
0.5	0.3023804	0.2761335	-0.5136048	0	-0.3930096	-0.4913121	4.137546	0.09610759	-0.7846921
0.52	0.3234916	0.2761335	-0.3763138	0	-0.3755586	-0.5056025	4.987329	0.03503887	-0.7313435
0.54	0.3928691	0.3444233	-0.03314272	0	-0.3333188	-0.4799594	4.397138	-0.08709857	-0.8454633
0.56	0.4014392	0.3444233	-0.01314059	0	-0.3135565	-0.4483726	2.657983	0.01977169	-1.239093
0.58	0.3880609	0.3444233	-0.1037398	0	-0.3148565	-0.4032751	1.12347	0.0655728	-1.322255
0.6	0.3487653	0.2761335	-0.2797122	0	-0.3869612	-0.469123	2.017	0.00450451	-1.290727
0.62	0.3044974	0.2761335	-0.4956794	0	-0.3923818	-0.4594045	2.124524	-0.01076267	-1.135052
0.64	0.298449	0.2761335	-0.5048056	0	-0.3881532	-0.4568082	2.859808	0.01977169	-0.8919598
0.66	0.3625085	0.3444233	-0.1894288	0	-0.3553964	-0.4369373	2.729126	0.01977169	-0.8548443
0.68	0.3879545	0.3444233	-0.07973936	0	-0.3539898	-0.447476	1.952319	-0.04129703	-1.209939
0.7	0.3922716	0.3444233	-0.08245441	0	-0.3736438	-0.4528292	1.218368	0.05030605	-1.38353
0.72	0.2930292	0.2761335	-0.5907658	0	-0.3840096	-0.4213643	0.2299498	-0.01076267	-1.448535
0.74	0.3000382	0.2761335	-0.5212017	0	-0.4199643	-0.4538631	2.127592	0.03503887	-0.9095473
0.76	0.4189863	0.4127131	0.03684812	0	-0.3810079	-0.4397539	1.732961	-0.02602985	-0.9638933
0.78	0.3070008	0.2761335	-0.541433	0	-0.3969405	-0.4536504	0.358281	-0.01076267	-1.620501
0.8	0.3771827	0.3444233	-0.1831093	0	-0.431867	-0.4759887	1.918246	0.01977169	-1.02083
0.82	0.3842254	0.3444233	-0.1774206	0	-0.4444025	-0.5181669	1.59508	-0.08709857	-1.437788
0.84	0.2781542	0.2761335	-0.7264254	0	-0.4322593	-0.4665443	0.4821164	-0.1176329	-1.493147
0.86	0.372131	0.3444233	-0.2383285	0	-0.4595807	-0.5056546	2.653749	0.0655728	-0.8885369
0.88	0.4372498	0.4127131	0.02945668	0	-0.4328383	-0.5110775	1.381343	0.00450451	-1.425445
0.9	0.380811	0.3444233	-0.2962489	0	-0.4555235	-0.5109424	0.1297777	-0.04129703	-1.791465
0.92	0.4271009	0.4127131	-0.1128046	0	-0.4707011	-0.4908185	-0.07154936	0.09610759	-1.503924
0.94	0.429671	0.4127131	-0.1629502	0	-0.4946214	-0.5088412	-0.808157	0.0655728	-1.775517
0.96	0.4355244	0.4127131	-0.1903226	0	-0.5409722	-0.5460978	-0.6682461	-0.08709857	-1.805236
0.98	0.2903295	0.2761335	-0.9290494	0	-0.5939978	-0.592274	0.06935936	0.01977169	-1.85416
1	0.3107316	0.3444233	-0.8244983	0	-0.5694739	-0.5594388	1.851401	0.00450451	-1.032167
1.02	0.2179422	0.2761335	-1.274339	0	-0.4920222	-0.4937187	1.522382	-0.05656421	-1.079814
1.04	0.4365084	0.4127131	-0.1342976	0	-0.4897415	-0.5651314	4.808909	0.01977169	-0.4820706
1.06	0.4544646	0.4127131	-0.09584339	0	-0.4443681	-0.5769392	2.190387	0.0655728	-1.708492
1.08	0.2730103	0.3444233	-1.059485	0	-0.3398673	-0.3237092	-3.068652	-0.1023657	-1.828046
1.1	0.485226	0.4127131	0.08057967	0	-0.4841779	-0.5034782	2.217566	0.2793137	-0.7899275
1.12	0.4080215	0.3444233	-0.3405694	0	-0.5244049	-0.617292	0.9413677	-0.1329001	-2.094966
1.14	0.3564961	0.4127131	-0.6669801	0	-0.4518657	-0.4297805	-2.04597	-0.209236	-1.712406
1.16	0.4067003	0.4127131	-0.4191547	0	-0.4934997	-0.4598266	-0.9724131	-0.02602985	-1.389515
1.18	0.3799199	0.3444233	-0.5473272	0	-0.5680557	-0.5837401	0.438259	-0.3619078	-1.70486
1.2	0.2016771	0.2761335	-1.449513	0	-0.5042362	-0.4581341	-1.306059	0.0655728	-1.597443
1.22	0.2535709	0.2761335	-1.089352	0	-0.5277815	-0.508538	2.876318	0.1113748	-0.5381836
1.24	0.3385515	0.3444233	-0.626756	0	-0.4757901	-0.5484092	3.757144	0.00450451	-0.8185459
1.26	0.3635387	0.3444233	-0.4893553	0	-0.4339254	-0.5354619	2.7187	0.2640465	-1.275841
1.28	0.3125297	0.3444233	-0.7544353	0	-0.3582209	-0.3938491	-0.3693042	0.08084041	-1.435694
1.3	0.3438529	0.2761335	-0.5096807	0	-0.4592678	-0.5198636	2.387284	0.08084041	-1.161262
1.32	0.3829779	0.3444233	-0.3086675	0	-0.4638568	-0.5520784	2.055586	-0.02602985	-1.44339
1.34	0.3418953	0.3444233	-0.5420484	0	-0.4315761	-0.474915	-0.3217146	-0.04129703	-1.707112
1.36	0.397513	0.3444233	-0.2436241	0	-0.5064177	-0.5531023	1.130436	0.0655728	-1.500114
1.38	0.3437506	0.3444233	-0.553361	0	-0.4950878	-0.5200827	-0.7630053	-0.04129703	-1.888379
1.4	0.325355	0.3444233	-0.659766	0	-0.5016605	-0.4797729	-1.124058	0.01977169	-1.602641
1.42	0.3540995	0.3444233	-0.5113341	0	-0.5463006	-0.5431994	0.1088842	0.03503887	-1.513378
1.44	0.2826675	0.2761335	-0.8625056	0	-0.5720748	-0.5865496	0.5325586	-0.05656421	-1.704903
1.46	0.3008292	0.3444233	-0.781787	0	-0.5252344	-0.5152978	0.3227865	0.01977169	-1.312877
1.48	0.3825375	0.4127131	-0.4007127	0	-0.4888931	-0.4855977	-0.3285089	0.00450451	-1.379516
1.5	0.3315707	0.3444233	-0.6772587	0	-0.4951177	-0.4837418	-1.619128	0.00450451	-1.834574
1.52	0.2318012	0.2761335	-1.158915	0	-0.5014651	-0.4423788	-1.83845	-0.05656421	-1.578758
1.54	0.2451001	0.2761335	-1.030159	0	-0.5241412	-0.4817703	0.5111067	0.03503887	-1.028091
1.56	0.2925281	0.3444233	-0.7830662	0	-0.467624	-0.4539294	0.2112429	0.00450451	-1.110561
1.58	0.3171889	0.3444233	-0.6530238	0	-0.4443458	-0.4400393	-0.5355075	0.00450451	-1.357747
1.6	0.3347283	0.3444233	-0.560088	0	-0.4552043	-0.4478519	-1.023606	0.01977169	-1.519465
1.62	0.3239462	0.3444233	-0.6232684	0	-0.4644698	-0.4364994	-1.960708	-0.01076267	-1.666304
1.64	0.397586	0.4127131	-0.2827041	0	-0.4895133	-0.4499288	-2.245518	0.05030605	-1.647896
1.66	0.3159049	0.3444233	-0.731956	0	-0.5166162	-0.4516257	-3.814145	-0.05656421	-2.108775
1.68	0.2436262	0.2761335	-1.073134	0	-0.5787567	-0.4868181	-2.391396	0.08084041	-1.687898
1.7	0.2395869	0.2761335	-1.057696	0	-0.6062269	-0.5465518	-0.06182462	-0.1939688	-1.3062
1.72	0.3668949	0.4127131	-0.4474448	0	-0.5588909	-0.540768	0.197227	-0.1787016	-1.27099
1.74	0.2299087	0.2761335	-1.152693	0	-0.5264357	-0.4975585	-1.97612	0.08084041	-1.952606
1.76	0.2325431	0.2761335	-1.08816	0	-0.5379908	-0.4823793	-0.2517718	-0.02602985	-1.176949
1.78	0.2253902	0.2761335	-1.086763	0	-0.5063172	-0.4781294	0.1130643	-0.08709857	-1.196572
1.8	0.2423341	0.2761335	-0.9556593	0	-0.4846213	-0.4779198	0.6173747	0.0655728	-1.146459
1.82	0.3464046	0.3444233	-0.4121195	0	-0.4819451	-0.5139173	1.047829	0.03503887	-1.251928
1.84	0.4119235	0.4127131	-0.1366491	0	-0.4605529	-0.4890695	-1.443666	-0.01076267	-1.877387
1.86	0.4189322	0.4127131	-0.1679413	0	-0.4989497	-0.4775236	-3.718704	-0.01076267	-2.295641
1.88	0.3425812	0.3444233	-0.5940421	0	-0.584447	-0.5097883	-4.427844	0.01977169	-2.414931
1.9	0.2998602	0.3444233	-0.842205	0	-0.6376337	-0.5219867	-3.918743	-0.6214496	-2.056827
1.92	0.1828674	0.2761335	-1.439555	0	-0.6368731	-0.4945716	-3.682579	-2.285572	-1.828001
1.94	0.2875704	0.3444233	-0.886245	0	-0.6597738	-0.5661761	-0.2345091	-3.018396	-1.128012
1.96	0.2434556	0.2761335	-1.100039	0	-0.6498455	-0.6325065	0.336976	-2.545114	-1.68712
1.98	0.1686607	0.3444233	-1.520597	0	-0.4649389	-0.3461382	-3.733646	0.6304584	-1.412203
2	0.3790879	0.3444233	-0.3655406	0	-0.5871804	-0.5701662	1.878323	0.2029778	-0.8805898
2.02	0.3836078	0.3444233	-0.3729539	0	-0.6040156	-0.679458	0.7085531	-0.2550375	-2.156289
2.04	0.2721687	0.3444233	-0.9989508	0	-0.5251776	-0.4847525	-3.49686	0.1724435	-2.229126
2.06	0.4170236	0.3444233	-0.2173691	0	-0.6854378	-0.6938441	1.396183	0.1113748	-1.584837
2.08	0.2822403	0.2761335	-0.9374552	0	-0.6867029	-0.7203854	-0.414442	-0.468778	-2.504077
2.1	0.380774	0.4127131	-0.4860784	0	-0.664189	-0.6476547	-0.2340777	0.2640465	-1.746212
2.12	0.2803205	0.2761335	-1.000704	0	-0.6971547	-0.7018503	-0.4010281	-0.1787016	-2.276066
2.14	0.3152015	0.3444233	-0.8344815	0	-0.6871095	-0.672774	0.3915357	-0.1787016	-1.725926
2.16	0.311038	0.3444233	-0.8771876	0	-0.657607	-0.6521847	-0.1799842	0.2182446	-1.898547
2.18	0.40327	0.4127131	-0.4432036	0	-0.6569617	-0.6621925	-0.02510671	0.1266419	-1.85526
2.2	0.3399772	0.3444233	-0.7970669	0	-0.6697107	-0.6716567	-1.333308	-0.1481673	-2.384166
2.22	0.381211	0.4127131	-0.6305115	0	-0.6703812	-0.6323056	-1.674655	-0.04129703	-2.051131
2.24	0.2998083	0.3444233	-1.069081	0	-0.674154	-0.6133329	-2.714589	0.00450451	-2.287374
2.26	0.326216	0.3444233	-0.918833	0	-0.7261744	-0.6754417	-0.5311948	-0.1481673	-1.832682
2.28	0.3581522	0.4127131	-0.8030643	0	-0.6868779	-0.6480107	-1.348119	-0.3619078	-1.996483
2.3	0.2447775	0.2761335	-1.355928	0	-0.7078469	-0.6664898	-1.142466	-1.781755	-2.147276
2.32	0.302036	0.2761335	-0.9917192	0	-0.7837023	-0.8055134	3.271161	-0.468778	-1.515889
2.34	0.3884129	0.4127131	-0.6015844	0	-0.6993775	-0.7633867	2.026041	-0.3466406	-1.859034
2.36	0.3732043	0.4127131	-0.7398774	0	-0.6262212	-0.6444377	-1.314601	0.2335122	-2.299229
2.38	0.4503088	0.4127131	-0.3589068	0	-0.7038057	-0.7218219	-0.2774422	-0.07183139	-2.206775
2.4	0.3284996	0.3444233	-1.015089	0	-0.7134427	-0.698441	-2.386066	-0.07183139	-2.720042
2.42	0.3144513	0.3444233	-1.077215	0	-0.7487393	-0.693321	-1.132138	0.09610759	-2.0581
2.44	0.2858784	0.3444233	-1.22375	0	-0.7277857	-0.675051	-1.052649	-0.4535109	-1.988752
2.46	0.3006599	0.3444233	-1.130981	0	-0.7206436	-0.6847929	-0.09848136	-0.5298465	-1.803034
2.48	0.2284487	0.2761335	-1.458069	0	-0.6987913	-0.6755078	0.0584355	0.0655728	-1.876294
2.5	0.3460993	0.3444233	-0.812555	0	-0.7159991	-0.7451674	2.665126	0.03503887	-1.45855
2.52	0.2998194	0.2761335	-1.019551	0	-0.7145452	-0.7995485	2.362324	-0.1023657	-2.139763
2.54	0.3533943	0.3444233	-0.7400374	0	-0.693182	-0.7657248	2.234161	0.00450451	-1.906259
2.56	0.3533836	0.3444233	-0.7500552	0	-0.6751863	-0.7394069	0.8376722	-0.07183139	-2.224621
2.58	0.3445443	0.3444233	-0.802114	0	-0.6758317	-0.7049518	-0.2377199	-0.02602985	-2.256415
2.6	0.3634552	0.3444233	-0.7038302	0	-0.7183084	-0.7426654	0.07097948	0.01977169	-2.246745
2.62	0.3367128	0.3444233	-0.8603762	0	-0.7261575	-0.7324671	-0.8443211	0.00450451	-2.408454
2.64	0.3084763	0.3444233	-1.020018	0	-0.7219155	-0.689634	-1.573458	0.00450451	-2.283584
2.66	0.2479615	0.2761335	-1.297266	0	-0.7491502	-0.71056	-0.761921	-0.02602985	-2.133426
2.68	0.3233058	0.3444233	-0.8999165	0	-0.7572893	-0.7480567	0.849504	0.00450451	-1.808473
2.7	0.4143498	0.4127131	-0.4794908	0	-0.7500174	-0.785158	0.4392847	0.01977169	-2.234351
2.72	0.3485889	0.3444233	-0.8511022	0	-0.7649285	-0.7836834	-1.207793	0.05030605	-2.762347
2.74	0.3950166	0.4127131	-0.6606471	0	-0.7801896	-0.7568023	-1.44707	-0.1023657	-2.424345
2.76	0.3028759	0.3444233	-1.163512	0	-0.7851155	-0.7316066	-2.802021	-0.7283199	-2.702024
2.78	0.2121669	0.2761335	-1.595267	0	-0.8008117	-0.7104367	-1.830266	-2.83519	-2.187528
2.8	0.2228406	0.2761335	-1.482559	0	-0.8062744	-0.7532412	0.8449825	-2.529846	-1.663402
2.82	0.3865838	0.3444233	-0.6117975	0	-0.8510867	-0.9301133	4.555237	-1.247404	-1.698239
2.84	0.1820928	0.2761335	-1.694606	0	-0.6861084	-0.7070218	-1.301583	-0.1329001	-2.64025
2.86	0.3675379	0.3444233	-0.678807	0	-0.7527444	-0.7773948	2.894552	0.2487794	-1.416094
2.88	0.5636096	0.4810038	0.2510642	0	-0.783799	-0.9238778	2.488341	-0.2397704	-2.521203
2.9	0.2690434	0.2761335	-1.314428	0	-0.7576371	-0.7913952	-3.501423	0.09610759	-3.699901
2.92	0.312461	0.2761335	-1.023527	0	-0.8940783	-0.8761719	1.37299	-0.1939688	-2.074917
2.94	0.2801851	0.2761335	-1.180236	0	-0.8976095	-0.9446716	2.27345	-2.087098	-2.382649
2.96	0.4295113	0.3444233	-0.4128092	0	-0.9608078	-1.097829	5.740228	-0.8809917	-2.180266
2.98	0.4735926	0.4127131	-0.2870101	0	-0.9224686	-1.094312	3.449185	-0.1329001	-3.041621
3	0.3590587	0.3444233	-0.9423616	0	-0.8918465	-0.9750673	0.2561774	-0.1329001	-3.277404
3.02	0.3451993	0.3444233	-1.028636	0	-0.9096838	-0.9307927	0.7148368	-1.018396	-2.624299
3.04	0.2866621	0.2761335	-1.304817	0	-0.9376221	-0.9763041	1.987037	-1.064198	-2.545033
3.06	0.3934174	0.4127131	-0.7962084	0	-0.8891332	-0.9371302	2.254388	0.2029778	-2.211437
3.08	0.3719325	0.3444233	-0.9220747	0	-0.896981	-0.9771062	1.771036	0.03503887	-2.772544
3.1	0.2960944	0.2761335	-1.286576	0	-0.9150504	-0.9803629	2.11663	-0.05656421	-2.668966
3.12	0.3519966	0.3444233	-0.9934075	0	-0.9023653	-0.9733443	3.144011	0.03503887	-2.252896
3.14	0.4503928	0.4127131	-0.5267792	0	-0.8936173	-1.005524	2.990001	0.01977169	-2.557261
3.16	0.4442258	0.4127131	-0.6231842	0	-0.8838223	-0.9777445	0.6603214	0.00450451	-3.127214
3.18	0.2835666	0.2761335	-1.435669	0	-0.9134216	-0.9396613	-0.3691891	0.03503887	-3.121284
3.2	0.2588163	0.2761335	-1.509746	0	-0.9340038	-0.9359256	1.828015	-0.1787016	-2.244941
3.22	0.4161342	0.4127131	-0.7167616	0	-0.9139759	-0.9816278	3.360239	-0.01076267	-2.096968
3.24	0.4398336	0.4127131	-0.6510279	0	-0.8917745	-0.9933193	1.41346	0.08084041	-2.96948
3.26	0.3712374	0.3444233	-1.019879	0	-0.9184856	-0.9778435	0.3062824	-0.04129703	-3.123348
3.28	0.3532013	0.3444233	-1.112577	0	-0.9471418	-0.9769294	0.8282723	-0.02602985	-2.77756
3.3	0.2624048	0.2761335	-1.54928	0	-0.9495575	-0.9716009	1.151881	0.05030605	-2.69494
3.32	0.3188838	0.3444233	-1.241115	0	-0.9219254	-0.9511827	2.384061	-0.01076267	-2.175949
3.34	0.3392046	0.3444233	-1.130703	0	-0.8920654	-0.956548	2.150248	-0.05656421	-2.46957
3.36	0.3689264	0.3444233	-0.9677035	0	-0.8990495	-0.9812728	2.342577	-0.02602985	-2.584161
3.38	0.447193	0.4127131	-0.6002042	0	-0.9044943	-0.9969386	1.794534	0.03503887	-2.784406
3.4	0.2995732	0.2761335	-1.348679	0	-0.9285014	-0.9902689	0.2419752	0.01977169	-3.26526
3.42	0.4391717	0.4127131	-0.6465764	0	-0.9666905	-1.018226	2.209805	-0.05656421	-2.47667
3.44	0.2699869	0.2761335	-1.52065	0	-0.9505602	-0.9970105	-0.04300612	-0.1481673	-3.291192
3.46	0.3035389	0.2761335	-1.286295	0	-1.012795	-1.060055	3.481469	0.09610759	-2.341315
3.48	0.4008152	0.4127131	-0.8341601	0	-0.9441229	-1.027492	2.627203	-0.2245032	-2.551223
3.5	0.4021133	0.3444233	-0.8377039	0	-0.9787191	-1.091829	2.480121	0.4167184	-3.065523
3.52	0.397729	0.3444233	-0.8769057	0	-1.011785	-1.118346	2.459094	-0.2703047	-3.120844
3.54	0.3273852	0.3444233	-1.271827	0	-0.9699321	-1.018425	0.4123715	-0.01076267	-3.130991
3.56	0.2456	0.2761335	-1.657325	0	-0.9627348	-0.9656895	0.5960935	0.1266419	-2.718118
3.58	0.2433606	0.2761335	-1.611744	0	-0.9473244	-0.9601889	2.122355	-0.07183139	-2.250899
3.6	0.2405067	0.2761335	-1.575372	0	-0.8970553	-0.9373658	2.434699	0.00450451	-2.224591
3.62	0.4278793	0.4127131	-0.6168507	0	-0.8765988	-0.9676024	3.169184	0.03503887	-2.193103
3.64	0.1092404	0.07126522	-2.140159	0	-0.9127377	-1.010496	1.68736	-0.02602985	-3.281024
3.66	0.2905699	0.2761335	-1.122	0	-0.9192638	-1.003981	5.822453	-0.05656421	-1.554909
3.68	0.2795853	0.2761335	-1.169401	0	-0.8324893	-0.970131	3.235496	0.0655728	-2.589779
3.7	0.503349	0.4127131	-0.04178041	0	-0.8734012	-1.035516	3.921959	0.5693902	-2.535149
3.72	0.4417444	0.3444233	-0.4232965	0	-0.9207342	-1.077357	0.3507965	-0.377175	-3.896044
3.74	0.340186	0.3444233	-1.009418	0	-0.9306633	-0.9391732	-2.912633	0.1113748	-3.659592
3.76	0.3171616	0.3444233	-1.154757	0	-0.980772	-0.9167358	-2.797199	-1.079465	-3.130912
3.78	0.3311053	0.4127131	-1.153307	0	-0.9616377	-0.859104	-3.993767	-2.880991	-3.031807
3.8	0.3601978	0.3444233	-1.009369	0	-1.081572	-1.034213	-1.178248	-3.491678	-3.090384
3.82	0.3069557	0.3444233	-1.331656	0	-1.08857	-1.050334	-1.485315	-0.4382437	-3.306334
3.84	0.3106854	0.3444233	-1.336353	0	-1.105864	-1.071037	-0.1948911	-0.05656421	-2.976893
3.86	0.3398594	0.3444233	-1.205079	0	-1.129291	-1.144489	1.468158	-0.1481673	-2.96649
3.88	0.3068057	0.3444233	-1.411561	0	-1.084815	-1.103054	0.6945167	0.00450451	-3.107811
3.9	0.3578565	0.3444233	-1.14984	0	-1.110924	-1.160178	2.538183	0.00450451	-2.869918
3.92	0.3329777	0.3444233	-1.305264	0	-1.07429	-1.134364	1.612288	-0.01076267	-3.154174
3.94	0.3657876	0.3444233	-1.137666	0	-1.091619	-1.163504	2.617564	0.01977169	-2.986784
3.96	0.3661663	0.3444233	-1.150705	0	-1.089826	-1.178669	2.478001	0.03503887	-3.180324
3.98	0.3573129	0.3444233	-1.210354	0	-1.081635	-1.160547	2.102353	-0.04129703	-3.186241
4	0.3389436	0.3444233	-1.315858	0	-1.061363	-1.118688	1.446642	-0.05656421	-3.138281
4.02	0.3472998	0.3444233	-1.270484	0	-1.063117	-1.116396	1.669081	-0.01076267	-3.031619
4.04	0.3527167	0.3444233	-1.242596	0	-1.066335	-1.127632	1.735834	-0.01076267	-3.090305
4.06	0.3567592	0.3444233	-1.223369	0	-1.072654	-1.138067	1.76435	0.00450451	-3.1364
4.08	0.3559502	0.3444233	-1.23156	0	-1.077635	-1.142544	1.667599	0.09610759	-3.177685
4.1	0.3767341	0.3444233	-1.124584	0	-1.106967	-1.187346	2.341034	-0.01076267	-3.19064
4.12	0.3538312	0.3444233	-1.259436	0	-1.098557	-1.171187	1.595521	-0.01076267	-3.337226
4.14	0.411664	0.4127131	-1.003749	0	-1.085097	-1.138265	1.032504	0.05030605	-3.214649
4.16	0.3636878	0.3444233	-1.263183	0	-1.115306	-1.167217	0.5492077	-0.02602985	-3.546864
4.18	0.4227821	0.4127131	-0.9964775	0	-1.136061	-1.177389	0.9260823	0.01977169	-3.310048
4.2	0.3913559	0.3444233	-1.17079	0	-1.199403	-1.271801	1.623345	-0.05656421	-3.658831
4.22	0.3247469	0.3444233	-1.539538	0	-1.176936	-1.211534	0.7983936	-0.04129703	-3.518032
4.24	0.3123928	0.3444233	-1.601363	0	-1.157128	-1.172475	1.305829	0.05030605	-3.11292
4.26	0.311679	0.3444233	-1.595829	0	-1.12616	-1.152345	1.594454	-0.01076267	-3.013362
4.28	0.395965	0.4127131	-1.179576	0	-1.097706	-1.144279	1.686216	-0.01076267	-2.984992
4.3	0.2762303	0.2761335	-1.759435	0	-1.104715	-1.15562	0.9496694	0.08084041	-3.457141
4.32	0.3660562	0.3444233	-1.259768	0	-1.13812	-1.205692	3.432399	-0.04129703	-2.809859
4.34	0.3315789	0.3444233	-1.448269	0	-1.085506	-1.163958	1.570371	-0.07183139	-3.344093
4.36	0.3246956	0.3444233	-1.472867	0	-1.062394	-1.101735	0.8428365	0.03503887	-3.146354
4.38	0.3386391	0.3444233	-1.382519	0	-1.068473	-1.105389	0.8807942	-0.01076267	-3.124872
4.4	0.3593438	0.3444233	-1.261994	0	-1.095887	-1.148959	1.230168	-0.04129703	-3.240448
4.42	0.2557567	0.2761335	-1.767727	0	-1.087113	-1.114029	0.166767	0.01977169	-3.405854
4.44	0.3385444	0.3444233	-1.315326	0	-1.104169	-1.133808	1.848131	-0.01076267	-2.841652
4.46	0.4139822	0.4127131	-0.9684142	0	-1.087403	-1.148791	0.7868673	0.08084041	-3.333213
4.48	0.4305975	0.4127131	-0.9353855	0	-1.111876	-1.158509	-0.7561827	0.03503887	-3.784648
4.5	0.3442931	0.3444233	-1.402577	0	-1.157951	-1.156462	-1.815251	0.00450451	-3.934747
4.52	0.202982	0.2761335	-2.109971	0	-1.154454	-1.079301	-2.27496	-0.2855719	-3.49498
4.54	0.1890173	0.2761335	-2.121556	0	-1.142345	-1.061078	-0.09645486	-1.140534	-2.682204
4.56	0.2967736	0.3444233	-1.536468	0	-1.118865	-1.115823	1.897232	-1.53748	-2.568011
4.58	0.3008949	0.2761335	-1.470921	0	-1.143205	-1.226783	2.97645	-1.64435	-3.157827
4.6	0.1621212	0.2761335	-2.18144	0	-0.9958874	-0.9846852	-1.309971	0.1571763	-3.218477
4.62	0.3738522	0.3444233	-1.021319	0	-1.077402	-1.115622	3.108317	0.2487794	-2.38142
4.64	0.4103353	0.3444233	-0.8517433	0	-1.111804	-1.245028	2.161525	-0.3161063	-3.659987
4.66	0.3819086	0.3444233	-1.03744	0	-1.135584	-1.222704	0.2465022	0.4930542	-3.946623
4.68	0.3586232	0.3444233	-1.190375	0	-1.173002	-1.206165	-0.5651491	-0.7588544	-3.847008
4.7	0.3440843	0.3444233	-1.295621	0	-1.211344	-1.219227	-0.6078035	0.2029778	-3.76019
4.72	0.2700208	0.2761335	-1.671546	0	-1.253443	-1.256314	0.1218535	-0.08709857	-3.702845
4.74	0.2856968	0.3444233	-1.615859	0	-1.214332	-1.197314	0.1795984	-0.01076267	-3.292752
4.76	0.301909	0.3444233	-1.547579	0	-1.192296	-1.18864	0.2059951	0.01977169	-3.333459
4.78	0.2496038	0.2761335	-1.792542	0	-1.196214	-1.20347	0.5864582	-0.04129703	-3.404953
4.8	0.2494743	0.2761335	-1.756775	0	-1.190986	-1.210895	1.76848	-0.01076267	-3.110949
4.82	0.3254244	0.3444233	-1.367475	0	-1.160868	-1.211599	2.066207	0.1419087	-3.103222
4.84	0.2694744	0.2761335	-1.638265	0	-1.148067	-1.205544	1.080926	-0.01076267	-3.527036
4.86	0.3487822	0.3444233	-1.227647	0	-1.15681	-1.210797	1.683605	0.03503887	-3.233939
4.88	0.3653919	0.3444233	-1.164186	0	-1.172632	-1.244	0.8520318	-0.08709857	-3.71298
4.9	0.3246827	0.3444233	-1.408667	0	-1.162072	-1.181619	-1.110627	0.03503887	-3.852268
4.92	0.2606721	0.2761335	-1.716636	0	-1.204136	-1.191469	-0.6938879	-0.4382437	-3.645717
4.94	0.2674709	0.2761335	-1.649853	0	-1.243641	-1.251391	1.254725	0.1724435	-3.31892
4.96	0.2977874	0.3444233	-1.519312	0	-1.19408	-1.209447	0.5473722	-0.04129703	-3.371567
4.98	0.4116224	0.4127131	-0.9806289	0	-1.199985	-1.23763	0.5174551	-0.1481673	-3.514476
5	0.2495524	0.2761335	-1.827869	0	-1.199406	-1.201164	-1.981337	0.03503887	-4.181129
5.02	0.2445859	0.2761335	-1.812904	0	-1.241032	-1.206114	0.1291155	0.05030605	-3.290042
5.04	0.3313705	0.3444233	-1.369894	0	-1.250677	-1.27459	1.628924	-1.247404	-3.275177
5.06	0.392343	0.3444233	-1.077062	0	-1.297407	-1.392774	2.57594	0.4167184	-3.764683
5.08	0.2954052	0.2761335	-1.593359	0	-1.30457	-1.387559	1.417007	-0.08709857	-4.14538
5.1	0.2112077	0.2761335	-2.027948	0	-1.243145	-1.243645	0.1710106	-0.08709857	-3.606705
5.12	0.3321157	0.3444233	-1.391804	0	-1.253125	-1.282755	2.389248	0.01977169	-3.084577
5.14	0.3626693	0.3444233	-1.257941	0	-1.253313	-1.339604	1.864112	-0.05656421	-3.769197
5.16	0.4611962	0.4810038	-0.8573093	0	-1.206707	-1.250883	-0.8805053	0.03503887	-3.964155
5.18	0.2808443	0.2761335	-1.788512	7	-1.271392	-1.268091	-1.561816	0.09610759	-4.281642
5.2	0.403574	0.4127131	-1.185907	7	-1.314458	-1.30806	2.17598	-0.1481673	-3.05244
5.22	0.2898714	0.3444233	-1.817805	7	-1.245327	-1.262027	1.353024	-0.3619078	-3.454313
5.24	0.369445	0.4127131	-1.42961	7	-1.195185	-1.219053	4.012629	0.2793137	-2.453046
5.26	0.3563434	0.3444233	-1.485233	7	-1.161673	-1.275035	6.322217	0.2182446	-2.538163
5.28	0.3018115	0.3444233	-1.755943	7	-1.022872	-1.138355	6.424991	0.3556497	-2.122843
5.3	0.5142161	0.4127131	-0.6158857	7	-1.02712	-1.271322	12.04433	0.2182446	-1.417499
5.32	0.4573184	0.3444233	-0.9019477	7	-0.9424769	-1.28378	11.55186	0.8289317	-2.318001
5.34	0.4391668	0.3444233	-0.9582871	7	-0.8470711	-1.169386	12.16199	1.958703	-1.678603
5.36	0.5111736	0.3444233	-0.5178356	7	-0.8157732	-1.211372	15.31321	1.546489	-1.247066
5.38	0.476626	0.3444233	-0.6610268	7	-0.6840138	-1.105157	14.46465	2.554123	-1.368335
5.4	0.5318755	0.3444233	-0.2997667	7	-0.6272995	-1.080425	16.47961	3.836565	-0.8478198
5.42	0.4600378	0.2761335	-0.5777395	7	-0.5344435	-1.016366	16.60772	1.912902	-0.8858319
5.44	0.6098151	0.4127131	0.2446398	7	-0.4326376	-0.9370098	17.89222	3.668626	-0.1955387
5.46	0.6802415	0.3444233	0.6839068	7	-0.4643704	-1.091406	20.24274	2.67626	-0.7593719
5.48	0.684266	0.4127131	0.6926425	7	-0.3708309	-0.9841958	18.13464	5.668626	-0.9761094
5.5	0.6920686	0.3444233	0.7895105	7	-0.4102828	-1.043004	20.16608	2.294581	-0.7393647
5.52	0.5607892	0.3444233	0.1252617	7	-0.2668837	-0.8294936	17.41229	1.958703	-0.583706
5.54	0.6415656	0.4127131	0.5888447	7	-0.1808406	-0.7139014	18.83631	3.439619	0.4814388
5.56	0.4462914	0.3444233	-0.3756214	7	0.0611749	-0.384177	13.89336	0.08084041	0.3211426
5.58	0.4510267	0.3444233	-0.2057632	7	0.2033822	-0.1670981	14.93804	3.317481	1.782463
5.6	0.6249021	0.4127131	0.8235465	7	0.2647212	-0.2127921	17.91204	2.920535	2.05371
5.62	0.7159151	0.4127131	1.378433	7	0.2876745	-0.3041752	18.59722	5.561757	1.291863
5.64	0.5918086	0.3444233	0.8109837	7	0.3759731	-0.1707369	15.77139	7.928169	0.945241
5.66	0.6457676	0.2761335	1.264707	7	0.2712405	-0.3310038	21.47324	5.744962	1.857605
5.68	0.4459309	0.2761335	0.3064082	7	0.4982626	-0.04349136	17.15723	3.103741	1.695631
5.7	0.5249069	0.3444233	0.8482139	7	0.6410318	0.1552641	18.47482	3.714428	3.165583
5.72	0.4170544	0.2761335	0.4359708	7	0.8455725	0.3783382	15.76868	3.439619	3.006811
5.74	0.4980597	0.2761335	1.063567	7	0.9137819	0.4243526	18.45499	5.256413	3.897817
5.76	0.5217775	0.2761335	1.35414	7	1.013393	0.4626476	18.39824	5.271679	3.63409
5.78	0.5101803	0.2761335	1.445302	7	1.127563	0.592894	17.03077	7.561757	3.688823
5.8	0.7009454	0.3444233	2.569148	7	1.094853	0.4857294	19.96737	5.577023	3.941682
5.82	0.5344579	0.3444233	1.730471	7	1.299719	0.7926677	12.22941	7.638093	2.968871
5.84	0.7024635	0.3444233	2.737487	7	1.172388	0.6632685	17.1872	4.218245	4.139989
5.86	0.3299122	0.2761335	0.8348809	7	1.46286	1.128754	7.187563	2.065573	3.270324
5.88	0.8471043	0.4127131	3.692094	7	1.168114	0.6759351	21.43254	2.172444	5.702554
5.9	0.5779408	0.3444233	2.240767	7	1.36106	0.8102821	12.76497	0.5083214	2.822922
5.92	1.614748	1.300479	7.176271	7	1.418734	0.9248025	12.59174	2.660992	4.632011
5.94	1.562586	1.300479	6.2378	7	1.503047	1.159292	-9.368582	1.103741	-1.020262
5.96	1.724674	1.300479	6.575613	7	0.9603655	0.9046134	-10.40755	1.149543	-0.6215506
5.98	1.241383	1.300479	3.418008	7	0.903086	1.278241	-24.35136	-6.117633	-1.620657
6	0.05722834	0.002975464	-2.4115	7	0.2734476	0.7978402	-7.351842	-14.19397	1.49158
6.02	-0.1742875	0.002975464	-3.167174	7	0.2582172	0.5134834	21.97251	-12.94206	8.523457
6.04	0.05268462	0.002975464	-1.516974	7	0.5987127	0.06174946	47.49821	-5.812289	10.77523
6.06	0.185637	0.002975464	-0.4089652	7	1.313355	0.187616	55.79633	5.729695	10.48326
6.08	0.5535225	0.002975464	2.00934	7	1.805344	0.2294235	63.64627	24.61519	10.62044
6.1	0.445322	0.002975464	1.848742	7	2.575781	0.9804435	51.43621	27.10374	9.004048
6.12	0.6795554	0.002975464	3.618683	7	2.860534	1.310061	50.08952	27.30222	9.977064
6.14	0.5751011	0.07126522	3.465628	7	3.320977	1.973648	35.23204	20.14191	8.600556
6.16	0.5258254	0.002975464	3.696901	7	3.465147	2.395894	27.80527	16.69153	9.139316
6.18	0.9323322	0.6858721	5.838137	7	3.85617	3.153545	11.13433	4.096107	9.180697
6.2	1.122155	0.6858721	6.838909	7	3.703953	3.22115	-0.836935	5.317482	6.777094
6.22	0.5520197	0.3444233	3.961853	7	3.511995	3.486061	-14.80122	0.9663364	5.267031
6.24	1.441313	1.300479	8.23427	7	3.245106	3.474495	-13.83561	-2.148167	8.199188
6.26	1.267177	1.02732	6.901362	7	2.834835	3.057726	-23.94339	-8.667251	3.054684
6.28	0.6995497	0.6858721	3.718683	7	2.41559	3.009719	-25.86044	-1.21687	3.878824
6.3	1.139189	1.300479	5.516687	7	2.228294	2.928669	-18.78255	-13.94969	7.205353
6.32	0.8736424	1.02732	3.721937	7	2.122219	2.719334	-19.57143	-9.018395	5.183743
6.34	0.5068121	0.6858721	1.708694	7	1.979395	2.585133	-10.56572	-4.453511	7.195422
6.36	1.101534	1.300479	4.438731	7	2.119814	2.508189	0.1733122	-4.453511	9.872185
6.38	1.253109	1.02732	4.999375	7	1.966525	1.850866	9.099359	1.607558	7.283973
6.4	1.032108	0.6858721	3.796226	7	1.811512	1.436875	18.20933	8.569388	6.887265
6.42	1.138653	1.300479	3.917919	7	2.465487	2.293088	9.307146	3.256413	8.613959
6.44	1.14197	0.9590311	3.912563	7	2.516314	2.247084	13.90637	2.630459	8.919426
6.46	1.844215	1.573638	7.221732	7	2.642676	2.195963	16.62792	3.37855	9.330531
6.48	2.541748	2.324824	9.961272	7	2.958535	2.555849	-1.221434	3.912901	5.769178
6.5	3.31758	2.871142	12.84517	7	2.710304	2.522707	-17.44469	4.401451	2.164093
6.52	2.395399	2.188245	7.16967	7	2.271012	2.684597	-40.0767	-4.774121	-2.274777
6.54	2.884311	2.871142	8.733361	7	1.670089	2.569862	-33.6958	-14.85046	2.942026
6.56	2.274352	2.256536	4.83296	7	1.084816	1.901933	-30.02885	-28.01076	0.4920912
6.58	2.720662	2.871142	6.228657	7	0.8259623	1.619317	-16.50695	-9.079465	4.426538
6.6	2.756302	3.280881	5.179334	7	1.265076	2.122447	-28.50517	-13.50694	2.796939
6.62	3.820765	3.827197	9.523231	7	0.9496861	1.588927	-17.83523	-9.720685	3.784512
6.64	4.232865	4.510095	9.886502	7	1.183604	1.914243	-40.87063	-0.1481673	-1.559038
6.66	4.028003	3.827197	7.712505	7	0.3112011	1.134465	-35.92846	-0.5756481	-3.045909
6.68	4.032624	4.441804	6.260077	7	0.2510739	1.428753	-42.17692	-1.308473	-1.57769
6.7	4.886203	5.124701	9.088726	7	-0.06233022	1.060478	-36.35537	-12.40771	-0.5921698
6.72	4.5133	4.510095	5.880583	7	-0.645382	0.2377407	-32.68589	-18.0413	-4.524044
6.74	4.805881	4.783254	6.176969	7	-1.162592	-0.4356228	-14.70656	-11.82756	-1.665513
6.76	4.285785	4.441804	2.428581	7	-1.202565	-0.6688396	-8.821523	-8.987861	-2.325774
6.78	5.971555	6.080756	9.542613	7	-0.9806948	-0.7104889	3.564211	-11.00313	1.898952
6.8	5.997341	5.807599	8.061999	7	-0.9291058	-0.9960721	-10.73264	-1.064198	-6.27782
6.82	6.744305	6.422206	10.26918	7	-1.262562	-1.190234	-10.58079	0.2335122	-5.528097
6.84	5.833008	5.807599	4.153468	7	-1.400033	-1.019622	-25.21983	1.8671	-9.037718
6.86	6.393129	6.695365	5.59275	7	-1.380335	-0.5739759	-21.50698	-7.842823	-3.024612
6.88	5.776356	6.012467	1.39115	7	-1.484887	-0.7580267	-21.12758	-14.0413	-5.063574
6.9	5.711617	5.807599	0.5073335	7	-1.77036	-1.245689	2.304447	-21.93443	-0.598628
6.92	7.286051	7.241681	7.412443	7	-1.566127	-1.672322	16.86288	-24.33137	0.7522154
6.94	6.696292	6.080756	3.606573	7	-1.884791	-2.584956	17.70897	1.332749	-7.040702
6.96	6.369288	6.080756	1.341223	7	-1.841676	-2.36273	24.57406	15.66863	-3.186779
6.98	6.843781	6.968522	2.876396	7	-1.110908	-1.488994	18.64775	11.59229	-0.4638672
7	6.97235	7.036813	2.744761	7	-0.582212	-0.8579056	5.916001	-1.919159	-2.001332
7.02	7.941226	7.65142	6.885605	7	-0.6299202	-0.9572992	5.712124	-5.369541	-2.000249
7.04	6.762652	6.763654	0.1822442	7	-0.5165787	-0.4912849	-17.32866	8.111373	-7.22468
7.06	6.614172	6.763654	-0.7426218	7	-0.698403	-0.2247455	-6.522541	2.935802	-0.2852278
7.08	6.462793	6.763654	-1.673927	7	-0.5023332	-0.1375746	-1.604402	-1.522213	0.9140387
7.1	6.774711	6.763654	-0.04733388	7	-0.5439692	-0.5550814	13.62835	-5.1558	2.33385
7.12	6.570154	6.763654	-1.231626	7	-0.06580478	-0.1783117	7.445236	11.7755	0.9169188
7.14	6.7289	6.763654	-0.3337238	7	0.1186335	-0.02587856	11.49992	13.11901	2.564944
7.16	6.822478	6.695365	0.2671798	7	0.2005296	-0.1398261	14.25111	12.24878	1.888203
7.18	7.022114	6.763654	1.371646	7	0.2059408	-0.2879657	16.68367	12.53886	1.416222
7.2	7.760325	7.583131	4.739474	7	0.4500872	-0.01951976	6.842368	12.23351	0.2433586
7.22	6.873373	6.695365	0.07350045	7	0.3617901	0.1779285	-9.458147	4.584657	-3.933913
7.24	6.734451	6.695365	-0.4842526	7	0.1095085	0.2711352	-1.951016	0.9205348	0.8343964
7.26	6.849998	6.763654	0.2123194	7	-0.02902881	-0.07032382	6.923178	-6.148167	1.533479
7.28	6.898432	6.695365	0.5402433	7	-0.1240102	-0.4243037	13.41617	-10.31611	0.9127798
7.3	6.841316	6.695365	0.2666976	7	-0.02684893	-0.4031455	13.85306	2.996871	0.6783667
7.32	6.718852	6.763654	-0.3812985	7	0.294217	0.06038073	7.821147	0.4625199	1.127647
7.34	6.756984	6.695365	-0.04167777	7	0.3732051	0.1597911	9.406119	0.67626	2.025698
7.36	7.059231	6.763654	1.648673	7	0.2435167	-0.1907839	15.8605	-0.1634345	1.827385
7.38	6.948833	6.763654	1.048603	7	0.3594374	-0.07799027	9.143929	2.019772	-0.01770306
7.4	6.964899	6.763654	1.166126	7	0.3249183	-0.00376232	8.238607	4.615191	0.5710344
7.42	6.848681	6.763654	0.5623199	7	0.3977149	0.1858931	3.68896	0.2945805	0.3813686
7.44	8.341376	8.197738	7.574392	7	0.501038	0.2894167	-0.924234	0.3251148	1.013956
7.46	7.621441	7.309972	3.329186	7	0.1791595	0.08621708	-23.36509	-0.01076267	-7.492585
7.48	8.243685	8.197738	5.74498	7	-0.1925351	0.2799571	-27.39139	-0.8657245	-3.853121
7.5	7.24466	7.446551	0.002726436	7	-0.5013512	0.3259463	-42.08834	-7.1558	-7.527189
7.52	6.991011	7.378261	-1.545709	7	-0.9097208	0.2507651	-29.45308	-16.83519	-1.880849
7.54	6.927272	7.309972	-2.039911	7	-1.079954	-0.2054964	-14.11855	-24.81992	-0.1776075
7.56	7.251442	7.309972	-0.4596593	7	-1.294506	-1.005345	6.989115	-18.68252	0.669775
7.58	6.183684	6.695365	-5.952743	7	-0.6853651	-0.3965317	-0.7996359	17.88237	-0.7377481
7.6	6.134484	6.763654	-5.797354	7	-0.07906246	0.348343	9.807693	8.645724	6.078699
7.62	6.516941	6.695365	-3.228046	7	0.2557165	0.09980322	25.68663	6.630458	7.072933
7.64	7.266348	6.831944	1.126148	7	0.2731639	-0.6612663	40.52575	23.04267	5.198983
7.66	8.39045	7.924579	6.540386	7	0.6909129	-0.5012452	25.73075	28.17244	0.8101397
7.68	7.457169	7.036813	1.586724	7	0.7217878	-0.005127857	-4.052082	23.27168	-5.732488
7.7	7.006922	7.105102	-0.6858496	7	0.7355568	0.9317286	-15.58067	20.00451	-0.9897528
7.72	6.183742	6.695365	-4.610021	7	0.9195296	1.650891	-23.70981	0.1419087	1.305353
7.74	6.236081	6.695365	-3.766191	7	0.9051533	1.673453	-10.61846	-20.52984	5.945203
7.76	6.99896	7.309972	0.3388195	7	1.08298	1.468737	-5.350127	-27.40007	5.619174
7.78	8.386323	7.856288	7.305357	7	0.5226688	0.1775732	4.920303	-3.216869	1.265213
7.8	7.502836	6.968522	2.506479	7	0.02309561	-0.3681747	-11.17838	17.76023	-7.216496
7.82	7.125685	7.036813	0.419365	7	-0.3014961	-0.1004334	-10.98151	10.89	-2.799751
7.84	7.323899	7.65142	0.9808207	7	-0.09302449	0.3945389	-16.96531	-0.4840448	-0.7631626
7.86	6.419222	6.763654	-3.635104	7	-0.1123332	0.5407625	-20.28055	-12.0413	-1.574574
7.88	7.079021	7.309972	-0.1723378	7	-0.2343326	0.2841816	-1.30625	-22.52984	3.708158
7.9	8.684108	8.675765	7.260411	7	-0.06970178	-0.08644211	-4.005729	-22.02603	0.1970768
7.92	7.326325	6.968522	0.02820718	7	-0.59694	-0.6577513	-18.02079	2.493054	-8.740726
7.94	6.828465	7.036813	-2.549593	7	-0.7696472	-0.2298235	-10.72246	8.737329	-1.439695
7.96	6.289314	6.900233	-5.220273	7	-0.372997	0.3047397	-8.494797	0.6609928	1.624039
7.98	7.335588	7.583131	0.2284267	7	-0.2241748	0.03773073	10.04484	-6.606182	5.293426
8	7.630647	7.65142	1.501512	7	0.04420267	-0.1422027	2.54759	-12.1787	-0.2692356
8.02	8.128719	7.583131	3.962723	7	-0.4651558	-0.9430686	11.17152	-3.018396	-1.829535
8.04	7.867152	7.583131	2.218412	7	-0.5313723	-0.9134692	-0.4366841	23.71443	-5.027292
8.06	7.351712	7.583131	-0.7982411	7	-0.2798032	-0.03626511	-15.82196	12.12664	-3.627281
8.08	8.997338	9.017213	6.894853	7	-0.3798485	-0.09466714	-11.8655	-6.682518	-0.5029631
8.1	8.397332	8.129447	3.112314	7	-0.8674756	-0.7200837	-27.85023	-15.27794	-9.795318
8.12	8.203495	8.129447	1.592565	7	-1.471297	-0.9185381	-23.41091	-19.79702	-6.739637
8.14	8.593369	8.744054	2.748919	7	-1.674407	-1.06587	-21.7243	-21.26267	-5.694349
8.16	7.972878	7.924579	-0.8674018	7	-2.186918	-1.733033	-14.51717	-22.71305	-7.567744
8.18	7.872355	7.924579	-1.658994	7	-2.44592	-2.125627	3.449836	-22.86572	-3.846322
8.2	7.726811	7.924579	-2.684947	7	-2.193329	-2.12679	11.63811	-19.44588	-2.731704
8.22	7.911083	7.856288	-1.787638	7	-2.060709	-2.38621	26.47287	-9.613815	-1.122988
8.24	9.983349	9.904979	7.764473	7	-1.39991	-2.065403	20.13906	14.52359	-1.58518
8.26	7.545166	7.309972	-4.907672	7	-1.423628	-1.837351	-10.41711	20.9358	-12.73742
8.28	7.421106	7.65142	-5.13166	7	-1.476352	-1.16051	10.27789	20.44725	0.9218102
8.3	7.192562	7.583131	-5.927488	7	-0.9406031	-0.9105126	16.18496	9.363282	1.952108
8.32	7.038226	6.968522	-5.820786	7	-0.8478309	-1.323151	36.91238	-3.201602	3.775988
8.34	7.510732	6.968522	-2.472263	7	-0.8265265	-2.11003	61.72408	2.660992	4.767585
8.36	7.571952	6.968522	-1.525104	7	-0.3630048	-2.128181	61.7372	30.27931	2.03112
8.38	9.292861	8.744054	7.019537	7	0.3982757	-1.341613	45.05533	21.24114	1.630134
8.4	8.177711	7.378261	1.354993	7	0.3469248	-1.061579	11.23305	19.08847	-8.268917
8.42	7.85257	7.241681	0.126936	7	-0.1752767	-0.8651277	13.34655	6.554122	-2.862464
8.44	7.51173	7.309972	-1.366511	7	-0.1916479	-0.6127032	8.975306	-5.216869	-1.781885
8.46	8.913065	8.812345	5.387659	7	0.01589805	-0.2968427	3.068985	-11.47641	-0.1272192
8.48	7.326791	7.105102	-2.681019	7	-0.2755525	-0.3940524	-17.47416	-16.98786	-8.208334
8.5	7.473585	7.036813	-1.312801	7	-1.189182	-1.240748	15.66192	-12.97259	0.2241449
8.52	6.873734	6.968522	-4.182949	7	-0.8666143	-1.112504	14.29029	-4.087098	-1.028649
8.54	7.007123	7.105102	-3.127355	7	-0.5359377	-0.8146509	22.61413	-6.911525	2.695613
8.56	7.211653	7.036813	-1.655054	7	-0.3350788	-0.9850228	29.52002	0.8441989	2.227707
8.58	7.249511	6.968522	-1.079467	7	-0.1133203	-0.9593983	29.34531	13.28695	1.100798
8.6	7.27166	7.036813	-0.6588339	7	0.1708023	-0.6245561	23.67353	13.45488	0.7897558
8.62	8.889304	8.744054	7.086759	7	0.6615428	0.02606553	6.770082	12.14191	0.5146103
8.64	9.301781	9.085504	8.137159	7	0.7418036	0.5404628	-35.84576	4.554123	-8.831117
8.66	8.975065	8.675765	5.663519	7	-0.2016755	0.4148575	-56.56537	0.1266419	-11.86078
8.68	8.746709	8.812345	3.60339	7	-1.161379	0.1218027	-63.05026	-6.896258	-11.02687
8.7	6.650147	7.036813	-7.203849	7	-2.147063	-0.4698569	-54.44539	-22.05656	-10.24426
8.72	5.867619	6.968522	-10.86705	7	-2.166762	-0.2902241	-23.05605	-32.07183	1.59584
8.74	6.198558	6.968522	-8.544089	7	-1.89352	-0.9964936	18.05452	-42.66725	7.060498
8.76	8.616193	8.470897	3.781643	7	-1.582836	-2.253449	50.03586	-35.98022	6.265853
8.78	7.043426	7.036813	-4.42999	7	-0.7091364	-1.619843	13.6835	17.30222	-6.802253
8.8	6.873624	7.036813	-4.755927	7	-0.3561213	-0.5677407	18.80934	19.94343	2.43799
8.82	8.886414	9.017213	5.18645	7	0.3315254	-0.05945166	12.51955	22.90527	3.567195
8.84	7.232548	7.378261	-3.360589	7	0.6579384	0.6458437	-29.41831	14.89	-7.716667
8.86	8.202911	8.197738	1.815888	7	0.1147226	0.6230094	-14.65599	2.615191	1.171861
8.88	7.072247	7.583131	-4.059888	7	0.3309165	1.091088	-39.98618	21.71443	-4.919924
8.9	6.845513	7.51484	-4.862943	7	0.2198561	1.498595	-34.12836	7.867098	1.289591
8.92	7.34984	7.583131	-1.859461	7	-0.2224931	0.5577083	-12.82516	-7.64435	2.440928
8.94	7.348798	7.65142	-1.820965	7	-0.1552173	0.3153642	-14.75986	-11.35427	-0.6819553
8.96	7.227531	7.583131	-2.370525	7	-0.07742089	0.4778616	-17.76975	12.58466	-0.7161169
8.98	7.190226	7.583131	-2.452918	7	-0.01608306	0.6187276	-18.68796	17.53122	-0.0742178
9	7.232302	7.583131	-2.11209	7	-0.01536283	0.6007451	-17.75288	3.424351	0.08961773
9.02	7.183347	7.583131	-2.282966	7	0.0586561	0.7032281	-20.34053	2.584656	-0.2383814
9.04	7.203732	7.583131	-2.075717	7	0.06156945	0.7371222	-20.64271	1.531222	-0.02373219
9.06	6.603459	6.695365	-4.577377	7	-0.3618784	0.1033357	-7.957451	1.27168	-0.2419415
9.08	7.35104	7.583131	-0.604913	7	-0.2451213	0.01039192	2.674636	-0.2855719	2.874998
9.1	7.520617	7.51484	0.235415	7	-0.1899771	-0.2617008	-1.186191	-0.6672512	-1.242868
9.12	9.453895	9.290372	9.24272	7	-0.1589643	-0.3037303	-9.592635	2.981604	-2.322179
9.14	8.226607	8.197738	2.045936	7	-0.3431625	0.004190423	-50.99134	7.16481	-13.49505
9.16	7.978604	8.197738	0.3431681	7	-1.087095	0.14919	-48.25886	-3.674885	-7.046994
9.18	6.674255	7.309972	-6.423887	7	-1.446645	0.06576649	-45.24125	-9.216868	-5.950809
9.2	6.557302	7.309972	-6.742976	7	-1.599432	-0.1896582	-17.54415	-15.35427	1.645063
9.22	6.871096	7.378261	-4.869293	7	-1.445471	-0.8025579	5.747395	-24.33137	2.895334
9.24	7.10058	7.241681	-3.400963	7	-1.236312	-1.32265	20.83395	-23.88862	1.749301
9.26	7.108083	7.309972	-3.201397	7	-0.6490375	-0.9589343	18.12283	16.82893	0.8634768
9.28	7.201703	7.583131	-2.646204	7	0.1151668	0.006331205	4.822579	22.43198	1.218185
9.3	7.644228	7.65142	-0.1485532	7	0.2197486	0.07601967	3.444948	14.52359	0.9584484
9.32	7.461988	7.583131	-1.012239	7	0.4079051	0.4383615	-11.65359	13.69916	-1.828957
9.34	7.523203	7.583131	-0.5270834	7	0.2329293	0.4964314	-14.34503	8.14191	-1.114616
9.36	7.309475	7.583131	-1.580682	7	0.2365281	0.7405887	-23.55233	0.1877107	-1.911117
9.38	7.524135	7.583131	-0.3248733	7	-0.1702168	0.3178891	-16.31334	-4.23977	-0.9799175
9.4	6.640876	6.763654	-4.489227	7	-0.4683628	-0.02982147	-13.77291	-5.674885	-2.596637
9.42	7.38009	7.583131	-0.5701916	7	-0.5020167	-0.1520688	0.3519278	-3.491678	2.176209
9.44	8.082043	8.197738	2.597812	7	-0.2786869	-0.2160956	-8.797613	-3.75122	-1.927423
9.46	8.600742	8.266026	4.765499	7	-0.7351825	-0.7977495	-13.06816	2.78313	-5.887071
9.48	8.254007	8.197738	2.282831	7	-1.00592	-0.7038019	-30.30362	3.836565	-9.278496
9.5	7.117126	7.309972	-3.692487	7	-1.475861	-0.6522593	-31.09165	-5.598549	-7.545428
9.52	6.666482	7.241681	-5.881191	7	-1.542844	-0.5074401	-16.34855	-12.42298	-1.156907
9.54	6.817839	7.309972	-4.878493	7	-1.385211	-0.7607047	2.489827	-22.42297	1.872289
9.56	7.073591	7.241681	-3.294063	7	-1.205603	-1.205644	17.33493	-27.1558	1.585939
9.58	8.015512	7.309972	1.868616	7	-1.658113	-2.650037	45.64363	-4.056564	0.519455
9.6	8.898038	8.129447	5.877427	7	-1.516831	-3.039021	39.08783	28.01977	-4.954394
9.62	7.966241	7.583131	0.5787691	7	-1.188093	-2.163042	7.657797	18.40145	-9.955485
9.64	7.834674	7.583131	-0.1803921	7	-1.341727	-1.686136	7.826019	4.523588	-4.696725
9.66	7.876201	7.583131	-0.01484144	7	-1.536201	-1.933771	13.3181	-8.132899	-4.028761
9.68	7.810857	7.583131	-0.45596	7	-1.552316	-2.001879	14.17589	-19.50694	-4.293501
9.7	7.894533	7.583131	-0.07872164	7	-1.64239	-2.187243	19.14955	-25.00313	-3.834921
9.72	7.966088	7.583131	0.2141752	7	-1.712468	-2.408193	22.78156	-16.2703	-4.25548
9.74	7.331001	7.583131	-3.279708	7	-1.029967	-1.264826	2.228745	10.72206	-4.611756
9.76	6.664434	7.036813	-6.306145	7	-0.6930612	-0.4768913	0.6604881	1.546489	-0.5952101
9.78	6.928702	7.105102	-4.321743	7	-0.5696589	-0.5502653	16.55565	-1.705419	3.395569
9.8	7.09558	7.036813	-2.919602	7	-0.3808734	-0.8347527	23.43629	11.65336	1.973711
9.82	7.338146	6.968522	-1.136624	7	-0.3884793	-1.209853	30.5754	22.85946	0.9641953
9.84	6.65481	7.036813	-4.468176	7	0.5708755	0.2638271	1.248841	26.52359	-0.7003231
9.86	8.117475	8.197738	3.093381	7	0.7826439	0.7181497	-0.1775739	14.49305	3.302531
9.88	8.314438	8.197738	3.742878	7	0.7303697	0.6867438	-26.80873	10.73733	-5.358047
9.9	8.233676	7.992867	3.076565	7	-0.02518214	0.3799042	-36.66887	3.439619	-7.2356
9.92	6.688514	6.968522	-4.790021	7	-0.5525683	0.4905179	-46.47946	6.157176	-7.72305
9.94	6.536314	7.036813	-5.183437	7	-1.002707	0.2555917	-22.7763	-5.476411	0.5999537
9.96	6.484775	6.968522	-5.122798	7	-0.9945601	-0.2324986	-6.008619	-19.70542	1.528707
9.98	7.597024	7.65142	0.6306114	7	-1.017765	-0.9616544	13.00677	-28.20923	2.161786
10	8.183218	7.583131	3.471588	7	-1.390972	-2.138461	20.60178	-12.77412	-3.944345
10.02	7.482014	7.583131	-0.6857373	7	-0.87204	-1.130078	-8.792624	27.97397	-7.503421
10.04	7.31285	7.65142	-1.769374	7	-0.6770699	-0.2350765	-17.49368	18.11137	-3.304791
10.06	7.287737	7.583131	-1.941076	7	-0.7129864	-0.1528909	-16.78768	-1.491679	-2.213879
10.08	7.569463	7.65142	-0.5182693	7	-0.9560327	-0.5920086	-8.702334	-14.78939	-2.054042
10.1	8.001357	8.197738	1.242814	7	-0.8500579	-0.5346232	-15.53681	-21.85809	-3.73043
10.12	7.331795	7.309972	-2.214869	7	-1.245618	-0.9180413	-15.64947	-25.1558	-6.1015
10.14	8.165505	7.378261	2.32132	7	-2.446647	-2.824852	26.5619	0.0655728	-2.511601
10.16	7.579813	7.378261	-1.107738	7	-2.182476	-2.826169	15.96754	13.69916	-7.616964
10.18	7.988866	8.129447	0.4416245	7	-1.665785	-1.898221	8.161161	0.6915276	-3.865999
10.2	8.183535	8.266026	0.8885144	7	-1.369072	-1.462232	-4.396072	-6.23977	-5.621418
10.22	8.390265	8.197738	1.571338	7	-1.643059	-1.700492	-4.928243	-9.552747	-6.489971
10.24	9.750187	9.358663	7.579428	7	-2.005376	-2.225777	-5.012507	-5.629083	-7.781931
10.26	7.600901	7.583131	-3.994881	7	-2.237853	-1.981631	-32.5854	-0.2703047	-15.62828
10.28	7.083955	7.583131	-6.537975	7	-2.441074	-1.44097	-13.96344	-2.621449	-3.514403
10.3	7.055081	7.583131	-6.466516	7	-2.229635	-1.630932	5.539153	-5.919159	-0.1071301
10.32	7.324618	7.583131	-4.790866	7	-1.912697	-1.927189	21.96887	-13.61382	0.761014
10.34	7.592907	7.583131	-3.140346	7	-1.553903	-2.086285	29.6318	-15.84282	-0.214921
10.36	7.78408	7.583131	-1.909001	7	-1.246066	-2.057434	30.42347	16.78313	-1.425148
10.38	6.988011	7.036813	-5.571649	7	-0.7213823	-1.305554	17.71743	30.63046	-2.444435
10.4	6.839792	7.036813	-5.63928	7	-0.2688047	-0.5531214	18.49875	19.54649	2.115803
10.42	6.827093	7.036813	-4.98765	7	0.2304811	-0.06311437	15.96089	12.21824	2.960032
10.44	7.957884	7.856288	1.18009	7	0.4643596	-0.04331147	15.82257	3.668626	2.913686
10.46	7.578019	7.309972	-0.4924017	7	0.4354713	-0.07046232	-3.037225	16.43198	-3.936075
10.48	7.508519	7.378261	-0.5579496	7	0.1986537	0.1472393	-9.577461	15.16481	-2.562419
10.5	7.766552	7.856288	0.7046732	7	0.1358868	0.3854554	-20.1908	3.577023	-2.865705
10.52	6.849986	6.968522	-3.717534	7	-0.2270153	0.3034242	-26.93458	-7.64435	-4.807372
10.54	6.733841	6.968522	-3.865649	7	-0.5782405	0.09107933	-13.17335	-12.45351	-0.1505356
10.56	6.783337	7.036813	-3.303639	7	-0.613722	-0.2103056	-4.492982	-7.247403	0.2813673
10.58	7.582271	7.65142	0.7668067	7	-0.589678	-0.5152486	1.051373	-3.43061	-0.002342224
10.6	7.461303	7.65142	-0.1678908	7	-0.3389664	-0.1908878	-17.40729	3.27168	-4.570827
10.62	7.476982	7.583131	-0.2093706	7	-0.5610839	-0.1301386	-20.89857	2.523588	-3.960455
10.64	7.339777	7.583131	-1.093608	7	-0.7084131	-0.09411783	-25.5528	-1.934427	-4.325124
10.66	7.342197	7.583131	-1.214518	7	-0.9529598	-0.2651101	-23.11536	-6.285572	-3.682873
10.68	7.348757	7.583131	-1.339987	7	-1.158719	-0.5270211	-19.70524	-8.255037	-3.780874
10.7	7.384748	7.583131	-1.323615	7	-1.338501	-0.8068261	-15.11639	-7.842823	-3.809786
10.72	7.461677	7.583131	-1.10096	7	-1.513443	-1.136384	-9.3755	-2.010762	-3.942008
10.74	7.380008	7.583131	-1.741826	7	-1.490781	-1.155459	-9.324834	-2.117633	-4.275454
10.76	6.875643	7.036813	-4.205707	7	-1.585186	-1.286715	-3.104875	-3.308472	-3.597028
10.78	6.742971	6.968522	-4.61137	7	-1.483396	-1.305821	8.74457	-3.674885	-0.5666952
10.8	6.926594	7.036813	-3.38308	7	-1.251726	-1.417771	18.92084	-1.919159	0.518424
10.82	6.954178	7.036813	-3.012141	7	-0.8431707	-1.211443	18.07048	7.241146	-0.2225494
10.84	7.117125	7.036813	-1.878247	7	-0.6223378	-1.102128	18.94985	13.7297	-0.1647387
10.86	8.30197	8.197738	3.872513	7	-0.2581069	-0.7771906	8.879719	11.60756	-1.118812
10.88	7.569167	7.378261	-0.06808329	7	-0.3201692	-0.5728037	-15.57505	7.775497	-7.941229
10.9	7.285961	7.241681	-1.402201	7	-0.7224607	-0.4420609	-14.75626	3.302214	-4.310927
10.92	7.180799	7.241681	-1.84797	7	-0.9879248	-0.6646249	-9.664552	-6.163435	-3.120492
10.94	6.947132	6.968522	-2.841936	7	-1.224998	-1.040233	-1.082254	-12.92679	-2.684508
10.96	7.006221	7.036813	-2.37035	7	-1.263435	-1.265434	8.072558	-15.82756	-1.413963
10.98	6.986246	6.968522	-2.315136	7	-1.176806	-1.391538	12.64365	1.256413	-1.638613
11	6.97232	7.105102	-2.329989	7	-0.81582	-0.9993725	8.337088	0.4472523	-1.400815
11.02	6.980082	6.968522	-2.069254	7	-0.7120877	-0.9270272	9.434679	2.951069	-1.122456
11.04	7.160657	7.036813	-0.9495291	7	-0.693799	-1.020819	11.73542	2.447252	-1.198393
11.06	7.060352	6.968522	-1.332553	7	-0.6027084	-0.9254244	7.38246	5.943435	-2.34321
11.08	7.950246	7.856288	2.958547	7	-0.483316	-0.7475669	2.435796	2.890001	-1.89862
11.1	8.387291	8.197738	4.546686	7	-0.5432383	-0.7053073	-16.8565	2.386184	-7.075596
11.12	9.365693	9.085504	8.441417	7	-0.9948754	-0.8293042	-33.33156	-0.7283199	-9.921922
11.14	7.702165	7.856288	-0.942274	7	-1.506618	-0.540647	-63.72357	-2.02603	-15.98702
11.16	6.446192	7.036813	-7.327656	7	-2.251163	-0.4882992	-47.23156	-7.705419	-6.93203
11.18	6.274812	7.036813	-7.917438	7	-2.458903	-1.015646	-13.97281	-19.27794	0.3159075
11.2	6.599852	7.036813	-5.920747	7	-2.341752	-1.846815	16.39887	-29.67488	2.021759
11.22	6.741333	6.968522	-4.927121	7	-1.849865	-2.095191	29.00917	-34.43824	0.962286
11.24	7.815445	7.036813	1.037868	7	-2.175054	-3.489469	61.05503	-7.186335	0.8515129
11.26	7.003198	6.149047	-2.720989	7	-2.062208	-3.940556	60.27579	25.89763	-5.246279
11.28	7.778796	7.309972	1.242731	7	-1.380128	-3.026324	56.56363	24.38618	-0.6188927
11.3	7.4314	6.763654	-0.3687992	7	-1.069336	-2.713219	42.95876	25.21061	-4.675607
11.32	7.298267	6.763654	-0.7591295	7	-0.8779059	-2.173133	36.70427	8.78313	-2.87181
11.34	7.910552	7.583131	2.262453	7	-0.4758478	-1.500217	23.53919	-4.377175	-2.324906
11.36	7.587956	6.968522	0.7443459	7	-0.7423666	-1.670245	14.71993	-2.896259	-5.936896
11.38	7.414911	7.036813	-0.05731034	7	-0.9086603	-1.493129	10.26573	1.790764	-4.712605
11.4	7.37391	7.036813	-0.1784889	7	-1.11515	-1.593395	11.24396	-1.308473	-4.085043
11.42	6.156705	6.080756	-5.960452	7	-1.14051	-1.404605	9.139737	-2.529846	-4.110462
11.44	6.04483	6.012467	-5.716999	7	-1.13904	-1.444661	31.23678	-3.75122	2.73577
11.46	6.206858	6.080756	-4.176006	7	-0.7682167	-1.593278	43.79564	0.4472523	3.521895
11.48	6.493381	6.080756	-2.031718	7	-0.4417557	-1.726887	50.80957	9.424351	2.823589
11.5	7.724749	7.241681	4.262302	7	0.1067603	-1.359638	40.52948	26.11137	1.167079
11.52	6.71862	6.422206	-0.8631072	7	0.5243832	-0.4345047	3.51837	18.8442	-5.968623
11.54	6.545217	6.422206	-1.338382	7	0.4061839	0.2255215	-1.192782	14.85946	-0.7560921
11.56	6.326992	6.422206	-2.121897	7	0.4402402	0.523459	-7.690135	1.225878	-0.3157969
11.58	7.362052	7.241681	3.193132	7	0.2279421	0.2276538	-3.917621	-10.25504	0.5649195
11.6	6.482694	6.080756	-1.073314	7	-0.3771036	-0.5528309	-7.86493	-2.255037	-5.744678
11.62	6.111921	6.080756	-2.671586	7	-0.6421926	-0.5202547	-0.3202741	4.019772	-1.43306
11.64	5.974784	6.080756	-3.076643	7	-0.5960845	-0.5454216	7.189798	-5.033663	0.5438375
11.66	7.077045	7.036813	2.444691	7	-0.4263866	-0.6766558	12.87961	-11.53748	1.460541
11.68	7.478527	6.968522	4.188146	7	-0.6783435	-1.316439	7.719676	0.00450451	-4.661801
11.7	7.204039	6.968522	2.271472	7	-0.7520706	-1.021863	-9.532274	4.722062	-7.266785
11.72	7.000536	7.036813	0.7875419	7	-0.8761829	-0.6142524	-18.84945	-2.819923	-5.877017
11.74	6.781016	7.036813	-0.7101215	7	-0.9566199	-0.3549811	-23.80537	-9.995495	-4.749094
11.76	6.808486	7.036813	-0.816558	7	-1.169941	-0.5213959	-18.62472	-17.38481	-3.380946
11.78	7.002781	7.036813	-0.03672984	7	-1.494317	-1.11186	-7.894059	-23.2016	-3.394512
11.8	7.369049	7.036813	1.609597	7	-2.005826	-2.125037	8.295981	-4.484045	-4.370517
11.82	6.078175	6.080756	-5.032959	7	-1.966656	-2.077023	5.430352	3.668626	-6.392537
11.84	6.166492	6.080756	-4.135069	7	-2.058108	-2.321488	34.17096	-0.6977856	1.326259
11.86	6.167209	6.422206	-4.04691	7	-1.156881	-1.702581	31.72014	-1.339007	1.330692
11.88	6.762112	6.353915	-0.5724063	7	-1.024542	-2.068826	46.80368	8.126642	2.161758
11.9	6.999067	6.695365	0.6326191	7	-0.4357778	-1.632063	33.78988	21.21061	-1.085341
11.92	5.860908	5.739308	-4.748388	7	-0.03760296	-0.777736	16.98967	17.13428	-2.303641
11.94	5.883512	5.807599	-3.83012	7	0.1116912	-0.3688399	27.09794	4.202978	4.043633
11.96	6.053626	5.739308	-2.178558	7	0.2150145	-0.6484452	35.82847	1.210612	3.800658
11.98	6.142378	5.739308	-1.088367	7	0.4113718	-0.6694263	35.85617	14.72206	2.593258
12	7.389092	7.036813	5.199348	7	0.840326	-0.2058093	22.89816	15.36328	1.793761
12.02	7.415678	6.968522	4.962749	7	0.8757795	0.1416773	-8.430877	12.9816	-5.56976
12.04	7.26903	6.968522	3.864346	7	0.4338342	0.4446633	-27.34292	1.48542	-6.449904
12.06	5.663343	5.739308	-4.176337	7	-0.1431601	0.5625978	-35.85389	-10.94206	-6.402713
12.08	5.447936	5.807599	-4.782479	7	-0.5449954	0.3983044	-12.42256	-20.75885	2.200118
12.1	5.491286	5.807599	-4.138651	7	-0.510398	-0.08623359	5.541848	-28.80466	3.498351
12.12	6.780375	6.695365	2.469235	7	-0.4265341	-0.7015855	20.84411	-25.12527	3.589388
12.14	6.415492	6.763654	0.04857159	7	0.4156049	0.3290578	-14.61357	13.98924	-3.514014
12.16	5.605897	5.807599	-3.775304	7	0.2637726	0.7368694	-17.78092	17.48542	-1.158446
12.18	5.379426	5.807599	-4.466142	7	0.3129911	0.957167	-9.790622	19.24115	3.205162
12.2	5.339219	5.739308	-4.151937	7	0.4971224	0.9434352	-1.913342	2.615191	4.558686
12.22	5.736156	5.807599	-1.592914	7	0.5060626	0.525001	10.37958	-7.690151	4.898757
12.24	5.344707	5.807599	-3.378601	7	1.186143	1.334856	-7.245742	18.44725	2.568642
12.26	5.242189	5.739308	-3.426459	7	1.553291	2.046583	-13.2438	16.09611	4.925647
12.28	5.592665	5.739308	-1.046207	7	1.435727	1.755144	-6.096776	15.97397	5.408239
12.3	5.725048	5.739308	0.008214817	7	1.325311	1.438677	-6.844659	8.477786	3.008273
12.32	5.921141	5.807599	1.256298	7	1.077048	1.118121	-6.428349	12.14191	1.819052
12.34	5.602818	5.807599	-0.3565574	7	1.181179	1.502935	-20.1015	6.279313	0.2408495
12.36	6.77108	6.763654	5.356601	7	0.9113935	1.277292	-17.50875	-1.155801	1.834072
12.38	8.173875	8.197738	11.15954	7	0.8838075	1.313161	-45.53443	-3.690152	-5.123862
12.4	6.399643	6.422206	1.284222	7	0.01415002	1.165117	-74.86082	-9.247403	-13.40616
12.42	5.847828	6.353915	-1.837071	7	-0.9172051	1.022362	-58.175	-9.613815	-4.047803
12.44	5.170932	6.080756	-5.501599	7	-1.112412	0.7709761	-43.60463	-17.11	-0.9051762
12.46	6.257538	7.036813	-0.3404508	7	-1.027307	0.3616446	-20.28046	-29.12527	3.640783
12.48	7.449449	7.583131	4.947385	7	-1.127635	-0.6441758	-12.12476	-34.81992	-1.638247
12.5	7.357411	6.627074	4.015356	7	-2.153687	-2.418248	3.545816	5.21061	-7.959807
12.52	6.640285	6.695365	-0.4206951	7	-2.021568	-1.96639	-5.335961	19.47015	-7.620057
12.54	6.085103	6.695365	-3.754634	7	-1.474246	-0.8690963	-11.12044	2.798398	-2.866513
12.56	6.449038	6.695365	-1.922657	7	-1.434818	-1.082917	8.258559	-13.50694	1.263702
12.58	6.727997	6.695365	-0.5762923	7	-1.314685	-1.543965	18.86048	-22.16343	-0.1800137
12.6	8.472058	8.129447	7.59042	7	-1.139645	-1.839844	21.35287	-24.40771	-1.291833
12.62	6.947687	6.763654	-0.800111	7	-0.9648875	-1.383301	-11.92758	22.08084	-10.88678
12.64	6.189297	6.695365	-4.734667	7	-0.7087349	-0.0581708	-17.23326	25.51595	-2.229719
12.66	5.702183	6.763654	-7.11687	7	0.05912113	1.194374	-24.19026	5.256413	2.466761
12.68	6.2334	6.763654	-3.865502	7	0.1275856	0.9113961	-4.809052	-11.38481	5.916092
12.7	6.496596	6.695365	-2.135357	7	0.2208358	0.4082646	2.140212	-15.12527	3.061127
12.72	6.370101	6.763654	-2.611441	7	0.674845	0.9177322	-8.995536	23.01214	1.530232
12.74	6.03254	6.695365	-4.090589	7	1.192803	1.872808	-23.87736	26.82893	2.281779
12.76	6.389209	6.763654	-1.80568	7	1.123	1.828305	-18.60215	11.28695	4.18753
12.78	6.298326	6.695365	-1.995481	7	1.177979	1.84327	-25.2163	13.31748	1.812458
12.8	6.631817	6.763654	0.01165736	7	0.8317645	1.402756	-19.04172	10.09611	1.998144
12.82	6.558716	6.763654	-0.3108587	7	0.6882982	1.236706	-24.32067	8.248778	-0.3827734
12.84	6.531354	6.763654	-0.4165322	7	0.4710472	1.140878	-25.29193	-2.010762	-0.2994833
12.86	6.990389	7.378261	1.598599	7	0.4811375	1.284474	-31.74674	-4.041297	-0.4095678
12.88	7.240815	7.378261	2.499196	7	0.0777529	0.8452794	-34.80906	-4.865724	-3.088246
12.9	8.11876	8.197738	6.127107	7	-0.3578709	0.4255328	-39.10559	-5.812289	-4.817404
12.92	6.682188	7.036813	-1.846556	7	-0.7648418	0.4357632	-57.57856	-11.36954	-10.01413
12.94	6.400616	6.968522	-3.404803	7	-1.309102	0.2772796	-37.71992	-16.77412	-1.970156
12.96	7.007883	7.583131	-0.7003932	7	-1.367624	-0.216755	-21.41928	-22.23977	-0.08946419
12.98	7.326679	7.583131	0.4424763	7	-1.462079	-0.8443677	-14.06093	-22.59091	-2.914493
13	7.005102	7.583131	-1.814989	7	-1.079694	-0.3166425	-25.78902	8.554122	-4.294952
13.02	6.914466	7.583131	-2.625515	7	-0.8419999	0.1867086	-27.90221	4.813665	-1.869929
13.04	8.777964	9.017213	6.108422	7	-0.9313911	-0.2619037	-19.37507	-4.224503	-0.8666801
13.06	8.229227	8.129447	2.464052	7	-1.377447	-0.9579259	-35.87548	-2.056564	-11.23015
13.08	7.323598	7.583131	-2.587789	7	-1.845277	-0.858048	-35.65917	-0.9115258	-8.348593
13.1	7.037714	7.583131	-4.242174	7	-1.994679	-0.8771023	-21.4727	-7.537479	-3.105205
13.12	7.153485	7.583131	-3.713835	7	-1.983961	-1.279598	-3.307665	-15.38481	-0.9321756
13.14	7.388099	7.583131	-2.551996	7	-1.865557	-1.708071	10.68181	-19.64435	-0.9621887
13.16	7.488149	7.583131	-2.10825	7	-1.579833	-1.761034	14.8621	-12.59091	-1.755397
13.18	7.232303	7.65142	-3.559654	7	-0.8565429	-0.8442736	1.715654	16.69153	-1.873761
13.2	6.87741	7.036813	-4.910953	7	-0.7523059	-0.7093501	8.050655	17.33275	0.08917522
13.22	6.692903	7.036813	-5.363353	7	-0.3068516	-0.2672283	9.845572	15.83656	2.162942
13.24	6.854609	7.036813	-3.935405	7	0.01443727	-0.1273962	15.191	12.87473	3.41445
13.26	8.363927	8.197738	3.821289	7	0.2260964	-0.3088292	16.37464	10.09611	2.491867
13.28	7.462902	7.309972	-0.823198	7	0.337065	-0.03209678	-12.9612	16.41672	-6.33448
13.3	7.307506	7.241681	-1.298462	7	-0.03880849	0.1566939	-10.91336	16.37092	-1.800099
13.32	7.054703	7.309972	-2.448955	7	-0.01025002	0.3982993	-16.43163	8.859466	-1.468752
13.34	7.020952	7.309972	-2.41573	7	-0.04830208	0.4742911	-15.52919	-5.277938	-0.2284107
13.36	7.970122	7.992867	2.35166	7	-0.2625494	0.006675541	-9.025198	-13.87336	-0.2025166
13.38	7.226679	6.968522	-1.345983	7	-0.7976317	-0.771624	-10.21889	-15.70542	-5.845219
13.4	6.487568	6.968522	-5.052418	7	-0.5467848	0.03981805	-16.75423	5.119009	-2.10457
13.42	6.281143	6.968522	-5.785666	7	-0.1902525	0.6215596	-13.11715	-1.552747	2.316203
13.44	6.783325	6.968522	-2.689497	7	-0.290321	0.01545826	6.259712	-7.186335	3.815052
13.46	8.753975	8.470897	7.028432	7	-0.3122778	-0.7520538	12.42931	-9.140532	0.9406996
13.48	6.871022	6.968522	-2.970985	7	-0.03522524	-0.04921055	-30.86478	15.24114	-10.41729
13.5	6.603404	7.105102	-4.093113	7	-0.1472219	0.8323432	-26.0925	16.7984	-0.02112103
13.52	6.495142	7.036813	-4.344934	7	-0.1195315	0.7750098	-19.3804	5.515954	1.433684
13.54	6.763539	6.968522	-2.566023	-7	-0.3198811	0.1559376	-5.419842	-7.308472	1.61638
13.56	6.969093	6.968522	-1.260274	-7	-0.457949	-0.396872	0.4158863	-7.171067	-0.5433664
13.58	6.467573	6.968522	-3.826055	-7	0.0617494	0.4483402	-19.8555	9.241145	-2.418058
13.6	6.717247	6.968522	-2.214959	-7	-0.08366607	0.448123	-15.61199	0.7067943	-0.02048588
13.62	6.769494	7.036813	-1.819732	-7	-0.1154324	0.3753073	-21.7403	-0.651984	-2.274235
13.64	6.953794	7.036813	-0.7520574	-7	-0.4660568	0.001912847	-21.51214	-2.529846	-3.410761
13.66	6.643357	7.036813	-2.439396	-7	-0.4789033	0.2637276	-35.57851	-1.033664	-5.466378
13.68	6.521405	7.036813	-3.068401	-7	-0.6387004	0.4520424	-40.98771	-6.148167	-4.494883
13.7	6.443401	6.968522	-3.4301	-7	-0.9029275	0.2925081	-41.59115	-10.46878	-4.587709
13.72	6.606134	7.036813	-2.601896	-7	-1.269893	-0.1498164	-37.44059	-14.81992	-4.925014
13.74	6.717091	7.036813	-2.141305	-7	-1.676057	-0.7139731	-34.45046	-15.79702	-6.623166
13.76	6.708242	7.036813	-2.396689	-7	-2.017139	-1.097568	-34.31008	-11.12527	-8.014011
13.78	6.779415	7.105102	-2.304456	-7	-2.354178	-1.445645	-32.95588	-10.92679	-8.632468
13.8	5.678984	6.149047	-7.829345	-7	-2.637809	-1.613707	-32.85849	-10.1329	-9.637278
13.82	5.558671	6.149047	-8.055886	-7	-2.768742	-1.761239	-13.83907	-13.03366	-3.892744
13.84	5.610992	6.080756	-7.385664	-7	-2.647194	-2.125032	-0.3081741	-14.40771	-3.433298
13.86	7.201934	7.309972	0.5919572	-7	-2.479555	-2.541522	7.522258	-6.880991	-3.932567
13.88	7.201158	7.309972	-0.07005477	-7	-2.185637	-2.23817	-24.69994	9.638091	-13.36654
13.9	6.605854	6.695365	-3.311498	-7	-2.649351	-2.071738	-37.62457	9.180076	-14.09605
13.92	6.394636	6.831944	-4.583946	-7	-2.974105	-1.918279	-41.28954	0.4777867	-11.78445
13.94	7.183451	7.583131	-1.0494	-7	-3.317357	-2.260528	-39.49773	-13.88862	-11.30716
13.96	6.773967	7.036813	-3.614816	-7	-3.865981	-2.872232	-45.84272	-26.91152	-16.42093
13.98	6.920219	7.036813	-3.192369	-7	-4.701725	-3.753546	-31.58828	-33.90389	-14.87651
14	6.744607	7.036813	-4.6188	-7	-5.073137	-4.254235	-28.87975	-34.16343	-16.39095
14.02	5.706259	6.080756	-9.947272	-7	-5.432012	-4.606486	-19.71858	-28.95733	-15.70726
14.04	5.529754	6.012467	-10.56395	-7	-5.482303	-4.858729	3.852581	-20.19397	-10.01576
14.06	4.507167	5.056413	-15.06221	-7	-5.102222	-4.888934	18.20875	-8.23977	-8.90072
14.08	6.721927	6.763654	-3.385153	-7	-4.72956	-5.355897	48.90623	6.157176	-2.904535
14.1	5.928198	6.080756	-7.554404	-7	-3.741899	-4.636305	10.35327	19.45488	-15.47537
14.12	5.116622	5.124701	-10.83726	-7	-3.790945	-4.10007	10.32323	32.15717	-11.33912
14.14	4.692228	4.851542	-11.91011	-7	-3.679994	-3.928639	19.10666	17.22588	-7.666626
14.16	5.007002	5.124701	-9.330001	-7	-3.37231	-3.863427	25.97721	-3.858091	-6.012027
14.18	5.101279	4.851542	-7.869968	-7	-3.34166	-4.220171	28.9409	-11.35427	-8.535295
14.2	5.395924	5.19299	-5.743485	-7	-3.138538	-4.018354	19.88491	14.75259	-10.17498
14.22	4.849255	4.783254	-7.919692	-7	-3.013343	-3.548483	1.510438	15.63809	-12.952
14.24	4.657864	4.441804	-7.965965	-7	-3.437606	-3.770194	6.433198	7.225879	-11.07902
14.26	3.935414	3.895488	-10.67541	-7	-3.620273	-3.89853	7.278165	-0.08709857	-11.37811
14.28	3.604028	3.554038	-11.1619	-7	-3.806574	-4.162957	20.9678	-6.865724	-8.402733
14.3	5.100236	5.124701	-3.181806	-7	-3.407172	-4.023025	20.16865	-0.04129703	-7.505496
14.32	3.283068	3.554038	-11.95533	-7	-2.977893	-3.177134	-18.30147	0.4930542	-16.73069
14.34	3.210785	3.144301	-10.89565	-7	-3.69013	-3.574885	9.093417	4.111374	-7.483186
14.36	1.804241	2.529693	-16.89429	-7	-3.0494	-2.795869	-2.209835	1.470153	-8.397369
14.38	2.216031	2.256536	-12.88079	-7	-3.355675	-3.567694	36.48144	-9.644349	-0.9613171
14.4	3.022623	3.144301	-7.801849	-7	-2.653923	-3.515619	32.96061	5.348015	-4.307097
14.42	2.040155	1.641927	-11.33748	-7	-2.766486	-3.85717	29.09284	6.264046	-9.612005
14.44	1.551523	1.300479	-12.13715	-7	-2.792524	-3.755656	38.71605	25.39382	-5.502564
14.46	1.081539	1.02732	-12.86509	-7	-2.404241	-3.4142	40.93891	10.81366	-3.952232
14.48	1.203099	0.6175833	-10.28067	-7	-2.550654	-4.059412	61.75219	3.59229	-2.284897
14.5	0.6324043	0.3444233	-11.56337	-7	-1.955653	-3.582622	52.86684	6.233511	-4.3316
14.52	1.545678	1.300479	-5.66923	-7	-1.325432	-2.792106	43.98188	12.81366	-2.165843
14.54	0.8311776	0.9590311	-8.417296	-7	-0.5049801	-1.360454	-0.1596544	11.62282	-8.525586
14.56	0.4076926	0.4127131	-9.124038	-7	-0.7370721	-0.8607803	-8.890764	11.28695	-5.858515
14.58	1.028201	1.36877	-5.156416	-7	-0.6224885	-0.3333605	-24.30026	2.615191	-5.293791
14.6	-0.2987331	-0.3384733	-10.572	-7	-1.436205	-1.040477	-28.66383	-8.682517	-10.30757
14.62	-1.605707	-1.02137	-15.61976	-7	-1.700661	-0.8028857	-20.99268	-0.9115258	-4.724062
14.64	-0.9365877	-0.4067631	-10.69949	-7	-1.734015	-1.158519	4.217672	-7.873358	1.556261
14.66	-0.8860259	-0.9530802	-9.028727	-7	-1.953902	-2.271198	18.35915	-6.270305	-3.047009
14.68	0.3270843	0.002975464	-2.097362	-7	-2.016023	-2.820542	23.74503	8.645724	-4.455864
14.7	-2.06701	-2.045715	-13.27327	-7	-1.865628	-2.308516	-4.755989	18.01977	-12.42521
14.72	-1.231558	-1.362819	-7.526549	-7	-2.297537	-2.546313	28.82475	4.798398	0.05312634
14.74	-2.591493	-2.045715	-13.45366	-7	-1.399853	-1.631402	3.992624	-7.21687	-5.657472
14.76	-2.485982	-2.796902	-10.84546	-7	-1.969699	-2.526726	42.80228	-2.545114	1.61065
14.78	-2.16177	-2.045715	-8.057209	-7	-1.165987	-2.114869	36.59031	5.088474	-0.1450815
14.8	-1.688321	-2.387164	-4.294804	-7	-1.387436	-2.828416	45.61497	10.43198	-2.509747
14.82	-2.98728	-3.070061	-9.83941	-7	-0.8325132	-1.8562	18.18291	14.50832	-6.530381
14.84	-3.781859	-3.684668	-12.16686	-7	-0.6647774	-1.09666	21.189	6.645725	-0.1186581
14.86	-2.99253	-3.001771	-6.663568	-7	-0.4131479	-1.062744	31.88557	-9.018395	3.401873
14.88	-3.09936	-3.684668	-5.750422	-7	-0.6361341	-1.855973	35.14405	5.317482	-2.002206
14.9	-3.812904	-4.367564	-7.864297	-7	-0.8147618	-2.047237	36.67115	13.13428	-2.796571
14.92	-3.729394	-3.684668	-6.397508	-7	-0.1860092	-1.01552	24.36176	7.088474	-0.01447201
14.94	-2.687675	-3.070061	-0.298635	-7	-0.1634153	-1.08792	19.99873	-0.7130527	-1.202709
14.96	-3.716707	-4.162696	-4.740757	-7	-0.4372499	-1.181823	-0.3261795	0.9968708	-8.312353
14.98	-4.702332	-4.777303	-8.579231	-7	-0.7614272	-0.8738646	0.6558781	2.050306	-3.906251
15	-4.358945	-4.367564	-5.74343	-7	-0.8993892	-1.069022	15.27845	-11.47641	0.6256771
15.02	-4.647093	-5.050462	-6.043637	-7	-1.239059	-1.960473	27.86645	-12.71305	-2.040626
15.04	-4.937284	-4.777303	-6.768857	-7	-0.656275	-1.178444	17.32536	5.363282	-1.282457
15.06	-5.497318	-5.460199	-8.42761	-7	-0.4820226	-0.8992573	18.74609	1.225878	0.03778076
15.08	-5.977727	-6.143096	-9.272005	-7	-0.5483611	-1.18708	35.28709	2.508322	2.596871
15.1	-5.647637	-5.801648	-6.241607	-7	-0.1851171	-1.176272	45.56398	4.523588	4.619932
15.12	-4.771629	-5.118752	-0.9612556	-7	0.2861639	-1.027824	39.25953	13.10374	2.255019
15.14	-5.645404	-6.074806	-4.499762	-7	0.4230235	-0.7075584	18.6199	17.50069	-3.404062
15.16	-5.378452	-5.39191	-2.442078	-7	0.7164996	0.2529777	5.868851	12.32512	0.4800653
15.18	-6.34895	-6.416255	-6.361077	-7	0.5767922	0.3845058	-3.924978	-6.438243	-1.837778
15.2	-5.764708	-6.074806	-2.291522	-7	0.06307399	-0.2271084	15.62382	-0.3313735	2.625048
15.22	-5.518809	-5.869938	-0.5206053	-7	-0.064612	-0.7044094	12.28284	-5.445877	-1.665799
15.24	-6.902986	-6.825994	-6.923761	-7	0.08608308	-0.07722759	-5.677554	5.454885	-3.843088
15.26	-6.27614	-6.416255	-2.781783	-7	-0.2649583	-0.3927377	17.02866	-4.300839	3.439995
15.28	-6.485806	-6.484545	-3.357636	-7	-0.009391677	-0.3907811	8.834446	-6.163435	-0.6934719
15.3	-6.087685	-6.143096	-0.931242	-7	0.07919648	-0.2063275	6.193653	8.660994	0.1416168
15.32	-7.087369	-7.099152	-5.393819	-7	0.04151614	-0.08664235	-2.674567	-3.797022	-2.573672
15.34	-7.192631	-6.825994	-5.261077	-7	0.2995096	0.5623743	-1.83156	1.546489	2.543623
15.36	-6.71593	-6.825994	-2.063542	-7	0.07814409	-0.07152063	12.61576	-5.04893	2.943783
15.38	-7.746823	-7.850338	-6.423406	-7	0.0302773	-0.3187187	12.41534	-5.506946	-0.2738523
15.4	-6.728883	-6.484545	-0.8304273	-7	0.5639703	0.3856929	13.21692	8.340381	5.120809
15.42	-6.087789	-6.143096	2.426927	-7	0.8256257	0.4894567	-4.343719	7.393818	-0.683856
15.44	-7.447202	-7.50889	-4.06529	-7	0.5435613	0.6489609	-21.3682	4.279314	-4.833666
15.46	-7.618071	-7.4406	-4.21965	-7	0.2204205	0.72747	-8.727688	14.00451	2.065688
15.48	-7.722476	-7.50889	-4.129606	-7	0.198667	0.4781971	-0.521256	-7.827556	2.610415
15.5	-7.357491	-7.50889	-1.623674	-7	-0.03610149	-0.2243285	15.71142	-6.178701	3.010239
15.52	-7.565807	-7.50889	-2.374801	-7	0.2851168	-0.005685233	7.884675	3.607558	0.6235743
15.54	-7.402991	-7.50889	-1.105293	-7	0.2851529	-0.001046889	10.84698	5.470153	1.716089
15.56	-7.641429	-7.50889	-2.07028	-7	0.6073232	0.4842439	-0.7492805	4.004504	0.5074234
15.58	-7.199055	-7.50889	0.6537479	-7	0.2316178	-0.04769436	10.72093	-0.04129703	1.705879
15.6	-7.456411	-7.50889	-0.5631673	-7	0.3642009	0.1234934	-0.990545	-1.094732	-1.31416
15.62	-7.466659	-7.50889	-0.4185246	-7	0.280194	0.2566881	-2.554179	0.9968708	-0.08993816
15.64	-7.537611	-7.50889	-0.6453493	-7	0.2456083	0.3144591	-5.525573	-1.949694	-0.3109388
15.66	-6.033848	-6.143096	6.559114	-7	0.1814385	0.161664	-7.125595	-4.697785	-0.1126556
15.68	-5.845082	-6.143096	6.62069	-7	-0.1543461	-0.1480516	-31.00782	0.05030605	-8.857918
15.7	-6.111708	-6.211386	4.354309	-7	-0.7859778	-0.1310602	-46.9381	-0.7130527	-10.45335
15.72	-6.474587	-6.074806	1.53148	-7	-1.196626	0.1455021	-58.62442	-6.972594	-9.370131
15.74	-6.896643	-6.484545	-1.198899	-7	-1.894423	-0.3542362	-48.71999	-30.72832	-7.272719
15.76	-8.915858	-7.850338	-11.49407	-7	-1.870605	-0.01190239	-44.24055	-25.2474	-4.70908
15.78	-8.365829	-7.782049	-7.864174	-7	-2.230501	-1.07542	16.07206	-30.14817	7.563787
15.8	-8.357749	-7.782049	-7.399368	-7	-1.384861	-1.371085	32.35114	-6.331373	5.299573
15.82	-5.930239	-6.416255	5.127293	-7	-1.172078	-2.385584	62.07629	-0.2550375	6.398286
15.84	-6.65153	-7.50889	1.328413	-7	-0.9431503	-2.778516	40.27279	16.0503	-7.008642
15.86	-4.755727	-5.801648	10.46023	-7	-1.125284	-2.794474	42.75201	29.72969	-3.108953
15.88	-7.201127	-7.167441	-2.816835	-7	-0.3163829	-0.9198467	-23.02047	13.42435	-14.16725
15.9	-5.776001	-6.757704	4.879138	-7	-1.836255	-2.24667	27.47803	-11.27794	-0.2736397
15.92	-7.661605	-6.757704	-5.652935	-7	-0.3351102	-0.03303909	-33.71188	-7.842823	-9.082592
15.94	-6.27621	-6.825994	2.008594	-7	-1.615484	-1.508757	19.79242	-16.91153	2.465176
15.96	-8.02211	-7.782049	-6.900042	-7	-1.110215	-1.242256	-0.2103047	1.515954	-5.870056
15.98	-7.00723	-7.782049	-0.7487311	-7	-2.065174	-2.823639	57.90781	-7.323739	4.444217
16	-5.947469	-6.143096	4.021029	-7	-1.023334	-2.374205	39.64901	11.28695	-1.462224
16.02	-5.494493	-7.4406	6.644848	-7	-2.426313	-4.736999	68.753	6.248779	-6.810391
16.04	-7.076785	-7.099152	-2.227799	-7	-1.136865	-2.386936	14.78486	17.97397	-10.33232
16.06	-6.508413	-7.235731	1.05879	-7	-1.691231	-2.62434	41.38064	-11.76649	-0.6868067
16.08	-8.12691	-8.123497	-6.953318	-7	-1.042952	-1.816695	23.54146	-19.99549	-4.104194
16.1	-5.313446	-6.757704	8.034548	-7	-2.099853	-3.913306	86.51175	1.27168	5.480735
16.12	-7.427654	-7.850338	-3.183429	-7	-0.974486	-2.869637	31.9956	-1.003129	-10.88168
16.14	-8.473491	-8.874683	-7.42795	-7	-1.018686	-2.014485	48.9017	17.30222	1.460181
16.16	-8.469405	-7.50889	-7.086151	-7	0.9551451	0.6311032	23.21554	-6.270305	7.389296
16.18	-6.622136	-8.464945	4.11445	-7	-0.7134705	-2.82516	95.31893	2.401451	8.397381
16.2	-7.26519	-8.055207	0.8844833	-7	0.2494781	-2.214671	57.64494	21.98924	-3.417243
16.22	-7.868738	-9.079553	-1.154725	-7	-0.1114631	-2.217144	65.72884	28.85947	0.151885
16.24	-9.473715	-8.806395	-8.905245	-7	1.776236	1.015832	16.55154	2.264046	2.834993
16.26	-7.38079	-8.738104	3.547119	-7	0.5503151	-1.070449	80.99704	-0.4077093	12.50372
16.28	-8.146585	-8.464945	-0.2455571	-7	1.766141	-0.03671217	32.7925	7.821297	-0.5329046
16.3	-7.196118	-8.396656	5.395889	-7	1.094199	-0.5570686	47.30853	23.27168	3.665798
16.32	-8.214995	-8.123497	-0.05195695	-7	2.136603	1.375172	-8.803617	-3.583281	-2.855714
16.34	-7.3598	-8.123497	4.880717	-7	1.150048	0.6894459	9.277357	8.874732	2.698183
16.36	-8.108794	-8.191787	0.9019763	-7	1.245316	1.089142	-18.11574	-16.57565	-3.286414
16.38	-7.863441	-8.123497	2.321828	-7	0.6209459	0.7826766	-9.380466	7.42435	0.5329046
16.4	-8.182057	-8.123497	0.5492055	-7	0.5130832	0.7932343	-17.41418	-16.0413	-1.404761
16.42	-7.872814	-8.055207	2.124088	-7	-0.003313959	0.2000619	-5.235778	3.500687	0.2721338
16.44	-7.817022	-8.055207	2.207066	-7	-0.3416606	-0.3956128	-0.5487804	-10.81992	-1.680394
16.46	-8.185986	-8.123497	0.02802241	-7	-0.277049	-0.1712152	-6.194982	-0.9878618	-2.025616
16.48	-8.293113	-8.123497	-0.6473676	-7	-0.2100377	0.05382413	-3.88931	-2.880991	0.3333368
16.5	-8.446755	-8.123497	-1.524654	-7	0.06738985	0.3992403	-5.567941	-2.560381	1.268179
16.52	-8.16961	-8.123497	-0.01213922	-7	0.01400858	0.1316369	4.817834	-3.583281	2.547832
16.54	-8.18594	-8.123497	-0.1272315	-7	0.1831093	0.1374273	3.423909	1.943436	1.147084
16.56	-8.009526	-8.123497	0.8278915	-7	0.1342817	-0.03220503	8.163349	3.59229	1.44442
16.58	-8.059344	-8.123497	0.5346314	-7	0.2318608	0.0314481	5.249816	8.72206	0.4902382
16.6	-8.00558	-8.123497	0.8262651	-7	0.2134106	0.02074005	6.365425	0.6304584	0.8622341
16.62	-7.83672	-7.918628	1.575604	-7	0.281507	0.0981257	3.813577	2.508322	0.5808411
16.64	-7.868083	-8.123497	1.410935	-7	0.08053282	-0.1756511	5.904209	-0.3008391	-0.319313
16.66	-8.07805	-8.123497	0.2569069	-7	0.1475548	0.0204613	1.975485	-0.3466406	-0.2415266
16.68	-8.002507	-8.123497	0.6800721	-7	0.05672644	-0.07800603	7.078796	0.5388558	1.054564
16.7	-7.990812	-8.123497	0.7291694	-7	0.05486494	-0.1830519	8.863689	-0.377175	0.682869
16.72	-8.13314	-8.191787	0.003315598	-7	0.159163	-0.05052263	7.44313	0.2793137	0.7138863
16.74	-7.986794	-8.123497	0.8092251	-7	0.1623612	-0.1001181	11.5154	0.4319855	1.66523
16.76	-7.945749	-8.123497	1.026083	-7	0.2015619	-0.160022	11.60325	-0.2245032	0.9190741
16.78	-8.025073	-8.191787	0.6494912	-7	0.2451148	-0.1032021	10.5491	0.6151917	0.7462063
16.8	-7.979943	-8.123497	0.9031971	-7	0.3031934	-0.01412542	10.36961	-0.01076267	1.243747
16.82	-7.955163	-8.123497	1.050393	-7	0.3307463	0.001594121	9.818987	0.1266419	1.046043
16.84	-7.893578	-8.123497	1.393364	-7	0.2810874	-0.08521426	10.97585	-0.04129703	0.9262228
16.86	-7.945147	-8.123497	1.109959	-7	0.3095332	-0.03013092	8.839021	-0.04129703	0.553422
16.88	-7.932224	-8.123497	1.186169	-7	0.281827	-0.03160002	9.367815	0.1419087	0.8693848
16.9	-7.934104	-8.123497	1.174652	-7	0.2667095	-0.05420037	9.552078	-0.1176329	0.8051739
16.92	-7.906769	-8.123497	1.316832	-7	0.2258818	-0.1216338	10.82756	-0.3161063	0.8409081
16.94	-8.042934	-8.191787	0.6217692	-7	0.2744091	-0.0379329	9.258856	0.1877107	0.7068672
16.96	-7.92089	-8.123497	1.284125	-7	0.2448749	-0.09648855	12.68931	0.05030605	1.554787
16.98	-8.020965	-8.191787	0.7809756	-7	0.3081135	-0.06053612	11.13631	-0.05656421	0.9107771
17	-7.918497	-8.123497	1.335097	-7	0.31418	-0.06362056	13.02809	0.2793137	1.552677
17.02	-7.878295	-8.123497	1.540423	-7	0.3137226	-0.1239615	13.07171	-0.02602985	1.018502
17.04	-7.922925	-8.123497	1.287517	-7	0.3614106	-0.03585857	10.86613	0.1113748	0.810565
17.06	-7.893126	-8.123497	1.451072	-7	0.3331991	-0.04981682	11.66824	0.08084041	1.106408
17.08	-7.902959	-8.123497	1.391906	-7	0.3313217	-0.05624138	11.35181	-0.04129703	0.9477854
17.1	-7.909752	-8.123497	1.35124	-7	0.3303991	-0.04638282	11.34616	0.00450451	1.032861
17.12	-7.888043	-8.123497	1.464485	-7	0.3060158	-0.08948883	12.36207	0.00450451	1.109015
17.14	-7.976276	-8.191787	1.03063	-7	0.3143602	-0.08116364	12.2883	0.08084041	1.016829
17.16	-7.915288	-8.123497	1.355498	-7	0.3396922	-0.05874061	13.55927	-0.01076267	1.570502
17.18	-7.832374	-8.055207	1.744858	-7	0.3826368	-0.04811234	12.94824	0.00450451	1.297335
17.2	-7.899127	-8.123497	1.386601	-7	0.4008169	-0.009391062	11.2254	-0.01076267	0.8844833
17.22	-7.892462	-8.123497	1.435036	-7	0.3781758	-0.01043831	12.10809	0.00450451	1.290142
17.24	-7.905971	-8.123497	1.368096	-7	0.3879048	-0.00620708	12.1411	0.03503887	1.275655
17.26	-7.91733	-8.123497	1.315844	-7	0.4107865	0.02405118	12.10155	0.05030605	1.397895
17.28	-7.896903	-8.123497	1.438364	-7	0.4112407	0.007237963	12.94981	-0.01076267	1.516271
17.3	-7.872765	-8.123497	1.57542	-7	0.4027421	-0.03580449	13.77254	-0.01076267	1.440141
17.32	-7.896846	-8.123497	1.44802	-7	0.4364582	0.004220914	12.95898	0.05030605	1.334217
17.34	-7.865515	-8.123497	1.626938	-7	0.4205487	-0.0240381	14.04283	0.00450451	1.521628
17.36	-7.864602	-8.123497	1.633377	-7	0.4251912	-0.03821021	14.0705	0.01977169	1.369276
17.38	-7.88348	-8.123497	1.534575	-7	0.4507035	0.002543939	13.50382	0.03503887	1.398683
17.4	-7.952497	-8.191787	1.223661	-7	0.4572448	0.02040593	13.87048	0.01977169	1.552485
17.42	-7.868728	-8.123497	1.683861	-7	0.4652858	0.0002585184	15.62722	-0.01076267	1.983603
17.44	-7.827043	-8.123497	1.905492	-7	0.4628697	-0.06251837	16.02461	0.03503887	1.555559
17.46	-7.831929	-8.123497	1.871376	-7	0.4731092	-0.05162786	15.2625	0.2640465	1.339682
17.48	-7.835444	-8.123497	1.84866	-7	0.4717748	-0.03546973	14.9659	0.2487794	1.390937
17.5	-7.826447	-8.123497	1.893741	-7	0.4547942	-0.05443735	15.34009	0.05030605	1.433837
17.52	-7.906845	-8.191787	1.505013	-7	0.4494385	-0.0548757	15.45267	-0.04129703	1.404404
17.54	-7.865113	-8.123497	1.725789	-7	0.4854712	-0.008583197	16.06443	0.05030605	1.896488
17.56	-7.829238	-8.123497	1.916102	-7	0.494601	-0.03693788	16.51623	0.01977169	1.730427
17.58	-7.807426	-8.123497	2.027615	-7	0.4888391	-0.06593844	16.72573	-0.05656421	1.564648
17.6	-7.808148	-8.123497	2.014953	-7	0.487661	-0.06840473	16.4851	0.2029778	1.463725
17.62	-7.803512	-8.123497	2.032228	-7	0.4765064	-0.07881972	16.69061	0.2182446	1.494399
17.64	-7.830378	-8.123497	1.879454	-7	0.4981256	-0.03862756	15.98944	0.01977169	1.495161
17.66	-7.815818	-8.123497	1.958018	-7	0.4902072	-0.04770034	16.73447	0.03503887	1.69668
17.68	-7.811334	-8.123497	1.978767	-7	0.4922026	-0.06272212	17.06941	0.05030605	1.651576
17.7	-7.890921	-8.191787	1.59863	-7	0.5042167	-0.04617717	17.15847	0.00450451	1.668362
17.72	-7.903328	-8.191787	1.585119	-7	0.5333168	-0.01651903	18.38924	0.03503887	2.169115
17.74	-7.806771	-8.123497	2.104856	-7	0.5666335	-0.03317782	19.5974	0.01977169	2.306846
17.76	-7.848135	-8.191787	1.926414	-7	0.5853397	-0.04894094	19.12513	0.00450451	1.813489
17.78	-7.848341	-8.191787	1.971232	-7	0.5962552	-0.03222837	19.63034	0.3556497	2.067964
17.8	-7.830101	-8.191787	2.109376	-7	0.5986549	-0.05433398	20.35051	2.24878	2.090749
17.82	-7.771716	-8.123497	2.40489	-7	0.6354533	-0.02246094	19.58797	2.035038	2.001691
17.84	-7.796087	-8.123497	2.258821	-7	0.682116	0.06579718	17.0503	0.9205348	1.696339
17.86	-7.772907	-8.123497	2.382412	-7	0.6530697	0.06533336	17.03	0.8900005	1.852042
17.88	-7.836928	-8.123497	2.030699	-7	0.692149	0.1604932	14.6631	2.508322	1.70535
17.9	-7.827073	-8.191787	2.141273	-7	0.5917739	0.03684036	17.77768	-0.2703047	2.09917
17.92	-7.948052	-8.191787	1.522101	-7	0.6848711	0.1701052	15.52029	-0.05656421	2.018559
17.94	-7.856302	-8.123497	2.024476	-7	0.7184014	0.215111	16.98408	0.4319855	2.798208
17.96	-7.774056	-8.123497	2.466198	-7	0.6919	0.1013049	18.26091	-0.1939688	2.338253
17.98	-7.737257	-8.055207	2.598335	-7	0.7325095	0.1501398	15.96329	0.7067943	1.871942
18	-7.826325	-8.123497	2.118611	-7	0.7389566	0.2241566	13.76006	1.48542	1.6896
18.02	-7.908014	-8.123497	1.694257	-7	0.7901921	0.3774545	12.01661	2.874733	2.20339
18.04	-7.7329	-8.123497	2.663203	-7	0.6195832	0.08762142	18.60321	-0.6214496	2.72466
18.06	-7.932446	-8.123497	1.563556	-7	0.7937542	0.31541	12.26129	-0.02602985	1.68452
18.08	-7.897286	-8.191787	1.837358	-7	0.7229508	0.2646005	16.52029	0.5846569	2.945668
18.1	-7.779529	-8.123497	2.47106	-7	0.6942551	0.1135229	19.36579	-0.3924422	2.758817
18.12	-7.88941	-8.123497	1.863358	-7	0.8392206	0.3057463	14.69914	0.8289317	2.122238
18.14	-7.834014	-8.123497	2.187952	-7	0.8322322	0.3337439	15.99985	3.577023	2.844587
18.16	-7.997293	-8.123497	1.329245	-7	1.026714	0.6442791	9.956104	-0.5756481	2.546037
18.18	-7.901392	-8.123497	1.917227	-7	0.999561	0.6407593	12.69764	0.9816036	3.580023
18.2	-7.669952	-8.055207	3.148664	-7	0.860967	0.3222435	17.07702	-0.377175	3.023587
18.22	-7.858267	-8.123497	2.122321	-7	0.9272856	0.4272552	11.37951	2.447252	1.625869
18.24	-7.934767	-8.191787	1.787649	-7	0.8817049	0.4829152	12.61854	1.958703	2.711796
18.26	-7.774072	-8.123497	2.663514	-7	0.7728131	0.2639838	17.82348	-0.468778	3.14915
18.28	-7.907548	-8.123497	1.917868	-7	0.9098759	0.4256121	13.01941	0.1266419	2.231458
18.3	-7.890831	-8.123497	2.028015	-7	0.9338574	0.5166542	13.5709	2.737329	3.096196
18.32	-7.897106	-8.123497	2.013992	-7	0.975853	0.5550037	13.12613	-1.033664	3.051785
18.34	-7.963432	-8.123497	1.685132	-7	1.080756	0.7234943	10.58625	1.134276	3.136092
18.36	-7.738584	-8.123497	2.939172	-7	0.8945151	0.3945792	17.73235	-0.1023657	3.584431
18.38	-7.852843	-8.123497	2.300571	-7	0.9723493	0.4498109	13.46825	-0.3924422	2.225
18.4	-7.915543	-8.123497	1.975323	-7	1.033134	0.6349544	11.56297	1.332749	2.921256
18.42	-7.728944	-8.055207	2.95435	-7	0.9383187	0.4719263	15.38666	-0.5756481	3.332557
18.44	-7.911284	-8.123497	1.96487	-7	1.031165	0.6045017	10.36598	-0.05656421	2.251018
18.46	-7.831197	-8.123497	2.427201	-7	0.9394543	0.5265228	14.25454	0.5541226	3.348724
18.48	-7.827725	-8.123497	2.443932	-7	0.9215199	0.43727	15.03216	-0.4382437	2.889784
18.5	-7.979991	-8.191787	1.672833	-7	1.000635	0.5723021	13.03839	0.2793137	2.905873
18.52	-7.804363	-8.123497	2.638447	-7	0.9359987	0.441074	18.17098	0.2487794	3.860943
18.54	-7.798321	-8.123497	2.653039	-7	0.9659047	0.3829812	17.36235	-0.2397704	2.888954
18.56	-7.869663	-8.123497	2.261864	-7	1.05588	0.5487151	14.42178	0.2640465	2.898809
18.58	-7.764359	-8.123497	2.845173	-7	0.974513	0.4307782	17.69253	0.3251148	3.373962
18.6	-7.795625	-8.123497	2.662764	-7	0.9913001	0.4199684	16.43702	-0.3313735	2.758901
18.62	-7.771911	-8.055207	2.736685	-7	1.03966	0.5253484	14.77647	0.1419087	2.96761
18.64	-7.805081	-8.123497	2.56907	-7	1.006922	0.4998031	14.94115	0.1877107	2.887062
18.66	-7.800247	-8.123497	2.601807	-7	0.9729022	0.455008	16.19764	-0.1939688	3.082617
18.68	-7.894939	-8.123497	2.094141	-7	1.0659	0.6021203	13.80179	0.03503887	3.081259
18.7	-7.824193	-8.123497	2.504003	-7	1.036074	0.5510975	16.62469	0.2029778	3.715707
18.72	-7.791488	-8.123497	2.688422	-7	1.027344	0.4670316	17.6809	-0.1481673	3.346183
18.74	-7.833531	-8.123497	2.464962	-7	1.084736	0.5419381	16.16971	0.1419087	3.190931
18.76	-7.814253	-8.123497	2.586888	-7	1.091732	0.558574	16.74786	0.2945805	3.488605
18.78	-7.711089	-8.123497	3.152362	-7	0.9995475	0.3716178	20.05166	1.424352	3.410148
18.8	-7.950708	-8.123497	1.849396	-7	1.230059	0.7464771	11.94464	6.615191	2.801133
18.82	-7.557199	-8.123497	4.016436	-7	0.8778975	0.2032238	25.28175	0.5541226	4.301886
18.84	-7.830682	-8.123497	2.477619	-7	1.082949	0.4126692	15.91601	1.515954	1.918819
18.86	-7.647304	-8.123497	3.476091	-7	0.9052984	0.2389056	22.70471	2.08084	3.59879
18.88	-7.976686	-8.123497	1.667667	-7	1.215633	0.7072485	12.00156	0.3251148	2.515738
18.9	-7.758527	-8.123497	2.905864	-7	1.080452	0.5681996	19.75355	1.042672	4.588688
18.92	-7.944255	-8.191787	1.961285	-7	1.216691	0.6733695	15.6977	-1.522213	3.329485
18.94	-7.957995	-8.191787	1.984072	-7	1.289938	0.8196104	16.43057	1.622825	4.476911
18.96	-7.770938	-8.055207	2.984511	-7	1.343218	0.8135977	17.42315	0.4167184	4.620271
18.98	-7.738258	-8.123497	3.188935	-7	1.296779	0.6853933	17.23443	0.0655728	3.584995
19	-7.812215	-8.123497	2.804424	-7	1.326306	0.784155	14.25395	3.363283	3.330542
19.02	-7.981327	-8.191787	1.975338	-7	1.397066	0.9917121	11.27436	0.2335122	3.737872
19.04	-7.819001	-8.123497	2.897744	-7	1.319561	0.8770615	15.81299	0.386184	4.729401
19.06	-7.783712	-8.123497	3.091576	-7	1.294042	0.7501541	15.99221	-0.3161063	3.784105
19.08	-7.844762	-8.123497	2.759164	-7	1.337413	0.8445646	13.51034	0.4167184	3.569224
19.1	-7.741106	-8.055207	3.27788	-7	1.302455	0.8216898	14.41142	0.1113748	3.943019
19.12	-7.751774	-8.055207	3.168126	-7	1.294935	0.8157623	12.6706	-0.1787016	3.352236
19.14	-7.869713	-8.123497	2.542045	-7	1.296274	0.8925015	11.0789	-0.02602985	3.420646
19.16	-7.976623	-8.191787	2.041303	-7	1.300161	0.9488556	12.01623	-0.04129703	4.122242
19.18	-7.873796	-8.123497	2.619424	-7	1.297219	0.8865581	15.47964	-0.4993124	4.793462
19.2	-7.952741	-8.191787	2.252919	-7	1.365631	0.9076894	14.81632	0.3403825	4.280588
19.22	-7.76694	-8.123497	3.269934	-7	1.305322	0.7539698	19.32904	0.7678635	4.80615
19.24	-7.783551	-8.123497	3.160226	-7	1.351321	0.7442353	17.22665	0.9968708	3.756568
19.26	-7.821329	-8.123497	2.952428	-7	1.395643	0.8597975	15.21047	3.164809	3.881931
19.28	-7.849261	-8.191787	2.86103	-7	1.347899	0.8160607	16.5929	-1.079465	4.127975
19.3	-7.906616	-8.123497	2.549925	-7	1.473174	1.014469	13.53699	0.2793137	4.278893
19.32	-7.711366	-8.123497	3.623063	-7	1.328043	0.7620331	19.21644	0.1113748	4.69858
19.34	-7.775189	-8.055207	3.199476	-7	1.445429	0.8959389	13.80932	-0.5145796	3.533306
19.36	-7.862042	-8.123497	2.747427	-7	1.464953	1.032074	11.98386	0.5388558	3.963899
19.38	-7.7754	-8.123497	3.238109	-7	1.356167	0.8785738	15.88283	-0.1481673	4.479076
19.4	-7.891747	-8.123497	2.604555	-7	1.449953	1.000898	12.62834	-0.1939688	3.96542
19.42	-7.858844	-8.123497	2.807249	-7	1.444476	1.020271	14.28601	0.2335122	4.71343
19.44	-7.87756	-8.191787	2.771663	-7	1.410325	0.9172778	16.36062	-0.01076267	4.569021
19.46	-7.845864	-8.123497	2.943145	-7	1.467325	0.9607672	16.30375	-0.02602985	4.696403
19.48	-7.803998	-8.123497	3.174799	-7	1.477828	0.9411605	16.70509	0.2182446	4.587939
19.5	-7.768761	-8.123497	3.3652	-7	1.458124	0.8888931	17.16528	0.00450451	4.37672
19.52	-7.814086	-8.123497	3.115321	-7	1.495954	0.959033	15.31269	-0.01076267	4.179662
19.54	-7.863338	-8.191787	2.908447	-7	1.467968	0.9486235	16.26863	0.1266419	4.47186
19.56	-7.73732	-8.055207	3.535022	-7	1.489683	0.9527026	16.91319	-0.08709857	4.762474
19.58	-7.790234	-8.123497	3.245511	-7	1.496476	0.9482691	15.40322	-0.01076267	4.094769
19.6	-7.828129	-8.123497	3.04704	-7	1.514325	1.02187	14.66708	0.05030605	4.410602
19.62	-7.867859	-8.191787	2.895774	-7	1.478609	0.9745053	16.39314	-0.01076267	4.664172
19.64	-7.892115	-8.191787	2.81661	-7	1.505299	0.9834744	17.37862	-0.07183139	4.909994
19.66	-7.800942	-8.123497	3.307009	-7	1.537188	0.9734276	18.57449	0.05030605	5.111402
19.68	-7.776213	-8.123497	3.433688	-7	1.565335	0.9671593	17.84299	0.09610759	4.649509
19.7	-7.745899	-8.123497	3.5927	-7	1.545836	0.9397445	17.91226	0.2029778	4.534504
19.72	-7.7708	-8.123497	3.448524	-7	1.554051	0.9705112	16.68703	1.119008	4.358217
19.74	-7.784271	-8.123497	3.372764	-7	1.552316	1.001553	16.29569	2.920535	4.515427
19.76	-7.759281	-8.055207	3.456749	-7	1.598091	1.088145	14.77251	-0.2397704	4.614097
19.78	-9.208768	-9.421001	-3.36204	-7	1.527993	1.148188	16.84219	0.386184	4.524489
19.8	-7.830906	-8.123497	4.078107	-7	1.616263	0.9582527	43.67902	-0.04129703	12.77631
19.82	-7.740962	-8.123497	4.423045	-7	2.129001	1.011656	28.25894	-0.209236	5.250319
19.84	-7.362597	-8.123497	6.41749	-7	1.92253	0.8071096	28.96534	3.897634	4.86177
19.86	-7.783129	-8.191787	4.095137	-7	2.094846	1.300044	11.06299	16.85946	2.372561
19.88	-7.708368	-8.191787	4.531879	-7	1.832387	1.28631	13.67415	-0.2703047	4.635356
19.9	-8.185102	-8.123497	1.904056	-7	2.216652	2.07814	-3.625533	2.35565	3.97912
19.92	-7.883611	-8.464945	3.839437	-7	1.524458	1.151832	19.75136	-5.552747	6.85074
19.94	-8.704123	-8.464945	-0.456705	-7	2.185106	2.064394	0.07308578	-0.4077093	4.81116
19.96	-8.014641	-8.464945	3.561129	-7	1.723115	1.335336	27.43837	2.538856	9.895638
19.98	-8.240803	-8.464945	2.432578	-7	2.050116	1.383745	19.52256	0.5846569	5.842192
20	-8.462769	-8.806395	1.65424	-7	2.051392	1.42781	23.98985	6.569389	7.296994
20.02	-8.843937	-8.738104	-0.05363196	-7	2.645456	2.286673	14.18367	8.096107	8.538437
20.04	-7.947392	-8.738104	5.189896	-7	2.091396	1.148299	43.08547	3.515954	10.98949
20.06	-8.443729	-8.738104	2.666752	-7	2.647483	1.643964	22.46836	4.264046	5.51756
20.08	-7.180824	-7.782049	9.036742	-7	2.592135	1.674278	25.68025	11.33275	8.4232
20.1	-7.995711	-7.850338	4.202378	-7	3.371027	3.141982	-23.40901	4.370916	1.008159
20.12	-8.407098	-9.079553	2.750374	-7	2.132188	2.134407	1.265417	3.103741	5.634353
20.14	-9.524408	-9.147842	-2.724266	-7	2.527092	2.875362	-7.347658	-7.690151	7.12686
20.16	-6.670659	-7.099152	11.75021	-7	2.169894	1.865702	26.69129	-12.30084	13.82744
20.18	-8.411304	-8.464945	2.241067	-7	2.670099	2.323987	-21.074	0.08084041	-2.373432
20.2	-6.85527	-7.4406	10.03269	-7	1.79121	1.743924	5.596187	9.485419	7.495848
20.22	-9.643112	-8.806395	-4.758587	-7	2.769791	3.559371	-49.77206	2.431986	-1.711298
20.24	-7.495523	-7.850338	6.764764	-7	1.518991	2.103775	14.47263	-10.91153	14.64929
20.26	-9.457492	-8.123497	-4.072011	-7	3.308016	4.251176	-49.78082	-3.262671	2.223644
20.28	-6.252688	-7.235731	12.79285	-7	1.451074	1.517076	26.56599	-9.705419	14.42512
20.3	-7.311206	-7.50889	6.239927	-7	1.884889	1.427881	-19.68977	11.04267	-4.544273
20.32	-4.576209	-6.143096	19.39248	-7	0.08958185	-0.7378454	22.2137	-0.7283199	1.618933
20.34	-7.810947	-7.782049	1.252435	-7	0.5734498	0.5415158	-47.06342	7.928169	-14.6377
20.36	-7.424274	-6.825994	2.533883	-7	0.427785	1.866051	-32.05288	-39.55275	4.189889
20.38	-6.965228	-7.167441	4.480187	-7	-0.3434607	0.1664925	-1.203609	-13.81229	2.797646
20.4	-7.312521	-7.4406	2.168474	-7	-0.4694611	-0.4674784	8.89295	-23.81229	0.5853786
20.42	-7.604842	-6.074806	-0.7092915	-7	1.557595	2.66012	-38.20976	4.065573	3.300612
20.44	-7.876379	-7.850338	-1.567251	-7	0.7748665	1.553987	-4.056048	-7.629083	6.754248
20.46	-7.22432	-6.825994	1.581294	-7	1.222096	1.586075	3.83771	2.67626	8.288698
20.48	-6.637109	-6.894283	4.470453	-7	1.09842	0.8276092	13.78348	13.43962	5.288754
20.5	-6.815458	-6.757704	3.09543	-7	1.516935	1.365918	-3.935992	17.16481	2.060774
20.52	-7.157866	-7.167441	1.311144	-7	1.449633	1.579085	-5.479137	13.11901	3.343366
20.54	-5.780919	-5.733358	7.736617	-7	1.600859	1.742176	-6.799478	-4.071831	5.297215
20.56	-7.380599	-7.4406	-0.5772103	-7	1.355262	1.604267	-23.946	1.897634	-2.357882
20.58	-5.992484	-6.143096	6.326504	-7	0.8596767	1.17836	1.108399	-1.674885	6.482336
20.6	-6.859867	-6.484545	1.184758	-7	1.358677	1.763272	-28.61596	-15.81229	-1.376796
20.62	-6.31015	-6.484545	3.932447	-7	0.6721635	1.111617	-6.542812	5.546489	3.90157
20.64	-7.067697	-6.757704	-0.3036757	-7	0.9021016	1.364827	-18.08684	-18.74359	0.6526995
20.66	-5.123902	-5.460199	9.17546	-7	0.3770952	0.4213407	8.09264	7.348014	5.327257
20.68	-5.819571	-5.801648	4.527426	-7	0.6691524	0.6885412	-25.9487	-11.38481	-5.661016
20.7	-7.059206	-5.733358	-2.758233	-7	1.683876	3.376762	-69.55204	11.42435	-1.500053
20.72	-7.196923	-6.143096	-3.364809	-7	1.483174	3.684188	-56.19901	-24.9726	6.284841
20.74	-6.457428	-6.143096	0.6778319	-7	0.7590335	2.066237	-21.23295	-5.53748	7.267426
20.76	-6.354741	-6.143096	1.044054	-7	0.616527	1.221606	-13.20067	-18.60618	3.020268
20.78	-6.987227	-6.074806	-2.581234	-7	1.391536	2.42445	-34.04053	19.21061	2.627709
20.8	-6.781887	-6.074806	-1.437852	-7	1.531627	2.737605	-27.38542	12.17244	6.844127
20.82	-6.968402	-6.074806	-2.400908	-7	2.003758	3.254688	-36.21578	17.10374	5.905725
20.84	-6.075318	-6.211386	2.618189	-7	1.177986	1.733816	-4.356888	-0.5145796	7.232202
20.86	-6.17524	-6.143096	1.939885	-7	1.173064	1.331752	-10.44569	14.44725	1.690763
20.88	-5.634109	-6.143096	4.725423	-7	0.4627622	0.2807232	7.561346	5.363282	2.184331
20.9	-6.601009	-6.416255	-0.5625623	-7	0.8145652	0.9113468	-12.94073	7.97397	-1.262927
20.92	-6.193902	-6.416255	1.73317	-7	0.3281494	0.3892302	10.34832	-5.384808	4.461308
20.94	-7.039588	-6.484545	-2.796741	-7	1.132058	1.420607	-10.80677	-6.850457	2.090566
20.96	-6.2	-6.484545	1.972087	-7	0.6206012	0.5426189	20.63352	-13.78175	7.453441
20.98	-7.001585	-6.484545	-2.307733	-7	1.595272	1.650411	-7.729621	1.149543	2.536346
21	-5.872995	-6.484545	4.044073	-7	0.7994795	0.3974248	27.90504	1.302214	7.556112
21.02	-6.122884	-6.416255	2.595251	-7	1.059928	0.3367022	12.87953	7.057939	0.6561985
21.04	-5.622382	-6.484545	5.313445	-7	0.400365	-0.5222977	29.33109	5.16481	2.030128
21.06	-6.629646	-6.552835	-0.1928425	-7	1.065266	0.649888	-1.0642	1.882367	-1.285225
21.08	-5.868495	-6.416255	3.964046	-7	0.4781473	0.03713444	23.09569	-8.789388	4.693215
21.1	-5.329774	-5.118752	5.767155	-7	1.347674	1.111198	-10.16603	-10.65198	0.07894802
21.12	-4.41463	-5.39191	10.03371	-7	0.2098024	-0.301051	1.613144	-4.819922	-2.620224
21.14	-5.029682	-5.18704	5.711809	-7	0.1902244	0.2099177	-31.68217	1.851832	-8.658661
21.16	-5.123822	-5.39191	4.578681	-7	-0.6549677	-0.1415264	-25.36678	-9.445876	-5.243413
21.18	-5.856039	-5.39191	-0.01323867	-7	-0.5990432	0.3751148	-37.17707	-19.96496	-4.911917
21.2	-5.755823	-5.528489	0.1759328	-7	-1.05674	-0.1315028	-16.14716	-28.59091	-0.2364502
21.22	-5.751178	-5.460199	-0.2433635	-7	-1.025418	-0.4641477	-6.833537	-19.94969	-0.4055099
21.24	-4.945739	-5.39191	3.645663	-7	-1.601209	-1.846371	23.0747	-9.85809	0.2201042
21.26	-5.478966	-5.460199	0.2562376	-7	-1.106697	-1.481433	9.180723	2.264046	-4.092544
21.28	-6.425972	-6.416255	-4.401471	-7	-1.026541	-1.178419	17.39194	7.439618	-0.3707628
21.3	-6.985863	-6.484545	-6.842156	-7	-0.2418531	-0.2454225	23.55184	-1.613816	5.473248
21.32	-6.258296	-6.416255	-2.297869	-7	-0.01517677	-0.7427182	53.09522	3.256413	9.514303
21.34	-5.529943	-6.143096	1.881393	-7	0.3528196	-1.258575	60.90887	10.0045	5.708746
21.36	-5.349267	-6.074806	2.996486	-7	0.7620317	-1.015868	48.34104	25.45488	1.594817
21.38	-5.103965	-5.801648	4.29171	-7	0.9855931	-0.5012314	32.85971	25.62283	0.3207245
21.4	-5.370284	-5.801648	2.860507	-7	1.182433	0.2528807	9.677923	7.057939	-1.521308
21.42	-4.848176	-5.39191	5.435403	-7	0.8501942	0.2532391	5.172509	0.8594661	-0.4957962
21.44	-5.039094	-5.460199	4.135364	-7	0.5398242	0.1897438	-9.341877	-4.72832	-4.114764
21.46	-5.081205	-5.39191	3.596874	-7	0.06292549	0.06781998	-13.01712	-6.499312	-3.596856
21.48	-5.70497	-5.733358	0.1548243	-7	-0.2336853	0.07631618	-17.59123	-15.38481	-3.782273
21.5	-5.777672	-5.733358	-0.2844753	-7	-0.5381582	-0.1463922	-6.278574	-14.43824	-0.3684988
21.52	-5.964321	-5.801648	-1.3245	-7	-0.4980183	-0.2416446	-1.023439	-15.35427	0.1301956
21.54	-5.793113	-5.733358	-0.4561396	-7	-0.4533003	-0.4100047	8.374826	-1.003129	1.493894
21.56	-6.662031	-6.757704	-4.434124	-7	-0.5213574	-0.7558578	18.53769	-0.4993124	0.7949991
21.58	-6.889112	-6.757704	-4.965843	-7	-0.1168607	-0.450168	32.5728	5.546489	5.86474
21.6	-6.662748	-6.757704	-3.069434	-7	0.3424821	-0.4729544	46.3663	5.531221	7.608856
21.62	-6.30968	-6.484545	-0.7453351	-7	1.038525	-0.08859688	43.57244	21.42435	6.600412
21.64	-6.205184	-6.484545	0.2604356	-7	1.57134	0.4592528	31.64506	23.13428	4.698195
21.66	-6.143878	-6.484545	1.051049	-7	1.808011	0.9024457	20.53755	22.46252	3.837276
21.68	-6.384662	-6.416255	0.1410463	-7	2.172694	1.75881	-0.04372871	8.447253	2.940922
21.7	-6.123523	-6.416255	1.961884	-7	1.856123	1.617008	0.5332594	3.943435	3.801735
21.72	-6.057798	-6.484545	2.614631	-7	1.404196	1.079352	0.425333	-1.980228	1.5073
21.74	-5.465426	-5.460199	5.211324	-7	1.550676	1.577533	-18.32655	0.3251148	0.3459902
21.76	-6.616572	-6.825994	-0.5184327	-7	0.8977125	1.205111	-25.67725	-5.262671	-3.367481
21.78	-5.468301	-5.460199	5.061645	-7	0.5290562	1.016764	-14.5392	-11.67488	2.42986
21.8	-5.769748	-5.801648	2.971784	-7	0.2703398	0.6255802	-27.22198	-18.80466	-4.266521
21.82	-5.717498	-5.733358	2.798135	-7	-0.2226166	0.35724	-24.00279	-0.651984	-2.767715
21.84	-5.810207	-5.733358	1.818155	-7	-0.5619132	0.02871263	-21.91952	-7.018396	-3.18766
21.86	-6.444853	-6.143096	-1.742356	-7	-0.679215	0.0467322	-20.71677	-13.69015	-2.561796
21.88	-6.314649	-6.143096	-1.111058	-7	-0.9081393	-0.3865815	-0.5890937	-12.10237	1.375431
21.9	-6.475788	-6.143096	-2.091674	7	-0.5642897	-0.2983517	3.988702	-14.16343	1.521301
21.92	-5.873232	-6.143096	1.120948	7	-0.7772233	-1.122618	29.7078	0.1877107	3.599612
21.94	-6.035291	-6.143096	0.1118703	7	-0.3092445	-0.9686857	26.15597	0.3098481	0.9801493
21.96	-5.517211	-5.801648	2.636893	7	-0.05974019	-0.8219433	31.45653	9.561755	2.928541
21.98	-5.597883	-5.801648	1.968701	7	0.3707887	-0.3778116	20.69078	13.22588	0.8161097
22	-5.483239	-5.801648	2.479686	7	0.4586637	-0.1825476	20.87999	4.218245	2.043723
22.02	-6.667791	-6.825994	-3.213822	7	0.5884311	0.1084966	19.09639	9.363282	1.958244
22.04	-6.653729	-6.825994	-2.392446	7	0.6959075	0.1209135	43.17649	-0.1329001	9.298776
22.06	-6.705253	-6.825994	-2.023284	7	1.356246	0.3563457	50.5995	4.325115	10.01113
22.08	-5.905043	-6.825994	2.930869	7	1.319271	-0.4882537	76.97623	7.348014	11.24206
22.1	-5.798617	-6.552835	3.741647	7	2.028452	-0.07504448	64.33713	24.26405	7.067663
22.12	-5.382253	-6.484545	6.243599	7	2.123223	-0.002165347	63.49527	25.45488	7.000725
22.14	-5.997247	-6.484545	3.142174	7	2.863062	1.315157	33.30324	23.63809	4.725035
22.16	-5.862799	-6.416255	4.209727	7	2.948305	1.883682	30.63948	8.325114	8.599184
22.18	-4.749353	-5.118752	9.532562	7	3.349277	2.484337	14.25126	2.538856	7.947069
22.2	-5.983107	-6.825994	3.520883	7	2.668538	1.885138	7.06081	0.2029778	1.889284
22.22	-5.290344	-5.733358	7.000851	7	2.441009	1.98534	16.52992	1.744962	8.513844
22.24	-5.874589	-5.801648	3.586717	7	2.935408	2.792171	-7.285607	-2.331373	4.9343
22.26	-5.62828	-6.143096	5.088208	7	2.279147	2.062636	15.10596	-4.193969	8.948333
22.28	-6.391007	-6.143096	1.00008	7	2.8916	2.890399	-0.09490108	1.241146	7.778206
22.3	-5.650813	-6.347965	5.330382	7	2.167207	1.606135	39.81115	4.218245	13.09686
22.32	-6.211963	-6.416255	2.435217	7	2.760892	1.899442	31.08818	2.431986	9.246828
22.34	-5.024036	-5.460199	8.400612	7	3.061892	2.102939	40.05764	14.18771	13.42164
22.36	-5.364662	-5.39191	6.08268	7	3.967506	3.290818	5.114484	12.15718	7.457237
22.38	-5.169778	-5.801648	7.227231	7	3.465608	2.948859	15.78525	18.46252	10.18404
22.4	-6.556948	-6.143096	0.01257443	7	4.25762	4.425583	-12.50025	4.126642	9.153614
22.42	-4.636412	-5.118752	10.09345	7	3.672572	3.492619	25.82154	3.790764	17.90797
22.44	-5.126553	-5.460199	7.144355	7	3.94238	3.333632	4.343659	-1.888625	7.298238
22.46	-5.574641	-5.733358	4.796288	7	3.934926	3.847483	1.393701	15.04267	10.57678
22.48	-6.939966	-6.143096	-2.1025	7	4.850187	5.575166	-18.94438	-3.812289	13.63394
22.5	-4.631315	-5.118752	10.24007	7	4.134098	4.035749	34.10355	3.256413	22.50312
22.52	-5.109459	-5.733358	7.618171	7	4.225209	3.21809	21.99638	4.126642	9.705544
22.54	-4.169195	-4.709013	11.95751	7	4.299617	3.529783	20.57755	25.94343	12.82165
22.56	-5.645107	-5.39191	3.843743	7	5.084695	5.107154	-20.74292	-2.484045	8.007593
22.58	-4.273593	-4.709013	10.88804	7	4.40364	4.501491	9.525711	2.599924	17.17476
22.6	-3.390346	-4.094406	14.58543	7	4.094181	3.496296	7.00237	-12.75885	9.643625
22.62	-3.282808	-3.411509	13.62081	7	4.406776	4.402474	-28.68377	15.83656	4.979166
22.64	-4.9085	-4.094406	4.168837	7	4.897767	6.390127	-71.35132	-7.125266	5.054161
22.66	-3.978421	-3.411509	8.369261	7	4.360563	6.296358	-49.40615	-12.91153	15.19075
22.68	-2.909411	-3.001771	12.89524	7	3.577526	4.607691	-31.35061	-24.69778	10.6293
22.7	-2.921339	-2.318874	11.03248	7	3.9507	5.279639	-61.81973	10.85947	5.118573
22.72	-4.043967	-3.411509	4.370857	7	3.569	5.523683	-66.45436	-1.690152	6.361545
22.74	-2.182153	-1.704267	12.66272	7	3.145735	4.895588	-40.15508	-7.659617	13.63041
22.76	-1.090046	-1.02137	16.25039	7	2.836616	3.882893	-47.85492	-11.2016	4.246769
22.78	-2.965342	-2.045715	4.833573	7	3.095821	5.105843	-87.90118	9.515954	-0.9757395
22.8	-2.19216	-1.704267	7.901418	7	2.126906	4.34403	-47.92791	-13.91916	10.97473
22.82	-2.050011	-1.362819	7.216099	7	2.182673	3.825636	-42.87777	-21.03366	7.693443
22.84	-1.808517	-1.02137	7.042717	7	2.457557	4.066981	-42.51083	6.004505	8.519621
22.86	-1.035923	-0.6799221	9.718838	7	2.285278	3.524535	-30.08661	-4.316106	8.817462
22.88	0.294077	0.6858721	14.48898	7	2.533079	3.585701	-41.08178	2.981604	5.737591
22.9	1.190047	1.02732	16.915	7	1.941451	2.853358	-50.43692	-0.2703047	-0.4461393
22.92	-0.2406828	0.002975464	7.754313	7	1.407116	2.923508	-69.97338	-1.781755	-4.80549
22.94	0.5569442	1.300479	9.952267	7	1.170071	3.283523	-60.34287	-6.590915	4.249941
22.96	-0.816445	0.3444233	1.384258	7	1.398129	3.738203	-73.06039	-24.34664	1.287669
22.98	1.182635	1.36877	10.57572	7	0.4451947	2.038616	-16.91195	-32.07183	10.81642
23	1.255753	1.573638	9.069052	7	0.7259078	1.495481	-27.25094	-5.445877	0.7684231
23.02	3.063746	2.871142	16.26795	7	0.37463	0.8768681	-16.61587	-10.91153	1.991317
23.04	1.518228	1.983377	6.216024	7	0.7545148	1.765385	-57.40832	18.21824	-7.046596
23.06	1.897753	2.256536	6.866773	7	0.2197776	1.753655	-35.57413	-6.224503	3.137296
23.08	3.349176	3.485749	12.43618	7	0.005080432	0.9110269	-22.5242	-17.79702	2.242128
23.1	3.783605	3.554038	12.60476	7	-0.3987087	0.06343275	-26.29109	-18.66725	-4.606913
23.12	4.101985	3.895488	12.11242	7	-0.8612559	-0.299903	-28.83623	-0.5145796	-5.999133
23.14	3.74546	4.168647	8.034256	7	-0.7141031	0.413594	-47.85838	-5.232136	-6.677366
23.16	4.950955	5.466149	11.82415	7	-0.725437	0.7571059	-50.52243	-17.49168	-3.107985
23.18	4.143542	4.441804	5.815957	7	-1.225869	0.2389991	-56.17961	-28.89626	-8.435041
23.2	6.059828	5.807599	13.70231	7	-2.283566	-1.307261	-18.89311	-17.70542	-2.729761
23.22	5.885176	6.149047	10.04448	7	-2.071767	-1.249249	-46.46667	-9.75122	-12.4886
23.24	6.713756	6.763654	11.82349	7	-2.619568	-1.500264	-42.40296	-15.2016	-9.888798
23.26	5.755403	5.807599	4.917641	7	-3.27274	-2.166297	-40.96999	-14.30084	-13.30556
23.28	5.571506	6.080756	2.269333	7	-3.397477	-2.080469	-24.881	-16.60618	-6.581261
23.3	6.188123	6.763654	3.690782	7	-3.075689	-2.087366	-11.66136	-20.65198	-3.664338
23.32	6.135737	6.012467	2.335585	7	-3.384461	-3.188645	12.57226	-22.49931	-5.151696
23.34	7.804358	7.583131	9.190575	7	-3.136229	-3.562519	27.2436	-13.52221	-3.460134
23.36	7.024448	7.241681	3.320128	7	-2.231897	-2.43222	-9.914089	16.58466	-11.35804
23.38	6.891895	6.968522	1.67733	7	-2.283539	-1.965375	-4.126135	16.66099	-5.475228
23.4	6.854234	6.968522	0.7034177	7	-2.197367	-1.99372	3.933251	11.13427	-3.770619
23.42	7.607467	7.583131	3.670002	7	-2.036877	-2.139165	12.59618	-1.629083	-2.556443
23.44	7.396574	7.241681	1.808877	7	-1.919166	-2.231157	8.753778	-4.1329	-5.908827
23.46	7.290927	7.378261	0.5888032	7	-1.613642	-1.685817	4.626658	11.71443	-4.040913
23.48	8.133126	8.197738	4.038216	7	-1.323458	-1.371371	2.335915	10.23351	-2.69031
23.5	8.272905	8.197738	3.827705	7	-1.26249	-1.305901	-10.72582	3.027405	-6.841608
23.52	8.990358	9.017213	6.270629	7	-1.271008	-0.9860747	-24.05264	7.225879	-7.351003
23.54	9.101844	9.017213	5.585133	7	-1.704796	-1.190447	-37.27622	2.813665	-11.17669
23.56	8.082858	8.197738	-0.4588989	7	-2.321916	-1.369583	-41.48139	-3.552747	-11.81196
23.58	7.763352	8.197738	-2.628296	7	-2.679783	-1.499587	-25.6691	-6.514579	-5.893971
23.6	7.69738	8.197738	-3.38788	7	-2.656419	-1.780341	-9.578416	-14.83519	-3.438267
23.62	6.987321	7.241681	-6.834091	7	-2.705436	-2.349535	13.11007	-22.66725	-2.171257
23.64	7.35041	7.309972	-4.547453	7	-2.592544	-3.008451	47.76753	-23.44588	2.623606
23.66	8.125185	7.241681	-0.1038179	7	-2.698642	-4.460597	82.43381	7.97397	1.372348
23.68	8.505197	7.65142	1.749013	7	-2.030421	-4.379694	78.1768	30.14191	-2.637297
23.7	7.561607	7.036813	-2.937979	7	-1.180543	-3.120236	55.50539	29.33275	-4.320227
23.72	7.399588	7.105102	-3.238385	7	-0.5083569	-1.902224	50.3871	28.55412	1.329566
23.74	9.293833	9.017213	6.166551	7	0.3384627	-0.9861643	35.6159	12.96634	2.402658
23.76	7.75866	7.309972	-1.567581	7	0.4482508	-0.4930354	-2.552366	-2.606182	-8.35623
23.78	8.007288	7.309972	0.4187646	7	-0.4433241	-0.9878217	19.11499	8.569388	-0.4637146
23.8	8.526385	8.197738	2.903833	7	-0.3810729	-1.033164	10.89036	4.56939	-2.779317
23.82	8.56198	8.197738	2.782032	7	-0.5342833	-0.9994185	-2.619845	-6.148167	-6.004429
23.84	8.402493	8.197738	1.632506	7	-0.7933939	-0.857226	-13.0237	-6.682518	-6.640815
23.86	7.544012	7.583131	-2.796309	7	-1.081101	-0.7440799	-17.10342	-4.636717	-6.091664
23.88	8.997148	9.017213	4.169602	7	-1.274031	-0.992249	-4.764882	-11.2474	-1.394936
23.9	8.134387	8.197738	-0.8002958	7	-1.313419	-1.079755	-24.56879	-13.59855	-9.563242
23.92	7.57304	7.583131	-3.539256	7	-1.881386	-1.3835	-8.900742	1.653359	-4.706532
23.94	7.168721	7.583131	-5.503894	7	-1.688697	-1.225661	-0.1307669	-2.514579	-1.561147
23.96	7.59056	7.583131	-2.983694	7	-1.764843	-1.868351	24.87387	-8.529845	1.260538
23.98	7.803436	7.65142	-1.752864	7	-1.487192	-2.161646	31.25563	-6.071831	-0.8179417
24	7.637252	7.65142	-2.541945	7	-0.903904	-1.543207	21.62844	10.43198	-1.724354
24.02	7.688651	7.583131	-1.995538	7	-0.6463253	-1.20756	20.70079	18.35565	-0.5052605
24.04	8.591889	8.470897	2.475112	7	-0.3056298	-0.869411	12.82221	20.24878	-0.8209915
24.06	7.189974	7.036813	-4.379219	7	-0.3587474	-0.6690191	-4.222787	7.76023	-6.052234
24.08	6.988816	7.036813	-4.708851	7	-0.5052757	-0.4505075	9.760337	6.325115	1.436165
24.1	6.751748	6.968522	-5.299588	7	-0.1808546	-0.2738773	13.54891	1.012138	2.388508
24.12	7.776254	7.65142	0.3613438	7	-0.04340714	-0.5246233	24.23086	-4.819922	3.785504
24.14	7.818758	7.583131	0.6578434	7	0.171061	-0.499142	9.123991	7.286946	-2.194874
24.16	7.697297	7.65142	0.05406319	7	0.2970454	0.09087272	-7.299298	13.79076	-2.816026
24.18	7.39871	7.583131	-1.411512	7	0.3359404	0.6382698	-20.78972	12.17244	-2.542105
24.2	7.335791	7.65142	-1.632129	7	0.2613135	0.9104319	-26.01702	-1.919159	-1.230051
24.22	7.413418	7.583131	-1.076873	7	-0.08015557	0.5488378	-21.7983	-9.094731	-1.200073
24.24	6.555828	6.695365	-4.99483	7	-0.4807473	0.068041	-14.74407	-11.99549	-2.026207
24.26	6.439442	6.763654	-5.050586	7	-0.5079979	-0.0312262	1.105335	1.622825	2.545911
24.28	6.334382	6.695365	-5.076084	7	-0.1737998	0.01458462	8.248158	-0.7741214	3.3276
24.3	6.651714	6.695365	-2.848868	7	-0.02506074	-0.2455386	20.36289	3.760229	4.1609
24.32	6.756856	6.695365	-1.862397	7	0.260397	-0.2461018	19.6695	13.56176	2.355882
24.34	7.587746	7.583131	2.346768	7	0.714052	0.2687955	7.669967	14.37092	1.657293
24.36	7.765137	7.583131	3.058751	7	0.7216539	0.4562329	-12.39155	12.44725	-3.210773
24.38	7.649204	7.583131	2.21485	7	0.4453685	0.6929041	-28.72725	7.332749	-4.800116
24.4	7.334184	7.583131	0.3074589	7	0.1776611	0.9969858	-41.71458	-3.140534	-4.766318
24.42	6.224729	6.695365	-5.185482	7	-0.2254438	1.017844	-41.68268	-10.2245	-3.375999
24.44	7.017594	7.583131	-1.113232	7	-0.3895398	0.7993178	-23.37337	-17.30847	2.704732
24.46	7.92359	8.197738	2.999192	7	-0.4358633	0.2162341	-23.47611	-22.81992	-1.608635
24.48	7.821117	7.309972	2.314485	7	-1.468589	-1.360847	-10.04741	-6.926793	-6.686581
24.5	8.189526	8.197738	3.355684	7	-1.562961	-1.324575	-15.60838	17.9129	-6.622934
24.52	7.133547	8.197738	-3.14167	7	-0.6578609	0.5931901	-57.85931	-0.2550375	-8.475522
24.54	6.68127	7.378261	-5.352556	7	-1.102111	0.5763963	-41.4134	-16.23977	-1.744481
24.56	6.988763	7.378261	-3.552261	7	-1.537933	-0.4896553	-11.26904	-23.32374	0.9618235
24.58	7.087685	7.378261	-3.025906	7	-1.477682	-1.078146	1.6935	-29.35427	-0.5148935
24.6	7.364817	7.309972	-1.502485	7	-1.539514	-1.673748	17.02934	-15.73595	-0.6298838
24.62	6.852569	7.309972	-4.260157	7	-0.7464837	-0.7312041	1.071358	28.09611	-1.937614
24.64	7.273697	7.583131	-1.9831	7	-0.3909184	-0.2413546	3.277475	22.12664	1.545975
24.66	7.794111	7.583131	0.8234186	7	-0.5554021	-0.835411	10.03289	7.378551	-0.626523
24.68	7.953649	7.65142	1.534734	7	-0.680134	-1.115035	5.487149	8.111373	-3.82731
24.7	7.690554	7.583131	0.008916378	7	-0.700084	-0.8658404	-5.092992	8.248778	-5.01323
24.72	8.576625	8.539186	4.006573	7	-0.7338825	-0.680532	-10.42891	-1.094732	-3.695602
24.74	7.750286	7.583131	-0.4995512	7	-1.162591	-1.005666	-20.85366	-3.155801	-8.828101
24.76	7.475051	7.583131	-1.999589	7	-1.495509	-0.9935534	-13.7235	-9.048929	-4.497812
24.78	7.247863	7.583131	-3.25994	7	-1.438769	-0.9214406	-9.734186	-15.59855	-2.912872
24.8	7.424778	7.583131	-2.306337	7	-1.490592	-1.22553	2.761784	-19.00313	-1.293514
24.82	7.832232	7.583131	-0.1601781	7	-1.73257	-2.036144	18.64258	-2.545114	-2.043038
24.84	7.748923	7.583131	-0.7433246	7	-1.573135	-2.081104	15.95155	6.019771	-4.283155
24.86	7.042377	7.036813	-4.204829	7	-1.366794	-1.688032	12.91789	7.76023	-3.607039
24.88	6.872286	6.968522	-4.65015	7	-1.104796	-1.351548	21.2634	1.012138	0.6064129
24.9	7.113017	7.036813	-2.944974	7	-0.8404748	-1.409604	30.86102	0.6915276	1.842318
24.92	7.233531	7.036813	-1.936089	7	-0.5077682	-1.335589	30.74997	10.8442	0.6213684
24.94	7.195127	6.968522	-1.741038	7	-0.2117747	-1.041522	25.74888	14.18771	-0.07139301
24.96	7.242149	7.036813	-1.138258	7	0.024849	-0.6861945	19.74771	12.09611	-0.01464558
24.98	7.272421	7.036813	-0.6428301	7	0.1158749	-0.4892918	14.03837	7.729694	-0.5424957
25	7.373624	7.036813	0.1907923	7	-0.009289801	-0.5754225	12.2718	4.584657	-1.098653
25.02	7.189435	7.036813	-0.5885069	7	0.0332586	-0.3287189	2.801587	2.126642	-2.160203
25.04	7.27708	6.968522	0.1373234	7	-0.2832271	-0.6005747	6.935125	-0.9725947	-1.467153
25.06	7.146787	7.036813	-0.4671344	7	-0.2904114	-0.5131416	1.146414	-2.102366	-2.420082
25.08	7.689232	7.583131	2.142328	7	-0.3360004	-0.4637937	-1.585427	-3.568014	-1.89697
25.1	7.827735	7.65142	2.497144	7	-0.5160142	-0.5943103	-11.36235	-1.491679	-5.167564
25.12	7.657091	7.583131	1.253195	7	-0.8002445	-0.5878658	-19.51287	-2.316106	-6.257044
25.14	7.499778	7.583131	0.1053774	7	-1.08337	-0.6015873	-21.77792	-2.23977	-5.53682
25.16	7.301529	7.583131	-1.242214	7	-1.203304	-0.5339755	-23.06738	-6.010763	-4.716043
25.18	7.262366	7.51484	-1.63713	7	-1.392759	-0.7468829	-16.22163	-12.02603	-3.446122
25.2	7.420232	7.583131	-1.028282	7	-1.536398	-1.110573	-7.563546	-18.54511	-3.038938
25.22	7.581897	7.65142	-0.4624636	7	-1.605582	-1.418463	-2.396148	-21.17107	-3.701782
25.24	7.734989	7.583131	0.1147996	7	-1.826548	-1.91238	5.693519	4.172443	-4.380279
25.26	7.006568	7.105102	-3.709935	7	-1.68453	-1.701657	2.124166	4.248779	-5.120827
25.28	7.011516	6.968522	-3.38738	7	-1.772883	-1.911855	20.52619	0.8900005	-0.6605091
25.3	5.876683	6.080756	-8.595263	7	-1.334383	-1.612466	24.15582	-2.102366	-0.4095764
25.32	6.16562	6.080756	-6.067936	7	-1.10131	-1.801789	54.34839	1.27168	6.514848
25.34	7.434329	7.309972	0.669093	7	-0.1327077	-1.447342	52.71857	10.69153	5.231186
25.36	7.863132	7.309972	2.914183	7	0.3255249	-1.17432	32.15616	17.57702	-1.585794
25.38	8.716259	8.129447	6.878228	7	0.4343772	-0.6529747	7.643213	30.69152	-4.416573
25.4	6.951781	6.763654	-2.199526	7	0.2841148	0.1297313	-28.34945	18.21824	-9.951922
25.42	6.638834	6.763654	-3.328067	7	-0.2199457	0.4180339	-17.23481	1.638092	-0.7284355
25.44	6.382969	6.763654	-4.28881	7	-0.211037	0.3918159	-12.34279	-11.32374	0.6110229
25.46	7.18277	7.309972	-0.0171912	7	-0.295254	-0.03321658	0.1004796	-24.1787	2.054547
25.48	7.997711	7.309972	4.192914	7	-1.01677	-1.592566	16.35264	-4.850457	-2.547591
25.5	7.764196	7.309972	2.553497	7	-1.175504	-1.795737	3.565978	16.9816	-7.706413
25.52	7.046824	7.241681	-1.554388	7	-0.9063679	-0.7627278	-16.34987	2.660992	-6.57669
25.54	6.939749	7.309972	-2.238731	7	-0.8352486	-0.2321997	-16.95569	-4.422976	-2.32126
25.56	7.14872	7.309972	-1.185201	7	-1.001975	-0.5738472	-7.946663	-11.00313	-1.515259
25.58	7.826873	7.924579	1.886485	7	-0.9825046	-0.7782185	-7.63107	-18.05656	-2.633062
25.6	6.329707	6.080756	-5.379626	7	-1.584663	-1.571195	-0.5438623	-8.758853	-6.363099
25.62	7.64412	7.924579	1.077835	7	-1.206507	-1.08518	10.83028	9.134274	1.884998
25.64	6.931557	7.241681	-2.856711	7	-0.6845959	-0.6175482	-11.13083	-2.331373	-4.99496
25.66	7.442911	7.309972	-0.06368089	7	-1.063342	-1.006338	5.750042	-2.178701	-0.6832724
25.68	7.085069	7.309972	-2.080277	7	-0.7248628	-0.6514834	-7.319924	6.874733	-3.734091
25.7	7.223845	7.309972	-1.303299	7	-0.7947448	-0.6160501	-2.836556	-1.858091	-1.527422
25.72	6.919927	7.378261	-2.98153	7	-0.3670883	0.0452531	-16.29224	3.638092	-2.342587
25.74	7.318024	7.309972	-0.7195415	7	-0.7160031	-0.4544194	-2.614305	-0.02602985	-0.4204416
25.76	7.160517	7.241681	-1.531451	7	-0.7062305	-0.5969371	-5.811665	0.9663364	-2.90409
25.78	7.381635	7.309972	-0.3462403	7	-0.9133938	-0.885166	0.7811902	1.256413	-2.060202
25.8	7.169834	7.309972	-1.550602	7	-0.7636873	-0.6672509	-6.761155	0.3098481	-3.437584
25.82	7.246965	7.309972	-1.136434	7	-0.84666	-0.6877824	-3.816085	0.9052677	-2.174308
25.84	7.326526	7.309972	-0.7380466	7	-0.9571858	-0.9147766	-0.9349064	-0.8657245	-2.649249
25.86	7.08869	7.241681	-2.017508	7	-0.8380879	-0.7028926	-5.918986	0.8441989	-3.150272
25.88	7.374004	7.309972	-0.4872287	7	-1.040493	-1.013342	3.158648	-0.3313735	-1.722438
25.9	8.271707	8.197738	3.603601	7	-0.9623712	-1.112097	-1.230186	-0.07183139	-3.408548
25.92	8.251859	8.197738	2.778837	7	-0.9771	-0.9360631	-21.65526	0.7067943	-8.476581
25.94	7.253394	7.241681	-2.484628	7	-1.49175	-1.001307	-25.22491	-1.293205	-8.518923
25.96	7.03995	7.241681	-3.507901	7	-1.83429	-1.203348	-9.02919	-6.163435	-3.104749
25.98	5.616069	6.080756	-10.23293	7	-1.712935	-1.184996	1.43202	-16.1787	-1.710582
26	5.792724	6.080756	-8.299081	7	-1.53546	-1.504522	39.42194	-19.38481	6.87113
26.02	6.777864	7.309972	-3.065084	7	-0.1601115	-0.6760754	34.71953	12.76786	6.486876
26.04	7.293257	7.378261	-0.2706235	7	0.6362531	-0.05090134	16.48741	19.51595	1.757215
26.06	7.006357	6.763654	-1.261693	7	0.6317875	0.1070588	4.966144	36.41672	-1.21982
26.08	6.623937	6.763654	-2.806373	7	0.8232656	0.8239989	-8.889125	25.16481	-0.2758026
26.1	6.609432	6.763654	-2.367653	7	0.7687407	1.025053	-10.50648	4.783131	1.434076
26.12	6.794595	6.763654	-0.9537416	7	0.4940881	0.6360337	-6.161551	-9.308472	1.012721
26.14	7.237091	6.763654	1.683675	7	-0.1625655	-0.4475091	7.048286	1.744962	-0.6055288
26.16	6.733389	6.695365	-0.929747	7	-0.09529418	-0.2286482	-7.354925	5.638093	-3.811772
26.18	6.964568	6.831944	0.3676605	7	-0.3924057	-0.3728699	-1.165475	1.714428	-1.172851
26.2	6.417681	6.695365	-2.501224	7	-0.1435796	0.1219059	-14.71161	-1.140534	-2.752945
26.22	7.090179	7.309972	0.8389823	7	-0.1416193	0.2750463	-11.68895	-9.033663	0.4035349
26.24	7.239562	7.309972	1.318877	7	-0.2536616	0.04793697	-19.0525	-8.484045	-3.433138
26.26	7.30301	7.378261	1.297264	7	-0.5077848	-0.04525077	-24.29562	-5.797022	-4.47007
26.28	6.635414	7.309972	-2.584336	7	-0.2397256	0.8275045	-44.93162	5.073206	-5.026582
26.3	6.737795	7.241681	-2.09438	7	-0.574975	0.6864516	-34.50271	-4.392442	-1.056362
26.32	7.57437	7.924579	1.764568	7	-0.7823645	0.1390296	-27.29747	-10.68252	-1.639885
26.34	6.764302	7.036813	-2.623524	7	-1.065895	-0.2533146	-32.03999	-14.59091	-6.29982
26.36	6.757093	6.968522	-2.591146	7	-1.509786	-0.7412715	-12.00391	-0.4229765	-1.716925
26.38	6.414447	7.036813	-4.496801	7	-1.100858	-0.3929884	-13.89431	-0.7588544	-1.524581
26.4	7.646572	7.856288	1.581071	7	-1.066278	-0.7188367	0.4269924	-6.590915	1.034975
26.42	6.057692	6.080756	-6.269428	7	-1.198437	-1.129146	-4.036144	-7.613815	-5.652805
26.44	7.205504	7.309972	-0.2410825	7	-1.142106	-1.104692	18.99505	4.706795	3.358557
26.46	7.078547	7.378261	-1.22631	7	-0.4231683	-0.5618691	-2.312565	6.630458	-2.802652
26.48	7.259416	7.036813	-0.1151216	7	-0.740416	-0.898433	5.889082	-0.6061825	-1.725681
26.5	7.261296	7.309972	-0.267261	7	-0.56634	-0.6466767	-3.006001	12.70679	-3.026996
26.52	7.216121	7.309972	-0.610832	7	-0.5251099	-0.3925332	-9.314433	1.59229	-3.029512
26.54	7.439499	7.309972	0.5124336	7	-0.851825	-0.7851368	-3.674996	-0.9420604	-2.843575
26.56	7.283576	7.241681	-0.4309887	7	-0.984549	-0.9332192	-6.145123	-1.018396	-4.336137
26.58	7.256994	7.309972	-0.7149922	7	-1.056401	-0.897226	-6.109514	-2.209236	-3.521226
26.6	7.141314	7.309972	-1.462083	7	-1.005897	-0.7566766	-8.427964	-3.659617	-3.328135
26.62	7.140693	7.241681	-1.497127	7	-1.084537	-0.858503	-4.288349	-6.957327	-2.541686
26.64	7.252152	7.241681	-0.9434205	7	-1.200885	-1.150756	2.020496	-5.308472	-2.463076
26.66	7.289639	7.241681	-0.8186494	7	-1.233651	-1.329314	4.679921	-1.858091	-3.03783
26.68	7.277911	7.309972	-1.005186	7	-1.120597	-1.201595	2.553484	0.3251148	-3.164575
26.7	7.305462	7.309972	-0.9377947	7	-1.082208	-1.146886	2.391708	-0.1023657	-2.954062
26.72	7.305813	7.309972	-0.9996884	7	-1.049491	-1.109535	1.714404	-0.05656421	-3.035233
26.74	7.234422	7.241681	-1.380119	7	-1.037064	-1.080594	1.565352	0.09610759	-2.985027
26.76	7.317865	7.309972	-0.9677802	7	-1.034292	-1.096627	3.135994	0.00450451	-2.546551
26.78	7.315925	7.309972	-1.018927	7	-0.9997864	-1.083351	2.037049	-0.08709857	-2.989255
26.8	7.409167	7.378261	-0.5959572	7	-1.006238	-1.09084	1.972447	-0.07183139	-2.955816
26.82	7.388254	7.378261	-0.7868352	7	-0.9942843	-1.051282	-0.5311797	0.08084041	-3.492846
26.84	7.318286	7.309972	-1.173248	7	-1.040738	-1.048457	-0.8252875	-0.02602985	-3.385161
26.86	7.327698	7.309972	-1.1315	7	-1.102586	-1.1201	1.204308	-0.1023657	-3.01476
26.88	7.277203	7.309972	-1.422112	7	-1.069859	-1.085163	0.6514667	0.09610759	-3.075412
26.9	7.303363	7.309972	-1.285346	7	-1.076128	-1.107959	2.192488	0.00450451	-2.741497
26.92	7.295328	7.309972	-1.336186	7	-1.043329	-1.096499	2.078109	0.05030605	-2.866129
26.94	7.302778	7.309972	-1.295299	7	-1.020897	-1.078974	2.216654	0.08084041	-2.7898
26.96	7.363561	7.378261	-1.014542	7	-0.9789945	-1.034193	1.360496	0.08084041	-2.818783
26.98	7.327504	7.309972	-1.197375	7	-0.9992734	-1.056768	0.8556631	-0.07183139	-3.15451
27	7.378016	7.378261	-0.9656399	7	-1.001176	-1.039016	0.5639127	0.00450451	-2.99029
27.02	7.306923	7.309972	-1.337752	7	-1.016052	-1.03942	-0.3568149	0.03503887	-3.295653
27.04	7.209064	7.241681	-1.797664	7	-1.025198	-1.011844	0.1172783	0.08084041	-2.921549
27.06	7.291042	7.309972	-1.341257	7	-1.028297	-1.046863	2.430564	-0.07183139	-2.370961
27.08	7.325768	7.309972	-1.153868	7	-1.023095	-1.107477	2.794819	0.00450451	-2.826715
27.1	7.313568	7.309972	-1.222008	7	-0.997887	-1.075597	1.710576	0.03503887	-3.035726
27.12	7.332121	7.309972	-1.118462	7	-1.01422	-1.08703	1.896648	-0.07183139	-2.978678
27.14	7.254701	7.241681	-1.486447	7	-1.025855	-1.09129	1.631916	0.01977169	-3.11919
27.16	7.291996	7.309972	-1.287037	7	-0.9988101	-1.042349	1.729509	0.00450451	-2.709385
27.18	7.382566	7.378261	-0.8517146	7	-0.9855305	-1.046848	1.177693	0.03503887	-2.917373
27.2	7.232108	7.241681	-1.61189	7	-0.9879473	-1.014776	-0.8678711	-0.02602985	-3.453613
27.22	7.33553	7.378261	-1.095524	7	-0.9754038	-0.9523644	-0.4337156	-0.04129703	-2.641475
27.24	7.286912	7.309972	-1.351465	7	-0.9860992	-0.9759417	-1.518378	0.0655728	-3.233021
27.26	7.287496	7.309972	-1.339522	7	-1.018424	-0.992314	-0.9171032	0.00450451	-2.994413
27.28	7.269237	7.309972	-1.436128	7	-1.018911	-0.9894598	-1.113769	0.0655728	-3.029435
27.3	7.279025	7.309972	-1.380222	7	-1.033605	-1.010327	-0.5123441	0.03503887	-2.93437
27.32	7.368122	7.378261	-0.9536819	7	-1.049986	-1.056293	-0.005595386	0.05030605	-3.002876
27.34	7.293476	7.309972	-1.363263	7	-1.060277	-1.0611	-1.377056	0.01977169	-3.525032
27.36	7.355416	7.378261	-1.079624	7	-1.081768	-1.059653	-0.8325213	0.00450451	-3.123945
27.38	7.315287	7.309972	-1.299587	7	-1.133136	-1.13788	-0.4048915	-0.1023657	-3.484455
27.4	7.173762	7.241681	-2.01606	7	-1.105537	-1.061112	-1.154107	0.03503887	-3.284381
27.42	7.27064	7.309972	-1.485392	7	-1.112329	-1.09289	1.884809	-0.08709857	-2.447001
27.44	7.246747	7.309972	-1.618829	7	-1.03359	-1.04428	0.3361465	0.03503887	-2.969223
27.46	7.287191	7.309972	-1.388327	7	-1.029128	-1.045126	0.950882	-0.04129703	-2.794331
27.48	7.274755	7.309972	-1.448243	7	-0.9991983	-1.012504	-0.185782	0.03503887	-3.039663
27.5	7.279196	7.309972	-1.411195	7	-0.9964803	-0.991991	-0.5548646	-0.02602985	-2.984122
27.52	7.215795	7.241681	-1.690823	7	-1.014871	-1.004937	-0.4528455	0.00450451	-3.041327
27.54	7.292351	7.309972	-1.273879	7	-1.029341	-1.035678	0.8306226	0.01977169	-2.722139
27.56	7.37405	7.378261	-0.8938215	7	-1.024646	-1.060691	-0.07190734	-0.01076267	-3.182494
27.58	7.22008	7.241681	-1.679636	7	-1.038945	-1.031673	-2.115603	0.0655728	-3.678321
27.6	7.426318	7.446551	-0.6695497	7	-1.066766	-1.040234	-0.6438527	0.01977169	-2.851178
27.62	7.276447	7.309972	-1.48926	7	-1.07282	-1.04082	-3.825785	-0.2245032	-4.042409
27.64	7.300842	7.309972	-1.352191	7	-1.16727	-1.108594	-1.131721	0.08084041	-3.226988
27.66	7.244982	7.309972	-1.667443	7	-1.147947	-1.094004	-1.713373	-0.209236	-3.403551
27.68	7.262972	7.309972	-1.572734	7	-1.159259	-1.115007	-0.2618221	0.08084041	-3.053868
27.7	7.171294	7.241681	-2.020728	7	-1.125352	-1.087358	-0.4129725	0.03503887	-3.136399
27.72	7.242239	7.309972	-1.633513	7	-1.086574	-1.058512	0.8922392	0.1266419	-2.580814
27.74	7.26888	7.309972	-1.48796	7	-1.051047	-1.063305	0.516258	-0.07183139	-2.947922
27.76	7.227017	7.241681	-1.658065	7	-1.060416	-1.082708	0.6679515	0.3098481	-3.098754
27.78	7.333409	7.309972	-1.087983	7	-1.097335	-1.159393	2.464264	-0.1023657	-2.896845
27.8	7.297165	7.309972	-1.304413	7	-1.060661	-1.116893	-0.04189152	-0.01076267	-3.543962
27.82	7.322989	7.309972	-1.172576	7	-1.101908	-1.133795	0.2516005	-0.02602985	-3.357678
27.84	7.283582	7.309972	-1.400492	7	-1.095375	-1.097698	-1.238193	-0.1787016	-3.557001
27.86	7.357144	7.378261	-1.062588	7	-1.115487	-1.098407	-1.216547	0.08084041	-3.353235
27.88	7.344054	7.378261	-1.194383	7	-1.123201	-1.088554	-2.960465	0.01977169	-3.794996
27.9	7.337874	7.378261	-1.2787	7	-1.160315	-1.08812	-3.456053	0.08084041	-3.743283
27.92	7.337747	7.378261	-1.328687	7	-1.20823	-1.127545	-3.158201	-0.02602985	-3.731952
27.94	7.136485	7.241681	-2.358558	7	-1.199108	-1.068692	-4.112275	-0.02602985	-3.7445
27.96	7.215608	7.309972	-1.91207	7	-1.208516	-1.090691	-0.3509125	0.05030605	-2.569219
27.98	7.227039	7.309972	-1.845479	7	-1.155466	-1.113306	-0.004535198	-0.05656421	-2.967525
28	7.248447	7.309972	-1.717874	7	-1.118528	-1.099723	0.2128497	0.01977169	-2.982528
28.02	7.25923	7.309972	-1.64532	7	-1.088819	-1.08075	-0.1246147	0.00450451	-3.087204
28.04	7.193685	7.241681	-1.930765	7	-1.077324	-1.061943	-0.4066119	-0.1023657	-3.154372
28.06	7.277297	7.309972	-1.465187	7	-1.077027	-1.076234	0.7611004	-0.02602985	-2.806822
28.08	7.348521	7.378261	-1.130161	7	-1.048473	-1.065425	-0.8398502	0.00450451	-3.307014
28.1	7.374044	7.378261	-1.037645	7	-1.081248	-1.080329	-2.3517	0.00450451	-3.744175
28.12	7.298082	7.309972	-1.442637	7	-1.145973	-1.104969	-3.222035	-0.04129703	-3.964371
28.14	7.268677	7.309972	-1.599671	7	-1.195524	-1.121003	-2.553784	-0.1481673	-3.605658
28.16	7.173565	7.241681	-2.064746	7	-1.211205	-1.129585	-1.892445	0.01977169	-3.464509
28.18	7.215448	7.309972	-1.840944	7	-1.174451	-1.095245	-0.7789764	0.09610759	-2.914406
28.2	7.223641	7.309972	-1.796592	7	-1.124759	-1.07004	-1.182745	0.1571763	-3.10375
28.22	7.270876	7.309972	-1.535247	7	-1.134014	-1.109521	-0.3318259	0.03503887	-3.12327
28.24	7.252266	7.309972	-1.636483	7	-1.106642	-1.078403	-1.599234	0.0655728	-3.412148
28.26	7.332626	7.378261	-1.248425	7	-1.108701	-1.068615	-1.89523	-0.02602985	-3.318219
28.28	7.24371	7.309972	-1.723183	7	-1.105099	-1.03245	-4.049898	0.01977169	-3.803444
28.3	7.13834	7.241681	-2.223009	7	-1.112308	-0.9740951	-4.101084	-0.08709857	-3.332973
28.32	7.28897	7.378261	-1.44615	7	-1.115568	-1.001306	-2.167622	-0.04129703	-2.74927
28.34	7.235565	7.309972	-1.731343	7	-1.107348	-1.026676	-3.666116	0.1266419	-3.603165
28.36	7.184247	7.241681	-1.947191	7	-1.155371	-1.063244	-2.401911	0.00450451	-3.324072
28.38	7.222232	7.309972	-1.744732	7	-1.134934	-1.048997	-1.931625	-0.07183139	-3.070247
28.4	7.238793	7.309972	-1.658673	7	-1.123381	-1.056448	-2.153548	0.0655728	-3.274121
28.42	7.250688	7.309972	-1.597506	7	-1.129313	-1.066043	-2.31903	-0.04129703	-3.377636
28.44	7.258317	7.309972	-1.561783	7	-1.146958	-1.08545	-2.381911	0.00450451	-3.469541
28.46	7.258451	7.309972	-1.569965	7	-1.166208	-1.102802	-2.467425	0.00450451	-3.542344
28.48	7.314737	7.378261	-1.328614	7	-1.165757	-1.092226	-3.091218	0.03503887	-3.568398
28.5	7.243403	7.309972	-1.720267	7	-1.18519	-1.090067	-4.230336	-0.02602985	-3.898637
28.52	7.159649	7.241681	-2.120964	7	-1.218814	-1.094639	-3.272079	-0.02602985	-3.518313
28.54	7.208543	7.309972	-1.861923	7	-1.201666	-1.090358	-1.922255	-0.08709857	-3.049709
28.56	7.305666	7.378261	-1.397332	7	-1.180479	-1.116202	-1.841024	0.1113748	-3.293092
28.58	7.235652	7.309972	-1.780116	7	-1.166897	-1.091673	-3.660201	0.05030605	-3.832918
28.6	7.236434	7.309972	-1.769459	7	-1.189849	-1.086695	-3.039027	-0.1023657	-3.449533
28.62	7.189227	7.309972	-2.020917	7	-1.149497	-1.019389	-4.252964	-0.05656421	-3.471507
28.64	7.234317	7.309972	-1.763916	7	-1.181292	-1.069485	-2.571934	0.1113748	-3.185903
28.66	7.218251	7.309972	-1.849672	7	-1.162412	-1.06569	-3.190085	0.00450451	-3.462256
28.68	7.251545	7.309972	-1.665431	7	-1.191486	-1.111794	-2.163992	0.03503887	-3.371695
28.7	7.144882	7.241681	-2.192902	7	-1.167766	-1.07158	-3.254465	0.00450451	-3.587189
28.72	7.255814	7.309972	-1.59113	7	-1.200749	-1.13053	-0.6411336	-0.01076267	-2.980972
28.74	7.253624	7.309972	-1.619293	7	-1.180307	-1.148249	-1.767838	-0.05656421	-3.62789
28.76	7.317382	7.378261	-1.336214	7	-1.169153	-1.112727	-2.814752	-0.01076267	-3.625997
28.78	7.168975	7.241681	-2.089125	7	-1.185659	-1.089628	-4.379499	0.00450451	-4.006485
28.8	7.278165	7.378261	-1.548116	7	-1.183895	-1.052238	-3.455859	-0.01076267	-3.200727
28.82	7.202518	7.309972	-1.956705	7	-1.166728	-1.034778	-5.245062	-0.209236	-3.815954
28.84	7.241995	7.309972	-1.734078	7	-1.226932	-1.100315	-3.222203	0.0655728	-3.395374
28.86	7.214815	7.309972	-1.887574	7	-1.217701	-1.104467	-3.724001	-0.02602985	-3.652685
28.88	7.111299	7.241681	-2.393386	7	-1.189174	-1.038361	-4.299723	0.1266419	-3.493284
28.9	7.195003	7.309972	-1.932609	7	-1.17772	-1.040143	-2.47856	0.0655728	-2.886908
28.92	7.213315	7.309972	-1.834434	7	-1.150285	-1.054948	-3.000808	-0.04129703	-3.346973
28.94	7.326239	7.378261	-1.276406	7	-1.172803	-1.103477	-2.666532	-0.05656421	-3.455735
28.96	7.308713	7.378261	-1.430396	7	-1.172183	-1.083391	-5.289086	0.01977169	-4.138627
28.98	7.319141	7.378261	-1.422368	7	-1.236301	-1.106633	-5.593657	-0.02602985	-4.079976
29	7.137293	7.241681	-2.351982	7	-1.276402	-1.099889	-6.2963	-0.3008391	-4.195334
29.02	7.17179	7.309972	-2.159613	7	-1.282345	-1.084342	-3.992884	-0.2245032	-3.180576
29.04	7.116429	7.241681	-2.407159	7	-1.265079	-1.118555	-2.948931	-1.003129	-3.335015
29.06	7.174513	7.241681	-2.044146	7	-1.287648	-1.215473	0.3856582	-0.9420604	-2.983986
29.08	7.201289	7.309972	-1.918719	7	-1.189788	-1.14403	-1.103775	0.1266419	-3.302661
29.1	7.284209	7.309972	-1.475462	7	-1.211575	-1.202219	-0.2214818	0.08084041	-3.406254
29.12	7.274513	7.309972	-1.544522	7	-1.206326	-1.197491	-1.837592	-0.1329001	-3.920438
29.14	7.252944	7.309972	-1.671677	7	-1.210461	-1.152749	-3.107001	0.1266419	-3.904838
29.16	7.256407	7.309972	-1.660555	7	-1.243693	-1.166024	-3.068009	-0.8809917	-3.818101
29.18	7.357763	7.378261	-1.180348	7	-1.303197	-1.254914	-2.101321	-1.598549	-3.876455
29.2	7.231788	7.309972	-1.884533	7	-1.292638	-1.204319	-4.913509	-0.7435871	-4.494625
29.22	7.162546	7.241681	-2.21039	7	-1.345093	-1.212626	-3.177539	-2.331373	-3.785059
29.24	7.159146	7.241681	-2.190885	7	-1.357356	-1.26363	-0.8005239	-2.804656	-3.397787
29.26	7.212627	7.241681	-1.875362	7	-1.378724	-1.376678	2.096669	-1.751221	-3.346507
29.28	7.283001	7.309972	-1.535187	7	-1.335716	-1.388412	2.04095	0.3556497	-3.633171
29.3	7.316061	7.309972	-1.391298	7	-1.331015	-1.402933	1.389503	-0.1329001	-4.003817
29.32	7.309104	7.309972	-1.460255	7	-1.332982	-1.383022	0.1786709	0.03503887	-4.208886
29.34	7.282997	7.309972	-1.6257	7	-1.331695	-1.337138	-1.018141	-0.02602985	-4.193907
29.36	7.329395	7.378261	-1.443301	7	-1.322342	-1.29038	-1.997285	-0.07183139	-4.060909
29.38	7.19857	7.241681	-2.106501	7	-1.358148	-1.304561	-2.52135	0.03503887	-4.328309
29.4	7.2297	7.309972	-1.94458	7	-1.353377	-1.273598	-1.376844	-0.1787016	-3.614241
29.42	7.16586	7.241681	-2.245245	7	-1.339687	-1.281745	-1.115757	-0.3161063	-3.767237
29.44	7.167405	7.241681	-2.190281	7	-1.320767	-1.275642	0.1878704	0.1113748	-3.389352
29.46	7.283939	7.309972	-1.573092	7	-1.317953	-1.339416	1.749174	-0.02602985	-3.37868
29.48	7.277314	7.309972	-1.631005	7	-1.278367	-1.312898	-0.3312587	0.05030605	-4.046514
29.5	7.30448	7.309972	-1.495904	7	-1.309996	-1.326565	-0.4605326	0.00450451	-4.02476
29.52	7.248607	7.309972	-1.813409	7	-1.2847	-1.2495	-2.777775	-0.07183139	-4.232436
29.54	7.37079	7.378261	-1.210747	7	-1.354696	-1.325731	-1.262951	0.09610759	-3.932467
29.56	7.346146	7.378261	-1.417606	7	-1.370511	-1.338849	-3.444301	-0.1023657	-4.681083
29.58	7.269083	7.309972	-1.843464	7	-1.430528	-1.350487	-3.565215	0.08084041	-4.570823
29.6	7.220268	7.309972	-2.115698	7	-1.439823	-1.32551	-3.153219	-0.2703047	-4.162413
29.62	7.213243	7.309972	-2.156883	7	-1.432959	-1.326585	-2.057359	-0.5145796	-3.856785
29.64	7.208091	7.309972	-2.185016	7	-1.39863	-1.310726	-1.632303	-0.9878618	-3.774412
29.66	7.332157	7.378261	-1.563168	7	-1.407012	-1.375896	-0.01682138	-1.797022	-3.699023
29.68	7.268448	7.309972	-1.911169	7	-1.399144	-1.389831	-1.352059	0.1266419	-4.396513
29.7	7.29556	7.309972	-1.761017	7	-1.446494	-1.440077	0.271168	-0.1481673	-4.043917
29.72	7.219051	7.309972	-2.179014	7	-1.379352	-1.338838	-1.875489	-0.05656421	-4.221571
29.74	7.259408	7.309972	-1.945775	7	-1.39777	-1.356346	-0.2964053	0.0655728	-3.751356
29.76	7.267783	7.309972	-1.896265	7	-1.393737	-1.386139	-0.1372008	-0.1023657	-3.989904
29.78	7.351674	7.378261	-1.492685	7	-1.394595	-1.403552	-0.1099916	0.01977169	-4.045104
29.8	7.287957	7.309972	-1.835913	7	-1.410536	-1.413979	-1.343823	-0.05656421	-4.53803
29.82	7.276291	7.309972	-1.893609	7	-1.437873	-1.413974	-0.8340318	0.05030605	-4.21178
29.84	7.234527	7.309972	-2.116413	7	-1.40987	-1.362699	-1.613308	-0.2245032	-4.165432
29.86	7.251043	7.309972	-2.015749	7	-1.414678	-1.370196	-0.7304619	0.03503887	-3.913202
29.88	7.200727	7.241681	-2.2296	7	-1.429794	-1.414461	0.1849996	0.03503887	-4.009328
29.9	7.199155	7.241681	-2.186882	7	-1.423098	-1.429361	1.531097	0.01977169	-3.736294
29.92	7.343249	7.378261	-1.468803	7	-1.379038	-1.420614	1.566177	0.03503887	-3.722624
29.94	7.217794	7.241681	-2.100524	7	-1.366556	-1.400332	-0.7296296	-0.01076267	-4.532134
29.96	7.235243	7.241681	-1.952581	7	-1.416348	-1.431778	1.279644	-0.02602985	-3.861779
29.98	7.195862	7.241681	-2.129681	7	-1.38266	-1.402769	0.6156288	-0.2397704	-4.007111
30	7.306353	7.309972	-1.546635	7	-1.39771	-1.444737	1.901205	0.1419087	-3.784688
30.02	7.299161	7.309972	-1.611669	7	-1.380857	-1.435658	-0.06768358	-0.07183139	-4.442743
30.04	7.39151	7.378261	-1.184212	7	-1.42103	-1.459069	-0.3780749	0.05030605	-4.435381
30.06	7.304404	7.309972	-1.679349	7	-1.458456	-1.464243	-2.39735	0.01977169	-5.017614
30.08	7.186815	7.241681	-2.277991	7	-1.491518	-1.424608	-2.454083	-0.01076267	-4.575368
30.1	7.328651	7.378261	-1.579374	7	-1.511855	-1.463377	-0.2598123	-0.4229765	-3.91895
30.12	7.301355	7.378261	-1.80137	7	-1.462011	-1.420226	-2.946911	-0.04129703	-4.704552
30.14	7.250441	7.309972	-2.075022	7	-1.494584	-1.416315	-2.805068	0.09610759	-4.522865
30.16	7.258796	7.309972	-2.030037	7	-1.532699	-1.4698	-1.151298	-0.05656421	-4.246876
30.18	7.159153	7.241681	-2.52284	7	-1.512831	-1.454649	-1.08871	0.03503887	-4.293051
30.2	7.250345	7.309972	-2.030806	7	-1.505533	-1.479272	1.275602	0.05030605	-3.693991
30.22	7.235576	7.309972	-2.118753	7	-1.436109	-1.434817	-0.2180473	0.05030605	-4.18142
30.24	7.269295	7.309972	-1.930187	7	-1.432817	-1.431407	0.07406007	-0.07183139	-4.067716
30.26	7.183845	7.241681	-2.336298	-7	-1.414178	-1.399122	-2.704522	-0.04129703	-4.770975
30.28	7.336213	7.378261	-1.558911	-7	-1.448528	-1.402349	-4.365909	-0.04129703	-4.857398
30.3	7.260957	7.309972	-1.974586	-7	-1.520014	-1.417346	-9.88096	-0.1481673	-6.361958
30.32	7.27272	7.378261	-1.973361	-7	-1.631681	-1.381667	-14.31247	-0.05656421	-6.649179
30.34	7.179084	7.309972	-2.50098	-7	-1.814902	-1.45354	-18.02929	-2.758854	-7.440431
30.36	5.799427	6.080756	-9.050407	-7	-2.066746	-1.491406	-17.70095	-5.995495	-7.659271
30.38	5.58412	6.012467	-9.294027	-7	-2.127719	-1.572806	5.00001	-7.964961	-0.5330186
30.4	5.728755	6.080756	-7.786838	-7	-1.785856	-1.758254	17.93877	-9.445876	0.3145399
30.42	7.29245	7.309972	0.3619061	-7	-1.374217	-1.880477	19.79405	7.80603	-0.8180084
30.44	7.458398	7.309972	0.9085271	-7	-1.12789	-1.641329	-11.82236	16.14191	-10.28092
30.46	6.662557	6.763654	-3.222048	-7	-1.32463	-0.9747904	-38.3106	14.20298	-12.32989
30.48	6.298998	6.763654	-4.975203	-7	-1.647706	-0.5513853	-46.27859	-0.8351899	-9.100307
30.5	6.217254	6.763654	-5.25893	-7	-2.03364	-0.7467425	-44.97994	-19.62908	-8.090024
30.52	6.867092	7.241681	-2.057911	-7	-2.51309	-1.411087	-38.61047	-27.07946	-8.540383
30.54	6.071667	6.422206	-6.154737	-7	-3.009376	-1.971145	-42.87491	-28.91152	-13.10691
30.56	6.205217	6.353915	-5.235569	-7	-3.803389	-2.930485	-19.25252	-9.980227	-9.46242
30.58	6.251848	6.763654	-5.279883	-7	-3.679641	-2.968247	-22.33119	4.111374	-10.96909
30.6	6.50787	6.763654	-4.14093	-7	-3.8996	-3.338915	-17.67222	-3.720686	-11.4591
30.62	7.276079	7.65142	-0.9377702	-7	-3.792873	-3.220307	-28.55351	-7.629083	-13.40508
30.64	5.67886	6.080756	-9.221653	-7	-4.104331	-3.190466	-43.46393	-11.32374	-18.16309
30.66	5.498807	6.080756	-9.781822	-7	-4.495051	-3.304135	-21.97807	-14.95733	-9.806515
30.68	5.499492	6.080756	-9.489254	-7	-4.445896	-3.698295	-8.503994	-18.11763	-9.159065
30.7	5.590846	6.012467	-8.701134	-7	-4.301383	-3.949492	0.3722534	-21.2016	-9.333897
30.72	6.368812	6.422206	-4.567493	-7	-4.317703	-4.442501	9.292891	-14.77412	-10.13068
30.74	6.56105	6.695365	-3.878856	-7	-4.044051	-4.201011	-9.057771	15.27168	-15.09076
30.76	5.855107	6.149047	-7.526544	-7	-4.045094	-3.675808	-27.04288	15.62282	-16.80088
30.78	4.130457	5.124701	-15.80425	-7	-3.771963	-2.515639	-40.98165	9.241145	-13.60786
30.8	4.681432	5.739308	-12.1807	-7	-3.589152	-2.187115	-21.42256	-4.407709	-4.310091
30.82	3.877146	4.783254	-15.28589	-7	-3.292408	-2.316155	-20.22444	-16.95733	-7.810867
30.84	4.725755	5.056413	-9.758493	-7	-3.519842	-3.119082	8.218065	-18.74359	-3.843196
30.86	4.70196	4.783254	-9.039354	-7	-3.470579	-3.730656	8.890549	14.06557	-9.567095
30.88	5.316186	5.466149	-5.515841	-7	-3.228546	-3.447774	-0.6011097	20.35565	-10.43465
30.9	4.601642	4.919833	-8.796197	-7	-3.067587	-2.874805	-25.71556	26.85946	-14.90048
30.92	4.153183	4.578383	-10.35627	-7	-3.316875	-2.595167	-28.34708	7.592289	-12.00636
30.94	4.346083	4.783254	-8.746743	-7	-3.55623	-2.81139	-23.88139	-8.392442	-10.65946
30.96	4.033533	4.441804	-9.768251	-7	-3.770812	-3.101484	-25.45009	-15.09473	-12.81385
30.98	3.723278	3.895488	-10.48957	-7	-4.322295	-3.829653	-11.27078	-2.270305	-12.07695
31	3.023317	3.554038	-13.26296	-7	-4.224253	-3.72894	-9.472045	-3.415343	-11.40662
31.02	3.521665	4.168647	-10.09287	-7	-3.857399	-3.374832	-5.531961	-4.23977	-8.061096
31.04	3.067926	3.554038	-11.66571	-7	-3.658324	-3.312406	-12.12445	-3.140534	-11.384
31.06	3.373909	3.21259	-8.964757	-7	-4.306636	-4.394713	12.27305	2.78313	-9.635365
31.08	2.776956	2.871142	-11.19568	-7	-4.216726	-4.522418	9.048049	1.76023	-12.61132
31.1	2.1347	2.256536	-13.27815	-7	-4.211809	-4.46672	17.06435	0.7831302	-10.06044
31.12	3.164303	3.280881	-7.264812	-7	-3.884662	-4.373361	24.21893	-2.514579	-7.236516
31.14	1.520406	1.573638	-14.51489	-7	-3.701915	-4.22976	9.476341	0.7220619	-13.75501
31.16	1.002064	1.300479	-15.50998	-7	-3.531681	-3.709913	23.60358	7.012138	-5.461535
31.18	0.2560914	1.02732	-17.70032	-7	-2.560757	-2.650669	18.13912	0.1877107	-3.321858
31.2	1.856202	1.915086	-7.96194	-7	-2.303888	-2.94601	37.72168	7.42435	0.4248934
31.22	0.5169134	0.6858721	-13.45832	-7	-1.688109	-2.41023	6.48183	18.99687	-9.760547
31.24	0.8640049	0.4127131	-9.686296	-7	-2.346285	-3.071789	32.13679	29.88237	-3.497027
31.26	1.044258	1.23219	-7.877599	-7	-1.66287	-2.318042	7.76019	7.180077	-7.287039
31.28	0.5288786	0.002975464	-8.950142	-7	-2.375086	-3.076028	13.31279	10.21824	-9.442228
31.3	-0.8145226	-0.2701836	-14.58472	-7	-1.817874	-1.764324	-9.818127	-0.02602985	-8.450027
31.32	-1.604227	-1.02137	-16.65861	-7	-1.727572	-1.285241	0.683979	-1.201602	-1.813702
31.34	-1.770522	-1.362819	-15.36454	-7	-1.60301	-1.559825	21.09582	-6.392442	1.585569
31.36	-0.8023409	-0.3384733	-9.032679	-7	-0.8303161	-1.151931	18.19351	8.920534	1.490717
31.38	-2.456849	-2.387164	-15.45929	-7	-0.7876556	-1.210805	7.924838	22.24878	-4.889661
31.4	-3.626349	-2.728612	-19.17372	-7	-0.03105277	0.3046154	3.350246	23.10374	2.905697
31.42	-3.803835	-3.070061	-17.4227	-7	0.4834199	0.695662	18.9951	4.264046	8.607093
31.44	-2.058716	-2.387164	-6.186646	-7	0.3160994	-0.6550222	48.9902	21.48542	8.494137
31.46	-2.026824	-2.660322	-4.530183	-7	0.4051858	-1.190705	29.82802	25.24114	-3.127038
31.48	-2.284638	-3.070061	-4.360484	-7	-0.07294798	-1.375053	20.58529	34.46252	-5.229671
31.5	-3.881455	-3.752957	-11.16747	-7	0.1960758	-0.1509403	-8.650036	-6.56038	-5.860473
31.52	-3.453934	-3.411509	-7.371571	-7	-0.1115562	-0.09846896	5.528874	-12.2703	1.789551
31.54	-4.200341	-4.094406	-9.739185	-7	-0.1271884	-0.2589424	-0.1363924	-22.78939	-2.02917
31.56	-5.180681	-4.777303	-13.02223	-7	0.02082865	0.2086556	0.4821196	7.271678	0.964757
31.58	-4.164204	-4.094406	-6.248527	-7	-0.0360904	-0.226485	21.94746	-6.148167	5.547798
31.6	-4.357108	-3.684668	-6.615164	-7	1.052518	1.058069	-17.2706	7.790762	-1.226988
31.62	-4.451593	-4.367564	-5.837548	-7	0.6538759	0.9594339	-18.53144	16.29458	-0.814887
31.64	-4.865692	-4.094406	-7.231072	-7	1.03242	1.938955	-43.64176	-2.972595	-1.813023
31.66	-4.841702	-4.777303	-5.794501	-7	0.08460212	0.8890169	-25.20612	2.340382	-0.4289408
31.68	-5.9711	-5.801648	-10.19975	-7	-0.4842385	0.08423018	-14.65089	-2.911526	-2.08992
31.7	-5.988962	-5.460199	-9.102517	-7	-0.3630201	0.1889915	-0.8962097	-2.407709	3.269549
31.72	-5.294299	-5.050462	-4.652855	-7	-0.1949515	-0.1451828	8.289774	-1.445877	2.97628
31.74	-4.765631	-4.777303	-1.478893	-7	-0.07587868	-0.3393158	0.6820688	-4.346641	-1.464998
31.76	-5.754229	-5.460199	-6.047713	-7	0.1335744	0.3538337	-23.93578	8.599925	-5.203129
31.78	-5.500793	-5.118752	-4.138379	-7	0.01650575	0.6987752	-22.42544	5.653359	-0.3307066
31.8	-5.324631	-5.118752	-2.794633	-7	-0.2509765	0.2918086	-22.74328	-4.148167	-2.460844
31.82	-6.484576	-6.211386	-7.965242	-7	-0.5852092	0.06839745	-23.90915	-14.86572	-4.219776
31.84	-6.312604	-5.733358	-6.403953	-7	-0.5162216	0.2949763	-13.08706	1.409085	1.68593
31.86	-6.163124	-5.869938	-4.983909	-7	-0.5440652	-0.1544452	-4.497854	-10.1329	0.5229044
31.88	-5.542836	-5.460199	-1.466454	-7	-0.5627875	-0.5015378	-0.7348685	-0.2397704	-0.6670313
31.9	-5.671681	-5.460199	-2.086648	-7	-0.3711313	-0.2069477	-17.66084	3.928168	-4.592606
31.92	-6.640715	-6.484545	-6.427131	-7	-0.7048821	-0.2398351	-17.91996	3.424351	-4.261003
31.94	-6.910256	-6.484545	-7.077385	-7	-0.7239097	-0.122077	-6.752701	-3.797022	0.6579065
31.96	-6.717632	-6.416255	-5.394901	-7	-0.6241997	-0.3667112	5.414301	-10.36191	2.033176
31.98	-6.346361	-6.484545	-2.825975	-7	-0.7507707	-1.068149	18.82896	-4.789388	0.8259449
32	-6.272533	-6.143096	-2.265395	-7	-0.2699036	-0.5901674	5.048047	4.874733	-1.637587
32.02	-6.072249	-6.074806	-1.021467	-7	-0.19521	-0.3399985	-2.793899	10.43198	-2.199174
32.04	-6.229221	-6.143096	-1.68354	-7	-0.1894864	-0.0776087	-14.72403	2.172444	-3.785032
32.06	-6.210736	-6.143096	-1.410639	-7	-0.4364752	-0.1155821	-16.97119	-0.6672512	-3.37825
32.08	-6.302798	-6.143096	-1.807949	-7	-0.6259223	-0.1787553	-20.55055	-3.842824	-3.995541
32.1	-5.917247	-5.801648	0.0682534	-7	-0.8876826	-0.4211138	-19.39145	-6.835189	-3.849032
32.12	-5.79827	-5.733358	0.3892993	-7	-1.180832	-0.7417994	-23.55465	-8.575647	-6.351624
32.14	-6.083718	-5.801648	-1.42806	-7	-1.340743	-0.6289819	-32.07352	-10.20924	-7.323669
32.16	-6.048595	-5.733358	-1.519603	-7	-1.629382	-0.7572112	-29.1691	-9.674884	-5.818567
32.18	-6.047126	-5.801648	-1.759807	-7	-1.950071	-1.19327	-23.07392	-13.52221	-6.054218
32.2	-6.049779	-5.801648	-2.045045	-7	-2.151357	-1.518215	-17.40594	-11.52221	-6.035549
32.22	-6.109711	-5.801648	-2.631609	-7	-2.180647	-1.615908	-14.5049	-3.369541	-5.86069
32.24	-6.041333	-5.733358	-2.533932	-7	-2.148288	-1.654037	-11.11077	-5.720686	-5.244778
32.26	-7.085267	-6.825994	-7.570621	-7	-2.24622	-1.834602	-3.838598	-2.255037	-5.338066
32.28	-7.114944	-6.825994	-7.129149	-7	-2.142098	-1.956533	20.02336	-2.377175	0.7945747
32.3	-6.740434	-6.484545	-4.840525	-7	-1.539505	-1.85898	28.39358	0.4319855	1.405643
32.32	-6.320747	-6.416255	-2.346112	-7	-1.137086	-1.871309	30.3895	11.94344	-0.2210255
32.34	-6.128433	-6.143096	-1.287537	-7	-0.5728706	-1.235461	14.44414	18.78313	-2.536219
32.36	-5.938143	-6.143096	-0.1645516	-7	-0.5338768	-1.013955	5.184794	20.90527	-3.707681
32.38	-7.215261	-7.167441	-6.200053	-7	-0.5389272	-0.5801951	-7.909031	1.546489	-5.26774
32.4	-7.448743	-7.167441	-6.58533	-7	-0.5219078	-0.2341487	3.262335	-0.651984	1.527767
32.42	-6.698916	-6.757704	-2.104151	-7	-0.5734137	-0.8110987	19.91608	-8.02603	2.680609
32.44	-7.04369	-6.825994	-3.629331	-7	-0.002486393	-0.2524049	0.8560877	7.241146	-1.824492
32.46	-6.503482	-6.484545	-0.5510912	-7	0.02819633	-0.04504108	-0.3441702	14.26405	0.01626015
32.48	-8.050185	-7.782049	-7.819838	-7	0.1348334	0.3816255	-16.17556	3.439619	-3.486391
32.5	-6.510834	-6.416255	0.5434104	-7	-0.04696762	0.1913816	5.720867	5.973969	4.859121
32.52	-6.442466	-6.416255	0.7450235	-7	0.1193615	0.03376277	-14.77221	-4.697785	-4.205866
32.54	-6.218687	-6.143096	1.632675	-7	-0.04065837	0.3236971	-29.24643	14.58466	-5.020818
32.56	-6.558178	-6.143096	-0.5066265	-7	-0.1346135	0.8203974	-50.11935	-12.77412	-6.830243
32.58	-6.670776	-6.484545	-1.104815	-7	-0.9383017	0.2087332	-41.35679	-5.919159	-5.290428
32.6	-6.58674	-6.416255	-0.8407018	-7	-1.573484	-0.6284494	-29.17996	-23.84282	-5.172095
32.62	-8.044274	-7.850338	-7.910637	-7	-2.127654	-1.370855	-14.7314	-11.1558	-5.824013
32.64	-8.074876	-7.850338	-7.349838	-7	-2.32627	-1.980605	24.04996	-17.17107	2.501572
32.66	-6.73701	-6.484545	-0.5908598	-7	-1.529272	-1.955672	34.40738	-2.071831	3.228249
32.68	-6.007463	-6.211386	2.732634	-7	-1.006091	-1.884205	20.0281	11.19534	-3.513448
32.7	-7.500827	-7.50889	-4.827138	-7	-0.7467299	-1.077515	-4.890057	23.80603	-7.502388
32.72	-5.670263	-5.733358	4.34176	-7	-0.7909705	-0.8622949	6.780591	-1.980228	0.8156967
32.74	-5.76811	-5.733358	3.006833	-7	-0.5326841	-0.5660644	-28.71	-11.84282	-9.665394
32.76	-6.811977	-7.099152	-2.222616	-7	-1.520543	-1.107223	-24.97133	-12.01076	-9.364209
32.78	-8.158907	-7.167441	-9.108549	-7	-1.047159	0.245712	-37.65976	6.172443	-4.147886
32.8	-7.446779	-7.167441	-4.736046	-7	-1.569577	-0.7562671	5.587229	-19.88862	4.012726
32.82	-7.030319	-6.757704	-2.539096	-7	-1.178795	-1.157152	9.987793	-9.583281	0.0773983
32.84	-6.512022	-6.825994	0.2656759	-7	-1.34514	-1.851897	20.39048	0.8136646	-1.901233
32.86	-7.548786	-7.782049	-4.685192	-7	-1.344196	-1.914907	16.43954	16.95107	-4.966496
32.88	-7.621109	-7.782049	-4.413546	-7	-1.318881	-1.854209	32.73534	13.74496	0.8317642
32.9	-7.527716	-7.50889	-3.539004	-7	-0.7245357	-1.439212	32.08862	11.57702	1.341452
32.92	-6.71597	-7.50889	1.215398	-7	-1.008897	-2.367985	51.67461	-2.911526	1.093399
32.94	-6.829841	-7.372311	0.6758296	-7	-0.6160808	-2.066083	34.3747	16.37092	-3.895305
32.96	-7.172884	-8.123497	-0.4745803	-7	-1.10084	-2.539384	43.01385	6.584657	-3.414828
32.98	-7.463271	-7.850338	-1.687491	-7	-0.7531991	-1.928611	35.18158	6.386183	-2.069786
33	-7.073866	-7.782049	0.7433805	-7	-0.8878039	-2.200682	44.83524	-4.636717	-0.4294014
33.02	-8.819678	-8.738104	-7.705974	-7	-0.09944709	-0.8816214	18.22957	-0.7741214	-2.924689
33.04	-7.049857	-7.4406	2.004365	-7	-0.1449173	-0.9903485	45.69727	1.943436	7.130604
33.06	-8.178567	-8.464945	-3.38119	-7	0.3239627	-0.7651041	20.28566	-1.415343	-3.096351
33.08	-6.588509	-7.167441	5.012325	-7	0.1634078	-0.7999352	31.74796	7.882366	3.026625
33.1	-7.934922	-7.986918	-1.973967	-7	0.6720768	0.1061383	-10.24718	8.202978	-6.479841
33.12	-8.195503	-9.147842	-2.06005	-7	-0.7536639	-1.346865	31.11664	1.332749	0.8145828
33.14	-9.483507	-9.079553	-8.134119	-7	0.1460207	-0.1568891	15.20062	1.439619	1.280853
33.16	-8.447883	-9.079553	-1.541962	-7	-0.3524798	-1.324223	61.99423	-11.1558	9.072477
33.18	-9.29215	-9.147842	-5.379721	-7	0.9202138	-0.2109836	35.00715	7.943434	2.932226
33.2	-6.67717	-7.782049	8.578588	-7	0.5092652	-1.228591	65.92166	13.60756	8.121077
33.22	-8.529266	-8.806395	-1.102843	-7	1.442949	0.0810079	2.769847	19.57702	-7.378507
33.24	-7.93981	-8.806395	2.703669	-7	0.507695	-0.2795884	26.83962	16.46252	2.789913
33.26	-9.336698	-8.738104	-4.535244	-7	1.644439	1.665939	-20.31538	9.409083	-1.520197
33.28	-8.246573	-8.738104	1.92302	-7	0.6884558	0.5990708	16.72128	-17.85809	6.614512
33.3	-9.710194	-8.806395	-5.679193	-7	1.964546	2.423853	-32.13482	1.057939	-0.3377361
33.32	-6.772998	-7.850338	10.0073	-7	0.2784845	-0.1058905	30.32522	1.057939	8.317263
33.34	-7.405232	-7.782049	5.778269	-7	0.5665004	-0.1657478	-17.21391	2.538856	-9.468977
33.36	-6.098232	-7.850338	12.25414	-7	-1.593869	-2.598801	22.31786	6.951069	-6.159914
33.38	-7.980577	-7.850338	1.138908	-7	-0.967243	-1.065763	-34.68808	0.8441989	-14.80332
33.4	-9.419039	-9.147842	-6.098108	-7	-1.493678	-0.5317186	-19.16539	-36.43824	-3.571796
33.42	-10.29948	-9.079553	-10.35003	-7	-0.6533545	0.6342998	-10.51068	-23.55275	4.965019
33.44	-9.125036	-9.147842	-3.342196	-7	-0.9639027	-0.9683013	47.81768	-27.94969	11.31605
33.46	-9.976285	-9.079553	-7.572154	-7	0.890427	0.6219906	17.67333	6.447253	5.189006
33.48	-8.630479	-9.079553	0.3850112	-7	0.7125466	-0.1579647	54.08907	14.43199	11.24006
33.5	-7.405042	-7.782049	6.412448	-7	1.505394	0.09948817	31.92041	21.51595	3.425715
33.52	-8.031629	-8.806395	3.311697	-7	1.270219	0.1241918	9.440338	33.60756	-3.582465
33.54	-8.905287	-8.806395	-1.096535	-7	1.537839	1.502148	-15.79617	15.43962	-0.8849773
33.56	-8.401613	-8.806395	2.003853	-7	0.7757728	0.7354497	6.008517	-7.75122	3.794759
33.58	-8.57792	-8.738104	1.127371	-7	0.7239506	0.5110549	0.4815655	-13.18633	0.3351097
33.6	-7.37258	-7.850338	7.014962	-7	0.3368983	-0.0656597	8.763527	4.18771	1.184413
33.62	-7.564396	-7.850338	5.259566	-7	0.2947257	0.008459911	-15.45468	-5.415342	-5.912717
33.64	-7.983026	-7.850338	2.432144	-7	0.2049361	0.7174073	-33.52175	0.7373287	-4.978715
33.66	-8.029567	-7.782049	1.688826	-7	-0.1215025	0.7906012	-34.01955	-20.75885	-2.59187
33.68	-9.430679	-9.079553	-5.354438	-7	-0.5218701	0.4997668	-26.69383	-17.61382	-2.236229
33.7	-9.593848	-9.079553	-5.711248	-7	-0.5732402	0.2913688	3.232089	-13.59855	5.936712
33.72	-8.119672	-7.782049	1.698741	-7	-0.03760257	0.0456557	19.52406	-1.674885	7.561448
33.74	-8.611624	-8.669815	-0.8238892	-7	0.2567534	-0.1424327	10.36943	13.37855	0.01183891
33.76	-7.21236	-7.4406	6.010852	-7	0.3502473	-0.08453205	14.84858	24.47779	3.018674
33.78	-8.336283	-8.396656	-0.0622607	-7	0.5606708	0.3379075	-13.22579	2.294581	-4.82353
33.8	-8.42693	-8.396656	-0.3841212	-7	0.3196708	0.609533	-5.743422	9.37855	1.483262
33.82	-8.225385	-8.396656	0.7962754	-7	0.01627302	-0.01802863	7.714485	-19.2016	1.954908
33.84	-8.354465	-8.464945	0.1500325	-7	0.03839029	-0.1894225	9.662863	-12.94206	0.8011589
33.86	-8.070261	-8.464945	1.730013	-7	-0.2035112	-0.7196011	22.80075	3.48542	1.696693
33.88	-8.321115	-8.464945	0.3485202	-7	0.08479169	-0.4537137	15.81136	4.141909	0.1169786
33.9	-8.096136	-8.464945	1.612563	-7	-0.006303936	-0.6198999	23.96445	4.630459	1.813128
33.92	-8.172619	-8.396656	1.154085	-7	0.2285162	-0.4037413	18.18999	3.882367	0.5923748
33.94	-8.054152	-8.396656	1.803542	-7	0.220373	-0.4039268	19.89758	-0.4993124	1.200911
33.96	-8.363375	-8.464945	0.1927018	-7	0.4955723	0.05176222	10.44406	2.966336	0.5439901
33.98	-8.020694	-8.464945	2.161603	-7	0.2180589	-0.3542754	22.48448	-0.8657245	2.43897
34	-8.253777	-8.464945	0.9229487	-7	0.4306067	-0.1492779	14.26931	-0.7435871	0.3622561
34.02	-8.185641	-8.464945	1.371309	-7	0.4086659	-0.0888627	16.53208	1.806031	1.787319
34.04	-8.190085	-8.464945	1.403149	-7	0.4377162	-0.09252508	15.94038	0.5693902	1.394371
34.06	-8.253324	-8.533236	1.16639	-7	0.4420519	-0.07869727	15.99629	1.073207	1.430264
34.08	-8.207665	-8.464945	1.457864	-7	0.4835045	-0.02623121	16.09937	2.294581	1.789129
34.1	-8.149798	-8.464945	1.807828	-7	0.465257	-0.08878977	16.79677	-0.2855719	1.56003
34.12	-8.257081	-8.464945	1.255953	-7	0.5764462	0.1045121	12.3766	-0.08709857	1.215652
34.14	-8.204237	-8.464945	1.595053	-7	0.5442223	0.1054423	13.77582	0.2640465	1.873822
34.16	-8.202374	-8.464945	1.637886	-7	0.5385399	0.07695457	13.50343	-0.2245032	1.558036
34.18	-8.164527	-8.396656	1.818117	-7	0.5695201	0.1379857	12.08129	-0.01076267	1.547519
34.2	-8.201429	-8.464945	1.65073	-7	0.5286676	0.1047137	11.98069	0.2182446	1.358705
34.22	-8.197893	-8.464945	1.692447	-7	0.4831037	0.05468302	13.18637	-0.1634345	1.557624
34.24	-8.252448	-8.464945	1.410551	-7	0.5207506	0.1142669	12.21762	-0.02602985	1.551598
34.26	-8.226461	-8.464945	1.5735	-7	0.5119739	0.09748422	13.70421	0.1877107	1.931401
34.28	-8.218407	-8.464945	1.630903	-7	0.5244633	0.07679991	14.22716	-0.1787016	1.835536
34.3	-8.163436	-8.396656	1.889695	-7	0.5706379	0.1232756	13.55788	-0.08709857	1.848001
34.32	-8.196586	-8.464945	1.731786	-7	0.5555098	0.09921459	13.50042	0.2029778	1.605264
34.34	-8.111226	-8.396656	2.158157	-7	0.5304089	0.05636996	14.6523	-0.1023657	1.818073
34.36	-8.207085	-8.464945	1.650707	-7	0.5475781	0.0836484	13.12782	0.01977169	1.367373
34.38	-8.266396	-8.533236	1.404477	-7	0.517204	0.06731387	15.14756	0.1419087	1.963454
34.4	-8.267097	-8.533236	1.463435	-7	0.5302411	0.03522191	17.46806	-0.08709857	2.351509
34.42	-8.212086	-8.464945	1.76447	-7	0.6140209	0.08316346	17.64914	0.00450451	2.441298
34.44	-8.140123	-8.464945	2.162674	-7	0.6235243	0.03545067	18.5095	0.1571763	2.234567
34.46	-8.111359	-8.464945	2.318332	-7	0.618704	-0.002352504	18.3373	0.05030605	1.859591
34.48	-8.229824	-8.533236	1.729591	-7	0.6553624	0.08399291	16.42222	0.2640465	1.709284
34.5	-8.201157	-8.533236	1.945837	-7	0.6253346	0.05624329	18.83433	-0.02602985	2.421362
34.52	-8.060534	-8.396656	2.643401	-7	0.6575996	0.03826395	18.97585	0.01977169	2.285213
34.54	-8.125993	-8.464945	2.2807	-7	0.6780355	0.06942861	16.48833	0.8900005	1.539092
34.56	-8.063831	-8.396656	2.568225	-7	0.6645502	0.1019885	16.30622	3.775496	1.930804
34.58	-8.208611	-8.464945	1.792821	-7	0.7192172	0.2312652	12.99531	-0.468778	1.601037
34.6	-8.145338	-8.396656	2.114907	-7	0.7235309	0.2886734	13.93693	0.4472523	2.483783
34.62	-8.125021	-8.464945	2.249057	-7	0.6415856	0.1224207	16.4557	0.01977169	2.183405
34.64	-8.293489	-8.533236	1.399142	-7	0.709308	0.2269841	14.73205	1.042672	2.074459
34.66	-8.294653	-8.533236	1.47503	-7	0.7469963	0.2825103	17.09481	4.599924	3.130983
34.68	-8.122285	-8.464945	2.424369	-7	0.7305312	0.132221	21.01482	0.386184	3.236609
34.7	-8.146688	-8.464945	2.28718	-7	0.8171527	0.1800292	18.40078	3.729695	2.305668
34.72	-7.999866	-8.396656	3.038738	-7	0.7759256	0.1216986	19.63729	2.386184	2.506476
34.74	-8.240184	-8.464945	1.743731	-7	0.9331224	0.4138921	12.06239	-0.6672512	1.661923
34.76	-8.21533	-8.464945	1.936265	-7	0.9148763	0.5000373	13.76554	0.9052677	3.107818
34.78	-8.082275	-8.464945	2.689863	-7	0.7886239	0.232989	18.54938	-0.2855719	2.987206
34.8	-8.257735	-8.533236	1.790345	-7	0.8638127	0.3181398	15.41339	0.1571763	2.197724
34.82	-8.240597	-8.464945	1.908153	-7	0.9429876	0.4825113	15.27582	3.180077	3.266734
34.84	-8.206019	-8.464945	2.127726	-7	0.9825879	0.4984727	15.52453	-1.140534	3.263288
34.86	-8.416879	-8.533236	1.080575	-7	1.172048	0.8070759	10.16017	1.134276	3.115353
34.88	-8.046072	-8.464945	3.151154	-7	0.9420478	0.4100887	20.74135	0.7983978	4.421587
34.9	-8.180516	-8.464945	2.403718	-7	1.065484	0.4755533	14.40803	-0.3313735	2.213356
34.92	-8.131461	-8.464945	2.686984	-7	1.010575	0.4913985	15.47745	1.027405	3.025637
34.94	-8.119302	-8.464945	2.75116	-7	0.9638228	0.4188845	15.75648	3.989237	2.724049
34.96	-8.345901	-8.464945	1.528487	-7	1.16609	0.8049803	8.471582	-1.109999	2.648988
34.98	-8.288561	-8.464945	1.900474	-7	1.163596	0.8755963	10.81004	1.057939	4.072368
35	-8.13595	-8.533236	2.809621	-7	0.9623814	0.4530284	18.32028	-0.1023657	3.787549
35.02	-8.190035	-8.464945	2.487371	-7	1.051737	0.5105973	15.22486	0.2029778	2.850039
35.04	-8.176473	-8.464945	2.558043	-7	1.064565	0.5676059	15.09391	5.027405	3.24308
35.06	-8.27261	-8.533236	2.091338	-7	1.095803	0.6274462	14.18142	0.7067943	3.211702
35.08	-8.289152	-8.464945	2.015499	-7	1.210905	0.8200616	12.4787	1.790764	3.813304
35.1	-8.216506	-8.533236	2.487601	-7	1.132214	0.65825	16.43265	-0.2703047	4.015785
35.12	-8.277992	-8.533236	2.202456	-7	1.199599	0.7069381	15.00051	0.1724435	3.592567
35.14	-8.196138	-8.464945	2.651029	-7	1.234163	0.7514629	15.3753	0.7220619	4.00501
35.16	-8.122656	-8.396656	2.998727	-7	1.278556	0.7917778	13.50674	-0.1787016	3.583524
35.18	-8.408975	-8.669815	1.620782	-7	1.263038	0.8375076	11.83577	0.0655728	3.191648
35.2	-8.184355	-8.464945	2.846288	-7	1.225819	0.7842624	16.78878	0.09610759	4.80972
35.22	-8.174731	-8.464945	2.876042	-7	1.275048	0.7514424	14.81688	-0.05656421	3.5742
35.24	-8.121984	-8.464945	3.147871	-7	1.227547	0.7002898	15.3629	0.9205348	3.560223
35.26	-8.166422	-8.464945	2.884346	-7	1.237863	0.7421761	13.47807	2.019772	3.250938
35.28	-8.237638	-8.533236	2.539146	-7	1.204924	0.7454815	13.96239	0.2029778	3.534546
35.3	-8.202993	-8.464945	2.710549	-7	1.228194	0.7783722	14.55936	0.08084041	3.969326
35.32	-8.162899	-8.464945	2.912391	-7	1.219568	0.7280888	15.47396	0.2029778	3.853952
35.34	-8.176889	-8.464945	2.81919	-7	1.243508	0.749532	14.8067	0.2487794	3.679339
35.36	-8.252456	-8.533236	2.454998	-7	1.253003	0.7779878	14.92349	0.7678635	3.824784
35.38	-8.082623	-8.464945	3.361396	-7	1.166167	0.5955041	19.68577	-0.3161063	4.3162
35.4	-8.37639	-8.464945	1.746718	-7	1.488246	1.084749	9.044961	0.1266419	3.376411
35.42	-8.193262	-8.533236	2.845459	-7	1.321227	0.8903752	17.43409	0.4014508	5.256022
35.44	-8.154497	-8.533236	3.091671	-7	1.280609	0.6718324	19.48104	-0.4993124	4.176994
35.46	-8.131518	-8.396656	3.136775	-7	1.420813	0.8674533	15.43231	2.218245	3.972873
35.48	-8.090686	-8.396656	3.313687	-7	1.434188	0.9291345	13.90102	2.767863	3.947295
35.5	-8.157323	-8.464945	2.967327	-7	1.405061	0.9344592	12.8662	1.225878	3.730632
35.52	-8.181001	-8.464945	2.853776	-7	1.381736	0.9443538	13.36101	-0.3466406	4.108398
35.54	-8.217974	-8.464945	2.66624	-7	1.408632	0.9896687	13.12984	0.1419087	4.277055
35.56	-8.230906	-8.533236	2.664849	-7	1.363367	0.900611	15.93701	0.1419087	4.560257
35.58	-8.168817	-8.464945	2.998408	-7	1.391231	0.8757739	17.22425	-0.209236	4.674442
35.6	-8.288518	-8.533236	2.404054	-7	1.49067	1.000381	14.99912	0.2029778	4.404402
35.62	-8.091901	-8.464945	3.482955	-7	1.418821	0.8527536	19.91067	0.4625199	5.181581
35.64	-8.197863	-8.533236	2.943403	-7	1.475148	0.8655186	17.46346	1.393817	4.074638
35.66	-8.122902	-8.464945	3.345955	-7	1.48596	0.907172	18.23402	2.386184	4.725875
35.68	-8.14819	-8.464945	3.20276	-7	1.538474	0.9735001	16.16904	-0.6367168	4.339574
35.7	-8.174444	-8.464945	3.069984	-7	1.578057	1.073275	14.70295	0.386184	4.529022
35.72	-8.073011	-8.464945	3.630244	-7	1.479761	0.9173559	17.86247	0.05030605	4.719103
35.74	-8.073663	-8.396656	3.558569	-7	1.526594	0.9682119	15.22989	-0.4229765	4.118976
35.76	-8.117813	-8.396656	3.274741	-7	1.566783	1.096496	12.6096	0.3556497	4.177357
35.78	-8.180218	-8.533236	3.01232	-7	1.456943	0.9746943	15.51626	0.1571763	4.482141
35.8	-8.237066	-8.533236	2.756431	-7	1.468661	0.9698179	16.95855	-0.3313735	4.831217
35.82	-8.225435	-8.464945	2.821839	-7	1.580579	1.093081	16.55967	0.2029778	5.246729
35.84	-8.180268	-8.533236	3.134219	-7	1.553768	0.9828119	19.6249	0.1724435	5.321019
35.86	-8.189358	-8.464945	3.084614	-7	1.681114	1.117791	17.2258	0.4930542	5.10136
35.88	-8.096463	-8.464945	3.606562	-7	1.660701	1.06724	18.72438	0.5693902	5.255138
35.9	-8.116374	-8.464945	3.502892	-7	1.691054	1.094738	16.91012	3.393817	4.729822
35.92	-8.098967	-8.396656	3.559121	-7	1.748829	1.227485	14.41488	1.37855	4.861284
35.94	-8.174688	-8.464945	3.180378	-7	1.754982	1.292421	12.82102	1.806031	4.800472
35.96	-8.193969	-8.464945	3.112231	-7	1.751489	1.328952	13.10555	0.08084041	5.240626
35.98	-7.121312	-7.4406	8.153278	-7	1.833243	1.342162	10.70909	0.1571763	5.379182
36	-8.136745	-8.533236	2.765013	-7	1.616595	1.237906	-4.316289	-0.01076267	-0.6586561
36.02	-8.232024	-8.464945	2.357495	-7	1.297503	1.243192	6.587199	-0.05656421	4.870885
36.04	-8.672723	-8.533236	0.08836365	-7	1.591518	1.620934	3.472487	-1.934427	5.443928
36.06	-7.468811	-7.50889	5.998457	-7	1.768057	1.642695	10.95379	-14.23977	8.354356
36.08	-8.274249	-8.396656	1.726242	-7	1.866301	1.664424	-4.335873	4.264046	1.815969
36.1	-7.962184	-8.464945	3.615292	-7	1.251906	0.9539093	18.64691	3.042672	6.387781
36.12	-8.461716	-8.464945	0.9617988	-7	1.635052	1.329867	9.196086	13.94343	4.437461
36.14	-7.688837	-8.464945	5.259315	-7	1.004878	0.1927708	39.21891	-5.659617	7.642165
36.16	-8.811023	-8.464945	-0.8427722	-7	2.175514	1.781792	2.302697	7.378551	3.106875
36.18	-6.534249	-7.4406	10.91972	-7	1.403661	0.5628971	39.80743	0.8441989	10.17377
36.2	-7.003595	-7.50889	7.609967	-7	1.767201	0.7530983	0.9712667	5.973969	-3.101977
36.22	-7.510652	-8.738104	5.240842	-7	0.4096811	-0.4663384	23.51061	3.088474	-0.4790115
36.24	-9.118713	-8.806395	-3.204752	-7	1.163257	1.066137	1.670562	8.172442	1.698468
36.26	-7.620498	-7.850338	4.65246	-7	1.042265	0.7385923	35.15785	-26.19397	11.62378
36.28	-7.987864	-7.850338	2.304018	-7	1.964021	1.457016	7.038157	-9.705419	3.529925
36.3	-8.388087	-9.079553	0.9481618	-7	1.271871	0.6180137	30.69032	-11.00313	6.17511
36.32	-9.431755	-9.147842	-3.99695	-7	2.114491	1.76783	19.95762	12.14191	8.114442
36.34	-7.749921	-9.079553	5.802328	-7	1.04314	-0.5333409	83.95817	1.27168	14.65377
36.36	-7.188698	-8.123497	8.331935	-7	1.794499	-0.5565413	63.73292	11.7297	4.674026
36.38	-6.729305	-8.123497	10.45187	-7	1.630365	-0.6438727	54.16182	20.90527	1.725496
36.4	-8.081532	-8.123497	2.840148	-7	2.71559	1.799917	-3.438724	16.59992	-1.335837
36.42	-6.282952	-7.167441	11.87997	-7	1.87346	1.236266	17.56325	-7.247403	6.566661
36.44	-7.577696	-7.4406	4.225438	-7	2.480057	2.463795	-37.34246	-19.03366	-4.264653
36.46	-7.85468	-8.806395	3.415515	-7	0.6443677	0.6968354	6.896095	-7.140533	3.128586
36.48	-8.219719	-7.850338	1.036156	-7	1.253387	1.478686	-5.087667	-8.774121	3.853671
36.5	-7.222001	-7.850338	6.185471	-7	0.5454713	0.1352144	28.42167	-22.11763	6.732728
36.52	-7.501962	-6.825994	3.51748	-7	2.02406	2.111205	-20.79724	3.48542	1.110474
36.54	-7.266627	-8.191787	5.090143	-7	0.6012554	0.3219446	16.74533	4.111374	3.717826
36.56	-8.168509	-8.123497	0.1705469	-7	0.9848279	0.7895375	4.675432	-0.926793	1.76799
36.58	-7.260772	-8.123497	5.155087	-7	0.160256	-0.6474693	47.1817	1.119008	7.444691
36.6	-7.179465	-7.235731	4.77038	-7	1.157431	0.2521551	21.09401	-5.201602	2.30053
36.62	-6.810534	-7.167441	6.189489	-7	1.299715	0.6605239	13.22623	12.23351	2.650414
36.64	-7.597974	-7.167441	1.487977	-7	2.114699	2.317691	-23.92679	-0.9878618	0.703928
36.66	-7.033099	-7.030862	4.280545	-7	1.742813	2.23616	-13.84527	2.660992	5.5936
36.68	-6.770378	-7.167441	5.429227	-7	1.113962	1.135125	-4.103155	-6.987861	2.240277
36.7	-7.181651	-7.167441	2.852669	-7	1.113323	1.305539	-13.95639	3.912901	0.4770365
36.72	-7.055972	-7.167441	3.27154	-7	0.7775051	1.01117	-3.907712	-3.339007	2.988985
36.74	-7.324036	-7.167441	1.541469	-7	0.9238403	1.188599	-7.793386	-5.445877	2.397956
36.76	-6.978991	-7.235731	3.255052	-7	0.5363548	0.5028728	10.58322	-1.476411	4.322908
36.78	-8.022664	-8.055207	-1.983725	-7	0.6459076	0.4835643	10.83354	-2.621449	2.503476
36.8	-8.339456	-8.191787	-3.110175	-7	0.9571323	0.8336073	26.4401	4.233511	8.816502
36.82	-8.163662	-8.191787	-1.584808	-7	1.407639	0.8007997	42.46368	-1.048931	11.20944
36.84	-8.000008	-8.123497	-0.2066246	-7	2.095195	1.116274	43.87025	16.34038	10.71048
36.86	-6.361036	-6.825994	8.16757	-7	2.617873	1.326773	40.16232	21.54649	10.11123
36.88	-5.713702	-6.416255	10.85921	-7	2.834409	1.584736	6.547378	25.85183	0.7395954
36.9	-6.076609	-6.757704	8.457398	-7	2.333614	1.839219	-21.16067	15.0274	-3.564686
36.92	-8.014408	-8.123497	-1.362954	-7	1.714188	2.229658	-34.11944	-11.21687	-2.446424
36.94	-7.173771	-7.167441	3.087945	-7	1.117205	1.764675	-3.581167	-24.86572	8.00002
36.96	-7.310994	-7.50889	2.311108	-7	0.8565302	0.8220938	4.854537	-27.53748	3.248796
36.98	-7.636278	-7.50889	0.5069093	-7	1.11505	1.166167	2.797118	6.523589	4.143458
37	-5.981185	-6.143096	8.434679	-7	1.198063	0.9852065	11.05419	-6.545114	6.42605
37.02	-6.34058	-6.143096	5.500314	-7	1.792183	1.878405	-30.70695	3.729695	-2.700241
37.04	-7.375144	-7.782049	0.4512758	-7	0.6752126	1.07277	-14.92337	4.18771	-0.4605789
37.06	-8.248525	-7.782049	-3.86945	-7	0.836098	1.537691	-8.4502	3.073206	4.87768
37.08	-8.040483	-7.782049	-2.29772	-7	0.9211587	1.230777	18.39908	-20.71305	10.4056
37.1	-7.961936	-7.782049	-1.508502	-7	1.466052	1.203889	26.79189	-10.25504	9.777404
37.12	-7.480371	-7.850338	1.517272	-7	1.585935	0.7156457	42.80129	6.065573	9.88911
37.14	-7.242208	-7.782049	3.068516	-7	1.855787	0.5830973	42.69291	20.06557	7.240196
37.16	-7.323835	-7.782049	2.881115	-7	2.214236	1.042156	31.8741	20.66099	5.842627
37.18	-7.56191	-7.782049	1.900624	-7	2.618624	1.855736	17.33712	19.51595	6.17742
37.2	-7.465338	-7.850338	2.826339	-7	2.555587	1.926798	17.90984	6.233511	7.374097
37.22	-7.511016	-7.577179	2.705369	-7	2.889174	2.525296	3.121884	-0.3619078	6.420819
37.24	-7.523058	-7.850338	3.009574	-7	2.614703	2.332544	4.630497	1.195344	6.483053
37.26	-7.495873	-7.850338	3.411956	-7	2.349254	2.019158	7.115243	-1.461144	6.040178
37.28	-6.355547	-6.484545	8.701347	-7	2.555087	2.341398	-5.126342	0.09610759	5.486076
37.3	-6.36732	-6.757704	8.017024	-7	2.168727	2.099995	-24.226	0.4472523	-1.100637
37.32	-6.598489	-6.757704	6.186814	-7	1.63568	2.129221	-35.74884	-1.232137	-1.598444
37.34	-7.590362	-7.167441	0.6087241	-7	1.435907	2.61643	-47.99113	-6.94206	-0.6624632
37.36	-5.870146	-5.733358	8.674247	-7	0.8728173	1.917818	-26.40732	-27.46114	5.065772
37.38	-6.509286	-6.143096	4.220845	-7	0.8900806	1.871846	-52.03725	-20.23977	-4.538494
37.4	-7.761467	-7.850338	-2.032034	-7	-0.326308	0.7385212	-23.34436	-14.10236	-0.6266413
37.42	-7.774064	-6.484545	-2.735883	-7	0.7121103	2.189192	-28.41954	-5.720686	6.421356
37.44	-6.84107	-6.825994	2.162658	-7	0.2218901	0.7377353	9.190238	-23.09473	7.966784
37.46	-7.371118	-7.167441	-0.7455302	-7	0.6295779	0.6575011	5.065538	2.416718	3.020545
37.48	-6.960397	-7.167441	1.549469	-7	0.518222	0.2284549	26.06417	14.46252	6.651132
37.5	-7.686675	-7.235731	-2.286202	-7	1.522535	1.406991	5.389297	12.70679	4.622451
37.52	-6.309747	-7.167441	5.373408	-7	0.7252427	-0.1431938	48.41244	7.16481	9.456686
37.54	-7.152586	-7.235731	0.7966176	-7	1.601667	0.6727915	16.79454	8.004505	1.303386
37.56	-6.559037	-7.167441	4.164163	-7	1.298722	0.4713495	32.20589	11.7297	6.431143
37.58	-7.94797	-7.167441	-3.247162	-7	2.793979	2.879484	-19.00718	0.7373287	2.797809
37.6	-4.684757	-5.733358	13.70085	-7	1.498855	0.9088081	32.49025	2.035038	11.25148
37.62	-5.628007	-5.733358	7.480086	-7	2.196391	1.708313	-36.28677	-3.598549	-8.180747
37.64	-4.945344	-5.733358	10.42436	-7	0.7709018	0.9688979	-25.21386	15.10374	-3.029001
37.66	-8.550162	-7.167441	-8.804823	-7	1.694169	3.565282	-89.44028	-4.667251	-7.882362
37.68	-6.171772	-5.801648	3.720551	-7	0.464125	2.357046	-18.82676	-23.07946	13.17213
37.7	-7.340599	-6.143096	-3.055931	-7	1.458629	2.890339	-55.38322	-30.83519	-0.3017015
37.72	-7.004085	-7.50889	-0.3592494	-7	-0.2788789	0.3625197	11.77864	-15.04893	7.165738
37.74	-6.279776	-6.143096	2.907298	-7	0.2056021	0.05968187	16.38445	-10.0413	4.769372
37.76	-5.127023	-5.801648	8.300673	-7	-0.06854659	-0.9178569	27.21563	16.55412	1.435985
37.78	-7.26675	-7.167441	-3.048819	-7	0.5010478	0.2192398	-8.36953	8.370917	-5.041603
37.8	-5.65694	-5.460199	4.870053	-7	0.7097732	0.9524314	6.723132	8.279314	7.488559
37.82	-5.48638	-5.460199	4.994925	-7	1.002159	0.9662012	-14.8247	-16.34664	-1.196194
37.84	-6.039229	-6.825994	2.375066	-7	-0.2034301	-0.4493262	5.64323	12.26405	-2.077204
37.86	-7.453805	-6.825994	-5.052794	-7	0.535201	0.9991874	-13.46482	-10.30084	0.4272346
37.88	-7.066215	-6.825994	-2.503182	-7	0.495501	0.8673071	16.12833	-3.354274	9.191174
37.9	-6.906442	-6.757704	-1.365466	-7	0.9634548	0.7164034	22.65824	-6.880991	7.368011
37.92	-7.243321	-6.894283	-2.76482	-7	1.764047	1.577686	11.82571	17.40908	6.867564
37.94	-6.884186	-6.825994	-0.347598	-7	2.056844	1.814088	16.73413	17.36328	9.116991
37.96	-6.985798	-6.757704	-0.5205327	-7	2.645383	2.491642	1.317958	20.55412	6.97799
37.98	-6.502211	-6.825994	2.553551	-7	2.332824	2.025753	9.895561	17.36328	7.417828
38	-6.798007	-6.825994	1.245932	-7	2.514301	2.342258	-6.338413	13.8671	3.986503
38.02	-6.609591	-6.825994	2.564033	-7	2.17811	2.146515	-3.311794	9.470153	5.233765
38.04	-7.113052	-7.235731	0.3279858	-7	1.955344	1.975286	-6.202601	-7.140533	3.555959
38.06	-5.666416	-5.733358	7.415463	-7	1.942154	1.987502	-5.316638	2.966336	5.962881
38.08	-7.026634	-7.4406	0.5808578	-7	1.324187	1.246763	-14.85419	-6.682518	-2.457557
38.1	-6.984872	-6.484545	0.587256	-7	1.646539	2.357338	-21.9673	-0.5603809	4.595363
38.12	-6.975169	-6.484545	0.513943	-7	1.811015	2.656994	-27.26331	-24.71305	4.616132
38.14	-6.881525	-6.825994	1.181036	-7	1.355504	1.952306	-14.43069	-16.78939	4.653748
38.16	-5.286718	-5.460199	8.775547	-7	1.086862	1.221637	-6.512907	-4.1329	3.884141
38.18	-5.396266	-5.733358	7.300347	-7	0.7259908	0.7313792	-25.94228	-2.896259	-5.270667
38.2	-5.749527	-5.733358	4.61312	-7	0.3385469	0.9989917	-38.91513	0.7525959	-4.970257
38.22	-6.453405	-6.143096	0.4503329	-7	-0.05710819	1.063508	-39.84752	-3.506946	-3.0431
38.24	-6.530754	-6.143096	-0.2658962	-7	-0.3880854	0.7316926	-23.42236	-25.32374	1.140238
38.26	-6.933487	-6.484545	-2.483759	-7	-0.3737213	0.4620051	-11.357	-17.17107	2.037609
38.28	-6.384887	-6.484545	0.4592158	-7	-0.7042062	-0.6103223	21.5811	-19.2932	4.983026
38.3	-7.062102	-6.484545	-3.301649	-7	0.3455029	0.4029783	4.208572	8.004505	2.321512
38.32	-6.349873	-6.484545	0.69812	-7	0.2874873	0.02475339	28.23463	8.462519	7.139611
38.34	-6.754942	-6.484545	-1.427959	-7	1.140727	0.8148605	9.788261	19.05794	3.316261
38.36	-5.977603	-6.484545	2.989577	-7	0.7952454	0.1493795	30.21834	10.87473	6.060386
38.38	-6.213504	-6.143096	1.518534	-7	1.5185	1.025636	3.023114	19.25641	1.343095
38.4	-5.539443	-6.143096	5.123223	-7	0.971619	0.4338378	13.96921	6.172443	2.797291
38.42	-6.181506	-6.143096	1.480654	-7	1.325544	1.175601	-13.71974	6.493053	-1.620111
38.44	-5.947668	-6.416255	2.916442	-7	0.5493177	0.4642	4.008981	-5.216869	1.925662
38.46	-7.242625	-6.484545	-3.988425	-7	1.438787	2.0474	-29.32329	-4.743587	0.06774521
38.48	-6.205675	-6.484545	1.944498	-7	0.5633448	0.8364134	12.275	-12.83519	7.867652
38.5	-6.803274	-6.416255	-1.304192	-7	1.239894	1.352287	-9.350934	-5.949694	1.600791
38.52	-5.325833	-6.484545	6.819937	-7	-0.1802454	-0.983284	41.5061	3.744962	5.313466
38.54	-6.181688	-6.416255	1.878406	-7	0.4054162	-0.4836016	10.07093	8.477786	-3.83449
38.56	-5.402408	-6.484545	6.032415	-7	-0.5547268	-1.61693	40.23807	5.073206	1.273156
38.58	-6.780591	-6.416255	-1.700549	-7	0.6422544	0.2610633	-5.353327	-4.23977	-3.58481
38.6	-4.736325	-5.460199	8.692821	-7	-0.1113626	-0.6607417	29.02602	-17.52221	4.935641
38.62	-5.924773	-5.39191	1.378049	7	1.145402	1.165084	-33.63919	-6.926793	-6.463054
38.64	-4.109242	-5.39191	10.7059	7	-0.8088105	-1.188883	20.93642	-3.461144	1.324017
38.66	-5.226223	-5.460199	3.801678	7	-0.5835472	-0.9907718	-12.22038	3.164809	-9.414913
38.68	-5.324332	-5.801648	2.954737	7	-1.332669	-1.409431	9.995134	-22.77412	-2.226677
38.7	-7.281034	-5.801648	-7.903497	7	0.4603838	1.547405	-35.46741	-2.72832	-0.9859447
38.72	-6.294129	-5.733358	-2.354273	7	0.3811432	1.392696	7.831223	-33.52221	12.26835
38.74	-7.43657	-5.733358	-8.399874	7	2.38965	3.596097	-30.82642	10.43198	7.798723
38.76	-5.345783	-5.733358	3.396965	7	1.392841	1.512925	34.4291	-2.407709	16.133
38.78	-5.176044	-5.460199	4.108879	7	1.8344	0.9687148	20.41782	23.85183	4.315459
38.8	-4.110873	-5.460199	9.697139	7	0.8442905	-0.6099925	45.31178	30.09611	3.857259
38.82	-5.940691	-6.484545	0.1921635	7	1.071936	-0.07557437	19.72311	25.21061	-2.445312
38.84	-5.94952	-6.484545	0.7077329	7	0.8260567	0.001947783	46.66708	10.35565	8.443132
38.86	-6.36558	-6.484545	-1.090607	7	1.578557	0.5692996	46.65334	-11.94969	9.139074
38.88	-5.592137	-6.416255	3.563941	7	1.59574	-0.03845149	74.16574	12.9816	12.62733
38.9	-6.197508	-6.416255	0.6472673	7	2.815523	1.226874	49.2805	11.98924	8.827027
38.92	-6.077099	-6.484545	1.94049	7	3.340451	2.033328	49.85057	31.69916	13.22758
38.94	-6.232482	-6.416255	1.690621	7	4.138408	3.028094	35.4079	17.19534	13.00255
38.96	-5.897823	-6.416255	4.146614	7	4.302157	3.195542	37.52436	27.76023	14.32565
38.98	-5.786602	-6.416255	5.279959	7	4.398835	3.205276	33.07214	19.33275	12.4301
39	-4.956995	-5.460199	9.492034	7	4.674412	3.676171	19.06547	20.9816	11.71902
39.02	-4.842005	-5.460199	9.844038	7	4.531105	3.804659	-1.177114	8.523589	7.037087
39.04	-5.338329	-5.733358	7.118145	7	4.180978	4.05851	-15.83599	1.302214	6.130777
39.06	-4.716271	-5.118752	9.956761	7	3.612592	3.708849	-10.03366	-14.1787	8.819781
39.08	-4.999869	-5.39191	8.017213	7	3.118455	3.173002	-12.86682	-13.52221	5.382658
39.1	-4.417764	-4.435854	10.0458	7	3.085908	3.44964	-18.39088	-5.354274	7.271538
39.12	-5.235194	-5.118752	5.153787	7	2.969963	3.61573	-29.45269	-11.64435	4.737864
39.14	-6.065836	-5.733358	0.8157899	7	2.785688	3.746598	-16.92633	-2.987862	10.12728
39.16	-5.139165	-4.777303	5.272882	7	3.01789	3.643634	4.281887	-13.32374	15.84011
39.18	-5.918889	-5.460199	1.072162	7	3.66912	4.05841	-4.527252	12.20298	11.9116
39.2	-4.274866	-4.435854	9.357194	7	3.6175	3.561491	21.96709	18.66099	17.58938
39.22	-5.290572	-5.050462	3.673716	7	4.417352	4.348725	-8.739687	21.27168	9.094997
39.24	-3.986823	-4.435854	10.30997	7	3.947706	3.793057	16.67439	12.38618	15.8093
39.26	-3.450063	-3.34322	11.83215	7	4.699731	4.612755	-17.80717	19.24115	8.784398
39.28	-3.580665	-4.435854	10.83908	7	3.553019	3.416152	-7.09211	-8.545114	6.575038
39.3	-4.563991	-3.752957	4.6509	7	4.494192	5.492754	-48.08319	8.645724	7.128417
39.32	-2.656644	-3.001771	13.87071	7	3.460528	4.180562	-11.6503	-15.17107	13.96742
39.34	-2.739216	-2.728612	11.9173	7	3.52799	4.001561	-37.7653	-15.59855	3.463037
39.36	-1.75948	-2.387164	15.67042	7	2.398974	2.823811	-21.82755	-8.45351	4.725848
39.38	-2.50094	-2.045715	9.848311	7	2.752284	3.832778	-59.53789	1.546489	-0.4765372
39.4	-1.361376	-1.704267	14.3241	7	1.506147	2.559273	-29.93424	-21.2932	5.028193
39.42	-1.624277	-1.294529	10.85278	7	1.578464	2.687274	-50.10672	-17.04893	-0.7362542
39.44	-0.3964181	-0.8165007	15.40021	7	0.4609767	1.277852	-22.52192	-28.01076	2.243172
39.46	-1.596143	-0.6116323	6.742893	7	1.372652	2.900417	-68.789	-9.735952	-3.709464
39.48	-0.4769532	-0.6799221	11.25682	7	0.04037856	1.340641	-20.74054	-35.55275	5.199768
39.5	-1.146818	-0.3384733	5.768508	7	0.7542671	2.024064	-43.07865	-6.270305	-0.06563473
39.52	-0.7627779	0.002975464	6.225331	7	0.9864441	2.555585	-35.79903	-26.04129	5.883367
39.54	0.05419695	1.300479	8.322919	7	2.007012	3.81809	-57.62074	9.638091	5.556993
39.56	-0.4788783	0.3444233	4.318045	7	1.955626	3.923592	-64.85773	-9.018395	2.942745
39.58	-0.148852	1.02732	4.704597	7	2.207668	4.521601	-65.99492	18.15718	7.116047
39.6	0.6089481	1.23219	7.452362	7	1.834897	3.721617	-51.86189	-0.6825184	6.666924
39.62	0.8916442	1.641927	7.38976	7	1.8961	3.658438	-59.88213	10.32511	3.344072
39.64	1.617833	1.915086	9.725965	7	1.307302	2.85316	-49.68025	5.424351	2.875284
39.66	1.708468	2.324824	8.396238	7	1.275511	2.927548	-63.05518	7.225879	-0.4542465
39.68	2.835765	2.597983	12.68615	7	0.05263464	1.237325	-36.24896	-2.545114	0.1460772
39.7	2.490384	2.871142	8.776033	7	0.01426965	1.265176	-55.28009	-5.888625	-5.6628
39.72	2.870137	3.280881	8.832452	7	-0.3603489	1.215513	-51.05759	-17.56801	-2.401491
39.74	3.21533	3.554038	8.696854	7	-0.7403286	0.6944338	-45.94572	-19.58328	-3.272295
39.76	3.875628	3.827197	10.24339	7	-1.446362	-0.435945	-29.05792	-28.20923	-3.912783
39.78	3.646812	4.168647	6.875305	7	-1.208938	-0.03064162	-43.94292	-19.43061	-6.468209
39.8	4.160022	4.510095	7.660918	7	-1.453635	-0.1879401	-35.00387	-19.01839	-3.470114
39.82	4.205711	4.851542	5.894443	7	-1.206583	0.1424295	-44.41245	-12.59091	-4.92588
39.84	4.896329	5.466149	7.506836	7	-1.194917	0.2380622	-44.01273	-12.98786	-3.552193
39.86	4.130205	4.783254	2.045405	7	-1.226104	0.323187	-50.88149	-2.087098	-6.041152
39.88	5.222158	5.466149	6.367305	7	-1.767245	-0.540807	-21.12186	-1.522213	-0.3932781
39.9	4.431446	4.851542	1.028124	7	-1.648365	-0.7638378	-24.91616	-3.583281	-5.424468
39.92	6.797255	6.763654	11.53606	7	-1.863574	-1.424388	0.7638736	2.538856	0.4226389
39.94	6.298299	6.422206	6.905086	7	-1.514831	-1.227975	-33.50828	0.67626	-11.79741
39.96	4.92227	4.851542	-0.8401193	7	-2.296887	-1.540826	-19.99334	5.806031	-7.901549
39.98	5.372081	5.807599	0.6245427	7	-2.133816	-1.40473	1.996634	-0.377175	0.5744314
40	6.218451	6.422206	3.887399	7	-1.727616	-1.609805	9.859768	-16.20923	-0.481348
40.02	5.102485	4.851542	-2.078512	7	-1.890764	-2.203404	19.29039	-9.171067	-3.963178
40.04	4.521691	4.783254	-4.991725	7	-1.309122	-1.505709	32.45675	19.37855	3.114473
40.06	5.842594	6.080756	1.517006	7	-0.3126452	-0.8792573	41.79241	6.462519	7.678323
40.08	6.159666	6.080756	2.736976	7	0.5013306	-0.3797672	23.25897	21.08847	1.396052
40.1	6.555533	6.149047	4.51596	7	0.5870074	-0.1699242	14.73251	28.06557	0.09965992
40.12	6.37873	6.080756	3.291492	7	0.5979276	0.1407467	-0.495163	19.33275	-2.244854
40.14	6.913381	7.036813	5.269666	7	0.8753338	1.028702	-21.13649	2.981604	-1.406264
40.16	5.95324	5.739308	0.2872458	7	0.1863372	0.5432957	-23.84498	-6.117633	-4.383605
40.18	5.830232	5.807599	-0.2772335	7	-0.3272728	0.1386261	-6.564982	-4.514579	0.6233778
40.2	5.695625	5.739308	-0.9517571	7	-0.4291548	-0.2643139	5.517772	-10.92679	1.377889
40.22	6.061425	5.739308	1.041883	7	-0.6799935	-1.074432	27.04106	0.05030605	2.510406
40.24	5.85104	5.739308	-0.156749	7	-0.2779278	-0.8875237	23.63195	5.928169	0.7112656
40.26	5.936739	5.739308	0.3509019	7	-0.03514475	-0.6719514	27.19417	7.470154	2.418673
40.28	5.873813	5.807599	0.04215813	7	0.4286467	-0.1616974	20.54615	7.225879	2.264747
40.3	6.902773	6.695365	5.038365	7	0.7221679	0.1227631	16.45474	5.714427	2.940017
40.32	6.970738	6.763654	4.82717	7	0.9192413	0.5047787	-8.386526	5.149542	-2.812553
40.34	7.003615	6.763654	4.549178	7	0.570944	0.6239183	-19.50745	4.99687	-3.388082
40.36	6.660084	6.763654	2.259553	7	0.3593793	0.9159905	-32.88172	1.744962	-3.966887
40.38	8.135242	8.197738	8.763088	7	0.01341836	0.7285857	-33.52096	-9.140532	-2.146934
40.4	6.241648	6.422206	-1.560722	7	-0.49272	0.5085394	-54.73526	-16.05656	-10.55054
40.42	6.209356	6.558785	-1.801433	7	-1.20492	0.1473536	-25.19946	-20.92679	0.05169868
40.44	5.956985	6.422206	-3.24534	7	-1.220383	-0.3645466	-8.892261	-7.995495	0.5605564
40.46	5.982484	6.490495	-3.200306	7	-0.8538926	-0.3192952	2.992428	-9.873357	2.752772
40.48	6.397822	6.353915	-0.8931113	7	-0.8627358	-1.019854	25.05144	-10.57565	3.488388
40.5	6.142901	6.422206	-2.297367	7	-0.07753384	-0.3620543	14.82943	16.29458	1.607778
40.52	6.313117	6.627074	-1.373351	7	0.5688676	0.4847138	8.464697	15.39382	3.732519
40.54	5.464823	5.807599	-5.216467	7	1.012734	1.115639	0.1499586	19.94343	3.170914
40.56	5.827771	5.739308	-2.42922	7	0.8434407	0.6747264	24.28146	13.13428	8.087769
40.58	5.789957	5.739308	-2.011058	7	1.211118	0.6449522	24.47874	14.37092	5.840843
40.6	5.984087	5.67102	-0.327414	7	1.305733	0.5253698	29.91409	12.52359	6.016449
40.62	5.871211	5.739308	-0.4490864	7	1.723986	1.015853	18.9309	20.66099	4.621804
40.64	7.006242	6.763654	5.397195	7	1.945851	1.339926	10.94906	7.76023	5.049082
40.66	6.998501	6.695365	5.084483	7	1.915382	1.54082	-15.89234	10.37092	-1.791791
40.68	6.80536	6.422206	4.012835	7	1.221522	1.317674	-23.01186	0.8747337	-2.452378
40.7	7.043058	7.241681	4.566257	7	1.116686	1.799372	-40.42319	-2.514579	-2.197454
40.72	6.677838	7.036813	2.100041	7	0.791527	1.973897	-54.80997	-13.93443	-3.779058
40.74	6.321589	6.695365	-0.0002570152	7	0.1445464	1.585503	-48.30865	-27.30847	-1.931793
40.76	6.453727	6.763654	0.4223576	7	-0.4321218	0.782147	-30.45885	-32.23977	-0.02762413
40.78	7.403039	7.309972	4.738312	7	-1.023182	-0.5019828	-8.964265	-14.02603	-0.6122684
40.8	7.732004	7.924579	5.16215	7	-0.8271121	-0.4201204	-25.38343	-2.193969	-5.774954
40.82	6.946329	7.036813	0.4578822	7	-1.215082	-0.5322067	-29.3089	0.2335122	-7.097001
40.84	6.864199	7.036813	-0.3569887	7	-1.594317	-0.8591321	-12.23856	-3.094732	-2.397097
40.86	7.234515	7.583131	0.8598976	7	-1.380386	-0.8670616	-6.961331	-9.934426	-1.420239
40.88	7.435043	7.51484	1.324219	7	-1.379622	-1.165691	-1.990727	-18.11763	-2.695976
40.9	7.82313	7.583131	2.809256	7	-1.630111	-1.770595	8.512976	-14.85046	-3.293682
40.92	8.123672	8.197738	3.377596	7	-1.272097	-1.341999	-4.690373	5.012138	-5.156311
40.94	7.89013	8.197738	1.282249	7	-0.9531481	-0.549469	-24.03575	-0.4840448	-6.275595
40.96	8.036661	8.197738	1.454271	7	-1.193936	-0.5646034	-22.18031	-0.3466406	-4.497633
40.98	8.089496	8.129447	1.202163	7	-1.551503	-1.052515	-16.4098	-4.926793	-5.140829
41	8.130868	8.266026	0.8003668	7	-1.686057	-1.22937	-14.46715	-10.11763	-5.26398
41.02	7.421061	7.583131	-3.066099	7	-1.853739	-1.405233	-9.259214	-9.644349	-5.138321
41.04	7.284829	7.583131	-3.776369	7	-1.763507	-1.384972	5.418816	1.042672	-0.7304678
41.06	7.440732	7.583131	-2.889181	7	-1.545234	-1.604282	19.69684	-0.6977856	0.667695
41.08	7.478831	7.583131	-2.622087	7	-1.083147	-1.441423	22.42546	7.577022	0.3557835
41.1	6.997334	7.036813	-4.671912	7	-0.7048892	-1.155002	24.04353	13.74496	0.6341753
41.12	7.046413	7.036813	-3.820775	7	-0.3297624	-0.8969797	32.46092	15.51595	3.633954
41.14	7.061817	7.036813	-3.178966	7	0.2091999	-0.5240047	31.08635	12.58466	3.537001
41.16	8.187425	7.924579	2.782086	7	0.5899183	-0.3206356	28.37226	16.26405	3.518121
41.18	7.62082	7.309972	0.03938782	7	0.7712115	0.01010755	4.375558	20.18771	-3.094768
41.2	7.404355	7.241681	-0.7050846	7	0.6363815	0.4223492	-1.378531	13.47015	-0.4636736
41.22	7.905127	7.924579	1.842602	7	0.6808405	0.7020745	-9.144354	-0.6977856	0.1903305
41.24	7.085964	7.036813	-2.086559	7	0.3741048	0.5647712	-17.30394	-10.0871	-3.032093
41.26	7.2208	7.036813	-0.9208679	7	-0.2208972	-0.06116045	1.798261	-7.323739	1.05136
41.28	6.900634	7.036813	-2.396491	7	-0.08177152	-0.01617561	-0.6470792	-3.003129	-0.1372929
41.3	7.487031	7.583131	0.6268094	7	0.04402532	0.08281226	2.296916	-5.491678	1.714602
41.32	7.499208	7.583131	0.5314326	7	0.2059062	0.2380438	-9.2554	2.798398	-1.592018
41.34	6.643373	6.695365	-3.520415	7	-0.01429338	0.2394463	-10.36963	3.59229	-1.768996
41.36	6.377828	6.627074	-4.361936	7	-0.03150076	0.3246763	1.133061	5.699161	2.823231
41.38	6.683647	6.763654	-2.301277	7	0.03254179	-0.004114911	15.42046	-2.377175	4.382068
41.4	6.809535	6.763654	-1.306782	7	0.252339	-0.1340159	17.63677	-0.2245032	2.713284
41.42	7.817922	7.65142	3.74854	7	0.5052363	-0.02484115	13.31177	5.149542	1.994608
41.44	7.735625	7.65142	2.919577	7	0.7403309	0.4698793	-14.08971	13.37855	-3.84956
41.46	7.67157	7.583131	2.358229	7	0.4068055	0.6668177	-24.80086	4.554123	-3.720204
41.48	7.387352	7.583131	0.6004986	7	0.1607002	0.8602077	-34.9157	0.5083214	-3.88428
41.5	6.316816	6.695365	-4.697622	7	-0.2059004	0.8309374	-33.02084	-7.934426	-2.554999
41.52	6.186391	6.695365	-4.943001	7	-0.3719156	0.6251525	-12.0996	-14.16343	3.39415
41.54	8.857009	9.085504	8.008812	7	-0.1051853	0.1843523	-1.344059	-22.68252	4.384447
41.56	8.465852	8.129447	5.117174	7	-0.414217	-0.5185441	-28.63185	-18.30084	-10.42146
41.58	6.955369	7.583131	-3.23988	7	-0.3144066	0.8825511	-57.81757	20.01977	-8.660258
41.6	5.70203	6.695365	-9.292253	7	-0.5056485	1.426833	-46.26429	13.42435	0.0004234314
41.62	6.570007	7.65142	-4.626939	7	-0.2197847	1.408494	-21.71209	-4.606183	7.425419
41.64	7.744332	8.197738	1.204622	7	-0.05869374	0.6413696	-12.66384	-21.18633	3.196831
41.66	8.403243	8.197738	4.199725	7	-0.4492356	-0.3559361	-11.55101	-16.3161	-3.230038
41.68	7.246655	7.583131	-2.168957	7	-0.3327082	0.2643192	-36.45993	24.56939	-7.290931
41.7	6.118182	6.695365	-7.525176	7	-0.5582712	0.6254388	-26.96111	17.42435	-0.7362623
41.72	5.794506	6.695365	-8.555602	7	-0.2172796	0.9328277	-9.609949	-0.1787016	5.777782
41.74	7.137505	7.65142	-1.349087	7	0.1956325	0.6339102	9.447853	-16.51458	8.191759
41.76	7.67924	7.583131	1.487799	7	0.3090335	0.008671463	6.806765	-12.78939	0.9693556
41.78	6.677357	6.763654	-3.399991	7	0.4532841	0.4324479	-9.322298	28.55412	-2.30988
41.8	6.284504	6.763654	-4.922028	7	0.7198448	1.245784	-10.75421	24.05031	3.111095
41.82	6.196869	6.763654	-4.792015	7	1.069305	1.663218	-9.615088	6.386183	5.327319
41.84	6.614898	6.695365	-1.925959	7	0.9239854	1.093199	5.020577	-7.140533	5.824769
41.86	7.98061	7.583131	5.18141	7	0.6790276	0.1966513	13.47119	1.103741	3.092991
41.88	8.242331	7.65142	6.108151	7	0.3826529	-0.2844261	-3.992418	20.96634	-5.17264
41.9	8.320035	8.197738	5.642921	7	0.2969779	0.3776379	-32.41471	7.119008	-7.344897
41.92	7.31292	7.309972	0.1200923	7	-0.361841	0.3986109	-43.64027	-5.629083	-8.201908
41.94	7.086352	7.378261	-1.227083	7	-0.90992	0.2058278	-32.08621	-16.02603	-2.973652
41.96	6.613395	7.036813	-3.699628	7	-1.12914	-0.1552976	-20.44323	-30.85045	-1.669682
41.98	6.574491	7.036813	-3.829795	7	-1.066582	-0.3441516	-4.695624	-35.46114	1.365849
42	7.442629	7.583131	0.5075554	7	-0.9632869	-0.8372237	11.12736	-34.46878	2.148294
42.02	8.159886	7.583131	3.970547	7	-1.331974	-2.027749	23.93467	8.691526	-2.332963
42.04	7.877708	7.65142	1.918749	7	-1.075964	-1.666043	5.827059	21.88237	-6.456981
42.06	7.494238	7.583131	-0.4435503	7	-0.8601329	-0.8649313	-6.564457	12.40145	-4.64742
42.08	6.936291	7.446551	-3.488426	7	-0.4584728	0.08998901	-17.87688	0.6609928	-2.237922
42.1	7.508269	7.65142	-0.4625994	7	-0.6460105	-0.2423764	-2.026018	-7.964961	1.298123
42.12	7.531167	7.583131	-0.4449286	7	-0.6310749	-0.5566516	-2.479802	-14.49931	-1.886823
42.14	8.308001	7.583131	3.617914	7	-1.462897	-2.023452	23.13271	7.561757	-1.961997
42.16	7.880348	7.583131	0.97271	7	-1.334331	-1.968616	9.488212	19.53122	-6.747797
42.18	7.485109	7.65142	-1.396575	7	-0.9740249	-1.00485	-3.064139	4.599924	-4.176718
42.2	7.469711	7.583131	-1.513274	7	-0.930914	-0.8007012	0.2488225	-9.186335	-1.591404
42.22	7.699348	7.583131	-0.3040882	7	-1.068966	-1.197882	9.6038	-15.12527	-1.329748
42.24	7.820982	7.583131	0.2675174	7	-1.153939	-1.546087	13.92412	-18.78939	-2.588381
42.26	8.021246	7.583131	1.23612	7	-1.371009	-2.003787	20.75775	-0.9725947	-3.249514
42.28	8.654935	8.470897	3.836784	7	-1.069842	-1.626554	8.718098	6.905267	-4.439461
42.3	7.363773	7.105102	-2.799191	7	-1.288527	-1.5818	-1.4274	-1.125267	-7.850842
42.32	8.503663	8.470897	2.710863	7	-1.271435	-1.339491	8.794294	-2.514579	-0.697484
42.34	8.405816	8.470897	1.523882	7	-0.9714713	-1.047653	-12.85151	-6.682518	-6.942781
42.36	8.859274	8.470897	3.464555	7	-1.604974	-1.646371	-5.304955	-5.186335	-6.261263
42.38	8.538439	8.539186	1.101516	7	-1.676559	-1.505693	-19.25498	0.9205348	-9.15198
42.4	8.382373	8.470897	-0.1914118	7	-1.951411	-1.473146	-18.69966	-3.552747	-7.252946
42.42	8.253963	8.539186	-1.3398	7	-2.00291	-1.398591	-18.59003	-7.201602	-6.246955
42.44	8.272357	8.402606	-1.522464	7	-2.244555	-1.789962	-8.044501	-11.32374	-5.18217
42.46	8.261149	8.402606	-1.868188	7	-2.269511	-2.019176	-1.440291	-15.17107	-5.020773
42.48	8.482789	8.539186	-1.0229	7	-2.242434	-2.20359	5.142859	-15.85809	-4.574377
42.5	8.685353	8.539186	-0.2544531	7	-2.311524	-2.553859	11.00936	-7.75122	-5.471766
42.52	7.142534	7.036813	-7.747934	7	-2.420494	-2.698509	16.1174	4.706795	-6.40472
42.54	6.918191	7.036813	-8.094729	7	-2.15068	-2.500999	42.61023	9.80603	2.539312
42.56	7.735373	7.856288	-3.503274	7	-1.223014	-2.128669	51.04443	7.76023	4.408903
42.58	8.749001	8.197738	1.913551	7	-0.8111852	-2.357394	50.89805	5.149542	0.4378986
42.6	8.109461	7.309972	-0.9569707	7	-0.7949175	-2.414925	38.0133	25.68389	-5.430508
42.62	7.842052	7.583131	-2.015811	7	-0.4006392	-1.380808	24.37058	29.8671	-2.382402
42.64	7.684457	7.583131	-2.428114	7	-0.09848944	-0.6981094	14.45113	21.13427	-1.098265
42.66	7.666275	7.65142	-2.128942	7	0.1181457	-0.2228335	6.373191	5.012138	-0.5059452
42.68	7.792061	7.583131	-1.030951	7	-0.03537111	-0.3698808	6.8608	-9.140532	-0.7735491
42.7	8.090263	7.583131	0.869658	7	-0.4921395	-1.063094	13.76889	-6.789388	-2.062527
42.72	7.773539	7.583131	-0.7020559	7	-0.4673738	-0.875859	1.679406	6.78313	-4.435964
42.74	7.546357	7.583131	-1.759919	7	-0.4336052	-0.4443791	-5.34099	1.042672	-2.986477
42.76	7.545703	7.65142	-1.638161	7	-0.451228	-0.28805	-7.12227	-0.3466406	-1.930162
42.78	7.765209	7.583131	-0.3153055	7	-0.8198732	-0.8565353	1.646806	-4.819922	-2.123435
42.8	7.655003	7.583131	-0.8855204	7	-0.894181	-0.9882379	-0.9139216	-0.1176329	-3.720089
42.82	7.486954	7.583131	-1.765024	7	-0.8372601	-0.7523608	-4.985421	-0.9573276	-3.243789
42.84	7.427017	7.583131	-2.032093	7	-0.7948332	-0.5968342	-5.734818	-0.4229765	-2.316618
42.86	7.505565	7.583131	-1.549932	7	-0.8499442	-0.7078327	-2.671886	-2.331373	-1.985294
42.88	7.559993	7.583131	-1.22995	7	-0.9019514	-0.8566462	-1.055629	-2.117633	-2.492922
42.9	7.637727	7.65142	-0.8571069	7	-0.9231406	-0.9129748	-1.309711	0.3098481	-2.872246
42.92	7.534167	7.583131	-1.414445	7	-0.9220801	-0.8683407	-3.784353	-0.1787016	-3.369984
42.94	7.513303	7.583131	-1.512669	7	-0.9468721	-0.8377196	-3.431776	-0.05656421	-2.82949
42.96	7.504189	7.583131	-1.551816	7	-0.9542673	-0.8466632	-3.065018	-0.01076267	-2.744308
42.98	7.555775	7.583131	-1.268136	7	-1.009467	-0.9528577	-1.012094	-0.1787016	-2.709239
43	7.57887	7.65142	-1.205159	7	-0.966794	-0.9093648	-2.740049	0.09610759	-3.042898
43.02	7.512105	7.583131	-1.559712	7	-0.9706075	-0.8769462	-3.831366	-0.04129703	-3.169342
43.04	7.56392	7.65142	-1.319336	7	-0.9689536	-0.8484751	-3.789386	0.09610759	-2.818595
43.06	7.511442	7.583131	-1.590065	7	-0.9935909	-0.8805975	-4.013166	0.03503887	-3.124989
43.08	7.495753	7.583131	-1.662307	7	-1.004973	-0.8800625	-3.431688	-0.01076267	-2.861332
43.1	7.514452	7.583131	-1.552416	7	-1.024382	-0.9281464	-2.220613	0.09610759	-2.784218
43.12	7.581555	7.65142	-1.240406	7	-1.009613	-0.9358184	-2.387364	-0.1023657	-2.905656
43.14	7.511807	7.583131	-1.611706	7	-1.007152	-0.9208264	-3.677405	0.00450451	-3.291759
43.16	7.506831	7.583131	-1.625602	7	-1.024241	-0.9155933	-3.007266	0.00450451	-2.921958
43.18	7.586466	7.65142	-1.240147	7	-1.031088	-0.9470093	-2.510895	-0.1939688	-2.915142
43.2	7.526791	7.583131	-1.558399	7	-1.047827	-0.9713628	-3.305421	0.2487794	-3.384569
43.22	7.605035	7.65142	-1.181775	7	-1.081699	-1.005541	-2.300211	-0.01076267	-3.08053
43.24	7.503666	7.583131	-1.729086	7	-1.070474	-0.9776742	-4.043058	-0.08709857	-3.552649
43.26	7.503852	7.583131	-1.71459	7	-1.093159	-0.9768426	-2.752053	-0.01076267	-2.988105
43.28	7.470014	7.583131	-1.888572	7	-1.053357	-0.9345282	-3.25612	0.03503887	-2.998872
43.3	7.535154	7.65142	-1.569764	7	-1.010982	-0.8844627	-3.52335	0.03503887	-2.78722
43.32	7.430386	7.51484	-2.059816	7	-1.026995	-0.9120648	-3.635989	0.01977169	-3.147518
43.34	7.477198	7.583131	-1.785893	7	-1.010659	-0.8873683	-2.631532	0.1266419	-2.594418
43.36	7.497688	7.583131	-1.660668	7	-0.9963356	-0.9046243	-2.760359	0.08084041	-2.867591
43.38	7.505572	7.583131	-1.605771	7	-0.9929834	-0.9027371	-3.221924	-0.04129703	-3.012896
43.4	7.510951	7.583131	-1.566917	7	-1.004469	-0.9083809	-3.561543	0.01977169	-3.101223
43.42	7.505486	7.583131	-1.590744	7	-1.016721	-0.9085485	-4.044077	0.00450451	-3.183867
43.44	7.503028	7.583131	-1.600909	7	-1.035798	-0.9164433	-4.231781	0.01977169	-3.201361
43.46	7.486022	7.583131	-1.692645	7	-1.040252	-0.9032473	-4.782103	-0.01076267	-3.232778
43.48	7.468369	7.583131	-1.785887	7	-1.036541	-0.8757523	-5.288311	0.0655728	-3.167567
43.5	7.462787	7.583131	-1.811288	7	-1.036709	-0.8630753	-5.414965	0.00450451	-3.089188
43.52	7.488571	7.583131	-1.668938	7	-1.066963	-0.9127365	-4.560062	0.00450451	-3.079054
43.54	7.454208	7.583131	-1.858748	7	-1.043401	-0.8748516	-5.755709	0.03503887	-3.262209
43.56	7.469733	7.583131	-1.770918	7	-1.060146	-0.8844327	-5.234525	0.00450451	-3.076576
43.58	7.444008	7.583131	-1.91004	7	-1.038901	-0.8504786	-6.161289	-0.02602985	-3.192956
43.6	7.519317	7.65142	-1.548943	7	-1.034751	-0.8378772	-6.297868	-0.04129703	-3.057259
43.62	7.464379	7.583131	-1.840084	7	-1.058216	-0.8607236	-7.193371	-0.01076267	-3.506107
43.64	7.452772	7.583131	-1.895986	7	-1.086375	-0.8673094	-6.70697	0.00450451	-3.240951
43.66	7.443057	7.583131	-1.946455	7	-1.094084	-0.8778509	-6.443707	-0.08709857	-3.204011
43.68	7.456057	7.583131	-1.875751	7	-1.110351	-0.9112124	-5.683119	-0.1329001	-3.160384
43.7	7.453261	7.583131	-1.894895	7	-1.108536	-0.9208462	-5.661681	-0.08709857	-3.249365
43.72	7.490458	7.583131	-1.698842	7	-1.146338	-0.990329	-4.396499	0.08084041	-3.242117
43.74	7.438787	7.583131	-1.99054	7	-1.10381	-0.9261879	-6.155559	-0.01076267	-3.484102
43.76	7.453125	7.583131	-1.910476	7	-1.111566	-0.9165776	-5.650717	0.1724435	-3.182532
43.78	7.510368	7.65142	-1.653659	7	-1.088755	-0.8944834	-6.428312	-0.1787016	-3.280905
43.8	7.500046	7.583131	-1.706361	7	-1.154285	-0.9857131	-5.824605	0.03503887	-3.613615
43.82	7.502847	7.583131	-1.700542	7	-1.21057	-1.057486	-4.851321	0.09610759	-3.619019
43.84	7.539708	7.65142	-1.570887	7	-1.205135	-1.04669	-5.47418	-0.1634345	-3.673911
43.86	7.54004	7.65142	-1.630313	7	-1.214422	-1.040879	-6.41854	-0.5909155	-3.880896
43.88	7.488091	7.65142	-1.961108	7	-1.188068	-0.9534971	-8.393139	-2.331373	-3.89427
43.9	7.372462	7.51484	-2.513878	7	-1.241624	-0.9886891	-6.902056	-3.827556	-3.586967
43.92	7.45418	7.583131	-2.06299	7	-1.268247	-1.069266	-3.464385	-1.812289	-2.947679
43.94	7.488082	7.583131	-1.888045	7	-1.263279	-1.152015	-2.447672	-0.926793	-3.391797
43.96	7.497033	7.583131	-1.849814	7	-1.248157	-1.16105	-2.491755	-0.3313735	-3.573563
43.98	7.493433	7.583131	-1.875546	7	-1.230366	-1.138568	-2.961871	-0.8809917	-3.623907
44	7.518103	7.583131	-1.745102	7	-1.248592	-1.168372	-2.433764	0.09610759	-3.610708
44.02	7.527863	7.583131	-1.701578	7	-1.267089	-1.202856	-2.337529	-0.1329001	-3.781413
44.04	7.50841	7.583131	-1.81794	7	-1.263054	-1.183673	-3.070667	0.1571763	-3.869559
44.06	7.503067	7.583131	-1.853031	7	-1.267962	-1.171818	-3.213311	-0.3924422	-3.777925
44.08	7.575173	7.65142	-1.521485	7	-1.2712	-1.17748	-3.350792	-1.094732	-3.767466
44.1	7.569363	7.65142	-1.609644	7	-1.272999	-1.164709	-5.040823	-1.461144	-4.196487
44.12	7.500309	7.583131	-1.977799	7	-1.317632	-1.175076	-5.267029	-1.033664	-4.193236
44.14	7.487935	7.583131	-2.041047	7	-1.352605	-1.202795	-4.043008	-2.071831	-3.841372
44.16	7.505912	7.583131	-1.947468	7	-1.382206	-1.273106	-2.437351	-2.514579	-3.781036
44.18	7.500728	7.583131	-1.985897	7	-1.3744	-1.291183	-2.115925	-1.659618	-3.885446
44.2	7.52525	7.583131	-1.861491	7	-1.386695	-1.331008	-1.10957	0.2640465	-3.843621
44.22	7.529691	7.583131	-1.849612	7	-1.384086	-1.349639	-0.9904258	-0.2397704	-3.987275
44.24	7.502179	7.583131	-2.006763	7	-1.349827	-1.294636	-2.000913	0.1724435	-4.017044
44.26	7.542351	7.583131	-1.789522	7	-1.378838	-1.339962	-0.7803078	-0.07183139	-3.854606
44.28	7.455748	7.51484	-2.214015	7	-1.372898	-1.33738	-1.281304	0.08084041	-4.113125
44.3	7.545284	7.583131	-1.736769	7	-1.389212	-1.371565	0.5440921	-0.05656421	-3.637168
44.32	7.518355	7.583131	-1.899038	7	-1.341213	-1.327943	-1.426332	0.03503887	-4.162992
44.34	7.606801	7.65142	-1.476314	7	-1.34565	-1.31437	-1.709618	-0.02602985	-4.015503
44.36	7.541562	7.583131	-1.833454	7	-1.369911	-1.325232	-3.227374	-0.05656421	-4.555408
44.38	7.605796	7.65142	-1.539959	7	-1.410835	-1.341131	-2.823103	0.0655728	-4.242357
44.4	7.530302	7.583131	-1.9551	7	-1.446501	-1.371284	-3.589957	-0.7283199	-4.649138
44.42	7.591046	7.65142	-1.683553	7	-1.480002	-1.393056	-2.640965	-0.04129703	-4.257126
44.44	7.476281	7.583131	-2.309318	7	-1.455158	-1.341431	-4.437002	-0.08709857	-4.613282
44.46	7.506309	7.583131	-2.136316	7	-1.497349	-1.385393	-1.939883	0.1877107	-3.947174
44.48	7.477811	7.583131	-2.2911	7	-1.459068	-1.369906	-2.221461	-0.2245032	-4.121466
44.5	7.471449	7.583131	-2.315189	7	-1.419277	-1.322362	-2.25881	0.3098481	-3.929697
44.52	7.538189	7.583131	-1.941429	7	-1.451689	-1.409957	-0.2635501	0.09610759	-3.87413
44.54	7.586496	7.65142	-1.734013	7	-1.41448	-1.389894	-1.688132	0.08084041	-4.285477
44.56	7.56587	7.583131	-1.838921	7	-1.467399	-1.448026	-1.637294	-0.07183139	-4.570818
44.58	7.441475	7.51484	-2.458149	7	-1.467314	-1.403142	-2.471693	0.03503887	-4.522433
44.6	7.507575	7.583131	-2.095276	7	-1.470326	-1.401919	-0.7477081	0.01977169	-3.836457
44.62	7.597916	7.65142	-1.663628	7	-1.454485	-1.432883	-1.04098	0.05030605	-4.214682
44.64	7.569126	7.65142	-1.8715	7	-1.415787	-1.355385	-4.116724	0.01977169	-4.743815
44.66	7.488071	7.583131	-2.289632	7	-1.434381	-1.3045	-5.17379	0.09610759	-4.604776
44.68	7.46275	7.583131	-2.403196	7	-1.445559	-1.28214	-4.735135	-0.2397704	-4.189985
44.7	7.562913	7.65142	-1.89608	7	-1.472746	-1.348382	-3.279251	-0.3008391	-4.065081
44.72	7.474935	7.583131	-2.362785	7	-1.460206	-1.336707	-4.930817	-1.445877	-4.659219
44.74	7.533012	7.583131	-2.033192	7	-1.541959	-1.443207	-1.981921	-1.064198	-4.17888
44.76	7.484721	7.583131	-2.300321	7	-1.513131	-1.426598	-3.089061	0.0655728	-4.558995
44.78	7.494115	7.583131	-2.244443	7	-1.516137	-1.420694	-2.458632	-0.5603809	-4.27788
44.8	7.467235	7.583131	-2.385403	7	-1.477632	-1.371363	-3.340169	0.1113748	-4.339841
44.82	7.512252	7.583131	-2.130796	7	-1.504759	-1.421124	-1.98193	-0.1023657	-4.181519
44.84	7.538172	7.65142	-2.041115	7	-1.450734	-1.355349	-4.001045	0.1571763	-4.471395
44.86	7.544595	7.583131	-1.993053	7	-1.527485	-1.450294	-2.942916	-0.08709857	-4.62073
44.88	7.558937	7.65142	-1.969136	7	-1.516162	-1.415838	-4.310906	0.0655728	-4.736554
44.9	7.505527	7.583131	-2.250619	7	-1.558209	-1.440766	-4.40658	0.09610759	-4.835844
44.92	7.465271	7.583131	-2.462259	7	-1.558137	-1.411145	-4.430505	-0.1481673	-4.57582
44.94	7.454114	7.583131	-2.512579	7	-1.545972	-1.393589	-4.011666	0.03503887	-4.347944
44.96	7.461088	7.583131	-2.463374	7	-1.532588	-1.395436	-3.516338	-0.05656421	-4.275877
44.98	7.623364	7.71971	-1.681019	7	-1.519353	-1.415306	-3.387491	0.0655728	-4.313909
45	7.562023	7.65142	-2.054792	7	-1.523566	-1.4101	-6.191496	0.1419087	-5.24843
45.02	7.547162	7.65142	-2.163893	7	-1.568103	-1.393697	-6.525743	-0.04129703	-4.951678
45.04	7.450388	7.583131	-2.664127	7	-1.597856	-1.393824	-6.663501	-0.3619078	-4.914059
45.06	7.444259	7.583131	-2.673249	7	-1.622201	-1.420637	-4.737359	-1.277938	-4.383959
45.08	7.382737	7.51484	-2.937827	7	-1.623415	-1.464855	-3.154313	-3.201602	-4.342493
45.1	7.525274	7.583131	-2.161016	7	-1.661937	-1.603749	0.8330723	-0.1023657	-3.977277
45.12	7.393406	7.51484	-2.834908	7	-1.56252	-1.514043	-2.12298	-0.07183139	-4.793262
45.14	7.48152	7.583131	-2.346087	7	-1.532525	-1.456716	-1.09701	0.4930542	-4.013133
45.16	7.535295	7.583131	-2.051707	7	-1.540538	-1.519945	-1.071384	-0.2550375	-4.520809
45.18	7.49749	7.583131	-2.257917	7	-1.507917	-1.450454	-3.544166	0.2945805	-4.883855
45.2	7.556365	7.583131	-1.934447	7	-1.587662	-1.533819	-2.155806	-0.209236	-4.71304
45.22	7.487357	7.583131	-2.320717	7	-1.565998	-1.476052	-4.677081	0.1113748	-5.140369
45.24	7.596509	7.65142	-1.785129	7	-1.629504	-1.532309	-3.419278	-0.05656421	-4.77974
45.26	7.485981	7.583131	-2.397289	7	-1.633534	-1.513866	-5.801264	-0.1939688	-5.459824
45.28	7.456612	7.583131	-2.555595	7	-1.652712	-1.473479	-5.434742	0.2487794	-4.862999
45.3	7.464114	7.583131	-2.515775	7	-1.672285	-1.509846	-4.29536	-0.2703047	-4.705365
45.32	7.443815	7.583131	-2.629496	7	-1.647348	-1.49003	-4.540205	0.2182446	-4.750494
45.34	7.449226	7.583131	-2.596883	7	-1.632984	-1.47757	-4.237953	0.01977169	-4.61871
45.36	7.424767	7.583131	-2.722527	7	-1.586269	-1.415944	-5.208771	0.1113748	-4.645501
45.38	7.39927	7.51484	-2.793343	7	-1.613262	-1.460219	-3.770352	0.1113748	-4.496758
45.4	7.478276	7.583131	-2.365723	7	-1.612578	-1.500317	-2.601755	0.01977169	-4.386965
45.42	7.509976	7.583131	-2.204113	7	-1.623476	-1.552164	-2.806821	0.08084041	-4.854774
45.44	7.484423	7.583131	-2.354345	7	-1.611566	-1.511603	-4.415862	-0.07183139	-5.079963
45.46	7.506973	7.583131	-2.238938	7	-1.656055	-1.545652	-3.93875	0.1266419	-4.969717
45.48	7.479627	7.583131	-2.401629	7	-1.661994	-1.536052	-4.872401	0.01977169	-5.153546
45.5	7.461276	7.583131	-2.510425	7	-1.666891	-1.51031	-5.285639	-0.01076267	-5.026242
45.52	7.476702	7.583131	-2.435046	7	-1.696638	-1.546783	-4.545113	0.03503887	-4.939895
45.54	7.448054	7.583131	-2.602317	7	-1.681122	-1.520727	-5.33521	0.03503887	-5.052861
45.56	7.44211	7.583131	-2.638407	7	-1.674964	-1.497204	-5.388074	0.08084041	-4.890821
45.58	7.453688	7.583131	-2.578017	7	-1.682329	-1.513844	-4.977598	0.03503887	-4.861575
45.6	7.49306	7.65142	-2.420314	7	-1.641872	-1.457766	-6.324188	0.05030605	-4.941763
45.62	7.459877	7.583131	-2.591922	7	-1.676416	-1.48967	-6.467361	-0.04129703	-5.161218
45.64	7.453255	7.583131	-2.624053	7	-1.706165	-1.514595	-5.875944	0.00450451	-5.019126
45.66	7.432804	7.583131	-2.735392	7	-1.701947	-1.505901	-6.012586	0.01977169	-5.008781
45.68	7.424767	7.583131	-2.776002	7	-1.691611	-1.488433	-5.977308	0.01977169	-4.896585
45.7	7.428502	7.583131	-2.750793	7	-1.684432	-1.4859	-5.794627	0.01977169	-4.851816
45.72	7.413574	7.583131	-2.825345	7	-1.657485	-1.44972	-6.417464	0.01977169	-4.880395
45.74	7.414389	7.583131	-2.80897	7	-1.643573	-1.425575	-6.609415	0.00450451	-4.799416
45.76	7.456404	7.583131	-2.571773	7	-1.678421	-1.49117	-5.496353	0.03503887	-4.820271
45.78	7.525467	7.65142	-2.253731	7	-1.683391	-1.51565	-6.047934	0.0655728	-5.104954
45.8	7.532483	7.65142	-2.270895	7	-1.708897	-1.529237	-7.423456	0.01977169	-5.531313
45.82	7.527913	7.65142	-2.34725	7	-1.758263	-1.547439	-8.062208	0.01977169	-5.622323
45.84	7.418773	7.583131	-2.934797	7	-1.786245	-1.528685	-8.864731	-0.1176329	-5.644821
45.86	7.412876	7.583131	-2.958177	7	-1.822667	-1.556176	-6.899142	-0.377175	-5.040766
45.88	7.407649	7.583131	-2.985495	7	-1.81391	-1.582902	-5.87149	-1.735954	-4.998717
45.9	7.674141	7.787999	-1.702884	7	-1.824668	-1.670171	-4.251328	-2.987862	-4.93792
45.92	7.509228	7.583131	-2.602437	7	-1.878453	-1.758467	-6.551034	-1.140534	-6.446131
45.94	7.519567	7.65142	-2.595189	7	-1.905564	-1.711247	-5.902718	0.2945805	-5.567997
45.96	7.397405	7.583131	-3.24702	7	-1.871653	-1.643835	-7.0391	-0.7283199	-5.618696
45.98	7.456681	7.65142	-2.951671	7	-1.840531	-1.597271	-5.797091	-2.697785	-4.883499
46	7.464869	7.583131	-2.880952	7	-1.876689	-1.714203	-3.832449	-2.606182	-5.17296
46.02	7.51382	7.65142	-2.653317	7	-1.843586	-1.704413	-3.972234	-1.262671	-5.234235
46.04	7.486298	7.583131	-2.781919	7	-1.867148	-1.75281	-3.596785	-0.08709857	-5.496005
46.06	7.452071	7.583131	-2.949605	7	-1.845665	-1.713131	-3.942055	-0.1481673	-5.37099
46.08	7.471876	7.583131	-2.821399	7	-1.851622	-1.732115	-2.950077	-0.08709857	-5.17714
46.1	7.398475	7.51484	-3.151002	7	-1.840714	-1.732851	-2.889001	-0.01076267	-5.30684
46.12	7.467549	7.583131	-2.763807	7	-1.818461	-1.720878	-1.894676	0.08084041	-4.905618
46.14	7.568398	7.65142	-2.264461	7	-1.803101	-1.745986	-2.435264	0.03503887	-5.304976
46.16	7.5158	7.583131	-2.543458	7	-1.826233	-1.759536	-4.085815	0.00450451	-5.915712
46.18	7.489909	7.583131	-2.676296	7	-1.853838	-1.738361	-4.487268	-0.1176329	-5.691241
46.2	7.46549	7.583131	-2.80348	7	-1.86278	-1.721746	-4.82328	-0.6672512	-5.596167
46.22	7.501743	7.583131	-2.604878	7	-1.917038	-1.801993	-3.238342	-1.827557	-5.485566
46.24	7.461745	7.583131	-2.83089	7	-1.896947	-1.776353	-4.352866	-1.506946	-5.735012
46.26	7.430545	7.51484	-2.949473	7	-1.947485	-1.838554	-2.593029	-0.2245032	-5.511075
46.28	7.484934	7.583131	-2.671618	7	-1.937755	-1.856511	-1.759014	-0.01076267	-5.367722
46.3	7.499666	7.583131	-2.6103	7	-1.928138	-1.870063	-2.148655	0.1266419	-5.671239
46.32	7.511941	7.583131	-2.559736	7	-1.940069	-1.883068	-2.305314	-0.1787016	-5.768345
46.34	7.596047	7.65142	-2.175351	7	-1.963914	-1.917229	-2.35264	0.05030605	-5.867747
46.36	7.494549	7.583131	-2.74207	7	-1.964154	-1.879419	-4.696205	-0.04129703	-6.38117
46.38	7.460517	7.583131	-2.928343	7	-1.973934	-1.82559	-4.682629	-0.07183139	-5.832681
46.4	7.573635	7.65142	-2.372279	7	-2.022605	-1.916955	-2.711997	-1.125267	-5.645829
46.42	7.518158	7.583131	-2.688563	7	-2.056792	-1.988201	-3.09652	-0.8962589	-6.309503
46.44	7.458121	7.583131	-3.023954	7	-2.033859	-1.914142	-3.843031	0.386184	-6.019485
46.46	7.475948	7.583131	-2.926919	7	-2.044584	-1.931546	-2.442356	-0.2550375	-5.655
46.48	7.426039	7.583131	-3.197062	7	-1.973824	-1.845392	-3.856692	-0.2550375	-5.747652
46.5	7.543405	7.65142	-2.599182	7	-1.974862	-1.865813	-2.607315	-0.5756481	-5.424797
46.52	7.500535	7.583131	-2.823403	7	-1.989038	-1.912305	-3.385728	-0.07183139	-6.102349
46.54	7.56154	7.65142	-2.537509	7	-2.001609	-1.909286	-3.34882	-0.01076267	-5.900939
46.56	7.541119	7.583131	-2.644181	7	-2.075228	-2.015952	-2.587126	-1.140534	-6.27618
46.58	7.508476	7.583131	-2.827763	7	-2.098213	-2.02927	-2.461811	-1.690152	-6.224193
46.6	7.485518	7.583131	-2.957465	7	-2.093799	-2.01203	-2.338784	-1.232137	-6.05407
46.62	7.475722	7.583131	-3.011207	7	-2.076257	-1.991446	-2.178132	-1.674885	-5.915485
46.64	7.520787	7.583131	-2.766572	7	-2.103856	-2.060759	-0.5522186	0.3403825	-5.846889
46.66	7.502371	7.583131	-2.874308	7	-2.079621	-2.048761	-1.295894	-0.2703047	-6.120779
46.68	7.501322	7.583131	-2.880074	7	-2.069101	-2.024668	-1.470453	0.2487794	-6.016722
46.7	7.62016	7.65142	-2.291108	7	-2.107706	-2.103272	-0.2740582	-0.1481673	-6.02244
46.72	7.595495	7.65142	-2.487884	7	-2.098345	-2.085126	-2.792844	0.1113748	-6.739911
46.74	7.555637	7.583131	-2.701446	7	-2.179712	-2.14208	-2.060466	-0.1329001	-6.630995
46.76	7.432983	7.51484	-3.318841	7	-2.196202	-2.131049	-1.884153	-0.819923	-6.466665
46.78	7.547912	7.65142	-2.753	7	-2.166137	-2.102158	-0.5518376	-2.087098	-5.769073
46.8	7.535355	7.583131	-2.824687	7	-2.180518	-2.176257	-0.3643635	-2.651984	-6.380857
46.82	7.632523	7.65142	-2.358298	7	-2.213437	-2.239762	0.7042056	0.5693902	-6.327757
46.84	7.520637	7.583131	-2.974142	7	-2.189167	-2.189504	-1.744773	-0.2245032	-6.905107
46.86	7.505527	7.583131	-3.047495	7	-2.19662	-2.147979	-1.111542	0.09610759	-6.276238
46.88	7.59268	7.65142	-2.622824	7	-2.202641	-2.185267	-0.2049304	-0.2397704	-6.193786
46.9	7.526361	7.583131	-2.97842	7	-2.203318	-2.195441	-1.200319	-0.1481673	-6.69441
46.92	7.554093	7.583131	-2.820878	7	-2.252914	-2.255426	0.6597561	0.2335122	-6.337654
46.94	7.494488	7.583131	-3.145672	7	-2.201375	-2.188422	-0.8557844	-0.02602985	-6.525987
46.96	7.632657	7.65142	-2.441232	7	-2.245962	-2.268746	1.390767	0.08084041	-6.167336
46.98	7.543287	7.583131	-2.92963	-7	-2.234112	-2.268356	-2.461831	-0.01076267	-7.478126
47	7.528012	7.583131	-3.003892	-7	-2.282007	-2.23648	-4.739274	0.01977169	-7.546953
47.02	7.482553	7.583131	-3.247617	-7	-2.326231	-2.19897	-8.575218	-0.3924422	-8.09671
47.04	7.539107	7.65142	-2.995741	-7	-2.425306	-2.217988	-11.63705	-2.087098	-8.500535
47.06	7.496091	7.65142	-3.296171	-7	-2.541162	-2.231548	-16.76257	-4.774121	-9.526947
47.08	7.39411	7.583131	-3.868038	-7	-2.732986	-2.297359	-19.85318	-6.422976	-10.00932
47.1	7.348015	7.583131	-4.158401	-7	-2.936371	-2.412277	-21.06656	-6.911525	-10.17293
47.12	7.348036	7.583131	-4.227795	-7	-3.164417	-2.621848	-20.93446	-8.590915	-10.61496
47.14	7.424577	7.65142	-3.969925	-7	-3.391487	-2.860976	-20.95736	-8.331373	-11.30182
47.16	6.657665	6.968522	-7.769723	-7	-3.619905	-2.999186	-22.15186	-7.934426	-12.40115
47.18	6.646625	7.036813	-7.550309	-7	-3.762221	-3.132145	-10.23698	-8.682517	-8.682428
47.2	6.761307	7.105102	-6.778366	-7	-3.70129	-3.346022	-5.048886	-9.277937	-9.071876
47.22	6.770178	6.968522	-6.507377	-7	-3.708379	-3.559586	-2.432562	-8.94206	-10.15209
47.24	5.915781	6.080756	-10.26216	-7	-3.807423	-3.71558	1.15954	-3.201602	-10.79062
47.26	5.687289	6.080756	-10.68771	-7	-3.560862	-3.431232	9.841305	0.8747337	-6.620821
47.28	6.202577	6.422206	-7.423615	-7	-3.264089	-3.471264	16.91717	-0.3924422	-5.747077
47.3	6.793476	6.695365	-4.053878	-7	-3.128055	-3.681286	12.78726	3.256413	-9.24134
47.32	7.910594	7.583131	1.400648	-7	-3.21091	-3.822128	-1.811585	10.05031	-13.52628
47.34	6.180317	6.080756	-7.410376	-7	-3.557188	-3.542438	-33.31881	11.36328	-21.08788
47.36	5.961258	6.353915	-8.203337	-7	-3.938649	-3.07296	-28.82032	1.225878	-12.66615
47.38	5.964599	6.627074	-8.101738	-7	-3.894408	-2.918084	-32.70761	-10.01076	-12.33077
47.4	7.139659	7.583131	-2.418529	-7	-4.039792	-3.18556	-33.82566	-24.30084	-12.95706
47.42	5.831863	6.080756	-9.061159	-7	-4.635639	-3.770742	-45.34316	-30.11763	-20.40119
47.44	4.889897	5.124701	-13.04049	-7	-5.574993	-4.609004	-16.17771	-14.86572	-14.09542
47.46	5.854475	6.763654	-8.19355	-7	-4.962787	-4.139863	-11.14948	0.9968708	-9.584997
47.48	5.628624	6.149047	-9.257111	-7	-4.764931	-4.252084	-18.78239	-6.377174	-14.91181
47.5	4.727071	5.124701	-13.15755	-7	-4.976342	-4.413876	-12.14585	-5.171068	-14.12519
47.52	4.341465	4.851542	-14.1554	-7	-4.93794	-4.492638	4.644959	2.447252	-9.726164
47.54	3.674026	3.895488	-16.0881	-7	-4.968132	-5.102962	29.24563	-3.43061	-8.002673
47.56	4.745274	4.783254	-9.520362	-7	-4.546983	-5.390432	50.23094	7.958702	-4.790783
47.58	5.609317	5.466149	-4.764556	-7	-3.809136	-5.105577	32.08524	14.99687	-11.32684
47.6	3.882687	3.963777	-12.80721	-7	-3.392346	-4.011749	-3.108445	25.04267	-17.02079
47.62	3.164294	3.554038	-15.00989	-7	-3.352758	-3.172884	1.216964	14.85946	-8.453374
47.64	4.172326	4.578383	-8.852655	-7	-3.034453	-3.000217	6.190965	-7.903892	-5.512366
47.66	2.947367	2.597983	-13.45229	-7	-3.677163	-4.205343	14.39909	-11.65962	-12.22273
47.68	3.037013	3.554038	-11.9484	-7	-3.045295	-3.140007	7.531384	18.53885	-6.998306
47.7	2.74437	3.280881	-12.35059	-7	-2.543721	-2.452421	-6.371651	2.218245	-8.281583
47.72	2.529157	2.871142	-12.09309	-7	-2.552901	-2.34926	-6.938126	9.775496	-7.683321
47.74	2.259899	2.597983	-12.12693	-7	-2.579449	-2.362241	-7.421456	3.897634	-7.848273
47.76	1.553562	2.256536	-14.44527	-7	-2.23331	-1.702622	-18.61234	11.01214	-7.684749
47.78	1.518669	1.915086	-12.99049	-7	-2.443917	-1.989918	-5.288427	6.157176	-4.808559
47.8	1.163051	1.641927	-13.35787	-7	-2.298472	-2.013419	-5.527178	5.821298	-5.985929
47.82	0.9444473	1.300479	-12.91519	-7	-2.295962	-2.114494	0.1755557	9.424351	-5.164199
47.84	0.3749101	0.9590311	-14.33222	-7	-1.940319	-1.673684	-5.437881	8.004505	-5.194113
47.86	0.2941095	0.6858721	-13.04794	-7	-1.89645	-1.70688	2.801535	6.615191	-3.058889
47.88	0.1244972	0.4127131	-12.30146	-7	-1.796006	-1.831869	5.612462	8.325114	-3.869909
47.9	-0.6190786	-0.06531429	-14.50549	-7	-1.377105	-1.229982	-3.76554	11.9587	-4.198475
47.92	-0.5320683	-0.3384733	-12.16465	-7	-1.520425	-1.531041	11.3505	8.096107	-1.129718
47.94	-0.8033458	-0.6799221	-11.84247	-7	-1.441119	-1.764565	13.67344	6.080841	-3.041839
47.96	-1.251076	-1.431108	-12.16117	-7	-1.695803	-2.302305	26.48329	4.660993	-2.845821
47.98	-0.3522341	-0.3384733	-6.369143	-7	-1.296555	-2.035595	24.19949	9.729694	-1.794701
48	-0.8569696	-1.02137	-7.819304	-7	-1.211501	-1.923827	5.41426	5.225878	-8.004014
48.02	-1.310457	-1.635977	-8.667099	-7	-1.720543	-2.212702	10.03364	4.111374	-6.645831
48.04	-0.8227284	-0.6799221	-5.442419	-7	-1.472365	-1.711447	-0.9640142	0.7373287	-5.700767
48.06	-1.232357	-1.362819	-6.659584	-7	-1.817728	-1.985901	-9.167631	-11.93443	-9.517159
48.08	-2.350171	-2.045715	-11.33942	-7	-1.920586	-1.578224	-17.46588	-7.094731	-8.615141
48.1	-3.050629	-2.728612	-13.35982	-7	-2.215743	-1.77954	0.9943893	-6.23977	-3.318714
48.12	-2.384837	-2.045715	-8.78655	-7	-1.990502	-1.971505	16.41232	-15.88862	-0.2229786
48.14	-2.816286	-2.728612	-9.820047	-7	-1.800719	-2.194937	14.71728	-5.781755	-4.543263
48.16	-3.547084	-3.411509	-12.07163	-7	-1.647599	-1.980103	18.36452	7.454886	-2.90762
48.18	-4.377501	-4.094406	-14.49555	-7	-1.30525	-1.62662	26.62691	13.74496	0.429821
48.2	-3.332986	-3.411509	-7.509006	-7	-1.04573	-1.904102	47.64973	2.859466	4.475799
48.22	-3.168678	-3.821247	-5.278157	-7	-1.017946	-2.627157	48.36649	9.393817	-2.230539
48.24	-3.928155	-4.504144	-7.741179	-7	-0.9534689	-2.458863	40.02507	18.87473	-4.405037
48.26	-4.861224	-5.050462	-10.87164	-7	-0.665841	-1.728685	35.58187	18.11137	-1.323939
48.28	-3.875402	-4.435854	-4.277536	-7	-0.7362834	-2.102425	54.61477	-2.957327	3.016477
48.3	-4.755745	-5.118752	-7.557915	-7	-0.2846213	-1.723489	33.60859	-2.819923	-3.662441
48.32	-5.633345	-5.801648	-10.34437	-7	-0.08914301	-1.004821	31.10039	9.119009	0.3177633
48.34	-5.332574	-5.050462	-7.49439	-7	0.6879977	0.1163561	22.1399	6.447253	4.272645
48.36	-5.106718	-5.801648	-4.610725	-7	0.1628022	-0.9715304	37.62278	1.363283	1.894729
48.38	-6.002904	-6.416255	-7.699011	-7	0.2049041	-0.9400736	30.42735	7.012138	-0.9441624
48.4	-5.656952	-5.733358	-4.756313	-7	0.600113	-0.2052529	25.66214	13.43962	2.981555
48.42	-4.892452	-5.050462	-0.2126793	-7	0.9184877	0.1825613	8.719254	2.172444	0.1907063
48.44	-5.729032	-6.143096	-3.586502	-7	0.4838191	-0.01188694	-6.371376	4.67626	-5.181212
48.46	-5.723249	-5.460199	-3.070943	-7	0.5963219	0.8769873	-22.10007	0.9816036	-1.916912
48.48	-6.656845	-6.484545	-6.90977	-7	0.1765329	0.726344	-24.51413	-7.598548	-2.789001
48.5	-7.449196	-7.50889	-9.391786	-7	-0.6350465	-0.2913733	5.827104	-13.84282	1.499802
48.52	-7.765966	-7.235731	-9.842136	-7	-0.1232081	0.04004022	15.33827	-5.934427	5.14031
48.54	-6.485617	-6.825994	-2.097171	-7	-0.2742313	-1.046396	46.14989	1.149543	6.982241
48.56	-7.457479	-7.782049	-6.090905	-7	0.0895732	-1.110795	33.92493	11.57702	-0.7727385
48.58	-7.229069	-7.4406	-3.880508	-7	0.4118511	-0.5436981	37.35891	26.08084	4.244179
48.6	-7.298921	-7.099152	-3.637725	-7	1.30691	0.6584409	12.82516	3.821298	2.510847
48.62	-6.725418	-6.825994	-0.06273347	-7	1.437326	1.027151	3.5477	9.348015	2.59107
48.64	-8.028755	-7.850338	-5.942086	-7	1.555421	1.654828	-20.78903	-1.033664	-1.526633
48.66	-8.067913	-7.850338	-5.012248	-7	1.268515	1.762554	-9.521476	2.264046	4.978466
48.68	-5.749836	-6.143096	7.075739	-7	0.7927663	0.5336808	7.33646	-8.23977	4.417013
48.7	-7.304863	-7.577179	-0.9327806	-7	0.5660657	0.348619	-28.8699	5.317482	-9.597383
48.72	-7.578425	-7.577179	-1.940866	-7	-0.0647438	0.5038439	-20.3627	5.256413	-1.702025
48.74	-7.961257	-7.50889	-3.734821	-7	-0.01854756	0.7305378	-23.18435	-13.40007	-0.746417
48.76	-7.115261	-7.4406	1.018566	-7	-0.8459648	-0.7251192	8.596104	-12.54511	1.397253
48.78	-5.475169	-5.733358	8.477649	-7	-0.7536529	-1.151607	-0.3072729	-8.606181	-3.810879
48.8	-7.156969	-7.235731	-0.7850633	-7	-0.8864942	-0.7685139	-35.5582	1.912902	-13.11303
48.82	-7.201487	-7.099152	-1.110657	-7	-1.497155	-0.7152773	-19.92115	-13.2474	-3.850242
48.84	-6.242671	-5.801648	2.911522	-7	-1.266988	-0.5499266	-24.44011	-21.73595	-3.626015
48.86	-7.400027	-7.4406	-3.146835	-7	-1.889428	-1.361153	-21.54272	-18.36191	-8.579223
48.88	-6.026414	-5.801648	3.204005	-7	-1.942667	-1.410597	-7.409173	-11.18633	-2.106587
48.9	-7.360656	-7.167441	-4.019445	-7	-1.959613	-1.57422	-19.79937	-15.61382	-9.389673
48.92	-7.571133	-7.167441	-5.015155	-7	-1.983414	-1.323068	-2.980337	3.760229	-1.520885
48.94	-8.296624	-8.123497	-8.080794	-7	-2.035104	-1.903605	21.22296	-11.2016	0.2257099
48.96	-8.979118	-8.123497	-10.94331	-7	-0.8424895	-0.6944676	22.87924	11.10374	4.838058
48.98	-6.713225	-6.416255	0.9602292	-7	0.02557884	-0.4202686	38.85248	13.10374	9.79974
49	-7.679041	-7.782049	-3.597022	-7	0.5763633	-0.2481058	11.15775	30.90527	-2.540321
49.02	-8.258232	-8.806395	-5.202593	-7	-0.01076031	-0.7252857	33.15114	27.63809	2.607121
49.04	-8.628774	-8.464945	-6.198368	-7	0.6901911	0.08106971	29.26147	5.500687	5.134408
49.06	-8.247473	-8.464945	-3.139536	-7	0.9292243	0.05718477	40.20835	12.64572	7.298602
49.08	-7.014232	-7.099152	3.329977	-7	1.720894	0.7703288	21.1435	2.508322	4.796762
49.1	-7.884717	-8.191787	-0.6917331	-7	1.735218	1.137137	-7.16241	18.11137	-2.491336
49.12	-7.883509	-8.123497	-0.06494129	-7	1.288673	1.226179	-6.078676	13.8213	1.466883
49.14	-8.368356	-8.123497	-2.223509	-7	1.398366	1.727081	-20.97953	5.241146	0.5573263
49.16	-7.96185	-8.123497	0.4094002	-7	0.7883825	1.03181	-5.761754	-18.20924	2.864254
49.18	-8.445361	-8.123497	-1.972007	-7	1.00738	1.399928	-21.22174	-2.148167	-0.1122093
49.2	-7.985005	-8.123497	0.7770713	-7	0.4326638	0.7027361	-4.38565	-9.384808	2.470338
49.22	-8.688185	-8.055207	-2.971858	-7	1.033205	1.660683	-29.87715	2.951069	-0.608305
49.24	-7.884714	-8.123497	1.606075	-7	0.1870002	0.5253037	-0.6244144	-4.529847	3.560205
49.26	-8.722577	-8.191787	-2.877571	-7	0.7405557	1.226658	-25.32173	0.05030605	-1.504541
49.28	-8.027678	-8.123497	1.023313	-7	0.1455633	0.51228	-1.239514	-1.781755	3.48269
49.3	-8.515778	-8.123497	-1.654237	-7	0.5522933	0.9216741	-18.15403	0.09610759	-0.7371511
49.32	-7.972751	-8.123497	1.346399	-7	0.04156139	0.2439244	0.597683	-1.354274	2.243874
49.34	-8.494086	-8.191787	-1.494415	-7	0.3795488	0.6454121	-14.24179	0.05030605	-1.060349
49.36	-8.020378	-8.191787	1.139595	-7	-0.08317931	0.02830487	4.280058	-0.1023657	2.109168
49.38	-8.403511	-8.123497	-1.035504	-7	0.3148196	0.4827029	-10.0514	-2.850457	-0.726572
49.4	-7.969613	-8.123497	1.314656	-7	-0.03823382	0.01206881	4.192277	-0.1329001	1.727927
49.42	-8.2829	-8.191787	-0.422672	-7	0.1435246	0.161736	-4.191569	-1.461144	-0.8338242
49.44	-8.113157	-8.123497	0.4683724	-7	0.05979788	0.1247275	1.024134	1.531222	1.103667
49.46	-8.11484	-8.191787	0.4509028	-7	-0.002390087	-0.07733972	3.053985	-1.964961	0.1957769
49.48	-8.142196	-8.123497	0.2374984	-7	0.08738393	0.0494903	1.106969	-1.277938	0.2537727
49.5	-8.020961	-8.055207	0.8027425	-7	0.08889535	0.04046991	2.053139	-0.4840448	0.5464544
49.52	-8.107508	-8.123497	0.300306	-7	0.1169655	0.07808154	-0.03859681	-0.2855719	-0.0646019
49.54	-8.066057	-8.055207	0.4593159	-7	0.140978	0.1546579	-0.2303481	0.1571763	0.4991283
49.56	-8.084307	-8.123497	0.355734	-7	0.09679703	0.0776889	0.9678242	0.0655728	0.3505859
49.58	-8.103942	-8.123497	0.2399472	-7	0.0977868	0.06891625	1.725428	-0.1176329	0.49895
49.6	-8.134219	-8.123497	0.07234213	-7	0.1464902	0.1252702	1.662538	0.1419087	0.6935854
49.62	-8.15834	-8.191787	0.001082405	-7	0.1380047	0.0793846	3.922419	-0.02602985	0.9740152
49.64	-8.095905	-8.123497	0.3370105	-7	0.1912534	0.08919898	4.987748	-0.04129703	1.183334
49.66	-8.083418	-8.123497	0.4062383	-7	0.2516523	0.1247959	4.306881	0.08084041	0.9277048
49.68	-8.02035	-8.123497	0.7552234	-7	0.2305296	0.06634849	5.557951	0.03503887	0.9283504
49.7	-8.056404	-8.123497	0.5584888	-7	0.2726563	0.1204802	3.781835	-0.1023657	0.5857887
49.72	-8.028014	-8.123497	0.7207404	-7	0.249103	0.1048708	4.565825	0.08084041	0.8336735
49.74	-7.953284	-8.055207	1.071644	-7	0.2428779	0.07948711	4.47351	-0.01076267	0.6878252
49.76	-8.066829	-8.123497	0.45942	-7	0.2727817	0.1575898	1.929436	-0.01076267	0.2905235
49.78	-8.056864	-8.123497	0.5318865	-7	0.2423939	0.1572963	3.520403	0.09610759	0.9782972
49.8	-7.984017	-8.055207	0.8815721	-7	0.2479149	0.1272098	4.158944	-0.08709857	0.9595261
49.82	-8.138734	-8.191787	0.1075229	-7	0.2665431	0.1582665	3.105107	-0.01076267	0.6045856
49.84	-8.145013	-8.191787	0.1462672	-7	0.2739133	0.1758702	5.612784	0.09610759	1.539379
49.86	-8.031163	-8.123497	0.7695409	-7	0.2927902	0.1058738	7.968132	0.09610759	1.651752
49.88	-8.067111	-8.123497	0.5756318	-7	0.3963167	0.2048382	5.314507	0.1113748	1.073833
49.9	-7.985258	-8.123497	1.037493	-7	0.3591848	0.1488722	7.060473	0.8441989	1.355515
49.92	-7.926419	-8.123497	1.352214	-7	0.2932194	0.008510999	8.352694	-0.4382437	0.8856153
49.94	-8.069897	-8.123497	0.5635138	-7	0.4066161	0.2216022	3.414006	0.03503887	0.5289459
49.96	-7.919373	-8.055207	1.34617	-7	0.3428547	0.1708751	6.161	0.2945805	1.423079
49.98	-7.97217	-8.123497	1.057735	-7	0.306327	0.08407289	5.609805	-0.2703047	0.5702276
50	-8.001541	-8.055207	0.8484954	-7	0.3729926	0.2355306	3.315501	0.09610759	0.8773661
50.02	-8.009511	-8.123497	0.8279591	-7	0.3194664	0.1751533	5.095603	0.2487794	1.129515
50.04	-8.010765	-8.123497	0.8305171	-7	0.303464	0.1240834	6.468007	-0.1939688	1.198956
50.06	-8.064924	-8.123497	0.5459224	-7	0.3733489	0.2114922	5.516562	0.08084041	1.263544
50.08	-8.01709	-8.123497	0.8278331	-7	0.3735621	0.1851831	7.509147	0.1877107	1.672902
50.1	-7.967575	-8.123497	1.106964	-7	0.3603624	0.09670229	9.086045	-0.04129703	1.459801
50.12	-8.014717	-8.123497	0.8568235	-7	0.4290739	0.1786657	7.313099	0.2945805	1.215972
50.14	-7.957604	-8.123497	1.184431	-7	0.4015546	0.1340689	9.097358	0.03503887	1.554237
50.16	-7.971307	-8.123497	1.115575	-7	0.4242197	0.1390451	8.44668	-0.07183139	1.248723
50.18	-7.960278	-8.123497	1.184782	-7	0.42228	0.1395375	8.771018	0.05030605	1.366123
50.2	-7.934511	-8.123497	1.32897	-7	0.3992075	0.0899666	9.647383	0.05030605	1.33257
50.22	-7.962686	-8.123497	1.175258	-7	0.4237695	0.1233156	8.798996	-0.05656421	1.206391
50.24	-7.942338	-8.123497	1.290617	-7	0.4097734	0.106262	9.674228	0.05030605	1.414002
50.26	-7.937669	-8.123497	1.315163	-7	0.4081503	0.0855951	9.986027	0.03503887	1.330928
50.28	-7.942479	-8.123497	1.288063	-7	0.4178674	0.09357336	10.0011	-0.02602985	1.344173
50.3	-8.017572	-8.191787	0.9364496	-7	0.4265298	0.1084467	10.25383	0.00450451	1.418866
50.32	-7.951527	-8.123497	1.296411	-7	0.4533679	0.1232862	11.51847	0.03503887	1.894709
50.34	-8.008578	-8.191787	1.040442	-7	0.4840405	0.128095	11.26225	-0.01076267	1.586626
50.36	-7.824189	-8.055207	1.985454	-7	0.4773564	0.07859024	13.12303	0.1113748	1.958124
50.38	-7.913767	-8.123497	1.490688	-7	0.5189014	0.1215137	9.850957	0.01977169	0.939394
50.4	-7.955227	-8.191787	1.326122	-7	0.4582358	0.0953646	11.39658	0.00450451	1.470887
50.42	-7.930299	-8.123497	1.4536	-7	0.4855424	0.1227452	11.5828	-0.04129703	1.701229
50.44	-7.903372	-8.123497	1.594102	-7	0.4871898	0.1009496	11.9848	0.01977169	1.620274
50.46	-7.998317	-8.191787	1.128129	-7	0.5164244	0.1485757	11.11379	-0.05656421	1.504182
50.48	-7.997081	-8.191787	1.190171	-7	0.5289872	0.16783	12.60433	-0.01076267	2.092558
50.5	-7.98478	-8.191787	1.304657	-7	0.5593123	0.1591887	13.52232	0.08084041	2.13862
50.52	-7.955336	-8.191787	1.506875	-7	0.5772379	0.13647	14.41143	0.1724435	2.121272
50.54	-7.868558	-8.123497	1.958908	-7	0.6023672	0.1310233	14.33159	-0.1176329	1.986382
50.56	-7.872118	-8.123497	1.921301	-7	0.6283901	0.1708997	12.2645	0.08084041	1.516212
50.58	-7.921308	-8.191787	1.696704	-7	0.5834814	0.1521946	12.33996	0.08084041	1.54249
50.6	-7.951644	-8.191787	1.565631	-7	0.5741342	0.1617729	12.71715	0.03503887	1.80197
50.62	-7.965424	-8.191787	1.520988	-7	0.5881903	0.1769174	13.16559	0.01977169	1.999991
50.64	-7.893647	-8.123497	1.885609	-7	0.6169624	0.1913854	13.40655	0.01977169	2.12541
50.66	-7.866234	-8.123497	2.010521	-7	0.6197786	0.1741679	12.86087	0.00450451	1.768775
50.68	-7.881835	-8.123497	1.905277	-7	0.6276473	0.2085423	11.65765	0.05030605	1.63264
50.7	-7.787541	-8.055207	2.346661	-7	0.5919206	0.1718097	12.148	0.00450451	1.745496
50.72	-7.790191	-8.055207	2.258195	-7	0.5663267	0.1478896	10.80157	0.05030605	1.22132
50.74	-7.873741	-8.123497	1.792999	-7	0.5199447	0.1409941	10.58017	0.05030605	1.252938
50.76	-7.844475	-8.055207	1.889623	-7	0.5204304	0.1674315	11.18031	-0.01076267	1.756341
50.78	-7.911066	-8.123497	1.527315	-7	0.5207407	0.1579536	11.50781	0.00450451	1.674219
50.8	-7.9328	-8.123497	1.416333	-7	0.5516603	0.1929697	12.52166	0.05030605	2.132503
50.82	-7.913017	-8.123497	1.53587	-7	0.5819719	0.1842907	14.0204	0.03503887	2.361466
50.84	-7.869813	-8.123497	1.78115	-7	0.5958614	0.1347375	15.59467	0.1419087	2.342784
50.86	-7.84057	-8.123497	1.945398	-7	0.6095675	0.09765156	16.32815	0.1877107	2.163079
50.88	-7.859931	-8.123497	1.846692	-7	0.6585633	0.1513813	15.36464	-0.04129703	2.045239
50.9	-7.784934	-8.055207	2.215941	-7	0.690122	0.1931876	15.01805	0.05030605	2.210732
50.92	-7.813538	-8.123497	2.079168	-7	0.6617692	0.1479238	14.86386	0.00450451	1.823916
50.94	-7.84893	-8.123497	1.902482	-7	0.669085	0.1848383	14.4688	-0.05656421	1.980556
50.96	-7.862695	-8.123497	1.846381	-7	0.6840076	0.2154211	14.61111	0.03503887	2.212914
50.98	-7.854158	-8.123497	1.911741	-7	0.6931458	0.2134101	15.21096	0.0655728	2.334587
51	-7.852176	-8.123497	1.939322	-7	0.712468	0.2203523	15.34542	0.01977169	2.325968
51.02	-7.830554	-8.123497	2.072586	-7	0.7115755	0.199322	16.00803	0.1113748	2.355131
51.04	-7.82638	-8.123497	2.106158	-7	0.7195584	0.1932486	16.03256	0.03503887	2.258223
51.06	-7.810305	-8.123497	2.202408	-7	0.7109406	0.171441	16.50512	0.0655728	2.261888
51.08	-7.78278	-8.123497	2.353951	-7	0.6822037	0.1123356	17.42488	0.1266419	2.18979
51.1	-7.796444	-8.123497	2.274683	-7	0.6863037	0.1124686	17.07242	0.05030605	2.044522
51.12	-7.864798	-8.191787	1.955314	-7	0.6747591	0.1078419	17.61215	0.03503887	2.154266
51.14	-7.81893	-8.123497	2.199266	-7	0.7086556	0.1414225	18.31631	0.05030605	2.574401
51.16	-7.834615	-8.123497	2.113873	-7	0.7728999	0.2096034	16.99205	0.0655728	2.381211
51.18	-7.715073	-8.055207	2.718258	-7	0.7644219	0.181911	17.81111	0.03503887	2.53241
51.2	-7.783371	-8.123497	2.352056	-7	0.7613983	0.1764376	16.16485	-0.01076267	1.867656
51.22	-7.765563	-8.123497	2.456387	-7	0.7071325	0.1328207	17.62025	0.05030605	2.258575
51.24	-7.784536	-8.123497	2.349229	-7	0.7023468	0.1167774	17.70442	0.01977169	2.159499
51.26	-7.804448	-8.123497	2.240047	-7	0.7207646	0.1478679	17.64381	0.08084041	2.306225
51.28	-7.783072	-8.123497	2.358708	-7	0.7151784	0.1235248	18.75751	0.1113748	2.476808
51.3	-7.756776	-8.055207	2.450291	-7	0.7855409	0.2074692	17.20975	0.09610759	2.4004
51.32	-7.773493	-8.123497	2.377742	-7	0.7594231	0.1729781	17.75662	0.1419087	2.327411
51.34	-7.804675	-8.123497	2.222703	-7	0.7783352	0.2052849	17.54462	-0.1023657	2.434612
51.36	-7.880767	-8.191787	1.882612	-7	0.7933332	0.2291939	18.10637	0.05030605	2.658563
51.38	-7.72936	-8.123497	2.714269	-7	0.7412931	0.08828963	22.28274	0.7831302	3.139252
51.4	-7.772297	-8.123497	2.469624	-7	0.8175321	0.1335848	19.83471	5.531221	2.298844
51.42	-7.803311	-8.123497	2.31287	-7	0.8783625	0.2641688	18.23128	2.370916	2.601791
51.44	-7.814121	-8.123497	2.279457	-7	0.9193267	0.3429293	17.45901	4.141909	2.824884
51.46	-7.910389	-8.191787	1.843345	-7	0.9668827	0.4297907	16.44288	-0.7283199	2.918319
51.48	-7.899378	-8.123497	1.944207	-7	1.067282	0.5874091	15.34898	0.4167184	3.496802
51.5	-7.814664	-8.191787	2.498256	-7	0.9733815	0.3917011	19.33168	0.1724435	3.497105
51.52	-7.876107	-8.191787	2.223107	-7	1.026309	0.4269276	17.63957	-0.3466406	2.956351
51.54	-7.815955	-8.123497	2.561051	-7	1.064754	0.4987142	17.17508	1.332749	3.322599
51.56	-7.889237	-8.191787	2.229483	-7	1.09018	0.5458456	15.57116	3.806031	2.993216
51.58	-7.785446	-8.123497	2.802851	-7	1.056268	0.5061061	17.03798	-0.377175	3.401105
51.6	-7.890733	-8.123497	2.232864	-7	1.163988	0.6835538	12.17798	0.2487794	2.787858
51.62	-7.809563	-8.191787	2.746389	-7	1.006287	0.4887629	16.96696	0.5999241	3.425552
51.64	-7.716767	-8.055207	3.169063	-7	1.009537	0.4399543	16.21627	1.302214	2.882896
51.66	-7.818923	-8.123497	2.595938	-7	1.022747	0.5066419	13.3507	1.928168	2.374032
51.68	-7.872914	-8.123497	2.303315	-7	1.03738	0.6117722	12.55568	0.2640465	2.972001
51.7	-7.848528	-8.123497	2.441584	-7	1.010485	0.5745595	14.21448	-0.209236	3.327351
51.72	-7.871371	-8.123497	2.317069	-7	1.041188	0.5938472	13.94683	0.00450451	3.227458
51.74	-7.849757	-8.123497	2.440137	-7	1.043536	0.5810677	14.96011	0.1419087	3.424302
51.76	-7.871166	-8.123497	2.329128	-7	1.089056	0.6265835	14.30409	0.05030605	3.351337
51.78	-7.856552	-8.123497	2.422367	-7	1.106088	0.642319	14.74859	-0.02602985	3.537463
51.8	-7.859277	-8.123497	2.421542	-7	1.13508	0.6665324	14.48338	0.01977169	3.498401
51.82	-7.847825	-8.123497	2.500367	-7	1.146786	0.673967	14.66862	0.01977169	3.556334
51.84	-7.817458	-8.123497	2.677903	-7	1.129787	0.6296036	15.49124	0.1113748	3.520168
51.86	-7.799104	-8.123497	2.780655	-7	1.109457	0.5811622	15.9931	0.03503887	3.3592
51.88	-7.82947	-8.123497	2.615415	-7	1.13168	0.6206397	15.02997	0.01977169	3.265781
51.9	-7.823582	-8.123497	2.653541	-7	1.128627	0.6285895	15.41195	-0.01076267	3.475747
51.92	-7.835241	-8.123497	2.595291	-7	1.145817	0.6485736	15.17193	0.05030605	3.472644
51.94	-7.812305	-8.123497	2.726468	-7	1.133783	0.6210935	16.06265	0.03503887	3.58079
51.96	-7.822102	-8.123497	2.675358	-7	1.149994	0.6302736	15.80131	0.05030605	3.478218
51.98	-7.822348	-8.123497	2.679811	-7	1.16139	0.6460494	15.8775	0.01977169	3.574941
52	-7.815337	-8.123497	2.724386	-7	1.166901	0.6442847	16.16177	0.1113748	3.6154
52.02	-7.807147	-8.123497	2.774083	-7	1.169357	0.6351426	16.45798	-0.01076267	3.61056
52.04	-7.793067	-8.123497	2.853487	-7	1.162625	0.6117936	16.95612	-0.01076267	3.596281
52.06	-7.797443	-8.123497	2.830042	-7	1.170475	0.6149242	16.8661	0.05030605	3.54365
52.08	-7.714713	-8.055207	3.226142	-7	1.169755	0.6021236	17.14723	-0.02602985	3.604026
52.1	-7.76566	-8.123497	2.950299	-7	1.145288	0.567342	16.62781	0.00450451	3.165392
52.12	-7.802158	-8.123497	2.755499	-7	1.150229	0.6073332	16.55292	0.03503887	3.465549
52.14	-7.804063	-8.123497	2.752248	-7	1.156184	0.6123777	17.32042	0.05030605	3.720964
52.16	-7.739231	-8.055207	3.057801	-7	1.190079	0.632285	17.33078	-0.05656421	3.787294
52.18	-7.779394	-8.123497	2.853474	-7	1.183552	0.610033	17.18695	-0.02602985	3.483278
52.2	-7.774599	-8.123497	2.892792	-7	1.169718	0.5908715	18.2669	0.03503887	3.737955
52.22	-7.767463	-8.123497	2.938938	-7	1.170045	0.5644289	19.04708	0.01977169	3.746025
52.24	-7.780972	-8.123497	2.872401	-7	1.200583	0.5914903	18.86633	0.01977169	3.749015
52.26	-7.761146	-8.123497	2.991214	-7	1.20648	0.5831603	19.61605	0.03503887	3.881474
52.28	-7.747036	-8.123497	3.075423	-7	1.212232	0.5645891	20.01611	0.03503887	3.807151
52.3	-7.74325	-8.123497	3.101934	-7	1.221929	0.5648327	20.04615	0.0655728	3.758967
52.32	-7.694042	-8.055207	3.323288	-7	1.261527	0.6187724	19.03513	0.67626	3.768085
52.34	-7.634183	-8.055207	3.608266	-7	1.215044	0.5475188	19.47611	2.218245	3.531264
52.36	-7.80233	-8.123497	2.710072	-7	1.274534	0.6884618	15.85268	1.577024	3.178502
52.38	-7.77731	-8.123497	2.882287	-7	1.236768	0.6840026	18.38438	1.531222	4.183811
52.4	-7.842041	-8.123497	2.557312	-7	1.319741	0.7734492	17.05252	1.653359	4.070593
52.42	-7.790694	-8.123497	2.87575	-7	1.322134	0.7531208	19.04107	0.7220619	4.525499
52.44	-7.797444	-8.123497	2.868961	-7	1.37186	0.7750297	18.53926	0.5999241	4.270786
52.46	-7.757058	-8.123497	3.120142	-7	1.368847	0.7482779	19.46917	0.2335122	4.35299
52.48	-7.812624	-8.191787	2.894067	-7	1.362308	0.7190005	19.74448	-0.3008391	4.130549
52.5	-7.798923	-8.123497	2.986012	-7	1.43088	0.821059	18.83445	0.05030605	4.446697
52.52	-7.721008	-8.123497	3.429358	-7	1.397719	0.7432347	20.30035	0.2487794	4.417919
52.54	-7.723488	-8.123497	3.419917	-7	1.396149	0.7233799	19.41707	-0.1481673	3.955823
52.56	-7.771512	-8.123497	3.166567	-7	1.428654	0.8132046	17.5397	0.00450451	3.962453
52.58	-7.815231	-8.191787	2.997825	-7	1.389168	0.7870845	18.72028	0.1724435	4.254538
52.6	-7.742304	-8.123497	3.392921	-7	1.378951	0.7442856	20.20862	-0.08709857	4.497844
52.62	-7.842608	-8.191787	2.896088	-7	1.423421	0.7950464	18.68414	-0.02602985	4.109527
52.64	-7.796062	-8.191787	3.202229	-7	1.389458	0.7426111	21.39621	0.1266419	4.721587
52.66	-7.822331	-8.191787	3.095972	-7	1.438629	0.7653924	20.87867	-0.04129703	4.47147
52.68	-7.728768	-8.123497	3.590181	-7	1.460041	0.7724535	21.40044	0.4319855	4.669699
52.7	-7.671355	-8.123497	3.881557	-7	1.428873	0.693337	21.4987	3.424351	4.16419
52.72	-7.792391	-8.123497	3.206646	-7	1.528741	0.8977334	16.57927	2.126642	3.817052
52.74	-7.877004	-8.191787	2.817786	-7	1.539977	1.00861	16.22794	2.56939	4.554511
52.76	-7.951911	-8.191787	2.486124	-7	1.627136	1.156766	15.20161	-0.3619078	5.055732
52.78	-7.824806	-8.123497	3.203636	-7	1.641651	1.134514	17.30872	0.67626	5.553601
52.8	-7.714697	-8.123497	3.806908	-7	1.579169	0.9530371	19.07895	0.01977169	4.855243
52.82	-7.750382	-8.123497	3.599037	-7	1.589398	0.9697788	16.76147	0.2945805	4.183525
52.84	-7.763951	-8.123497	3.519767	-7	1.567941	1.001745	16.10296	2.416718	4.377035
52.86	-7.807195	-8.055207	3.232772	-7	1.661944	1.198485	12.30805	0.3709164	4.448193
52.88	-7.83347	-8.191787	3.167099	-7	1.543403	1.061452	15.48657	0.4167184	4.760821
52.9	-7.791668	-8.123497	3.385878	-7	1.527544	1.00096	16.97939	-0.3008391	4.872218
52.92	-7.844613	-8.123497	3.089379	-7	1.597839	1.089844	15.20559	0.2945805	4.679354
52.94	-7.749156	-8.123497	3.610254	-7	1.530405	0.972632	18.42776	0.2640465	5.061268
52.96	-7.790796	-8.123497	3.368466	-7	1.571219	0.9941907	16.95417	-0.1939688	4.527269
52.98	-7.829672	-8.123497	3.159138	-7	1.624461	1.104298	15.7683	0.05030605	4.821015
53	-7.828061	-8.191787	3.231177	-7	1.570591	1.013257	18.47578	0.09610759	5.107718
53.02	-7.760832	-8.123497	3.584629	-7	1.582053	0.971265	19.59448	-0.1176329	5.109208
53.04	-7.768142	-8.123497	3.53233	-7	1.622782	1.002948	18.44012	0.1266419	4.776241
53.06	-7.677991	-8.055207	3.963936	-7	1.625431	1.008104	18.36162	0.0655728	4.863612
53.08	-7.68064	-8.055207	3.894021	-7	1.627151	1.022626	16.52083	-0.07183139	4.372941
53.1	-7.759868	-8.123497	3.472819	-7	1.59395	1.035518	15.9476	-0.01076267	4.398369
53.12	-7.783747	-8.123497	3.353051	-7	1.575991	1.040212	16.92741	0.09610759	4.856719
53.14	-7.808378	-8.123497	3.228246	-7	1.604576	1.067163	17.2699	-0.07183139	5.038562
53.16	-7.800873	-8.123497	3.283566	-7	1.632397	1.079322	18.10268	0.0655728	5.254844
53.18	-7.744503	-8.123497	3.601824	-7	1.616506	1.001058	20.07711	0.1113748	5.281866
53.2	-7.757003	-8.123497	3.537278	-7	1.653203	1.015093	19.48312	1.195344	4.996374
53.22	-7.855712	-8.191787	3.069029	-7	1.702226	1.101331	18.60621	1.638092	5.117281
53.24	-7.772591	-8.123497	3.539896	-7	1.728976	1.122075	20.106	2.890001	5.730315
53.26	-7.815325	-8.191787	3.374198	-7	1.749082	1.101926	19.97304	0.386184	5.302855
53.28	-7.728467	-8.123497	3.853408	-7	1.757148	1.092187	20.90109	3.836565	5.561335
53.3	-7.796801	-8.123497	3.488719	-7	1.856477	1.239432	17.12222	0.6304584	5.079798
53.32	-7.820871	-8.123497	3.390759	-7	1.906969	1.378011	15.47964	3.088474	5.507573
53.34	-7.830097	-8.123497	3.380864	-7	1.935488	1.444915	14.58538	0.4014508	5.658949
53.36	-7.835793	-8.123497	3.390507	-7	1.95321	1.484896	13.95164	0.1419087	5.713914
53.38	-7.721734	-8.123497	4.038013	-7	1.836568	1.286293	17.4592	0.1419087	5.744038
53.4	-7.781002	-8.123497	3.712259	-7	1.853185	1.295069	15.35363	-0.2397704	5.030163
53.42	-7.800652	-8.123497	3.612305	-7	1.849361	1.34303	15.03406	0.1724435	5.377202
53.44	-7.761425	-8.123497	3.828515	-7	1.79733	1.262763	16.74584	0.0655728	5.507593
53.46	-7.804285	-8.123497	3.588604	-7	1.825262	1.296438	15.67162	-0.1787016	5.289509
53.48	-7.823822	-8.123497	3.487326	-7	1.853016	1.357023	15.40655	0.09610759	5.584158
53.5	-7.764961	-8.123497	3.813019	-7	1.812501	1.270865	17.5948	0.03503887	5.751493
53.52	-7.801364	-8.123497	3.610591	-7	1.854391	1.305834	16.43438	-0.1023657	5.437107
53.54	-7.810279	-8.123497	3.570298	-7	1.882941	1.360877	16.23888	0.1571763	5.701459
53.56	-7.756816	-8.123497	3.869158	-7	1.850375	1.286989	18.02348	-0.01076267	5.802724
53.58	-7.780923	-8.123497	3.736549	-7	1.87903	1.306032	17.14489	-0.1023657	5.514661
53.6	-7.786733	-8.123497	3.711746	-7	1.896581	1.343277	16.98868	0.0655728	5.694676
53.62	-7.761553	-8.123497	3.855899	-7	1.884145	1.312531	17.84921	0.01977169	5.766537
53.64	-7.71772	-8.123497	4.091764	-7	1.841688	1.219394	19.32027	0.00450451	5.646148
53.66	-7.80854	-8.191787	3.640737	-7	1.843659	1.216885	18.97279	-0.01076267	5.404284
53.68	-7.750043	-8.123497	3.948645	-7	1.859783	1.237303	20.12393	0.01977169	5.954793
53.7	-7.738801	-8.123497	3.998706	-7	1.886012	1.237501	19.76136	0.03503887	5.68031
53.72	-7.718467	-8.123497	4.10234	-7	1.882773	1.225699	19.98479	0.1724435	5.66087
53.74	-7.720047	-8.123497	4.085836	-7	1.885338	1.227248	19.72508	0.6609928	5.569035
53.76	-7.744705	-8.123497	3.948062	-7	1.909064	1.276329	18.916	3.134276	5.604626
53.78	-7.888853	-8.191787	3.229442	-7	1.98964	1.434671	16.79472	0.3251148	5.785625
53.8	-7.804989	-8.123497	3.711313	-7	2.022662	1.48086	18.55168	0.3251148	6.677558
53.82	-7.703888	-8.123497	4.273078	-7	1.981809	1.330685	20.68822	0.05030605	6.256245
53.84	-7.721812	-8.123497	4.171349	-7	2.002153	1.334596	19.16012	1.821298	5.669394
53.86	-7.796571	-8.055207	3.725494	-7	2.154519	1.632788	13.70419	4.99687	5.78059
53.88	-7.617773	-8.123497	4.731953	-7	1.923369	1.298124	20.65676	0.9968708	6.285764
53.9	-7.811871	-8.123497	3.663927	-7	2.038799	1.456027	14.92174	0.4167184	5.152658
53.92	-7.762155	-8.123497	3.957062	-7	1.987845	1.456754	17.60522	1.088474	6.331963
53.94	-7.77092	-8.123497	3.915412	-7	1.999951	1.428363	17.81431	-1.171068	6.066131
53.96	-6.898028	-7.167441	7.913611	-7	2.227673	1.700256	10.98804	1.225878	6.162846
53.98	-6.636887	-7.167441	8.657163	-7	2.012883	1.489685	-1.593829	-0.2397704	1.334197
54	-8.269255	-8.533236	0.2676444	-7	1.641749	1.637511	-12.11258	-0.3161063	-0.4106731
54.02	-8.400339	-8.464945	-0.01625118	-7	1.310866	1.507988	13.13721	-6.72832	8.670296
54.04	-7.317426	-7.50889	5.401314	-7	1.480998	1.040589	28.55178	-16.11763	9.682557
54.06	-6.72767	-7.50889	8.105524	-7	1.303915	0.1780527	32.08309	5.806031	4.017458
54.08	-7.287199	-7.50889	4.612546	-7	1.781993	1.107059	4.835798	13.8671	0.6657648
54.1	-7.702145	-7.50889	2.155522	-7	2.157401	2.302265	-10.90668	5.59229	4.121825
54.12	-7.307047	-7.577179	4.253278	-7	1.711125	1.738227	5.148302	-9.155801	6.76604
54.14	-8.849206	-8.806395	-3.281839	-7	1.760544	1.794785	2.122285	-4.83519	4.417253
54.16	-8.957745	-8.738104	-3.064903	-7	1.982708	2.065794	25.46843	4.111374	13.3607
54.18	-8.675319	-8.738104	-0.8267835	-7	2.386662	1.769745	43.9627	-1.125267	14.47249
54.2	-8.469411	-8.806395	0.9674178	-7	2.86916	1.699178	50.67915	19.05794	13.25385
54.22	-7.081583	-7.50889	8.112163	-7	3.566535	2.194422	40.83626	25.69916	12.21831
54.24	-6.68095	-7.50889	9.942869	-7	3.613155	2.252713	15.68634	24.55412	4.308673
54.26	-6.686926	-7.50889	9.596706	-7	3.151522	2.337729	-4.116632	21.19534	1.292542
54.28	-8.770572	-8.806395	-0.9755939	-7	2.966991	3.222813	-29.44488	-11.0184	0.4215126
54.3	-7.614487	-7.782049	5.24411	-7	2.302918	2.716054	3.579889	-20.59091	11.81964
54.32	-7.996446	-8.123497	3.166131	-7	2.285834	2.20638	-1.731134	-27.49168	5.087693
54.34	-8.229131	-8.123497	1.948781	-7	2.416663	2.594162	-3.291263	7.42435	7.308182
54.36	-7.045217	-7.167441	7.685202	-7	2.396603	2.371331	3.577476	-6.636716	8.849386
54.38	-7.784084	-7.4406	3.24372	-7	2.952286	3.301625	-31.22285	5.332749	2.243847
54.4	-7.134231	-7.4406	6.528654	-7	2.111968	2.528853	-11.25113	0.5083214	6.644221
54.42	-7.734564	-7.850338	3.184843	-7	1.811621	2.063763	-14.30621	-10.72832	2.573452
54.44	-6.438113	-6.825994	9.312372	-7	1.292734	1.290943	4.549968	-9.995495	5.9826
54.46	-7.369748	-7.099152	3.548921	-7	1.79065	2.092554	-29.54599	-2.102366	-1.298639
54.48	-5.52395	-5.733358	12.03565	-7	1.259392	1.701506	-15.51821	-6.545114	4.4691
54.5	-6.413441	-6.074806	5.973119	-7	1.501681	2.304352	-57.75703	-2.163434	-5.938068
54.52	-7.86648	-7.850338	-1.448759	-7	0.3092576	1.606726	-35.99395	-16.86572	-0.5859528
54.54	-8.087168	-6.825994	-3.067478	-7	1.04663	2.767756	-33.66707	-2.987862	7.573246
54.56	-6.099712	-5.801648	6.641505	-7	0.9189541	1.741435	-3.340429	-33.99549	10.17995
54.58	-7.519474	-7.50889	-0.8443065	-7	0.8267904	1.041835	-11.26144	-5.369541	-0.4808502
54.6	-5.726044	-6.074806	8.018772	-7	0.3925225	0.2843118	21.99826	6.309847	7.833183
54.62	-6.455022	-6.416255	3.39145	-7	0.9586428	0.6982772	-7.832248	17.40908	-2.026679
54.64	-5.458838	-6.484545	8.375671	-7	-0.2315409	-0.8693826	29.08793	-6.193969	2.6333
54.66	-7.036396	-6.552835	-0.6814516	-7	0.9107845	0.8921227	-16.83436	15.51595	-3.313758
54.68	-7.104581	-6.894283	-0.8574693	-7	0.8036343	1.300625	1.553669	-24.02603	6.580683
54.7	-6.883895	-5.733358	-0.3495307	-7	2.227868	3.10917	-25.24456	5.470153	7.351572
54.72	-6.037286	-5.801648	3.904221	-7	2.106668	2.778931	-18.71692	-20.94206	7.14401
54.74	-7.476542	-5.801648	-4.17116	-7	3.646911	5.471449	-80.87183	26.75259	2.20464
54.76	-6.693167	-6.211386	0.5112498	-7	2.618919	4.540808	-45.3231	7.16481	10.95105
54.78	-7.111737	-6.143096	-1.682927	-7	2.834879	4.542466	-57.46384	18.29458	5.81543
54.8	-5.439837	-6.143096	7.395651	-7	1.016778	1.5343	0.6424999	1.851832	8.186348
54.82	-6.739069	-6.416255	0.1459267	-7	1.41129	1.8094	-30.523	20.20298	-2.267243
54.84	-5.765817	-6.484545	5.420324	-7	0.06371731	0.07473767	17.12529	0.5693902	5.346256
54.86	-5.7767	-5.050462	3.994141	-7	1.394657	1.73014	-28.34034	2.35565	-0.5887785
54.88	-5.171709	-5.460199	6.631831	-7	0.6439071	1.030999	-17.46641	-18.2703	0.4270167
54.9	-7.369802	-5.801648	-5.615409	-7	2.042777	3.816918	-79.45067	-1.827557	-3.318624
54.92	-6.637711	-6.143096	-1.260979	-7	1.021054	2.901992	-30.21225	-26.19397	10.04345
54.94	-6.093079	-4.777303	0.7407589	-7	2.041259	3.678206	-51.8581	-12.56038	5.726693
54.96	-6.039942	-6.484545	1.581304	-7	0.4921752	1.180696	-10.67195	-10.60618	3.430567
54.98	-5.430247	-5.460199	4.271376	-7	0.3543967	0.5572146	-2.895589	16.70679	2.353143
55	-4.725927	-5.460199	7.43561	-7	-0.4048797	-0.8849295	13.86841	5.332749	-0.8875484
55.02	-5.547219	-5.460199	2.283997	-7	0.03236589	-0.03411853	-14.28372	0.8136646	-5.069875
55.04	-5.977098	-5.801648	-0.1964147	-7	-0.04799533	0.4265015	-11.21806	-6.056564	0.07031727
55.06	-6.846561	-6.143096	-4.70327	-7	0.45854	1.267	-15.54526	-22.69778	2.843287
55.08	-6.061728	-6.143096	-0.1557236	-7	0.04865737	0.1993688	23.81748	-10.60618	8.470337
55.1	-4.930196	-5.050462	5.212263	-7	0.5212042	-0.07850871	22.65762	-1.21687	4.19955
55.12	-5.065317	-5.118752	3.883195	-7	1.004959	0.5978889	-5.5546	19.66862	-1.832302
55.14	-4.915841	-5.050462	4.241032	-7	0.8345271	0.8980334	-14.5864	12.37092	-1.009318
55.16	-5.633767	-5.118752	0.02599692	-7	1.161808	1.955641	-41.05633	-4.453511	-2.131135
55.18	-5.09937	-5.118752	2.741902	-7	0.3860184	1.180819	-20.70373	-11.32374	2.008153
55.2	-5.835893	-5.460199	-1.306783	-7	0.3888216	1.16774	-29.12571	-11.32374	-1.38095
55.22	-5.208444	-5.460199	2.068516	-7	-0.4445774	-0.1005127	4.38639	1.561756	2.923963
55.24	-5.685338	-5.460199	-0.7236897	-7	-0.1024099	0.03629743	-4.456181	-5.522213	-0.7868967
55.26	-5.590634	-5.39191	-0.3277633	-7	0.04393095	0.2799152	0.8141994	5.790763	2.365213
55.28	-3.576034	-3.684668	9.15486	-7	0.1792065	0.02782359	3.019904	-5.613816	2.151266
55.3	-5.287089	-5.050462	-0.3926446	-7	0.5029873	0.821532	-42.08335	4.172443	-9.125281
55.32	-4.83975	-5.118752	2.041141	-7	-0.6256189	-0.02554643	-8.920009	-0.3924422	0.5106211
55.34	-5.338426	-5.118752	-0.8793014	7	-0.5595137	-0.1591043	-11.00616	-18.75885	-1.953202
55.36	-4.740028	-5.118752	2.195889	7	-1.177707	-1.291097	21.10774	-1.873358	1.755185
55.38	-4.996319	-5.050462	0.4596889	7	-0.8060962	-1.230308	17.87662	-7.415342	-1.003205
55.4	-5.460935	-5.050462	-2.21723	7	-0.004294217	-0.01235533	6.703805	9.332747	1.57586
55.42	-5.075962	-5.050462	-0.09217465	7	0.1618189	0.003597438	21.45455	-3.75122	5.507157
55.44	-5.414541	-5.118752	-1.824699	7	0.9014685	0.7172575	11.27986	8.019771	4.175458
55.46	-4.982349	-5.050462	0.6995243	7	1.060993	0.7410238	22.16161	16.06557	7.080181
55.48	-4.864434	-5.050462	1.47263	7	1.310597	0.7259746	21.40985	10.82893	5.201472
55.5	-4.58709	-5.050462	3.104902	7	1.248604	0.4640808	27.12731	24.70679	5.018565
55.52	-4.781435	-5.050462	2.136317	7	1.509653	0.8049423	18.57111	11.79076	3.723922
55.54	-4.768641	-5.118752	2.393381	7	1.507644	0.8880615	21.38311	11.47015	5.270759
55.56	-5.278141	-5.460199	0.06737423	7	1.702936	1.178214	19.15641	0.5999241	5.546789
55.58	-5.362174	-5.460199	0.06965101	7	1.958935	1.49933	25.24256	0.7831302	8.930348
55.6	-3.736984	-4.094406	8.232714	7	2.24255	1.415908	30.65928	1.561756	9.995539
55.62	-5.177115	-5.733358	1.054653	7	2.180409	1.283538	13.12564	2.24878	1.269255
55.64	-5.370951	-5.733358	0.6682169	7	2.005121	1.470819	30.06725	15.83656	9.497882
55.66	-4.688821	-4.777303	4.179632	7	2.601342	1.925347	29.05613	6.523589	10.98485
55.68	-3.911506	-4.777303	8.230464	7	2.330274	1.101706	37.75421	-6.438243	7.903358
55.7	-4.770191	-5.050462	3.572202	7	2.815908	1.988413	10.01055	16.99687	3.587939
55.72	-4.860435	-5.118752	3.310602	7	2.770812	2.422706	13.95639	11.28695	8.934294
55.74	-5.28419	-5.118752	1.236518	7	3.266068	3.184576	4.556164	-1.369541	9.814201
55.76	-5.029849	-5.460199	3.160223	7	2.8987	2.474533	28.54465	-3.858091	12.91446
55.78	-5.231777	-5.39191	2.394116	7	3.319262	2.675412	26.72167	2.798398	11.72985
55.8	-3.462247	-4.094406	11.31155	7	3.370467	2.327485	37.8699	13.79076	13.53796
55.82	-4.036938	-4.435854	7.760306	7	3.818177	2.937608	1.069716	14.49305	3.8716
55.84	-3.809726	-4.504144	8.7986	7	3.200361	2.741066	6.957401	18.75259	7.431153
55.86	-5.125269	-4.777303	1.656772	7	3.779502	4.095301	-22.81117	1.577024	6.095016
55.88	-3.402749	-3.752957	10.36658	7	3.157243	3.321847	9.001614	-9.277937	14.33104
55.9	-4.172607	-4.026116	5.636174	7	3.638237	3.764813	-21.9402	-11.00313	4.890783
55.92	-3.483171	-4.435854	9.308577	7	2.262886	2.009925	19.75565	4.126642	9.995344
55.94	-3.681137	-3.411509	7.139582	7	3.157143	3.138888	-10.90799	-1.506946	6.060227
55.96	-2.843295	-3.684668	11.0846	7	2.187515	1.825882	17.11658	0.1419087	8.470608
55.98	-4.397876	-4.094406	2.297539	7	2.935033	3.054538	-14.99842	-5.04893	3.990929
56	-3.969199	-4.367564	4.770985	7	2.260059	2.266874	27.01533	-0.5298465	14.06702
56.02	-3.385536	-3.752957	7.409528	7	2.535498	1.764933	38.64862	-10.71305	12.35115
56.04	-3.071942	-4.094406	8.885213	7	2.278259	0.7942701	56.0561	8.813665	10.18769
56.06	-2.334631	-3.001771	11.78669	7	2.882148	1.35331	44.17704	13.62283	9.078698
56.08	-3.506372	-3.752957	5.186165	7	3.573323	2.710157	12.69696	13.59229	5.944803
56.1	-2.495364	-2.660322	9.854352	7	3.86922	3.546926	13.90485	-0.7588544	13.48225
56.12	-1.575106	-2.045715	13.62098	7	3.910551	3.396099	1.771277	-4.056564	8.535351
56.14	-1.446904	-2.796902	13.73372	7	2.631853	1.727281	14.04117	4.416718	3.734059
56.16	-1.660868	-2.045715	11.30958	7	2.717943	2.358074	-6.989077	-0.5298465	2.753035
56.18	-2.92299	-2.728612	4.02363	7	2.894265	3.405266	-23.2429	-10.45351	4.790396
56.2	-2.476245	-2.045715	5.709178	7	3.090535	3.961383	-12.1851	-24.16343	12.98633
56.22	-1.684025	-1.704267	9.08132	7	3.046179	3.351866	-0.7789948	-13.67488	11.70744
56.24	-0.2917355	-0.9530802	15.13555	7	2.607997	2.210238	9.920129	3.729695	8.158618
56.26	-1.209757	-1.704267	9.291946	7	2.420243	2.091897	-8.759236	14.73733	0.8462648
56.28	-0.6413592	-0.9530802	11.1213	7	2.142428	2.207806	-1.137669	6.844199	6.714628
56.3	0.04046853	-0.3384733	13.17417	7	1.989999	1.87656	-3.256351	-14.94206	4.410522
56.32	0.7394071	0.002975464	15.19705	7	1.411647	1.084974	-0.9205151	-9.140532	1.49912
56.34	0.8663656	0.4127131	13.92717	7	1.190666	1.091574	-15.46395	-11.70542	-1.748304
56.36	1.252435	0.6858721	14.10068	7	0.5487525	0.6226966	-13.01478	-14.65198	-1.473919
56.38	1.303899	1.02732	12.36372	7	0.2656187	0.5350887	-19.59929	-24.94206	-2.735566
56.4	0.6792902	0.3444233	7.757194	7	-0.3427749	-0.003619261	-8.743647	-20.59091	-1.762157
56.42	2.198679	1.915086	13.68415	7	-0.4982946	-0.4556443	10.68039	-26.59091	3.035268
56.44	1.659356	1.300479	9.127068	7	-0.4907092	-0.7564259	1.447307	-15.78175	-3.91229
56.46	1.03209	0.6858721	4.890953	7	-0.7617508	-0.9063917	18.01929	2.35565	0.63515
56.48	1.252787	0.9590311	5.182303	7	-0.621317	-1.142829	42.21051	-11.04893	5.67667
56.5	2.137115	1.641927	8.674373	7	-0.1484617	-1.325738	55.26903	0.9205348	6.184379
56.52	2.758352	2.256536	10.47925	7	0.6191596	-0.7612286	41.32134	13.40908	2.834985
56.54	1.895725	1.573638	5.133473	7	1.173703	0.2784358	19.14943	20.73733	0.7217712
56.56	2.389154	2.188245	6.964509	7	1.488346	1.017752	20.41574	10.73733	6.649041
56.58	2.925112	2.871142	8.654952	7	2.049792	1.702313	3.577219	1.76023	4.794438
56.6	2.968439	2.324824	8.313322	7	1.539024	1.089358	7.328788	-0.3008391	2.612625
56.62	3.798319	3.21259	11.53424	7	1.265757	0.7659428	8.264349	12.95107	2.529666
56.64	2.972518	2.597983	6.352558	7	1.123469	0.8636442	-7.047183	2.752596	-1.752996
56.66	3.384691	3.21259	7.579551	7	0.9646797	1.063255	-1.394315	1.286947	3.425605
56.68	3.877755	3.827197	8.866611	7	1.101787	1.20437	-9.54111	-2.896259	1.81602
56.7	3.542277	3.144301	6.374635	7	0.5803156	0.6031848	-4.94816	-12.2245	-0.1566343
56.72	4.301183	3.895488	9.264679	7	0.2272674	0.08798748	7.921376	0.05030605	2.188995
56.74	4.973831	4.578383	11.21123	7	0.1950828	-0.1435281	0.875514	-5.293205	-1.400794
56.76	5.222794	5.19299	10.61378	7	0.4495296	0.588861	-25.66491	-4.377175	-4.420037
56.78	4.228167	4.441804	4.222795	7	0.2946134	1.177625	-42.67336	-3.293205	-4.961466
56.8	5.054748	5.124701	7.382843	7	-0.278632	0.684432	-21.75654	-10.20924	1.387708
56.82	5.496603	5.807599	7.965387	7	-0.1247662	0.6754792	-32.57594	-20.1329	-2.537481
56.84	5.637425	5.466149	7.427928	7	-0.7930308	-0.1508152	-23.87157	-13.0642	-3.978588
56.86	4.344069	4.851542	-0.2847648	7	-0.665311	0.3729495	-33.5294	2.920535	-4.184486
56.88	6.31466	6.695365	8.502522	7	-0.6331765	0.2999827	-11.45399	-7.613815	4.323581
56.9	6.335383	6.422206	7.039474	7	-0.5724005	-0.1323281	-26.95238	-7.674884	-5.61782
56.92	6.314607	6.080756	5.858484	7	-1.243935	-0.7768595	-16.86662	-1.766488	-4.914751
56.94	5.540082	5.739308	0.9350023	7	-1.314417	-0.7025383	-16.1983	10.37092	-4.283381
56.96	6.163948	6.627074	3.093251	7	-0.9819034	-0.2805097	-8.347414	-5.04893	1.109627
56.98	5.96675	6.422206	1.164991	7	-0.5597969	0.03120977	-15.05531	-16.68252	-1.1469
57	6.357783	6.149047	2.828048	7	-1.037033	-0.8936272	10.12439	-17.35427	1.026527
57.02	5.774476	6.149047	-0.8020091	7	-0.3976456	-0.2379423	-1.481045	16.37092	-0.6844807
57.04	6.557168	6.968522	2.589813	7	0.1498453	0.4828645	-1.410254	6.386183	3.650282
57.06	5.608016	5.875888	-2.390764	7	0.3785065	0.6861706	-9.525496	7.790762	0.06372166
57.08	5.820589	5.807599	-0.9351301	7	0.148055	0.2839582	15.47079	9.943435	5.853378
57.1	5.75894	5.807599	-1.075296	7	0.4880215	0.203741	20.88359	10.78313	4.918349
57.12	6.037071	5.739308	0.6942518	7	0.5599582	-0.1223202	33.83049	9.37855	5.730473
57.14	5.95589	5.739308	0.468087	7	0.9807206	0.1420284	29.62016	21.27168	4.333086
57.16	6.252252	5.807599	2.273018	7	1.086266	0.1356165	33.30508	14.03504	5.009277
57.18	5.879341	5.739308	0.4877694	7	1.585346	0.8513696	17.18068	16.53885	3.269217
57.2	6.124133	5.807599	2.078433	7	1.590015	0.9932425	19.46656	3.775496	5.430282
57.22	6.93797	6.763654	5.95209	7	1.918111	1.405343	5.139931	6.905267	3.809635
57.24	7.241229	6.695365	7.158058	7	1.531141	1.079079	-6.958921	-1.476411	-0.9456911
57.26	6.486799	6.353915	2.89603	7	1.289964	1.456056	-27.38647	3.48542	-3.301673
57.28	6.60884	6.422206	3.378671	7	0.5956312	1.037859	-16.3095	-8.590915	0.6085863
57.3	7.981435	7.924579	9.356179	7	0.4485928	0.7564214	-19.57886	-17.00313	-0.3605366
57.32	7.08448	6.968522	3.85378	7	0.004474576	0.4761078	-38.9378	-24.39244	-8.021835
57.34	9.301258	8.744054	13.90727	7	-1.079014	-0.7331752	-15.89094	-11.65962	-3.052179
57.36	6.79746	6.763654	-0.140942	7	-1.457452	-0.8842459	-48.64573	-5.1558	-15.72439
57.38	6.605747	6.763654	-1.404465	7	-2.267945	-1.165597	-10.54271	-18.78939	-1.26416
57.4	7.654245	8.129447	2.90597	7	-1.804001	-1.253581	0.8869801	-26.94206	0.5293779
57.42	7.496241	7.378261	1.433208	7	-1.885776	-1.947487	8.045327	-31.00312	-4.04109
57.44	7.975845	7.378261	3.478208	7	-2.351526	-2.982228	33.69914	6.279313	-2.432174
57.46	7.502553	7.241681	0.4440693	7	-1.976745	-2.794316	29.32821	16.9816	-4.644236
57.48	7.282658	7.309972	-1.054344	7	-1.375804	-1.928334	26.84092	1.851832	-1.093543
57.5	7.245415	7.309972	-1.371934	7	-0.7887732	-1.290075	26.25879	-7.506945	1.062509
57.52	7.744293	7.309972	1.315535	7	-0.7517934	-1.661596	39.95015	0.7831302	1.980661
57.54	8.768682	8.197738	6.109914	7	-0.480536	-1.741014	35.54589	14.89	-0.638402
57.56	7.075881	6.763654	-2.603001	7	-0.229359	-1.056476	9.311153	15.8213	-6.32067
57.58	6.679836	6.695365	-4.075315	7	-0.1308886	-0.3395522	20.48217	4.264046	3.22194
57.6	6.69165	6.695365	-3.390314	7	0.1971025	-0.2774346	31.71606	-6.880991	5.631626
57.62	7.434363	6.695365	1.16246	7	-0.03546762	-1.339564	57.15442	9.149542	5.793857
57.64	7.344169	6.763654	0.9589007	7	0.423075	-1.168684	46.48463	24.52359	1.340557
57.66	6.989344	6.695365	-0.5515007	7	0.9746796	-0.169674	30.00292	20.46252	1.791916
57.68	6.764445	6.763654	-1.313949	7	1.533275	0.9280793	14.7897	18.58466	3.703895
57.7	6.899686	6.763654	-0.07785255	7	1.654473	1.223967	11.82408	1.928168	4.830876
57.72	7.780759	7.309972	4.677875	7	1.435428	0.7983713	13.60853	-0.9878618	3.621354
57.74	7.85454	7.378261	4.881634	7	1.244869	0.6633528	-3.692293	3.210612	-2.039324
57.76	9.059415	8.744054	10.14798	7	1.050279	0.9249699	-22.98981	5.225878	-3.148666
57.78	6.928305	7.036813	-1.247225	7	0.6676437	1.427879	-59.42524	-1.873358	-10.54731
57.8	8.624466	8.812345	6.819979	7	-0.1056633	1.179057	-37.78556	-9.797021	0.9588537
57.82	7.280971	7.65142	-0.7956417	7	-0.4404506	0.7561348	-56.99537	-16.91153	-8.839838
57.84	7.750809	8.129447	1.15872	7	-1.082308	0.3411068	-35.14808	-29.93443	-1.226371
57.86	7.9873	8.197738	1.707819	7	-1.477181	-0.5895655	-23.64246	-26.49931	-3.652938
57.88	6.618995	6.968522	-5.450926	7	-1.667342	-0.854906	-17.44256	-8.468778	-4.607429
57.9	6.535122	7.036813	-5.63997	7	-1.540815	-0.8746766	10.65718	-3.247404	3.709306
57.92	6.501406	6.968522	-5.516631	7	-0.8915423	-0.8195593	25.19851	-1.659618	5.103546
57.94	7.057055	6.968522	-2.160258	7	-0.5418524	-1.22057	45.85005	-3.53748	6.257774
57.96	6.918986	6.968522	-2.59277	7	0.3706754	-0.5392365	34.82007	18.89	3.584196
57.98	7.054602	7.105102	-1.50778	7	1.089331	0.3879481	24.73971	26.70679	4.792819
58	7.316163	7.036813	0.3596516	7	1.249121	0.4977865	22.28156	28.49306	4.094461
58.02	7.06655	6.968522	-0.5422581	7	1.552808	1.03898	6.811005	22.23351	2.185576
58.04	6.950643	6.968522	-0.7005237	7	1.684101	1.555751	-2.443232	17.7755	3.181226
58.06	6.912794	7.036813	-0.5203086	7	1.764481	1.902875	-10.6325	3.149542	3.358866
58.08	9.48105	9.290372	11.95658	7	1.638565	1.635047	-15.11528	-7.171067	3.101798
58.1	7.816855	7.583131	2.791615	7	1.100272	1.446384	-59.0154	2.401451	-12.07681
58.12	7.235835	7.583131	-0.3837914	7	0.3235739	1.843345	-57.9497	-1.140534	-3.677017
58.14	7.421816	8.197738	0.05684614	7	0.1130416	1.889801	-56.41602	-4.972594	-0.8407726
58.16	7.046083	8.061158	-2.389125	7	0.1586653	2.11726	-63.79459	-14.81992	-1.729978
58.18	7.203943	7.856288	-1.700042	7	-0.3640615	1.396871	-44.61548	-25.00313	0.7340231
58.2	9.050417	9.358663	6.850396	7	-0.6870223	0.3882892	-30.29979	-25.75122	-0.03709793
58.22	8.394275	8.402606	2.559579	7	-1.219303	-0.4792463	-42.86001	-0.2855719	-10.28637
58.24	8.095502	8.470897	0.2563655	7	-1.608135	-0.3984294	-40.68248	4.935802	-6.651937
58.26	7.974363	8.470897	-1.012452	7	-1.834642	-0.6123601	-32.14391	-3.32374	-4.626349
58.28	7.461177	8.129447	-4.060271	7	-1.7611	-0.5835367	-26.10612	-13.64435	-3.374168
58.3	7.565024	8.197738	-3.714119	7	-1.596477	-0.6318274	-10.68476	-21.85809	0.2910004
58.32	8.847921	9.085504	2.355988	7	-1.440901	-1.123156	3.006125	-26.14816	0.4864454
58.34	8.938157	8.744054	2.248387	7	-1.552028	-1.732004	-1.06776	-25.07946	-6.225676
58.36	10.93893	9.973269	11.54247	7	-2.431306	-3.195627	18.11425	10.53885	-6.630939
58.38	8.644435	8.197738	-1.126557	7	-2.650309	-3.134974	-15.53275	26.49305	-18.2593
58.4	8.692065	9.085504	-1.520646	7	-2.506023	-1.896629	-10.49362	8.111373	-5.221404
58.42	9.108727	9.904979	-0.3952856	7	-1.738042	-0.9176018	-25.30074	-15.09473	-4.734905
58.44	8.14743	8.197738	-5.166387	7	-2.314536	-1.754454	-9.992188	-30.30084	-6.171603
58.46	8.344037	8.197738	-3.770116	7	-2.776335	-2.78474	27.14274	-31.85809	-0.6900272
58.48	8.228285	8.197738	-4.220459	7	-2.366022	-2.99379	37.85732	-13.73595	-1.477725
58.5	7.992704	8.470897	-5.432353	7	-1.154624	-1.589932	23.42015	24.9816	-0.1517715
58.52	8.139513	8.539186	-4.381949	7	-0.3037266	-0.5418809	15.62381	22.37092	2.029119
58.54	8.093373	7.924579	-3.828379	7	-0.2943154	-0.8151946	23.76073	24.34038	1.515307
58.56	8.008756	7.856288	-3.552399	7	-0.09553343	-0.7559503	25.17849	24.24878	1.40167
58.58	8.413757	8.197738	-0.9661911	7	0.1234981	-0.6222709	24.14071	22.27931	1.562535
58.6	8.203551	8.197738	-1.756777	7	0.5517663	0.05256192	4.54149	18.9358	-1.119563
58.62	8.202797	8.197738	-1.364709	7	0.5986445	0.4745716	-4.251051	12.03504	-0.3324118
58.64	8.177632	8.266026	-1.205956	7	0.5873655	0.7217935	-13.66239	0.3556497	-0.9296551
58.66	8.147639	8.197738	-1.070441	7	0.3446087	0.6390043	-17.00671	-0.2550375	-1.375746
58.68	8.250976	8.197738	-0.3130688	7	-0.06939255	0.2077423	-13.98375	-1.629083	-1.836599
58.7	8.146952	8.197738	-0.7944106	7	-0.3079843	0.009751223	-16.41015	-1.919159	-3.018847
58.72	8.018216	8.197738	-1.450195	7	-0.4538009	0.009176094	-18.37438	-4.621449	-2.8122
58.74	7.991641	8.197738	-1.573498	7	-0.6080301	-0.09726276	-16.61643	-5.018396	-2.30134
58.76	7.972557	8.197738	-1.685824	7	-0.7058489	-0.2169969	-15.0061	-7.262671	-2.292619
58.78	8.059901	8.197738	-1.24389	7	-0.8653473	-0.4834647	-10.32825	-5.888625	-2.251225
58.8	8.040445	8.197738	-1.413736	7	-0.9119967	-0.598374	-9.682062	-4.560381	-2.819655
58.82	8.073475	8.197738	-1.29853	7	-0.9824049	-0.7123457	-7.425373	-3.171068	-2.711803
58.84	8.051043	8.197738	-1.488818	7	-0.9852939	-0.7391512	-7.292397	-2.83519	-2.903395
58.86	8.101432	8.197738	-1.275597	7	-1.04093	-0.8428976	-4.909	-4.407709	-2.744667
58.88	8.094617	8.197738	-1.377879	7	-1.043405	-0.8827995	-4.695215	-2.545114	-3.028406
58.9	8.145809	8.266026	-1.207123	7	-1.015856	-0.8485894	-5.217252	-1.842824	-2.967838
58.92	8.03619	8.129447	-1.785433	7	-1.047984	-0.8859303	-5.017505	-2.484045	-3.229194
58.94	8.093993	8.197738	-1.507436	7	-1.054609	-0.9011317	-3.135675	-1.781755	-2.624405
58.96	8.113896	8.197738	-1.437409	7	-1.046382	-0.9412491	-2.843294	-0.819923	-2.938372
58.98	8.002582	8.061158	-1.967887	7	-1.0779	-0.9951829	-1.745934	-0.926793	-3.052573
59	8.045768	8.129447	-1.719913	7	-1.049008	-0.9799281	-0.1097288	0.5999241	-2.451148
59.02	8.158349	8.197738	-1.153221	7	-1.026475	-1.023286	0.4881039	-0.377175	-2.682439
59.04	8.147953	8.197738	-1.25142	7	-0.9829692	-0.9713679	-2.220332	0.3098481	-3.344389
59.06	8.253736	8.266026	-0.7598977	7	-1.026026	-0.9946385	-2.585794	-0.2397704	-3.33071
59.08	8.143512	8.197738	-1.387734	7	-1.042918	-0.9576461	-5.765223	-0.04129703	-4.024681
59.1	8.07421	8.129447	-1.728333	7	-1.13047	-0.9920627	-4.446935	-0.4993124	-3.479202
59.12	8.105431	8.197738	-1.590962	7	-1.141596	-1.007288	-3.527755	-1.277938	-3.163209
59.14	8.061049	8.129447	-1.811769	7	-1.169766	-1.069345	-2.632937	-3.140534	-3.351912
59.16	8.123695	8.197738	-1.509958	7	-1.164366	-1.083158	-1.753309	-1.43061	-3.129283
59.18	8.158516	8.197738	-1.360361	7	-1.1803	-1.139278	-1.607091	-0.5756481	-3.493047
59.2	8.035445	8.129447	-2.009059	7	-1.144337	-1.05615	-3.741768	0.1419087	-3.73098
59.22	8.144411	8.197738	-1.440933	7	-1.184364	-1.101979	-1.397069	-0.1176329	-3.050072
59.24	8.091525	8.197738	-1.760484	7	-1.122308	-1.03123	-4.29261	0.1419087	-3.714062
59.26	8.142455	8.197738	-1.498778	7	-1.173048	-1.072734	-3.197654	-0.05656421	-3.428025
59.28	8.103251	8.197738	-1.735034	7	-1.160604	-1.044248	-4.884134	-0.2245032	-3.790669
59.3	8.147107	8.197738	-1.51447	7	-1.229123	-1.120175	-3.465411	-0.7588544	-3.609745
59.32	8.103542	8.197738	-1.779202	7	-1.223278	-1.101972	-4.861195	-0.08709857	-3.934419
59.34	8.146286	8.197738	-1.56952	7	-1.291443	-1.183	-3.1864	-0.1176329	-3.719854
59.36	8.097817	8.197738	-1.864355	7	-1.274942	-1.155396	-4.588836	0.3403825	-4.024809
59.38	8.137821	8.197738	-1.669726	7	-1.329661	-1.22117	-2.960324	-0.1481673	-3.765675
59.4	8.086899	8.197738	-1.974943	7	-1.297976	-1.175728	-4.496309	0.03503887	-4.04043
59.42	8.104735	8.197738	-1.893117	7	-1.316263	-1.184223	-3.733581	-0.07183139	-3.756346
59.44	8.024728	8.129447	-2.2902	7	-1.315912	-1.186258	-3.825388	0.08084041	-3.888224
59.46	8.070841	8.197738	-2.053716	7	-1.283198	-1.142962	-3.421877	-0.01076267	-3.458933
59.48	8.087255	8.197738	-1.975197	7	-1.260852	-1.137431	-4.017266	0.00450451	-3.724383
59.5	8.095265	8.197738	-1.938325	7	-1.259426	-1.129101	-4.64258	0.00450451	-3.852445
59.52	8.155896	8.266026	-1.668456	7	-1.253801	-1.105251	-5.802875	-0.01076267	-3.95484
59.54	8.186607	8.266026	-1.558203	7	-1.306321	-1.15432	-6.622488	0.05030605	-4.358028
59.56	8.041908	8.129447	-2.295396	7	-1.385447	-1.205018	-6.92698	-0.1176329	-4.628664
59.58	8.079501	8.197738	-2.105107	7	-1.426376	-1.231028	-4.974481	-0.6977856	-3.897613
59.6	8.052348	8.197738	-2.273062	7	-1.399761	-1.216986	-5.62698	-2.331373	-4.136917
59.62	8.077527	8.197738	-2.148161	7	-1.413418	-1.241844	-4.725812	-3.888625	-3.982073
59.64	8.069087	8.197738	-2.208011	7	-1.4005	-1.237348	-5.154201	-2.514579	-4.15174
59.66	8.125153	8.197738	-1.916905	7	-1.456635	-1.332621	-3.457389	-2.514579	-4.126194
59.68	8.154857	8.197738	-1.785154	7	-1.511651	-1.440236	-2.62932	-0.3008391	-4.507094
59.7	8.113426	8.197738	-2.04465	7	-1.506517	-1.414471	-3.963128	0.01977169	-4.739738
59.72	8.205247	8.266026	-1.62655	7	-1.544957	-1.452348	-3.234551	-0.1787016	-4.532416
59.74	8.108828	8.197738	-2.176504	7	-1.549994	-1.438349	-5.169184	-0.4535109	-5.098412
59.76	8.023487	8.129447	-2.599224	7	-1.583635	-1.428858	-4.207651	-0.2550375	-4.585983
59.78	8.019784	8.129447	-2.584187	7	-1.59228	-1.462445	-2.048933	-0.926793	-4.127098
59.8	8.109921	8.197738	-2.122597	7	-1.571742	-1.504457	-0.7442202	-2.453511	-4.105393
59.82	8.093306	8.129447	-2.190267	7	-1.590922	-1.58168	-0.2751435	-0.5451137	-4.61797
59.84	8.130921	8.197738	-2.020855	7	-1.558382	-1.535942	-1.122713	0.09610759	-4.575802
59.86	9.003112	9.017213	2.035794	7	-1.49621	-1.513961	-4.519078	-0.01076267	-4.815557
59.88	8.200256	8.197738	-2.308543	7	-1.648135	-1.509363	-19.35887	-0.01076267	-9.817885
59.9	8.053648	8.197738	-3.040246	7	-1.930365	-1.461857	-12.54371	0.1571763	-5.530524
59.92	7.839751	8.197738	-4.17206	7	-1.843394	-1.348825	-11.7765	-1.247404	-4.77908
59.94	7.833207	8.197738	-4.146801	7	-1.731125	-1.269689	-7.719475	-4.758854	-3.383495
59.96	7.99457	8.197738	-3.210957	7	-1.709815	-1.463177	-1.373186	-8.743587	-3.166756
59.98	8.076704	8.129447	-2.683511	7	-1.732432	-1.717288	2.861039	-9.827556	-4.019955
60	9.212976	9.017213	2.819066	7	-1.823544	-2.107295	7.063989	4.493054	-4.517241
60.02	7.597168	7.583131	-5.478617	7	-1.84439	-1.916756	-13.02263	5.775497	-11.08963
60.04	7.436207	7.583131	-5.805144	7	-2.066476	-1.774729	6.389531	5.057939	-2.126005
60.06	7.246132	7.65142	-6.439772	7	-1.600375	-1.492582	9.408959	0.7525959	-1.166988
60.08	7.401699	7.583131	-5.119353	7	-1.312674	-1.464143	18.17915	-6.484045	0.2838507
60.1	7.978632	7.65142	-1.64259	7	-1.379122	-2.104474	31.83022	-2.193969	-0.4821215
60.12	7.95311	7.65142	-1.553021	7	-1.14386	-2.051376	23.58978	16.34038	-3.998368
60.14	7.76881	7.583131	-2.25013	7	-0.9522091	-1.596247	14.19201	15.50069	-4.080323
60.16	7.591901	7.583131	-2.88757	7	-0.7498339	-1.074462	5.467536	14.50832	-3.312744
60.18	7.538251	7.51484	-2.8003	7	-0.7375554	-0.9126796	3.516698	2.523588	-2.566794
60.2	7.650036	7.583131	-1.926697	7	-0.7936406	-0.966928	3.428923	-5.109999	-2.606466
60.22	7.657248	7.583131	-1.685192	7	-0.8546937	-1.015394	0.4886889	-0.1481673	-3.600562
60.24	9.180222	9.085504	5.550474	7	-0.8010163	-0.9469764	-7.522776	-0.4229765	-3.992893
60.26	8.311036	8.197738	0.5449996	7	-1.079105	-0.9101956	-37.20526	0.2945805	-12.93038
60.28	8.208632	8.197738	-0.2218564	7	-1.83764	-1.091184	-32.35403	-2.316106	-8.620972
60.3	7.77099	8.197738	-2.877204	7	-2.032099	-1.034249	-36.75401	-4.651984	-8.500173
60.32	7.660446	8.197738	-3.702417	7	-2.197052	-1.072593	-30.57212	-14.23977	-5.933136
60.34	7.679579	8.129447	-3.763459	7	-2.344713	-1.431034	-20.161	-20.81992	-5.057714
60.36	7.841209	8.197738	-3.116781	7	-2.379547	-1.753598	-11.42248	-22.39244	-4.878961
60.38	9.189261	9.085504	3.246362	7	-2.628029	-2.563225	1.469127	-14.30084	-5.475963
60.4	7.477713	7.65142	-5.854576	7	-2.538027	-2.33747	-20.37754	3.027405	-13.01182
60.42	8.086573	8.402606	-2.804935	7	-2.613868	-2.060342	-2.140759	1.958703	-3.16265
60.44	6.66332	7.036813	-9.729085	7	-2.449207	-2.121188	-1.64623	-0.2550375	-6.258636
60.46	6.803434	7.036813	-8.151885	7	-2.392838	-2.335448	30.79717	-5.04893	2.158578
60.48	10.10458	9.973269	8.10076	7	-1.689488	-2.615425	38.36683	3.515954	1.779805
60.5	7.60886	7.309972	-4.904398	7	-1.425341	-2.248397	-12.70462	14.46252	-16.53894
60.52	7.882112	7.65142	-2.961132	7	-2.02747	-2.047167	11.23328	30.26405	-2.884851
60.54	7.935907	8.402606	-2.959813	7	-1.298429	-1.195647	-8.24526	19.42435	-4.825634
60.56	6.666873	6.968522	-8.835103	7	-1.325931	-0.9397338	-10.4744	-3.64435	-4.836214
60.58	6.883931	7.036813	-6.768508	7	-1.513895	-1.331843	17.82742	-11.76649	2.157777
60.6	6.13458	6.080756	-9.409365	7	-1.463069	-1.960021	35.44929	-1.812289	0.8433533
60.62	7.496111	7.309972	-1.729212	7	-1.006758	-2.050808	53.66238	13.08847	5.035453
60.64	7.526	7.378261	-1.404269	7	-0.1445329	-1.366678	26.10993	20.20298	-2.595267
60.66	7.091177	6.763654	-2.991477	7	-0.1017611	-0.903344	14.96974	20.78313	-2.93266
60.68	6.761992	6.695365	-4.007933	7	0.01125687	-0.3849053	7.872766	10.70679	-1.173902
60.7	6.905179	6.763654	-2.594136	7	-0.06940007	-0.4109014	10.54913	-4.484045	0.1502714
60.72	7.040601	6.763654	-1.365054	7	-0.2299611	-0.7109617	11.42517	-6.02603	-1.242713
60.74	6.741635	6.695365	-2.543625	7	-0.1245359	-0.4069563	0.6896219	2.737329	-2.622734
60.76	6.866332	6.695365	-1.458034	7	-0.355129	-0.5521031	4.235804	-1.155801	-1.354166
60.78	6.691744	6.627074	-2.056224	7	-0.4017687	-0.5594134	-0.03561592	-1.552747	-2.578529
60.8	6.887731	6.763654	-0.8061411	7	-0.5709208	-0.7088255	2.32583	0.4167184	-1.952411
60.82	6.796333	6.763654	-1.188662	7	-0.5926778	-0.6771332	-3.494768	-0.8351899	-3.417482
60.84	6.725243	6.831944	-1.517789	7	-0.5688831	-0.4308898	-9.392511	0.3098481	-3.149184
60.86	6.756238	6.763654	-1.245512	7	-0.776502	-0.6084896	-7.232212	-3.125267	-2.913574
60.88	6.77117	6.763654	-1.121899	7	-0.9550619	-0.8374872	-5.34151	-4.270305	-3.329195
60.9	6.62535	6.695365	-1.853576	7	-1.020402	-0.8725095	-5.997684	-3.033663	-3.574412
60.92	6.678094	6.763654	-1.569797	7	-1.070608	-0.9132712	-3.625761	-4.651984	-2.792894
60.94	6.68705	6.763654	-1.538495	7	-1.083622	-0.9753538	-3.000823	-5.400075	-3.082011
60.96	6.672219	6.763654	-1.635599	7	-1.068661	-0.9598759	-3.216094	-2.224503	-3.105878
60.98	6.701516	6.763654	-1.488732	7	-1.089699	-1.002846	-2.002179	-2.682518	-2.980099
61	6.607411	6.695365	-1.960315	7	-1.06798	-0.9795159	-2.421923	-0.01076267	-3.124062
61.02	6.667397	6.695365	-1.594388	7	-1.117295	-1.080008	1.243102	-0.3619078	-2.547051
61.04	6.650279	6.763654	-1.715153	7	-0.992566	-0.9517825	-1.335161	0.05030605	-2.871143
61.06	6.777123	6.763654	-1.034715	7	-1.056183	-1.071483	1.408255	0.00450451	-2.683646
61.08	6.710569	6.763654	-1.420694	7	-0.9949122	-0.995912	-1.874073	-0.1023657	-3.434691
61.1	6.963129	6.968522	-0.2184915	7	-1.024278	-1.011249	-1.532472	0.08084041	-3.034915
61.12	6.627082	6.695365	-1.990821	7	-1.020331	-0.9310826	-7.026266	-0.2550375	-4.489846
61.14	6.674119	6.695365	-1.665953	7	-1.172121	-1.048424	-0.7138439	-1.232137	-2.605878
61.16	6.663946	6.763654	-1.744042	7	-1.103618	-1.036089	-0.953603	-1.43061	-2.893538
61.18	6.614014	6.695365	-1.967552	7	-1.068728	-1.011734	-0.2563457	-3.171068	-2.735506
61.2	6.699459	6.695365	-1.459899	7	-1.110197	-1.142817	3.681989	0.6304584	-2.389083
61.22	6.702868	6.695365	-1.420503	7	-1.076534	-1.180553	3.889905	-0.4382437	-2.858118
61.24	6.643919	6.695365	-1.711705	7	-0.9749266	-1.033448	1.661274	0.3556497	-2.84298
61.26	6.813154	6.763654	-0.8063231	7	-1.016466	-1.121677	4.266821	-0.1023657	-2.453148
61.28	6.758417	6.763654	-1.132854	7	-0.9491429	-1.042493	0.2427207	-0.01076267	-3.446274
61.3	6.762276	6.695365	-1.070732	7	-1.048613	-1.126508	2.004952	0.03503887	-3.13621
61.32	6.675455	6.695365	-1.520007	7	-1.018656	-1.058618	0.3782839	-0.3313735	-3.231571
61.34	6.789808	6.763654	-0.9252038	7	-1.060653	-1.11699	2.545174	-0.1176329	-2.71992
61.36	6.681663	6.695365	-1.494881	7	-1.026945	-1.079877	0.3935952	0.01977169	-3.375703
61.38	6.768154	6.763654	-1.05027	7	-1.045607	-1.08373	1.84358	0.1419087	-2.741364
61.4	6.755668	6.763654	-1.149058	7	-1.023305	-1.070891	0.4281562	-0.1023657	-3.222989
61.42	6.696945	6.695365	-1.435227	7	-1.04883	-1.076531	0.6717786	0.0655728	-3.135358
61.44	6.707268	6.695365	-1.352613	7	-1.079252	-1.126362	2.52696	-0.05656421	-2.804328
61.46	6.668281	6.695365	-1.545537	7	-1.030195	-1.080462	1.995352	0.03503887	-2.85003
61.48	6.689844	6.695365	-1.40161	7	-1.014133	-1.075676	2.976601	-0.01076267	-2.576432
61.5	6.680246	6.695365	-1.429096	7	-0.9677808	-1.038146	2.463104	0.00450451	-2.671505
61.52	6.723874	6.695365	-1.165398	7	-0.9779682	-1.074932	3.539571	0.05030605	-2.588172
61.54	6.793239	6.763654	-0.8261682	7	-0.9589713	-1.074491	2.807584	-0.04129703	-2.846377
61.56	6.795887	6.763654	-0.8456139	7	-0.9590045	-1.055014	1.055358	0.0655728	-3.245076
61.58	6.824017	6.763654	-0.7238798	7	-1.02508	-1.109663	1.28204	0.01977169	-3.285652
61.6	6.798249	6.763654	-0.9029459	7	-1.059886	-1.12501	0.4858413	-0.05656421	-3.49221
61.62	6.778061	6.763654	-1.048261	7	-1.08948	-1.125429	0.4162937	-0.01076267	-3.356821
61.64	6.683369	6.695365	-1.5401	7	-1.101332	-1.11539	0.6129016	0.05030605	-3.228509
61.66	6.748636	6.763654	-1.214982	7	-1.095814	-1.122838	2.431298	0.01977169	-2.651948
61.68	6.646782	6.695365	-1.740161	7	-1.027869	-1.055234	1.10808	0.0655728	-2.959524
61.7	6.706502	6.695365	-1.375591	7	-1.048907	-1.110208	4.238196	0.00450451	-2.30753
61.72	6.676019	6.695365	-1.513953	7	-0.9743406	-1.065652	3.374218	0.08084041	-2.619237
61.74	6.774317	6.763654	-0.9968418	7	-0.9397066	-1.042991	3.783028	0.1877107	-2.389563
61.76	6.799464	6.763654	-0.8780491	7	-0.9253363	-1.04705	2.493869	-0.04129703	-2.929743
61.78	6.738122	6.695365	-1.171903	7	-0.953567	-1.051355	1.875352	-0.04129703	-3.092644
61.8	6.744567	6.695365	-1.104843	7	-0.9995996	-1.096516	3.249136	0.05030605	-2.783541
61.82	6.777284	6.763654	-0.96088	7	-0.9705935	-1.065627	2.469434	-0.04129703	-2.843381
61.84	6.820487	6.763654	-0.7553718	7	-1.004701	-1.116934	2.789688	0.0655728	-3.007408
61.86	6.643015	6.627074	-1.64217	7	-1.006927	-1.084486	1.585911	-0.07183139	-3.272194
61.88	6.776184	6.763654	-0.9476669	7	-1.008619	-1.080499	4.009611	0.01977169	-2.259038
61.9	6.77839	6.763654	-0.9716027	7	-0.9662413	-1.074139	2.400477	0.08084041	-2.978204
61.92	6.762464	6.763654	-1.078708	7	-0.9397204	-1.002567	0.9414665	-0.07183139	-2.964037
61.94	6.797169	6.763654	-0.9039755	7	-0.9799641	-1.044546	1.710449	0.1877107	-2.860499
61.96	6.766598	6.763654	-1.08971	7	-0.9726266	-1.023592	0.6216878	-0.1329001	-3.075444
61.98	6.709266	6.695365	-1.36039	7	-1.007643	-1.04823	1.523632	0.08084041	-2.889641
62	6.764993	6.763654	-1.078652	7	-1.000931	-1.056226	2.609221	-0.02602985	-2.562205
62.02	6.779	6.763654	-1.024749	7	-0.9886081	-1.07141	2.408463	-0.01076267	-2.840834
62.04	6.775593	6.763654	-1.060321	7	-0.9772627	-1.052036	1.915795	0.01977169	-2.896129
62.06	6.813519	6.763654	-0.8694468	7	-1.016874	-1.113937	3.051834	0.09610759	-2.857744
62.08	6.773479	6.763654	-1.10706	7	-0.9914472	-1.07404	1.741552	0.00450451	-3.079348
62.1	6.805238	6.763654	-0.9458596	7	-1.026377	-1.1139	3.018531	0.03503887	-2.822685
62.12	6.771793	6.763654	-1.143585	7	-1.000392	-1.08236	2.0868	-0.01076267	-2.999017
62.14	6.773188	6.763654	-1.141692	7	-0.9945307	-1.062996	2.35359	0.08084041	-2.773415
62.16	6.77184	6.763654	-1.152622	7	-0.9820225	-1.054646	2.410707	-0.02602985	-2.754481
62.18	6.703618	6.695365	-1.469479	7	-0.977206	-1.049821	2.734622	0.1266419	-2.720018
62.2	6.773054	6.763654	-1.094879	7	-0.9565654	-1.044699	3.935894	0.2182446	-2.311986
62.22	6.726427	6.695365	-1.299811	7	-0.9446805	-1.065749	3.887564	-0.08709857	-2.672335
62.24	6.713352	6.695365	-1.322904	7	-0.9181714	-1.031788	4.237001	0.3098481	-2.400126
62.26	6.704562	6.695365	-1.323397	7	-0.8740546	-0.9880182	4.074411	-0.02602985	-2.307251
62.28	6.823171	6.763654	-0.6887403	7	-0.8774773	-1.031563	5.141931	0.1113748	-2.238575
62.3	6.74074	6.695365	-1.099769	7	-0.8545119	-1.003801	2.923208	-0.07183139	-2.931096
62.32	6.823325	6.763654	-0.6644001	7	-0.8809249	-1.007652	3.638491	0.0655728	-2.487693
62.34	6.755127	6.695365	-1.003868	7	-0.9029912	-1.033746	2.703644	-0.02602985	-2.989175
62.36	6.808273	6.763654	-0.7406632	7	-0.9173846	-1.025336	3.034937	0.0655728	-2.635289
62.38	6.732786	6.695365	-1.124529	7	-0.9272257	-1.028943	2.293563	0.03503887	-2.943226
62.4	6.780295	6.763654	-0.8924627	7	-0.9194906	-0.9984829	2.622804	-0.07183139	-2.519945
62.42	6.729101	6.695365	-1.142132	7	-0.9333127	-1.026829	2.675908	0.09610759	-2.768009
62.44	6.811569	6.763654	-0.7242016	7	-0.9514608	-1.064428	4.029137	0.00450451	-2.475401
62.46	6.797413	6.763654	-0.8355145	7	-0.9288471	-1.048482	2.610322	0.01977169	-2.932323
62.48	6.803574	6.763654	-0.8258264	7	-0.9418228	-1.040337	2.471498	0.09610759	-2.832788
62.5	6.758329	6.695365	-1.042424	7	-0.9916258	-1.104788	3.554595	-0.04129703	-2.863582
62.52	6.703089	6.695365	-1.319123	7	-0.959273	-1.052778	3.466844	0.03503887	-2.613504
62.54	6.802951	6.763654	-0.8030791	7	-0.9528301	-1.07794	5.134777	0.03503887	-2.246506
62.56	6.754537	6.695365	-1.042887	7	-0.9447227	-1.107638	4.748075	0.01977169	-2.777771
62.58	6.827259	6.763654	-0.677363	7	-0.9394022	-1.104662	5.374383	0.01977169	-2.490562
62.6	6.826686	6.763654	-0.7102229	7	-0.9223459	-1.092082	4.12731	0.05030605	-2.887107
62.62	6.764384	6.695365	-1.01653	7	-0.9460008	-1.094907	4.086898	0.03503887	-2.877065
62.64	6.810154	6.763654	-0.7925938	7	-0.9362034	-1.0734	4.458638	0.03503887	-2.533043
62.66	6.830761	6.763654	-0.7050945	7	-0.9421413	-1.099212	4.356785	0.03503887	-2.768785
62.68	6.805824	6.763654	-0.8617399	7	-0.9240515	-1.056506	3.166464	0.03503887	-2.881247
62.7	6.73131	6.695365	-1.223877	7	-0.9319671	-1.037151	3.245876	0.0655728	-2.722669
62.72	6.703336	6.695365	-1.332924	7	-0.906513	-0.9976198	3.926763	0.08084041	-2.289195
62.74	6.718564	6.695365	-1.20823	7	-0.8825929	-1.002348	5.081401	0.05030605	-2.089295
62.76	6.818125	6.763654	-0.6857616	7	-0.8597592	-1.027594	5.741223	0.0655728	-2.143984
62.78	6.863911	6.763654	-0.4603661	7	-0.874402	-1.082702	5.314433	0.01977169	-2.696524
62.8	6.84936	6.763654	-0.5643919	7	-0.8829238	-1.065919	3.816721	-0.04129703	-2.987824
62.82	6.768274	6.695365	-0.9709166	7	-0.9167253	-1.059758	3.493545	0.00450451	-2.93082
62.84	6.815243	6.763654	-0.7394605	7	-0.9237804	-1.052496	4.253256	0.03503887	-2.491618
62.86	6.730061	6.695365	-1.171664	7	-0.9071879	-1.030846	3.463037	0.05030605	-2.740766
62.88	6.807247	6.763654	-0.7713892	7	-0.9057047	-1.031297	4.785602	-0.02602985	-2.234108
62.9	6.816014	6.763654	-0.7466599	7	-0.888423	-1.0395	4.066214	0.08084041	-2.647037
62.92	6.835166	6.763654	-0.6608602	7	-0.9067041	-1.058699	4.172033	-0.04129703	-2.682447
62.94	6.841796	6.763654	-0.6459135	7	-0.9305911	-1.088384	4.23249	0.08084041	-2.79714
62.96	6.824822	6.763654	-0.7595217	7	-0.9355444	-1.080072	3.803646	-0.01076267	-2.839301
62.98	6.826959	6.763654	-0.7655918	7	-0.951652	-1.091614	4.187515	0.01977169	-2.729874
63	6.894298	6.831944	-0.47208	7	-0.9507611	-1.099082	4.174203	0.01977169	-2.727248
63.02	6.88273	6.831944	-0.5999801	7	-0.9399685	-1.072153	2.557875	-0.02602985	-3.084418
63.04	6.912314	6.831944	-0.4933428	7	-0.9945841	-1.121362	3.238904	-0.01076267	-2.998589
63.06	6.824692	6.763654	-0.9719284	7	-1.024973	-1.145527	3.138652	0.01977169	-3.171659
63.08	6.799617	6.763654	-1.106715	7	-1.029536	-1.137032	4.430144	0.09610759	-2.653492
63.1	6.772923	6.763654	-1.246956	7	-0.9792768	-1.093202	4.737147	-0.02602985	-2.453356
63.12	6.723745	6.695365	-1.445494	7	-0.9517372	-1.089132	6.088962	0.03503887	-2.219523
63.14	6.808286	6.763654	-0.9748591	7	-0.9039353	-1.087586	7.639096	0.00450451	-1.884362
63.16	6.700469	6.627074	-1.442823	7	-0.874105	-1.100239	7.723228	0.00450451	-2.310765
63.18	6.786637	6.695365	-0.9169462	7	-0.8494362	-1.103509	9.849851	0.03503887	-1.688768
63.2	6.875617	6.763654	-0.4435672	7	-0.79545	-1.10013	8.960855	0.03503887	-2.166984
63.22	6.902805	6.763654	-0.3035179	7	-0.7896312	-1.089397	7.176175	0.08084041	-2.680893
63.24	6.851271	6.763654	-0.5864617	7	-0.7645559	-0.9829632	4.017458	0.1571763	-2.893819
63.26	6.905209	6.763654	-0.2915029	7	-0.8601596	-1.065929	5.370467	0.00450451	-2.643888
63.28	6.847597	6.763654	-0.6209922	7	-0.8672965	-1.046291	3.524715	-0.05656421	-3.034194
63.3	6.815289	6.763654	-0.8040712	7	-0.8763593	-0.9982837	2.99008	0.09610759	-2.725941
63.32	6.761746	6.695365	-1.047432	7	-0.9204888	-1.046255	4.376095	-0.02602985	-2.539653
63.34	6.719728	6.695365	-1.236315	7	-0.8901365	-1.013894	4.950793	0.00450451	-2.236597
63.36	6.820527	6.763654	-0.7033563	7	-0.8732482	-1.040906	6.617112	-0.02602985	-1.945354
63.38	6.850725	6.763654	-0.559365	7	-0.8568816	-1.071997	6.130855	-0.01076267	-2.481512
63.4	6.775566	6.695365	-0.9289621	7	-0.8523057	-1.047562	5.294879	0.08084041	-2.647043
63.42	6.797902	6.695365	-0.7699686	7	-0.8868333	-1.091603	7.181258	0.05030605	-2.225163
63.44	6.833729	6.763654	-0.6037612	7	-0.8394619	-1.053327	6.285017	-0.05656421	-2.361044
63.46	6.866211	6.763654	-0.4477158	7	-0.8459274	-1.065329	5.969628	-0.04129703	-2.53511
63.48	6.862321	6.763654	-0.4896079	7	-0.855301	-1.061902	5.109488	0.00450451	-2.733634
63.5	6.781888	6.695365	-0.8901678	7	-0.8779274	-1.056606	4.855671	-0.01076267	-2.726521
63.52	6.761595	6.695365	-0.9658146	7	-0.8821778	-1.047251	5.888736	0.00450451	-2.279645
63.54	6.835118	6.763654	-0.5912199	7	-0.8617357	-1.054907	6.617815	0.00450451	-2.142722
63.56	6.825889	6.763654	-0.6634933	7	-0.8181027	-1.010452	4.98778	-0.01076267	-2.528859
63.58	6.789007	6.695365	-0.8216369	7	-0.8499134	-1.035709	5.607072	-0.02602985	-2.455561
63.6	6.820399	6.763654	-0.6698168	7	-0.8196736	-0.9920326	5.253578	0.0655728	-2.2654
63.62	6.844361	6.763654	-0.5541623	7	-0.8229986	-1.005006	5.084626	-0.01076267	-2.41925
63.64	6.838161	6.763654	-0.6021216	7	-0.8236032	-0.9946688	4.363163	0.01977169	-2.560477
63.66	6.858125	6.763654	-0.5070083	7	-0.8603408	-1.034473	4.915114	-0.07183139	-2.529411
63.68	6.852826	6.763654	-0.5553778	7	-0.8808413	-1.059622	4.868439	0.03503887	-2.658605
63.7	6.771309	6.695365	-0.9628097	-7	-0.8971194	-1.063484	3.237231	-0.01076267	-3.120827
63.72	6.748443	6.695365	-1.05169	-7	-0.9198142	-1.043028	1.71147	0.03503887	-3.197906
63.74	6.895442	6.831944	-0.335416	-7	-0.9658224	-1.071948	-0.515106	0.03503887	-3.642542
63.76	6.743543	6.695365	-1.141088	-7	-1.060621	-1.091733	-5.891749	0.00450451	-5.103774
63.78	6.757992	6.763654	-1.101571	-7	-1.194342	-1.091168	-8.340367	-0.4077093	-4.936841
63.8	6.691014	6.763654	-1.519591	-7	-1.30602	-1.097322	-12.77606	-1.934427	-5.703055
63.82	6.628193	6.763654	-1.916998	-7	-1.439331	-1.0981	-16.27425	-5.858091	-5.990604
63.84	6.667981	6.763654	-1.772313	-7	-1.685921	-1.315652	-15.81851	-7.797022	-6.291983
63.86	6.587032	6.695365	-2.268289	-7	-1.920444	-1.544141	-16.43618	-7.201602	-7.209793
63.88	6.442186	6.627074	-3.080482	-7	-2.094071	-1.650365	-17.15141	-5.964961	-7.408237
63.9	6.519913	6.763654	-2.804624	-7	-2.200341	-1.712793	-17.33703	-7.995495	-7.167218
63.92	6.566655	6.763654	-2.704915	-7	-2.364545	-1.905892	-18.07283	-8.819922	-8.128713
63.94	6.562717	6.763654	-2.891346	-7	-2.543042	-2.063781	-19.66122	-8.117633	-8.972403
63.96	6.562866	6.763654	-3.063578	-7	-2.756974	-2.249246	-20.24625	-7.888625	-9.535315
63.98	6.55186	6.763654	-3.309413	-7	-2.974498	-2.44879	-20.56133	-8.224503	-10.12145
64	6.457028	6.695365	-3.965707	-7	-3.182371	-2.631223	-20.6454	-9.033663	-10.62219
64.02	6.489444	6.763654	-3.991786	-7	-3.346689	-2.778359	-19.91336	-9.048929	-10.61575
64.04	6.438034	6.695365	-4.422764	-7	-3.527904	-2.986571	-19.31318	-8.896258	-11.28047
64.06	6.51412	6.763654	-4.222756	-7	-3.699513	-3.186289	-17.90033	-9.384808	-11.48421
64.08	6.473203	6.695365	-4.612087	-7	-3.886384	-3.417827	-17.51271	-8.606181	-12.39783
64.1	7.331664	7.583131	-0.8241925	-7	-3.924052	-3.464625	-21.28817	-8.697785	-12.66891
64.12	7.356064	7.583131	-1.507161	-7	-4.091389	-3.496038	-39.65361	-10.01076	-17.98287
64.14	6.851734	7.036813	-4.535386	-7	-4.758569	-3.830277	-42.56647	-12.11763	-18.77631
64.16	5.764227	6.149047	-10.05098	-7	-5.383235	-4.273218	-31.63567	-15.30847	-16.69758
64.18	5.543668	6.080756	-10.88404	-7	-5.614327	-4.709214	-6.115946	-24.63671	-10.98882
64.2	4.720952	5.124701	-14.32673	-7	-5.589988	-5.304541	17.98832	-30.57565	-9.745155
64.22	5.069774	5.19299	-11.57647	-7	-5.34566	-5.85077	51.05366	-16.88099	-5.029297
64.24	6.056004	6.763654	-6.678512	-7	-3.596922	-4.257876	25.52562	22.76786	-6.950593
64.26	5.040862	5.056413	-11.02396	-7	-3.340639	-3.928407	10.85357	24.15718	-12.17807
64.28	6.150192	5.807599	-4.510339	-7	-3.63122	-4.33156	27.63725	33.28695	-7.433768
64.3	6.288985	6.080756	-3.702608	-7	-3.408157	-4.207184	3.589187	22.64572	-14.94173
64.32	5.530804	5.739308	-7.436157	-7	-3.26186	-3.210653	-26.51671	5.409085	-16.88009
64.34	4.88467	5.19299	-10.08849	-7	-3.663656	-2.993848	-28.55821	3.317481	-13.7558
64.36	5.511787	5.739308	-6.428232	-7	-4.098252	-3.523417	-16.84953	-9.033663	-11.33135
64.38	4.933557	5.124701	-9.00972	-7	-4.417281	-4.020326	-20.89856	-22.2245	-15.94947
64.4	4.558363	4.510095	-10.12596	-7	-5.134815	-4.89771	-0.53934	-15.96496	-13.69022
64.42	3.476788	3.895488	-14.80838	-7	-4.997646	-4.793683	4.322686	-1.125267	-12.58172
64.44	2.623347	3.554038	-18.0104	-7	-4.219198	-3.780558	8.221889	-8.651983	-6.864303
64.46	3.815615	4.168647	-10.64622	-7	-3.865598	-4.068006	33.78021	-0.819923	-2.082213
64.48	2.2781	2.529693	-16.99272	-7	-3.312254	-3.929121	22.95229	0.8747337	-9.369534
64.5	4.490073	4.510095	-4.650508	-7	-2.912685	-3.683451	38.5649	20.06557	-1.502393
64.52	3.019357	3.144301	-11.37982	-7	-2.278511	-2.995421	-5.977507	25.79076	-14.99461
64.54	2.996718	2.461404	-9.71501	-7	-3.289322	-3.791477	21.06625	15.9129	-8.009091
64.56	2.522701	2.597983	-11.04176	-7	-3.046749	-3.558606	12.06099	19.92817	-9.821121
64.58	2.276552	2.324824	-11.03061	-7	-3.016255	-3.396613	13.10918	-8.789388	-8.246073
64.6	2.120857	1.983377	-10.46467	-7	-3.176394	-3.729743	20.52368	-0.3466406	-8.051188
64.62	2.211775	2.529693	-9.198975	-7	-2.597056	-2.925834	4.411957	-1.109999	-8.45486
64.64	0.9421147	1.300479	-14.36361	-7	-2.437444	-2.362054	-8.822628	2.401451	-9.884218
64.66	0.8817782	0.9590311	-12.85488	-7	-2.837525	-2.835752	15.7574	-0.7283199	-3.916388
64.68	0.03596264	0.6858721	-15.71569	-7	-2.12504	-2.11007	5.489469	-1.720686	-4.892952
64.7	0.4790413	0.2761335	-11.39458	-7	-2.540697	-3.084788	37.90737	6.676259	-0.8481903
64.72	1.295753	1.23219	-6.218416	-7	-1.999927	-3.015603	29.00636	14.9358	-4.762288
64.74	0.4759993	0.002975464	-9.074211	-7	-2.226737	-3.275956	18.65581	16.50832	-10.45279
64.76	-0.5097233	-0.3384733	-12.7374	-7	-1.96839	-2.333129	6.696116	16.76786	-7.474788
64.78	-1.379565	-0.9530802	-15.40065	-7	-1.706326	-1.688511	8.442942	-2.926793	-3.043582
64.8	-1.70504	-1.431108	-14.94963	-7	-1.580673	-1.776753	25.79326	-8.987861	0.8605843
64.82	-1.366294	-1.635977	-11.08243	-7	-1.66737	-2.656702	50.61883	4.264046	1.636329
64.84	-0.5884202	-0.6799221	-5.945955	-7	-0.9042032	-2.190733	36.79152	14.72206	-1.557523
64.86	-0.9455628	-0.9530802	-6.813692	-7	-0.3507589	-1.183985	2.220396	23.22588	-7.005084
64.88	-1.551806	-1.704267	-8.485899	-7	-0.7134199	-0.9817779	-6.052021	17.50069	-6.415945
64.9	-3.629761	-3.34322	-17.09503	-7	-0.9371011	-0.6819787	-7.912044	-7.1558	-4.789523
64.92	-2.705707	-2.318874	-10.50338	-7	-0.8800254	-0.7116448	20.62276	-9.781754	5.586445
64.94	-3.026033	-3.001771	-10.48165	-7	-0.7050419	-1.265594	21.96705	-7.522213	-0.5642176
64.96	-3.148357	-3.411509	-9.307959	-7	-0.8230843	-1.64688	33.08688	9.042673	0.1113977
64.98	-4.008933	-4.094406	-11.89667	-7	-0.5738975	-1.441508	31.68489	13.59229	-0.4876728
65	-4.008945	-4.367564	-9.83396	-7	-0.6272209	-1.748665	50.8459	9.531221	3.313602
65.02	-4.90514	-4.777303	-12.615	-7	0.2177966	-0.8403469	37.6925	8.951068	2.139936
65.04	-5.533813	-5.460199	-13.50195	-7	0.7088317	-0.1818398	42.73386	12.32512	6.434083
65.06	-3.922821	-4.367564	-3.395291	-7	0.9436576	-0.5284948	58.7514	12.11137	8.96265
65.08	-4.806968	-5.050462	-6.590919	-7	1.640247	0.2300981	19.87242	24.40145	-1.476293
65.1	-4.897553	-5.460199	-5.227684	-7	1.207878	0.2475133	23.17511	21.16481	2.110092
65.12	-6.621614	-6.143096	-12.48066	-7	1.914728	1.787443	-9.250616	-2.224503	0.7681303
65.14	-5.344385	-5.460199	-4.082839	-7	1.484826	1.34245	18.28336	0.8900005	9.468498
65.16	-6.240407	-6.484545	-7.115929	-7	1.354984	0.7425069	9.097849	-5.720686	0.7526016
65.18	-6.071496	-5.801648	-5.107498	-7	1.729942	1.644753	-1.530472	17.39382	4.393799
65.2	-6.922307	-6.484545	-8.19838	-7	2.007514	2.325259	-19.38988	-7.827556	2.481172
65.22	-8.103634	-7.50889	-12.37924	-7	2.008094	2.765614	-16.91915	8.660994	6.250734
65.24	-7.328887	-7.099152	-6.55399	-7	1.778497	2.081254	12.8292	-4.774121	11.93807
65.26	-7.624342	-6.825994	-7.080112	-7	2.816507	3.10338	-15.17571	10.70679	6.580425
65.28	-6.567662	-6.416255	-0.589671	-7	2.677449	2.964075	-12.62048	21.04267	7.747414
65.3	-7.746342	-7.50889	-5.604266	-7	2.54772	3.00694	-34.62355	12.26405	0.4919252
65.32	-5.707864	-5.733358	5.27376	-7	1.963803	2.500372	-21.92007	13.80603	5.876065
65.34	-6.949427	-7.167441	-0.7984326	-7	1.21846	1.593683	-43.70282	-18.95732	-6.899104
65.36	-7.150725	-7.167441	-1.352503	-7	0.281489	1.132931	-30.3832	-9.537479	-1.224145
65.38	-7.366932	-7.167441	-2.222386	-7	-0.1429201	0.6082268	-22.55762	-3.125267	-0.9469557
65.4	-6.219486	-5.801648	3.136142	-7	0.006767243	0.7354293	-25.81076	-27.41534	-0.02114105
65.42	-7.901011	-7.50889	-5.445407	-7	-0.1847374	0.7357387	-42.10411	-14.86572	-6.441799
65.44	-7.875014	-7.50889	-4.739492	-7	-0.7003388	0.3471258	-12.10048	-17.75122	2.87051
65.46	-8.330199	-7.50889	-6.801728	-7	-0.1146498	0.7228318	-12.5143	-9.430609	2.739663
65.48	-7.356024	-7.50889	-1.09878	-7	-0.5708847	-0.5774194	24.79438	-21.26267	5.898828
65.5	-8.033772	-7.167441	-4.78799	-7	0.8567632	1.057837	-13.65826	13.68389	0.2760296
65.52	-6.489214	-7.099152	3.748087	-7	-0.05599594	-0.3879656	23.2798	8.370917	4.771288
65.54	-7.127051	-6.825994	-0.03940642	-7	0.7709374	0.624438	-20.05294	15.53122	-4.716725
65.56	-5.669131	-6.757704	7.648422	-7	-0.7541955	-1.265026	15.97291	0.8136646	-1.04888
65.58	-6.834521	-6.894283	0.9014703	-7	-0.4906228	-0.7073328	-22.51582	6.935802	-10.40383
65.6	-6.359453	-6.825994	3.192338	-7	-1.422029	-1.344182	-1.447584	-22.23977	-3.823215
65.62	-7.633452	-6.757704	-4.1293	-7	-0.4915973	0.3255273	-40.31361	-10.16343	-6.857596
65.64	-6.850165	-6.757704	0.009469569	-7	-1.17568	-0.3793532	-8.568665	-39.09473	1.109204
65.66	-8.315995	-6.825994	-8.072761	-7	0.258074	1.665899	-52.82614	-4.468778	-3.348098
65.68	-7.017402	-6.825994	-0.8295235	-7	-0.5764161	0.4741018	-6.382192	-21.90389	5.965889
65.7	-8.187802	-6.484545	-7.43889	-7	1.177099	2.693744	-61.00564	15.01214	-1.607805
65.72	-7.681941	-7.850338	-3.541051	-7	-0.3410028	0.6088433	-2.191545	-2.102366	5.962146
65.74	-6.439466	-6.074806	2.47001	-7	0.1358165	0.3902584	-5.833919	24.0045	2.265381
65.76	-6.626408	-7.50889	1.853052	-7	-1.012725	-1.565402	12.7073	-0.3161063	-4.514348
65.78	-5.450057	-5.733358	7.011347	-7	-0.9095254	-1.386567	3.628732	27.80603	-4.282854
65.8	-7.011311	-7.167441	-1.431273	-7	-1.072849	-1.123047	-20.85553	-3.964961	-10.86794
65.82	-7.466878	-7.167441	-3.734627	-7	-1.218713	-0.5735774	-11.93135	-11.32374	-2.166953
65.84	-7.667685	-7.235731	-4.606228	-7	-1.043813	-0.5134261	-1.426855	-21.17107	0.6906929
65.86	-7.128353	-7.167441	-1.537372	-7	-1.149679	-1.24042	21.49422	-20.71305	2.323766
65.88	-7.115556	-7.167441	-1.418341	-7	-0.8136102	-1.311275	20.81152	5.363282	-0.4899893
65.9	-7.924583	-8.123497	-4.960837	-7	-0.7701365	-1.354144	27.00588	14.75259	-0.2717199
65.92	-6.49459	-6.484545	2.315486	-7	-0.1424179	-0.7863857	30.08977	11.30221	4.367734
65.94	-7.47258	-7.850338	-2.356289	-7	-0.06967732	-0.9185097	16.47076	5.806031	-3.390879
65.96	-7.669098	-7.850338	-2.772872	-7	-0.03389733	-0.5450448	22.46613	13.60756	1.825409
65.98	-8.353018	-7.782049	-5.906573	-7	0.9552423	0.9361668	1.475182	-0.3161063	2.789181
66	-7.193624	-7.782049	1.027847	-7	0.2978969	-0.3299219	37.18459	4.218245	6.979281
66.02	-8.678351	-8.806395	-5.87618	-7	0.7205614	-0.07893981	19.38223	4.29458	-0.2487507
66.04	-8.497847	-8.738104	-3.778739	-7	0.7159567	0.03256945	40.6077	17.98923	7.979995
66.06	-9.187145	-8.601524	-6.638229	-7	2.063233	1.676597	14.21582	-0.08709857	6.717232
66.08	-8.844851	-8.806395	-3.600696	-7	2.29467	1.924183	24.44794	18.15718	10.92743
66.1	-9.188782	-8.738104	-4.482388	-7	3.204315	3.02746	1.812612	14.23351	8.505201
66.12	-8.646998	-8.806395	-0.5046576	-7	3.021549	2.770653	10.25943	28.40145	10.14537
66.14	-8.763613	-8.806395	-0.3416055	-7	3.149586	2.90381	-4.041621	14.72206	6.090692
66.16	-8.472032	-8.806395	1.919265	-7	2.696497	2.495003	-1.804014	24.67626	5.901725
66.18	-8.028552	-7.850338	4.068944	-7	2.97248	3.175472	-27.93538	-2.926793	3.191389
66.2	-7.712808	-7.782049	5.50748	-7	2.458227	3.021903	-42.63832	3.317481	0.09745693
66.22	-7.890515	-8.123497	4.439522	-7	1.421084	2.1804	-44.76093	-12.07183	-2.655927
66.24	-7.298748	-7.167441	6.652907	-7	0.8546051	1.917538	-50.77805	-19.26267	-2.606075
66.26	-7.357426	-7.50889	5.580143	-7	-0.2075167	0.7971193	-48.06535	-29.41534	-6.27933
66.28	-8.144038	-7.782049	0.733871	-7	-0.7137811	0.6494339	-51.48253	-26.37717	-6.333963
66.3	-7.268951	-6.825994	4.22183	-7	-1.083523	0.2986875	-36.98587	-31.17107	-1.588829
66.32	-7.747329	-7.167441	0.6992993	-7	-1.096119	0.1929262	-45.5668	-29.04893	-5.924393
66.34	-6.361919	-5.801648	6.402184	-7	-1.142206	0.2054916	-40.91204	-3.384808	-2.480222
66.36	-7.733358	-7.4406	-1.423893	-7	-1.645487	-0.4556077	-46.20104	-20.01076	-9.563345
66.38	-8.032781	-7.50889	-3.274786	-7	-2.00831	-0.6777156	-20.82998	-1.903893	-1.408772
66.4	-8.062478	-7.50889	-3.667606	-7	-1.833434	-1.022541	-0.03904152	-24.04129	1.130434
66.42	-8.63071	-7.50889	-6.861493	-7	-0.6365181	0.2230889	-9.093723	12.8442	2.414814
66.44	-5.910283	-5.733358	6.615858	-7	-0.4065857	-0.251785	15.45344	0.9968708	7.062444
66.46	-7.081686	-7.099152	0.04614711	-7	-0.1255103	-0.3146159	-17.74113	24.59992	-7.81057
66.48	-6.302464	-6.825994	3.997756	-7	-1.009591	-1.093862	7.470241	13.33275	-1.156985
66.5	-8.219101	-7.850338	-5.996267	-7	-0.5749918	-0.3198664	-16.51813	27.59229	-5.905578
66.52	-8.138676	-7.850338	-4.970496	-7	-0.6773195	-0.2148038	13.20928	-16.25504	5.397257
66.54	-7.973776	-7.850338	-3.622357	-7	-0.3505678	-0.6007823	29.42295	3.577023	5.34633
66.56	-7.632072	-7.850338	-1.366841	-7	-0.05891746	-0.8912441	40.99885	-19.50694	4.878064
66.58	-8.632736	-7.50889	-6.591876	-7	1.95557	2.043213	-11.23939	21.33275	3.148081
66.6	-7.662943	-7.50889	-0.7539394	-7	1.897846	2.117792	5.028135	13.0274	9.663354
66.62	-7.67452	-7.235731	-0.6234181	-7	2.508351	2.750644	-21.31976	23.71443	3.674016
66.64	-6.448427	-7.167441	6.163277	-7	1.36017	1.168884	0.5761108	10.18771	3.385653
66.66	-8.460927	-8.123497	-4.138712	-7	1.653559	2.059145	-40.31749	25.8213	-4.855721
66.68	-6.652444	-7.235731	5.654	-7	0.2872465	0.5153418	8.184536	-3.75122	6.170185
66.7	-7.912851	-7.235731	-1.527189	-7	1.226138	1.730447	-42.39055	-3.186335	-4.909434
66.72	-6.876064	-7.167441	3.974447	-7	0.1272093	0.6923629	-10.70373	-17.98023	2.548751
66.74	-8.610612	-7.167441	-5.706431	-7	1.512965	2.996979	-69.34253	8.111373	-3.915936
66.76	-8.171462	-7.50889	-2.918395	-7	0.8560876	2.675356	-38.59417	-26.88099	6.662984
66.78	-7.566231	-5.801648	-0.7167521	-7	2.220413	4.359468	-75.6707	6.202977	3.975412
66.8	-8.040931	-7.50889	-2.742934	-7	1.27087	3.212824	-62.39756	-19.72068	1.308629
66.82	-9.733173	-7.235731	-11.66187	-7	2.751433	6.010201	-108.4178	25.30222	3.293787
66.84	-8.245339	-7.167441	-3.097706	-7	1.818022	4.634348	-55.58005	-3.766488	13.74364
66.86	-8.447604	-7.167441	-4.082222	-7	2.153399	4.253859	-66.10056	8.431986	4.908775
66.88	-7.174428	-7.167441	2.899935	-7	0.9142232	2.147744	-26.20844	8.065574	6.132948
66.9	-7.822936	-7.099152	-0.9080966	-7	1.24011	2.411648	-52.09927	20.8442	-1.825491
66.92	-7.162724	-7.099152	2.499132	-7	0.3391559	1.40384	-28.60109	8.599925	1.952589
66.94	-8.331093	-7.099152	-4.126667	-7	1.153381	2.788163	-64.79467	-0.819923	-2.181398
66.96	-7.622667	-7.4406	-0.07636344	-7	0.07794409	1.438009	-23.20656	-13.04893	5.02057
66.98	-8.615613	-7.50889	-5.435201	-7	0.8164625	2.195619	-43.73441	-16.81992	0.7147503
67	-5.294915	-6.074806	11.5558	-7	-0.6898119	-0.6053495	20.73522	-2.83519	7.024544
67.02	-7.866771	-7.782049	-2.435482	-7	-0.2524318	-0.3534462	-30.4646	-0.5756481	-12.32097
67.04	-7.309088	-7.850338	0.8771551	-7	-1.493874	-1.374627	21.36738	11.27168	2.49615
67.06	-9.157419	-7.850338	-9.052758	-7	0.2885696	0.9719563	-21.6445	-7.1558	-0.7823858
67.08	-6.151778	-6.484545	6.642494	-7	-0.356177	-0.4051638	36.03587	-13.81229	11.16928
67.1	-7.496332	-6.757704	-1.25822	-7	1.224236	1.239452	-32.04873	-4.270305	-5.83002
67.12	-5.61206	-6.825994	8.781401	-7	-0.6634429	-1.064885	23.60977	6.431985	2.444545
67.14	-6.967914	-6.825994	0.8434399	-7	-0.004522145	-0.1879836	-24.51144	-8.957327	-9.326184
67.16	-5.713418	-6.825994	7.310017	-7	-1.654623	-2.07684	23.0044	-6.743587	-1.331639
67.18	-7.076601	-6.825994	-0.6951464	-7	-0.9096884	-1.017353	-16.24296	-8.804655	-9.075974
67.2	-6.531561	-7.167441	2.215589	-7	-1.944678	-2.157297	24.23175	-29.87336	-0.6237068
67.22	-8.580397	-7.099152	-9.071824	-7	0.1077121	0.9011439	-33.39928	-9.415342	-3.743493
67.24	-7.003885	-7.099152	-0.2052919	-7	-0.6690311	-0.2614129	25.05252	-16.1787	9.450312
67.26	-8.091722	-7.167441	-6.001119	-7	0.8004256	1.066566	-12.58595	-2.02603	0.5159292
67.28	-5.921531	-6.757704	5.781448	-7	-0.3093042	-0.878924	41.10274	12.21824	7.540654
67.3	-6.512318	-6.757704	2.219528	-7	0.2667222	-0.6457167	5.48135	8.340381	-5.391853
67.32	-6.308312	-6.757704	3.176484	-7	-0.09031442	-0.5310338	6.22966	25.54649	-2.023911
67.34	-8.795682	-7.850338	-9.558709	-7	0.9224204	1.667201	-36.98874	-3.53748	-3.55077
67.36	-5.94887	-6.484545	5.748984	-7	-0.304315	-0.2157493	32.21651	-13.94969	11.011
67.38	-8.39691	-7.782049	-7.02822	-7	0.8910861	0.8905466	-22.82382	-3.766488	-5.620099
67.4	-6.971817	-7.850338	1.511927	-7	-0.5913352	-0.9920869	46.56268	9.943435	8.687531
67.42	-7.952717	-7.782049	-3.518435	-7	0.45268	-0.2950227	18.74679	-12.0871	-0.08621883
67.44	-5.936724	-6.143096	6.635259	-7	0.7606547	0.1185182	24.77873	17.18008	5.996239
67.46	-7.886694	-7.50889	-3.598944	-7	1.604758	1.565508	-29.90089	0.1266419	-5.426109
67.48	-7.914997	-7.50889	-3.120703	-7	1.414082	2.28162	-19.90796	22.38618	5.532755
67.5	-7.54011	-7.4406	-0.6706585	-7	1.116242	1.535365	-5.53256	-20.72832	5.366171
67.52	-6.777522	-7.577179	3.757814	-7	0.1267678	-0.4367121	24.26183	-13.30847	2.883364
67.54	-6.375291	-7.099152	5.551876	-7	-0.12637	-1.143409	22.14859	9.363282	-2.157741
67.56	-6.30541	-7.099152	5.514193	-7	-0.50957	-1.504233	17.68445	22.73733	-4.709641
67.58	-8.224257	-8.191787	-4.399832	-7	-0.2427427	-0.4388579	-4.717772	6.416718	-5.390069
67.6	-8.21243	-8.123497	-3.744388	-7	-0.3232538	-0.230208	21.69767	-6.346641	5.728098
67.62	-8.358553	-8.123497	-4.046344	-7	0.2942206	-0.008625627	27.29643	-20.69778	6.01789
67.64	-7.682401	-8.123497	0.1125538	-7	0.3088892	-0.675221	50.01241	-11.0184	7.422745
67.66	-8.105774	-8.123497	-1.796338	-7	1.236307	0.2323545	29.53154	11.39382	3.620385
67.68	-6.286724	-6.825994	7.554078	-7	1.371614	0.2770216	33.48833	22.03504	6.283765
67.7	-7.207573	-7.782049	2.736443	-7	1.395696	0.4054634	1.44254	22.29458	-4.365445
67.72	-7.174159	-7.782049	3.151722	-7	0.7566744	0.2805665	7.339649	13.10374	0.1860456
67.74	-7.887282	-7.782049	-0.5911729	-7	1.006919	1.012392	-11.09552	6.370917	-0.6838055
67.76	-6.0744	-6.552835	8.448028	-7	0.4279632	0.2152831	8.172431	-21.61381	3.333897
67.78	-6.985404	-6.825994	2.82888	-7	0.8486752	0.9733654	-36.49735	-7.094731	-7.309943
67.8	-7.702864	-8.123497	-0.492918	-7	-0.4176512	0.03368407	-12.06223	-8.148167	-2.143527
67.82	-9.26855	-8.191787	-8.517013	-7	0.4258022	1.562773	-28.23228	-1.964961	1.358066
67.84	-8.265685	-8.123497	-2.506087	-7	-0.02322452	0.4943318	22.84695	-27.23213	11.15578
67.86	-8.289598	-8.123497	-2.333817	-7	0.5765145	0.2128997	24.63896	1.073207	5.730512
67.88	-7.422045	-8.123497	2.67518	-7	0.2861701	-0.8310444	50.12384	5.912901	6.378373
67.9	-7.80341	-8.123497	0.7559497	-7	0.9126858	-0.2965405	30.83931	22.82893	1.29585
67.92	-6.144005	-6.825994	8.990747	-7	0.9370719	-0.2535067	31.93905	15.9587	3.598715
67.94	-6.82045	-6.825994	4.588038	-7	1.676318	1.196321	-24.48921	12.53886	-6.075701
67.96	-7.309268	-8.123497	2.482428	-7	0.2438232	0.1609085	-4.990347	0.01977169	-2.382672
67.98	-8.644745	-8.123497	-4.433045	-7	0.6540304	1.244586	-22.18965	-10.62145	-0.6379108
68	-6.672831	-7.167441	5.906804	-7	-0.2286023	-0.2995661	25.44067	-22.3161	7.324851
68.02	-7.22375	-7.167441	2.312513	-7	0.4047347	0.05096799	-7.38099	-13.04893	-4.015428
68.04	-5.970078	-7.099152	8.629747	-7	-0.8911124	-1.644885	27.06244	6.981603	-0.5176935
68.06	-7.450537	-7.167441	-0.005890846	-7	-0.01251632	-0.1507081	-21.41385	-4.071831	-8.191479
68.08	-6.787222	-7.167441	3.337544	-7	-0.8136114	-0.7069027	7.458093	-4.590915	0.8333597
68.1	-7.515173	-7.167441	-0.9830192	-7	-0.267296	-0.06453413	-11.95606	-17.27794	-2.984063
68.12	-6.027621	-7.167441	6.82738	-7	-1.708628	-2.439152	42.84992	-3.735953	1.791553
68.14	-7.050336	-7.099152	0.6800758	-7	-0.8938286	-1.655805	8.980623	-4.209236	-6.990954
68.16	-7.006225	-8.123497	1.387878	-7	-2.037455	-3.110952	53.08974	6.126641	-0.4127874
68.18	-8.080675	-8.123497	-4.189173	-7	-1.1342	-2.185352	42.51531	-10.0413	-0.8061314
68.2	-6.713416	-8.055207	3.553892	-7	-1.813229	-3.847379	97.79092	0.1113748	6.318384
68.22	-6.39971	-6.825994	4.380103	-7	-0.2536216	-2.501951	60.20168	-0.4077093	-1.336295
68.24	-5.614242	-6.484545	7.879965	-7	0.09815186	-1.753815	41.69163	18.75259	-2.205929
68.26	-8.113915	-7.850338	-5.154326	-7	1.099888	0.6619818	-16.01247	5.989237	-6.774032
68.28	-7.416477	-7.850338	-0.5648654	-7	0.2359674	0.1050562	27.42673	-0.8657245	7.532488
68.3	-7.527619	-7.782049	-0.7633517	-7	0.452254	-0.3092774	28.78409	-18.98786	3.094724
68.32	-6.860829	-7.850338	3.23956	-7	-0.09337652	-1.4964	54.00806	12.23351	3.755493
68.34	-7.506762	-7.782049	-0.1040177	-7	0.6431224	-0.5926789	28.9202	6.844199	-0.4438124
68.36	-8.731323	-8.738104	-5.636315	-7	1.055123	0.4948739	21.34284	20.18771	3.408797
68.38	-8.846888	-8.806395	-5.083405	-7	1.394761	0.9095008	37.0188	-4.743587	10.38194
68.4	-9.045165	-8.806395	-5.076808	-7	2.287689	1.660278	33.78855	14.32511	11.10372
68.42	-8.451834	-8.738104	-0.8540815	-7	2.585666	1.581631	44.2467	16.23351	12.38236
68.44	-7.458926	-7.4406	4.383226	-7	3.600772	2.695921	14.36472	35.57702	8.604335
68.46	-6.519668	-7.4406	9.387096	-7	2.994586	2.015247	3.815136	28.90527	2.646286
68.48	-8.436393	-8.738104	-0.2202681	-7	2.665728	2.540781	-32.37011	21.13427	-4.132333
68.5	-7.094899	-7.782049	7.044918	-7	1.358227	1.41804	1.511097	-11.58328	5.654259
68.52	-6.537064	-6.484545	8.723207	-7	1.674146	1.791828	-34.21283	-21.67488	-2.934209
68.54	-7.491214	-8.123497	3.662287	-7	0.2955888	0.6326922	-29.97469	-6.484045	-6.195676
68.56	-7.574606	-7.167441	2.454411	-7	0.2538156	1.245373	-37.08315	-29.93443	-1.656453
68.58	-7.426228	-7.50889	2.854129	-7	-0.5155689	0.1968642	-17.41492	-30.86572	-0.7942619
68.6	-8.149582	-7.782049	-1.322556	-7	-0.4527117	0.2554158	-18.71202	-31.11	-1.539126
68.62	-6.540316	-6.825994	6.468288	-7	-0.9938795	-0.9061453	14.96367	-8.087098	3.225469
68.64	-6.551972	-6.689414	5.271261	-7	-0.7222837	-1.025172	-3.61236	-5.64435	-5.501319
68.66	-6.69164	-6.894283	3.773118	-7	-0.9426572	-0.944015	-6.628207	3.958703	-4.86816
68.68	-6.882982	-6.757704	2.00281	-7	-0.8678294	-0.5672694	-12.41741	6.920535	-3.752195
68.7	-6.938036	-7.167441	1.415601	-7	-1.355981	-1.258912	5.040962	-13.87336	-2.094059
68.72	-7.191308	-7.167441	-0.2705073	-7	-1.228292	-1.281047	10.19531	-8.789388	-1.459665
68.74	-7.069047	-7.099152	0.1207868	-7	-1.050826	-1.286121	19.96791	-9.003129	0.6786137
68.76	-6.984758	-6.825994	0.1742547	-7	-0.4472226	-0.717826	13.97793	0.9816036	0.6513224
68.78	-6.261201	-6.757704	3.764849	-7	-0.6687609	-1.362259	28.39277	1.348016	0.8898745
68.8	-6.510401	-6.825994	2.092241	-7	-0.431194	-1.186809	15.91318	8.676259	-3.123778
68.82	-7.68717	-7.850338	-3.673468	-7	-0.4140737	-0.8052848	14.63185	6.966336	-1.498118
68.84	-7.893153	-7.782049	-4.194885	-7	-0.09306462	-0.3524965	28.26902	6.416718	5.325939
68.86	-7.327815	-7.850338	-0.5444362	-7	-0.1741699	-1.243805	56.49096	-2.438243	6.955746
68.88	-5.977397	-6.484545	6.130902	-7	0.5061644	-1.071127	48.82684	5.317482	3.837629
68.9	-6.909873	-7.4406	1.288794	-7	0.8575423	-0.4274378	18.09336	23.89763	-3.610722
68.92	-7.158022	-7.50889	0.3451842	-7	0.7935981	0.1742931	15.5729	18.96634	1.362267
68.94	-7.75177	-7.50889	-2.48041	-7	1.328887	1.232033	-1.064325	4.065573	2.437611
68.96	-7.107362	-7.50889	1.453106	-7	0.8535442	0.4953274	21.03832	-10.91153	5.85437
68.98	-7.80245	-7.50889	-2.045561	-7	1.569993	1.425341	-4.683535	1.607558	1.731992
69	-6.78757	-7.50889	3.808947	-7	0.694277	0.1491666	27.12872	5.531221	5.769165
69.02	-5.366506	-5.733358	10.1798	-7	1.058669	0.2529782	4.155307	7.531222	-0.6988382
69.04	-5.06535	-5.801648	10.65881	-7	0.513649	-0.002618939	-23.01912	8.080841	-8.902287
69.06	-8.149812	-7.4406	-5.7699	-7	0.742275	2.017504	-75.75945	-2.651984	-11.40168
69.08	-8.354788	-7.50889	-6.23968	-7	0.0940733	2.202344	-38.71782	-16.74359	6.066345
69.1	-7.231824	-6.143096	-0.772491	-7	0.6377833	2.166447	-29.10915	-31.30847	7.420657
69.12	-7.482079	-7.782049	-1.471795	-7	-0.3535961	-0.0218327	3.149014	-13.69015	1.840284
69.14	-5.798888	-6.143096	6.746779	-7	-0.5217156	-0.9225832	22.14336	7.119008	2.909758
69.16	-7.15972	-7.50889	-0.511259	-7	-0.5270245	-1.112295	4.33272	16.95107	-6.417288
69.18	-7.517715	-7.50889	-2.198677	-7	-0.4863612	-0.5669445	13.7722	6.676259	1.354118
69.2	-7.945939	-7.4406	-4.281528	-7	0.2949032	0.4008233	7.919031	-4.346641	3.752296
69.22	-7.215705	-7.4406	0.01381731	-7	0.1838308	-0.2427749	33.13324	-5.293205	6.890009
69.24	-7.176985	-7.4406	0.4132046	-7	0.5347372	-0.3418568	29.51401	6.218245	2.810218
69.26	-6.835517	-7.4406	2.461998	-7	0.4498143	-0.6304019	35.39634	18.27931	2.675734
69.28	-7.426853	-7.577179	-0.4844007	-7	0.9545767	0.1781067	15.74013	10.27931	0.4949474
69.3	-7.320124	-7.50889	0.4091882	-7	1.045578	0.5677457	16.36847	10.66099	3.859542
69.32	-7.154008	-7.50889	1.568888	-7	0.9761761	0.3649361	18.15944	-7.506945	3.072832
69.34	-7.323889	-7.4406	0.8011024	-7	1.211113	0.7830285	6.55595	4.08084	1.824438
69.36	-6.975009	-7.50889	2.903934	-7	0.7619315	0.2047895	17.15752	-1.659618	2.632356
69.38	-7.504505	-7.50889	0.1311716	-7	1.094787	0.8072662	-1.147925	-0.8046558	0.1702795
69.4	-7.280772	-7.4406	1.475067	-7	0.9109658	0.8021106	4.4446	1.439619	3.145164
69.42	-7.06749	-7.4406	2.667794	-7	0.6100946	0.239297	10.07356	-6.071831	1.65075
69.44	-6.039497	-6.074806	7.149416	-7	0.957438	0.7503814	-7.624993	1.37855	0.1665277
69.46	-5.647445	-6.074806	8.30188	-7	0.4947207	0.4119043	-23.89383	-0.8046558	-5.605628
69.48	-5.843907	-6.074806	6.309095	-7	-0.1073334	0.3255574	-40.1603	-4.758854	-8.344013
69.5	-7.903443	-7.850338	-4.321651	-7	-0.9734217	0.02016955	-37.52615	-18.37717	-7.600842
69.52	-8.226384	-7.850338	-5.577388	-7	-1.405827	-0.4160067	2.471266	-29.27794	3.976063
69.54	-8.323608	-7.782049	-5.7848	-7	-0.8375014	-0.5391943	23.54813	-20.75885	6.503298
69.56	-7.469387	-7.782049	-0.8314924	-7	-0.7580532	-1.595799	59.27319	3.607558	8.202157
69.58	-7.118855	-7.50889	1.05535	-7	-0.01481241	-1.537015	56.61646	17.83656	3.923492
69.6	-5.013844	-5.733358	11.15333	-7	0.543202	-1.197552	45.6722	27.74496	2.458737
69.62	-6.78264	-7.167441	1.524873	-7	1.008396	0.005316615	-10.00651	17.30222	-9.418798
69.64	-7.955107	-8.123497	-3.843373	-7	0.4891933	0.6026426	-2.669273	8.019771	0.2411585
69.66	-8.072283	-8.123497	-3.633855	-7	0.2766584	0.2272163	22.79609	-14.30084	6.467066
69.68	-7.724419	-8.123497	-1.097409	-7	0.2188901	-0.6275568	47.37947	-24.23977	7.179675
69.7	-7.412392	-8.123497	1.071802	-7	0.3275583	-1.220243	59.67012	0.09610759	5.279135
69.72	-7.058385	-8.055207	3.30812	-7	0.3904631	-1.599254	65.3259	15.21061	3.496123
69.74	-5.976	-6.484545	8.229399	-7	1.294502	-0.3911086	35.03471	21.47015	1.298776
69.76	-7.068751	-7.850338	2.636318	-7	1.093087	-0.08092625	9.564291	15.13427	-4.758445
69.78	-7.695413	-7.782049	-0.420957	-7	1.157042	0.9523859	-1.533811	7.744961	0.7114029
69.8	-7.517229	-7.782049	0.8871576	-7	0.821579	0.6272448	11.59803	-6.163435	4.058113
69.82	-6.402505	-6.757704	6.325917	-7	0.7875206	0.2597162	13.26464	-20.65198	2.776439
69.84	-7.799605	-8.123497	-0.7935647	-7	0.6213641	0.2278915	-3.142645	3.348016	-3.671428
69.86	-7.949065	-8.123497	-1.11373	-7	0.3126575	0.2242559	14.7261	0.9205348	3.956167
69.88	-8.418608	-8.123497	-3.258609	-7	0.8782722	0.8138353	10.96408	-1.491679	4.794072
69.9	-8.01786	-8.123497	-0.6266164	-7	0.951522	0.5843447	27.93317	-9.873357	7.916781
69.92	-8.344585	-8.123497	-2.01032	-7	1.720938	1.337578	13.89822	9.439618	5.736218
69.94	-7.517323	-8.191787	2.964788	-7	1.250055	0.3757042	38.54602	11.88237	7.853206
69.96	-7.925481	-8.123497	0.977287	-7	1.794613	0.9211041	16.84015	18.23351	2.657758
69.98	-7.476036	-8.123497	3.712614	-7	1.431139	0.5772285	26.51282	14.72206	4.902506
70	-8.310699	-8.123497	-0.6102848	-7	2.159986	1.860165	-5.54174	6.554122	1.823039
70.02	-6.49416	-7.099152	8.764255	-7	1.53998	1.113403	14.54419	-1.827557	6.602229
70.04	-7.133234	-7.099152	4.661695	-7	1.978868	1.874305	-31.91197	-4.377175	-4.318146
70.06	-6.404593	-7.167441	8.214226	-7	0.616394	0.6995204	-12.83228	0.6151917	-0.9109917
70.08	-7.78553	-7.4406	0.3591862	-7	0.7751942	1.475982	-45.42928	-8.560381	-5.95271
70.1	-7.16557	-7.50889	3.570895	-7	-0.4595137	0.1643267	-6.173018	-21.75122	2.037928
70.12	-8.466551	-7.782049	-3.613477	-7	0.151145	0.9148375	-26.0322	-21.0642	-1.693363
70.14	-7.309304	-7.850338	2.749428	-7	-0.950331	-0.9515333	31.53796	-13.29321	6.537185
70.16	-8.244352	-7.850338	-2.496146	-7	0.09420407	-0.1526466	8.392547	-9.293204	0.03081989
70.18	-6.454668	-7.850338	7.211499	-7	-1.241849	-2.617795	72.17355	4.004504	6.365278
70.2	-7.454184	-7.782049	1.398105	-7	-0.1649097	-1.733311	34.94725	5.363282	-4.077541
70.22	-6.463795	-7.850338	6.711895	-7	-0.9769956	-2.795442	69.84835	13.25641	2.370335
70.24	-6.401841	-6.143096	5.540721	-7	0.8833106	-0.1940994	6.762737	0.5235882	-3.460432
70.26	-6.40826	-7.850338	5.806252	-7	-0.5971692	-1.807449	33.7687	-10.11763	-2.788737
70.28	-6.631484	-6.143096	3.371085	-7	0.7618768	0.5827935	-17.23758	0.9968708	-3.6804
70.3	-5.412739	-6.074806	9.095787	-7	-0.1512329	-0.3116068	-2.423723	-19.2474	-1.582758
70.32	-6.231368	-6.143096	3.737112	-7	-0.002289027	0.2855884	-38.18353	-6.377174	-8.984062
70.34	-5.385636	-6.143096	7.590034	-7	-1.488677	-1.293533	-5.965273	-8.972594	-4.217872
70.36	-7.830014	-7.4406	-5.540734	-7	-1.287953	-0.6768332	-29.83802	-12.23977	-9.450186
70.38	-5.834072	-6.143096	4.577975	-7	-2.121146	-1.907825	29.07559	-22.92679	5.096025
70.4	-7.817366	-7.4406	-6.04248	-7	-1.240834	-1.400326	3.089786	-17.58328	-5.714395
70.42	-6.144135	-7.4406	3.366361	-7	-2.654738	-3.9008	84.76685	2.508322	6.60653
70.44	-7.342618	-7.50889	-3.139565	-7	-1.239648	-2.988842	56.19159	-3.384808	-2.876334
70.46	-6.534611	-7.099152	1.270862	-7	-0.7592181	-2.408818	71.39926	18.29458	5.141895
70.48	-7.791471	-7.167441	-5.353307	-7	1.286338	0.4105444	17.46112	2.966336	1.093763
70.5	-7.898986	-8.123497	-4.576503	-7	1.236793	0.6192195	38.56218	25.97397	9.156579
70.52	-8.314668	-7.850338	-5.850306	-7	2.415017	1.952213	21.82561	8.798396	9.418858
70.54	-7.572321	-7.850338	-0.7922755	-7	2.486012	1.711986	36.78086	37.33274	11.95767
70.56	-8.75515	-8.806395	-5.627214	-7	2.992278	2.226538	19.81599	24.82893	7.109455
70.58	-7.88383	-8.533236	0.3681569	-7	2.597728	1.564345	48.03404	44.0503	13.2349
70.6	-8.599054	-8.464945	-2.594252	-7	3.636465	2.805255	13.3723	11.11901	7.35333
70.62	-6.327622	-7.167441	9.665867	-7	3.127667	2.090393	29.81744	33.68389	11.07179
70.64	-7.540678	-7.167441	2.827208	-7	4.2261	4.117424	-49.9763	0.3403825	-3.020905
70.66	-8.529119	-8.464945	-1.431299	-7	3.238599	4.357477	-50.29211	15.10374	3.25824
70.68	-9.406581	-8.396656	-5.347768	-7	3.304589	5.122226	-57.7173	-19.96496	7.519848
70.7	-8.432535	-8.806395	0.9457374	-7	1.709804	2.45261	3.425918	-12.57565	12.21003
70.72	-9.599857	-8.806395	-4.846207	-7	2.604048	3.217599	-21.65292	-3.735953	5.739432
70.74	-8.239548	-7.782049	2.434024	-7	2.790225	3.484925	-8.504183	18.11137	12.7719
70.76	-8.507435	-7.782049	0.8332915	-7	3.510597	4.313727	-42.27339	11.37855	5.069579
70.78	-6.21965	-6.416255	12.13697	-7	2.738107	3.390892	-31.33198	0.4167184	6.546638
70.8	-7.917869	-8.123497	2.980738	-7	1.908807	2.605692	-59.65783	11.54649	-7.278413
70.82	-7.042843	-7.167441	7.019818	-7	0.7413965	1.865067	-36.63416	-12.23977	1.449177
70.84	-8.511972	-7.4406	-1.539329	-7	1.260764	3.007532	-73.74799	-2.850457	-3.896605
70.86	-8.573201	-7.850338	-1.837501	-7	0.6141239	2.649844	-46.06356	-31.27794	5.080405
70.88	-7.946199	-6.825994	0.6976728	-7	1.080235	2.864647	-45.38687	-18.45351	5.725089
70.9	-5.777987	-5.733358	10.82209	-7	0.5174012	1.427924	-27.64696	-30.54511	3.068064
70.92	-8.20443	-7.4406	-2.618681	-7	0.806492	2.207562	-74.23426	2.951069	-9.156256
70.94	-6.496025	-6.416255	5.830399	-7	-0.4209209	1.04946	-24.54387	1.134276	4.955256
70.96	-7.559869	-6.621124	-0.7909484	-7	0.2068326	1.57631	-56.00377	-8.224503	-4.680459
70.98	-5.309322	-5.460199	9.922647	-7	-0.8249462	0.1132632	-16.77011	-16.28557	2.253994
71	-8.542949	-7.167441	-7.811454	-7	0.2950261	1.975408	-79.74494	4.157175	-10.39478
71.02	-7.915022	-7.4406	-3.913654	-7	-0.8173531	1.018829	-12.57755	-21.27794	9.01571
71.04	-8.128118	-6.074806	-5.878585	-7	1.288834	3.141669	-48.71114	0.2640465	5.805398
71.06	-7.465483	-6.416255	-2.342864	-7	1.534297	3.246389	-36.74688	-27.18633	8.847269
71.08	-7.889771	-6.416255	-4.671195	-7	2.466782	4.3642	-61.5428	24.18771	5.447913
71.1	-5.738931	-5.460199	6.34674	-7	1.744678	3.079019	-33.94628	10.01977	8.302611
71.12	-5.736492	-5.050462	5.1905	-7	2.027454	3.36693	-77.16618	30.89	-4.445738
71.14	-6.758982	-6.825994	0.05383283	-7	0.3848849	1.981324	-61.72192	12.38618	-4.708415
71.16	-7.870619	-6.757704	-5.820778	-7	0.3482193	2.507314	-62.21049	8.554122	0.08718586
71.18	-6.473366	-5.801648	1.194998	-7	-0.03541201	1.626872	-27.53645	-31.96496	6.851604
71.2	-6.116847	-5.801648	2.426247	-7	-0.1360095	0.6822774	-25.82587	-14.1787	-0.6587219
71.22	-5.872206	-6.143096	3.333413	-7	-0.8949273	-0.562443	-8.553679	-1.125267	-2.394814
71.24	-6.640121	-6.143096	-1.293119	-7	-0.4945074	0.1500793	-25.22128	1.97397	-3.849867
71.26	-6.238759	-6.143096	0.6130598	-7	-0.8605701	-0.3085022	-3.565794	-10.63672	1.151547
71.28	-7.072765	-6.484545	-3.938087	-7	-0.3176442	0.2572016	-14.05872	-13.1558	-0.8221149
71.3	-6.123885	-6.416255	1.243467	-7	-0.9141662	-0.9546547	25.21946	-6.392442	4.615048
71.32	-6.80394	-6.484545	-2.516299	-7	-0.08561999	-0.2967759	5.976843	-6.377174	-0.6697769
71.34	-5.971061	-6.484545	2.098954	-7	-0.5315211	-1.125672	34.6784	10.43198	3.847095
71.36	-7.085969	-6.484545	-3.940019	-7	0.7883261	0.6394613	-5.38825	-1.109999	-0.9642696
71.38	-6.402765	-6.416255	0.02956194	-7	0.6666679	0.6839526	12.05424	12.30985	6.031072
71.4	-7.180496	-6.484545	-3.942944	-7	1.64616	1.984943	-18.73489	-5.64435	2.001864
71.42	-6.682689	-6.484545	-0.8140054	-7	1.488368	1.947663	-6.608158	16.24878	6.661717
71.44	-7.482338	-6.484545	-4.803782	-7	2.436637	3.379413	-39.40925	-0.6672512	3.448229
71.46	-6.697839	-6.484545	-0.06172508	-7	1.901591	2.766404	-18.20588	16.11138	8.073729
71.48	-7.357359	-6.416255	-3.402099	-7	2.583766	3.722201	-48.67072	-0.1787016	2.933655
71.5	-7.242713	-6.484545	-2.349125	-7	2.46348	3.991662	-47.19234	18.59992	6.567556
71.52	-7.24052	-6.416255	-2.058094	-7	2.460555	4.032475	-52.28329	-4.178701	5.440139
71.54	-7.082782	-6.484545	-0.9337113	-7	2.110093	3.602505	-47.73948	11.85183	5.039306
71.56	-6.93642	-6.416255	-0.05738473	-7	1.779355	3.136606	-45.37591	0.3556497	3.626116
71.58	-5.997602	-5.460199	4.276046	-7	1.63642	2.958482	-50.4591	6.951069	2.3759
71.6	-5.297256	-5.460199	7.269285	-7	0.6124709	1.546254	-46.42672	-2.468778	-3.21137
71.62	-5.937911	-5.460199	2.906157	-7	0.3330446	1.782164	-71.87364	-3.506946	-7.933441
71.64	-5.962008	-5.460199	2.036047	-7	-0.4416043	1.450751	-65.27857	-22.0871	-4.419378
71.66	-6.556298	-5.801648	-1.668433	-7	-0.8716727	1.090784	-60.80239	-32.46878	-4.316407
71.68	-6.469907	-5.733358	-1.688648	-7	-1.226913	0.5557697	-40.65816	-26.10236	-0.5586414
71.7	-6.159166	-6.143096	-0.2262899	-7	-2.017471	-1.225773	-3.052259	-22.57565	-0.4300089
71.72	-6.934377	-6.143096	-4.73912	-7	-1.230659	-0.5168903	-12.48889	-0.9725947	-1.800338
71.74	-6.373532	-6.143096	-1.775784	-7	-1.233788	-0.8878018	14.8667	-4.83519	3.784306
71.76	-6.072047	-5.733358	-0.5712398	-7	-0.5289649	-0.5879092	9.84266	1.851832	1.244289
71.78	-5.638442	-5.733358	1.49556	-7	-0.4032856	-0.6954256	12.04372	15.69916	0.2610674
71.8	-5.231689	-5.39191	3.174563	-7	-0.2710925	-0.6252388	4.121503	8.14191	-2.048878
71.82	-5.235349	-5.39191	2.701976	-7	-0.3091303	-0.4654946	-7.88091	10.82893	-4.34241
71.84	-5.37321	-5.460199	1.626733	-7	-0.5308183	-0.3958924	-13.70396	-0.5298465	-4.459362
71.86	-5.395216	-5.118752	0.9627227	-7	-0.440285	0.0850119	-24.61116	-3.934427	-3.826138
71.88	-5.575867	-5.460199	-0.1986542	-7	-0.7957375	-0.1901743	-21.0713	-13.07946	-3.577187
71.9	-5.583176	-5.460199	-0.4431859	-7	-1.074491	-0.5566804	-12.77826	-11.1558	-2.61773
71.92	-5.120238	-5.050462	1.515861	-7	-1.196702	-0.9016118	-6.377644	-10.75885	-2.477851
71.94	-6.349898	-6.416255	-4.620389	-7	-1.528117	-1.403631	-0.3191421	-8.087098	-4.898073
71.96	-6.679764	-6.484545	-5.841118	-7	-1.441125	-1.346612	21.44	-3.033663	2.149514
71.98	-6.635075	-6.484545	-5.078703	-7	-0.9512157	-1.356081	37.59369	-0.8809917	4.551057
72	-6.090398	-6.416255	-1.688236	-7	-0.6309786	-1.74218	54.48723	-0.2245032	4.901111
72.02	-5.657567	-6.074806	0.7628691	-7	-0.02410531	-1.488535	47.88559	19.19534	2.034669
72.04	-5.467838	-6.143096	1.991326	-7	0.1622064	-1.333289	39.53812	18.52359	-0.3633118
72.06	-4.886677	-5.528489	4.849808	7	0.2980695	-0.9911224	27.20755	24.63046	-1.343968
72.08	-5.387516	-5.801648	2.093728	7	0.3847093	-0.4037293	3.917961	3.729695	-4.570904
72.1	-5.713781	-5.869938	0.4276747	7	0.2787461	0.1155197	-2.971654	0.9510697	-1.671775
72.12	-5.706964	-5.733358	0.4634513	7	0.1976384	0.2426677	-1.915368	-10.36191	0.3802643
72.14	-5.663178	-5.801648	0.7280921	7	0.008368775	-0.0586073	4.710778	-15.21687	0.7352686
72.16	-5.676811	-5.801648	0.6369307	7	-0.03360996	-0.2164923	9.191702	0.645726	0.9068432
72.18	-5.488977	-5.801648	1.619267	7	-0.1881263	-0.6183368	19.87729	-0.7435871	1.556164
72.2	-5.686445	-5.733358	0.4379321	7	0.1626662	-0.2418758	14.23521	0.5541226	1.048592
72.22	-5.390875	-5.733358	2.011646	7	0.08261836	-0.4781269	25.57819	2.065573	2.995331
72.24	-5.476665	-5.733358	1.485983	7	0.3178403	-0.3663041	23.66716	2.309848	1.909527
72.26	-5.333445	-5.733358	2.254629	7	0.360499	-0.4148102	29.72653	9.012137	3.116126
72.28	-5.52356	-5.733358	1.22719	7	0.7270104	0.004048437	24.31085	4.172443	2.912951
72.3	-5.466352	-5.801648	1.673315	7	0.8437191	0.1053186	29.64472	10.32511	4.741256
72.32	-5.319901	-5.733358	2.539311	7	0.9940816	0.09130187	33.49342	3.225878	5.016821
72.34	-5.357769	-5.733358	2.413203	7	1.26209	0.3311788	31.07345	11.19534	4.76985
72.36	-5.266272	-5.801648	3.072772	7	1.303331	0.2867238	35.95654	7.775497	5.58043
72.38	-5.4196	-5.801648	2.390094	7	1.609595	0.6354429	31.75663	7.332749	5.51879
72.4	-5.341596	-5.801648	3.005778	7	1.752859	0.7834473	34.80619	7.867098	6.975146
72.42	-5.256433	-5.733358	3.595177	7	1.950974	0.9169872	34.67506	6.294581	7.023764
72.44	-5.287679	-5.733358	3.566175	7	2.181881	1.188003	31.45587	8.309847	7.029245
72.46	-5.241348	-5.733358	3.979638	7	2.301954	1.332873	31.72396	10.64573	7.681345
72.48	-5.686594	-6.143096	2.044673	7	2.416347	1.487691	31.66169	8.462519	7.830611
72.5	-5.640741	-6.143096	2.755017	7	2.495321	1.488502	42.14629	8.477786	10.78124
72.52	-5.729724	-6.143096	2.677861	7	2.889082	1.759175	42.41549	7.21061	11.0044
72.54	-5.418438	-6.074806	4.71838	7	3.045368	1.703836	49.856	13.9129	12.10784
72.56	-6.077869	-6.484545	1.781142	7	3.570912	2.336643	39.13521	11.40908	10.74082
72.58	-5.957162	-6.484545	3.125216	7	3.773132	2.590661	48.60323	18.75259	14.99079
72.6	-4.917325	-5.460199	8.56592	7	4.292084	2.910987	44.00466	11.63809	14.67431
72.62	-4.841223	-5.528489	8.860985	7	4.539637	3.243936	22.76516	21.04267	9.18394
72.64	-5.175506	-5.801648	7.210259	7	4.38996	3.581919	10.71691	15.18008	8.777369
72.66	-6.137476	-6.074806	2.39951	7	4.712128	4.68814	-7.360087	-0.6061825	10.59535
72.68	-6.234062	-6.416255	2.615928	7	4.385133	4.426713	13.3584	-6.499312	16.45443
72.7	-5.466218	-5.460199	6.610013	7	4.81361	4.578835	15.7013	-0.1329001	17.27163
72.72	-3.988516	-4.367564	13.60697	7	5.002231	4.460546	7.120115	14.95107	13.60409
72.74	-4.962008	-5.118752	7.984032	7	5.124694	5.101492	-29.7746	17.33275	5.530216
72.76	-5.220842	-5.39191	6.618559	7	4.46219	5.057137	-21.62169	8.538855	11.18136
72.78	-4.514368	-4.709013	9.837939	7	4.028017	4.398156	-8.432956	-14.86572	12.75944
72.8	-4.995327	-5.39191	7.086789	7	3.532732	3.553705	-1.395702	-3.277938	9.239891
72.82	-4.914854	-4.777303	6.910352	7	3.832846	4.088069	-2.768158	-3.934427	12.47605
72.84	-3.991651	-4.094406	10.89966	7	3.920124	3.987918	1.530238	-5.216869	13.15751
72.86	-3.515437	-3.684668	12.23511	7	4.042262	4.045774	-11.98958	0.7373287	8.853026
72.88	-4.211464	-4.367564	7.932195	7	3.789159	4.120148	-21.06989	1.8671	6.938991
72.9	-3.870035	-3.684668	8.846088	7	3.80471	4.500745	-19.33002	-0.2855719	11.51347
72.92	-3.018132	-3.411509	12.39144	7	3.243825	3.441256	-3.14497	-6.1329	10.59729
72.94	-2.49444	-3.070061	13.86023	7	2.821913	2.613801	-0.8743496	-13.40007	6.456201
72.96	-2.999383	-2.728612	9.64069	7	3.3637	3.840893	-32.29901	0.01977169	4.259003
72.98	-2.276658	-2.387164	12.17247	7	2.884205	3.585823	-21.41885	-3.43061	8.463717
73	-2.003196	-2.045715	12.06938	7	2.701263	3.291641	-26.67356	-12.25504	5.259805
73.02	-1.885148	-1.635977	11.02044	7	2.741958	3.675016	-38.6262	-10.83519	4.775911
73.04	-1.906512	-1.362819	9.294524	7	2.857437	4.253393	-50.88967	-6.148167	5.350762
73.06	0.471469	0.3444233	19.47232	7	2.189682	3.209689	-35.03852	-10.77412	6.798902
73.08	0.5181913	0.3444233	17.09452	7	1.704594	2.587023	-63.43936	-8.575647	-5.764002
73.1	0.3962805	0.2761335	14.18584	7	0.6433554	2.101218	-65.38176	-8.117633	-5.181416
73.12	-0.2844719	0.6175833	8.225832	7	0.6386931	2.926009	-83.2066	-7.232136	-3.583144
73.14	0.08034348	0.6175833	8.335007	7	-0.1560824	2.071864	-54.92084	-32.57565	2.121776
73.16	0.2547544	0.6858721	7.462476	7	-0.5346616	1.047437	-33.53144	-32.54511	1.690336
73.18	1.688916	1.846797	12.69266	7	-0.6722748	0.2203096	-13.49312	-23.52221	2.607635
73.2	0.5767398	1.02732	5.033491	7	-0.2691176	0.5991747	-31.20794	2.386184	-3.565068
73.22	1.196664	1.23219	7.0178	7	-0.6633505	0.06028119	2.203125	-1.277938	4.715787
73.24	1.969705	2.597983	8.896227	7	0.3855742	0.9504958	-13.70351	-2.758854	2.860716
73.26	3.873663	3.827197	16.39836	7	0.4894813	0.8341899	-19.15262	-4.056564	0.663785
73.28	3.171399	3.144301	10.60647	7	0.3369591	0.984862	-51.40101	10.7526	-8.878334
73.3	4.601174	4.441804	15.70297	7	-0.4724879	0.5730072	-43.45145	1.180077	-4.02555
73.32	4.047763	4.851542	9.939123	7	-0.107874	1.683844	-90.12305	-4.407709	-11.2998
73.34	4.935612	5.056413	12.34496	7	-1.438258	0.6085807	-69.51382	-21.41534	-6.712107
73.36	4.453001	5.466149	7.115067	7	-1.406313	1.018892	-93.34808	-26.71305	-10.95797
73.38	3.856062	4.510095	2.459552	7	-2.409893	0.1168928	-67.7128	-26.54511	-6.537516
73.4	4.178396	4.919833	2.56179	7	-2.778646	-0.7901565	-35.02705	-30.02603	-1.791936
73.42	4.60443	5.19299	3.164092	7	-2.662103	-1.45151	-14.27975	-16.19397	-1.684262
73.44	4.850541	4.851542	3.271913	7	-2.847106	-2.513271	12.89126	1.500688	-2.069394
73.46	6.215545	6.422206	8.370769	7	-2.096523	-2.161048	11.99829	13.79076	-1.835153
73.48	4.96841	4.851542	0.9051337	7	-1.975993	-2.145743	2.689597	11.37855	-7.687075
73.5	6.710598	6.763654	8.415027	7	-1.616981	-1.648899	13.60369	11.30221	0.5184994
73.52	6.32863	6.149047	5.093422	7	-1.428581	-1.698386	-4.669333	0.4930542	-8.010581
73.54	6.370995	5.739308	4.632612	7	-2.166635	-2.500822	15.7114	-0.4229765	-5.020555
73.56	6.931343	6.763654	6.176825	7	-1.883051	-2.267699	11.6127	0.8136646	-4.813833
73.58	6.620094	6.422206	3.505646	7	-1.795595	-2.079018	3.373867	-8.957327	-6.936275
73.6	6.165904	6.080756	0.5406591	7	-1.812994	-1.881778	7.217721	-9.690151	-4.382813
73.62	6.887378	6.968522	3.387149	7	-1.467524	-1.552175	11.48654	-2.300839	-1.018657
73.64	7.881927	7.583131	7.376098	7	-1.397548	-1.833481	9.019186	-1.613816	-4.14005
73.66	7.011546	6.763654	2.048139	7	-1.467541	-1.708072	-7.621449	7.332749	-9.239822
73.68	6.782941	6.763654	0.3828331	7	-1.62825	-1.452695	-1.068544	3.409084	-3.970146
73.7	6.658573	6.695365	-0.6009833	7	-1.612994	-1.552913	8.110625	-5.003129	-2.153129
73.72	8.336564	8.197738	7.061018	7	-1.416854	-1.736164	15.28437	-5.690152	-0.7989101
73.74	6.904912	6.763654	-0.8984194	7	-1.311602	-1.584735	-8.246613	5.714427	-9.683106
73.76	6.633792	6.695365	-2.311322	7	-1.456353	-1.250884	6.02488	8.920534	-1.293016
73.78	6.476625	6.763654	-3.15481	7	-1.060433	-0.9837401	11.55909	-0.2397704	0.6811152
73.8	7.003862	6.763654	-0.2379255	7	-1.118754	-1.607644	32.6396	-1.720686	2.273411
73.82	6.965534	6.831944	-0.502287	7	-0.6365979	-1.400666	27.02162	18.30985	-0.4115677
73.84	6.976583	6.763654	-0.3444256	7	-0.3615976	-1.082931	25.15533	18.14191	0.197238
73.86	7.808074	7.583131	3.655794	7	-0.03044747	-0.7385538	18.51621	10.81366	0.2804079
73.88	8.14817	7.65142	4.987087	7	-0.1355142	-0.8542359	5.364404	9.37855	-4.380973
73.9	7.790958	7.65142	2.596305	7	-0.1342977	-0.2643286	-17.81012	5.195343	-6.674663
73.92	6.833735	6.695365	-2.191825	7	-0.7230158	-0.4158709	-14.80985	-7.064197	-4.888418
73.94	6.496717	6.695365	-3.682746	7	-0.8704098	-0.442843	-0.9948139	-13.67488	0.2229223
73.96	6.66392	6.695365	-2.504937	7	-0.910376	-0.929632	18.3158	-20.28557	2.370267
73.98	7.686944	7.378261	2.68429	7	-0.8387631	-1.517689	31.22729	-19.69015	1.725795
74	7.193399	7.309972	-0.2853013	7	-0.07920657	-0.5546177	1.308642	14.81367	-3.867078
74.02	6.472216	6.695365	-3.757262	7	0.1172799	0.2819161	-6.577068	17.28695	-0.7611389
74.04	6.641024	6.763654	-2.430717	7	0.07391778	0.2388369	5.925608	15.88237	3.336419
74.06	6.627627	6.763654	-2.18159	7	0.3020268	0.2535318	6.373331	1.286947	2.340718
74.08	8.493237	8.197738	7.091928	7	0.2649434	-0.176551	12.22553	-4.407709	2.436476
74.1	8.355952	8.197738	5.472809	7	0.4542013	0.2022194	-27.81512	17.74496	-8.385949
74.12	6.628956	6.627074	-3.331522	7	-0.2067174	0.4746946	-39.74725	10.58466	-8.012214
74.14	7.806838	8.197738	2.353889	7	-0.4531852	0.5784239	-24.83276	9.561755	1.19273
74.16	6.830245	7.309972	-2.983508	7	-0.4467949	0.4974347	-38.83082	-7.003129	-5.362943
74.18	7.100503	7.309972	-1.483245	7	-1.00125	-0.11023	-14.49349	-23.62908	0.2893629
74.2	8.433494	8.197738	4.909367	7	-1.436672	-1.389849	5.394752	-17.32374	-1.200242
74.22	8.033221	7.924579	2.054586	7	-1.404855	-1.510885	-12.098	0.2793137	-8.670075
74.24	7.671377	7.856288	-0.361559	7	-1.42639	-0.9931678	-18.76214	2.752596	-6.218872
74.26	7.381713	7.856288	-2.261098	7	-1.275651	-0.5163151	-21.87178	-0.926793	-3.874269
74.28	6.754181	7.105102	-5.304079	7	-1.419683	-0.7227682	-9.245135	-11.03366	-1.767527
74.3	5.828683	6.080756	-9.195942	7	-1.533432	-1.213396	18.12612	-21.62908	2.122412
74.32	6.548227	6.149047	-4.391513	7	-1.756962	-2.61013	69.66617	-5.873358	7.806928
74.34	7.741806	7.241681	1.862773	7	-0.9073777	-2.803106	74.35169	16.9816	4.105116
74.36	8.279662	7.309972	4.562854	7	-0.4777864	-2.729854	60.47941	23.53122	-2.111369
74.38	7.403678	6.763654	0.120399	7	-0.05130219	-1.684996	31.23817	31.18008	-5.333588
74.4	6.835318	6.763654	-2.4948	7	0.4174652	-0.2515261	13.8966	13.76023	-0.6682491
74.42	6.687726	6.763654	-2.748024	7	0.7142527	0.4594134	8.604458	-2.697785	2.417919
74.44	6.974876	6.763654	-0.6830884	7	0.6098527	0.2152424	15.09773	-13.29321	3.04756
74.46	7.777285	7.241681	3.646546	7	0.3553053	-0.4081011	19.37156	-16.36191	0.9624224
74.48	6.837444	7.378261	-1.61388	7	1.351716	1.482	-31.47491	20.96634	-4.164233
74.5	6.987689	7.309972	-0.6186718	7	1.094193	1.954625	-32.74816	13.14954	1.180486
74.52	7.350397	7.309972	1.406643	7	0.4235281	1.027988	-23.35527	-3.659617	-0.2128191
74.54	7.269126	7.378261	0.8084106	7	0.1075439	0.6880128	-28.03394	-13.43061	-2.925326
74.56	8.201623	7.924579	5.219571	7	-0.6500854	-0.3195286	-15.18413	-3.53748	-2.794074
74.58	7.031862	7.036813	-1.180454	7	-0.9846198	-0.5660459	-27.95934	3.8671	-8.493483
74.6	6.931961	7.036813	-1.720057	7	-1.455835	-0.8293143	-8.865324	-6.636716	-1.955784
74.62	6.565126	7.036813	-3.761775	7	-1.149673	-0.611564	-6.934902	-13.49168	-1.198135
74.64	6.893023	7.036813	-1.959844	7	-1.154576	-0.9687451	11.24043	-20.74359	1.528623
74.66	8.08266	7.583131	4.000905	7	-1.421009	-2.107291	31.50998	-9.873357	0.07408524
74.68	8.941925	8.539186	7.345644	7	-1.079592	-1.987128	10.46664	14.34038	-6.576581
74.7	8.66842	8.470897	4.817903	7	-0.9846793	-1.226264	-22.66849	8.523589	-11.27433
74.72	8.440875	8.539186	2.721648	7	-1.245233	-0.6275987	-39.26554	-1.308473	-9.799014
74.74	7.200041	7.65142	-4.036053	7	-1.587344	-0.3658228	-45.0394	-14.77412	-8.573726
74.76	7.248726	7.583131	-3.70515	7	-2.1666	-1.063175	-13.61009	-27.36954	-1.397333
74.78	7.508175	7.71971	-2.47697	7	-2.231048	-1.854525	7.044596	-31.2932	-1.330591
74.8	8.665908	8.539186	2.945336	7	-2.148293	-2.456853	19.54786	-19.49168	-2.199848
74.82	6.881862	7.583131	-6.721411	7	-1.078051	-0.8155835	-21.46645	22.41672	-8.268776
74.84	6.36055	7.036813	-8.74183	7	-0.9051325	-0.02925682	-5.010996	17.22588	2.591392
74.86	6.416653	6.968522	-7.635889	7	-0.5225616	-0.121976	14.58335	3.073206	5.940973
74.88	7.295031	6.968522	-2.199943	7	-0.6757826	-1.376671	46.47294	7.97397	6.028949
74.9	7.349965	7.036813	-1.501195	7	-0.1631812	-1.383748	39.60315	30.34038	0.9178286
74.92	7.068724	7.309972	-2.765321	7	0.8508655	0.2349606	10.33332	35.11901	0.5581465
74.94	7.080639	7.309972	-2.258272	7	1.275357	1.208145	-4.475934	18.11137	2.19663
74.96	7.369974	7.309972	-0.2590456	7	1.101994	1.099466	-6.3803	2.233512	1.723144
74.98	7.497527	7.309972	0.7227585	7	0.7595406	0.728407	-9.791471	6.645725	-0.6799316
75	7.769968	7.856288	1.957618	7	0.7177588	0.9898063	-24.63324	4.859466	-2.198901
75.02	7.150846	7.105102	-1.05743	7	0.1333003	0.6342666	-28.61899	-1.842824	-4.26403
75.04	6.761951	6.968522	-2.810019	7	-0.2629677	0.4671014	-21.89551	-2.056564	-1.445642
75.06	6.514054	6.968522	-3.877995	7	-0.2463982	0.5178195	-17.07029	-7.598548	0.4995222
75.08	7.284744	7.583131	0.06451154	7	-0.2141975	0.2883607	-7.940421	-13.32374	2.015082
75.1	6.915648	6.763654	-1.592651	7	-0.6014113	-0.5569018	-1.31969	-8.590915	-2.259563
75.12	6.385917	6.763654	-4.176774	7	-0.2753232	0.04132485	-6.492401	5.882367	-0.4271879
75.14	6.36475	6.695365	-3.8873	7	-0.100121	0.2284076	1.521882	1.500688	2.830888
75.16	7.597505	7.65142	2.401076	7	0.06862271	-0.008251637	8.094193	-1.232137	3.113908
75.18	7.828101	7.583131	3.268981	7	0.01694365	-0.3081219	-5.564264	2.630459	-3.857255
75.2	7.772955	7.583131	2.622251	7	-0.2593372	-0.2462738	-17.19489	13.24115	-5.523404
75.22	7.290795	7.583131	-0.2949538	7	-0.2567586	0.3772616	-34.50581	5.59229	-5.609459
75.24	8.969601	9.017213	7.455664	7	-0.6820788	0.0068966	-29.05262	-6.377174	-2.953075
75.26	7.970508	8.197738	1.322852	7	-0.9568765	-0.04744478	-58.42325	-17.26267	-12.64781
75.28	6.907003	7.309972	-4.295642	7	-1.747837	-0.2092387	-47.45618	-26.94206	-7.16671
75.3	6.922545	7.309972	-4.145392	7	-2.321475	-1.130425	-13.46075	-22.92679	-1.143322
75.32	7.952286	8.129447	0.7206971	7	-2.335599	-2.01315	8.974214	-21.67488	-0.7669659
75.34	8.42875	8.129447	2.56764	7	-2.439816	-2.859447	15.16871	-15.0642	-5.897471
75.36	6.745381	7.173392	-6.435455	7	-1.781033	-1.660499	-9.434186	12.70679	-8.225414
75.38	7.617407	8.197738	-2.109394	7	-1.299161	-0.7656917	1.735519	10.23351	2.029381
75.4	7.305689	7.583131	-3.664801	7	-1.015905	-0.8546297	-1.345721	-0.6061825	-2.209904
75.42	7.966846	7.65142	0.01744843	7	-1.416673	-1.719586	21.27418	-0.8351899	-0.192771
75.44	7.626919	7.583131	-1.808846	7	-1.086776	-1.540368	10.55429	12.43198	-4.087319
75.46	7.039312	7.036813	-4.453345	7	-0.9924513	-1.223415	11.79201	11.14954	-2.016505
75.48	7.068144	7.105102	-3.82065	7	-0.8042499	-1.084707	21.10429	7.256413	1.343377
75.5	7.342949	7.036813	-1.870322	7	-0.7974199	-1.536397	33.5863	-2.102366	1.290086
75.52	7.154301	7.036813	-2.516534	7	-0.3312186	-1.125175	25.17693	6.706794	-0.3760252
75.54	7.070389	6.968522	-2.492181	7	-0.01497062	-0.6409941	20.66488	11.48542	0.7045174
75.56	7.255017	7.036813	-1.082117	7	0.1058816	-0.5292168	20.12309	7.470154	1.025503
75.58	7.274345	6.968522	-0.5810993	7	0.1197976	-0.548546	16.70013	6.279313	-0.3482819
75.6	7.76812	7.583131	1.957086	7	0.2817711	-0.2218282	6.285376	8.477786	-0.8940439
75.62	7.752213	7.65142	1.693418	7	0.326332	0.151868	-13.28747	3.348016	-4.054467
75.64	7.755994	7.65142	1.57508	7	-0.02827207	0.1808752	-21.61388	0.7373287	-4.444106
75.66	7.756811	7.71971	1.345005	7	-0.4711911	-0.04280901	-25.28814	-4.957327	-5.036019
75.68	9.041944	9.085504	6.965484	7	-0.7319248	-0.1952016	-32.09727	-10.0413	-5.471872
75.7	7.275667	7.309972	-2.52024	7	-1.407883	-0.585946	-48.91818	-13.88862	-12.95871
75.72	7.140597	7.378261	-3.18315	7	-2.171861	-1.040186	-20.525	-13.12527	-3.336357
75.74	6.957747	7.378261	-4.239313	7	-2.168446	-1.466661	-5.601095	-15.12527	-2.422197
75.76	6.874139	7.241681	-4.626468	7	-1.940313	-1.599468	7.952826	-18.80466	-0.7320642
75.78	7.560222	7.378261	-0.9485663	7	-2.012125	-2.40947	32.13414	2.706795	0.4319305
75.8	7.39064	7.309972	-1.91934	7	-1.508444	-2.22865	25.617	12.35565	-3.091149
75.82	7.804863	7.583131	0.1728749	7	-1.251224	-1.983467	26.54811	14.56939	-1.692607
75.84	7.626146	7.583131	-0.8989011	7	-0.7910378	-1.350242	10.50454	8.004505	-3.869653
75.86	7.857615	7.65142	0.3104108	7	-0.8187277	-1.21542	9.357459	-1.934427	-2.744467
75.88	7.639436	7.583131	-0.8724811	7	-0.7204057	-0.9434519	-0.7762399	0.3251148	-4.244637
75.9	7.819583	7.65142	0.08152366	7	-0.9339495	-1.072744	2.058731	-0.8962589	-3.143723
75.92	7.577995	7.583131	-1.238896	7	-0.9156252	-0.9462847	-4.692361	-1.171068	-4.406341
75.94	7.622268	7.583131	-0.9852146	7	-1.077531	-1.036843	-1.145779	-2.560381	-3.121505
75.96	7.534932	7.583131	-1.476321	7	-1.074799	-1.02742	-2.442807	-3.400075	-3.48315
75.98	7.620706	7.583131	-1.02408	7	-1.189653	-1.197494	1.747309	-0.5451137	-2.985224
76	7.615059	7.65142	-1.143633	7	-1.133723	-1.156124	-0.2537899	-0.2245032	-3.512393
76.02	7.579402	7.583131	-1.349076	7	-1.163447	-1.173601	0.2110757	0.4319855	-3.43512
76.04	7.59193	7.583131	-1.294816	7	-1.197217	-1.231216	1.807468	-0.3466406	-3.240191
76.06	7.580133	7.65142	-1.425269	7	-1.104692	-1.104397	-0.5282938	0.2335122	-3.310662
76.08	7.560981	7.583131	-1.515961	7	-1.121708	-1.11648	0.1451318	-0.1023657	-3.184222
76.1	7.538148	7.583131	-1.62851	7	-1.10022	-1.09141	0.1081115	0.09610759	-3.091046
76.12	7.582675	7.583131	-1.374812	7	-1.126852	-1.156604	1.834571	-0.02602985	-2.955492
76.14	7.636293	7.65142	-1.13551	7	-1.094701	-1.143085	0.908645	-0.1329001	-3.233425
76.16	7.581068	7.583131	-1.424211	7	-1.105498	-1.139708	-0.07362747	0.1724435	-3.544779
76.18	7.567078	7.583131	-1.486984	7	-1.120072	-1.128961	0.1824608	0.00450451	-3.274599
76.2	7.606615	7.65142	-1.314476	7	-1.089482	-1.082374	-0.68616	0.08084041	-3.224971
76.22	7.688682	7.71971	-0.9568634	7	-1.083702	-1.068388	-1.943525	0.03503887	-3.455127
76.24	7.65238	7.65142	-1.182361	7	-1.148926	-1.125967	-2.767503	-0.1023657	-3.955426
76.26	7.529115	7.583131	-1.826363	7	-1.180451	-1.098459	-3.419604	0.01977169	-3.826316
76.28	7.560906	7.65142	-1.679034	7	-1.175223	-1.064553	-2.472364	-0.1787016	-3.153175
76.3	7.505894	7.583131	-1.947744	7	-1.174905	-1.089681	-2.000698	-0.3924422	-3.313485
76.32	7.53921	7.583131	-1.739769	7	-1.19974	-1.157204	0.3781613	0.08084041	-2.996897
76.34	7.510397	7.583131	-1.87877	7	-1.145796	-1.122778	-0.226722	0.1113748	-3.192039
76.36	7.578742	7.65142	-1.53405	7	-1.094626	-1.063876	-0.6741256	0.05030605	-3.007599
76.38	7.667507	7.71971	-1.125834	7	-1.067012	-1.038585	-2.343911	-0.01076267	-3.392853
76.4	7.534416	7.583131	-1.804753	7	-1.096475	-1.026102	-4.354921	-0.04129703	-3.936052
76.42	7.520544	7.583131	-1.836553	7	-1.148887	-1.040808	-2.830946	-0.02602985	-3.259714
76.44	7.486071	7.583131	-1.993364	7	-1.132675	-1.027276	-2.845013	-0.04129703	-3.231357
76.46	7.57696	7.65142	-1.524245	7	-1.131321	-1.049132	-1.921523	0.08084041	-3.041505
76.48	7.59757	7.65142	-1.442098	7	-1.135146	-1.078863	-2.809681	-0.07183139	-3.57577
76.5	7.505816	7.583131	-1.911708	7	-1.141068	-1.04434	-4.100352	0.08084041	-3.734867
76.52	7.570631	7.65142	-1.582837	7	-1.158776	-1.044462	-3.219931	-0.05656421	-3.253749
76.54	7.523637	7.583131	-1.814153	7	-1.191655	-1.104409	-3.092856	0.0655728	-3.648224
76.56	7.429008	7.51484	-2.254067	7	-1.201365	-1.098197	-2.500328	-0.01076267	-3.423895
76.58	7.50738	7.583131	-1.815261	7	-1.198764	-1.126493	-0.3587059	-0.05656421	-2.899775
76.6	7.491558	7.583131	-1.894908	7	-1.136871	-1.085391	-1.767542	0.0655728	-3.341955
76.62	7.484595	7.583131	-1.913372	7	-1.095367	-1.01158	-2.813027	0.00450451	-3.247075
76.64	7.530588	7.583131	-1.642647	7	-1.123726	-1.057658	-2.0135	0.0655728	-3.227062
76.66	7.527571	7.583131	-1.650672	7	-1.132891	-1.074862	-2.714428	0.00450451	-3.552202
76.68	7.581948	7.65142	-1.402803	7	-1.132207	-1.050221	-3.78378	0.01977169	-3.591709
76.7	7.508366	7.583131	-1.792104	7	-1.157516	-1.043094	-5.259737	0.01977169	-3.947548
76.72	7.588153	7.65142	-1.403966	7	-1.215003	-1.090008	-4.164813	-0.02602985	-3.591638
76.74	7.57301	7.65142	-1.540815	7	-1.236131	-1.112369	-5.453188	-0.04129703	-4.097313
76.76	7.540594	7.65142	-1.762688	7	-1.24919	-1.075337	-6.534804	0.05030605	-4.04482
76.78	7.469024	7.583131	-2.135193	7	-1.289694	-1.094425	-5.933607	-0.1939688	-3.87527
76.8	7.519311	7.65142	-1.902933	7	-1.289012	-1.099906	-4.827011	0.01977169	-3.482188
76.82	7.442416	7.583131	-2.304053	7	-1.267059	-1.08663	-5.333927	-0.08709857	-3.743261
76.84	7.52155	7.65142	-1.904691	7	-1.257032	-1.085133	-4.077289	0.1266419	-3.287017
76.86	7.452044	7.583131	-2.258187	7	-1.230759	-1.0733	-5.007266	0.1877107	-3.721161
76.88	7.401932	7.51484	-2.446644	7	-1.250075	-1.094998	-3.304548	0.01977169	-3.326737
76.9	7.545224	7.65142	-1.706621	7	-1.222819	-1.114366	-2.022841	0.00450451	-3.059733
76.92	7.575402	7.65142	-1.5842	7	-1.204717	-1.131693	-3.707601	0.00450451	-3.868725
76.94	7.501008	7.583131	-1.967362	7	-1.223659	-1.1078	-5.09962	0.03503887	-4.080508
76.96	7.577453	7.65142	-1.586926	7	-1.269271	-1.141658	-4.141202	-0.1023657	-3.718179
76.98	7.546444	7.65142	-1.797182	7	-1.263937	-1.121854	-6.069839	0.03503887	-4.202985
77	7.55945	7.65142	-1.759091	7	-1.311728	-1.146001	-5.793255	0.0655728	-4.054265
77.02	7.456215	7.583131	-2.300343	7	-1.325957	-1.134438	-6.447152	0.08084041	-4.170333
77.04	7.51551	7.65142	-2.009405	7	-1.333379	-1.133855	-5.106759	-0.04129703	-3.596202
77.06	7.428538	7.583131	-2.458548	7	-1.303907	-1.10821	-6.02319	-0.2703047	-3.921819
77.08	7.449354	7.583131	-2.3147	7	-1.313719	-1.126229	-4.163199	0.1113748	-3.413383
77.1	7.525363	7.65142	-1.934566	7	-1.285489	-1.140203	-3.916272	-0.07183139	-3.531905
77.12	7.535728	7.65142	-1.907489	7	-1.264974	-1.125345	-5.279761	0.0655728	-3.95923
77.14	7.455465	7.583131	-2.309575	7	-1.268294	-1.089377	-6.337762	0.01977169	-4.042857
77.16	7.499883	7.65142	-2.08587	7	-1.256832	-1.046694	-6.319656	-0.01076267	-3.625081
77.18	7.521084	7.65142	-1.988798	7	-1.268649	-1.071837	-6.661989	0.01977169	-3.892374
77.2	7.456034	7.583131	-2.307508	7	-1.300108	-1.095671	-6.793683	0.00450451	-4.052135
77.22	7.548153	7.65142	-1.835064	7	-1.349685	-1.170449	-4.890901	0.09610759	-3.728675
77.24	7.493384	7.65142	-2.168633	7	-1.303905	-1.107511	-7.522841	-0.1176329	-4.2883
77.26	7.460567	7.583131	-2.31249	7	-1.357791	-1.143459	-6.272598	-1.369541	-3.974937
77.28	7.542211	7.65142	-1.903328	7	-1.391243	-1.217485	-4.643155	-1.827557	-3.829888
77.3	7.444828	7.583131	-2.41775	7	-1.371132	-1.195914	-6.084556	-1.949694	-4.310997
77.32	7.568901	7.65142	-1.778561	7	-1.429775	-1.284006	-3.275852	-2.636717	-3.758735
77.34	7.480554	7.583131	-2.253579	7	-1.421443	-1.300602	-4.637371	-0.6061825	-4.49201
77.36	7.522251	7.583131	-2.017602	7	-1.484127	-1.380382	-2.0459	-0.02602985	-3.999338
77.38	7.49869	7.65142	-2.199533	7	-1.387774	-1.256251	-4.840507	0.08084041	-4.26508
77.4	7.508137	7.583131	-2.125234	7	-1.440496	-1.3197	-3.217918	-0.1176329	-4.083687
77.42	7.468591	7.583131	-2.32842	7	-1.417857	-1.295259	-3.794962	0.3251148	-4.180652
77.44	7.571152	7.65142	-1.81102	7	-1.434234	-1.33415	-2.600439	0.00450451	-3.955475
77.46	7.5287	7.65142	-2.083	7	-1.383024	-1.260878	-5.564583	0.0655728	-4.559878
77.48	7.511349	7.583131	-2.14863	7	-1.454998	-1.319831	-4.24317	0.00450451	-4.325477
77.5	7.450451	7.583131	-2.462715	7	-1.434276	-1.276437	-4.972754	-0.3924422	-4.290669
77.52	7.537963	7.65142	-2.02005	7	-1.439106	-1.290523	-3.884746	-0.3619078	-3.943113
77.54	7.568215	7.65142	-1.894106	7	-1.456329	-1.345455	-4.221119	-1.919159	-4.44958
77.56	7.494165	7.583131	-2.279737	7	-1.483934	-1.357418	-4.748468	-1.476411	-4.656648
77.58	7.5285	7.65142	-2.129701	7	-1.47574	-1.319844	-4.737654	0.05030605	-4.273165
77.6	7.485964	7.583131	-2.340685	7	-1.504864	-1.365943	-4.311489	-0.01076267	-4.467294
77.62	7.462006	7.583131	-2.454024	7	-1.498824	-1.352924	-3.91457	-0.05656421	-4.252353
77.64	7.53573	7.65142	-2.090943	7	-1.481375	-1.351717	-3.488669	0.2487794	-4.113306
77.66	7.466381	7.583131	-2.44748	7	-1.464553	-1.333564	-4.705211	-0.07183139	-4.52853
77.68	7.571706	7.65142	-1.90678	7	-1.502009	-1.386202	-3.044205	0.08084041	-4.152022
77.7	7.48109	7.583131	-2.385382	7	-1.492736	-1.379043	-4.754865	-0.377175	-4.787097
77.72	7.485526	7.583131	-2.340823	7	-1.52119	-1.386788	-3.565297	0.2487794	-4.297929
77.74	7.467526	7.583131	-2.425808	7	-1.506108	-1.379725	-3.661352	-0.1481673	-4.349575
77.76	7.432107	7.583131	-2.599884	7	-1.454405	-1.298486	-4.708257	0.1419087	-4.251421
77.78	7.453549	7.583131	-2.456833	7	-1.445922	-1.290486	-4.163785	0.2029778	-4.040832
77.8	7.460364	7.583131	-2.398273	7	-1.433532	-1.291823	-4.371408	-0.04129703	-4.184418
77.82	7.545131	7.65142	-1.973549	7	-1.433918	-1.302036	-4.595603	0.03503887	-4.254044
77.84	7.713001	7.787999	-1.209995	7	-1.456693	-1.340322	-6.079842	0.05030605	-4.780197
77.86	7.54661	7.65142	-2.145723	7	-1.499475	-1.309691	-10.26717	0.00450451	-5.805193
77.88	7.507781	7.65142	-2.374367	7	-1.58318	-1.2964	-9.485535	-0.468778	-4.947803
77.9	7.499132	7.65142	-2.448585	7	-1.641924	-1.368198	-7.983659	-2.255037	-4.772502
77.92	7.537455	7.65142	-2.277418	7	-1.712323	-1.501856	-5.3736	-3.629083	-4.726747
77.94	7.553198	7.65142	-2.24133	7	-1.748649	-1.599816	-3.940252	-2.713053	-4.942412
77.96	7.485495	7.583131	-2.604833	7	-1.766867	-1.644846	-2.942253	-1.155801	-5.011172
77.98	7.455359	7.583131	-2.760179	7	-1.731918	-1.612281	-1.948656	-0.1939688	-4.596326
78	7.473783	7.583131	-2.645349	7	-1.696403	-1.615133	-0.5317543	0.08084041	-4.361346
78.02	7.549757	7.65142	-2.269744	7	-1.631992	-1.584566	-0.6932713	0.05030605	-4.419728
78.04	7.621641	7.65142	-1.910462	7	-1.649694	-1.650897	-0.4119862	0.01977169	-4.819468
78.06	7.535079	7.583131	-2.360516	7	-1.65226	-1.635053	-2.026135	-0.04129703	-5.273284
78.08	7.545075	7.583131	-2.283437	7	-1.696503	-1.664574	-0.6444552	-0.05656421	-4.825807
78.1	7.49216	7.583131	-2.556622	7	-1.655841	-1.606137	-1.856548	-0.2245032	-4.926355
78.12	7.481576	7.583131	-2.588817	7	-1.627175	-1.550075	-1.994983	-0.1176329	-4.622911
78.14	7.543896	7.65142	-2.276248	7	-1.585505	-1.50285	-2.684341	0.08084041	-4.56843
78.16	7.513063	7.583131	-2.411664	7	-1.607808	-1.534563	-3.077468	0.01977169	-4.933528
78.18	7.508258	7.583131	-2.412241	7	-1.631791	-1.54958	-2.768292	0.00450451	-4.822015
78.2	7.565924	7.65142	-2.135155	7	-1.62887	-1.545549	-3.17889	0.00450451	-4.84553
78.22	7.514991	7.583131	-2.393741	7	-1.662909	-1.578573	-3.716276	0.00450451	-5.20607
78.24	7.483841	7.583131	-2.547429	7	-1.67328	-1.557688	-3.783338	-0.05656421	-4.975554
78.26	7.560463	7.65142	-2.172559	7	-1.684585	-1.579181	-3.201017	0.1419087	-4.824309
78.28	7.538539	7.65142	-2.333032	7	-1.662377	-1.54261	-5.211082	0.00450451	-5.280556
78.3	7.417723	7.51484	-2.910797	7	-1.715374	-1.568779	-4.579991	-0.08709857	-5.173281
78.32	7.466658	7.583131	-2.631891	7	-1.72327	-1.58674	-2.548207	-0.3619078	-4.53386
78.34	7.475446	7.583131	-2.579611	7	-1.700216	-1.605972	-2.45151	-0.08709857	-4.806144
78.36	7.440097	7.583131	-2.760919	7	-1.637222	-1.51452	-4.0259	0.00450451	-4.853567
78.38	7.547946	7.65142	-2.208475	7	-1.638939	-1.522745	-3.476833	0.08084041	-4.64319
78.4	7.487429	7.583131	-2.52109	7	-1.648593	-1.53701	-4.980054	0.05030605	-5.290685
78.42	7.628135	7.71971	-1.848828	7	-1.674358	-1.545408	-4.868467	0.03503887	-5.00425
78.44	7.477471	7.583131	-2.65165	7	-1.703622	-1.548308	-7.360692	-0.02602985	-5.85223
78.46	7.488056	7.583131	-2.575097	7	-1.792176	-1.612254	-4.738642	0.2793137	-5.057552
78.48	7.398531	7.583131	-3.055776	7	-1.731748	-1.528465	-6.296753	-0.2855719	-5.162478
78.5	7.452689	7.583131	-2.74228	7	-1.759634	-1.579978	-3.699979	-0.8962589	-4.611505
78.52	7.416351	7.583131	-2.930292	7	-1.696679	-1.532469	-4.858589	0.0655728	-4.923175
78.54	7.581877	7.65142	-2.07067	7	-1.752144	-1.650764	-2.14846	-0.1023657	-4.690949
78.56	7.458096	7.583131	-2.741876	7	-1.705055	-1.5927	-5.670823	0.01977169	-5.678843
78.58	7.488315	7.583131	-2.559768	7	-1.759562	-1.615551	-3.928258	-0.01076267	-4.992652
78.6	7.490907	7.65142	-2.592263	7	-1.699824	-1.533898	-6.064215	-0.3619078	-5.212107
78.62	7.449996	7.583131	-2.790273	7	-1.721966	-1.535116	-6.184167	-1.995495	-5.216028
78.64	7.516695	7.583131	-2.414429	7	-1.81726	-1.687511	-3.086266	-0.1481673	-5.024019
78.66	7.487642	7.583131	-2.582623	7	-1.819778	-1.72025	-3.571815	-0.1787016	-5.466158
78.68	7.459079	7.583131	-2.742013	7	-1.801214	-1.67166	-4.121572	0.1877107	-5.312992
78.7	7.553065	7.65142	-2.285456	7	-1.81236	-1.697794	-3.359197	-0.5298465	-5.146578
78.72	7.494624	7.583131	-2.604918	7	-1.829703	-1.727617	-4.248485	-0.2855719	-5.694392
78.74	7.431506	7.583131	-2.942383	7	-1.796399	-1.630649	-5.42537	0.01977169	-5.394366
78.76	7.478516	7.583131	-2.674813	7	-1.836386	-1.69303	-3.295134	0.0655728	-5.024817
78.78	7.538938	7.65142	-2.401658	7	-1.816847	-1.705565	-3.757094	-0.04129703	-5.315569
78.8	7.393501	7.51484	-3.129899	7	-1.816251	-1.679761	-4.993776	0.2029778	-5.661298
78.82	7.466401	7.583131	-2.724383	7	-1.833772	-1.692892	-2.777593	-0.02602985	-4.859718
78.84	7.531482	7.65142	-2.426358	7	-1.795389	-1.689342	-3.759082	-0.209236	-5.282389
78.86	7.478823	7.583131	-2.704052	7	-1.804022	-1.683609	-4.950752	0.2793137	-5.653818
78.88	7.492395	7.583131	-2.621793	7	-1.850342	-1.723062	-3.912649	-0.1176329	-5.398345
78.9	7.482221	7.583131	-2.67922	7	-1.864923	-1.748313	-3.853184	-0.07183139	-5.52154
78.92	7.47204	7.583131	-2.737442	7	-1.867308	-1.744601	-3.897669	0.0655728	-5.486926
78.94	7.454681	7.583131	-2.832269	7	-1.851875	-1.715046	-4.310817	0.2182446	-5.441839
78.96	7.448836	7.583131	-2.859462	7	-1.838249	-1.69024	-4.476735	-0.05656421	-5.346745
78.98	7.510504	7.65142	-2.571115	7	-1.811963	-1.657128	-5.123159	0.03503887	-5.320884
79	7.532447	7.65142	-2.492986	7	-1.823853	-1.668238	-6.127134	0.03503887	-5.67909
79.02	7.548318	7.65142	-2.446778	7	-1.874	-1.709727	-6.382393	-0.1023657	-5.84759
79.04	7.529434	7.65142	-2.592394	7	-1.909978	-1.72383	-7.069365	0.09610759	-5.995335
79.06	7.448716	7.583131	-3.01711	7	-1.955759	-1.746948	-6.744471	-0.3008391	-5.922989
79.08	7.407048	7.583131	-3.230443	7	-1.949095	-1.720919	-6.002277	-0.3924422	-5.485021
79.1	7.393921	7.583131	-3.284878	7	-1.912754	-1.69293	-5.323622	-2.300839	-5.218616
79.12	7.546808	7.65142	-2.493682	7	-1.944585	-1.811145	-2.545226	-1.842824	-5.103163
79.14	7.422743	7.583131	-3.160511	7	-1.872052	-1.730166	-5.923837	0.5541226	-5.98401
79.16	7.5644	7.65142	-2.421109	7	-1.935798	-1.802294	-3.157596	0.1113748	-5.267793
79.18	7.543249	7.65142	-2.583749	7	-1.92363	-1.812686	-5.254669	-0.3619078	-6.120943
79.2	7.522359	7.65142	-2.73126	7	-1.931747	-1.764659	-6.438535	0.2487794	-6.027092
79.22	7.463338	7.583131	-3.026849	7	-1.982716	-1.801111	-5.792048	-0.3619078	-5.936211
79.24	7.440763	7.583131	-3.131553	7	-1.995321	-1.814036	-4.74716	-0.8504573	-5.63763
79.26	7.40899	7.583131	-3.286882	7	-1.952245	-1.767691	-4.868425	-2.957327	-5.505543
79.28	7.475432	7.583131	-2.906238	7	-1.982317	-1.853726	-2.398252	-1.964961	-5.29434
79.3	7.509305	7.583131	-2.720163	7	-1.999681	-1.940914	-1.516737	0.00450451	-5.69014
79.32	7.52252	7.65142	-2.702231	7	-1.931822	-1.842595	-3.973964	-0.02602985	-5.90966
79.34	7.514617	7.583131	-2.729239	7	-1.988024	-1.897791	-3.401329	-0.1023657	-5.977083
79.36	7.61267	7.71971	-2.298625	7	-1.973529	-1.86621	-4.613286	0.00450451	-5.999248
79.38	7.476168	7.583131	-3.022643	7	-2.003989	-1.860485	-6.534284	-0.01076267	-6.574573
79.4	7.444123	7.583131	-3.17374	7	-2.036596	-1.842921	-5.393261	-0.2397704	-5.851768
79.42	7.459696	7.583131	-3.074965	7	-2.06229	-1.907534	-3.550646	-1.934427	-5.682889
79.44	7.405673	7.51484	-3.309927	7	-2.075032	-1.965594	-2.191186	-2.987862	-5.77328
79.46	7.534903	7.583131	-2.616439	7	-2.115566	-2.090335	1.195785	-0.819923	-5.466317
79.48	7.459898	7.583131	-3.043178	7	-2.009279	-1.975338	-2.383036	0.3403825	-6.213084
79.5	7.545104	7.583131	-2.5769	7	-2.06579	-2.039638	-0.2296014	-0.02602985	-5.753345
79.52	7.543056	7.583131	-2.603199	7	-2.077861	-2.083572	-0.8863426	-0.02602985	-6.293935
79.54	7.578785	7.65142	-2.475363	7	-2.059667	-2.02711	-2.480309	0.1419087	-6.322808
79.56	7.50198	7.583131	-2.892595	7	-2.074701	-1.998919	-3.945641	-0.2703047	-6.546368
79.58	7.560893	7.65142	-2.622472	7	-2.099447	-1.996508	-3.507899	-0.1787016	-6.15059
79.6	7.458772	7.583131	-3.171644	7	-2.089464	-1.960077	-5.161576	-0.7741214	-6.508831
79.62	7.479717	7.583131	-3.044523	7	-2.133869	-2.000028	-3.108577	-2.346641	-5.938153
79.64	7.490312	7.583131	-2.987181	7	-2.14854	-2.062008	-2.074124	-2.041297	-6.074856
79.66	7.563232	7.65142	-2.649623	7	-2.138918	-2.077163	-1.945869	-2.071831	-6.139031
79.68	7.543831	7.583131	-2.758448	7	-2.190021	-2.162882	-1.47637	0.2793137	-6.551504
79.7	7.583019	7.65142	-2.60848	7	-2.191616	-2.153335	-1.824646	-0.2397704	-6.485666
79.72	7.484684	7.583131	-3.142135	7	-2.178344	-2.103441	-3.391767	0.1113748	-6.713112
79.74	7.504283	7.583131	-3.026112	7	-2.216431	-2.13735	-1.435452	0.00450451	-6.156512
79.76	7.494552	7.583131	-3.079215	7	-2.204932	-2.154567	-1.131881	0.05030605	-6.279192
79.78	7.57925	7.65142	-2.671907	7	-2.196204	-2.168031	-0.6750504	-0.1176329	-6.213542
79.8	6.854293	6.968522	-6.113835	7	-2.222161	-2.145547	-0.6133276	0.03503887	-6.694526
79.82	6.820999	6.968522	-5.820031	7	-2.192733	-2.161877	12.74656	0.01977169	-2.59868
79.84	6.918499	7.036813	-4.940652	7	-1.908251	-2.166065	18.43157	-0.2855719	-2.289022
79.86	7.170804	7.036813	-3.251561	7	-1.774825	-2.339149	24.17462	2.691527	-2.682126
79.88	7.182592	7.036813	-2.916521	7	-1.535037	-2.190739	19.54639	9.683893	-4.180981
79.9	7.061662	7.036813	-3.289527	7	-1.252105	-1.709057	10.43213	13.13428	-4.377328
79.92	6.984579	7.036813	-3.397819	7	-1.061203	-1.280583	3.330907	8.431986	-3.857074
79.94	7.103069	7.105102	-2.508638	7	-1.050102	-1.173937	0.7035445	3.912901	-3.658828
79.96	7.088929	7.036813	-2.337936	7	-1.154439	-1.252043	-1.986124	0.9510697	-4.672028
79.98	7.067825	6.968522	-2.214274	7	-1.366526	-1.44555	-1.21634	-0.05656421	-4.985104
80	6.909448	6.968522	-2.900623	7	-1.387606	-1.348946	-5.13787	-0.2245032	-5.245829
80.02	6.878563	6.968522	-2.910638	7	-1.448493	-1.320442	-4.95625	0.2640465	-4.54865
80.04	6.852135	6.968522	-2.928948	7	-1.473616	-1.328066	-5.216266	-1.109999	-4.536745
80.06	6.977655	7.036813	-2.204058	7	-1.55379	-1.45281	-3.398852	-0.3924422	-4.502452
80.08	6.939898	7.036813	-2.395983	7	-1.557431	-1.446824	-6.211824	-0.01076267	-5.341962
80.1	6.941421	7.036813	-2.374343	7	-1.618284	-1.45665	-6.639634	0.1571763	-5.212784
80.12	6.911137	7.036813	-2.537019	7	-1.654866	-1.459148	-7.513139	-0.7893886	-5.309613
80.14	6.892742	7.036813	-2.638417	7	-1.688781	-1.463652	-7.609124	-0.7893886	-5.187263
80.16	6.882394	7.036813	-2.700055	7	-1.713328	-1.479754	-7.342416	-1.491679	-5.106936
80.18	6.821903	6.968522	-2.983625	7	-1.749633	-1.52769	-6.216338	-2.178701	-5.051182
80.2	6.885645	7.036813	-2.655458	7	-1.748217	-1.552396	-4.709155	0.5235882	-4.705371
80.22	6.908895	7.036813	-2.551454	7	-1.742717	-1.589571	-4.57176	-0.08709857	-5.032038
80.24	6.881421	7.036813	-2.717841	7	-1.705659	-1.530245	-5.891647	-0.01076267	-5.14534
80.26	6.948369	7.036813	-2.364878	7	-1.767048	-1.624141	-3.818941	0.1113748	-4.961063
