0	1.371196	1.300479	6.409968	0	0.08966078	0.004020204	-3.495226	0.04755818	0
0.02	1.47539	1.300479	5.998531	0	-0.03947156	-0.006875901	-28.52327	0.04755818	-7.646636
0.04	1.271503	1.300479	4.055427	0	-0.4720948	0.2256289	-45.04337	-1.631831	-8.543337
0.06	0.8834597	1.300479	1.213531	0	-0.8337524	0.4799922	-55.52249	-20.83794	-7.69772
0.08	0.8867055	1.300479	0.5771613	0	-1.420148	0.04526659	-46.84884	-20.19671	-5.515073
0.1	0.8409553	1.300479	-0.3308573	0	-1.797983	-0.478563	-38.22375	-26.899	-5.389189
0.12	0.7253673	1.23219	-1.52352	0	-1.974861	-0.8032887	-29.70245	-13.67763	-4.738311
0.14	0.9927999	1.300479	-0.64106	0	-2.197622	-1.385387	-13.74104	-8.257786	-3.520535
0.16	0.09119125	0.3444233	-5.328847	0	-2.296592	-1.808783	-2.608555	-1.463892	-4.4517
0.18	-0.009617269	0.3444233	-5.635328	0	-2.050462	-1.798126	18.67125	1.650611	1.161532
0.2	0.06425254	0.3444233	-4.981712	0	-1.451896	-1.69365	30.63953	4.520841	2.55926
0.22	0.7905282	0.6858721	-1.018797	0	-0.9795343	-1.774776	40.95423	6.398704	2.940977
0.24	0.8809266	0.7541609	-0.537435	0	-0.3232695	-1.263737	26.96404	22.13916	-0.6990638
0.26	0.860124	0.6175833	-0.4393282	0	-0.08984137	-0.8339126	18.46652	26.68878	-1.045335
0.28	-0.03172682	0.07126522	-4.595325	0	0.2802623	0.005470842	3.382499	17.78801	-1.148259
0.3	0.1701965	0.002975464	-2.743323	0	0.07375532	-0.2097058	20.21623	5.039925	3.661317
0.32	0.1152706	0.139555	-2.557506	0	0.4412985	0.01222359	15.26017	1.391069	2.17275
0.34	0.2120051	0.002975464	-1.461612	0	0.4524858	-0.06635672	18.37067	5.513207	2.35182
0.36	0.1334575	0.002975464	-1.409032	0	0.6215652	0.1259094	12.93323	9.299465	1.423328
0.38	0.1067813	0.002975464	-1.110033	0	0.7217122	0.3561937	8.352846	9.11626	1.523726
0.4	0.1157031	0.002975464	-0.6683058	0	0.7304877	0.4535823	4.838588	5.910153	1.290816
0.42	0.04555748	0.002975464	-0.7124634	0	0.7527499	0.611873	-0.8102021	2.780382	0.8179747
0.44	1.161026	1.02732	4.818455	0	0.7025642	0.5756171	-4.813575	1.665879	0.8184453
0.46	0.7867832	0.6858721	2.512932	0	0.5408735	0.6432184	-28.407	1.665879	-5.819452
0.48	0.8250222	0.6858721	2.48845	0	-0.1356867	0.3607583	-27.91467	-0.5020603	-4.301884
0.5	0.4025247	0.6858721	-0.09982121	0	-0.3535876	0.4840961	-37.36938	-8.303587	-5.084428
0.52	0.7450054	0.6858721	1.477268	0	-1.130594	-0.4398181	-18.55811	-21.57076	-2.831322
0.54	0.3264807	0.6858721	-1.177845	0	-1.091159	-0.3959299	-25.14807	-14.36466	-4.929088
0.56	0.7508709	0.6858721	0.812927	0	-1.643535	-1.221526	-3.784147	-12.33412	-2.260638
0.58	0.2754371	0.6858721	-2.135357	0	-1.268777	-0.8375655	-14.31648	-10.08985	-4.512243
0.6	0.9756132	1.02732	1.172165	0	-1.449639	-1.171416	0.3670068	-3.738701	-1.282143
0.62	-0.07685527	0.002975464	-4.239393	0	-1.455191	-1.356657	-1.516336	-4.746335	-4.915598
0.64	0.02835554	-0.06531429	-3.285528	0	-1.6759	-1.793944	25.59944	2.123894	1.21764
0.66	1.15609	1.300479	2.045813	0	-0.9172544	-1.39029	21.8231	-2.624197	0.9432294
0.68	0.2733571	0.2761335	-2.560905	0	-0.5459296	-0.9278944	2.421379	7.940688	-4.697222
0.7	0.04373698	0.2761335	-3.483142	0	-0.3023703	-0.2004658	1.680655	12.93305	0.2934957
0.72	-0.2008903	0.3444233	-4.499011	0	0.2809053	0.6358831	-7.325392	-1.815037	1.676447
0.74	0.5327755	0.3444233	-0.1811318	0	-0.09535231	-0.1911749	13.41275	4.276566	3.254303
0.76	0.5039949	0.2761335	-0.1432849	0	-0.108654	-0.5637386	10.00769	5.81855	-1.219908
0.78	0.2778958	0.2761335	-1.188911	0	0.05749413	-0.1417806	0.7948269	16.65824	-1.340379
0.8	0.05796579	0.2761335	-2.159576	0	0.2821469	0.4276424	-7.762901	1.60481	-0.2399917
0.82	0.08151855	0.2761335	-1.783398	0	0.3174738	0.5939032	-8.486613	1.345268	0.8818884
0.84	0.403179	0.3444233	0.1004094	0	0.07972529	0.1656335	-2.259124	0.032291	0.5547987
0.86	0.1876701	0.2761335	-0.9622063	0	0.1156194	0.2385309	-9.92448	1.055192	-1.578006
0.88	1.240232	1.300479	4.055563	0	0.102986	0.3124571	-13.11259	1.864352	-0.5676854
0.9	1.461813	1.300479	4.562056	0	-0.2378346	-0.04342106	-27.61061	-1.143281	-6.623038
0.92	1.160197	1.300479	2.280343	0	-0.5617001	0.1860327	-44.64606	-0.9295411	-8.329781
0.94	-0.6614615	0.002975464	-7.116463	0	-0.8387144	0.6675614	-53.36862	-17.20435	-6.934272
0.96	-0.5901164	0.002975464	-6.218512	0	-1.336837	0.09093136	-15.18265	-20.7158	3.258451
0.98	-0.6118343	-0.06531429	-5.962083	0	-1.119792	-0.4766	4.462561	-22.99061	3.187395
1	0.9550126	1.300479	1.805613	0	-0.5436999	-0.4847867	11.86767	9.314734	3.933461
1.02	0.2939716	0.3444233	-1.694429	0	-0.2910761	-0.4439266	-5.970555	15.60481	-4.246974
1.04	-0.05242749	0.2761335	-3.316226	0	-0.09596869	0.2684086	-10.9734	22.04756	-0.6106457
1.06	-0.8087874	-0.6799221	-6.398384	0	-0.3281465	-0.04376623	3.023077	-4.883739	1.347645
1.08	0.2400765	0.6858721	-0.8783977	0	0.2644243	0.4368157	7.163459	3.391069	5.421624
1.1	0.8859735	0.6858721	2.452429	0	0.2304814	-0.1027024	4.525254	6.200229	-0.09789371
1.12	-0.5156944	-0.3384733	-4.525105	0	0.4082415	0.5309206	-18.04692	17.58954	-4.064787
1.14	-0.2689939	-0.2701836	-2.568814	0	-0.01999227	0.25975	4.273807	1.971222	3.467753
1.16	-0.6149756	-0.3384733	-3.957533	0	0.2986563	0.4014884	0.9774423	-0.837938	1.776646
1.18	0.6574995	0.6858721	2.62261	0	0.4293482	0.3407014	6.845837	-5.601296	3.759945
1.2	0.3834133	0.6858721	0.7983072	0	0.951431	1.108525	-27.12298	8.13916	-3.453503
1.22	1.016865	0.6858721	4.027492	0	0.1088324	0.3835339	-18.00245	5.345268	-2.105842
1.24	0.2508662	0.4127131	-0.2690833	0	-0.06759608	0.5061733	-36.50244	4.642977	-6.440517
1.26	0.4223302	0.3444233	0.6114203	0	-0.8752656	-0.2162898	-18.37223	-13.47916	-2.460946
1.28	-0.1296028	0.4127131	-2.601599	0	-0.647766	0.1801845	-29.221	-9.219617	-3.737682
1.3	0.1878167	0.2761335	-0.8982111	0	-1.141485	-0.5353521	-7.13404	-22.59366	-0.309597
1.32	-0.277558	0.2761335	-3.526026	0	-0.6969744	-0.1114358	-16.04044	-5.128014	-2.029856
1.34	0.1973429	0.3444233	-0.9939229	0	-0.8562341	-0.4847611	0.6683669	-11.90664	1.078961
1.36	-0.3994025	0.3444233	-4.293852	0	-0.04584002	0.5386674	-20.76063	5.87962	-1.408457
1.38	0.7445744	0.2761335	2.027611	0	-0.9709131	-1.029814	18.07867	1.940688	2.446968
1.4	0.6295578	0.3444233	1.177381	0	-0.9232613	-1.479564	10.54302	8.795649	-4.348145
1.42	0.6718677	0.2761335	1.281634	0	-1.157552	-1.670029	13.98024	9.314734	-3.691254
1.44	-0.2078174	0.2761335	-3.574054	0	-0.3805314	-0.2289515	-12.95857	3.482672	-4.009739
1.46	0.3453925	0.2761335	-0.4563095	0	-0.7293499	-0.5970274	7.29384	-7.280686	1.365495
1.48	0.03304192	0.4127131	-2.242192	0	-0.1765374	-0.0162333	-9.138453	-8.211984	-1.814046
1.5	0.7318701	0.2761335	1.648436	0	-0.8664906	-1.104271	15.28417	0.09335929	0.20396
1.52	0.3454002	0.2761335	-0.5314555	0	-0.6578923	-0.984264	2.679976	1.513207	-4.088509
1.54	0.2361337	0.2761335	-1.109568	0	-0.5815423	-0.6093273	0.3972934	4.490305	-1.87232
1.56	-0.03220162	0.3444233	-2.554621	0	-0.1787619	0.105251	-10.51455	-3.372289	-1.219373
1.58	0.3549328	0.4127131	-0.4219925	0	-0.3251795	-0.1185542	-2.11265	-1.09748	0.4770529
1.6	0.2819032	0.2761335	-0.7522089	0	-0.3927479	-0.3606573	-3.042781	-0.1051136	-1.802092
1.62	0.3467577	0.4127131	-0.4533637	0	-0.3822052	-0.2818001	-4.72277	3.497939	-1.519726
1.64	0.1248408	0.2761335	-1.591091	0	-0.3327571	-0.1187826	-9.088577	0.4750388	-1.931651
1.66	0.2083377	0.3444233	-1.107952	0	-0.3744631	-0.1106951	-6.674057	0.1391613	-0.7243711
1.68	0.221131	0.2761335	-0.9817933	0	-0.463998	-0.3046592	-4.18617	0.032291	-1.229334
1.7	0.1800002	0.2761335	-1.172705	0	-0.4584744	-0.3123928	-4.314072	0.459772	-1.371664
1.72	0.3254119	0.4127131	-0.4602077	0	-0.4464679	-0.3120104	-3.975528	0.2307643	-1.150179
1.74	0.3710891	0.4127131	-0.2908569	0	-0.4800027	-0.3753902	-5.294766	-0.1509152	-1.9667
1.76	0.3618	0.4127131	-0.4169482	0	-0.5321141	-0.3896486	-6.748522	-0.02877772	-2.277158
1.78	0.1839345	0.2761335	-1.343924	0	-0.587844	-0.3814896	-7.410913	-0.08984644	-2.277706
1.8	0.2169514	0.3444233	-1.178785	0	-0.6074712	-0.3790788	-5.125436	-0.3646557	-1.307955
1.82	0.1676035	0.3444233	-1.461029	0	-0.5289927	-0.3019224	-6.289193	-0.1051136	-1.451222
1.84	0.2510316	0.4127131	-1.055745	0	-0.481145	-0.2504882	-6.062472	0.2307643	-1.09978
1.86	0.3509242	0.4127131	-0.5597229	0	-0.5380687	-0.3864067	-4.603827	-0.01351054	-1.523293
1.88	0.2912503	0.4127131	-0.9372295	0	-0.5037278	-0.3214017	-7.597748	-0.1814495	-2.122094
1.9	0.2303455	0.3444233	-1.247508	0	-0.5464191	-0.3164332	-7.210827	0.01702339	-1.788971
1.92	0.2737357	0.4127131	-1.049831	0	-0.5448152	-0.309727	-6.6638	-0.08984644	-1.472966
1.94	0.2196431	0.3444233	-1.325922	0	-0.5575116	-0.3395531	-6.480268	0.06282536	-1.69845
1.96	0.1970784	0.3444233	-1.429574	0	-0.5413235	-0.3140097	-5.982534	0.07809254	-1.396515
1.98	0.1713558	0.2761335	-1.497921	0	-0.5689974	-0.3877451	-3.72636	0.032291	-1.246474
2	0.1623094	0.2761335	-1.489681	0	-0.5400147	-0.3980443	-2.514897	-0.07457926	-1.105096
2.02	0.2463751	0.3444233	-1.034075	0	-0.493733	-0.3905522	-1.9599	0.01702339	-1.029194
2.04	0.2643835	0.3444233	-0.9367051	0	-0.4566255	-0.3701876	-3.271159	0.09335929	-1.483712
2.06	0.1975174	0.2761335	-1.240468	0	-0.4561748	-0.3412891	-4.199427	-0.08984644	-1.607106
2.08	0.3356016	0.4127131	-0.5433691	0	-0.4565186	-0.3335741	-3.980833	0.032291	-1.28184
2.1	0.32199	0.4127131	-0.6721938	0	-0.4404612	-0.2961568	-7.19267	0.06282536	-2.090008
2.12	0.3518987	0.4127131	-0.5540924	0	-0.5218299	-0.3405355	-7.332522	-0.02877772	-2.065133
2.14	0.3256794	0.4127131	-0.7498614	0	-0.5790794	-0.3706441	-8.259645	-0.0440449	-2.316752
2.16	0.2189111	0.3444233	-1.325981	0	-0.6230739	-0.3665349	-8.563854	0.07809254	-2.217779
2.18	0.1871239	0.3444233	-1.492275	0	-0.637764	-0.3605316	-7.192433	-0.05931208	-1.632203
2.2	0.1251949	0.2761335	-1.769898	0	-0.6400899	-0.3975703	-5.291694	-0.02877772	-1.419283
2.22	0.2432138	0.4127131	-1.181555	0	-0.5651258	-0.3539357	-4.516659	-0.02877772	-1.029967
2.24	0.2119347	0.3444233	-1.339965	0	-0.525536	-0.3469409	-5.529628	0.01702339	-1.614021
2.26	0.2382903	0.3444233	-1.179096	0	-0.5339603	-0.3602605	-4.771333	0.032291	-1.430874
2.28	0.2334473	0.3444233	-1.193997	0	-0.5219113	-0.3561407	-5.192925	0.001756639	-1.597964
2.3	0.305517	0.4127131	-0.8447149	0	-0.5133609	-0.3440585	-5.6172	0.01702339	-1.586708
2.32	0.1619646	0.2761335	-1.555242	0	-0.5248722	-0.3311754	-6.946239	-0.01351054	-2.010414
2.34	0.3131582	0.4127131	-0.7757763	0	-0.5582628	-0.3677148	-4.753119	0.032291	-1.248508
2.36	0.2276828	0.3444233	-1.238676	0	-0.5405188	-0.362081	-6.959607	-0.0440449	-2.1141
2.38	0.2345895	0.3444233	-1.189931	0	-0.5733926	-0.3660136	-6.04489	0.032291	-1.655015
2.4	0.1592785	0.2761335	-1.541813	0	-0.5889561	-0.3916762	-5.545236	0.001756639	-1.718678
2.42	0.215267	0.3444233	-1.239556	0	-0.5705726	-0.3818917	-4.516187	-0.0440449	-1.308131
2.44	0.1352598	0.2761335	-1.621595	0	-0.5283458	-0.3429271	-5.490697	0.032291	-1.602973
2.46	0.1479456	0.2761335	-1.494737	0	-0.5172683	-0.3308893	-4.268691	0.001756639	-1.14703
2.48	0.2473044	0.3444233	-0.9622666	0	-0.50534	-0.3682362	-3.54477	-0.02877772	-1.222611
2.5	0.2334861	0.3444233	-1.048196	0	-0.4652877	-0.3202943	-5.923105	0.01702339	-1.796648
2.52	0.3278283	0.4127131	-0.5923249	0	-0.4921968	-0.3243894	-6.420503	-0.01351054	-1.748551
2.54	0.3292975	0.4127131	-0.6451272	0	-0.532851	-0.3467926	-8.309426	-0.0440449	-2.338058
2.56	0.3019786	0.4127131	-0.8501687	0	-0.5832368	-0.3375697	-9.68108	0.001756639	-2.417174
2.58	0.2524066	0.4127131	-1.170148	0	-0.6086909	-0.2984127	-10.8803	-0.2272511	-2.315583
2.6	0.1969742	0.3444233	-1.461527	0	-0.6812164	-0.3625505	-9.29447	0.1391613	-2.048614
2.62	0.1043865	0.2761335	-1.909522	0	-0.7038065	-0.4012594	-7.428239	0.04755818	-1.748198
2.64	0.1522626	0.3444233	-1.652442	0	-0.6562622	-0.3848651	-5.60137	-0.08984644	-1.190267
2.66	0.1006597	0.2761335	-1.877226	0	-0.5993922	-0.3717093	-5.263535	0.04755818	-1.374961
2.68	0.1161021	0.2761335	-1.732669	0	-0.5506259	-0.3473186	-4.066244	0.1696952	-1.034661
2.7	0.2208439	0.3444233	-1.161993	0	-0.5072609	-0.3568518	-3.496396	-0.02877772	-1.088984
2.72	0.199652	0.2761335	-1.225919	0	-0.5129066	-0.3999301	-3.950618	-0.0440449	-1.673812
2.74	0.2592102	0.3444233	-0.9122373	0	-0.508224	-0.3818303	-4.470877	0.04755818	-1.612224
2.76	0.2204821	0.2761335	-1.08335	0	-0.5552709	-0.4351541	-4.734983	-0.1051136	-1.990299
2.78	0.2954357	0.4127131	-0.7522205	0	-0.5226926	-0.3526127	-6.549291	-0.0440449	-1.85044
2.8	0.3064843	0.4127131	-0.7568268	0	-0.5407081	-0.3364631	-8.637455	0.06282536	-2.285844
2.82	0.1611589	0.2761335	-1.495707	0	-0.6099917	-0.3537419	-9.206838	0.001756639	-2.40239
2.84	0.202477	0.3444233	-1.282092	0	-0.6503385	-0.3770047	-7.251317	-0.2119839	-1.650971
2.86	0.09899402	0.2761335	-1.807369	0	-0.6231114	-0.3538583	-7.832109	0.01702339	-1.880075
2.88	0.2627423	0.4127131	-0.9837566	0	-0.6174175	-0.3727939	-5.884307	0.09335929	-1.269817
2.9	0.1943937	0.3444233	-1.368693	0	-0.5845581	-0.3603617	-8.077078	-0.05931208	-2.158412
2.92	0.1673722	0.3444233	-1.512366	0	-0.5660731	-0.2833982	-8.714544	0.01702339	-1.774684
2.94	0.1134043	0.2761335	-1.744084	0	-0.5840812	-0.3020752	-7.791267	0.1544284	-1.619343
2.96	0.2079828	0.3444233	-1.234334	0	-0.601292	-0.3659524	-5.725586	-0.01351054	-1.329517
2.98	0.2612453	0.4127131	-1.012563	0	-0.5534228	-0.3379161	-7.535741	-0.07457926	-1.861707
3	0.2216196	0.3444233	-1.227866	0	-0.5832902	-0.3491735	-8.380228	0.04755818	-2.153496
3.02	0.2902954	0.4127131	-0.911623	0	-0.6213429	-0.3764668	-8.028423	-0.07457926	-1.978639
3.04	0.133658	0.2761335	-1.713167	0	-0.6501466	-0.3861552	-8.991797	-0.08984644	-2.393238
3.06	0.1864484	0.3444233	-1.430383	0	-0.6701327	-0.3919747	-6.856112	-0.01351054	-1.54092
3.08	0.2462684	0.3444233	-1.122397	0	-0.7123608	-0.5207826	-4.879251	-0.02877772	-1.817399
3.1	0.1532601	0.3444233	-1.646942	0	-0.6160612	-0.3804653	-8.075317	-0.2272511	-2.157712
3.12	0.1772543	0.3444233	-1.50823	0	-0.6089069	-0.3399413	-7.334443	0.1696952	-1.583443
3.14	0.2742799	0.4127131	-1.031511	0	-0.6092022	-0.3775215	-6.957948	0.04755818	-1.710737
3.16	0.1392375	0.2761335	-1.707203	0	-0.6231321	-0.3875036	-8.07992	-0.1661823	-2.262383
3.18	0.1197989	0.2761335	-1.753953	0	-0.635927	-0.3757388	-6.444084	-0.05931208	-1.538521
3.2	0.1550616	0.2761335	-1.517055	0	-0.6524435	-0.455421	-4.217117	0.07809254	-1.428857
3.22	0.1970321	0.3444233	-1.309128	0	-0.5868244	-0.409246	-5.21591	-0.2119839	-1.628765
3.24	0.1890721	0.3444233	-1.359146	0	-0.5335003	-0.3250175	-7.261396	0.032291	-1.840452
3.26	0.1640291	0.2761335	-1.439356	0	-0.5763403	-0.3624258	-6.637267	0.1086269	-1.804672
3.28	0.2025927	0.3444233	-1.240946	0	-0.564574	-0.3417326	-7.038261	-0.1509152	-1.725433
3.3	0.136996	0.2761335	-1.553519	0	-0.5730702	-0.3389369	-7.73076	-0.01351054	-1.960672
3.32	0.2877526	0.4127131	-0.8037301	0	-0.5916205	-0.3647825	-6.879848	0.001756639	-1.630434
3.34	0.22143	0.3444233	-1.184225	0	-0.6070533	-0.3818811	-9.054631	-0.02877772	-2.500099
3.36	0.1868911	0.3444233	-1.383211	0	-0.6285816	-0.3389349	-9.629976	-0.02877772	-2.175179
3.38	0.1610265	0.3444233	-1.532279	0	-0.6336888	-0.3150849	-9.850832	-0.0440449	-2.003599
3.4	0.08732729	0.2761335	-1.883951	0	-0.6460079	-0.3200926	-9.219532	0.07809254	-1.857149
3.42	0.1140483	0.2761335	-1.696579	0	-0.6725996	-0.3888554	-6.52707	-0.0440449	-1.439448
3.44	0.08130805	0.2761335	-1.843596	0	-0.6095198	-0.3487843	-6.947037	-0.0440449	-1.578423
3.46	0.1512494	0.2761335	-1.428876	0	-0.6290206	-0.4210603	-4.630341	0.2307643	-1.352188
3.48	0.2199902	0.3444233	-1.090237	0	-0.5939656	-0.4257946	-5.383327	-0.1967167	-1.756018
3.5	0.1439395	0.2761335	-1.476514	0	-0.575804	-0.3776705	-7.323597	0.01702339	-2.144998
3.52	0.2346532	0.3444233	-1.007485	0	-0.6104709	-0.4015481	-6.359839	0.1544284	-1.751135
3.54	0.246913	0.3444233	-0.9762817	0	-0.6405151	-0.4513782	-7.183404	0.001756639	-2.300405
3.56	0.1966175	0.3444233	-1.281647	0	-0.6338509	-0.3857224	-9.22185	-0.0440449	-2.415728
3.58	0.09726411	0.2761335	-1.785829	0	-0.6434186	-0.333433	-9.763184	-0.07457926	-2.150707
3.6	0.161929	0.3444233	-1.452207	0	-0.6493983	-0.3374201	-8.35672	0.07809254	-1.602285
3.62	0.1851207	0.3444233	-1.349667	0	-0.6532464	-0.3817699	-8.250504	-0.07457926	-1.949291
3.64	0.1684886	0.3444233	-1.4609	0	-0.6378397	-0.3524991	-9.179183	-0.02877772	-2.079926
3.66	0.2388882	0.4127131	-1.14597	0	-0.6348469	-0.33629	-9.537416	0.06282536	-1.982413
3.68	0.1823812	0.3444233	-1.461662	0	-0.6625842	-0.3585415	-10.34094	-0.05931208	-2.377544
3.7	0.05954659	0.2761335	-2.077914	0	-0.6560418	-0.2956498	-10.81156	0.001756639	-2.08766
3.72	0.1342971	0.3444233	-1.672286	0	-0.6547579	-0.3045064	-8.683291	-0.08984644	-1.386934
3.74	0.1459982	0.3444233	-1.616136	0	-0.6242899	-0.3180339	-8.956385	0.04755818	-1.776369
3.76	0.1637416	0.3444233	-1.522543	0	-0.6186424	-0.3204781	-8.941887	0.1849628	-1.824092
3.78	0.2085755	0.3444233	-1.285678	0	-0.6611525	-0.3985718	-7.863928	-0.1661823	-1.929738
3.8	0.06511882	0.2761335	-2.021806	0	-0.6106137	-0.3009231	-10.2712	-0.07457926	-2.215285
3.82	0.1408934	0.3444233	-1.606936	0	-0.6051174	-0.2701016	-8.829307	0.07809254	-1.400301
3.84	0.1640837	0.3444233	-1.485565	0	-0.5964481	-0.3010623	-9.09845	-0.1203808	-1.817469
3.86	0.2232483	0.4127131	-1.221683	0	-0.574996	-0.2655723	-10.40654	0.09335929	-1.961264
3.88	0.2584932	0.4127131	-1.082314	0	-0.61946	-0.3075237	-11.08431	0.1696952	-2.306945
3.9	0.2000837	0.3444233	-1.40161	0	-0.6982955	-0.3765464	-11.06736	-0.1051136	-2.560679
3.92	0.202625	0.4127131	-1.448444	0	-0.6968317	-0.3287716	-11.78703	-0.2119839	-2.291888
3.94	0.1260736	0.3444233	-1.860112	0	-0.7109106	-0.3209095	-11.96513	0.01702339	-2.28968
3.96	0.1520852	0.3444233	-1.713948	0	-0.755614	-0.3920623	-9.443414	0.09335929	-1.849996
3.98	0.1414667	0.3444233	-1.777558	0	-0.7386388	-0.413742	-8.931394	-0.0440449	-1.981725
4	0.1382647	0.3444233	-1.795421	0	-0.7079958	-0.3919576	-8.685116	-0.01351054	-1.88211
4.02	0.07908034	0.2761335	-2.057633	0	-0.6908925	-0.3862861	-8.11342	-0.02877772	-1.826358
4.04	0.09355998	0.2761335	-1.922231	0	-0.6760194	-0.400445	-6.413752	0.001756639	-1.47622
4.06	0.09156398	0.2761335	-1.883619	0	-0.6239406	-0.378155	-6.325855	0.01702339	-1.540009
4.08	0.1138406	0.2761335	-1.712737	0	-0.5929681	-0.3668318	-6.037339	0.07809254	-1.51146
4.1	0.2776868	0.4127131	-0.8875098	0	-0.5673019	-0.3690999	-6.492682	-0.01351054	-1.648177
4.12	0.2278791	0.3444233	-1.16855	0	-0.5824434	-0.3719671	-9.317535	-0.08984644	-2.597522
4.14	0.147788	0.2761335	-1.555939	0	-0.6497923	-0.3773057	-9.517155	0.032291	-2.402755
4.16	0.2742075	0.4127131	-0.9432367	0	-0.6909356	-0.4169431	-8.553665	-0.01351054	-2.033274
4.18	0.1039082	0.2761335	-1.837672	0	-0.6968914	-0.398559	-10.86467	-0.02877772	-2.769998
4.2	0.2259706	0.4127131	-1.242921	0	-0.7135946	-0.3781981	-9.416348	-0.07457926	-1.83913
4.22	0.1694854	0.3444233	-1.56738	0	-0.7254854	-0.415037	-10.36803	-0.135648	-2.509931
4.24	0.1344646	0.3444233	-1.766892	0	-0.7185403	-0.3665455	-10.63493	-0.07457926	-2.200934
4.26	0.09340917	0.3444233	-1.989764	0	-0.6726241	-0.2852502	-11.40902	0.1849628	-1.985754
4.28	0.2052402	0.4127131	-1.427765	0	-0.6798604	-0.3191118	-10.04599	-0.01351054	-1.715135
4.3	0.1494999	0.3444233	-1.72639	0	-0.6841917	-0.3480594	-10.93284	-0.1051136	-2.333227
4.32	0.1295795	0.3444233	-1.825523	0	-0.6841637	-0.3198714	-10.80498	0.06282536	-2.0349
4.34	0.06800357	0.2761335	-2.097108	0	-0.6970901	-0.3415717	-9.828012	0.07809254	-1.920413
4.36	0.07800236	0.2761335	-1.988302	0	-0.6992211	-0.3773258	-7.845417	0.1544284	-1.576422
4.38	0.1746542	0.4127131	-1.523738	0	-0.6003091	-0.2857392	-9.294659	0.01702339	-1.619107
4.4	0.1429027	0.3444233	-1.68465	0	-0.5806882	-0.2563334	-11.0146	0.3376346	-2.112664
4.42	0.2098613	0.3444233	-1.310624	0	-0.6668653	-0.3670206	-9.062356	0.001756639	-1.968931
4.44	0.2191408	0.4127131	-1.323092	0	-0.6423464	-0.3263825	-11.38166	-0.1661823	-2.420275
4.46	0.1498519	0.3444233	-1.693872	0	-0.67329	-0.3087107	-12.35353	0.1544284	-2.486901
4.48	0.1568519	0.3444233	-1.652015	0	-0.7303411	-0.3597257	-10.88833	-0.1509152	-2.137874
4.5	0.06007284	0.2761335	-2.129565	0	-0.7361525	-0.3689386	-10.65598	0.01702339	-2.200917
4.52	0.06381102	0.2761335	-2.062223	0	-0.7392737	-0.3897425	-8.457879	-0.05931208	-1.647072
4.54	0.1397061	0.3444233	-1.666319	0	-0.696937	-0.3979	-7.730075	0.001756639	-1.639034
4.56	0.1811994	0.3444233	-1.456378	0	-0.685809	-0.4276254	-7.899035	-0.0440449	-2.026314
4.58	0.1840717	0.3444233	-1.455289	0	-0.6819205	-0.418397	-8.827603	0.01702339	-2.268258
4.6	0.1636917	0.3444233	-1.575845	0	-0.6750361	-0.3759471	-10.00328	0.04755818	-2.30776
4.62	0.1965644	0.3444233	-1.405375	0	-0.727001	-0.4341083	-9.031935	0.01702339	-2.213008
4.64	0.2551351	0.4127131	-1.160296	0	-0.7409129	-0.4572834	-9.573719	-0.07457926	-2.437433
4.66	0.1607329	0.3444233	-1.685506	0	-0.7484808	-0.4256439	-11.3452	-0.02877772	-2.780446
4.68	0.07713115	0.2761335	-2.088045	0	-0.7829828	-0.4212667	-10.24269	0.06282536	-2.265985
4.7	0.09274565	0.3444233	-2.00927	0	-0.7281091	-0.3545486	-9.95158	-0.1967167	-1.797472
4.72	0.1312783	0.3444233	-1.798979	0	-0.7091339	-0.3717489	-9.227665	-0.1814495	-1.823688
4.74	0.1897346	0.4127131	-1.533473	0	-0.656796	-0.3228523	-10.52034	0.001756639	-2.020557
4.76	0.1632563	0.3444233	-1.665065	0	-0.6857007	-0.3535762	-10.8731	0.001756639	-2.331746
4.78	0.1713189	0.3444233	-1.615159	0	-0.7297843	-0.4000301	-10.05617	0.04755818	-2.227453
4.8	0.1423229	0.3444233	-1.774304	0	-0.7263111	-0.3878314	-10.5707	-0.0440449	-2.307102
4.82	0.1305417	0.3444233	-1.83552	0	-0.7201906	-0.3648838	-10.61057	0.032291	-2.146923
4.84	0.07456061	0.2761335	-2.081974	0	-0.7366157	-0.3905742	-9.719498	0.01702339	-2.076467
4.86	0.07319513	0.2761335	-2.039464	0	-0.7319182	-0.4078159	-8.238453	0.001756639	-1.769391
4.88	0.05914412	0.2761335	-2.071654	0	-0.6814061	-0.3745841	-8.21574	0.001756639	-1.74829
4.9	0.1102848	0.2761335	-1.750281	0	-0.6843212	-0.4212288	-6.691121	-0.0440449	-1.64455
4.92	0.1207672	0.2761335	-1.662597	0	-0.6676187	-0.4373251	-6.895292	0.01702339	-1.947564
4.94	0.1150949	0.2761335	-1.664739	0	-0.6483517	-0.4075935	-7.647598	-0.01351054	-2.028987
4.96	0.1771984	0.3444233	-1.352757	0	-0.6281033	-0.3687318	-8.637085	0.04755818	-2.025303
4.98	0.2003289	0.3444233	-1.251666	0	-0.6537156	-0.3872882	-9.738708	0.07809254	-2.403068
5	0.2332626	0.4127131	-1.151403	0	-0.6554233	-0.3368731	-12.011	0.04755818	-2.596243
5.02	0.08047146	0.2761335	-1.940569	0	-0.7045892	-0.3219602	-13.44465	-0.01351054	-2.821987
5.04	0.1527863	0.3444233	-1.5649	0	-0.7755568	-0.3852772	-10.77697	-0.02877772	-2.02191
5.06	0.1774693	0.4127131	-1.515541	0	-0.7387264	-0.3592839	-12.36349	-0.3493885	-2.442684
5.08	0.1339114	0.3444233	-1.766013	0	-0.7709984	-0.3776091	-12.4679	0.032291	-2.547599
5.1	0.09643838	0.2761335	-1.932374	0	-0.8470248	-0.4807729	-9.971952	-0.9142739	-2.312766
5.12	0.1082449	0.3444233	-1.898032	0	-0.8025116	-0.4442469	-9.834769	0.1086269	-2.113498
5.14	0.07350318	0.2761335	-2.052751	0	-0.8007872	-0.4708837	-8.805054	0.001756639	-2.114556
5.16	0.05237921	0.2761335	-2.133873	0	-0.7546595	-0.4311042	-8.426081	-0.05931208	-1.895073
5.18	0.1312832	0.3444233	-1.721394	7	-0.7027157	-0.3987495	-7.274813	0.01702339	-1.486051
5.2	0.2800872	0.4127131	-0.9843552	7	-0.7067879	-0.4856113	-5.465034	0.06282536	-1.620963
5.22	0.1283552	0.2761335	-1.771883	7	-0.6788862	-0.4631799	-6.601235	-0.05931208	-2.183115
5.24	0.1473193	0.3444233	-1.66975	7	-0.6095818	-0.34784	-5.221327	0.001756639	-1.050037
5.26	0.1679215	0.2761335	-1.500221	7	-0.617164	-0.4533031	-1.279476	-0.2119839	-0.8047856
5.28	0.117836	0.2761335	-1.72278	7	-0.4910439	-0.3612048	-0.8533287	-0.1203808	-0.6121381
5.3	0.3275576	0.4127131	-0.6279814	7	-0.4160367	-0.3629949	2.130143	0.1849628	0.04568189
5.32	0.2672429	0.2761335	-0.89409	7	-0.3839298	-0.4285128	2.641686	0.3987029	-0.7888124
5.34	0.3110869	0.3444233	-0.6450318	7	-0.3046484	-0.3462527	3.496703	1.085726	-0.1798488
5.36	0.2861594	0.2761335	-0.7090688	7	-0.2638149	-0.3520553	4.993041	1.894886	-0.1086045
5.38	0.365449	0.3444233	-0.2636009	7	-0.1943808	-0.3246726	6.628077	1.299466	0.3175877
5.4	0.3928894	0.3444233	-0.09763521	7	-0.1222697	-0.2990017	6.917277	2.047558	0.1826199
5.42	0.3090417	0.2761335	-0.471521	7	-0.03627684	-0.2011403	6.545249	2.398703	0.3202046
5.44	0.2979042	0.2761335	-0.4387436	7	0.05689243	-0.09922967	7.813538	4.765115	1.083712
5.46	0.4515468	0.3444233	0.4315243	7	0.09449195	-0.1589454	11.10493	1.864352	1.455947
5.48	0.3319066	0.2761335	-0.1352622	7	0.2435611	-0.01403494	8.33533	6.291832	0.8682445
5.5	0.5333071	0.3444233	1.001759	7	0.2058922	-0.1201047	13.37396	7.253665	1.835762
5.52	0.4155227	0.4127131	0.33591	7	0.4765258	0.2258432	5.706783	3.039924	0.9257209
5.54	0.4027338	0.3444233	0.3568539	7	0.5261382	0.3706507	5.993856	5.024657	1.929937
5.56	0.4626485	0.4127131	0.7154531	7	0.6012759	0.4456668	6.011839	1.513207	2.23201
5.58	0.393566	0.3444233	0.4319458	7	0.6690021	0.5223004	5.217251	0.7498484	2.150047
5.6	0.533805	0.3444233	1.277369	7	0.5727765	0.3194217	11.13575	0.4750388	2.778922
5.62	0.6163101	0.4127131	1.70957	7	0.5886495	0.2206506	12.1944	2.917787	2.178482
5.64	0.5625713	0.4127131	1.405188	7	0.6822497	0.3465688	9.861858	3.131527	1.963037
5.66	0.3785764	0.3444233	0.4825264	7	0.8451908	0.6474515	6.611867	5.910153	2.549626
5.68	0.5097488	0.3444233	1.295283	7	0.8057166	0.5449669	12.99221	-0.0440449	3.912745
5.7	0.3825388	0.2761335	0.7289436	7	0.9492555	0.6274312	12.1752	2.001757	3.431186
5.72	0.5222218	0.3444233	1.570557	7	1.012432	0.6342354	16.08974	3.024657	4.469914
5.74	0.4873039	0.3444233	1.454073	7	1.191738	0.7811004	13.80365	6.093359	3.976165
5.76	0.5591886	0.3444233	1.937658	7	1.249986	0.822744	15.28182	4.261298	4.475883
5.78	0.5188011	0.3444233	1.805271	7	1.382456	0.9686917	13.15247	5.971222	4.301238
5.8	0.5225086	0.3444233	1.927383	7	1.470652	1.093363	12.79783	4.994123	4.778114
5.82	1.552208	1.300479	6.857912	7	1.596541	1.147514	10.58798	3.268932	4.985605
5.84	1.624247	1.300479	6.625321	7	1.575612	1.214169	-8.197744	3.207863	-0.5439644
5.86	0.1988934	0.002975464	-0.6094171	7	1.13693	1.281837	-13.82493	2.810917	-0.9561052
5.88	-0.4105172	0.002975464	-3.406498	7	1.266898	1.880563	-3.836026	-4.731068	6.953162
5.9	-0.1999697	0.002975464	-1.774366	7	1.387793	1.567852	19.35799	-12.73107	11.01126
5.92	1.544824	1.02732	7.242406	7	1.336814	0.4652113	43.46507	-1.555495	10.49586
5.94	0.5787994	0.002975464	2.259721	7	1.546353	0.3512558	25.9535	17.45214	1.123532
5.96	0.5839149	0.002975464	2.631284	7	1.416102	0.4642586	37.4952	24.93305	6.69112
5.98	0.7856072	1.02732	3.248666	7	2.538929	2.024158	10.94391	6.765115	6.863583
6	0.6486835	-0.2701836	3.234576	7	1.705307	0.7995158	33.97771	-0.3341213	6.528198
6.02	1.089517	0.6858721	5.375705	7	2.025203	1.063525	29.90612	2.429237	6.903163
6.04	0.8219277	0.6858721	3.75887	7	2.541216	1.927764	8.92332	6.475039	4.81612
6.06	0.3647892	0.2761335	1.591783	7	2.635656	2.457309	3.150623	0.3987029	6.646352
6.08	0.3829281	0.3444233	1.962476	7	2.688904	2.620778	7.520793	-0.2425182	9.337506
6.1	0.6949034	0.3444233	3.866733	7	2.499822	2.091863	19.16223	0.6277106	9.449111
6.12	1.686933	1.300479	8.605952	7	2.627896	1.975517	16.0219	5.192596	7.78639
6.14	1.513291	1.300479	7.075223	7	2.855351	2.509142	-10.71332	11.1926	2.44346
6.16	0.3459443	0.002975464	1.319098	7	2.232079	2.310405	-7.815845	2.154428	3.508281
6.18	0.685276	1.02732	2.876063	7	2.558652	3.00667	-5.692669	-5.494426	9.86217
6.2	0.8053499	0.6858721	3.554091	7	2.378268	2.440681	4.568971	-10.37992	8.64891
6.22	0.6787589	0.2761335	3.142862	7	2.045793	1.690175	20.01878	4.810917	8.262649
6.24	0.4670978	0.3444233	2.140816	7	2.339266	1.896165	22.30953	7.039924	9.205541
6.26	1.296627	1.02732	6.291048	7	2.61334	1.967542	28.13065	6.444504	11.00215
6.28	1.335423	1.02732	6.184098	7	2.945678	2.237338	14.21842	6.093359	6.89074
6.3	0.8683263	0.6175833	3.772592	7	3.001992	2.627026	6.457004	11.4216	6.989889
6.32	0.369597	0.4127131	1.407719	7	3.200554	3.179271	4.037694	-0.6852662	9.76604
6.34	0.8147734	0.9590311	3.770674	7	3.541757	3.591905	6.175575	1.620077	12.91138
6.36	1.104702	0.6175833	5.544065	7	3.197538	2.736371	18.91432	1.772749	10.88206
6.38	1.486897	1.300479	7.179266	7	3.51956	3.074517	7.72521	15.26893	9.22051
6.4	1.278889	0.9590311	5.969948	7	3.417308	3.127422	0.3502173	7.391068	7.389699
6.42	1.749335	1.641927	7.933002	7	3.483455	3.478883	-7.034046	1.849085	8.571504
6.44	2.513359	2.256536	11.05896	7	3.301862	3.350554	-16.09268	-0.7616021	6.16522
6.46	1.76957	1.573638	6.607539	7	2.887427	3.249705	-30.38682	-0.4409916	1.954814
6.48	2.333844	2.324824	8.729505	7	2.482805	3.181246	-25.51648	-7.815037	6.093925
6.5	2.644387	2.529693	9.326968	7	2.06182	2.617809	-26.17697	-22.67	3.275402
6.52	3.490953	3.21259	12.34712	7	1.511955	1.947504	-23.49462	-11.75397	1.910505
6.54	3.594964	3.485749	11.20793	7	1.189465	1.773788	-37.74896	-18.05931	-2.406821
6.56	4.106348	3.827197	12.19904	7	0.4049543	1.109476	-33.71973	-16.6242	-2.410549
6.58	3.140097	3.21259	5.774373	7	-0.04307902	0.9125242	-39.92246	-17.11275	-4.740916
6.6	3.134687	3.554038	4.511964	7	-0.2138069	1.020016	-27.2324	-22.73107	1.540434
6.62	4.929158	5.19299	11.87825	7	-0.1155705	0.6803389	-17.36902	-23.03641	2.912071
6.64	5.402644	5.466149	12.08773	7	-0.07086685	0.5152965	-38.26678	-18.27305	-5.701848
6.66	4.983024	4.783254	8.315338	7	-0.8699796	-0.05696303	-37.98843	0.04755818	-7.347642
6.68	6.154286	6.353915	12.09312	7	-1.061689	-0.02657057	-38.21349	3.055191	-4.383826
6.7	5.494159	5.739308	6.696196	7	-1.35526	-0.178143	-51.93059	-8.410457	-9.713607
6.72	5.900052	6.012467	7.151971	7	-2.063008	-0.8306568	-32.04624	-19.09748	-4.978596
6.74	5.033434	5.807599	1.026156	7	-1.729661	-0.3254831	-41.79541	-26.7158	-6.147458
6.76	4.242605	4.919833	-3.624604	7	-1.829916	-0.4124767	-17.17841	-27.40282	0.3569412
6.78	6.034374	6.695365	4.446877	7	-1.228321	-0.4470741	6.228048	-3.128014	6.280378
6.8	5.983963	6.080756	3.1855	7	-0.8981793	-0.8695332	1.739029	-2.273052	-1.933116
6.82	6.671967	6.968522	5.476717	7	-0.3506548	-0.1067889	-8.582909	16.61244	-0.6185875
6.84	6.379706	6.627074	2.992942	7	-0.1443398	0.3245002	-23.68529	24.16969	-3.450871
6.86	6.524461	6.695365	3.031905	7	-0.3297451	0.328969	-20.19603	11.91015	-1.226566
6.88	7.202671	7.378261	5.499275	7	-0.3709292	0.2113874	-20.98434	2.887253	-1.592972
6.9	7.023331	7.036813	3.696663	7	-0.6790122	-0.1534041	-24.52392	-2.669999	-4.869592
6.92	6.648321	6.968522	1.000943	7	-0.752755	0.06601474	-27.21158	1.11626	-3.571931
6.94	7.363151	7.65142	3.803913	7	-0.8377596	-0.05841013	-19.41892	-2.715801	-0.9199533
6.96	7.409752	7.583131	3.118911	7	-0.9299294	-0.3390425	-22.81613	-7.662365	-4.293724
6.98	8.192297	8.129447	6.106752	7	-1.295067	-0.8540453	-16.01355	-3.769235	-4.072498
7	6.841612	7.241681	-1.680999	7	-1.175048	-0.4016206	-34.60253	-0.39519	-8.076813
7.02	6.81413	7.241681	-2.068818	7	-1.392628	-0.3818776	-13.94978	-5.250152	0.05019093
7.04	7.34381	7.856288	0.08776546	7	-1.032384	-0.3839339	-7.075531	-7.738701	0.8672647
7.06	6.822021	6.968522	-2.652359	7	-1.062323	-0.7899755	0.9452081	-7.921907	-1.212219
7.08	7.344882	7.856288	-0.367619	7	-0.4188849	-0.07874846	-0.3849487	14.06283	2.147097
7.1	6.879729	7.309972	-2.851407	7	0.0236015	0.383049	-9.650436	10.85672	0.007679939
7.12	7.446994	7.309972	0.3417848	7	-0.323209	-0.3001874	12.08224	9.849085	2.984166
7.14	7.622565	7.51484	1.113573	7	-0.1813823	-0.5081769	9.80244	10.82618	-0.2328415
7.16	7.336238	7.309972	-0.4114577	7	-0.02945325	-0.2223419	2.712455	10.53611	-1.112311
7.18	7.110241	7.309972	-1.539916	7	0.2273255	0.3325789	-3.12778	10.36817	0.5286388
7.2	7.014541	7.241681	-1.850688	7	0.3925955	0.6154042	-3.651607	-2.547862	1.907562
7.22	9.184448	9.017213	8.708055	7	0.3551304	0.2171347	1.549793	0.7956495	2.487117
7.24	8.046445	7.856288	2.226349	7	0.199717	0.1829581	-32.87511	1.207863	-9.770719
7.26	6.827797	6.968522	-3.846025	7	-0.3959596	0.4376438	-29.16143	7.238397	-3.923207
7.28	6.301933	6.968522	-6.211638	7	-0.3273297	0.7424452	-16.469	-2.150915	2.602004
7.3	6.31727	7.036813	-5.708656	7	0.07691115	0.8852116	-3.381754	-14.92954	5.955205
7.32	6.543307	7.036813	-4.070936	7	0.5087538	0.876352	5.76029	-17.66236	6.422058
7.34	6.542037	7.036813	-3.668424	7	1.131219	1.348902	0.6732082	27.51321	5.497884
7.36	7.915186	8.197738	3.315821	7	1.58051	1.70638	-5.417002	24.10863	5.693052
7.38	7.760258	7.241681	2.737099	7	0.9001549	0.6470432	-8.348888	20.32237	-2.094107
7.4	7.356241	7.378261	0.5817746	7	0.7670324	1.00564	-21.49773	18.84145	-2.19678
7.42	6.731711	7.378261	-2.714832	7	1.047472	2.023305	-39.05839	2.704046	-0.3473902
7.44	6.742926	7.036813	-2.2262	7	0.5627493	1.536471	-22.42523	-13.93717	3.120148
7.46	6.884318	6.968522	-1.159779	7	0.1856445	0.6624121	-5.791664	-24.88374	2.766793
7.48	7.918804	7.583131	4.099131	7	-0.2269641	-0.4234916	11.69798	-11.31122	1.827159
7.5	7.556267	7.65142	1.643612	7	0.1633613	0.08197463	-13.51457	12.06282	-4.106854
7.52	7.209053	7.583131	-0.4643607	7	0.3339892	0.9415182	-27.37001	-0.1661823	-1.955097
7.54	7.924181	8.197738	2.800143	7	0.1966558	0.9429333	-26.02764	-6.82267	0.05409527
7.56	7.942962	8.129447	2.341784	7	-0.03705531	0.6805257	-34.69654	-12.7616	-3.969843
7.58	7.734674	7.856288	0.9042259	7	-0.5609342	0.2746162	-32.22773	-16.86847	-4.217119
7.6	7.683794	7.924579	0.242304	7	-0.9029942	-0.04749627	-26.29204	-10.96007	-3.20344
7.62	8.131888	8.470897	1.865402	7	-0.9588914	-0.1639365	-24.58741	-6.700533	-2.780795
7.64	8.157228	8.470897	1.272279	7	-1.030126	-0.2540677	-29.57294	-8.639464	-4.931622
7.66	8.137383	8.402606	0.5856344	7	-1.277837	-0.450188	-27.55679	-6.944808	-4.798982
7.68	8.130826	8.470897	-0.02979434	7	-1.408293	-0.5720634	-25.4123	-1.79977	-4.461823
7.7	8.02132	8.470897	-1.126118	7	-1.390531	-0.5166487	-25.15283	-3.738701	-4.076414
7.72	8.159645	8.539186	-0.8428862	7	-1.443793	-0.6551178	-19.07848	-6.60893	-3.024177
7.74	8.201184	8.539186	-1.035476	7	-1.431759	-0.7914827	-16.0047	-9.753968	-3.400425
7.76	8.29581	8.470897	-0.8334171	7	-1.551525	-1.108875	-8.454929	-10.44099	-3.255704
7.78	8.47452	8.470897	-0.1713781	7	-1.720132	-1.571504	0.7445766	3.925421	-3.512642
7.8	7.81763	7.924579	-3.603169	7	-1.664013	-1.581583	1.920705	3.71168	-4.289552
7.82	6.902699	6.968522	-7.637326	7	-1.740488	-1.766492	21.47054	-1.082213	-0.3083658
7.84	6.675439	7.036813	-8.053512	7	-1.069704	-1.328719	37.36591	-0.4409916	5.130864
7.86	7.050823	7.036813	-5.210865	7	-0.4645672	-1.364699	54.81195	0.5666423	7.134044
7.88	7.391582	7.036813	-2.629104	7	0.1364482	-1.340488	59.16106	13.14679	5.431564
7.9	10.12973	9.563531	10.92241	7	0.9311502	-0.810697	42.6959	28.29183	3.545547
7.92	8.786597	8.129447	3.57381	7	1.058594	-0.1180355	-16.06578	28.71931	-11.98674
7.94	7.578778	7.309972	-2.208779	7	0.3370083	0.5251176	-24.29216	28.33763	-5.613354
7.96	6.719981	7.309972	-6.18549	7	0.4037034	1.348176	-28.60115	16.52084	0.1084785
7.98	8.084214	8.812345	0.7071366	7	0.7480441	1.778428	-26.2144	0.8109167	4.761739
8	7.494632	7.924579	-2.298532	7	0.680842	1.57706	-41.39948	-16.91427	-2.772382
8.02	8.149607	8.539186	0.9694405	7	0.3553328	1.4469	-37.32085	-19.79977	0.08632851
8.04	6.363974	7.583131	-8.260088	7	0.8682585	2.654482	-70.13602	7.879619	-3.943472
8.06	9.040054	9.83669	5.095265	7	0.586804	2.441711	-47.55166	3.039924	6.085837
8.08	8.018623	8.197738	-0.4771163	7	-0.1694305	1.032316	-61.27943	-7.937175	-8.979802
8.1	9.320628	9.63182	5.386358	7	-0.8652011	0.5773553	-51.19909	-16.34939	-4.007761
8.12	7.122	7.856288	-6.369592	7	-1.170526	0.5827171	-72.29399	-0.9753424	-11.51236
8.14	7.290471	7.924579	-5.235789	7	-1.969403	-0.1195441	-29.77016	-2.059312	0.7596359
8.16	8.496452	9.290372	0.2578173	7	-1.569076	-0.4430215	-20.66319	-17.47916	0.1165428
8.18	7.772121	8.470897	-3.944082	7	-1.228825	-0.2307248	-34.95557	-23.6013	-5.76076
8.2	8.076071	8.402606	-2.368219	7	-1.581367	-0.6897486	-14.47179	-12.92954	-1.264182
8.22	7.84549	8.470897	-3.806274	7	-1.199069	-0.4380012	-19.42684	12.09336	-2.794656
8.24	7.44938	8.402606	-5.93611	7	-0.5736895	0.5313549	-29.4839	6.352901	-1.02915
8.26	9.308755	9.904979	3.114349	7	-0.3371709	0.5979929	-24.7221	-0.6852662	1.688939
8.28	9.219985	9.153792	2.180007	7	-0.8555539	-0.3611431	-35.47896	-5.601296	-8.537397
8.3	8.297457	8.197738	-2.548566	7	-1.755703	-1.071529	-28.20775	3.391069	-8.627348
8.32	7.609277	8.197738	-6.088086	7	-1.754728	-0.7423567	-22.93092	7.421604	-3.962967
8.34	7.699193	8.197738	-5.382988	7	-1.73331	-0.9741296	-3.299008	-9.63183	0.2463903
8.36	7.573504	8.129447	-5.82817	7	-1.262543	-0.8333737	1.190329	-17.26542	0.1787186
8.38	7.854692	8.129447	-4.023537	7	-0.9978408	-0.9018548	11.30695	-17.35702	1.390353
8.4	8.777619	8.197738	1.120982	7	-1.437917	-2.219296	35.38009	-2.944808	0.04141617
8.42	9.184548	9.017213	2.66356	7	-0.855583	-1.688437	11.18754	27.31473	-5.433843
8.44	8.402395	8.470897	-1.610729	7	-0.591841	-0.6997287	-16.20076	26.55137	-7.666636
8.46	8.422863	8.539186	-1.453603	7	-0.8080077	-0.4170118	-15.66632	11.2842	-3.543776
8.48	8.570278	8.470897	-0.6232287	7	-1.253309	-1.047601	-7.172927	-8.883739	-3.96618
8.5	8.282436	8.470897	-2.236249	7	-1.220223	-0.9286185	-13.3883	-18.60893	-5.135549
8.52	8.553069	8.539186	-0.8489982	7	-1.518287	-1.304489	-3.726614	-23.52496	-3.553308
8.54	8.675839	8.539186	-0.343541	7	-1.759754	-1.812459	1.115119	-24.39519	-5.193135
8.56	8.70741	8.539186	-0.3678217	7	-1.9431	-2.107911	3.75419	-18.70053	-5.972003
8.58	8.332084	8.402606	-2.479884	7	-1.838942	-1.85528	-1.392045	11.13153	-6.179085
8.6	7.904926	7.924579	-4.434792	7	-1.950893	-1.939467	7.632356	12.65824	-3.934049
8.62	7.808581	7.924579	-4.629321	7	-1.766392	-1.896784	17.20221	2.627711	-1.45658
8.64	8.559329	8.744054	-0.8756436	7	-1.204111	-1.491054	15.1717	-3.586029	-0.6382084
8.66	9.328624	9.017213	2.817803	7	-1.195955	-1.781903	10.45358	5.299466	-4.503633
8.68	8.489686	8.197738	-1.5572	7	-1.384238	-1.765439	-4.040941	16.2155	-9.060754
8.7	8.979916	9.017213	0.6706386	7	-1.391234	-1.316236	-6.818828	7.788016	-4.80572
8.72	8.049988	8.470897	-4.320689	7	-1.125539	-0.6181035	-27.85312	-5.09748	-7.634428
8.74	8.325827	8.470897	-2.666084	7	-1.565917	-0.9688861	-10.25288	-13.29595	-2.448666
8.76	8.331535	8.402606	-2.565892	7	-1.742111	-1.523911	-3.031888	-15.6471	-4.185447
8.78	8.466796	8.402606	-1.82008	7	-1.917872	-1.954586	5.515775	-6.471525	-4.267669
8.8	7.964783	8.402606	-4.539305	7	-1.384182	-1.159963	-9.37648	9.177328	-5.057136
8.82	7.569421	7.924579	-6.161557	7	-1.292618	-0.8848103	-4.214922	5.009389	-1.956472
8.84	7.639869	7.856288	-5.245272	7	-1.240185	-1.084477	9.170526	3.11626	0.3008204
8.86	7.917746	7.924579	-3.356761	7	-1.125936	-1.396651	18.22334	0.6429782	-0.06771088
8.88	7.861869	7.856288	-3.290303	7	-0.8474744	-1.271028	14.84217	9.253664	-1.672873
8.9	8.814896	8.744054	1.545672	7	-0.5851418	-1.013687	9.345281	14.78038	-1.467256
8.92	8.470887	8.402606	-0.3662137	7	-0.4909365	-0.7003189	-13.28173	14.50557	-6.99923
8.94	8.114749	8.197738	-2.113712	7	-0.7100266	-0.3759263	-21.10235	8.810916	-5.566157
8.96	7.706075	8.197738	-4.153801	7	-0.6383804	0.1549678	-30.02034	-1.433358	-4.065338
8.98	8.394424	8.744054	-0.6616336	7	-0.8199841	-0.0198247	-24.17042	-7.738701	-1.951568
9	6.73857	7.036813	-8.606292	7	-1.169952	-0.4218417	-25.05663	-12.60893	-6.016124
9.02	6.80699	7.036813	-7.289813	7	-1.571059	-1.028213	11.53547	-9.250151	2.901845
9.04	6.16719	6.968522	-9.952846	7	-0.6150289	-0.3049488	7.470747	6.093359	2.545823
9.06	6.448785	7.036813	-7.57397	7	0.06334609	0.2187854	17.03846	-0.7005334	6.733004
9.08	6.623383	7.105102	-5.867798	7	0.8427604	0.7625145	11.01052	20.56664	5.405256
9.1	7.859081	7.924579	0.9308714	7	1.172997	0.8827841	6.73755	23.74221	4.385369
9.12	9.235939	9.017213	7.551027	7	1.240169	0.9153225	-20.16407	28.61244	-3.062247
9.14	7.921203	8.197738	0.2807238	7	1.164265	1.943952	-73.1793	26.59718	-11.71635
9.16	8.552306	9.017213	3.062829	7	0.3461533	2.177596	-78.27078	10.65824	-5.451317
9.18	6.925613	7.856288	-5.565989	7	-0.2415502	2.16165	-97.06305	-7.41809	-9.89873
9.2	8.663842	9.63182	2.665574	7	-0.9170713	1.679206	-76.35373	-23.40282	-1.356491
9.22	6.532325	7.583131	-8.572957	7	-1.394837	1.071113	-89.39713	-31.6013	-11.12983
9.24	7.112365	8.129447	-5.488306	7	-2.070204	0.3865715	-48.28936	-34.7158	0.718379
9.26	7.326482	8.129447	-4.580647	7	-2.16118	-0.6410641	-29.85889	-15.03641	-2.129907
9.28	9.486599	9.904979	5.460075	7	-2.078554	-1.263556	-19.5977	-5.250152	-2.735144
9.3	8.17611	8.744054	-2.308747	7	-1.837137	-0.867727	-56.47941	9.238398	-14.28574
9.32	8.67447	9.563531	-0.6114821	7	-1.883808	-0.08331445	-59.02218	4.765115	-6.776
9.34	9.094805	9.973269	0.4479675	7	-1.967525	-0.09495828	-68.83633	-1.784503	-9.229843
9.36	9.272287	9.904979	0.3667874	7	-2.551217	-0.6586631	-69.29103	-11.23488	-11.3356
9.38	9.013059	9.904979	-2.024186	7	-2.889675	-0.7705226	-74.65741	-17.8303	-12.31995
9.4	7.298099	8.197738	-10.85279	7	-3.563053	-1.339862	-58.5027	-23.96771	-10.57629
9.42	7.50258	8.197738	-9.339585	7	-4.104501	-2.556231	-4.033629	-33.79977	-0.6535234
9.44	6.716877	7.309972	-12.6978	7	-3.772912	-3.350993	26.34619	-39.67763	-0.9974012
9.46	7.264311	7.309972	-8.878641	7	-3.394357	-4.106467	70.4045	-32.50206	4.471025
9.48	10.02387	9.085504	5.352501	7	-2.953949	-5.32607	98.29321	-0.3341213	2.321225
9.5	9.913559	8.470897	4.414851	7	-2.621805	-5.664139	70.19731	16.59717	-12.67738
9.52	8.286257	7.309972	-3.671548	7	-2.504207	-4.591302	47.72463	26.50557	-12.42406
9.54	9.135904	8.470897	0.8410099	7	-2.320058	-3.891327	53.36486	23.5132	-3.726398
9.56	7.414592	7.036813	-7.467111	7	-1.908246	-3.231677	33.1447	4.566641	-8.535378
9.58	8.581911	7.856288	-0.7082362	7	-2.12972	-3.52804	62.63986	-14.50206	0.929451
9.6	8.049497	7.241681	-2.910806	7	-1.931353	-3.838681	56.25506	-17.8303	-5.84524
9.62	8.468937	7.583131	-0.2485604	7	-1.88055	-3.779587	62.01452	-6.364655	-3.165495
9.64	6.420201	6.080756	-9.840237	7	-1.314791	-2.791494	42.07157	29.52847	-5.836417
9.66	8.791918	8.402606	2.767534	7	-0.8509057	-2.219919	59.32898	25.65061	5.452496
9.68	7.641615	7.036813	-2.755205	7	-0.4786273	-2.084927	26.71782	15.75748	-7.836232
9.7	7.020361	6.422206	-4.863407	7	-0.801922	-1.853263	33.99615	22.73458	-2.079355
9.72	6.002412	5.739308	-8.770734	7	-0.6726317	-1.625147	40.3991	14.41397	0.631875
9.74	5.177484	4.851542	-11.08175	7	-0.5502632	-1.75056	65.09135	-3.082213	5.978448
9.76	7.054776	6.695365	-0.4379449	7	0.3202873	-1.495289	78.92548	15.19259	10.34752
9.78	5.261002	4.851542	-8.335659	7	1.168487	-0.711527	46.95515	31.29947	-0.1016064
9.8	5.80912	5.466149	-3.975441	7	1.585784	0.2193618	54.02668	36.4445	9.326992
9.82	5.894179	5.739308	-2.518484	7	2.405451	1.131813	30.20369	16.04756	5.615905
9.84	7.197982	6.080756	5.195636	7	1.778058	0.2009413	39.14674	18.13916	4.435092
9.86	5.818186	5.397861	-1.398777	7	1.991488	0.9832028	-3.384852	27.62008	-4.406312
9.88	4.47857	4.441804	-6.97009	7	1.678833	1.721304	-6.126318	6.062825	2.183636
9.9	5.510432	5.807599	-0.9383614	7	1.895237	2.121186	0.7488585	1.238397	8.713709
9.92	4.72252	4.851542	-4.160909	7	1.9448	2.034991	-11.34386	-16.15091	2.580423
9.94	6.47232	5.739308	5.525912	7	0.9699683	0.4982597	21.36629	-6.883739	6.305567
9.96	5.366327	4.783254	0.104568	7	0.6740749	-0.1105101	3.81472	15.4674	-4.464892
9.98	4.82066	4.851542	-2.332988	7	0.7202327	0.6819729	-1.041701	0.1696952	1.00252
10	5.32139	5.739308	0.2128391	7	1.215563	1.525534	-10.34491	6.765115	3.893575
10.02	4.294976	4.510095	-4.495933	7	1.141145	1.546946	-15.71895	-13.57076	1.241264
10.04	5.425655	5.397861	1.718259	7	0.8407286	1.03455	6.052297	-23.20435	6.680981
10.06	5.122922	5.466149	-0.04092908	7	1.372869	1.56441	-19.24456	5.253664	0.1703358
10.08	4.951321	5.056413	-0.635323	7	1.091605	1.564427	-17.49105	-2.105114	1.899856
10.1	5.260617	6.080756	0.5372767	7	1.753717	2.75036	-40.61906	13.84908	2.518471
10.12	4.164938	4.783254	-4.724181	7	1.556798	2.901228	-47.89433	-4.532594	1.015885
10.14	5.663372	5.67102	3.289125	7	0.6974369	1.552043	-11.65063	-7.128014	6.828295
10.16	5.430475	5.807599	1.548046	7	0.9589515	1.556617	-34.00838	2.352901	-1.896143
10.18	5.647384	5.466149	2.619834	7	0.121776	0.6764684	-18.86166	0.6582449	-0.5119982
10.2	5.358536	5.53444	0.7565159	7	-0.02440929	0.5446677	-22.60319	9.894885	-2.091415
10.22	6.121798	6.490495	3.909634	7	0.08038104	0.8275959	-26.58952	-9.295953	-0.3169298
10.24	5.8629	6.080756	1.939121	7	-0.1383677	0.6400118	-35.18094	-20.48679	-4.201824
10.26	6.319938	6.080756	3.887328	7	-1.029672	-0.4969099	-14.50801	-17.28069	-2.656124
10.28	5.240335	5.739308	-2.302205	7	-0.773796	0.007107109	-30.07023	-0.5325942	-5.267793
10.3	5.037245	5.739308	-3.519212	7	-0.6063681	0.5292368	-20.98454	-10.79214	1.404237
10.32	6.190016	6.763654	1.872793	7	-0.26508	0.5365776	-13.16519	-18.41046	3.283916
10.34	7.048316	6.763654	5.700162	7	-0.7210624	-0.6748391	-4.904057	-6.303586	-2.438287
10.36	7.131715	6.763654	5.28433	7	-1.128539	-1.235445	-10.86018	13.78801	-7.247121
10.38	7.360117	7.51484	5.159553	7	-1.016975	-0.5915521	-30.53044	5.131528	-7.714486
10.4	5.993623	6.353915	-2.465906	7	-1.257504	-0.2413307	-42.21373	-5.876106	-8.595772
10.42	5.848384	6.422206	-3.392458	7	-1.483303	-0.2125361	-22.89038	-15.92191	-0.6880751
10.44	5.951444	6.422206	-2.989154	7	-1.434847	-0.6544834	-5.15242	-24.48679	0.7516117
10.46	7.335583	7.309972	3.650777	7	-1.456618	-1.452596	13.84233	-24.36466	0.9216557
10.48	5.539406	6.422206	-6.178732	7	-0.2685776	0.2668849	-30.77299	21.62008	-6.262063
10.5	6.1701	6.763654	-2.726426	7	-0.2228073	0.7574025	-11.84672	13.91015	4.606778
10.52	6.301936	6.763654	-2.043822	7	0.05363294	0.6162636	-12.68001	2.871985	1.436065
10.54	6.322088	5.739308	-1.19843	7	-0.9421171	-1.194535	22.12177	4.948321	0.9456816
10.56	5.729157	5.739308	-3.946826	7	-0.5887842	-1.030616	22.12871	19.26893	0.3750343
10.58	5.519309	5.739308	-4.553074	7	0.006734803	-0.3189587	24.03601	6.658245	4.052712
10.6	6.217211	6.149047	-0.5308779	7	0.3965088	-0.2294246	31.53408	9.11626	5.666877
10.62	6.688753	6.080756	2.248751	7	0.344757	-0.7965868	34.89119	8.719314	1.908152
10.64	6.188947	6.012467	-0.2407821	7	0.8150434	0.02207261	11.61257	18.73458	-1.078263
10.66	6.082603	6.080756	-0.5340837	7	1.026348	0.7908071	1.625848	1.345268	1.555492
10.68	5.658824	5.739308	-2.26904	7	1.090169	1.122704	-4.241597	-2.227251	1.908233
10.7	5.784332	5.739308	-1.074831	7	0.9184016	0.9265252	4.201933	0.6887793	3.977791
10.72	5.834761	5.739308	-0.4198994	7	0.8709757	0.6907942	6.584064	-0.07457926	2.95229
10.74	5.740905	5.739308	-0.6155521	7	0.9797511	0.841751	2.555964	6.184962	2.416822
10.76	5.638036	5.739308	-0.8726538	7	1.126306	1.149063	-2.420685	1.833817	2.771535
10.78	5.606228	5.739308	-0.7523234	7	1.215101	1.357394	-5.451961	4.261298	3.203214
10.8	5.70931	5.739308	0.06436007	7	1.13909	1.257783	-4.164644	0.7040465	3.211571
10.82	5.83431	5.807599	0.8758612	7	1.040987	1.101141	-4.436894	3.742214	2.388635
10.84	5.950667	5.807599	1.579018	7	0.8138715	0.7989478	-3.016439	1.650611	1.448803
10.86	6.788759	6.763654	5.388473	7	0.8640815	0.9129431	-11.73299	0.6124434	0.5251856
10.88	6.871944	6.695365	5.197599	7	0.5435481	0.7230263	-26.25896	-1.295953	-4.250871
10.9	6.646405	6.695365	3.383649	7	0.1602618	0.8160254	-37.86638	-4.50206	-5.077023
10.92	6.506261	6.763654	2.036705	7	-0.2326621	0.7920614	-40.87842	-14.25778	-4.018431
10.94	7.117916	7.378261	4.315398	7	-0.6154561	0.4339622	-37.26126	-24.27305	-3.203922
10.96	6.150187	6.422206	-1.183081	7	-1.064093	-0.007020958	-38.64779	-30.51733	-6.420722
10.98	5.984394	6.285626	-2.182017	7	-1.521387	-0.5208359	-14.57085	-7.616564	-0.8050089
11	5.986757	6.422206	-2.423908	7	-1.335807	-0.7282333	-1.353656	-5.723434	0.6377945
11.02	6.234946	6.353915	-1.226827	7	-1.24032	-1.162341	15.41636	-8.257786	1.493977
11.04	7.479485	7.583131	4.427771	7	-0.6751819	-0.9457728	12.71753	6.215497	0.7797947
11.06	6.701977	6.763654	-0.0698536	7	-0.3505219	-0.4653411	-10.48107	10.27656	-5.477852
11.08	5.511751	5.739308	-5.808495	7	-0.4396541	-0.02236219	-6.458787	13.00939	-0.9258251
11.1	5.475782	5.739308	-5.308905	7	-0.3814211	-0.1346448	18.29091	5.253664	5.879165
11.12	5.712159	5.739308	-3.448622	7	-0.0669892	-0.5038652	35.78682	-7.021144	6.496093
11.14	6.333647	5.739308	0.3974683	7	-0.06089437	-1.327783	55.59095	2.795649	5.561693
11.16	6.339167	5.739308	0.7701321	7	0.3388655	-1.251962	49.7907	19.77275	2.082704
11.18	6.121706	5.739308	-0.02674699	7	0.8637124	-0.4243039	35.81032	25.83382	2.035757
11.2	7.311832	6.968522	5.909294	7	1.318151	0.2989877	22.36639	15.40633	3.188208
11.22	6.081556	5.67102	-0.2039535	7	1.242138	0.5861322	-2.878078	5.345268	-3.655362
11.24	6.041167	5.739308	0.0980885	7	0.8120714	0.622776	6.858122	0.368169	2.537228
11.26	5.507035	5.739308	-2.39996	7	1.162594	1.226115	-4.501894	-2.211984	2.279612
11.28	6.555429	6.763654	2.931591	7	1.404906	1.601908	-5.595782	-11.6013	5.278172
11.3	7.336496	6.763654	6.76029	7	0.7667106	0.4474853	-2.950487	-1.967709	-0.6148005
11.32	6.796854	6.422206	3.579537	7	0.3338012	0.2129992	-18.03195	3.177329	-5.669435
11.34	6.289088	6.490495	0.5692927	7	0.2276206	0.8212118	-29.0639	2.826184	-3.127765
11.36	7.101305	7.309972	4.142043	7	0.01297706	0.7557634	-25.35142	-7.79977	-0.2801323
11.38	5.81361	6.080756	-2.685929	7	-0.2478145	0.5708676	-33.27105	-16.8532	-4.701173
11.4	7.002957	6.968522	3.240378	7	-0.8608655	-0.2925426	-1.457081	-20.91427	2.546611
11.42	5.262519	5.739308	-5.86106	7	-0.4687504	0.0361288	-18.15054	-0.5936632	-3.90273
11.44	5.093792	5.739308	-6.243965	7	-0.2030669	0.5885844	2.590948	-5.540228	6.388751
11.46	4.763829	5.739308	-7.493593	7	0.8454405	1.4863	1.285463	2.917787	8.043418
11.48	6.044934	5.739308	0.04074192	7	0.5057411	0.08173168	42.10206	3.452138	10.78495
11.5	6.211164	5.739308	1.237227	7	0.8024456	-0.4242579	39.10574	29.02465	3.53226
11.52	7.276505	6.968522	6.353307	7	1.376551	0.3436407	20.07492	26.85672	2.52925
11.54	6.31122	6.149047	1.233652	7	1.596665	1.189383	-14.66825	27.17733	-3.498093
11.56	6.461156	6.968522	1.684759	7	1.959018	2.680392	-37.80262	3.71168	1.411069
11.58	5.589986	5.807599	-2.397809	7	1.389872	2.368065	-37.89234	-15.96771	0.4106398
11.6	6.670753	6.763654	3.209459	7	0.8298725	1.600712	-17.34464	-25.7387	4.675974
11.62	6.738392	6.490495	3.342173	7	0.2625162	0.4606537	-13.84259	-6.60893	-1.627239
11.64	7.200356	7.241681	4.967193	7	0.1660739	0.5222868	-22.0552	3.268932	-2.33354
11.66	5.923224	6.149047	-1.88594	7	-0.0593968	0.673395	-33.38565	-2.700533	-4.852068
11.68	6.439696	6.968522	0.4296141	7	-0.06596482	0.9877428	-23.35546	-9.555494	2.315562
11.7	7.187421	7.583131	3.536291	7	0.04725242	0.8262693	-26.3908	-15.72343	-0.1149426
11.72	7.232798	6.831944	3.467454	7	-0.8807603	-0.6196066	-11.28817	-7.372289	-3.931338
11.74	6.415278	6.695365	-1.254988	7	-0.799329	-0.2723777	-20.12211	5.894886	-4.45233
11.76	6.2867	6.763654	-2.141772	7	-0.6716162	0.09867591	-12.83684	-5.128014	0.5804491
11.78	6.872247	7.241681	0.5279682	7	-0.4555705	0.05248051	-5.331173	-10.68527	1.916529
11.8	7.388706	7.241681	2.852615	7	-0.6618357	-0.6761405	3.120229	-10.21198	-0.7833452
11.82	7.010488	7.378261	0.2481966	7	-0.1440491	0.146394	-19.05407	10.47504	-3.518482
11.84	6.689892	7.309972	-1.74466	7	0.1849855	1.078688	-30.84518	1.986489	-0.965766
11.86	7.083874	7.309972	0.2413965	7	-0.1473607	0.615409	-17.4001	-5.90664	1.15843
11.88	7.22005	7.241681	0.7898817	7	-0.4468128	-0.08011746	-9.758012	-0.4867931	-1.039062
11.9	7.095701	7.309972	-0.1532718	7	-0.3831787	0.001090171	-13.2691	2.826184	-1.793747
11.92	7.032856	7.309972	-0.6906203	7	-0.3266405	0.1617819	-13.79771	0.2460311	-0.8772364
11.94	7.219471	7.309972	0.1586823	7	-0.4848443	-0.1509749	-6.097539	0.032291	-0.2988977
11.96	7.103816	7.309972	-0.643886	7	-0.3702224	-0.07638951	-8.844899	-0.1051136	-1.231355
11.98	7.134552	7.241681	-0.5454293	7	-0.4282296	-0.1759531	-4.141837	0.2612987	-0.3616409
12	7.294849	7.378261	0.1434354	7	-0.4020725	-0.264103	-1.832766	-0.07457926	-0.4059792
12.02	7.214564	7.309972	-0.3982487	7	-0.3311483	-0.2132309	-3.91692	0.09335929	-1.150456
12.04	8.161071	8.197738	3.965548	7	-0.2533709	-0.1715762	-5.307209	0.322367	-0.578825
12.06	6.660118	6.695365	-3.711661	7	-0.4230937	-0.1914945	-17.61741	-0.2119839	-5.766383
12.08	6.455019	6.627074	-4.26758	7	-0.6744865	-0.2402549	4.552081	0.1849628	2.465369
12.1	6.38135	6.763654	-4.321665	7	-0.2248811	-0.07582704	11.38195	-1.463892	3.774943
12.12	6.627723	6.763654	-2.620596	7	0.1046774	-0.08979557	20.19336	-6.242517	4.681202
12.14	7.221907	6.763654	0.9026926	7	-0.02313435	-0.8537019	35.38476	6.001756	3.547006
12.16	7.053231	6.763654	0.1742338	7	0.3342729	-0.5893108	23.61235	18.65825	0.04440975
12.18	6.997633	6.763654	0.1187949	7	0.5218309	-0.1357421	16.84793	19.77275	0.9149466
12.2	6.67668	6.763654	-1.348176	7	0.9250367	0.6670915	1.981055	12.4445	1.036595
12.22	6.732615	6.695365	-0.6633015	7	0.898004	0.8046939	2.870785	-1.128014	2.728231
12.24	6.797527	6.695365	-0.006956875	7	0.8265814	0.6741247	3.113688	0.04755818	2.099422
12.26	8.444609	8.197738	7.970083	7	0.8016958	0.5053808	-0.6689105	0.1086269	1.405116
12.28	7.387456	7.309972	1.990658	7	0.7318277	0.8367085	-36.48423	-0.2730526	-8.115829
12.3	7.313679	7.309972	1.472863	7	0.03108745	0.7923474	-31.26151	0.2460311	-2.74442
12.32	6.937971	7.309972	-0.7641479	7	-0.1630222	0.7955207	-34.69884	-3.372289	-2.781878
12.34	6.934267	7.309972	-0.9548837	7	-0.4221286	0.5633149	-26.20859	-12.73107	-0.6488981
12.36	7.668369	7.924579	2.340924	7	-0.5652217	0.1352519	-18.57313	-24.04404	-0.4830656
12.38	7.053575	7.036813	-0.987903	7	-0.9848339	-0.5753387	-14.4689	-21.11275	-4.354854
12.4	6.559035	7.105102	-3.700416	7	-0.7018336	0.02334568	-15.60434	6.383436	-0.9130173
12.42	6.007495	6.968522	-6.476339	7	-0.008150518	1.031734	-20.49691	-2.135648	2.409807
12.44	6.724379	7.036813	-2.326786	7	-0.0903132	0.4501259	5.3241	-6.288319	6.21898
12.46	7.448788	6.968522	1.73037	7	-0.5190705	-1.067888	28.31693	3.177329	2.416805
12.48	8.27927	7.924579	5.451351	7	-0.2362247	-1.07811	17.09865	16.2613	-1.814404
12.5	7.406192	7.378261	0.4943075	7	0.07813907	-0.177854	-13.95519	22.33763	-6.396309
12.52	6.952476	7.309972	-1.926965	7	0.1817353	0.7677829	-23.41594	8.841452	-1.603327
12.54	7.146667	7.309972	-0.7944807	7	-0.1069066	0.4575693	-12.25296	-5.555495	0.9346914
12.56	6.829385	7.036813	-2.305077	7	-0.1600457	0.2462785	-9.883897	-18.30359	-0.2532635
12.58	7.115591	6.968522	-0.5327138	7	-0.5476671	-0.5132151	9.963946	-18.59366	1.549867
12.6	6.376876	6.968522	-4.397815	7	0.2574761	0.543503	-10.05195	10.82618	-0.1249418
12.62	6.452034	6.968522	-3.652554	7	0.5925131	1.137004	-6.672578	2.078093	4.487526
12.64	7.327115	6.968522	1.365671	7	0.06082088	-0.1747183	19.25029	2.566642	4.251899
12.66	7.601181	7.036813	2.826326	7	-0.1685263	-0.9933076	21.47144	12.50557	-1.019382
12.68	6.888164	7.036813	-1.075473	7	0.4095767	0.1621485	-5.836857	14.96359	-2.864097
12.7	6.592289	7.036813	-2.507416	7	0.7665442	1.23133	-16.74384	3.238397	1.227414
12.72	7.039088	7.105102	0.07380134	7	0.5140576	0.8514799	-5.950832	-7.982976	2.930262
12.74	7.288361	7.036813	1.496324	7	0.1259076	0.03739551	1.482356	-9.63183	0.1673899
12.76	6.807726	7.036813	-1.111747	7	0.4019616	0.5925226	-14.28123	6.200229	-1.584846
12.78	6.579316	7.036813	-2.23555	7	0.6134567	1.25563	-20.6699	-0.135648	1.127633
12.8	7.374558	7.583131	1.787353	7	0.5041094	1.032727	-14.56491	-2.01351	2.459916
12.82	7.577375	7.583131	2.534036	7	0.2840024	0.6054296	-20.46088	-1.769236	-2.098556
12.84	7.351658	7.583131	0.9699967	7	0.1788501	0.8221531	-32.48896	3.055191	-3.512013
12.86	7.452593	7.65142	1.176212	7	-0.1981314	0.6265798	-30.47583	-4.01351	-2.391969
12.88	7.300827	7.583131	0.04421043	7	-0.4622324	0.3984368	-30.49911	-8.792136	-3.091127
12.9	7.321505	7.51484	-0.09402204	7	-0.8361505	-0.0693875	-21.04822	-11.31122	-2.21433
12.92	7.285677	7.51484	-0.5705746	7	-0.9881409	-0.3825235	-14.92481	-7.677632	-2.238655
12.94	7.293692	7.583131	-0.8390908	7	-0.9498441	-0.4267303	-11.6447	-6.211983	-1.767149
12.96	7.359877	7.583131	-0.7402074	7	-0.9238921	-0.5256095	-7.269768	-3.815037	-1.433521
12.98	7.358192	7.51484	-0.9200235	7	-0.8970541	-0.6371299	-3.437845	-0.05931208	-1.474755
13	7.391454	7.583131	-0.9281471	7	-0.7508701	-0.5429428	-2.740061	-0.07457926	-1.188084
13.02	7.581741	7.65142	-0.09189436	7	-0.717598	-0.6257528	0.2706947	0.07809254	-1.07997
13.04	7.57264	7.65142	-0.3154889	7	-0.6205898	-0.5635809	-2.38314	-0.1814495	-1.97499
13.06	7.490077	7.583131	-0.8347589	7	-0.5736608	-0.4542122	-3.703226	0.1391613	-1.789186
13.08	7.559011	7.583131	-0.5095904	7	-0.6278886	-0.5495894	-0.3345587	0.01702339	-1.24045
13.1	7.519239	7.583131	-0.7798735	7	-0.5737761	-0.5230104	-1.139636	0.032291	-1.588731
13.12	7.46481	7.51484	-1.054082	7	-0.5601124	-0.5086474	-0.1180366	0.1391613	-1.290896
13.14	7.514073	7.583131	-0.8137745	7	-0.4958212	-0.4560883	0.3592256	-0.07457926	-0.9426088
13.16	7.462855	7.51484	-1.053713	7	-0.450149	-0.4277081	-0.01923382	0.1086269	-1.156721
13.18	7.580446	7.583131	-0.4281551	7	-0.4549798	-0.472351	1.759275	0.4139705	-0.853776
13.2	7.547782	7.583131	-0.6245967	7	-0.3906558	-0.403663	-1.069004	0.3834361	-1.529092
13.22	7.712236	7.65142	0.2054557	7	-0.4776427	-0.5192598	0.8140702	0.001756639	-1.35969
13.24	7.656601	7.65142	-0.1757566	7	-0.4702624	-0.486174	-3.033487	-0.02877772	-2.370831
13.26	7.592298	7.583131	-0.5313226	7	-0.5539264	-0.5022615	-3.014922	0.1391613	-2.11225
13.28	7.518023	7.583131	-0.9444871	7	-0.5568222	-0.4511112	-3.586764	-0.3188541	-1.822962
13.3	7.519546	7.583131	-0.9388174	7	-0.5722122	-0.4647257	-2.198045	0.09335929	-1.401438
13.32	7.569155	7.65142	-0.7272146	7	-0.5311179	-0.4371896	-2.478565	-0.1203808	-1.39712
13.34	7.482719	7.583131	-1.185573	7	-0.4865961	-0.3660392	-4.138292	0.06282536	-1.641237
13.36	7.601058	7.65142	-0.5760158	7	-0.5192187	-0.4178268	-2.059336	0.032291	-1.146294
13.38	7.582366	7.65142	-0.7201316	7	-0.4921373	-0.4042374	-4.036405	-0.0440449	-1.830728
13.4	7.584727	7.65142	-0.7363333	7	-0.5078527	-0.3851513	-4.574262	-0.01351054	-1.740774
13.42	7.451654	7.51484	-1.378713	7	-0.5561451	-0.4229879	-4.004841	-0.01351054	-1.787716
13.44	7.503477	7.583131	-1.080778	7	-0.5635018	-0.4428989	-1.724326	0.001756639	-1.084674
13.46	7.497853	7.583131	-1.102844	7	-0.5193994	-0.4337194	-2.059652	-0.01351054	-1.3641
13.48	7.548444	7.583131	-0.8162638	7	-0.5361506	-0.486241	-0.7886624	0.368169	-1.318254
13.5	7.538476	7.583131	-0.8672016	7	-0.5170485	-0.4784784	-1.634777	-0.1661823	-1.631634
13.52	7.526812	7.583131	-0.9222609	7	-0.5021542	-0.4380319	-2.413464	0.1086269	-1.600023
13.54	7.551984	7.583131	-0.7768825	-7	-0.5295933	-0.4719478	-3.694868	-0.135648	-2.056584
13.56	7.529249	7.583131	-0.8986259	-7	-0.5583001	-0.4532198	-7.3345	0.04755818	-2.801191
13.58	7.555943	7.583131	-0.7582163	-7	-0.688219	-0.5349964	-9.324665	0.04755818	-3.326406
13.6	7.45629	7.583131	-1.322315	-7	-0.7511891	-0.4725604	-15.1622	-0.6241975	-4.202332
13.62	7.407199	7.583131	-1.607714	-7	-0.8775674	-0.4528693	-18.71195	-1.20435	-4.34483
13.64	7.311423	7.583131	-2.155889	-7	-0.9718575	-0.4024187	-23.44682	-4.547862	-4.7891
13.66	7.365756	7.583131	-1.89938	-7	-1.21884	-0.6108885	-22.84305	-7.372289	-4.942719
13.68	7.393207	7.65142	-1.886224	-7	-1.402551	-0.7688077	-25.46649	-8.486793	-5.99223
13.7	7.269824	7.583131	-2.649696	-7	-1.591415	-0.857269	-28.95049	-6.899006	-6.84272
13.72	7.144213	7.583131	-3.425781	-7	-1.715616	-0.8227552	-32.33194	-6.502059	-6.833702
13.74	7.235272	7.583131	-3.031574	-7	-2.006024	-1.136605	-28.75882	-8.975343	-6.734297
13.76	7.220595	7.65142	-3.306961	-7	-2.1302	-1.256361	-31.69061	-7.967709	-7.902905
13.78	7.189191	7.583131	-3.61375	-7	-2.365418	-1.467021	-31.48234	-8.532595	-8.390268
13.8	7.177516	7.583131	-3.833795	-7	-2.586515	-1.688336	-30.84661	-8.532595	-8.833795
13.82	7.176423	7.583131	-4.013314	-7	-2.796965	-1.914488	-30.10921	-9.769235	-9.35247
13.84	6.557625	7.036813	-7.121334	-7	-2.988071	-2.051865	-29.50013	-10.50206	-9.907942
13.86	6.50527	7.036813	-7.17421	-7	-3.0987	-2.195633	-18.87952	-10.19672	-6.980133
13.88	6.588328	7.036813	-6.553532	-7	-3.080675	-2.460927	-11.86274	-9.708166	-7.07968
13.9	5.780378	6.080756	-10.05792	-7	-3.200581	-2.812275	-3.623514	-3.79977	-7.945579
13.92	5.636259	6.080756	-10.04218	-7	-2.973178	-2.704944	8.922059	0.459772	-3.996217
13.94	7.032451	7.309972	-2.722116	-7	-2.499066	-2.648534	11.8766	0.5513747	-3.523728
13.96	6.421297	6.422206	-5.607483	-7	-2.396834	-2.66616	-7.941347	8.062824	-11.75054
13.98	6.518803	6.695365	-4.843525	-7	-2.451496	-2.24488	-14.94065	15.19259	-9.374574
14	6.703664	7.036813	-3.919007	-7	-2.430299	-1.946092	-29.31789	4.291833	-10.92023
14.02	5.963324	6.080756	-7.278927	-7	-3.054034	-2.422356	-30.0581	-10.6242	-12.92697
14.04	5.715113	6.012467	-8.062488	-7	-3.485766	-2.759638	-19.809	-16.63946	-10.05657
14.06	7.102993	7.378261	-1.199727	-7	-3.547479	-3.091111	-15.80457	-18.47153	-9.542833
14.08	6.318232	6.422206	-5.414534	-7	-3.864322	-3.467739	-33.06324	-9.662365	-17.93292
14.1	6.233052	6.695365	-6.018345	-7	-4.096942	-3.14963	-36.98934	0.2307643	-14.54925
14.12	5.602198	6.080756	-9.112673	-7	-4.471055	-3.430791	-34.34942	-6.502059	-14.76117
14.14	5.326481	6.080756	-10.32763	-7	-4.482114	-3.330226	-28.94019	-17.7845	-11.91411
14.16	4.548581	5.124701	-13.55205	-7	-4.689316	-3.799568	-12.6723	-26.8532	-10.7138
14.18	6.594359	6.763654	-2.911871	-7	-4.769938	-4.646836	14.39312	-17.08221	-6.821307
14.2	4.395998	5.124701	-14.08717	-7	-3.948522	-3.649408	-28.51932	14.18496	-18.62905
14.22	5.032519	5.807599	-10.17934	-7	-3.808698	-2.858056	-15.02821	18.50557	-6.738746
14.24	5.184732	6.149047	-9.255432	-7	-3.149184	-2.240298	-34.65859	0.20023	-10.80941
14.26	5.085904	5.397861	-9.055696	-7	-3.678833	-2.884784	-28.16625	-17.26542	-12.19906
14.28	3.563722	3.895488	-15.60802	-7	-4.231861	-3.518824	-17.46114	-8.883739	-12.93957
14.3	3.786693	4.510095	-13.39173	-7	-4.018402	-3.347429	0.9562988	15.4674	-5.569175
14.32	3.247597	3.895488	-14.97316	-7	-3.576831	-3.282741	3.49671	4.948321	-7.257247
14.34	3.033477	3.554038	-14.61532	-7	-3.230162	-3.12292	13.06994	4.978856	-4.81826
14.36	4.513697	4.510095	-6.018622	-7	-3.098757	-3.636369	26.36796	15.86435	-4.361633
14.38	4.790082	4.168647	-3.933098	-7	-3.412847	-4.548804	18.26678	16.88725	-13.67225
14.4	4.065679	3.895488	-7.206471	-7	-3.429018	-3.982383	-6.880413	24.2155	-16.83552
14.42	3.328391	3.485749	-10.24497	-7	-3.626289	-3.465687	-15.5926	12.94832	-14.16385
14.44	1.624946	2.188245	-17.59895	-7	-3.698099	-3.065133	-14.80262	-10.89901	-11.27027
14.46	1.083903	1.641927	-18.38343	-7	-3.770477	-3.303747	17.86421	-26.68526	-2.68548
14.48	0.8051763	1.300479	-17.79438	-7	-3.248386	-3.504213	40.16286	-16.89901	-0.3304138
14.5	0.8065548	1.02732	-15.70525	-7	-2.562092	-3.482111	54.92569	0.07809254	0.7552052
14.52	1.1025	0.6175833	-11.95499	-7	-2.346652	-4.104488	74.17691	18.33763	0.06762218
14.54	0.4924085	0.2761335	-13.1605	-7	-1.457951	-3.30236	59.00676	27.00939	-2.829323
14.56	0.6380957	0.2761335	-10.38869	-7	-0.9774691	-2.672056	55.60344	35.19259	-0.5681648
14.58	1.903663	1.300479	-2.605998	-7	-0.6528398	-2.451777	43.02393	24.3529	-2.876023
14.6	0.4509984	0.002975464	-8.734746	-7	-0.5721998	-1.808453	3.728235	17.33	-11.71242
14.62	-0.0704329	-0.4750528	-9.568664	-7	-1.238416	-1.774664	10.06742	15.63534	-5.685338
14.64	-0.5953917	-0.6799221	-10.64061	-7	-1.411333	-1.829072	11.0587	-7.066946	-4.793222
14.66	-1.298458	-1.362819	-12.4136	-7	-1.58591	-2.021256	19.36307	-16.7616	-3.345531
14.68	-1.829911	-1.635977	-13.32057	-7	-1.300066	-1.725439	24.22083	-4.12038	-0.7499199
14.7	-1.975898	-2.045715	-12.05096	-7	-1.20461	-1.963647	39.07088	-1.952442	1.239651
14.72	-2.255491	-2.318874	-11.59203	-7	-0.7941408	-1.821127	41.48795	3.375802	0.942894
14.74	-2.50139	-2.728612	-10.85492	-7	-0.5181794	-1.719188	45.58504	14.65824	1.459595
14.76	-1.594097	-2.045715	-4.675605	-7	-0.2673358	-1.743554	47.44294	16.71931	1.618032
14.78	-1.745753	-2.387164	-4.223428	-7	-0.209604	-1.752065	29.63017	15.91015	-4.769059
14.8	-2.893896	-3.070061	-8.783288	-7	-0.0659194	-0.84743	6.526085	12.15443	-5.552582
14.82	-2.455305	-2.045715	-5.63167	-7	0.4241461	0.4702246	-10.98164	0.3987029	-0.5983582
14.84	-3.116804	-3.001771	-7.788006	-7	0.1374714	0.370417	-21.07131	-14.13565	-4.103601
14.86	-3.751225	-3.684668	-9.492311	-7	-0.4522014	-0.09305534	-10.28684	-5.769236	-1.954073
14.88	-4.921788	-4.435854	-13.81951	-7	-0.4268502	0.03884085	-4.78856	-5.326487	0.1877518
14.9	-4.088768	-4.026116	-7.850625	-7	-0.6382921	-0.7384925	27.91908	-3.524961	5.900285
14.92	-4.972021	-4.777303	-10.94145	-7	-0.1270967	-0.6399167	19.81421	3.238397	0.4411688
14.94	-3.705252	-4.094406	-3.048206	-7	-0.2726204	-1.19175	41.98457	15.87962	4.713373
14.96	-4.975907	-5.118752	-8.402071	-7	0.1678797	-0.8117025	18.00527	12.2155	-3.356263
14.98	-4.299158	-4.435854	-3.776143	-7	0.2691783	-0.3550662	22.47695	19.48267	2.806209
15	-5.981698	-5.460199	-11.28538	-7	1.050248	0.9949501	-12.09096	-4.181449	-1.912414
15.02	-4.897532	-5.118752	-4.071254	-7	0.4378978	0.2908626	20.66456	7.955955	6.749425
15.04	-4.956047	-4.913882	-3.628761	-7	0.8068985	0.3613574	1.663802	-9.20435	-0.5478334
15.06	-6.062646	-5.801648	-8.201215	-7	0.9350088	1.075654	-14.68795	17.33	-1.095694
15.08	-6.305256	-5.460199	-8.414343	-7	1.450156	2.296734	-25.47199	-7.158548	4.109848
15.1	-5.666164	-5.18704	-4.144253	-7	1.417349	2.161638	-21.65802	2.765115	4.895214
15.12	-4.626179	-5.118752	1.974502	-7	0.4352778	0.3794311	-4.221693	3.497939	0.4089632
15.14	-6.258416	-6.143096	-5.911459	-7	0.3240142	0.5683756	-29.83533	8.917788	-6.862244
15.16	-6.15522	-6.211386	-4.374505	-7	-0.4541864	-0.003213197	-2.929802	-2.364655	1.360575
15.18	-6.702797	-6.143096	-6.691442	-7	-0.003581464	0.4467284	-11.99974	-17.92191	0.008812904
15.2	-4.695273	-4.777303	3.758502	-7	-0.2303226	-0.2093933	5.657336	-0.1967167	3.01072
15.22	-4.754226	-4.777303	2.848907	-7	-0.0716235	-0.1398303	-28.94224	-6.975342	-8.647224
15.24	-6.43284	-5.733358	-5.904946	-7	0.03802806	1.265066	-62.90754	5.81855	-8.889096
15.26	-6.730942	-6.143096	-6.740828	-7	-0.6782013	0.9638666	-38.62489	-22.53259	0.06001663
15.28	-6.663543	-6.143096	-5.839163	-7	-0.9612286	0.1191888	-16.56904	-21.32649	1.311844
15.3	-6.630173	-6.143096	-5.272956	-7	-0.8282131	-0.2002466	-6.727959	1.238397	0.904048
15.32	-6.444509	-6.143096	-3.934777	-7	-0.6900544	-0.4029317	1.00873	4.841451	0.8551941
15.34	-6.30717	-6.143096	-2.912989	-7	-0.5396916	-0.495241	2.97426	9.00939	-0.1531258
15.36	-4.332371	-4.367564	6.636535	-7	-0.3335625	-0.510802	-2.522402	8.03229	-1.007756
15.38	-5.919949	-5.801648	-1.948353	-7	-0.3013277	-0.01206982	-44.25731	4.032291	-12.22645
15.4	-4.593048	-4.435854	4.351115	-7	-0.8702941	0.08224258	-37.00201	2.765115	-3.938927
15.42	-5.432795	-4.777303	-0.8800101	-7	-0.8355602	0.5246306	-70.89594	-4.822671	-11.7929
15.44	-6.868234	-6.143096	-8.071259	-7	-1.583327	0.4366078	-62.53831	-22.22725	-7.280662
15.46	-7.252115	-6.143096	-9.640478	-7	-1.722986	0.2993203	-37.41991	-13.86084	0.5073299
15.48	-5.805665	-5.050462	-2.24419	-7	-1.586278	-0.4166678	-11.34952	-36.47152	3.149463
15.5	-5.507161	-5.118752	-1.081963	-7	-1.356441	-0.8585325	-17.56567	-6.593663	-4.368025
15.52	-5.840776	-6.143096	-2.507127	-7	-2.137051	-2.04147	0.7796612	6.200229	-5.851494
15.54	-4.475578	-4.299274	3.686974	-7	-1.789434	-1.73224	-4.083218	17.5132	-4.370528
15.56	-5.875713	-5.801648	-3.806051	-7	-1.881145	-1.649322	-24.16003	0.8719854	-11.65029
15.58	-6.053662	-5.801648	-4.562973	-7	-2.165814	-1.538146	-8.89642	-2.624197	-3.979058
15.6	-6.154894	-5.460199	-5.209879	-7	-1.619403	-0.9528794	-13.31456	-5.982975	-2.881367
15.62	-5.544444	-5.460199	-1.913444	-7	-1.818638	-1.583301	3.857554	-17.46389	-1.784206
15.64	-5.943427	-5.39191	-4.200461	-7	-1.170279	-0.8245617	-16.25006	2.001757	-5.193772
15.66	-6.221847	-6.416255	-4.905381	-7	-1.854836	-1.751144	8.679375	4.322367	-2.679117
15.68	-6.838706	-6.484545	-7.587406	-7	-1.439444	-1.395049	9.839993	3.345268	-1.529254
15.7	-6.054058	-6.211386	-2.893114	-7	-1.494998	-1.961346	34.50614	3.192596	2.195442
15.72	-6.02376	-6.143096	-2.493947	-7	-1.006718	-1.842081	25.98225	4.246031	-2.212125
15.74	-5.687473	-6.074806	-0.4552069	-7	-0.963606	-1.845107	25.7797	15.58954	-2.380772
15.76	-5.873485	-5.801648	-1.483987	-7	-0.3951176	-0.8562748	0.4863729	10.52084	-4.610144
15.78	-5.40976	-5.733358	1.057572	-7	-0.7473335	-1.053207	1.85063	1.757481	-3.736744
15.8	-5.799042	-5.733358	-1.11175	-7	-0.6581961	-0.6164267	-18.56202	-2.028778	-6.974512
15.82	-5.931526	-5.801648	-1.767264	-7	-0.9140455	-0.4534009	-21.95379	-2.929541	-5.177761
15.84	-6.125649	-5.733358	-2.838051	-7	-0.9441353	-0.2128774	-28.38494	-9.189082	-4.83905
15.86	-5.947079	-5.801648	-1.838876	-7	-1.375229	-0.7406405	-18.37955	-11.66236	-3.91564
15.88	-6.008729	-5.733358	-2.291534	-7	-1.459089	-0.8978788	-19.60242	-3.158549	-5.191653
15.9	-5.90575	-5.801648	-1.803051	-7	-1.76211	-1.325982	-11.89763	-2.639465	-4.887215
15.92	-5.802383	-5.39191	-1.667246	-7	-1.53208	-0.9939857	-20.53982	-1.509694	-5.565125
15.94	-5.812103	-5.528489	-1.943328	-7	-1.638926	-1.026064	-22.11864	-2.089846	-5.951358
15.96	-5.689851	-5.460199	-1.545536	-7	-1.83136	-1.237914	-19.76062	-1.921907	-5.925408
15.98	-5.672043	-5.460199	-1.721622	-7	-2.002799	-1.462159	-18.63644	-2.731068	-6.637156
16	-5.710886	-5.460199	-2.193028	-7	-2.116052	-1.568208	-17.83884	-2.731068	-6.724421
16.02	-5.677189	-5.460199	-2.250231	-7	-2.254765	-1.759473	-13.9596	-5.036411	-6.422694
16.04	-6.745071	-6.416255	-7.513769	-7	-2.323002	-1.792918	-10.70963	-4.089846	-6.506013
16.06	-6.673299	-6.416255	-6.603469	-7	-2.38052	-2.084515	14.94827	-5.845572	-0.3665104
16.08	-6.690237	-6.416255	-6.274942	-7	-1.896242	-2.082737	23.1784	-2.563129	-0.4300909
16.1	-6.2985	-6.143096	-3.92535	-7	-1.330817	-1.780897	25.2513	10.90252	0.1217957
16.12	-5.905716	-5.801648	-1.803499	-7	-0.7350105	-1.229112	13.12431	14.82618	-1.803488
16.14	-5.370377	-5.460199	0.8903022	-7	-0.551106	-0.9273205	-0.2256379	17.11626	-4.007221
16.16	-5.441436	-5.460199	0.3220725	-7	-0.5680917	-0.5625126	-21.13405	12.3071	-7.421131
16.18	-6.276843	-6.416255	-3.617856	-7	-1.25792	-0.9254179	-20.31809	-0.1203808	-7.61288
16.2	-6.680427	-6.484545	-5.290007	-7	-1.557947	-1.044748	-10.23466	-12.07458	-3.698887
16.22	-6.22015	-6.143096	-2.660055	-7	-1.725087	-1.555387	5.817868	-13.28069	-1.629701
16.24	-6.257075	-6.074806	-2.868237	-7	-1.451457	-1.463691	-0.03371668	-1.876106	-4.216575
16.26	-7.538587	-7.235731	-8.847045	-7	-1.312897	-1.088175	-2.690288	3.345268	-3.915624
16.28	-7.13855	-6.825994	-6.039895	-7	-1.130121	-0.9785091	17.39863	-1.418091	3.234045
16.3	-8.0035	-7.782049	-9.453665	-7	-0.755924	-1.007017	21.87745	1.635344	1.159821
16.32	-5.963918	-6.143096	1.512373	-7	-0.4772463	-1.259008	41.82228	17.89489	6.029499
16.34	-5.677144	-5.801648	2.592466	-7	0.2785408	-0.6395058	1.673244	16.00176	-5.434701
16.36	-6.699436	-7.167441	-2.183377	-7	-0.3252564	-0.6732829	-9.053822	23.45214	-7.397554
16.38	-6.998761	-6.757704	-3.45279	-7	-0.3015498	0.04457992	-16.13594	-13.52496	-2.758216
16.4	-6.888484	-6.825994	-2.486584	-7	-0.6093158	-0.2956261	-8.019538	-10.37992	-1.41593
16.42	-6.251569	-6.484545	0.9143656	-7	-1.022171	-1.104814	2.512734	-10.44099	-2.436751
16.44	-8.341507	-7.850338	-9.474104	-7	-0.6279093	-0.222163	-21.70355	2.597176	-6.399995
16.46	-6.030804	-6.143096	2.730689	-7	-1.106321	-0.9682851	19.16916	0.1544284	5.290512
16.48	-7.793118	-7.4406	-6.350298	-7	-0.4648598	-0.4810924	-17.5633	-3.005877	-7.753326
16.5	-7.649417	-7.50889	-4.84796	-7	-0.7653778	-0.4087763	5.173357	-6.685266	2.127739
16.52	-7.730714	-7.167441	-4.989143	-7	-0.09918892	0.1744289	-3.617861	13.68115	1.14691
16.54	-7.123761	-7.167441	-1.356375	-7	-0.2540149	-0.3124102	8.954479	-15.23488	1.84922
16.56	-8.594937	-8.123497	-8.343439	-7	0.2753687	0.4857978	-11.54729	19.23839	-1.866343
16.58	-6.43268	-6.825994	3.365435	-7	-0.3324388	-0.6031263	27.1869	5.085725	6.283924
16.6	-7.524122	-7.782049	-2.124012	-7	-0.1655409	-0.8395494	2.06075	14.10863	-6.288128
16.62	-6.686864	-7.782049	2.842913	-7	-1.380247	-2.360453	39.68768	1.162062	-0.5955744
16.64	-9.179143	-8.738104	-9.758179	-7	-0.3125581	-0.6505312	-1.660226	17.40633	-6.0897
16.66	-7.793697	-7.850338	-1.7766	-7	-0.4471748	-0.6505127	35.78036	-23.47916	8.256025
16.68	-9.55246	-8.806395	-10.26131	-7	0.9032784	0.7984381	-0.2996712	3.894886	0.5577049
16.7	-8.665596	-8.738104	-4.261532	-7	0.7024553	0.4610415	35.75764	-17.11275	10.80225
16.72	-8.958054	-7.50889	-5.814231	-7	3.031288	3.424322	-26.17223	20.74985	5.501534
16.74	-6.430283	-7.4406	8.156831	-7	1.490005	1.046863	18.11	3.986489	7.739037
16.76	-8.201279	-8.464945	-0.8975502	-7	1.484906	1.081411	-27.229	33.19259	-8.08915
16.78	-6.292645	-7.235731	9.056795	-7	0.0301652	-0.2429795	5.791943	12.61244	0.8303242
16.8	-7.513597	-7.235731	1.740092	-7	0.5193072	0.8040063	-50.1475	20.15443	-10.98929
16.82	-8.886534	-8.533236	-5.056696	-7	-0.1963167	1.149904	-46.98167	-23.54023	-4.312473
16.84	-10.24634	-8.464945	-11.8422	-7	0.7241449	3.049766	-61.18452	-3.540228	2.98278
16.86	-8.677095	-7.4406	-3.38053	-7	0.9326024	2.927941	-32.50935	-36.12038	11.44851
16.88	-7.342711	-7.4406	3.606874	-7	0.2620265	0.7492224	-9.507471	0.20023	3.133179
16.9	-7.26721	-7.50889	3.596154	-7	-0.1315631	-0.07870191	-17.18277	1.864352	-4.758245
16.92	-7.764564	-7.50889	0.5020269	-7	-0.1538221	0.4667662	-34.86427	21.03992	-5.555006
16.94	-7.709933	-7.50889	0.5023148	-7	-0.5916055	0.2755959	-28.73915	-10.8074	-2.791958
16.96	-7.638067	-7.50889	0.5473948	-7	-0.9911009	-0.3049186	-20.53611	-13.8303	-3.13018
16.98	-7.496075	-7.4406	0.8841625	-7	-1.305257	-0.8434908	-12.09214	-19.37229	-3.428572
17	-7.870626	-7.4406	-1.555221	-7	-1.058718	-0.4463981	-20.10719	-10.16618	-3.992846
17.02	-7.578331	-7.50889	-0.204668	-7	-1.373562	-0.9470903	-3.374953	-6.837938	-1.3611
17.04	-8.780698	-8.328366	-6.336942	-7	-1.054734	-0.5996307	-8.093287	-3.723434	-2.720618
17.06	-8.341222	-8.464945	-3.394032	-7	-1.445633	-1.498208	32.47937	2.459772	4.565961
17.08	-7.329644	-7.167441	1.448628	-7	-0.5451002	-1.140711	27.08175	-2.211984	2.427491
17.1	-8.415594	-8.123497	-4.135368	-7	0.2405648	-0.01811653	-1.263046	14.12389	-2.464705
17.12	-9.63431	-9.147842	-9.416075	-7	0.5560799	0.9316567	1.023971	13.36053	3.871305
17.14	-9.483733	-9.079553	-7.372398	-7	0.8793002	1.026506	24.45827	5.162061	10.78435
17.16	-9.059386	-9.147842	-3.978168	-7	1.157648	0.4657093	42.63675	13.11626	10.11737
17.18	-7.586374	-7.850338	3.910082	-7	1.795107	0.6321755	36.34354	23.97122	7.645059
17.2	-7.275451	-7.782049	5.429731	-7	2.036496	0.958083	5.368861	31.45214	-0.7892351
17.22	-8.242345	-8.806395	0.8647296	-7	1.459183	1.005466	-10.16558	24.3071	-3.323898
17.24	-8.403402	-7.782049	-0.1744149	-7	2.001101	2.724995	-39.12215	-6.257785	0.9692774
17.26	-9.366546	-9.079553	-4.423886	-7	1.437299	2.469075	-34.84949	-18.47153	1.742826
17.28	-8.19495	-8.123497	1.956478	-7	0.8803742	1.53748	-8.327239	-16.92954	6.495784
17.3	-8.249129	-8.123497	1.472969	-7	0.9000618	1.201889	-19.45209	-5.524961	-0.3485403
17.32	-8.092403	-8.123497	2.160274	-7	0.5252681	0.91035	-17.44708	7.925421	-0.1749268
17.34	-7.697995	-7.167441	3.369257	-7	0.9109958	1.717031	-39.83315	-4.669999	-1.297686
17.36	-7.325578	-7.167441	4.619239	-7	0.4243779	1.397247	-45.46932	-3.372289	-3.293662
17.38	-7.395511	-7.235731	3.518951	-7	-0.2024694	0.914368	-49.79598	-11.98298	-5.660614
17.4	-8.740013	-8.464945	-3.51965	-7	-0.9632615	0.3415562	-41.69514	-12.51733	-5.465607
17.42	-8.835337	-8.464945	-3.843223	-7	-1.439602	-0.3623788	-7.426969	-23.37229	2.075818
17.44	-9.148746	-8.464945	-5.440556	-7	-0.8884562	-0.2437935	2.758486	-13.23488	3.207229
17.46	-8.943581	-8.533236	-4.073504	-7	-0.4307004	-0.2483291	19.91195	4.826184	6.040776
17.48	-8.415141	-8.123497	-1.254418	-7	0.2979707	0.05720039	21.73885	13.81855	5.713208
17.5	-8.155504	-8.123497	0.1883744	-7	0.777342	0.342266	15.19764	24.52084	3.404026
17.52	-9.130595	-9.079553	-4.248521	-7	1.022492	0.7831777	6.95856	19.84908	2.121819
17.54	-9.42753	-9.079553	-4.984445	-7	1.450915	1.528999	9.91252	19.54374	7.476163
17.56	-9.2766	-9.079553	-3.333645	-7	1.798165	1.673519	17.0722	3.268932	9.246337
17.58	-8.98991	-9.216132	-0.9531895	-7	1.832432	1.246614	26.90954	1.284199	8.361733
17.6	-8.642009	-9.079553	1.482372	-7	1.86832	0.9529728	28.80852	12.49031	6.400146
17.62	-8.812691	-9.079553	1.00564	-7	2.133726	1.369718	14.41277	14.47504	4.005809
17.64	-8.985251	-9.079553	0.5274981	-7	2.308226	1.963917	2.487416	15.17733	4.564773
17.66	-8.097438	-8.123497	5.031053	-7	2.45109	2.370615	-8.451976	6.169695	5.120286
17.68	-7.757653	-8.123497	6.532712	-7	1.9936	1.943028	-21.09069	-3.90664	-0.2350016
17.7	-8.469356	-8.533236	2.611867	-7	1.544761	2.03807	-38.16533	-0.1814495	-2.923648
17.72	-7.670193	-7.4406	6.037422	-7	1.215507	2.191439	-41.92133	-6.059311	0.4801111
17.74	-9.1174	-8.738104	-1.6801	-7	0.7786046	2.054224	-54.61051	-21.54023	-4.144389
17.76	-8.326317	-7.850338	2.07747	-7	0.3234047	1.756566	-33.51109	-22.08985	3.784468
17.78	-7.045053	-6.552835	7.400844	-7	0.4529655	1.529509	-42.15688	-19.6471	-0.3671675
17.8	-8.011663	-8.191787	1.937427	-7	-0.5707857	0.2694583	-39.07433	-13.99824	-7.0767
17.82	-9.092727	-8.123497	-4.185658	-7	-0.2828809	1.337608	-47.67829	4.20023	-1.945561
17.84	-7.680451	-7.167441	2.623884	-7	-0.5296389	0.7403843	-17.93958	-11.54023	4.954565
17.86	-7.496505	-7.235731	2.765334	-7	-0.495007	0.11459	-21.27262	-21.02114	-2.259574
17.88	-7.01267	-7.167441	4.574886	-7	-0.9854664	-0.6493933	-10.27649	-0.5173275	-2.772647
17.9	-7.337714	-7.167441	2.014731	-7	-0.9292945	-0.5032718	-20.37069	5.467405	-5.247236
17.92	-7.179808	-7.235731	2.278934	-7	-1.340517	-0.9481889	-7.573884	-3.387556	-2.904162
17.94	-7.644544	-7.235731	-0.796065	-7	-1.010621	-0.4808122	-15.7661	-10.37992	-3.411001
17.96	-7.231019	-7.167441	1.007689	-7	-1.213925	-0.8689283	1.629903	-7.20435	-0.03955555
17.98	-7.545265	-7.235731	-1.069025	-7	-0.8274921	-0.586331	-4.285831	-7.036411	-1.852411
18	-6.642555	-7.099152	3.450734	-7	-1.370227	-1.690502	23.68776	1.268932	0.5897818
18.02	-7.30864	-7.167441	-0.5645425	-7	-0.7373512	-1.025742	2.236783	-1.738701	-4.289425
18.04	-8.265185	-8.123497	-5.154592	-7	-0.6562462	-0.5758632	8.222706	6.398704	0.06208706
18.06	-8.734911	-8.191787	-7.012286	-7	-0.009379685	0.1898996	16.05642	-4.410457	5.769855
18.08	-6.077423	-6.416255	6.684303	-7	0.09211498	-0.6747127	44.84901	2.581909	9.109132
18.1	-7.213215	-7.850338	0.8036401	-7	0.2219933	-1.056143	18.68956	8.841452	-5.535833
18.12	-7.386123	-7.782049	0.1946332	-7	0.1149474	-0.5623617	20.98942	27.94069	0.4606056
18.14	-9.645441	-8.806395	-10.88575	-7	1.26	1.569327	-11.46698	2.917787	1.237368
18.16	-8.538084	-8.738104	-3.602475	-7	0.6971668	0.5609628	45.54075	-2.135648	14.35344
18.18	-8.805397	-8.738104	-4.171122	-7	1.577386	0.6667674	38.37346	-0.5173275	7.946071
18.2	-8.305047	-8.806395	-0.5134809	-7	1.716064	0.4632189	51.36344	12.32237	9.650305
18.22	-8.551386	-8.806395	-1.056859	-7	2.39427	1.15719	34.08775	16.33763	6.482455
18.24	-7.308988	-7.50889	5.486887	-7	2.971211	2.084383	16.48082	30.4445	7.568208
18.26	-7.272635	-7.50889	5.517994	-7	3.139345	2.708852	-20.62971	16.82618	0.1657057
18.28	-7.341015	-7.50889	5.042989	-7	2.634819	3.004566	-41.39454	22.04756	-0.9737473
18.3	-9.4092	-8.806395	-5.273669	-7	2.376717	3.819052	-65.6843	-9.173816	-1.688274
18.32	-7.966228	-7.782049	2.607331	-7	1.354949	2.700256	-23.67647	-15.44862	9.249074
18.34	-6.344	-6.484545	10.07522	-7	0.9751571	1.344615	-23.60715	-24.30359	0.7387352
18.36	-7.328017	-8.055207	4.587269	-7	-0.2801439	-0.2089026	-24.74107	6.383436	-8.558748
18.38	-8.444095	-8.123497	-1.611781	-7	-0.4330178	0.4205537	-29.63623	-10.7158	-3.785462
18.4	-7.681766	-7.167441	1.736841	-7	-0.344816	0.6216257	-16.7419	-19.52496	2.873178
18.42	-7.857851	-7.50889	0.3256795	-7	-0.2451308	0.4046185	-17.95638	-21.92191	-0.625288
18.44	-7.80647	-7.4406	0.2052009	-7	-0.1507645	0.5088202	-14.52133	3.71168	0.9015942
18.46	-7.585764	-7.4406	1.063784	-7	-0.2341055	0.1726437	-5.753257	-2.914274	1.141521
18.48	-7.896395	-7.4406	-0.9163706	-7	0.1822033	0.6902591	-15.08529	0.06282536	0.280899
18.5	-7.539865	-7.50889	0.8992547	-7	-0.05653529	0.2476417	0.2503164	0.3529013	2.571382
18.52	-7.521852	-7.4406	0.7691007	-7	0.06780353	0.1431136	-0.2768695	-0.9448083	0.7612782
18.54	-7.713341	-7.50889	-0.374314	-7	0.3002513	0.4879951	-4.718611	2.780382	0.9614611
18.56	-7.530475	-7.50889	0.5779827	-7	0.2470838	0.3489234	2.406775	-0.2883198	2.336844
18.58	-7.573676	-7.50889	0.2869326	-7	0.3800456	0.3948346	0.8506718	0.291833	1.449743
18.6	-7.54661	-7.50889	0.4139871	-7	0.4520339	0.469752	1.344962	3.559008	1.867266
18.62	-7.452388	-7.50889	0.9125932	-7	0.4318965	0.3641881	3.801281	1.757481	1.829268
18.64	-7.491764	-7.50889	0.679235	-7	0.5019333	0.4280124	1.807965	1.833817	1.339572
18.66	-7.326931	-7.4406	1.512615	-7	0.4370133	0.3167171	4.333305	0.6429782	1.620804
18.68	-7.383634	-7.4406	1.131045	-7	0.4804783	0.3739929	0.7179369	2.581909	0.687685
18.7	-7.277456	-7.4406	1.65006	-7	0.3365076	0.2066855	3.862762	-0.837938	1.031136
18.72	-7.544586	-7.50889	0.1851761	-7	0.4581311	0.4426934	-2.140764	-0.2730526	0.3885431
18.74	-7.472531	-7.50889	0.604919	-7	0.3847568	0.3997263	2.601838	0.3834361	1.981515
18.76	-7.479486	-7.50889	0.5710792	-7	0.4135557	0.3479066	3.456553	-0.3493885	1.615355
18.78	-7.459868	-7.4406	0.637259	-7	0.5206341	0.4761718	1.909395	0.4903064	1.730656
18.8	-7.476102	-7.50889	0.5841708	-7	0.5310293	0.4772204	2.296035	0.3987029	1.72035
18.82	-7.445539	-7.50889	0.7803218	-7	0.5172266	0.4290975	3.72111	-0.1814495	1.832918
18.84	-7.556807	-7.577179	0.2538914	-7	0.5697533	0.4941019	2.624251	-0.1661823	1.670959
18.86	-7.454854	-7.50889	0.8355599	-7	0.5757094	0.4815928	4.795373	0.1849628	2.32949
18.88	-7.327453	-7.4406	1.484146	-7	0.5697583	0.3935078	5.18011	-0.01351054	1.778746
18.9	-7.345829	-7.4406	1.337641	-7	0.5889717	0.4336865	2.208013	0.2154972	1.051424
18.92	-7.45194	-7.50889	0.7849495	-7	0.5798935	0.5140456	0.3502867	0.06282536	1.133873
18.94	-7.440941	-7.50889	0.8707379	-7	0.5234711	0.4742739	2.205294	-0.01351054	1.708882
18.96	-7.438244	-7.50889	0.8950001	-7	0.5016927	0.4148088	3.265365	-0.4409916	1.638741
18.98	-7.472271	-7.50889	0.7167248	-7	0.5378755	0.4584939	2.724809	0.3071002	1.642363
19	-7.339574	-7.4406	1.393115	-7	0.5032076	0.3760957	4.861833	0.1391613	1.882355
19.02	-7.351587	-7.4406	1.273732	-7	0.5218317	0.3759284	3.000011	-0.135648	1.151676
19.04	-7.376085	-7.4406	1.102093	-7	0.5285201	0.4379576	1.687765	0.1086269	1.237524
19.06	-7.441574	-7.50889	0.7713451	-7	0.4966828	0.4280981	2.15663	-0.02877772	1.394097
19.08	-7.533106	-7.577179	0.3506	-7	0.4917424	0.4276409	3.510928	-0.2577854	1.772565
19.1	-7.472921	-7.50889	0.6948678	-7	0.5339159	0.4391598	5.377625	-0.02877772	2.331379
19.12	-7.446293	-7.50889	0.8549133	-7	0.5845312	0.4373004	5.537933	0.2765654	2.073193
19.14	-7.420455	-7.50889	1.013587	-7	0.6106235	0.4419476	5.558293	0.3987029	1.973003
19.16	-7.417307	-7.50889	1.048714	-7	0.633858	0.4653309	4.92265	-0.1967167	1.843817
19.18	-7.406032	-7.50889	1.128369	-7	0.6326124	0.4680877	4.770543	0.1849628	1.828674
19.2	-7.301916	-7.4406	1.650819	-7	0.5987855	0.4077057	5.346989	0.01702339	1.753272
19.22	-7.430377	-7.50889	0.9609929	-7	0.6304438	0.4900262	2.059516	-0.08984644	1.14403
19.24	-7.351435	-7.4406	1.358354	-7	0.5951353	0.4960974	3.193748	0.01702339	1.86285
19.26	-7.349913	-7.4406	1.326565	-7	0.5793613	0.4646071	2.452048	-0.1967167	1.417219
19.28	-7.366938	-7.4406	1.198781	-7	0.5661791	0.4798948	1.799765	0.1238941	1.410062
19.3	-7.439771	-7.50889	0.8269981	-7	0.5355565	0.4650295	2.287605	0.001756639	1.518961
19.32	-7.543031	-7.577179	0.3434759	-7	0.5448726	0.4873515	3.411585	-0.0440449	1.945091
19.34	-7.464192	-7.50889	0.7919922	-7	0.576786	0.4764468	5.954257	0.09335929	2.582708
19.36	-7.415011	-7.50889	1.071424	-7	0.60628	0.4233437	6.838263	0.07809254	2.219459
19.38	-7.331234	-7.4406	1.482883	-7	0.645247	0.4360184	6.198101	-0.05931208	1.984356
19.4	-7.365279	-7.50889	1.313161	-7	0.6240685	0.4091987	5.471477	0.01702339	1.537615
19.42	-7.305779	-7.4406	1.594401	-7	0.6071957	0.4092168	5.410557	0.01702339	1.700225
19.44	-7.317576	-7.4406	1.487873	-7	0.600253	0.4191861	3.996658	0.04755818	1.359875
19.46	-7.423914	-7.50889	0.9318373	-7	0.5964484	0.4746435	2.868784	-0.01351054	1.421902
19.48	-7.417479	-7.50889	0.9925202	-7	0.5647604	0.4487376	4.880343	0.032291	2.028829
19.5	-7.433364	-7.50889	0.9224505	-7	0.5908663	0.4489388	5.316006	-0.02877772	2.017444
19.52	-7.480536	-7.577179	0.7386031	-7	0.5947989	0.426551	6.700937	-0.01351054	2.159372
19.54	-7.401994	-7.50889	1.175562	-7	0.6261663	0.4162663	8.181186	0.032291	2.458609
19.56	-7.300708	-7.4406	1.676843	-7	0.6597549	0.4003276	7.759219	0.01702339	2.066817
19.58	-7.35008	-7.50889	1.418257	-7	0.6537398	0.3988835	6.289187	0.032291	1.517592
19.6	-7.36412	-7.50889	1.354249	-7	0.634148	0.4150308	6.26392	-0.01351054	1.769123
19.62	-7.362269	-7.50889	1.371758	-7	0.6124733	0.3909714	6.757714	0.06282536	1.83665
19.64	-7.453783	-7.577179	0.9327456	-7	0.6170827	0.4067264	6.642435	0.01702339	1.825726
19.66	-7.450434	-7.577179	1.007939	-7	0.6180059	0.3979914	8.512474	0.001756639	2.357185
19.68	-7.305961	-7.4406	1.731317	-7	0.6664339	0.4009543	8.80225	-0.0440449	2.371307
19.7	-7.338122	-7.50889	1.553502	-7	0.6702643	0.3854172	7.24416	0.001756639	1.607271
19.72	-7.380423	-7.50889	1.328293	-7	0.6886833	0.4664922	5.830189	0.032291	1.770533
19.74	-7.348426	-7.50889	1.510274	-7	0.6449718	0.4198861	7.079102	-0.07457926	2.011567
19.76	-7.391911	-7.50889	1.273502	-7	0.6728223	0.4625364	5.814552	0.04755818	1.816978
19.78	-7.379935	-7.50889	1.346134	-7	0.6629569	0.4631901	6.440375	0.01702339	2.084623
19.8	-7.386521	-7.50889	1.314358	-7	0.6727236	0.4673606	6.337914	-0.02877772	2.029205
19.82	-7.378755	-7.50889	1.361675	-7	0.6722488	0.4618255	6.663964	0.001756639	2.086916
19.84	-7.102184	-7.235731	2.65047	-7	0.7094567	0.484968	5.561305	0.01702339	2.059092
19.86	-7.359859	-7.50889	1.271229	-7	0.6656378	0.4831332	1.309733	0.01702339	0.5403252
19.88	-7.313342	-7.4406	1.501838	-7	0.5720683	0.463018	4.181245	0.01702339	1.925182
19.9	-7.443873	-7.50889	0.8117232	-7	0.5931738	0.4845643	3.473115	-0.135648	1.665272
19.92	-7.393361	-7.50889	1.112633	-7	0.5476043	0.3970677	7.527808	0.1086269	2.463313
19.94	-7.36447	-7.4406	1.227908	-7	0.6342193	0.4399192	6.939709	-0.1509152	2.234125
19.96	-7.329615	-7.4406	1.393785	-7	0.6703991	0.4614417	6.813655	0.3376346	2.174957
19.98	-7.267977	-7.4406	1.707668	-7	0.6369193	0.3827956	7.947989	-0.1661823	2.025812
20	-7.461501	-7.577179	0.7405652	-7	0.6688413	0.4486163	6.173139	-0.1051136	1.676825
20.02	-7.377573	-7.50889	1.233932	-7	0.6610162	0.4418284	9.320306	0.1391613	2.785922
20.04	-7.317229	-7.4406	1.531054	-7	0.7332917	0.4662703	8.344121	-0.08984644	2.35308
20.06	-7.340283	-7.50889	1.439419	-7	0.7274128	0.4499642	8.065169	0.1849628	2.063195
20.08	-7.387217	-7.50889	1.217565	-7	0.7673781	0.5324674	6.82496	0.01702339	2.174478
20.1	-7.349673	-7.50889	1.45771	-7	0.743387	0.4974617	8.193326	0.09335929	2.450465
20.12	-7.327154	-7.50889	1.600553	-7	0.7229337	0.4357131	8.84757	-0.0440449	2.225014
20.14	-7.324514	-7.50889	1.625966	-7	0.7129291	0.4132698	8.858803	0.01702339	2.082889
20.16	-7.347482	-7.50889	1.510327	-7	0.7280512	0.4477086	8.105909	0.032291	2.059302
20.18	-7.415219	-7.577179	1.209067	-7	0.719262	0.4525387	8.493445	0.001756639	2.195879
20.2	-7.366621	-7.50889	1.480477	-7	0.7502449	0.4842959	9.052256	0.032291	2.576381
20.22	-7.279661	-7.4406	1.90521	-7	0.7806769	0.4921523	8.382223	0.07809254	2.337682
20.24	-7.250531	-7.4406	2.0196	-7	0.7644445	0.473993	7.158319	0.04755818	1.862749
20.26	-7.316974	-7.50889	1.670326	-7	0.7117969	0.4482082	6.629342	0.032291	1.669662
20.28	-7.364529	-7.50889	1.421228	-7	0.7006497	0.4799392	6.591352	0.01702339	2.004732
20.3	-7.300286	-7.4406	1.725893	-7	0.7024964	0.4793696	7.25434	0.001756639	2.288156
20.32	-7.375433	-7.50889	1.330319	-7	0.7146399	0.4917486	6.425681	-0.01351054	1.964347
20.34	-7.382021	-7.50889	1.314388	-7	0.7183627	0.50939	7.375887	-0.01351054	2.412643
20.36	-7.362791	-7.50889	1.435087	-7	0.7209121	0.4765715	8.558365	0.01702339	2.486463
20.38	-7.362745	-7.50889	1.447833	-7	0.7472067	0.4815804	8.660316	0.06282536	2.410993
20.4	-7.286012	-7.4406	1.825328	-7	0.7754321	0.4995566	8.504574	0.01702339	2.444997
20.42	-7.247906	-7.4406	1.995081	-7	0.7579166	0.4613817	8.028831	0.032291	2.041128
20.44	-7.249065	-7.4406	1.951029	-7	0.7309278	0.4484778	7.226024	0.01702339	1.811427
20.46	-7.353528	-7.50889	1.404125	-7	0.7172714	0.4815628	6.324019	0.04755818	1.801408
20.48	-7.362656	-7.50889	1.378671	-7	0.6969375	0.4756021	7.938112	-0.01351054	2.392284
20.5	-7.381188	-7.50889	1.29665	-7	0.7294244	0.4905782	8.360268	0.01702339	2.474214
20.52	-7.359338	-7.50889	1.43697	-7	0.7474614	0.4802896	9.453636	-0.08984644	2.634917
20.54	-7.336095	-7.50889	1.581008	-7	0.7626125	0.4570633	10.1115	0.04755818	2.552549
20.56	-7.313076	-7.50889	1.719948	-7	0.7663095	0.4313681	10.56075	-0.02877772	2.4463
20.58	-7.226519	-7.4406	2.144765	-7	0.7681077	0.4103866	10.53962	0.001756639	2.324556
20.6	-7.284373	-7.50889	1.838826	-7	0.7476698	0.3919694	9.485424	0.01702339	1.839684
20.62	-7.21464	-7.4406	2.171123	-7	0.71409	0.3705836	10.14362	0.032291	2.140326
20.64	-7.236371	-7.4406	2.003575	-7	0.7152963	0.3836247	8.62432	0.04755818	1.743928
20.66	-7.307656	-7.50889	1.631371	-7	0.6798031	0.3791873	8.800714	0.032291	1.874489
20.68	-7.287021	-7.4406	1.70509	-7	0.7088486	0.4351905	8.751604	0.09335929	2.277865
20.7	-7.356027	-7.50889	1.356296	-7	0.7279377	0.4589224	8.539299	0.04755818	2.220818
20.72	-7.361974	-7.50889	1.355891	-7	0.7504668	0.4834145	9.564611	-0.01351054	2.648273
20.74	-7.358712	-7.50889	1.40499	-7	0.7907435	0.5003467	10.05688	0.04755818	2.730506
20.76	-7.253815	-7.4406	1.951288	-7	0.8108519	0.4796922	10.79492	0.032291	2.757778
20.78	-7.310504	-7.50889	1.671955	-7	0.8229311	0.4800379	9.532478	0.07809254	2.189318
20.8	-7.226323	-7.4406	2.104738	-7	0.8025936	0.4645322	10.26343	0.6582449	2.495479
20.82	-7.207915	-7.4406	2.171518	-7	0.7756659	0.4166342	9.645513	3.238397	2.010425
20.84	-7.364818	-7.50889	1.346561	-7	0.8220342	0.5518198	6.618822	-0.02877772	1.88195
20.86	-7.363451	-7.50889	1.399056	-7	0.8086521	0.5808915	8.310087	0.2307643	2.78159
20.88	-7.330193	-7.50889	1.611831	-7	0.7942959	0.5060038	10.15874	0.04755818	2.79297
20.9	-7.345487	-7.50889	1.551426	-7	0.8336918	0.5253424	9.803062	-0.2119839	2.622423
20.92	-7.373147	-7.50889	1.431628	-7	0.89636	0.6167641	8.73596	0.1544284	2.740369
20.94	-7.211217	-7.4406	2.288918	-7	0.8466657	0.5067081	11.19469	-0.01351054	2.929858
20.96	-7.290427	-7.50889	1.871754	-7	0.8469883	0.4859224	9.198683	-0.1967167	1.993408
20.98	-7.332521	-7.50889	1.664519	-7	0.8537663	0.5589944	8.572417	0.1696952	2.411823
21	-7.375302	-7.577179	1.506908	-7	0.8128024	0.5064846	10.28476	0.1544284	2.650638
21.02	-7.338932	-7.50889	1.711342	-7	0.8511628	0.5321756	10.68859	-0.07457926	2.880764
21.04	-7.286368	-7.4406	1.954282	-7	0.9229682	0.6116904	9.004409	0.06282536	2.718976
21.06	-7.300089	-7.50889	1.903085	-7	0.8922523	0.5758998	8.922695	0.032291	2.460832
21.08	-7.296994	-7.50889	1.934328	-7	0.8572214	0.5387995	9.4538	0.032291	2.501853
21.1	-7.355552	-7.50889	1.626372	-7	0.8960438	0.6161898	7.890779	0.06282536	2.462668
21.12	-7.331292	-7.50889	1.777042	-7	0.8783631	0.6033059	9.001491	0.1238941	2.814589
21.14	-7.314417	-7.50889	1.877548	-7	0.8649042	0.5566298	9.651652	-0.05931208	2.681354
21.16	-7.350297	-7.50889	1.689165	-7	0.9030333	0.6135569	8.480755	0.07809254	2.58968
21.18	-7.245286	-7.4406	2.218105	-7	0.8874884	0.5856637	9.40702	0.2765654	2.81784
21.2	-7.233776	-7.4406	2.232971	-7	0.8760873	0.5571386	8.224679	1.971222	2.230875
21.22	-7.383705	-7.50889	1.436786	-7	0.91896	0.6933243	5.269862	1.650611	2.154438
21.24	-7.433777	-7.577179	1.253672	-7	0.876434	0.6798643	7.776296	-0.02877772	3.017877
21.26	-7.361926	-7.50889	1.659849	-7	0.8913498	0.6362027	9.86657	0.04755818	3.308428
21.28	-7.277644	-7.4406	2.072258	-7	0.9391581	0.6357479	9.388103	0.2460311	2.954669
21.3	-7.306992	-7.50889	1.927826	-7	0.9249611	0.6088032	8.821975	2.032291	2.519101
21.32	-7.392791	-7.50889	1.481571	-7	0.9923146	0.7556922	6.398165	1.513207	2.663843
21.34	-7.264889	-7.50889	2.20208	-7	0.8750255	0.5715268	10.96232	-0.07457926	3.177746
21.36	-7.265432	-7.4406	2.138846	-7	0.9309162	0.6064665	8.414876	-0.1509152	2.412249
21.38	-7.300906	-7.4406	1.909735	-7	0.9727045	0.7275885	5.92286	0.2154972	2.446398
21.4	-7.328669	-7.50889	1.790193	-7	0.9119767	0.6799374	7.095477	-0.0440449	2.663731
21.42	-7.30595	-7.4406	1.880063	-7	0.93336	0.7117208	6.748354	-0.135648	2.795381
21.44	-7.368111	-7.50889	1.570227	-7	0.9315491	0.7151419	6.62091	0.2307643	2.704455
21.46	-7.343246	-7.50889	1.731295	-7	0.9017155	0.6607864	8.710783	0.1086269	3.069756
21.48	-7.297667	-7.4406	1.94055	-7	0.9470904	0.6849893	8.220804	-0.08984644	2.947392
21.5	-7.374498	-7.50889	1.551075	-7	0.9818406	0.7424623	6.88877	0.1391613	2.740767
21.52	-7.333158	-7.50889	1.808631	-7	0.9469208	0.6918105	9.04498	0.1086269	3.194654
21.54	-7.355966	-7.50889	1.704094	-7	0.9799162	0.7057459	8.541207	-0.1051136	2.962532
21.56	-7.338559	-7.50889	1.821728	-7	0.9847804	0.7040286	9.140981	0.04755818	3.117684
21.58	-7.252267	-7.4406	2.25352	-7	0.9912988	0.6845075	9.265182	0.07809254	3.030248
21.6	-7.311537	-7.50889	1.948017	-7	0.980195	0.673804	8.177417	-0.0440449	2.551184
21.62	-7.310375	-7.50889	1.970827	-7	0.947069	0.6551691	9.060549	0.032291	2.863883
21.64	-7.313929	-7.50889	1.959083	-7	0.9357676	0.6295567	9.532621	0.06282536	2.84911
21.66	-7.312474	-7.50889	1.971271	-7	0.932545	0.6154175	9.968306	0.032291	2.879729
21.68	-7.354477	-7.50889	1.749657	-7	0.9832683	0.6925242	8.773596	0.01702339	2.889569
21.7	-7.331118	-7.50889	1.893442	-7	0.9855714	0.694783	9.59535	0.04755818	3.167854
21.72	-7.330411	-7.50889	1.909879	-7	1.003665	0.6987253	9.458271	-0.05931208	3.053243
21.74	-7.325312	-7.50889	1.951175	-7	1.013798	0.7076552	9.42526	0.01702339	3.065345
21.76	-7.316194	-7.50889	2.012862	-7	1.013707	0.7014465	9.530245	0.07809254	3.044647
21.78	-7.283006	-7.50889	2.199619	-7	0.9802018	0.6395074	10.49466	0.2765654	2.993925
21.8	-7.279003	-7.4406	2.168911	-7	1.043584	0.7393359	7.992705	1.238397	2.792424
21.82	-7.216185	-7.4406	2.47271	-7	0.9882236	0.6814448	8.649611	1.620077	2.802589
21.84	-7.327003	-7.4406	1.832999	-7	1.063667	0.8420811	4.402495	1.513207	2.418347
21.86	-7.408808	-7.50889	1.436479	-7	1.060361	0.9234341	4.363125	0.7040465	3.075743
21.88	-7.338769	-7.50889	1.857098	-7	0.9828674	0.7803142	8.383734	-0.2883198	3.548361
21.9	-7.377654	-7.50889	1.661903	7	1.027711	0.7854568	9.665289	-0.3493885	3.644989
21.92	-7.407605	-7.50889	1.527346	7	1.131142	0.8840717	11.60252	0.20023	4.466547
21.94	-7.286062	-7.50889	2.223234	7	1.143574	0.7540163	18.30066	0.04755818	5.308981
21.96	-7.152903	-7.4406	2.908766	7	1.228408	0.663698	22.27248	0.2154972	5.27663
21.98	-7.152974	-7.50889	2.930326	7	1.308413	0.6231946	25.20892	4.765115	5.211843
22	-7.180482	-7.50889	2.81741	7	1.477193	0.7564359	26.85809	8.368168	5.875801
22.02	-7.160629	-7.50889	2.989501	7	1.658691	0.8860266	29.44475	4.093359	6.748447
22.04	-7.062102	-7.4406	3.555615	7	1.869285	1.021642	31.28742	7.207863	7.353761
22.06	-6.956703	-7.4406	4.177771	7	2.003041	1.042496	33.81701	5.681145	7.506485
22.08	-7.075823	-7.50889	3.648354	7	2.233284	1.278267	32.01733	10.50557	7.5403
22.1	-5.579801	-6.143096	10.83307	7	2.46533	1.398658	31.82201	8.62771	8.856737
22.12	-5.658443	-6.143096	9.543066	7	2.741897	1.894677	-0.04499912	7.940688	1.12297
22.14	-7.321642	-7.782049	1.148878	7	2.180664	2.001818	-3.658213	9.314734	1.955135
22.16	-8.30651	-7.850338	-3.499343	7	2.555257	3.037098	3.7623	-1.845571	11.41764
22.18	-8.118972	-7.850338	-1.75276	7	2.902178	2.982371	31.84158	-14.41046	18.07704
22.2	-6.066273	-6.825994	9.156403	7	2.849306	1.525975	67.68828	0.8109167	18.19651
22.22	-5.620793	-6.825994	11.15199	7	3.00749	0.8210785	57.51857	16.01702	7.425988
22.24	-5.857764	-6.825994	9.523515	7	3.20319	1.459231	37.23313	27.62008	5.3056
22.26	-6.221974	-6.825994	7.349377	7	3.379906	2.31203	22.31231	19.80328	7.006138
22.28	-6.175122	-6.757704	7.452691	7	3.289608	2.492889	23.51165	-5.021144	9.542644
22.3	-6.883232	-7.167441	3.80933	7	3.488115	2.926252	17.73726	-5.31122	9.781883
22.32	-6.821341	-7.50889	4.649657	7	3.105897	2.256644	45.28947	1.436871	14.46149
22.34	-5.666561	-6.143096	10.19961	7	3.685765	2.447561	46.04096	1.513207	14.68793
22.36	-6.970669	-7.782049	3.797546	7	3.684085	2.302922	40.18245	13.81855	9.27385
22.38	-6.549113	-6.757704	6.008518	7	4.372271	3.45411	40.34651	17.43687	17.01364
22.4	-6.90236	-7.235731	4.491364	7	4.862519	3.892843	34.9396	9.726947	15.70851
22.42	-6.705671	-7.4406	6.14954	7	4.799213	3.576097	51.56816	12.71931	18.38494
22.44	-6.211471	-6.416255	8.533311	7	5.779517	4.674264	32.65094	17.92542	17.69067
22.46	-5.893636	-6.825994	10.41934	7	5.535378	4.262838	35.54436	17.33	15.77706
22.48	-5.886223	-6.143096	10.03636	7	6.162358	5.416391	6.963283	18.96359	14.00005
22.5	-5.674788	-6.416255	11.12637	7	5.652766	5.075633	10.00272	14.3071	14.45188
22.52	-5.824656	-5.733358	9.676986	7	6.18274	6.244393	-18.92005	-1.005877	13.21146
22.54	-6.303945	-6.416255	7.181354	7	5.816294	6.274376	-18.80415	3.070458	14.67426
22.56	-5.227592	-5.733358	12.51033	7	5.123584	5.187248	5.669861	-4.227251	17.60539
22.58	-5.471282	-5.460199	10.35503	7	5.488248	5.596557	-16.85403	0.7040465	11.93621
22.6	-4.565403	-4.709013	14.06069	7	5.316539	5.690529	-18.07721	4.856718	14.1511
22.62	-4.500783	-4.367564	13.03657	7	5.425742	6.127192	-42.18729	-3.90664	9.742161
22.64	-4.052886	-4.094406	14.1004	7	4.869435	5.886722	-44.45943	0.7345808	10.13742
22.66	-3.999364	-3.684668	12.80273	7	4.668653	6.045515	-58.95876	-17.03641	8.189217
22.68	-3.474358	-3.411509	14.03996	7	3.907214	5.338922	-51.1402	-13.86084	8.792181
22.7	-4.58638	-3.411509	6.550389	7	4.457354	6.687153	-84.00709	-22.74633	6.661638
22.72	-3.460709	-3.001771	11.26309	7	3.613324	5.75033	-49.9138	-15.46389	14.49023
22.74	-3.109558	-3.070061	11.75233	7	2.94945	4.1594	-32.10023	-20.73107	9.306149
22.76	-3.219214	-2.728612	9.576756	7	3.136096	4.372543	-37.30631	12.65824	8.508923
22.78	-1.974459	-1.362819	13.98611	7	3.489944	4.864298	-41.89854	-4.211984	10.79563
22.8	-1.809687	-1.02137	12.61838	7	3.921609	5.626375	-71.46263	-0.08984644	5.554207
22.82	-0.812741	-0.6799221	15.87864	7	3.050392	4.775969	-61.98458	-1.158549	6.094503
22.84	-1.5434	-0.7482109	9.960808	7	3.01521	5.177227	-86.59543	-11.84557	1.344032
22.86	-1.225165	-0.6799221	10.03374	7	2.193651	4.52562	-65.71152	-11.47916	6.776986
22.88	0.4951206	0.2761335	16.97625	7	1.051005	2.318933	-29.02547	-27.40282	6.234945
22.9	0.4248966	0.4127131	14.12214	7	0.8119086	1.665839	-39.83357	-16.02878	-2.175713
22.92	-0.05275124	0.4127131	9.455561	7	0.8177313	2.235465	-48.07809	-7.6929	-0.2000504
22.94	0.8722562	1.641927	11.8355	7	1.102827	2.82513	-49.03892	-2.01351	4.316848
22.96	1.335614	1.710217	12.02423	7	0.8860074	2.356854	-48.37967	-23.7845	1.206909
22.98	2.984713	2.529693	18.22515	7	-0.1600953	0.6046829	-23.46598	-14.99061	0.179491
23	1.888801	2.529693	9.71362	7	0.3934749	1.706761	-67.16187	-4.410457	-7.896044
23.02	2.802559	2.597983	12.60389	7	-0.8704867	0.4495066	-29.45056	-8.257786	0.1144228
23.04	3.219175	3.895488	11.85202	7	-0.3221774	1.014814	-50.7888	-11.49443	-3.795309
23.06	4.518036	4.783254	15.7113	7	-0.5987263	0.8015527	-52.44752	-25.63183	-3.988709
23.08	5.407763	4.783254	17.62282	7	-1.94746	-1.161559	-37.97069	-13.34175	-9.702122
23.1	4.608186	4.851542	10.51326	7	-2.137203	-0.8717043	-60.28006	-14.50206	-13.7581
23.12	3.726307	4.783254	3.559496	7	-1.958169	0.2956713	-68.80556	-14.88374	-7.570177
23.14	3.750826	4.783254	1.985882	7	-2.013165	0.2571217	-45.85965	-21.29595	-0.4684162
23.16	3.270668	4.851542	-2.072069	7	-1.047886	1.191697	-47.66788	-31.86084	1.531684
23.18	5.565229	6.149047	8.288408	7	-1.05144	0.2924931	-11.38046	-30.27305	6.6928
23.2	6.653583	7.309972	11.32816	7	-0.1728939	0.7010123	-44.494	14.62771	-4.447505
23.22	6.900275	6.968522	10.55999	7	-0.7057105	0.4223559	-57.91363	21.26893	-9.023368
23.24	6.984462	7.309972	8.876243	7	-1.23479	0.3604974	-68.51491	26.07809	-9.896265
23.26	6.259735	7.583131	2.904791	7	-0.915233	1.688522	-98.78822	9.055191	-9.654871
23.28	6.174281	6.968522	1.299327	7	-1.88438	0.7841939	-71.32055	-10.18145	-4.278355
23.3	8.500961	9.017213	11.14776	7	-2.365652	-0.5480452	-45.87362	-22.08985	-2.950209
23.32	8.839193	8.744054	10.51883	7	-3.114745	-2.096215	-49.89851	-31.61656	-14.72201
23.34	8.352058	8.197738	6.05811	7	-4.134175	-3.076386	-41.00088	-28.10511	-15.86061
23.36	8.661241	8.744054	5.644621	7	-4.684965	-3.703755	-23.48093	-3.631831	-12.29848
23.38	9.26064	9.358663	6.525388	7	-4.838983	-4.20874	-14.39878	2.749848	-12.61719
23.4	8.537047	9.085504	0.779367	7	-4.419344	-3.564157	-27.94024	-5.036411	-14.37226
23.42	8.995794	9.63182	1.466337	7	-4.138146	-3.061142	-20.49902	-19.02114	-8.591084
23.44	9.189235	9.290372	1.244219	7	-4.370339	-3.858168	-3.283195	-34.08984	-9.514455
23.46	9.462035	9.290372	1.573048	7	-4.580914	-4.639181	15.46666	-31.38756	-9.455647
23.48	9.472	9.358663	0.5472057	7	-4.372773	-4.747928	21.15121	-8.18145	-9.911337
23.5	8.657619	9.290372	-4.622086	7	-3.280874	-3.165826	0.8807411	24.06282	-8.807641
23.52	9.884449	10.24643	0.9167629	7	-2.77107	-2.597866	8.959631	21.71168	-2.820899
23.54	9.532658	9.63182	-1.476189	7	-2.497745	-2.574174	-2.238577	16.18496	-8.739731
23.56	9.103863	9.017213	-3.654992	7	-2.73308	-2.774062	8.767755	15.14679	-6.384302
23.58	8.919542	9.017213	-4.523962	7	-2.542349	-2.695514	17.78496	18.82618	-3.836233
23.6	8.380581	8.539186	-6.90308	7	-2.16187	-2.453141	24.04409	12.53611	-2.377427
23.62	9.545913	9.358663	-0.6741046	7	-1.906107	-2.67728	41.84586	7.085725	1.054259
23.64	8.877387	8.812345	-3.993747	7	-1.247067	-2.133967	21.37146	14.64298	-5.220748
23.66	8.207077	8.197738	-6.695414	7	-1.002138	-1.48954	21.48113	23.97122	-1.423686
23.68	10.26441	9.973269	3.938024	7	-0.8044509	-1.623481	32.38811	16.68878	2.164461
23.7	8.717081	8.470897	-3.859299	7	-0.565179	-1.314758	-1.88185	5.039925	-9.538778
23.72	7.851955	7.856288	-7.362309	7	-0.7908051	-0.7958078	6.25448	14.36817	-1.495628
23.74	7.840704	7.924579	-6.439084	7	-0.7245917	-0.9037884	23.02531	8.566642	2.864625
23.76	8.00488	7.856288	-4.674352	7	-0.5602943	-1.251361	35.0826	-6.761602	2.764558
23.78	10.47032	9.70011	7.950054	7	-0.571189	-2.024881	45.29722	3.192596	1.61975
23.8	8.959791	8.197738	0.08485723	7	-0.6030967	-1.962532	5.275721	27.05519	-12.65484
23.82	8.676514	8.197738	-1.023211	7	-1.107559	-1.593291	8.854565	14.93305	-5.115299
23.84	8.848746	9.017213	-0.3949487	7	-0.72795	-0.7892482	-7.083643	1.696413	-4.193046
23.86	8.059673	8.129447	-4.183033	7	-0.8947445	-0.68681	-12.61635	-13.46389	-5.199883
23.88	7.902597	8.197738	-4.619323	7	-0.9021276	-0.4771193	-6.667084	-21.46389	-1.160181
23.9	7.963819	8.197738	-3.930837	7	-0.8457105	-0.6010016	0.006998539	-22.899	-0.3661852
23.92	8.544302	8.197738	-0.5244687	7	-1.272864	-1.630777	19.4969	4.505573	-0.7702179
23.94	8.170606	8.129447	-2.393501	7	-0.9913052	-1.41552	7.750296	13.08573	-4.376672
23.96	8.149683	8.197738	-2.332011	7	-0.8326442	-0.988059	4.486776	6.291832	-2.350053
23.98	7.94492	8.197738	-3.246543	7	-0.5151322	-0.4347225	-5.308422	7.345268	-2.339514
24	8.026236	8.197738	-2.566774	7	-0.4745193	-0.2851268	-5.650163	-1.891373	-1.263904
24.02	8.079736	8.129447	-2.031971	7	-0.5761184	-0.466601	-4.431332	-4.975342	-1.951296
24.04	7.990016	8.197738	-2.379269	7	-0.4700885	-0.2452185	-10.96354	1.039924	-2.574021
24.06	7.968792	8.129447	-2.298761	7	-0.5500391	-0.2398024	-11.49394	-0.4409916	-2.274247
24.08	8.078358	8.197738	-1.611162	7	-0.671835	-0.3857688	-10.47279	0.8719854	-2.433557
24.1	8.161129	8.197738	-1.12442	7	-0.8613669	-0.6507442	-9.235271	-1.021144	-3.30882
24.12	7.903707	8.129447	-2.464849	7	-0.8316	-0.4775261	-15.49725	0.3834361	-4.044586
24.14	7.865942	8.129447	-2.590652	7	-0.8824986	-0.3994244	-14.59095	-0.4104572	-2.723831
24.16	7.927854	8.197738	-2.248276	7	-0.8976059	-0.4316481	-13.91981	-0.5936632	-2.608974
24.18	7.905723	8.129447	-2.32143	7	-0.9581419	-0.5355411	-13.13449	-3.586029	-3.018716
24.2	7.96851	8.129447	-1.956452	7	-1.069226	-0.7161218	-10.0502	-1.494426	-2.989957
24.22	7.822396	8.129447	-2.744263	7	-0.961693	-0.541631	-14.35179	0.6124434	-3.441837
24.24	7.929358	8.129447	-2.134387	7	-1.053506	-0.6523027	-10.43177	0.04755818	-2.610833
24.26	7.936768	8.197738	-2.145758	7	-0.9932823	-0.609019	-12.89522	-0.1814495	-3.287147
24.28	7.98414	8.197738	-1.924704	7	-1.034445	-0.6402699	-12.95326	0.2307643	-3.343325
24.3	7.948055	8.197738	-2.16	7	-1.039256	-0.6093165	-14.9403	-0.4562587	-3.684983
24.32	7.878161	8.129447	-2.516168	7	-1.091247	-0.6234746	-14.77037	-0.1661823	-3.538226
24.34	7.803809	8.129447	-2.898119	7	-1.058659	-0.5399283	-15.51323	-0.8684724	-3.209409
24.36	7.899582	8.197738	-2.403476	7	-1.060513	-0.559033	-14.0302	-3.387556	-2.790214
24.38	7.874197	8.129447	-2.520817	7	-1.0891	-0.6412852	-13.6898	-3.967709	-3.340324
24.4	8.006839	8.197738	-1.84642	7	-1.170649	-0.7869461	-11.11671	-1.647098	-3.250827
24.42	7.880362	8.197738	-2.588094	7	-1.067163	-0.6159933	-16.47166	-0.0440449	-4.062416
24.44	7.980955	8.197738	-2.065438	7	-1.178754	-0.7189183	-13.44417	-0.3188541	-3.345699
24.46	7.902306	8.197738	-2.535982	7	-1.146821	-0.6714904	-16.1548	-0.7005334	-3.994503
24.48	7.914134	8.197738	-2.49623	7	-1.181913	-0.6716289	-15.48207	-1.631831	-3.567781
24.5	7.90478	8.197738	-2.574626	7	-1.194147	-0.688648	-15.53428	0.2765654	-3.668011
24.52	7.964776	8.197738	-2.278764	7	-1.272417	-0.817169	-13.27418	-0.2272511	-3.635845
24.54	7.841	8.129447	-2.937584	7	-1.255818	-0.7921474	-14.57355	0.5361075	-4.0211
24.56	7.934969	8.197738	-2.458608	7	-1.282509	-0.8290818	-12.19926	-0.1661823	-3.329838
24.58	7.915341	8.197738	-2.603005	7	-1.242286	-0.8101535	-13.63187	-0.2119839	-3.862259
24.6	7.888237	8.129447	-2.721804	7	-1.284298	-0.8590896	-12.43465	0.06282536	-3.750005
24.62	7.857115	8.129447	-2.870234	7	-1.268008	-0.8434452	-12.26705	-0.1661823	-3.642351
24.64	7.932494	8.197738	-2.492499	7	-1.246513	-0.8357099	-11.87938	0.1086269	-3.475409
24.66	7.932399	8.197738	-2.521732	7	-1.218644	-0.807682	-13.49814	-0.1203808	-3.908862
24.68	7.938873	8.197738	-2.505739	7	-1.230727	-0.7932506	-14.23668	0.2460311	-3.943027
24.7	7.963297	8.197738	-2.39421	7	-1.284318	-0.8519444	-13.86901	-0.08984644	-4.038098
24.72	7.928956	8.197738	-2.608003	7	-1.294351	-0.8384693	-15.06761	-0.2425182	-4.24947
24.74	7.937834	8.197738	-2.582492	7	-1.338123	-0.8698983	-14.53176	-1.082213	-4.10139
24.76	7.86575	8.129447	-2.947886	7	-1.376382	-0.913704	-14.03778	-2.837938	-4.199555
24.78	7.934942	8.197738	-2.605824	7	-1.395702	-0.9526255	-12.46388	-1.677633	-3.833654
24.8	7.944922	8.197738	-2.590413	7	-1.395735	-0.9853094	-12.7746	-2.440991	-4.231534
24.82	8.026827	8.197738	-2.186106	7	-1.490975	-1.141858	-10.36675	-0.1509152	-4.305957
24.84	7.867099	8.129447	-3.051082	7	-1.450199	-1.063516	-13.13708	0.3529013	-4.832232
24.86	7.994668	8.197738	-2.393895	7	-1.518106	-1.144306	-9.661802	-0.8226708	-3.936836
24.88	7.951018	8.197738	-2.681179	7	-1.471703	-1.117622	-11.83385	-1.280686	-4.680566
24.9	7.990423	8.197738	-2.499909	7	-1.511719	-1.15258	-10.82722	-2.364655	-4.431025
24.92	7.991287	8.197738	-2.533929	7	-1.533654	-1.191538	-10.92802	-1.723434	-4.690266
24.94	8.004214	8.197738	-2.501673	7	-1.572345	-1.239492	-10.39995	-2.654732	-4.726859
24.96	7.986073	8.197738	-2.63912	7	-1.581925	-1.243771	-10.77753	-1.677633	-4.835114
24.98	8.011558	8.197738	-2.535907	7	-1.627098	-1.305203	-9.625365	-1.967709	-4.75125
25	8.028599	8.197738	-2.485362	7	-1.668576	-1.381629	-8.771154	-0.6394649	-4.924811
25.02	7.97064	8.197738	-2.83988	7	-1.631745	-1.31258	-10.39557	0.032291	-5.048024
25.04	7.98028	8.197738	-2.809553	7	-1.638003	-1.301438	-9.799633	0.01702339	-4.711766
25.06	7.963245	8.197738	-2.9211	7	-1.614605	-1.275115	-10.31281	-0.135648	-4.774858
25.08	7.979552	8.197738	-2.843874	7	-1.619231	-1.285219	-9.849375	-1.143281	-4.682022
25.1	8.068938	8.266026	-2.426184	7	-1.628986	-1.32155	-9.644327	-0.7768693	-4.796874
25.12	8.038678	8.266026	-2.654207	7	-1.604515	-1.267275	-12.34134	0.1391613	-5.331824
25.14	7.999438	8.197738	-2.861746	7	-1.674962	-1.310892	-11.72153	-0.135648	-5.197471
25.16	7.947642	8.197738	-3.144343	7	-1.676791	-1.286382	-11.99055	0.1086269	-5.051064
25.18	7.962098	8.197738	-3.064139	7	-1.69902	-1.320994	-10.6091	-0.07457926	-4.77754
25.2	7.950341	8.197738	-3.13113	7	-1.681097	-1.31931	-10.65907	-0.1509152	-4.878729
25.22	7.956096	8.197738	-3.098497	7	-1.670302	-1.313648	-10.46836	-0.303587	-4.820498
25.24	7.981215	8.197738	-2.961484	7	-1.682729	-1.350079	-9.864164	0.368169	-4.872636
25.26	7.953126	8.197738	-3.115652	7	-1.65313	-1.306454	-11.1198	-0.01351054	-5.054317
25.28	8.051194	8.266026	-2.632943	7	-1.671694	-1.32918	-10.71779	0.07809254	-4.92523
25.3	7.962873	8.197738	-3.110538	7	-1.671497	-1.308935	-12.86119	0.01702339	-5.529366
25.32	7.89354	8.129447	-3.423591	7	-1.720764	-1.322812	-11.79247	0.032291	-5.095845
25.34	7.845381	8.129447	-3.631484	7	-1.694781	-1.284861	-11.41469	-0.39519	-4.76945
25.36	7.940037	8.197738	-3.119665	7	-1.67922	-1.304605	-10.09389	-0.9142739	-4.506414
25.38	7.676916	7.924579	-4.339902	7	-1.683891	-1.327908	-10.1911	-0.7158006	-5.05618
25.4	7.959757	8.197738	-2.824701	7	-1.658828	-1.340306	-6.222091	0.06282536	-3.64183
25.42	8.071658	8.266026	-2.311522	7	-1.596027	-1.363486	-9.600916	-0.3188541	-5.230428
25.44	8.074961	8.197738	-2.322158	7	-1.68969	-1.436745	-11.11363	0.2612987	-5.924613
25.46	7.999744	8.197738	-2.766704	7	-1.733394	-1.387868	-13.8098	-0.6547319	-6.10996
25.48	7.867718	8.129447	-3.456451	7	-1.771178	-1.326348	-14.95748	-2.273052	-5.793074
25.5	7.914137	8.197738	-3.2299	7	-1.797711	-1.327373	-13.6125	-3.036411	-5.115705
25.52	7.949826	8.197738	-3.069742	7	-1.836756	-1.41822	-12.64667	-3.463892	-5.395213
25.54	8.050014	8.197738	-2.573263	7	-1.965296	-1.64584	-9.34479	-2.639465	-5.629904
25.56	8.026278	8.197738	-2.773744	7	-2.00437	-1.720931	-9.881578	0.001756639	-6.268801
25.58	7.952928	8.197738	-3.231372	7	-1.976609	-1.625369	-11.69094	-0.4409916	-6.163238
25.6	7.962494	8.197738	-3.218264	7	-1.995817	-1.625448	-10.71448	-0.7921365	-5.732777
25.62	7.989537	8.197738	-3.110905	7	-2.025503	-1.696695	-9.417747	-2.105114	-5.782743
25.64	8.041379	8.197738	-2.875106	7	-2.086126	-1.823942	-7.448637	-2.547862	-5.940475
25.66	8.008989	8.197738	-3.102834	7	-2.07408	-1.819405	-8.312019	-0.39519	-6.257238
25.68	7.986202	8.197738	-3.262946	7	-2.055575	-1.769168	-8.802554	0.2460311	-6.070232
25.7	7.963123	8.197738	-3.411192	7	-2.022608	-1.710364	-9.435543	-0.4104572	-5.933953
25.72	8.001049	8.197738	-3.219307	7	-2.043321	-1.752836	-8.221176	-0.9448083	-5.794975
25.74	8.870389	9.017213	0.8290818	7	-1.989656	-1.777856	-10.44684	-2.440991	-6.032714
25.76	8.022162	8.129447	-3.704911	7	-2.159828	-1.832725	-23.25511	-2.944808	-10.9075
25.78	8.934974	9.085504	0.5981197	7	-2.407288	-1.900771	-15.73201	-1.036411	-6.419295
25.8	8.77978	9.017213	-0.8577042	7	-2.443336	-1.923387	-30.94247	-2.761602	-11.57148
25.82	8.786539	9.017213	-1.329411	7	-2.802389	-2.011224	-32.17756	-7.036411	-10.75139
25.84	7.594309	8.129447	-7.571402	7	-2.982934	-1.903643	-35.08771	-13.6471	-10.88087
25.86	7.565171	8.197738	-7.514133	7	-3.090556	-2.001928	-13.76747	-21.6929	-4.080503
25.88	7.815636	8.197738	-6.013607	7	-3.036094	-2.581426	5.036418	-25.40282	-3.494999
25.9	9.056623	9.017213	0.1469167	7	-2.95395	-3.212118	17.7734	-18.89901	-4.481483
25.92	8.069078	8.470897	-5.319864	7	-2.237968	-2.245328	-14.45422	22.68878	-11.18075
25.94	7.312829	7.856288	-8.790111	7	-2.084294	-1.428012	-14.54186	29.08572	-5.411746
25.96	9.259332	9.904979	0.7946739	7	-1.539769	-0.9126311	-14.1853	12.16969	-1.134518
25.98	6.656651	7.309972	-12.16859	7	-1.352383	-0.4728029	-45.39191	-2.425724	-11.75973
26	7.98247	8.402606	-4.614302	7	-1.847748	-0.8293544	-5.734062	2.780382	2.415875
26.02	8.249535	8.470897	-3.148332	7	-1.761437	-1.549733	-7.846179	4.154428	-5.208219
26.04	7.282463	7.036813	-7.297174	7	-2.404647	-2.478771	6.737597	9.467405	-6.876346
26.06	6.984179	7.241681	-8.15464	7	-2.155159	-2.196466	17.10941	19.71168	-2.028813
26.08	7.867106	8.197738	-3.3974	7	-1.478245	-1.706506	17.19528	6.41397	-0.1890974
26.1	7.752871	7.583131	-3.548301	7	-1.426047	-1.961365	13.02262	-0.1203808	-4.869332
26.12	6.984929	7.036813	-6.853062	7	-1.277338	-1.538795	6.470562	17.31473	-4.646752
26.14	6.874686	6.968522	-6.573667	7	-1.196487	-1.361438	14.94082	6.215497	-0.685318
26.16	6.018473	6.080756	-9.761374	7	-1.073204	-1.413005	22.66334	-4.364655	-0.3238277
26.18	7.557095	7.309972	-1.083491	7	-0.9309502	-1.778151	43.78192	0.5513747	4.194389
26.2	8.632524	8.197738	4.204079	7	-0.464411	-1.732209	20.20435	8.490306	-4.632085
26.22	7.078724	6.695365	-3.502818	7	-0.6288667	-1.241242	-10.4575	15.20786	-11.12509
26.24	7.127364	7.105102	-2.818785	7	-0.9339043	-0.8019309	-6.323644	19.22313	-3.390435
26.26	6.675504	7.105102	-4.945356	7	-0.6619759	-0.2252437	-20.07944	2.261298	-4.205462
26.28	5.79303	6.080756	-8.572265	7	-0.9363446	-0.3657025	-10.20339	-18.45626	-1.855426
26.3	5.800401	6.080756	-7.534312	7	-0.9866701	-0.698161	11.68571	-28.34938	2.712746
26.32	6.718945	6.080756	-1.799542	7	-1.565327	-2.459665	49.47329	0.9330541	2.606781
26.34	7.806686	7.309972	3.580189	7	-1.073254	-2.517143	38.01105	12.4445	-2.938548
26.36	7.05623	6.422206	-0.2421994	7	-1.094056	-2.29244	16.09257	22.06282	-9.067389
26.38	6.721657	6.763654	-1.998994	7	-0.7695385	-1.054489	-2.754945	18.18496	-5.428678
26.4	6.371233	6.763654	-3.729084	7	-0.4403906	-0.09361333	-18.37252	-0.3188541	-3.702873
26.42	6.309346	6.695365	-3.772264	7	-0.4317312	0.1875169	-20.23653	-14.86847	-1.843371
26.44	6.602535	6.763654	-2.001136	7	-0.6864768	-0.2200433	-13.51136	-25.00587	-1.721792
26.46	7.712827	7.309972	3.621796	7	-1.342695	-1.45474	0.8754244	-3.982976	-3.686458
26.48	7.009922	6.695365	-0.2649604	7	-1.715109	-1.912515	-10.95651	10.01702	-10.40105
26.5	6.537403	6.695365	-2.861462	7	-1.810193	-1.457826	-14.23285	-3.128014	-6.837078
26.52	6.011899	6.763654	-5.721764	7	-1.319367	-0.4628974	-24.9251	-3.357022	-4.117287
26.54	6.176201	6.763654	-4.708229	7	-1.21357	-0.3380078	-16.13053	-13.43336	-0.6994066
26.56	7.390028	7.583131	1.308558	7	-1.250568	-0.8749789	-7.13013	-18.94481	-1.364996
26.58	7.009673	6.763654	-0.7386334	7	-1.709323	-1.736231	-8.648021	6.978856	-8.093015
26.6	6.377328	6.763654	-4.159907	7	-1.514185	-1.027716	-19.26265	9.849085	-6.318414
26.62	6.005712	6.695365	-5.994795	7	-1.206943	-0.3248829	-21.61172	4.749848	-2.585834
26.64	6.418406	6.695365	-3.543922	7	-1.38246	-0.8341398	-3.372633	-7.128014	-0.1736917
26.66	6.843726	6.763654	-1.21299	7	-1.568208	-1.633206	8.311827	-4.639465	-2.419644
26.68	5.588545	5.807599	-7.300874	7	-1.324562	-1.307642	-0.05428171	11.43687	-4.839718
26.7	5.355342	5.739308	-7.733405	7	-1.05063	-0.8551554	14.05423	9.253664	2.297596
26.72	5.312287	5.739308	-7.190766	7	-0.4278304	-0.4907992	19.57083	0.9330541	3.891131
26.74	5.787279	5.739308	-3.875732	7	-0.1881918	-0.7476493	32.21804	7.360535	4.452075
26.76	5.681174	5.739308	-3.819556	7	0.4292226	-0.230231	20.07384	23.36053	1.691378
26.78	5.859946	5.739308	-2.203952	7	0.6262876	0.06005982	16.47284	18.73458	2.143969
26.8	5.664661	5.807599	-2.731738	7	1.055355	0.8090416	-1.738665	18.07809	0.6772633
26.82	5.770786	5.739308	-1.569048	7	0.9375156	0.8992639	-4.396996	7.986488	1.352026
26.84	5.777602	5.807599	-1.121319	7	0.8527772	0.9388052	-11.42406	5.81855	0.07585907
26.86	6.096587	5.807599	0.9104594	7	0.2933274	0.2626934	-4.817226	0.459772	-0.5665722
26.88	6.67644	6.695365	3.497046	7	0.3131907	0.4279543	-20.17222	-1.494426	-3.092034
26.9	6.36587	6.422206	1.51311	7	0.01311188	0.526641	-37.99265	-1.418091	-6.677917
26.92	6.1644	6.353915	0.2029992	7	-0.5119899	0.4305399	-40.45164	-7.921907	-5.435458
26.94	5.818243	6.149047	-1.769137	7	-0.9629793	0.1243297	-36.56032	-16.67	-4.64393
26.96	6.668278	7.036813	2.010712	7	-1.180776	-0.1982772	-28.94399	-25.06694	-2.76207
26.98	7.011374	7.036813	3.027845	7	-1.642123	-1.016382	-27.86116	-22.51733	-7.273949
27	6.744431	7.036813	0.7722952	7	-1.816673	-0.9670148	-37.62711	-2.776869	-9.165757
27.02	7.050725	7.583131	1.336515	7	-1.873388	-0.68347	-42.78066	-7.509694	-7.405963
27.04	6.506613	7.036813	-2.144471	7	-2.13204	-0.8138519	-44.99146	-13.26542	-8.655461
27.06	6.541012	6.968522	-2.35792	7	-2.559529	-1.35001	-26.71998	-19.72343	-5.24824
27.08	6.604271	7.036813	-2.490358	7	-2.616451	-1.77243	-15.09098	-22.50206	-4.975605
27.1	5.789102	6.080756	-6.587604	7	-2.724967	-2.211554	0.09428596	-0.2119839	-4.650903
27.12	5.548524	6.080756	-7.548678	7	-2.255382	-1.930886	16.47411	-0.39519	0.5098495
27.14	6.20013	6.422206	-3.905346	7	-1.73815	-2.026712	33.90303	6.917787	2.80543
27.16	6.778194	6.763654	-0.9234859	7	-1.087897	-1.854535	30.39539	18.87199	-0.1047649
27.18	5.571802	5.739308	-6.701341	7	-0.4521234	-0.9147994	10.84926	28.81092	-2.936794
27.2	5.954444	6.080756	-4.021463	7	-0.1785897	-0.4125225	20.96477	21.86435	3.911259
27.22	7.169233	7.241681	2.176805	7	0.3961241	-0.05646304	10.01419	7.436871	1.765301
27.24	6.643327	6.422206	-0.3806061	7	0.3103197	-0.02189462	-10.42517	18.94832	-5.113668
27.26	6.425384	6.695365	-1.459659	7	0.3905088	0.8157167	-26.60863	18.97886	-2.888775
27.28	5.386271	5.739308	-6.216109	7	0.11908	0.9342765	-28.67115	6.444504	-2.070664
27.3	5.640866	5.807599	-4.125123	7	-0.3550701	0.2448282	-2.164247	-8.822671	3.293077
27.32	5.642668	5.739308	-3.58801	7	-0.3706144	-0.3176339	8.123376	-15.29595	1.611083
27.34	5.7836	5.739308	-2.395968	7	-0.320598	-0.5813982	15.98526	2.978855	1.562507
27.36	5.614119	5.807599	-2.994288	7	0.1586513	-0.04072668	6.55339	9.467405	0.7253971
27.38	5.548271	5.739308	-2.91959	7	0.4466644	0.4218669	2.022332	9.528474	1.753641
27.4	5.693685	5.739308	-1.718017	7	0.4977238	0.4427216	2.927748	5.665878	2.024895
27.42	5.696079	5.739308	-1.362263	7	0.5716259	0.5194874	-1.377688	3.299466	0.944767
27.44	5.821459	5.807599	-0.4387791	7	0.5140894	0.5052127	-3.363384	3.11626	0.6438999
27.46	5.573011	5.807599	-1.585015	7	0.6878176	0.9428104	-15.67289	3.162062	-0.3975077
27.48	5.689868	5.739308	-0.6869606	7	0.4146181	0.7393562	-11.15467	-0.2577854	0.7883873
27.5	5.578425	5.807599	-1.173299	7	0.4381295	0.8376081	-16.85152	-0.3493885	-0.2247171
27.52	5.634206	5.739308	-0.713267	7	0.2093595	0.6108198	-12.98131	0.09335929	0.2495451
27.54	5.620243	5.807599	-0.7539363	7	0.1579073	0.5576175	-14.29237	-0.7768693	-0.2796745
27.56	6.544781	6.763654	3.532735	7	0.2368262	0.6681484	-19.56441	-1.448625	-0.2712765
27.58	6.576571	6.763654	3.023804	7	0.1505069	0.751199	-38.9016	-2.074579	-5.428412
27.6	6.427902	6.695365	1.686439	7	-0.2598353	0.787946	-47.85474	-1.219617	-5.81135
27.62	5.75986	6.353915	-2.154711	7	-0.5514497	0.928278	-53.42921	-7.20435	-5.201616
27.64	5.779743	6.422206	-2.275694	7	-0.8912905	0.6610854	-40.50317	-17.05168	-1.40099
27.66	5.732416	6.353915	-2.740694	7	-1.008983	0.2672902	-30.6485	-25.96771	-1.231277
27.68	6.136596	6.080756	-0.5814968	7	-1.696532	-1.182628	0.6472263	-12.77687	-0.5319853
27.7	5.661074	6.080756	-3.321794	7	-1.25202	-0.9250986	-4.711474	1.620077	-2.632899
27.72	7.51709	7.378261	5.676328	7	-1.348147	-1.459875	13.75508	-1.036411	0.7380838
27.74	6.184201	6.422206	-1.855391	7	-0.8346195	-0.7952459	-21.97218	2.734581	-9.274679
27.76	6.550693	6.353915	0.1195624	7	-1.503882	-1.262094	3.044664	3.726947	-1.510735
27.78	6.253033	6.490495	-1.742702	7	-1.192801	-1.053355	-3.877341	-0.08984644	-3.601181
27.8	6.186229	6.422206	-2.171261	7	-1.032575	-0.7915876	-1.407765	-11.6013	-1.463615
27.82	6.611628	6.422206	0.08397102	7	-1.280991	-1.451002	14.72788	-4.731068	-0.7232084
27.84	6.8154	6.763654	0.8010028	7	-1.020889	-1.360155	8.715393	3.635344	-2.994581
27.86	6.831398	6.695365	0.641665	7	-0.9908956	-1.262335	4.27595	5.055192	-3.854844
27.88	6.658244	6.763654	-0.533743	7	-0.7868891	-0.7728558	-5.856562	3.391069	-3.870691
27.9	6.798421	6.763654	0.07298917	7	-0.9394447	-0.8622175	-2.580756	-0.8837394	-2.737406
27.92	6.557905	6.695365	-1.335517	7	-0.8548419	-0.6857795	-7.974863	-1.79977	-3.519763
27.94	6.638685	6.695365	-0.9525786	7	-0.9646072	-0.7830811	-2.682344	-0.9753424	-2.043386
27.96	6.695618	6.763654	-0.7716504	7	-0.9496719	-0.8579541	-1.6855	-1.402823	-2.421453
27.98	6.752047	6.763654	-0.5795583	7	-0.9788272	-0.9497025	-0.1724223	0.9483213	-2.60992
28	6.655699	6.695365	-1.152645	7	-0.9593151	-0.9313887	-0.6962933	-0.303587	-2.837682
28.02	6.575709	6.695365	-1.609872	7	-0.8643333	-0.7710427	-1.444609	0.001756639	-2.194253
28.04	6.705585	6.763654	-0.957723	7	-0.8414676	-0.7949942	1.196032	0.2460311	-1.596598
28.06	6.722389	6.763654	-0.9190746	7	-0.7863789	-0.7931497	0.2287485	-0.07457926	-2.226929
28.08	6.739734	6.763654	-0.8611291	7	-0.7705926	-0.7714251	-0.1547439	1.207863	-2.252701
28.1	6.733724	6.763654	-0.9220169	7	-0.756979	-0.7438321	-0.8564761	-0.6089303	-2.317376
28.12	6.72745	6.763654	-0.9760514	7	-0.7511988	-0.7199447	-1.219251	-0.1509152	-2.258144
28.14	6.771346	6.763654	-0.7565501	7	-0.8002269	-0.7991804	0.291841	0.06282536	-2.200565
28.16	6.724196	6.763654	-1.03769	7	-0.7692169	-0.7547014	-1.116304	-0.0440449	-2.447919
28.18	6.721446	6.763654	-1.063324	7	-0.7634515	-0.7241345	-0.9219751	0.01702339	-2.144305
28.2	6.789018	6.763654	-0.7098354	7	-0.8266442	-0.8477852	1.533839	-0.01351054	-2.096767
28.22	6.742166	6.763654	-0.9896371	7	-0.7913609	-0.8154604	0.1331753	-0.0440449	-2.477328
28.24	6.72823	6.763654	-1.074476	7	-0.769155	-0.7592885	-0.0821746	0.1086269	-2.171172
28.26	6.741313	6.763654	-1.006697	7	-0.7653702	-0.7637541	0.4768457	-0.01351054	-2.052876
28.28	6.748259	6.763654	-0.9726974	7	-0.7580812	-0.7720142	0.7036291	-0.05931208	-2.098619
28.3	6.750523	6.763654	-0.9628748	7	-0.7488453	-0.7684858	0.7296439	0.01702339	-2.114063
28.32	6.753979	6.763654	-0.9448669	7	-0.7428814	-0.7657003	0.7865959	-0.05931208	-2.106546
28.34	6.770393	6.763654	-0.8569112	7	-0.753478	-0.7906905	1.283436	0.01702339	-2.110211
28.36	6.755853	6.763654	-0.9390825	7	-0.7387057	-0.7719851	0.7741128	0.001756639	-2.196285
28.38	6.780475	6.763654	-0.8060609	7	-0.7605051	-0.8057017	1.624478	0.1849628	-2.097563
28.4	6.78571	6.831944	-0.8332148	7	-0.6890851	-0.6976454	-0.7654222	0.2154972	-2.23468
28.42	6.77639	6.763654	-0.8678946	7	-0.7388104	-0.7474489	0.04318386	-0.2577854	-2.219633
28.44	6.767657	6.763654	-0.9101472	7	-0.7625344	-0.7808656	0.638985	-0.2119839	-2.192987
28.46	6.723137	6.763654	-1.147632	7	-0.7262757	-0.7204503	-0.2180877	-0.01351054	-2.140762
28.48	6.691636	6.695365	-1.253296	7	-0.754842	-0.7658615	1.671002	0.001756639	-1.852195
28.5	6.697427	6.695365	-1.170424	7	-0.7501107	-0.8061258	3.426807	-0.07457926	-1.667125
28.52	6.714134	6.695365	-1.037596	7	-0.7271808	-0.8306842	4.498222	0.291833	-1.668551
28.54	6.692095	6.695365	-1.117001	7	-0.6584022	-0.7624893	3.619921	0.001756639	-1.733532
28.56	6.714636	6.695365	-0.9474167	7	-0.6303219	-0.7373281	3.876639	0.1391613	-1.575652
28.58	6.805039	6.763654	-0.4693611	7	-0.6114065	-0.7400355	3.617477	-0.1051136	-1.701926
28.6	6.751276	6.695365	-0.7232871	7	-0.6232285	-0.747507	2.270821	0.001756639	-2.226424
28.62	6.823578	6.763654	-0.3509317	7	-0.6562088	-0.7636299	2.621825	0.07809254	-1.975883
28.64	6.768242	6.695365	-0.6280941	7	-0.7060002	-0.8220992	2.27712	-0.0440449	-2.419272
28.66	6.804967	6.763654	-0.4654924	7	-0.718962	-0.8091295	2.239479	-0.2272511	-2.155164
28.68	6.794715	6.763654	-0.556833	7	-0.7228377	-0.8002824	1.324214	0.06282536	-2.35915
28.7	6.724372	6.695365	-0.9143501	7	-0.7521679	-0.8099155	1.543351	0.01702339	-2.295983
28.72	6.70501	6.695365	-0.9970345	7	-0.755026	-0.8084781	2.67258	-0.0440449	-1.899004
28.74	6.769048	6.763654	-0.6830842	7	-0.7213402	-0.7970368	3.142194	0.01702339	-1.753195
28.76	6.797069	6.763654	-0.5605491	7	-0.7097945	-0.8116036	2.828651	0.2460311	-2.058984
28.78	6.732946	6.695365	-0.8800039	7	-0.7186335	-0.8136002	2.575682	-0.07457926	-2.198284
28.8	6.772928	6.763654	-0.6866769	7	-0.6920989	-0.7665559	2.585743	0.1544284	-1.836974
28.82	6.827407	6.763654	-0.4137062	7	-0.7248682	-0.8407093	3.484995	-0.01351054	-2.026469
28.84	6.792092	6.763654	-0.6326718	7	-0.702759	-0.8016119	1.857478	-0.01351054	-2.340517
28.86	6.702096	6.695365	-1.080872	7	-0.6987724	-0.7500085	1.423841	0.07809254	-2.126762
28.88	6.862746	6.831944	-0.2763043	7	-0.7101062	-0.7847842	3.239518	-0.01351054	-1.607733
28.9	6.721636	6.695365	-1.00682	7	-0.7008249	-0.7885415	1.387632	-0.2272511	-2.484014
28.92	6.707025	6.695365	-1.041049	7	-0.710602	-0.7642033	2.953375	0.4750388	-1.690979
28.94	6.805525	6.763654	-0.5256979	7	-0.7117181	-0.8239975	4.646553	-0.2730526	-1.584765
28.96	6.760625	6.763654	-0.7906566	7	-0.6321681	-0.7304445	1.881062	0.06282536	-2.10987
28.98	6.827642	6.763654	-0.4308111	7	-0.6799532	-0.783878	3.39319	0.032291	-1.818097
29	6.794064	6.763654	-0.6287627	7	-0.6621982	-0.7611312	1.870783	-0.2119839	-2.218997
29.02	6.766892	6.763654	-0.7807077	7	-0.6456575	-0.6955695	0.9443023	0.1696952	-2.02608
29.04	6.819022	6.763654	-0.500254	7	-0.7034943	-0.7812329	2.79175	-0.1203808	-1.861586
29.06	6.649461	6.627074	-1.327997	7	-0.7069374	-0.7856833	2.449519	-0.2425182	-2.171775
29.08	6.77448	6.763654	-0.6644628	7	-0.6835913	-0.7659804	4.710227	0.1086269	-1.210134
29.1	6.742357	6.695365	-0.8069276	7	-0.6642728	-0.8068758	4.485699	0.1086269	-1.854759
29.12	6.694004	6.695365	-1.031983	7	-0.5964326	-0.6974394	3.242337	0.5971766	-1.66118
29.14	6.74756	6.695365	-0.6969021	7	-0.6097143	-0.7350467	4.960871	0.01702339	-1.353448
29.16	6.810632	6.763654	-0.378109	7	-0.5739351	-0.7240502	4.073802	0.368169	-1.663462
29.18	6.821267	6.763654	-0.339529	7	-0.5685117	-0.7031142	2.514226	2.963589	-2.015589
29.2	6.805071	6.763654	-0.4419966	7	-0.5773942	-0.6665011	1.072114	1.940688	-2.10552
29.22	6.840487	6.763654	-0.2652704	7	-0.6533328	-0.7450312	2.085966	1.055192	-2.045693
29.24	6.771246	6.763654	-0.666271	7	-0.6352676	-0.6861007	0.0534085	-0.2883198	-2.29124
29.26	6.735883	6.763654	-0.8667504	7	-0.6196366	-0.6085565	-0.5747882	0.2307643	-1.888765
29.28	6.747246	6.695365	-0.7588407	7	-0.7107062	-0.7558248	2.846772	0.07809254	-1.660973
29.3	6.752038	6.763654	-0.7614937	7	-0.6555094	-0.7157412	2.230689	-0.3188541	-1.74027
29.32	6.737336	6.763654	-0.8536956	7	-0.5974959	-0.6331467	1.103685	0.1849628	-1.70049
29.34	6.778015	6.763654	-0.6340504	7	-0.6058643	-0.6545766	1.950626	0.01702339	-1.567711
29.36	6.765489	6.763654	-0.707157	7	-0.5842873	-0.6350518	1.127412	0.2307643	-1.788364
29.38	6.759728	6.763654	-0.7369067	7	-0.572957	-0.6039482	0.7263725	3.070458	-1.704065
29.4	6.676836	6.695365	-1.127697	7	-0.5625539	-0.572601	0.4319143	-0.5173275	-1.662911
29.42	6.669623	6.763654	-1.155542	7	-0.4660129	-0.4171196	-0.9888562	1.345268	-1.189684
29.44	6.776764	6.763654	-0.5539667	7	-0.51275	-0.5249866	1.454409	0.7651152	-1.087729
29.46	6.804875	6.763654	-0.4054818	7	-0.5415592	-0.6137891	1.478625	-0.2730526	-1.718697
29.48	6.721078	6.763654	-0.8648285	7	-0.4801856	-0.4802953	-1.700584	1.71168	-1.910205
29.5	6.723358	6.763654	-0.8370631	7	-0.4840478	-0.4318275	-1.640577	0.3987029	-1.425338
29.52	6.776189	6.763654	-0.5427909	7	-0.5432003	-0.5355253	0.1213101	-0.1051136	-1.443633
29.54	6.777259	6.763654	-0.5469955	7	-0.5686682	-0.5911388	0.2311876	-0.3646557	-1.768648
29.56	6.651291	6.695365	-1.185451	7	-0.5388572	-0.5142814	-1.132826	0.032291	-1.78288
29.58	6.747042	6.763654	-0.6671192	7	-0.554828	-0.5403903	1.268802	0.01702339	-1.04964
29.6	6.68855	6.695365	-0.9441925	7	-0.5430526	-0.5727757	1.083209	-0.135648	-1.562013
29.62	6.685094	6.695365	-0.9213458	7	-0.5297793	-0.5587338	1.968412	0.2612987	-1.218685
29.64	6.730083	6.763654	-0.6913273	7	-0.464121	-0.4925459	1.163205	0.1238941	-1.175394
29.66	6.826073	6.763654	-0.18132	7	-0.5185481	-0.6057959	2.676104	0.07809254	-1.387066
29.68	6.794086	6.763654	-0.3805499	7	-0.5095941	-0.5900943	0.6489968	-0.1051136	-1.966502
29.7	6.682278	6.695365	-0.9467851	7	-0.5033038	-0.5096927	-0.6909732	0.032291	-1.801701
29.72	6.699009	6.695365	-0.8122751	7	-0.5397309	-0.5449255	1.535332	0.07809254	-1.176623
29.74	6.678322	6.695365	-0.8947961	7	-0.5086314	-0.5386007	1.638659	-0.3799228	-1.266916
29.76	6.621494	6.627074	-1.117433	7	-0.495628	-0.5375626	2.552667	0.4292372	-1.11594
29.78	6.694304	6.695365	-0.6970565	7	-0.4580488	-0.5283025	3.708553	0.04755818	-0.7779398
29.8	6.783171	6.763654	-0.2482357	7	-0.4110124	-0.514393	2.737104	-0.01351054	-1.153615
29.82	6.728826	6.695365	-0.5171494	7	-0.4087671	-0.4935858	0.9595932	0.1086269	-1.645556
29.84	6.74991	6.695365	-0.3774255	7	-0.4635974	-0.5359576	1.954925	-0.02877772	-1.380871
29.86	6.80086	6.763654	-0.1447333	7	-0.4708624	-0.5473951	1.383814	-0.1051136	-1.545667
29.88	6.822897	6.763654	-0.06962287	7	-0.514729	-0.5932132	0.9851651	0.07809254	-1.842625
29.9	6.706872	6.695365	-0.6893064	7	-0.5251412	-0.5529097	-0.4925768	-0.05931208	-1.996161
29.92	6.756355	6.763654	-0.4564862	7	-0.5347332	-0.5314432	0.478509	-0.0440449	-1.344633
29.94	6.769835	6.763654	-0.4206518	7	-0.5406929	-0.5631229	0.5297653	-0.1814495	-1.588526
29.96	6.756948	6.763654	-0.5231652	7	-0.5327199	-0.544604	0.03080105	0.1696952	-1.638333
29.98	6.768065	6.763654	-0.4883659	7	-0.5472409	-0.5603429	0.5466632	-0.2425182	-1.533763
30	6.688242	6.695365	-0.8919892	7	-0.5484129	-0.5600352	0.6845585	-0.1509152	-1.571874
30.02	6.728576	6.763654	-0.693015	7	-0.5065827	-0.5075281	1.177818	0.04755818	-1.092703
30.04	6.779546	6.763654	-0.4327027	7	-0.510543	-0.5595223	2.0625	0.001756639	-1.253416
30.06	6.708537	6.695365	-0.7829255	7	-0.5034825	-0.5611057	1.694729	0.4292372	-1.519263
30.08	6.788475	6.763654	-0.3668149	7	-0.5060838	-0.5747207	3.01528	-0.1967167	-1.10712
30.1	6.748839	6.763654	-0.6010374	7	-0.4409005	-0.4944841	0.6648787	0.04755818	-1.533302
30.12	6.735181	6.695365	-0.6256003	7	-0.490143	-0.5453603	2.238664	0.032291	-1.276397
30.14	6.699431	6.695365	-0.7835359	7	-0.4682651	-0.5259745	2.25657	-0.05931208	-1.222061
30.16	6.762592	6.763654	-0.4564977	7	-0.4306575	-0.4892462	2.321815	0.06282536	-0.9973097
30.18	6.729054	6.695365	-0.5989385	7	-0.4388197	-0.519406	2.285584	0.01702339	-1.320723
30.2	6.794798	6.763654	-0.2612545	7	-0.4350605	-0.5172843	2.554065	-0.0440449	-1.146894
30.22	6.787486	6.763654	-0.321418	7	-0.4191853	-0.4937405	1.072926	-0.05931208	-1.51371
30.24	6.80227	6.763654	-0.2558255	7	-0.4491885	-0.5075429	1.035927	0.06282536	-1.478018
30.26	6.790281	6.763654	-0.3393528	-7	-0.4675164	-0.5137843	-1.243389	-0.02877772	-2.075809
30.28	6.702105	6.695365	-0.780391	-7	-0.5190192	-0.5034134	-3.999346	0.01702339	-2.568773
30.3	6.722607	6.763654	-0.6898894	-7	-0.5638163	-0.4639886	-6.835208	-0.1814495	-2.687589
30.32	6.712228	6.763654	-0.7733499	-7	-0.6548389	-0.4877517	-10.34469	-0.2730526	-3.421542
30.34	6.652013	6.763654	-1.134803	-7	-0.751789	-0.466131	-14.82929	-0.135648	-4.032809
30.36	6.624794	6.763654	-1.323017	-7	-0.9092685	-0.5185723	-17.49754	-1.708167	-4.370187
30.38	6.550955	6.763654	-1.78002	-7	-1.04131	-0.5396466	-21.17149	-4.028778	-4.907471
30.4	6.415651	6.695365	-2.521443	-7	-1.183904	-0.5608363	-23.86823	-5.58603	-5.151391
30.42	6.419467	6.695365	-2.523031	-7	-1.38324	-0.7245168	-22.79014	-8.776869	-5.031839
30.44	6.421084	6.763654	-2.620676	-7	-1.481157	-0.7900155	-25.22564	-5.998243	-5.685508
30.46	5.44487	5.807599	-7.271477	-7	-1.73022	-0.9554163	-23.44407	-5.79977	-6.269615
30.48	5.21323	5.739308	-7.88128	-7	-1.752368	-0.9736243	-8.80842	-4.547862	-1.449824
30.5	5.294649	5.739308	-6.887382	-7	-1.552933	-1.149407	1.987235	-3.494426	-0.5050473
30.52	5.187117	5.739308	-6.967267	-7	-1.010985	-0.7159268	-3.334087	5.81855	-1.295313
30.54	5.473528	5.739308	-4.898714	-7	-0.8713891	-0.7111973	-0.9167037	11.75748	-1.06234
30.56	5.371246	5.739308	-5.012081	-7	-0.5655007	-0.3284829	-13.86592	11.48267	-3.424541
30.58	5.511652	5.807599	-3.870632	-7	-0.5768303	-0.1461034	-20.78684	6.658245	-3.685769
30.6	5.553802	5.807599	-3.341837	-7	-0.7652383	-0.2092226	-28.51731	2.383436	-5.52245
30.62	4.461857	4.851542	-8.291609	-7	-1.077972	-0.2250934	-34.66552	-1.128014	-6.912724
30.64	5.179919	5.739308	-4.227201	-7	-1.185433	-0.1919097	-26.31684	-1.937175	-1.938794
30.66	5.230185	5.807599	-3.950759	-7	-1.101936	-0.1794891	-40.41592	-10.39519	-6.723293
30.68	4.51172	4.851542	-7.100629	-7	-1.67811	-0.6454607	-37.89595	-13.55549	-7.844414
30.7	4.165219	4.851542	-8.37365	-7	-1.807566	-0.6048752	-32.98478	2.017024	-4.968969
30.72	4.080519	4.783254	-8.26361	-7	-1.813082	-0.721889	-26.15534	-7.555495	-3.691387
30.74	4.344025	4.851542	-6.419594	-7	-1.870024	-1.078805	-18.3333	-13.92191	-3.786465
30.76	4.570348	4.783254	-4.849305	-7	-2.089873	-1.662155	-12.78787	-0.9906098	-5.919257
30.78	4.400214	4.783254	-5.534766	-7	-2.010981	-1.522192	-22.07581	1.910153	-8.025045
30.8	4.327132	4.783254	-5.695412	-7	-2.032342	-1.312035	-27.99759	0.6887793	-7.797194
30.82	4.39185	4.783254	-5.149463	-7	-2.235857	-1.455016	-29.13704	-4.731068	-8.152783
30.84	4.313913	4.783254	-5.448287	-7	-2.374881	-1.496154	-34.46959	-7.79977	-9.354735
30.86	4.322823	4.783254	-5.31697	-7	-2.62663	-1.655223	-35.90227	-10.6242	-9.698101
30.88	4.345726	4.851542	-5.223322	-7	-2.847852	-1.809169	-38.63556	-9.402822	-10.53024
30.9	5.682093	6.149047	0.931546	-7	-3.001117	-1.964877	-44.80086	-8.960074	-11.37107
30.92	5.703503	6.080756	0.02595448	-7	-3.420743	-2.204376	-70.05791	-9.601296	-19.4977
30.94	5.674555	6.080756	-1.069568	-7	-4.336588	-2.605641	-78.31639	-10.94481	-20.56409
30.96	5.316593	6.080756	-3.946212	-7	-5.052639	-2.878179	-85.57862	-14.99061	-21.34703
30.98	4.142825	5.124701	-10.436	-7	-5.81793	-3.352875	-77.53876	-23.54023	-19.86489
31	3.765631	5.124701	-12.59851	-7	-6.006913	-3.521616	-56.78571	-35.8303	-13.5328
31.02	4.142243	5.124701	-10.68653	-7	-6.184157	-4.470247	-26.03604	-46.44099	-11.02602
31.04	4.847669	5.19299	-7.143546	-7	-6.429541	-5.821359	1.335849	-43.66236	-12.78224
31.06	6.203792	5.466149	-0.4389086	-7	-7.270633	-8.041044	34.98518	4.505573	-16.63808
31.08	5.877301	5.807599	-3.258232	-7	-6.705777	-7.462417	3.451338	16.42924	-24.65326
31.1	4.679118	4.988122	-9.821704	-7	-6.487893	-6.336097	-14.88093	14.04756	-22.7447
31.12	4.672955	5.466149	-10.09458	-7	-6.043686	-5.267024	-18.55335	-2.105114	-16.16347
31.14	2.970838	3.895488	-18.19545	-7	-5.736795	-4.749687	-21.15325	-18.57839	-16.00141
31.16	3.545228	4.168647	-14.15552	-7	-5.728266	-5.114605	16.0774	-23.29595	-6.595629
31.18	3.792139	3.895488	-11.9187	-7	-5.555348	-6.033365	34.81201	-3.09748	-9.949423
31.2	4.529324	4.510095	-7.64887	-7	-5.044576	-5.969517	33.67624	7.162061	-11.73115
31.22	2.824791	2.871142	-15.34063	-7	-4.696939	-5.42462	16.37819	23.94069	-16.34919
31.24	4.045268	3.827197	-7.967687	-7	-4.805947	-5.589964	40.7869	22.4445	-7.698469
31.26	2.361347	2.597983	-15.59981	-7	-4.091515	-4.813121	12.46535	6.810916	-15.43501
31.28	2.433009	2.324824	-13.47245	-7	-4.298581	-4.895908	37.31864	14.13916	-6.83125
31.3	2.965311	3.144301	-9.795404	-7	-3.558836	-4.395031	27.90717	4.948321	-8.349232
31.32	1.814255	1.915086	-14.32035	-7	-3.236709	-3.852016	11.00752	17.45214	-12.09725
31.34	1.60553	1.915086	-13.82744	-7	-2.978826	-3.18185	11.7151	14.64298	-6.934954
31.36	1.185059	1.573638	-14.40153	-7	-2.628149	-2.768798	6.799147	11.05519	-6.932561
31.38	0.1763134	0.2761335	-17.33902	-7	-2.810304	-3.083683	19.69174	11.69641	-5.773876
31.4	0.1942307	0.3444233	-15.1111	-7	-2.606395	-3.166893	36.86128	12.56664	-1.602584
31.42	0.5043666	0.4127131	-11.67716	-7	-2.264775	-3.333468	42.32416	14.12389	-2.839105
31.44	0.488367	0.4127131	-10.25513	-7	-1.762375	-2.863612	28.03556	25.65061	-5.820075
31.46	-0.7243607	-0.9530802	-14.40723	-7	-1.851694	-2.742643	23.31508	17.5132	-7.105068
31.48	-0.5908298	-1.02137	-11.51916	-7	-2.195863	-3.252565	45.734	10.23076	-2.058933
31.5	-0.9991397	-1.02137	-11.96651	-7	-1.607611	-2.723056	33.30404	0.9941229	-4.406226
31.52	-1.762741	-1.362819	-14.17209	-7	-0.8152171	-1.340462	12.68628	10.94832	-3.29054
31.54	-2.555419	-2.728612	-15.59649	-7	-1.175458	-1.78821	32.18203	0.3071002	-0.1648207
31.56	-2.504789	-2.728612	-12.91409	-7	-1.12985	-2.214612	51.77802	7.726947	2.547428
31.58	-2.802919	-3.070061	-12.24326	-7	-0.7311705	-2.191155	53.27934	13.14679	0.9029894
31.6	-2.890565	-3.070061	-10.68823	-7	-0.1558324	-1.568131	46.09344	23.5132	1.265688
31.62	-2.940008	-3.411509	-8.88847	-7	-0.0370363	-1.516927	44.34264	15.31473	0.4443359
31.64	-3.346266	-3.684668	-9.105164	-7	0.2000284	-1.099852	32.67572	13.95595	-0.9409819
31.66	-4.104484	-4.026116	-11.16694	-7	0.6554053	-0.07013196	14.47748	12.01702	-0.2731686
31.68	-4.62137	-4.367564	-11.81072	-7	0.9441919	0.6853822	7.391715	2.139161	2.536057
31.7	-5.043142	-4.845592	-11.81301	-7	1.021892	0.8466089	9.427504	0.291833	3.997072
31.72	-5.17817	-5.39191	-10.17951	-7	0.6822313	0.1273788	26.91078	1.11626	4.873621
31.74	-5.863834	-5.733358	-11.67341	-7	1.07111	0.4837062	21.57537	8.09336	4.011731
31.76	-4.894063	-5.118752	-4.920654	-7	1.104997	0.2777548	32.44286	10.74985	6.661099
31.78	-5.336671	-5.460199	-5.874828	-7	1.443126	0.6217726	8.738477	11.86435	-0.1046505
31.8	-5.965685	-6.074806	-7.483328	-7	1.280227	0.9326416	2.012244	12.45977	0.9832029
31.82	-6.948259	-6.757704	-10.71522	-7	1.263523	1.273626	0.1446936	9.986489	2.987859
31.84	-5.848328	-6.143096	-3.42641	-7	0.8217136	0.3795777	26.80944	-12.13565	7.274505
31.86	-6.90401	-7.167441	-7.422479	-7	0.8329656	0.0485568	16.99652	-2.227251	-0.09906483
31.88	-7.631328	-7.782049	-9.327125	-7	0.7394044	0.1693338	28.13344	4.337634	4.684627
31.9	-6.073948	-5.733358	-0.6917828	-7	1.709491	1.235372	16.77893	8.795649	7.831501
31.92	-6.030383	-6.825994	0.5184522	-7	1.079051	0.0871616	13.40932	-4.807404	-1.213053
31.94	-7.825975	-7.850338	-7.665207	-7	1.100324	0.8582243	-9.663572	9.574275	-3.052895
31.96	-7.61981	-7.50889	-5.333013	-7	0.9018848	1.053406	7.00625	4.62771	5.989524
31.98	-5.619767	-5.801648	5.110661	-7	0.9634501	0.5461516	9.492878	-20.48679	4.149526
32	-6.333507	-7.099152	1.703348	-7	0.2515986	-0.4583016	-6.467562	-5.143281	-7.656057
32.02	-8.015041	-8.123497	-6.245579	-7	-0.1857758	-0.08108932	-12.67222	5.940687	-4.965671
32.04	-7.249277	-6.757704	-2.067789	-7	0.1151529	0.6469021	-6.40111	-6.517327	3.760901
32.06	-6.695669	-6.484545	0.707755	-7	0.2670726	0.5201713	-14.05152	-25.76923	-0.4005642
32.08	-7.60655	-7.782049	-3.455412	-7	-0.3258211	-0.1562103	-11.02527	-7.143281	-3.71021
32.1	-8.304257	-7.782049	-6.565597	-7	-0.08157507	0.5186677	-11.9249	0.9788557	0.7428904
32.12	-8.188594	-7.782049	-5.271075	-7	0.04235059	0.498491	2.798253	-6.593663	4.755157
32.14	-7.634347	-7.850338	-1.687915	-7	-0.2041276	-0.5338926	25.26128	-5.631831	4.19131
32.16	-7.603235	-7.850338	-1.136548	-7	-0.02836379	-0.7622477	24.37423	9.223129	0.8634682
32.18	-8.582811	-8.806395	-5.344336	-7	0.04103142	-0.625984	24.33016	16.56664	0.5530806
32.2	-8.717047	-8.738104	-5.08054	-7	0.3703017	-0.2192861	34.26601	4.90252	5.804338
32.22	-8.919209	-8.806395	-5.204345	-7	1.056282	0.3821113	32.02428	2.505573	6.591188
32.24	-8.41751	-8.806395	-1.554986	-7	1.181165	0.1291445	44.33738	5.299466	7.788058
32.26	-8.619555	-8.806395	-1.87756	-7	1.784069	0.7244747	28.37308	15.95595	4.590945
32.28	-8.406319	-8.806395	0.04681516	-7	1.857251	0.9304019	25.8835	15.00939	5.387437
32.3	-8.782226	-8.738104	-1.371446	-7	2.381091	1.907696	1.815776	9.971221	3.530228
32.32	-7.152052	-7.850338	7.370807	-7	1.755944	1.097934	14.24105	4.520841	5.160391
32.34	-7.973919	-7.850338	2.624726	-7	2.243139	2.197728	-38.385	-1.509694	-4.966064
32.36	-7.620402	-7.850338	4.442243	-7	1.300423	1.918275	-35.16276	2.826184	-0.9198198
32.38	-6.620039	-6.757704	8.716512	-7	0.6545946	1.299454	-42.49281	-18.01351	-3.871962
32.4	-7.535714	-8.123497	3.603909	-7	-0.831295	-0.2934844	-37.83727	-18.57839	-10.02805
32.42	-7.306667	-7.167441	3.822832	-7	-1.313956	-0.3894445	-33.79345	-23.7845	-5.720443
32.44	-7.659418	-7.577179	1.253413	-7	-1.853683	-1.040483	-26.1496	-30.56313	-6.68827
32.46	-7.391801	-7.577179	2.059655	-7	-2.538541	-2.15032	0.1525702	-29.21962	-4.315952
32.48	-6.302277	-6.143096	6.170592	-7	-2.160986	-2.023584	-4.526012	-27.72343	-5.285028
32.5	-5.856886	-6.074806	6.969634	-7	-2.324128	-2.316768	-14.26271	-2.211984	-10.31992
32.52	-6.079667	-6.143096	4.399386	-7	-2.56418	-2.209942	-26.6045	-7.265419	-12.31791
32.54	-7.918624	-7.50889	-5.632827	-7	-2.743277	-1.768438	-30.84502	-12.96008	-10.59237
32.56	-7.907988	-7.50889	-5.492611	-7	-3.000035	-2.153859	9.03467	-24.60893	0.3901949
32.58	-7.978765	-7.50889	-5.85294	-7	-2.381448	-2.271567	26.43857	-15.52496	1.347427
32.6	-5.264406	-5.801648	7.595173	-7	-2.278719	-3.395704	57.97117	4.673512	3.030537
32.62	-6.985632	-7.167441	-1.934034	-7	-1.393899	-2.538721	11.42456	17.26893	-11.46388
32.64	-6.040459	-6.416255	2.754435	-7	-1.538455	-2.122784	25.04083	29.13153	-1.407691
32.66	-8.367908	-7.850338	-9.15283	-7	-0.65258	-0.6405595	-10.32242	-8.639464	-6.575155
32.68	-8.726766	-8.806395	-9.410166	-7	-1.197296	-1.19981	39.82735	10.50557	6.897391
32.7	-8.780143	-8.464945	-8.594329	-7	-0.2308651	-0.9274224	53.9353	-6.960075	8.925059
32.72	-8.606873	-8.123497	-6.788275	-7	1.266369	0.4326144	44.10371	19.92542	9.94569
32.74	-8.652594	-9.079553	-5.354071	-7	1.483258	0.1438797	57.59213	20.29183	9.527945
32.76	-8.669799	-8.738104	-4.229868	-7	2.435656	1.140003	43.97207	39.14679	9.232624
32.78	-7.473324	-8.464945	3.180253	-7	2.184195	0.4071809	57.22274	36.64297	9.003585
32.8	-8.876292	-9.147842	-3.221359	-7	2.891756	1.609383	14.75772	37.63534	1.166467
32.82	-8.522858	-9.147842	-0.05378199	-7	2.411154	1.549371	28.58156	32.88725	8.200047
32.84	-8.81922	-8.806395	-0.9561853	-7	2.959293	2.403289	3.359564	22.97885	5.06976
32.86	-7.998834	-8.806395	4.153329	-7	2.139381	1.385723	19.69265	-8.899007	6.136752
32.88	-9.068179	-8.738104	-1.291304	-7	2.883201	2.847596	-25.72203	5.971222	0.3193913
32.9	-9.714781	-10.1039	-3.242173	-7	1.790715	1.982183	0.7633133	-6.227251	5.92625
32.92	-10.00126	-9.011263	-4.394609	-7	2.890213	3.62831	-21.94458	-2.746335	8.482573
32.94	-9.10221	-9.079553	1.036074	-7	2.498618	2.864266	-1.959239	-19.32649	10.43548
32.96	-9.358241	-9.079553	-0.02578604	-7	2.784204	3.071449	-19.86533	4.184962	4.833995
32.98	-8.878816	-9.147842	2.937631	-7	2.123928	2.293139	-6.67208	9.696413	5.933518
33	-8.387748	-8.123497	4.970566	-7	2.433966	2.819874	-30.06011	12.15443	2.526474
33.02	-7.589674	-8.123497	8.722865	-7	1.39941	1.634549	-24.40632	-1.784503	-0.3829927
33.04	-10.24125	-9.48929	-5.241739	-7	1.665225	2.961692	-66.96655	-3.967709	-5.697448
33.06	-9.16361	-8.533236	0.4853184	-7	1.108489	2.848668	-32.17297	-15.35702	9.158216
33.08	-9.56699	-8.806395	-1.783473	-7	1.338663	2.614121	-38.12236	-25.50969	3.309445
33.1	-8.469881	-8.806395	4.093262	-7	0.2729986	0.7107538	3.811542	-17.05168	5.973524
33.12	-8.232171	-7.782049	4.270394	-7	1.008781	1.359885	-23.94648	5.177329	-0.3548002
33.14	-7.30057	-7.850338	8.487074	-7	0.07928351	0.1648552	-8.943222	2.093359	-1.040438
33.16	-8.072806	-7.850338	3.39244	-7	0.252026	0.7678381	-38.81964	-2.135648	-6.555951
33.18	-9.093624	-9.079553	-1.851142	-7	-0.5645592	0.3006898	-21.12704	-11.34175	-1.904303
33.2	-10.07942	-9.147842	-6.892398	-7	-0.03230822	1.13389	-16.49554	-20.7158	3.90113
33.22	-9.216871	-9.147842	-1.832987	-7	-0.3175179	-0.06403029	31.71396	-20.8532	10.51262
33.24	-9.052895	-9.079553	-0.8196576	-7	0.2661846	-0.423498	39.06142	0.01702339	6.325007
33.26	-8.680356	-9.147842	1.422735	-7	0.515117	-0.6657939	49.85238	16.33763	6.161797
33.28	-9.086627	-9.079553	-0.5956011	-7	1.499502	0.5402158	28.21508	21.39107	4.394653
33.3	-8.655656	-9.079553	2.092608	-7	1.596182	0.6699843	34.39522	19.71168	7.129421
33.32	-9.146996	-9.147842	-0.2110633	-7	2.265463	1.621792	12.28799	7.391068	4.58916
33.34	-8.66849	-9.147842	2.824742	-7	1.991244	1.344105	23.23621	8.09336	7.358977
33.36	-9.10655	-9.079553	0.7076952	-7	2.493356	2.106451	1.106522	3.345268	4.224285
33.38	-8.917441	-9.147842	2.121758	-7	2.277745	2.076971	5.266697	8.276565	6.569025
33.4	-8.704383	-8.123497	2.803771	-7	3.154339	3.549953	-28.46803	-1.31122	5.088198
33.42	-7.810706	-8.123497	7.334863	-7	2.383	2.727236	-22.74276	3.849085	4.022358
33.44	-7.827546	-8.123497	6.747475	-7	1.727837	2.065282	-33.55592	-3.31122	-1.790005
33.46	-7.262391	-7.099152	8.502102	-7	1.47009	2.373634	-51.89136	1.421604	-2.325344
33.48	-8.747901	-8.396656	0.2783694	-7	0.8481688	2.342195	-66.64025	-17.28069	-5.630496
33.5	-9.307451	-8.806395	-2.549264	-7	0.05256346	1.80711	-39.30832	-21.7387	2.487458
33.52	-8.536039	-7.850338	0.9672334	-7	0.1343965	1.41723	-20.03839	-30.97534	5.891977
33.54	-7.79424	-7.782049	4.26941	-7	-0.136407	0.2749176	-3.53907	-1.738701	2.480966
33.56	-7.540091	-7.850338	4.950555	-7	-0.456073	-0.5707766	3.647697	2.093359	-1.199253
33.58	-7.945637	-7.850338	2.112972	-7	-0.2137513	-0.1189893	-7.444108	8.230764	-2.28914
33.6	-7.624104	-7.850338	3.380662	-7	-0.5482766	-0.5540794	7.77437	-3.418091	0.607172
33.62	-7.996192	-7.850338	0.8981886	-7	-0.1921225	-0.1657325	-0.6168489	-7.20435	-0.8123598
33.64	-7.780623	-7.850338	1.764473	-7	-0.2415131	-0.2751545	10.17111	-1.357022	1.956421
33.66	-7.829383	-7.850338	1.220659	-7	-0.03156304	-0.2216432	10.35344	-6.746335	1.209497
33.68	-7.922364	-7.782049	0.4869673	-7	0.3586296	0.2873151	5.429574	3.879619	1.982961
33.7	-7.573158	-7.850338	2.293872	-7	0.1888814	-0.1431953	17.77825	-1.509694	3.012078
33.72	-8.929188	-8.806395	-4.416111	-7	0.5686589	0.3786494	8.321581	1.070459	1.197473
33.74	-8.770663	-8.806395	-2.830603	-7	0.6173685	0.3454199	34.08185	6.597176	9.135738
33.76	-8.71064	-8.738104	-1.954453	-7	1.212767	0.4606672	39.27658	2.001757	8.572347
33.78	-7.11974	-7.50889	6.252743	-7	1.691022	0.5251288	41.16974	24.27656	8.640404
33.8	-7.161019	-7.50889	5.627847	-7	2.225297	1.225013	4.351742	19.10099	-0.1771526
33.82	-8.113712	-8.396656	0.9353799	-7	1.971731	1.768862	-12.1547	23.2842	-0.2652769
33.84	-7.636817	-7.577179	3.340633	-7	1.881219	2.178228	-14.11934	12.01702	4.406796
33.86	-8.691314	-8.806395	-1.640345	-7	1.397932	1.664482	-12.61121	-11.96771	1.49551
33.88	-7.680797	-7.850338	3.705434	-7	1.035314	1.102154	9.401695	-14.39519	6.960231
33.9	-7.780189	-7.782049	2.84994	-7	1.28812	1.162155	-5.259246	-3.570762	1.263352
33.92	-6.059831	-6.416255	10.87301	-7	1.034804	0.8631907	-4.630845	-7.647098	1.924951
33.94	-8.369517	-8.123497	-1.567695	-7	1.177538	1.697624	-47.97668	5.543741	-7.847341
33.96	-7.952632	-8.191787	1.018798	-7	-0.05016619	0.6811457	-2.348296	-7.036411	4.95456
33.98	-7.487475	-7.167441	2.776111	-7	0.368866	0.6821275	-6.359417	-7.830304	2.404119
34	-5.311882	-5.801648	12.83654	-7	-0.01038057	-0.2785659	2.65544	-23.50969	0.4867363
34.02	-8.290046	-7.4406	-3.652644	-7	0.9607301	1.869917	-69.47466	11.17733	-11.6112
34.04	-7.691544	-7.50889	-0.2269662	-7	-0.2114135	1.252872	-20.71069	-6.776869	5.522174
34.06	-8.630905	-7.4406	-5.428612	-7	0.6811153	2.07439	-37.87034	-3.738701	2.129798
34.08	-6.104701	-6.074806	7.278337	-7	0.1647817	0.8039283	1.914474	-18.08985	8.384859
34.1	-6.936491	-6.074806	1.66854	-7	1.289739	2.086913	-55.55657	16.56664	-5.529703
34.12	-6.882648	-7.850338	2.584209	-7	-0.9422711	-0.5877516	1.646194	4.032291	-0.3132277
34.14	-6.732559	-6.143096	2.262255	-7	-0.1258528	0.3580948	-20.08415	18.01702	-1.595007
34.16	-8.114491	-7.850338	-4.724187	-7	-0.3373224	0.3443372	-16.3307	-28.54786	-1.493493
34.18	-8.107978	-7.850338	-4.178541	-7	-0.4548798	0.00169149	15.41387	3.238397	6.493226
34.2	-8.640725	-7.713759	-6.71761	-7	0.810325	1.193952	5.962801	-21.90664	7.026068
34.22	-7.737631	-7.782049	-1.25317	-7	0.84679	0.5613545	36.42705	8.719314	11.0921
34.24	-7.824405	-7.782049	-1.31709	-7	1.588263	0.8749973	25.81438	11.45214	6.210936
34.26	-7.507249	-7.850338	0.9201635	-7	1.704085	0.8816835	29.64262	31.62008	6.885809
34.28	-7.822302	-7.850338	-0.3360544	-7	2.24287	1.649129	11.37007	21.51321	4.812877
34.3	-7.706838	-7.850338	0.7946509	-7	2.305202	1.953689	8.455947	18.32236	6.37706
34.32	-8.1138	-7.782049	-1.003615	-7	2.838478	2.959483	-13.80965	6.688779	5.272308
34.34	-7.434993	-7.782049	3.108287	-7	2.209866	2.174447	2.593834	2.352901	7.303578
34.36	-6.816024	-6.757704	5.869035	-7	2.477561	2.511664	-19.98334	-1.662365	2.715574
34.38	-6.826964	-6.825994	5.354902	-7	2.20386	2.701972	-41.35897	4.001756	-1.075159
34.4	-7.327919	-7.167441	2.484807	-7	1.620962	2.677299	-51.35211	-6.425724	-1.661039
34.42	-5.975302	-5.733358	8.504227	-7	1.110603	2.346691	-49.7288	-16.83794	0.5803633
34.44	-6.305287	-6.143096	5.702801	-7	0.4518666	1.725728	-65.77492	-21.63183	-7.18027
34.46	-7.887875	-7.782049	-2.545328	-7	-0.8153894	0.7132182	-48.71385	-18.57839	-5.631818
34.48	-7.393894	-6.757704	-0.451473	-7	-1.016463	0.4202231	-21.31739	-24.8074	3.031853
34.5	-7.284043	-7.099152	-0.1986747	-7	-1.216197	-0.6499782	0.8393583	-29.6929	1.182244
34.52	-5.472392	-5.733358	8.182231	-7	-1.286674	-1.555503	20.13832	-0.39519	1.313906
34.54	-5.761985	-5.801648	5.292729	-7	-0.7925677	-1.0856	-11.99032	4.597177	-8.114895
34.56	-6.148462	-6.074806	2.437623	-7	-0.8792442	-0.4839525	-21.98515	5.849084	-5.906138
34.58	-7.677917	-7.4406	-5.390149	-7	-1.176028	-0.4721	-14.36707	-14.60893	-3.407479
34.6	-7.503191	-7.50889	-3.935265	-7	-1.563855	-1.374229	31.2991	-14.56313	5.535488
34.62	-6.404662	-6.211386	1.353066	-7	-0.6501222	-1.207765	36.98192	-9.295953	5.19842
34.64	-7.311582	-7.235731	-3.253107	-7	0.09427232	-0.5427256	20.37358	16.00176	0.1452341
34.66	-5.634691	-5.460199	4.945888	-7	0.8552597	0.5002672	14.88725	14.79565	5.689937
34.68	-7.181156	-6.825994	-3.109241	-7	1.489393	1.593242	-26.16975	14.65824	-3.281145
34.7	-6.158216	-6.484545	2.660046	-7	0.6370722	0.8235449	4.299174	16.55137	5.220864
34.72	-8.531635	-7.782049	-9.182482	-7	1.37922	1.99324	-29.19646	-8.654731	-1.120822
34.74	-8.000874	-7.782049	-5.121002	-7	0.9286053	1.526203	16.15372	13.3758	12.30332
34.76	-6.866517	-6.416255	0.8323052	-7	1.827517	1.760346	10.65439	-8.471525	9.204728
34.78	-6.831865	-6.484545	0.9717	-7	2.480556	2.56167	-18.21477	20.3071	3.194261
34.8	-6.714353	-6.143096	1.442909	-7	2.839041	3.679378	-45.70079	16.2155	2.746151
34.82	-6.87285	-6.211386	0.5643694	-7	2.731245	4.207852	-65.58118	6.536108	1.613166
34.84	-6.137085	-6.143096	4.425474	-7	1.518267	2.819153	-48.4097	-1.250152	1.81619
34.86	-6.865586	-6.484545	0.3601255	-7	1.010602	2.37575	-59.26282	-4.150915	-3.322904
34.88	-6.913664	-6.416255	-0.07392883	-7	0.4250809	2.019888	-48.81584	-7.341754	0.3132954
34.9	-8.394341	-7.850338	-7.230359	-7	-0.08732587	1.358724	-33.41948	-21.63183	0.466115
34.92	-7.364958	-6.825994	-1.684837	-7	-0.1319446	0.8312953	1.973207	-11.93717	8.849392
34.94	-7.039326	-6.757704	-0.1267692	-7	0.2514214	0.4051711	4.808255	-7.341754	3.732314
34.96	-6.973195	-6.757704	0.09769356	-7	0.6124073	0.687175	-0.6099868	1.681146	2.406963
34.98	-6.632138	-6.484545	1.679746	-7	0.8232361	0.9494466	-5.499922	18.33763	2.308925
35	-6.598288	-6.416255	1.598272	-7	0.972555	1.257066	-17.17151	5.192596	0.4816704
35.02	-7.895429	-7.782049	-4.56593	-7	0.6345646	1.123164	-14.95846	5.100993	0.237319
35.04	-6.785118	-6.416255	1.185951	-7	0.822225	1.321131	-1.190981	-1.295953	7.230441
35.06	-6.614554	-6.484545	1.854891	-7	1.001967	1.147165	-10.95192	-2.334121	1.306558
35.08	-6.594599	-6.825994	2.007384	-7	0.54711	0.6092502	-5.846779	-0.4104572	0.3163357
35.1	-7.146662	-6.825994	-0.9966288	-7	0.7885935	1.209823	-19.5732	11.43687	-0.1665869
35.12	-6.674625	-6.825994	1.615234	-7	0.253824	0.4964539	0.3374639	-5.189083	3.018487
35.14	-7.037633	-6.825994	-0.4290751	-7	0.5035433	0.7024186	-9.475875	-2.685266	0.1783209
35.16	-6.493602	-6.757704	2.448684	-7	0.05653802	0.01391193	8.117296	-5.173816	2.394573
35.18	-7.217353	-6.757704	-1.61719	-7	0.7320376	0.9973519	-16.63871	-0.9600753	-0.7787981
35.2	-6.82006	-6.825994	0.6345591	-7	0.4079731	0.7008669	-0.5051998	-0.39519	3.652667
35.22	-6.622417	-6.484545	1.431452	-7	0.6024802	0.7306107	-6.19966	-3.387556	1.336642
35.24	-6.088418	-6.484545	4.074602	-7	0.1009692	-0.08294034	4.424028	1.528474	0.3469286
35.26	-6.471027	-6.484545	1.670892	-7	0.2120581	0.1882067	-10.90659	-0.2119839	-2.928557
35.28	-6.545929	-6.416255	1.003568	-7	0.176238	0.5286112	-14.46815	-0.2272511	-0.7456474
35.3	-6.758268	-6.484545	-0.3020643	-7	0.2105427	0.7425019	-17.90768	-9.586029	-0.2569046
35.32	-6.855483	-6.757704	-0.7318925	-7	-0.04891549	0.3853744	-7.458169	-5.341754	1.073906
35.34	-6.84582	-6.757704	-0.6405749	-7	-0.1066273	0.1015024	1.218712	-5.830304	1.65948
35.36	-6.985697	-6.825994	-1.319443	-7	0.07819094	0.1753356	3.157875	1.330001	1.792179
35.38	-6.687131	-6.825994	0.3918963	-7	-0.01595958	-0.2195941	15.57637	0.9025202	2.844484
35.4	-6.348655	-6.416255	1.943109	-7	0.2658308	-0.1009144	10.86447	3.192596	1.250916
35.42	-6.18803	-6.416255	2.587303	-7	0.2709312	-0.1021405	5.733667	4.719313	-0.4762897
35.44	-7.972635	-7.850338	-6.141537	-7	0.360927	0.4251569	-4.76629	2.887253	-1.474584
35.46	-6.455573	-6.416255	1.930456	-7	0.3741073	0.367869	21.57635	-0.1509152	8.468455
35.48	-6.379917	-6.416255	2.06842	-7	0.8130845	0.3826277	3.748106	-3.555495	0.1923466
35.5	-6.051849	-6.484545	3.720547	-7	0.4540152	0.0563941	5.378727	9.726947	-0.2072601
35.52	-6.94005	-6.484545	-1.232777	-7	1.076155	1.417408	-28.06012	3.345268	-2.472188
35.54	-6.476131	-6.484545	1.33509	-7	0.5374345	1.061751	-12.41964	-0.7158006	2.605375
35.56	-7.03421	-6.757704	-1.558938	-7	0.5791354	1.085043	-20.17066	-11.43336	-0.3384523
35.58	-6.68	-6.825994	0.5524106	-7	0.01177865	0.2638143	2.12221	3.436871	2.755297
35.6	-6.973702	-6.825994	-1.001038	-7	0.2062956	0.2986536	-1.970524	-4.731068	0.5719261
35.62	-7.183203	-6.757704	-2.070801	-7	0.6303188	1.001827	-8.607399	6.246032	2.404665
35.64	-6.949154	-6.825994	-0.6139558	-7	0.5915607	0.8241614	0.2291226	-2.883739	3.867865
35.66	-6.793219	-6.484545	0.1066942	-7	0.9739785	1.205797	-8.954025	1.146795	2.542851
35.68	-6.114943	-6.416255	3.639016	-7	0.5212892	0.4442235	1.41115	4.291833	1.780147
35.7	-7.96127	-7.850338	-5.48896	-7	0.5259182	0.6861387	-12.40202	4.261298	-2.415917
35.72	-7.924388	-7.782049	-4.428339	-7	0.3357154	0.6070698	16.88369	1.60481	7.753326
35.74	-6.463204	-6.484545	3.145509	-7	0.7386731	0.2799407	27.6254	-8.044044	7.662306
35.76	-6.480589	-6.484545	2.704196	-7	1.351842	0.8487126	-1.302628	13.78801	-0.2259703
35.78	-6.926765	-6.484545	0.1507015	-7	1.858844	2.296942	-32.32676	16.36817	-0.180027
35.8	-7.454747	-6.825994	-2.401879	-7	1.904336	3.07319	-44.71292	-4.364655	2.152799
35.82	-7.178998	-6.825994	-0.6105793	-7	1.418042	2.552416	-31.06173	-7.540228	4.788345
35.84	-6.979424	-6.757704	0.5352747	-7	1.075716	1.862128	-24.33219	-0.6547319	2.818092
35.86	-7.152168	-6.825994	-0.3717443	-7	0.9707865	1.733883	-26.64176	4.597177	1.40964
35.88	-7.237062	-6.825994	-0.8051955	-7	0.9134383	1.774558	-26.17994	-0.7921365	2.259086
35.9	-7.150894	-6.825994	-0.3256104	-7	0.7741863	1.54559	-20.89894	0.1696952	2.719662
35.92	-7.005979	-6.894283	0.4721036	-7	0.5019786	1.00195	-11.92402	-0.08984644	2.21707
35.94	-7.061379	-6.757704	0.02299285	-7	0.6317494	1.124993	-16.16949	-0.4409916	1.332813
35.96	-6.97135	-6.757704	0.4099555	-7	0.5772259	1.072046	-14.25491	0.1544284	1.785633
35.98	-7.012187	-6.825994	0.1360692	-7	0.5196306	0.9630756	-13.36387	-0.2425182	1.319466
36	-7.095836	-6.894283	-0.3142627	-7	0.4869816	0.9213767	-11.69106	-1.555495	1.578856
36.02	-7.107496	-6.825994	-0.4207286	-7	0.5834144	1.040093	-11.87346	0.4750388	2.111742
36.04	-6.918425	-6.825994	0.5733637	-7	0.4721329	0.7735094	-5.841768	-0.5478618	2.316596
36.06	-6.986509	-6.825994	0.1442105	-7	0.5519664	0.8096439	-8.585075	-0.2730526	1.265718
36.08	-6.972899	-6.825994	0.1885752	-7	0.5617488	0.8544602	-8.252823	0.20023	1.721258
36.1	-6.924153	-6.825994	0.4250546	-7	0.5249912	0.7716137	-6.722027	-0.2272511	1.681531
36.12	-6.904866	-6.825994	0.4930885	-7	0.4969884	0.7019208	-6.083567	-1.051678	1.414755
36.14	-6.901311	-6.825994	0.474173	-7	0.4769391	0.6676809	-5.778404	-0.0440449	1.313641
36.16	-6.921318	-6.825994	0.330987	-7	0.4836414	0.6846461	-6.126856	-0.1051136	1.30713
36.18	-6.972055	-6.825994	0.03391212	-7	0.5373912	0.7846888	-7.491969	-0.01351054	1.449143
36.2	-6.934232	-6.825994	0.2328311	-7	0.5232533	0.7604749	-6.043765	-0.01351054	1.786771
36.22	-6.954714	-6.825994	0.1119496	-7	0.5595568	0.7889013	-6.773822	-0.01351054	1.59141
36.24	-6.938263	-6.825994	0.2006246	-7	0.5635844	0.7914441	-6.33325	0.01702339	1.736778
36.26	-7.023844	-6.894283	-0.2096916	-7	0.5861223	0.8227504	-6.793358	-0.5478618	1.653447
36.28	-6.916842	-6.825994	0.3712843	-7	0.5686215	0.772319	-4.49747	0.07809254	2.14377
36.3	-6.910052	-6.825994	0.3949316	-7	0.5885975	0.7526025	-5.424638	-0.3341213	1.544422
36.32	-7.038462	-6.894283	-0.250849	-7	0.6456064	0.8800063	-7.81485	0.1696952	1.50037
36.34	-6.934217	-6.825994	0.3233873	-7	0.6273323	0.8648958	-5.796639	-0.3188541	2.227679
36.36	-6.87375	-6.757704	0.5926852	-7	0.6655984	0.8795689	-7.613503	0.06282536	1.629328
36.38	-6.894153	-6.825994	0.4846528	-7	0.605432	0.8231289	-7.918043	-0.0440449	1.281281
36.4	-6.924458	-6.825994	0.3149729	-7	0.5720313	0.8187578	-8.24553	-0.3493885	1.326269
36.42	-6.926531	-6.825994	0.2956516	-7	0.5345215	0.7860736	-7.570728	0.1849628	1.466619
36.44	-6.903841	-6.825994	0.4029666	-7	0.4859634	0.7048217	-6.175074	-0.135648	1.465692
36.46	-6.981111	-6.825994	-0.03473806	-7	0.5478048	0.8051403	-8.244142	-0.1203808	1.330921
36.48	-6.885049	-6.757704	0.4339628	-7	0.5475422	0.812925	-7.257305	0.1391613	1.813581
36.5	-6.916041	-6.825994	0.2638793	-7	0.5160577	0.7419301	-7.152104	-0.7768693	1.295949
36.52	-6.884469	-6.825994	0.427574	-7	0.4530266	0.6471223	-5.15746	0.1544284	1.454034
36.54	-6.904826	-6.825994	0.2972417	-7	0.45127	0.6257417	-5.161955	-0.4409916	1.262505
36.56	-6.973133	-6.825994	-0.08298033	-7	0.5226493	0.7513248	-6.947756	0.1086269	1.397051
36.58	-6.892306	-6.825994	0.3609835	-7	0.4719464	0.6615195	-4.030667	0.1238941	1.837286
36.6	-6.902908	-6.825994	0.2917171	-7	0.4902312	0.6393076	-4.480461	-0.1661823	1.378615
36.62	-6.952523	-6.825994	0.02126509	-7	0.5527204	0.7506064	-6.22201	0.1238941	1.45356
36.64	-6.906638	-6.825994	0.2820956	-7	0.5315552	0.7206669	-4.836504	0.04755818	1.764372
36.66	-6.907595	-6.825994	0.2786893	-7	0.538891	0.7063676	-5.134335	-0.1203808	1.495072
36.68	-6.871106	-6.757704	0.4285225	-7	0.5832071	0.7815458	-6.697167	0.01702339	1.494142
36.7	-6.856323	-6.757704	0.4725803	-7	0.5789469	0.799515	-7.864243	0.06282536	1.299115
36.72	-6.82779	-6.757704	0.5925943	-7	0.5197342	0.7409971	-7.626591	-0.1203808	1.188556
36.74	-7.021797	-6.894283	-0.3911228	-7	0.5085571	0.7781484	-8.943398	0.032291	0.9803991
36.76	-6.962229	-6.825994	-0.04806995	-7	0.4926867	0.7740889	-6.105216	0.001756639	2.057443
36.78	-6.941029	-6.825994	0.07343245	-7	0.5105762	0.7245472	-5.341486	-0.1509152	1.754193
36.8	-6.928979	-6.825994	0.1448727	-7	0.5306972	0.7218474	-5.197122	0.04755818	1.661875
36.82	-6.914179	-6.825994	0.23191	-7	0.5377954	0.7152089	-5.063208	0.09335929	1.607134
36.84	-6.840965	-6.757704	0.5806935	-7	0.5509646	0.7219496	-5.549343	-0.1051136	1.520391
36.86	-6.911139	-6.825994	0.2092961	-7	0.5459068	0.7368993	-7.057836	-0.01351054	1.102914
36.88	-6.950792	-6.825994	0.01049775	-7	0.5542646	0.800723	-7.573946	-0.02877772	1.465816
36.9	-6.868622	-6.757704	0.420316	-7	0.5468553	0.7865773	-6.914703	-0.1814495	1.685363
36.92	-6.951891	-6.825994	-0.01546663	-7	0.558377	0.8072684	-8.428287	0.01702339	1.22072
36.94	-6.874369	-6.757704	0.3737405	-7	0.5396404	0.8007654	-7.459278	-0.07457926	1.677291
36.96	-6.918087	-6.825994	0.1513671	-7	0.50366	0.7344912	-7.337293	-0.02877772	1.235964
36.98	-6.954516	-6.825994	-0.0340209	-7	0.5100715	0.7641042	-7.37287	-0.07457926	1.454625
37	-6.962938	-6.825994	-0.06423247	-7	0.525481	0.7833838	-6.974612	-1.051678	1.671705
37.02	-6.890877	-6.825994	0.3376082	-7	0.4718086	0.6612548	-4.350647	-3.20435	1.73938
37.04	-7.001634	-6.825994	-0.2621152	-7	0.5891449	0.8262108	-8.111423	0.6887793	1.317092
37.06	-6.834972	-6.825994	0.6624067	-7	0.4533106	0.6150019	-2.649213	0.001756639	1.992325
37.08	-6.916082	-6.825994	0.2044514	-7	0.5125634	0.6511375	-5.634365	-0.578396	0.9899426
37.1	-6.829031	-6.757704	0.6253343	-7	0.5011303	0.6731361	-5.283165	0.5055732	1.460106
37.12	-6.83088	-6.825994	0.6104927	-7	0.414552	0.5345894	-4.230975	-0.4257244	0.9617462
37.14	-7.035157	-6.894283	-0.4537944	-7	0.4864286	0.6994303	-7.379374	-0.0440449	0.9140921
37.16	-6.939619	-6.825994	0.07784081	-7	0.4778862	0.7079229	-4.434254	0.001756639	2.10083
37.18	-6.935804	-6.825994	0.09914786	-7	0.5234045	0.7021779	-5.016516	-0.5173275	1.593412
37.2	-6.837199	-6.757704	0.586995	-7	0.5333588	0.6976314	-4.98003	-0.6241975	1.596234
37.22	-6.81447	-6.757704	0.6620614	-7	0.5175344	0.6723526	-6.262598	-0.2119839	1.036415
37.24	-6.844581	-6.825994	0.5037479	-7	0.4250318	0.576942	-5.501518	-0.2577854	0.8691607
37.26	-6.949374	-6.825994	-0.06745535	-7	0.4608421	0.6812636	-7.42309	-0.4409916	0.9710474
37.28	-6.917983	-6.825994	0.1144704	-7	0.425543	0.6466856	-5.222355	-0.1203808	1.585771
37.3	-7.016091	-6.894283	-0.3616168	-7	0.4575269	0.6644912	-5.391219	-0.1967167	1.417795
37.32	-6.890328	-6.757704	0.2762446	-7	0.5174267	0.723982	-4.735485	0.1849628	2.002389
37.34	-6.882486	-6.825994	0.3295434	-7	0.4975861	0.6424414	-4.562805	0.01702339	1.349928
37.36	-6.847303	-6.757704	0.4737968	-7	0.5256383	0.6941535	-5.992206	-0.2119839	1.2742
37.38	-6.89957	-6.825994	0.2059265	-7	0.4977956	0.6861368	-6.616244	-0.08984644	1.072347
37.4	-6.888607	-6.825994	0.2768946	-7	0.4465858	0.6327784	-5.279123	0.1696952	1.325714
37.42	-6.882114	-6.825994	0.3102048	-7	0.4152676	0.5707337	-4.385594	-0.1203808	1.236052
37.44	-6.934751	-6.825994	0.02059543	-7	0.4582968	0.6402715	-5.67709	0.001756639	1.190252
37.46	-6.817372	-6.757704	0.6094393	-7	0.4319015	0.5916459	-4.077829	0.06282536	1.515409
37.48	-6.812925	-6.757704	0.5772883	-7	0.4304162	0.5666909	-5.41099	-0.1051136	0.8542995
37.5	-6.906492	-6.825994	0.07758352	-7	0.4194844	0.6043773	-6.479223	-0.02877772	0.8184862
37.52	-6.929796	-6.825994	-0.03406215	-7	0.4134179	0.6287853	-5.689621	-0.4867931	1.333688
37.54	-6.930439	-6.825994	-0.02420211	-7	0.4244033	0.6221762	-4.86032	0.1849628	1.481941
37.56	-6.902632	-6.825994	0.1377995	-7	0.4223742	0.5806297	-3.660061	-0.2730526	1.512248
37.58	-6.838743	-6.757704	0.4374821	-7	0.4577223	0.5974764	-4.203939	0.001756639	1.367984
37.6	-6.80955	-6.757704	0.555339	-7	0.4491122	0.5818102	-4.957808	0.1238941	1.027837
37.62	-6.878086	-6.825994	0.1989863	-7	0.4158044	0.5677607	-5.461968	-0.1509152	0.8401194
37.64	-6.861384	-6.757704	0.2526499	-7	0.4376437	0.6337541	-6.091727	-0.02877772	1.190519
37.66	-6.877808	-6.757704	0.1366908	-7	0.46357	0.6871449	-7.333885	-0.3341213	1.114576
37.68	-6.831368	-6.757704	0.3688991	-7	0.4143262	0.6219306	-6.088188	-0.578396	1.217731
37.7	-6.957405	-6.825994	-0.2868175	-7	0.4424545	0.679311	-7.768434	-0.05931208	0.932642
37.72	-6.925045	-6.825994	-0.0735383	-7	0.4041474	0.6342508	-5.017793	0.2612987	1.653391
37.74	-6.904695	-6.825994	0.05641499	-7	0.3994395	0.5618502	-3.646755	-0.1509152	1.474503
37.76	-6.943854	-6.825994	-0.1391967	-7	0.4644514	0.6345241	-4.821025	0.01702339	1.372171
37.78	-6.875256	-6.825994	0.2577519	-7	0.4330138	0.5655726	-2.719708	0.09335929	1.626206
37.8	-6.869457	-6.825994	0.2972062	-7	0.4371638	0.5308939	-2.932472	-0.0440449	1.219874
37.82	-6.88822	-6.825994	0.2039352	-7	0.4573399	0.5716751	-3.861288	-0.1051136	1.170933
37.84	-6.872341	-6.825994	0.3015763	-7	0.4422533	0.5600469	-3.532271	0.1086269	1.265498
37.86	-6.789706	-6.757704	0.7002371	-7	0.4271021	0.5269434	-3.505359	-0.08984644	1.149964
37.88	-6.804363	-6.757704	0.5699072	-7	0.426289	0.5460876	-5.52741	-0.05931208	0.6611252
37.9	-6.801774	-6.757704	0.5422918	-7	0.381317	0.5369406	-5.895881	0.001756639	0.715291
37.92	-6.893579	-6.825994	0.05590078	-7	0.3446318	0.5281537	-6.174228	-0.1509152	0.6650515
37.94	-7.021655	-6.894283	-0.569512	-7	0.359192	0.5893458	-5.814482	-0.2577854	1.16509
37.96	-6.966809	-6.825994	-0.2520475	-7	0.406971	0.6266387	-3.970589	-0.9906098	1.921796
37.98	-6.8994	-6.825994	0.1293217	-7	0.4189966	0.5522387	-2.445884	-0.1051136	1.68192
38	-6.881565	-6.825994	0.2340689	-7	0.4419543	0.5376258	-2.756798	-0.2119839	1.317702
38.02	-6.920132	-6.825994	0.03756595	-7	0.5001361	0.6361477	-4.785327	0.04755818	1.212302
38.04	-6.871843	-6.825994	0.3211545	-7	0.4665222	0.5989604	-3.71609	0.09335929	1.429426
38.06	-6.823718	-6.757704	0.5373446	-7	0.484617	0.616702	-5.120144	-0.08984644	1.112919
38.08	-6.948052	-6.894283	-0.06913275	-7	0.4425822	0.5999991	-5.773151	0.06282536	0.8200932
38.1	-6.823554	-6.757704	0.559788	-7	0.4206769	0.5857088	-4.358234	-0.1051136	1.458736
38.12	-6.836671	-6.825994	0.4834158	-7	0.3567168	0.4620884	-3.952816	-0.1203808	0.751833
38.14	-6.923446	-6.825994	0.003974438	-7	0.3941828	0.5619352	-5.962224	-0.05931208	0.7760057
38.16	-6.828597	-6.757704	0.4705176	-7	0.3723546	0.5470772	-4.657614	-0.1203808	1.283208
38.18	-6.868083	-6.825994	0.2546255	-7	0.3348997	0.4707464	-4.540112	-0.1967167	0.7552671
38.2	-6.952124	-6.825994	-0.1996769	-7	0.3905328	0.5893866	-6.208003	-0.2119839	0.9574413
38.22	-6.95826	-6.825994	-0.2126462	-7	0.4203433	0.6483647	-5.752954	-0.07457926	1.471525
38.24	-6.882891	-6.825994	0.2135425	-7	0.3787314	0.5347487	-3.157649	-0.1509152	1.538444
38.26	-6.835695	-6.757704	0.4171543	-7	0.4199651	0.5488077	-4.404241	-0.2883198	1.102498
38.28	-6.856397	-6.757704	0.2664125	-7	0.4568872	0.632203	-6.818688	0.1238941	0.851409
38.3	-6.864233	-6.825994	0.249586	-7	0.3712256	0.5431339	-5.279415	-0.135648	0.9616299
38.32	-6.846745	-6.757704	0.3003145	-7	0.3803008	0.5617355	-5.936159	-0.02877772	0.945137
38.34	-6.902359	-6.825994	0.01449105	-7	0.3527769	0.5394444	-5.810241	0.04755818	0.8550606
38.36	-6.913483	-6.825994	-0.0320271	-7	0.3406695	0.5281545	-4.798803	-0.01351054	1.15411
38.38	-6.673595	-6.621124	1.115578	-7	0.3376625	0.470605	-3.815222	-0.01351054	1.229075
38.4	-6.832062	-6.757704	0.2140254	-7	0.354568	0.5128565	-8.164711	-0.02877772	-0.09889984
38.42	-6.926309	-6.825994	-0.2589887	-7	0.3044942	0.5544841	-7.286436	-0.02877772	0.769413
38.44	-6.915543	-6.757704	-0.2188808	-7	0.3443639	0.6133161	-6.878409	-0.6089303	1.289058
38.46	-6.924217	-6.825994	-0.2255549	-7	0.3190949	0.5327061	-4.830339	-1.524961	1.290387
38.48	-6.879182	-6.757704	-0.003384292	-7	0.3694491	0.5596962	-4.765792	-0.7921365	1.3506
38.5	-6.870423	-6.825994	0.07885811	-7	0.3286006	0.4596372	-3.097505	0.032291	1.143921
38.52	-6.868747	-6.825994	0.1081319	-7	0.3199691	0.4177958	-2.320879	-0.2119839	1.070973
38.54	-6.855056	-6.757704	0.1481909	-7	0.3946835	0.5214043	-4.171762	0.07809254	1.057067
38.56	-6.876851	-6.825994	0.06463039	-7	0.3728124	0.5003208	-3.862171	0.1696952	1.012586
38.58	-6.869728	-6.825994	0.1294415	-7	0.3504554	0.4640206	-2.995774	-0.1203808	1.101522
38.6	-6.89082	-6.825994	0.03365153	-7	0.3685866	0.4835543	-3.415865	0.07809254	1.038136
38.62	-6.785462	-6.757704	0.569559	7	0.3477937	0.4369528	-0.5976001	0.07809254	1.646665
38.64	-6.76011	-6.757704	0.6615903	7	0.3542116	0.3770415	1.331485	-0.0440449	1.58758
38.66	-6.791115	-6.757704	0.4567322	7	0.4312926	0.44333	2.538014	0.01702339	2.023437
38.68	-6.829793	-6.825994	0.2853854	7	0.4915145	0.4522131	6.469193	0.1086269	2.848726
38.7	-6.786736	-6.825994	0.5630187	7	0.5853147	0.428004	11.8233	-0.0440449	3.736465
38.72	-6.683428	-6.825994	1.166531	7	0.6756185	0.3309747	17.82994	1.024657	4.201802
38.74	-6.62956	-6.825994	1.498914	7	0.8279583	0.330627	21.18174	2.887253	4.31409
38.76	-6.6104	-6.825994	1.659986	7	1.027019	0.4533807	22.79207	6.933053	4.7063
38.78	-6.512413	-6.757704	2.220618	7	1.236083	0.6072445	24.0143	9.024656	5.288271
38.8	-6.498536	-6.825994	2.399487	7	1.372126	0.6633911	25.74433	5.513207	5.404676
38.82	-6.524158	-6.757704	2.326653	7	1.654509	0.9909683	23.23343	9.207863	5.915973
38.84	-6.25498	-6.757704	3.87823	7	1.598989	0.7604918	31.26817	4.704046	6.71272
38.86	-6.481784	-6.757704	2.707671	7	1.94706	1.167464	23.29174	6.505573	5.671655
38.88	-6.413308	-6.825994	3.260574	7	1.983597	1.227289	28.59399	9.940687	7.589013
38.9	-6.755654	-6.825994	1.584234	7	2.497386	1.929799	18.89928	4.566641	7.716371
38.92	-6.587155	-6.825994	2.767807	7	2.643707	2.095228	25.14552	11.71168	10.37353
38.94	-6.647697	-6.825994	2.683738	7	2.984021	2.38401	22.14559	3.879619	9.974897
38.96	-6.544353	-6.825994	3.513026	7	3.15914	2.530696	24.12414	17.63534	10.89558
38.98	-6.280087	-6.825994	5.175504	7	3.094392	2.222928	31.2855	7.375802	10.78277
39	-6.452809	-6.825994	4.407913	7	3.360634	2.522386	24.40781	16.13916	9.62654
39.02	-4.852434	-5.460199	12.20626	7	3.416643	2.476617	26.02296	9.024656	11.0768
39.04	-6.876233	-7.099152	1.67387	7	3.673661	3.217348	-9.22376	11.25366	2.516369
39.06	-5.452045	-5.801648	8.975976	7	3.286236	3.186046	15.29516	6.337634	14.12342
39.08	-7.527243	-7.4406	-1.516847	7	3.624931	3.581155	-5.78604	-16.37992	6.594468
39.1	-6.403172	-6.484545	4.709966	7	3.521959	3.523352	27.72079	13.20786	18.84811
39.12	-6.46773	-6.416255	4.303485	7	4.231317	3.79809	16.01174	-9.143281	13.35608
39.14	-7.682372	-6.825994	-1.800652	7	5.519097	5.988576	-16.111	26.81091	14.63072
39.16	-5.517826	-5.733358	9.764009	7	5.174762	5.247806	17.88632	5.49794	22.48779
39.18	-5.510555	-5.801648	9.43972	7	5.393323	4.961946	-5.942003	26.87198	10.60607
39.2	-5.161201	-6.143096	11.28474	7	4.341264	3.814885	9.0742	26.78038	10.72446
39.22	-6.694464	-6.416255	3.004187	7	4.904577	5.167365	-23.7323	33.77275	8.441398
39.24	-5.279277	-5.39191	10.12366	7	4.539388	4.943432	0.7075927	-13.38756	17.76937
39.26	-6.160583	-6.074806	5.229305	7	4.762074	5.003669	-16.23609	-10.63946	10.41459
39.28	-4.950688	-5.460199	11.28912	7	4.091264	4.065363	12.89785	-19.28068	16.02396
39.3	-7.517354	-6.211386	-2.559539	7	5.83533	6.87494	-49.6097	10.06283	9.70224
39.32	-5.122247	-5.460199	10.34551	7	4.686872	5.313436	18.78726	-12.15091	25.6077
39.34	-5.899414	-4.777303	5.196086	7	6.535346	7.255625	-44.02521	9.955955	12.52548
39.36	-3.646167	-4.367564	16.59774	7	5.18618	5.522407	-3.721859	-7.265419	18.32563
39.38	-4.990152	-5.118752	8.789283	7	5.14275	5.416492	-37.0177	17.05519	5.483085
39.4	-3.330645	-4.367564	16.80605	7	3.555944	3.568606	7.61932	-2.120381	13.36759
39.42	-4.26907	-4.162696	10.35975	7	4.078034	4.310184	-31.43265	10.29183	4.162236
39.44	-3.495841	-3.752957	13.25305	7	3.461467	4.03799	-16.02533	-22.48679	10.6042
39.46	-4.114152	-3.34322	8.378242	7	4.274162	5.451447	-51.89232	-4.211984	7.122317
39.48	-2.872297	-3.070061	13.76192	7	3.336871	4.32802	-22.42781	-33.35702	12.14535
39.5	-3.748076	-2.660322	7.362722	7	4.380622	5.956157	-68.33039	-0.746335	5.946032
39.52	-3.11006	-2.660322	9.67371	7	3.794402	5.634016	-48.97139	-19.34175	12.54004
39.54	-4.179482	-2.455454	2.677658	7	4.959806	7.51732	-88.22341	9.436871	9.916564
39.56	-1.466558	-0.9530802	15.43833	7	4.215985	6.384285	-51.51279	-11.18908	17.70557
39.58	-1.524629	-0.6116323	12.85667	7	4.608121	6.634806	-95.28575	11.2384	3.383968
39.6	0.3682868	-0.6799221	21.20205	7	1.959569	3.191143	-41.54147	5.482672	4.765293
39.62	-0.5470523	-0.3384733	13.76754	7	1.718802	3.089387	-75.76265	15.14679	-6.087861
39.64	0.3677288	0.6175833	15.94668	7	0.9165558	2.843635	-65.99992	-28.63946	0.3023062
39.66	0.7079428	0.6858721	15.1433	7	-0.04376408	1.516059	-56.27289	-22.30359	-3.409719
39.68	1.038612	1.573638	13.84419	7	-0.1581435	1.644883	-65.0921	-38.42572	-3.896204
39.7	2.135829	2.597983	16.33949	7	-0.466804	1.416182	-65.97461	-29.52496	-3.710355
39.72	0.6497874	1.300479	6.256045	7	-0.84187	1.306298	-75.65753	-38.37992	-7.905371
39.74	1.716575	2.256536	9.647369	7	-1.435311	0.5966123	-37.87525	-28.96007	2.255555
39.76	1.693257	2.256536	7.301686	7	-1.311034	0.06299911	-31.09901	-33.38755	-1.581514
39.78	3.272232	3.21259	13.23084	7	-1.64657	-0.9843541	-3.112819	-10.60893	0.8349829
39.8	3.527482	3.622329	11.88733	7	-1.277777	-0.9243965	-19.35991	1.055192	-6.051579
39.82	4.396358	3.554038	14.34059	7	-2.311546	-2.426733	7.020885	2.749848	-5.51186
39.84	4.335864	3.895488	11.60051	7	-2.400032	-2.657542	0.741684	-2.120381	-9.185534
39.86	4.556564	5.124701	9.878569	7	-1.424489	-0.7914921	-30.77485	-13.11275	-7.144449
39.88	4.708933	5.466149	8.175716	7	-0.8976467	0.4915404	-54.02068	-17.92191	-6.145862
39.9	5.173187	5.807599	8.384537	7	-0.9802666	0.7397154	-59.80803	-20.73107	-5.239346
39.92	4.624563	4.851542	4.132801	7	-1.79311	-0.2626853	-45.54023	-6.929541	-6.491427
39.94	6.266921	6.695365	10.42913	7	-1.890624	-0.5984745	-31.72103	-2.761602	-2.447724
39.96	4.779247	4.851542	1.4221	7	-2.403408	-1.506519	-30.65335	-3.112747	-10.06424
39.98	6.557419	6.763654	8.823521	7	-2.511363	-1.744609	-3.859651	3.055191	-0.6730719
40	5.723595	6.080756	2.786058	7	-2.075596	-1.54558	-23.30808	-1.647098	-8.996314
40.02	7.994735	7.583131	12.7538	7	-2.687442	-2.555209	7.432089	0.6735125	-2.860917
40.04	8.394632	8.402606	12.01557	7	-2.204042	-2.142786	-33.06518	2.123894	-14.56571
40.06	6.235931	6.149047	-0.3093674	7	-2.986496	-2.151317	-40.26048	-3.524961	-15.62663
40.08	5.624935	6.080756	-4.00034	7	-3.328091	-2.146442	-6.999126	-4.379922	-2.998235
40.1	7.242304	7.583131	3.255165	7	-2.938194	-2.622281	22.57937	-14.59366	1.821747
40.12	7.828919	7.65142	4.999473	7	-2.555317	-3.108675	20.93493	-20.12038	-5.489025
40.14	9.694942	8.470897	13.20969	7	-3.263258	-4.628294	41.29523	3.528474	-7.630712
40.16	8.052194	7.583131	3.147003	7	-2.926652	-3.878862	0.1057787	24.18496	-17.71011
40.18	7.268838	7.583131	-1.790317	7	-2.578749	-2.258021	-7.939647	7.620076	-7.824988
40.2	8.171374	8.470897	1.968468	7	-2.300884	-1.948092	1.868043	-8.059312	-2.410375
40.22	8.219207	8.197738	1.436443	7	-2.24092	-2.263968	0.8105663	-13.55549	-6.45931
40.24	7.779853	7.309972	-0.9412293	7	-2.814815	-3.178375	20.60889	-4.364655	-6.149084
40.26	7.583457	7.65142	-2.299758	7	-2.366173	-2.734902	23.4872	21.81855	-3.445826
40.28	7.32375	7.65142	-3.827729	7	-1.584953	-1.822297	18.24541	14.00176	-1.466499
40.3	7.654018	7.583131	-1.937995	7	-1.345508	-1.838175	30.19947	0.2307643	0.8555088
40.32	8.419627	7.51484	2.300936	7	-1.773621	-3.15793	54.81839	1.589543	-0.6106949
40.34	8.237996	7.583131	1.201086	7	-1.438373	-3.022792	43.30325	11.97122	-5.040525
40.36	7.319361	7.036813	-3.336504	7	-1.003275	-2.059048	29.8271	18.58191	-3.912704
40.38	7.050697	7.036813	-4.230398	7	-0.5293967	-1.187001	29.91161	14.45977	1.354773
40.4	7.708409	7.583131	-0.5115427	7	-0.08897108	-0.872452	31.80785	-0.3341213	3.060389
40.42	7.880075	7.65142	0.5112416	7	0.2831082	-0.5501586	17.92277	-9.03641	-0.5713997
40.44	7.56988	7.65142	-1.012196	7	0.7110853	0.4335378	-5.637791	16.27657	-1.790323
40.46	7.368475	7.583131	-1.794904	7	0.8090224	1.082878	-17.52792	18.99412	-0.3693132
40.48	6.463157	6.695365	-5.709325	7	0.5837529	1.111205	-17.05038	3.726947	0.315093
40.5	6.521551	6.695365	-4.524191	7	0.3364329	0.7221248	2.864246	0.4139705	4.866173
40.52	6.523027	6.695365	-3.841988	7	0.5038608	0.5109193	9.519676	2.795649	4.249619
40.54	7.906581	7.583131	3.523155	7	0.3989778	-0.1456437	21.7403	7.635344	4.130638
40.56	6.947511	6.763654	-1.28669	7	0.5662656	0.06101307	-2.550881	18.24603	-3.950899
40.58	6.512005	6.490495	-2.972652	7	0.4062324	0.4275025	0.291414	12.3071	0.9743738
40.6	6.344647	6.763654	-3.484603	7	0.8306642	1.118075	-6.223661	9.60481	3.050284
40.62	8.002409	8.129447	4.840882	7	0.9952309	1.13033	-6.181577	-5.051678	4.020424
40.64	7.350983	7.241681	1.309346	7	0.7612591	0.890288	-29.095	-11.50969	-5.448679
40.66	7.811441	7.309972	3.736557	7	-0.3368241	-0.1485889	-11.1148	6.398704	-2.492435
40.68	6.913101	7.241681	-1.331839	7	-0.1981249	0.3707481	-32.7324	8.505572	-5.845198
40.7	8.625997	8.744054	6.706231	7	-0.5212213	0.1713801	-23.16685	-10.96007	-0.7727652
40.72	6.582253	7.036813	-4.279795	7	-0.5541536	0.4307506	-53.08901	-22.07458	-10.34348
40.74	6.709078	7.036813	-3.339861	7	-1.297707	-0.0443535	-18.34988	-27.72343	1.050882
40.76	8.021226	8.402606	2.762553	7	-1.110748	-0.5177115	-8.784616	-11.96771	0.4574041
40.78	8.359741	8.470897	3.590203	7	-1.050253	-0.7457476	-21.88783	-8.853205	-6.288433
40.8	7.498209	7.65142	-1.299919	7	-1.336347	-0.6971407	-30.01476	7.635344	-7.990247
40.82	8.029566	8.470897	0.8014383	7	-1.366211	-0.4413147	-25.78282	5.192596	-3.148043
40.84	7.991257	8.470897	-0.1119201	7	-1.292767	-0.3748178	-33.80745	-8.669999	-5.713107
40.86	7.160686	7.583131	-4.497742	7	-1.569165	-0.5357628	-28.87749	-18.74633	-5.152992
40.88	7.402069	7.583131	-3.086691	7	-1.994948	-1.350525	0.9985006	-18.21198	-0.3056593
40.9	7.452569	7.51484	-2.788663	7	-1.960032	-1.981892	16.36827	-1.402823	-1.331366
40.92	7.428492	7.583131	-2.943022	7	-1.509746	-1.757752	18.57794	6.90252	-1.126329
40.94	6.794067	7.036813	-5.877349	7	-0.9904009	-1.201209	16.5719	14.38344	-0.4250431
40.96	6.873608	6.968522	-4.819848	7	-0.6610686	-1.014907	29.36715	10.2155	3.547147
40.98	7.115988	7.036813	-2.990535	7	-0.241684	-0.9781443	34.63314	11.16206	3.352209
41	7.196849	7.036813	-2.066732	7	0.2045425	-0.6689667	29.8057	15.75748	2.085611
41.02	7.101995	6.968522	-2.038503	7	0.583638	-0.1528469	20.42819	18.79565	1.518661
41.04	7.046274	7.036813	-1.846509	7	0.9298956	0.4809868	9.138554	16.50557	1.761331
41.06	7.057518	7.036813	-1.299138	7	1.0495	0.8190851	1.374956	7.11626	1.706245
41.08	9.96039	9.63182	12.81281	7	1.023808	0.6486773	-6.381211	2.139161	1.124815
41.1	7.938195	7.583131	1.814088	7	0.4870884	0.5819445	-57.26168	3.33	-15.72808
41.12	7.368202	7.583131	-1.179018	7	-0.433315	0.9277945	-52.36578	-1.280686	-5.643239
41.14	8.477119	9.017213	3.689045	7	-0.7152581	0.7266334	-49.22686	-7.58603	-3.062906
41.16	7.443639	8.129447	-2.324713	7	-0.927484	0.6947629	-66.9306	-18.73107	-9.190849
41.18	8.125071	8.744054	0.5931215	7	-1.484957	0.3019169	-50.35439	-27.52496	-3.387527
41.2	6.309391	6.968522	-8.680547	7	-1.918035	-0.3300204	-44.38465	-29.67763	-7.023345
41.22	7.78091	7.924579	-0.9298551	7	-2.632137	-1.802759	11.82399	-13.14328	3.386539
41.24	7.353461	7.856288	-3.632923	7	-1.865477	-1.701578	-0.3062725	-0.8684724	-4.338919
41.26	8.002645	7.924579	-0.345343	7	-1.960879	-2.091696	18.65761	6.52084	-1.030838
41.28	6.890497	7.036813	-5.935624	7	-1.560904	-1.79833	11.14488	9.726947	-4.320785
41.3	7.072539	7.036813	-4.412917	7	-1.485397	-1.83952	33.64521	2.047558	2.307722
41.32	6.940712	7.036813	-4.670287	7	-0.8086143	-1.474269	33.23077	2.551375	1.604116
41.34	7.047176	6.968522	-3.524855	7	-0.3254304	-1.133442	35.83056	13.72695	2.758353
41.36	8.09099	7.924579	1.939873	7	0.248274	-0.6831626	28.01936	17.39107	2.261975
41.38	8.323535	7.924579	3.035192	7	0.4002669	-0.455627	6.189864	11.92542	-3.652512
41.4	8.178637	7.924579	2.13038	7	0.2653688	-0.01065894	-14.44231	15.62008	-5.555679
41.42	7.534534	7.856288	-1.376406	7	0.3271658	0.9251329	-38.68601	10.01702	-5.448501
41.44	7.532426	7.856288	-1.328152	7	-0.08698532	0.9260443	-36.42134	-2.929541	-2.262589
41.46	8.015554	8.470897	0.7890515	7	-0.234883	0.830016	-39.9689	-17.32649	-2.678563
41.48	8.189896	8.470897	1.225918	7	-0.657189	0.3791042	-43.56909	-26.899	-5.54865
41.5	8.543136	8.402606	2.63663	7	-1.626191	-0.8555135	-29.99469	-15.00588	-6.826469
41.52	8.578171	9.017213	1.744623	7	-1.636998	-0.6387213	-45.41772	5.452137	-9.22056
41.54	8.131023	9.085504	-1.605561	7	-1.417079	0.302007	-67.2274	-2.700533	-9.171162
41.56	7.340389	8.129447	-5.847823	7	-1.948064	0.02483007	-56.08645	-12.82267	-6.250349
41.58	7.501276	8.197738	-5.029893	7	-2.33756	-0.7525667	-27.53718	-20.15092	-1.65959
41.6	7.473038	8.266026	-5.365795	7	-2.046509	-0.9368809	-18.59264	-27.31122	-2.08062
41.62	7.833719	8.197738	-3.483785	7	-2.050061	-1.480142	-0.5228834	-28.30359	-1.176245
41.64	8.51178	8.197738	0.04394579	7	-2.426662	-2.742254	22.96968	-11.46389	-2.754048
41.66	8.169807	8.470897	-2.237395	7	-1.647842	-1.855736	0.1083298	31.54374	-6.450828
41.68	7.058899	7.856288	-7.914215	7	-0.8764836	-0.2474161	-20.91036	28.04756	-4.005198
41.7	7.455329	7.924579	-5.299537	7	-0.8500937	-0.1916997	-2.310143	15.84908	2.626801
41.72	7.760943	8.129447	-3.452321	7	-0.5281935	-0.2780534	-1.750884	2.505573	0.4732428
41.74	7.100302	7.309972	-6.210239	7	-0.4694873	-0.3084005	-2.066133	-3.677632	-1.208884
41.76	7.102045	7.583131	-5.630159	7	-0.06562662	0.2619273	-1.572367	22.93305	2.232385
41.78	7.272148	7.583131	-4.16373	7	0.1774889	0.3636377	-0.471087	19.83382	2.217725
41.8	8.453197	8.470897	2.009448	7	0.2502947	0.1804513	-1.438593	3.879619	1.039162
41.82	7.113769	6.968522	-4.376426	7	-0.08057415	-0.1082501	-15.12948	8.73458	-6.001772
41.84	6.744417	6.968522	-5.556381	7	-0.2548405	0.1641251	-5.661751	18.09336	0.6866617
41.86	6.427772	6.968522	-6.558766	7	0.122347	0.587553	-5.609642	2.3071	2.440769
41.88	8.375194	8.470897	3.490253	7	0.2323201	0.2727422	4.416219	-7.90664	4.239617
41.9	7.818043	7.583131	0.5533243	7	0.04223248	-0.1667325	-17.21986	-9.326487	-6.856988
41.92	7.191899	7.583131	-2.708103	7	0.1004026	0.7835995	-35.27616	19.80328	-4.469117
41.94	6.932318	7.583131	-3.91405	7	0.08616042	1.278836	-39.6533	12.47504	-1.294217
41.96	7.332352	7.51484	-1.537995	7	-0.5206611	0.3468353	-20.60003	-12.91427	-0.02398872
41.98	8.021124	8.197738	1.678611	7	-0.665606	-0.1504647	-19.98706	-21.90664	-2.649977
42	8.036718	8.129447	1.283834	7	-0.9157648	-0.4134296	-28.82611	-22.25779	-6.622731
42.02	8.272249	8.197738	2.041951	7	-1.524274	-0.9916236	-24.6543	3.375802	-6.93997
42.04	8.017376	8.197738	0.1038167	7	-1.789048	-1.110807	-30.56026	1.421604	-8.525043
42.06	9.220771	9.63182	5.028145	7	-1.750433	-0.8297546	-38.32988	-9.112746	-7.047428
42.08	8.571013	9.017213	0.5440202	7	-1.955162	-0.7305001	-61.31444	-18.19672	-13.44634
42.1	8.836701	9.085504	1.129719	7	-2.836727	-1.405544	-46.89227	-24.31885	-9.764915
42.12	7.956495	8.129447	-3.813541	7	-3.654454	-2.539641	-30.29048	-31.90664	-11.24056
42.14	6.711915	7.241681	-10.06019	7	-3.863798	-2.86675	-5.414102	-38.30358	-6.078679
42.16	6.72041	7.241681	-9.520363	7	-3.560494	-3.197511	33.07317	-37.69289	1.748744
42.18	7.327873	7.309972	-5.849689	7	-3.047863	-3.894449	64.69645	-21.61656	2.92359
42.2	7.202982	7.583131	-6.349387	7	-1.438506	-2.519288	46.61793	18.97886	0.50278
42.22	8.155768	7.856288	-0.974777	7	-0.8813928	-2.181281	50.9068	22.3071	2.224358
42.24	7.852185	7.309972	-2.015598	7	-0.5748869	-2.041755	38.12632	34.90252	-3.065924
42.26	7.774786	7.583131	-2.026386	7	-0.09601794	-1.045518	21.43104	36.18496	-1.813644
42.28	6.304447	6.080756	-8.379901	7	-0.1672742	-0.7801189	18.42267	26.00176	-1.734786
42.3	7.49004	7.309972	-1.432453	7	-0.04447615	-0.7223454	36.75776	19.57428	5.833739
42.32	7.851455	7.583131	0.6559556	7	0.3832751	-0.6003146	18.47971	12.84145	-1.090323
42.34	6.383254	6.080756	-5.971507	7	0.2161762	-0.3569376	6.621891	19.45214	-3.583156
42.36	6.204938	6.353915	-5.896473	7	0.3766407	0.2693363	13.08868	14.76512	3.796165
42.38	6.753027	6.763654	-2.335187	7	0.5942392	0.2318228	18.05043	-3.616564	4.48635
42.4	6.191488	5.807599	-4.175165	7	0.3718824	-0.3269599	22.472	-5.58603	1.083114
42.42	5.861335	5.739308	-4.872934	7	0.5427558	-0.06791942	25.55735	26.16969	3.513995
42.44	5.869054	6.080756	-4.092758	7	1.204676	0.783813	16.48558	9.788015	5.002971
42.46	6.537785	6.012467	0.2770896	7	0.8999111	0.0632368	30.19886	-7.265419	4.819741
42.48	7.118431	6.422206	3.593145	7	0.7466359	-0.4282575	25.41908	10.59718	0.3042755
42.5	6.192335	6.353915	-1.250639	7	1.408581	1.109811	-17.48282	11.74221	-3.699032
42.52	6.048927	6.422206	-1.701015	7	1.462619	2.096596	-29.69187	8.856718	1.122341
42.54	5.89857	6.422206	-2.206346	7	1.442706	2.435222	-38.68488	-5.09748	1.427852
42.56	6.264091	6.422206	0.01677895	7	0.8582659	1.715733	-28.11183	-16.15091	1.823191
42.58	6.801134	6.422206	2.94062	7	-0.09083605	0.1538698	-9.865661	-8.425724	-0.8394375
42.6	5.84719	6.080756	-2.141832	7	-0.06560192	0.3893282	-25.65424	1.192596	-4.521165
42.62	5.615155	6.012467	-3.165191	7	-0.1765466	0.6273512	-17.7822	-0.07457926	0.7780275
42.64	5.65162	6.080756	-2.822	7	-0.07957962	0.570082	-10.37965	-5.066945	2.205462
42.66	6.793689	6.968522	2.792332	7	0.007884681	0.2864694	-4.216005	-13.61656	2.265794
42.68	7.390004	7.036813	5.3578	7	-0.3651244	-0.5326556	-7.234894	0.3071002	-3.954935
42.7	7.085869	6.968522	3.092648	7	-0.5744771	-0.4295073	-24.31672	3.910153	-7.586417
42.72	5.446569	5.807599	-5.378005	7	-0.7690427	0.09479189	-32.83583	1.650611	-6.041446
42.74	5.244077	5.739308	-5.948403	7	-0.9716929	0.0007506683	-5.341609	-9.082212	3.211681
42.76	5.320884	5.807599	-5.164858	7	-0.6113801	-0.2109695	11.48016	-18.10511	4.799062
42.78	5.795125	5.807599	-2.259274	7	-0.4174079	-0.7324829	29.97512	-24.63946	5.044285
42.8	6.044244	5.739308	-0.6053957	7	-0.2014184	-1.090387	36.84715	18.18496	2.750079
42.82	5.614761	5.739308	-2.627015	7	0.6175538	-0.01974037	17.74606	20.94832	1.483162
42.84	6.27962	5.807599	1.335362	7	0.4331073	-0.3612279	31.46645	20.2613	4.148544
42.86	6.766247	6.968522	3.318917	7	1.396375	0.9428441	-4.446877	16.64298	0.09486961
42.88	5.730077	5.807599	-1.804462	7	1.340004	1.568248	-26.41124	-0.39519	-2.532752
42.9	5.064721	5.807599	-4.860534	7	1.581498	2.694796	-37.64347	8.001757	2.665238
42.92	5.395581	5.807599	-2.521255	7	1.261711	2.2605	-20.63194	-5.677632	6.25
42.94	6.567955	6.695365	3.481406	7	1.097432	1.547045	-13.93244	-12.44099	4.087281
42.96	6.511643	6.695365	2.743167	7	1.107382	1.593688	-35.73835	13.11626	-2.734238
42.98	6.112966	6.695365	0.2568791	7	1.101118	2.341047	-56.46161	12.29183	-2.750457
43	5.703575	6.353915	-1.926537	7	0.7072625	2.37559	-56.81505	-0.6394649	-0.7268715
43.02	6.599744	7.309972	2.179022	7	0.497738	2.158311	-51.68502	-12.04404	1.362051
43.04	5.448223	6.080756	-3.862925	7	0.1247809	1.73045	-56.43996	-20.7616	-3.562087
43.06	6.699347	7.036813	2.350739	7	-0.5218869	0.7899913	-26.00035	-5.357022	2.815971
43.08	6.487667	6.968522	0.5475211	7	-0.4401072	0.5124887	-37.1084	-2.547862	-4.044291
43.1	7.386868	7.583131	4.405129	7	-0.8199424	0.07153106	-29.01986	-4.532594	-2.505064
43.12	6.142426	6.763654	-2.677797	7	-0.7171652	0.4649316	-49.21698	-0.4104572	-7.351384
43.14	5.854484	6.695365	-4.31453	7	-0.7846356	0.8417781	-38.01375	-9.03641	-0.0209198
43.16	6.044952	6.627074	-3.298434	7	-0.913431	0.2424094	-16.6997	-14.7158	2.138362
43.18	6.687749	6.763654	-0.016559	7	-1.145177	-0.8178243	6.481661	-11.84557	1.594038
43.2	6.372735	6.763654	-1.975287	7	-0.5859677	-0.3929612	-4.996599	13.69641	-1.637355
43.22	6.019024	6.695365	-3.888785	7	0.03984171	0.6617032	-15.60707	9.467405	0.7152452
43.24	6.354579	6.695365	-1.936655	7	0.09662139	0.6130668	-5.726993	5.436871	3.217294
43.26	6.710986	6.695365	0.05936274	7	-0.0329353	0.02942723	2.759467	1.391069	1.475647
43.28	6.666457	6.763654	-0.2317991	7	0.1347326	0.1601168	-4.456637	13.22313	-0.5958347
43.3	6.54789	6.763654	-0.8701212	7	0.2849584	0.5473269	-11.73897	4.078092	-0.3356915
43.32	6.564728	6.695365	-0.6877446	7	0.1907016	0.5164173	-10.34716	1.100993	0.3178835
43.34	6.701326	6.763654	0.05037159	7	0.06132068	0.3044611	-7.703038	-0.6699991	0.105751
43.36	6.550353	6.763654	-0.7965075	7	0.1455957	0.4762549	-13.58723	0.1696952	-0.7653351
43.38	8.099921	8.129447	6.527324	7	0.08964938	0.339966	-13.4373	-0.0440449	0.08833504
43.4	8.172301	8.197738	5.808	7	0.001057461	0.3972533	-43.10419	-1.509694	-8.629857
43.42	7.095562	7.309972	-0.2757967	7	-0.6155065	0.5388358	-56.32459	-0.6852662	-9.327362
43.44	6.683754	7.309972	-2.703793	7	-1.04739	0.5898813	-47.82152	-8.059312	-3.655166
43.46	6.73645	7.378261	-2.680606	7	-1.283486	0.146413	-32.09263	-23.75397	-1.151185
43.48	6.71699	7.241681	-2.959492	7	-1.354532	-0.332121	-18.82924	-32.70053	-0.9860821
43.5	7.235148	7.378261	-0.4443698	7	-1.556647	-1.1241	1.072641	-6.853205	-0.3561373
43.52	7.326252	7.378261	-0.2917948	7	-1.470603	-1.459228	4.485108	5.681145	-2.852228
43.54	6.810882	6.763654	-2.89003	7	-1.509626	-1.631719	10.77726	5.391069	-2.949355
43.56	6.508244	6.695365	-4.254709	7	-1.16977	-1.275579	16.89782	10.24603	0.2205267
43.58	6.473212	6.763654	-4.163926	7	-0.5785121	-0.751308	19.26891	0.1391613	2.434952
43.6	7.638492	7.583131	1.839508	7	-0.200772	-0.724223	24.07045	2.948321	3.154134
43.62	7.975155	7.583131	3.34108	7	-0.1083148	-0.8834435	10.76045	6.597176	-3.181023
43.64	7.28021	7.036813	-0.2716663	7	-0.2024826	-0.5448205	-4.837315	14.29183	-5.364215
43.66	6.877664	7.036813	-2.246884	7	-0.1649854	0.06439631	-10.43588	11.05519	-1.868744
43.68	6.714989	6.968522	-2.849594	7	-0.1378743	0.2421082	-8.127666	-3.937174	0.2863188
43.7	6.910807	7.036813	-1.596814	7	-0.1852322	0.02793973	-0.6924632	-13.41809	1.177819
43.72	7.362861	6.968522	0.9998902	7	-0.6500008	-0.9911825	15.95015	-9.234884	0.03302097
43.74	6.85641	6.968522	-1.717261	7	-0.2392119	-0.4403863	-0.5771248	10.55138	-2.793581
43.76	6.898748	7.036813	-1.387706	7	-0.1162657	-0.02236694	-1.299989	3.162062	0.1681814
43.78	6.829849	6.968522	-1.603686	7	-0.01413204	0.1024915	-3.449396	5.711679	-0.05858517
43.8	7.084816	6.968522	-0.08266854	7	-0.2249559	-0.2819945	4.386155	-3.586029	0.2821512
43.82	6.666787	6.968522	-2.265246	7	0.1705574	0.3343301	-10.63883	3.971222	-1.349098
43.84	6.872561	6.968522	-0.9790579	7	0.05068138	0.2992549	-4.555491	0.6582449	1.070007
43.86	6.877695	7.036813	-0.8993784	7	0.130508	0.334039	-8.410334	2.704046	-0.2400494
43.88	7.250079	7.036813	1.149231	7	-0.2660387	-0.2930837	1.499443	-0.1203808	-0.3511629
43.9	7.088055	7.105102	0.1478473	7	-0.2114845	-0.2052415	-7.475901	2.505573	-2.748289
43.92	6.96399	6.968522	-0.4961447	7	-0.3681807	-0.2099703	-7.017882	-0.2730526	-1.906635
43.94	6.755384	6.968522	-1.606102	7	-0.2894928	0.01945183	-10.14958	-1.372289	-1.320713
43.96	6.757135	6.968522	-1.54435	7	-0.2726095	0.07476735	-7.592023	-3.830304	-0.07507896
43.98	6.85835	6.968522	-0.9565086	7	-0.3122827	-0.09901022	-3.315416	-4.28832	-0.01499081
44	7.075699	7.036813	0.1724073	7	-0.4182254	-0.4037714	1.317631	0.9788557	-0.5584946
44.02	7.06729	7.105102	-0.003101334	7	-0.3437702	-0.336484	-3.253835	1.910153	-1.808352
44.04	6.982511	7.036813	-0.5015274	7	-0.354418	-0.2436871	-5.487045	1.436871	-1.731246
44.06	6.825405	6.968522	-1.31964	7	-0.322865	-0.1023643	-7.143106	-0.4867931	-1.268124
44.08	6.781032	6.968522	-1.507792	7	-0.2743042	-0.0006863102	-6.303041	0.3987029	-0.3502369
44.1	6.95225	7.036813	-0.5834289	7	-0.309286	-0.1433622	-2.290528	-0.1509152	-0.03294563
44.12	6.910863	7.036813	-0.8306023	7	-0.2214644	-0.0825457	-5.283928	0.4139705	-0.9776316
44.14	6.935875	7.036813	-0.6950068	7	-0.2204408	-0.04737555	-5.437187	0.001756639	-0.7104387
44.16	6.964963	7.036813	-0.5416849	7	-0.2540258	-0.09927171	-5.071709	-0.2119839	-0.8649645
44.18	6.935959	7.036813	-0.7096368	7	-0.2495292	-0.07486136	-6.258999	0.1391613	-1.061425
44.2	6.962645	7.036813	-0.5724361	7	-0.2973827	-0.1245086	-5.265563	-0.05931208	-0.9083967
44.22	6.843503	6.968522	-1.179057	7	-0.2798496	-0.08038924	-6.427485	-0.02877772	-1.081918
44.24	6.931588	7.036813	-0.7090652	7	-0.2959993	-0.1036852	-4.260882	0.1086269	-0.3993959
44.26	6.838193	6.968522	-1.177661	7	-0.2516456	-0.07078328	-5.560591	-0.01351054	-0.8741636
44.28	6.837852	6.968522	-1.130472	7	-0.2310966	-0.03367163	-4.56244	0.09335929	-0.3236609
44.3	6.858354	6.968522	-0.9757465	7	-0.2115658	-0.05034409	-3.69852	0.032291	-0.2991171
44.32	6.927595	7.036813	-0.6154442	7	-0.1663641	-0.02163201	-4.290822	-0.02877772	-0.4038897
44.34	6.890384	6.968522	-0.7763324	7	-0.1761967	-0.03658641	-4.960832	0.1238941	-0.7843094
44.36	6.969854	7.036813	-0.3640598	7	-0.2014656	-0.06259097	-4.45898	-0.0440449	-0.6177216
44.38	6.968915	7.036813	-0.396982	7	-0.2169483	-0.07884068	-5.740507	0.04755818	-1.097676
44.4	6.991802	7.036813	-0.3009589	7	-0.2832548	-0.1390803	-5.334043	0.07809254	-1.12819
44.42	6.963188	7.036813	-0.4925156	7	-0.311521	-0.1496558	-6.049926	-0.05931208	-1.302572
44.44	6.920352	7.036813	-0.7548511	7	-0.3085264	-0.1005596	-6.87184	0.06282536	-1.151875
44.46	6.846318	6.968522	-1.122969	7	-0.3246795	-0.09933501	-6.109811	0.06282536	-0.8881283
44.48	6.832608	6.968522	-1.164641	7	-0.3093358	-0.09549685	-4.599153	-0.0440449	-0.4482059
44.5	6.881958	7.036813	-0.9174435	7	-0.2338655	-0.03690839	-4.747851	0.07809254	-0.3175154
44.52	6.922929	7.036813	-0.7053553	7	-0.2063873	-0.03533813	-4.939679	-0.02877772	-0.5238905
44.54	6.952213	7.036813	-0.5556942	7	-0.2148879	-0.05994045	-5.075695	0.09335929	-0.7408667
44.56	7.035104	7.105102	-0.1729338	7	-0.2336198	-0.08639616	-5.49489	0.01702339	-0.9244938
44.58	6.949387	7.036813	-0.6500474	7	-0.2530299	-0.07346942	-7.404745	-0.05931208	-1.413886
44.6	6.905901	7.036813	-0.8886716	7	-0.2632254	-0.01906869	-7.705113	-0.0440449	-0.9629784
44.62	6.96789	7.036813	-0.5577754	7	-0.3456609	-0.1518138	-4.724042	0.06282536	-0.712615
44.64	6.889038	7.036813	-1.005404	7	-0.2844866	-0.07803104	-6.755256	-0.1814495	-1.074274
44.66	6.803904	6.968522	-1.409735	7	-0.254108	-0.0006971955	-6.573338	0.2154972	-0.5757761
44.68	6.936864	7.036813	-0.6855615	7	-0.2787614	-0.09255943	-3.161835	-0.02877772	-0.05523205
44.7	6.852593	6.968522	-1.102092	7	-0.2280751	-0.08064774	-4.534629	0.04755818	-0.7803745
44.72	7.018733	7.105102	-0.2590461	7	-0.2174418	-0.07858487	-3.434412	0.291833	-0.2838564
44.74	6.911298	7.036813	-0.8466815	7	-0.1544607	0.01373728	-7.409795	0.6277106	-1.206474
44.76	6.9584	7.036813	-0.5770003	7	-0.2205717	-0.02394443	-5.733269	-0.02877772	-0.6085978
44.78	6.928196	7.036813	-0.7437278	7	-0.2208839	-0.02726356	-6.588772	-0.07457926	-0.920289
44.8	6.942745	7.036813	-0.6657363	7	-0.253684	-0.05842358	-5.817456	0.1391613	-0.7597456
44.82	6.938803	7.036813	-0.6953255	7	-0.266996	-0.08229326	-5.674053	-0.1051136	-0.8550072
44.84	6.904318	7.036813	-0.8887361	7	-0.2405011	-0.03061516	-6.553081	-0.1203808	-0.8317051
44.86	6.91298	7.036813	-0.8394654	7	-0.2406637	-0.02431229	-6.065763	0.1391613	-0.6138353
44.88	6.901055	7.036813	-0.9020875	7	-0.2183044	-0.0008037798	-6.425179	-0.1051136	-0.6494417
44.9	6.840966	6.968522	-1.167827	7	-0.2204779	-0.002468369	-5.895877	-0.05931208	-0.5629635
44.92	6.865839	6.968522	-0.9794259	7	-0.2368632	-0.05574185	-3.688694	0.1086269	-0.2218323
44.94	6.869515	6.968522	-0.9203953	7	-0.2121755	-0.07460681	-3.145533	0.01702339	-0.354723
44.96	7.015119	7.105102	-0.2013937	7	-0.1681242	-0.05068241	-3.578753	0.032291	-0.3588343
44.98	7.026435	7.105102	-0.2048159	7	-0.1479943	-0.0163288	-6.612399	0.04755818	-1.161578
45	6.887124	6.968522	-0.9043306	7	-0.2045167	-0.006903872	-7.646251	0.04755818	-1.260721
45.02	6.857897	6.968522	-1.01191	7	-0.2475869	-0.01953559	-5.879154	-0.01351054	-0.5435896
45.04	6.826665	6.968522	-1.141884	7	-0.2203287	-0.00408645	-5.3453	0.07809254	-0.3865891
45.06	6.849792	6.968522	-0.9770672	7	-0.2060708	-0.02250634	-3.947282	-0.0440449	-0.173749
45.08	6.861051	6.968522	-0.8831859	7	-0.1753594	-0.02588597	-3.64291	-0.0440449	-0.2788458
45.1	6.957258	7.036813	-0.3847378	7	-0.1592884	-0.03869808	-3.42552	0.1849628	-0.325654
45.12	7.033573	7.105102	-0.05028427	7	-0.1403379	-0.02190428	-5.474066	0.04755818	-0.8694916
45.14	6.977785	7.036813	-0.3700782	7	-0.1870287	-0.02945223	-7.201051	0.001756639	-1.323066
45.16	6.878663	6.968522	-0.8701	7	-0.2435825	-0.0309244	-7.132058	-0.07457926	-1.074943
45.18	7.00313	7.105102	-0.2718712	7	-0.2664578	-0.05831024	-5.70228	0.001756639	-0.5519981
45.2	6.914489	7.036813	-0.7776228	7	-0.2505518	-0.04018074	-7.69049	0.001756639	-1.229351
45.22	6.834734	6.968522	-1.165405	7	-0.2703674	-0.01953424	-6.77071	-0.0440449	-0.7145634
45.24	6.912089	7.036813	-0.7592916	7	-0.2710082	-0.05559918	-4.619545	-0.0440449	-0.2467756
45.26	6.93755	7.036813	-0.6416605	7	-0.2571209	-0.09752469	-4.385503	-0.01351054	-0.634944
45.28	6.92179	7.036813	-0.7426316	7	-0.2223243	-0.05184682	-5.374221	0.07809254	-0.7498522
45.3	6.956686	7.036813	-0.5608814	7	-0.2449815	-0.08569886	-4.488988	0.001756639	-0.6347437
45.32	6.942158	7.036813	-0.6524445	7	-0.2348523	-0.07747398	-5.138448	-0.05931208	-0.8351336
45.34	6.950176	7.036813	-0.6169876	7	-0.2464505	-0.08456011	-4.870081	0.01702339	-0.7452497
45.36	6.860443	6.968522	-1.05807	7	-0.2385881	-0.06209613	-5.218151	0.01702339	-0.7895889
45.38	6.853404	6.968522	-1.047743	7	-0.2281717	-0.0480573	-3.865016	-0.05931208	-0.2752209
45.4	6.914222	7.036813	-0.727568	7	-0.17284	-0.01497507	-3.871021	0.01702339	-0.2088146
45.42	6.882419	6.968522	-0.8521507	7	-0.1664191	-0.03073052	-3.992809	-0.1051136	-0.5113897
45.44	6.969129	7.036813	-0.3926411	7	-0.1721629	-0.05347025	-3.246677	0.001756639	-0.347538
45.46	6.961231	7.036813	-0.4528993	7	-0.1556607	-0.03591015	-4.968375	0.07809254	-0.8490934
45.48	7.04028	7.105102	-0.08930793	7	-0.1767494	-0.03407527	-5.585305	0.01702339	-0.8256798
45.5	6.969433	7.036813	-0.4856727	7	-0.2183798	-0.05215479	-6.993734	-0.07457926	-1.302158
45.52	6.997097	7.105102	-0.3978872	7	-0.2353005	-0.01664846	-7.448206	0.09335929	-0.9497538
45.54	6.916274	7.036813	-0.8396411	7	-0.2581735	-0.01658311	-8.034358	0.01702339	-1.10319
45.56	6.895185	7.036813	-0.952317	7	-0.2692984	-0.0074875	-7.079679	0.01702339	-0.6475248
45.58	6.803426	6.968522	-1.393319	7	-0.2445355	0.01676972	-6.577336	0.01702339	-0.4963436
45.6	6.924576	7.036813	-0.7333714	7	-0.2556442	-0.05889942	-3.229738	-0.08984644	0.06998062
45.62	6.927517	7.036813	-0.7284507	7	-0.2042082	-0.0633911	-4.138535	-0.01351054	-0.5702095
45.64	6.866823	6.968522	-1.00405	7	-0.1880837	-0.03383843	-4.362339	0.04755818	-0.5527487
45.66	6.956384	7.036813	-0.5200102	7	-0.1887958	-0.05497834	-3.024814	0.04755818	-0.2093649
45.68	6.957044	7.036813	-0.5262128	7	-0.1644693	-0.04805873	-4.312472	-0.07457926	-0.7099543
45.7	6.962018	7.036813	-0.503121	7	-0.1714613	-0.03351599	-4.880946	-0.01351054	-0.7219048
45.72	6.974171	7.036813	-0.4432639	7	-0.2030243	-0.06331022	-4.776532	0.07809254	-0.774251
45.74	6.952924	7.036813	-0.5691711	7	-0.2099192	-0.05341201	-5.465299	-0.05931208	-0.8728495
45.76	6.857567	6.968522	-1.03893	7	-0.2101922	-0.01855864	-5.832493	0.01702339	-0.7632799
45.78	6.869221	6.968522	-0.9282655	7	-0.2282891	-0.04875896	-3.688137	0.07809254	-0.225132
45.8	6.937488	7.036813	-0.5764523	7	-0.1938787	-0.05655257	-3.286992	0.001756639	-0.2765722
45.82	6.954087	7.036813	-0.5026883	7	-0.1704227	-0.04764225	-4.187894	0.032291	-0.6272764
45.84	7.026315	7.105102	-0.1754345	7	-0.1610489	-0.02336704	-5.237462	0.04755818	-0.7195101
45.86	6.974756	7.036813	-0.4615866	7	-0.2015178	-0.04838733	-6.25851	0.001756639	-1.136443
45.88	6.935518	7.036813	-0.6799688	7	-0.2198083	-0.01950566	-6.626313	0.032291	-0.8923206
45.9	7.233355	7.309972	0.7142309	7	-0.2368805	-0.05980329	-6.194791	-0.01351054	-0.6775942
45.92	6.942983	7.036813	-0.8606445	7	-0.2695872	-0.05187824	-10.93478	-0.1203808	-2.336843
45.94	6.923027	7.036813	-0.9472672	7	-0.3725065	-0.07559286	-7.260119	0.07809254	-0.7530794
45.96	6.801805	7.036813	-1.595293	7	-0.2709319	0.0512584	-8.565351	-0.8837394	-0.6321182
45.98	6.986296	7.036813	-0.5705435	7	-0.3922902	-0.2104034	-1.038265	-0.9142739	0.1723633
46	6.820493	7.036813	-1.476915	7	-0.1863297	0.003476277	-6.391657	0.2612987	-0.8513737
46.02	7.018647	7.036813	-0.3685134	7	-0.2988286	-0.1849164	0.03325148	1.406337	0.2136917
46.04	6.837689	6.968522	-1.299191	7	-0.1718196	-0.06896443	-4.130442	0.3987029	-0.9293852
46.06	6.989909	7.036813	-0.4499928	7	-0.2065687	-0.1107197	-0.6419458	0.291833	0.1384449
46.08	6.969231	7.036813	-0.5613647	7	-0.1504523	-0.08995808	-2.874485	-0.4104572	-0.7304096
46.1	7.032317	7.105102	-0.2588866	7	-0.1244534	-0.0186818	-4.323652	0.4750388	-0.6183939
46.12	6.964898	6.968522	-0.5567191	7	-0.2207244	-0.1342195	-3.462822	-0.2425182	-0.9946976
46.14	6.969862	7.036813	-0.534243	7	-0.2208119	-0.1067136	-3.615396	-0.1509152	-0.7078142
46.16	6.87694	6.968522	-0.9868183	7	-0.2063206	-0.06683488	-4.292971	0.09335929	-0.7387819
46.18	6.944942	7.036813	-0.6172093	7	-0.1942627	-0.05183924	-3.172518	-0.1051136	-0.213975
46.2	6.922416	7.036813	-0.7407498	7	-0.1362964	0.009960212	-4.966612	0.01702339	-0.5780764
46.22	6.969764	7.036813	-0.4754685	7	-0.1648989	-0.02457871	-4.097156	0.1238941	-0.4349041
46.24	6.978478	7.036813	-0.4317006	7	-0.1858095	-0.06472732	-4.260736	-0.135648	-0.7311249
46.26	6.862171	6.968522	-1.012873	7	-0.1672406	-0.0007082261	-5.672826	-0.1203808	-0.8084869
46.28	7.023321	7.105102	-0.1922229	7	-0.1836057	-0.02411376	-3.876538	0.01702339	-0.1590195
46.3	6.973222	7.036813	-0.4743909	7	-0.195187	-0.06834286	-5.326796	-0.1051136	-1.060409
46.32	6.950236	7.036813	-0.6036966	7	-0.210746	-0.04153891	-5.562028	0.06282536	-0.8057489
46.34	7.111605	7.173392	0.1574313	7	-0.2401108	-0.09222797	-4.825571	0.032291	-0.6842575
46.36	6.945575	7.036813	-0.7495421	7	-0.2446801	-0.06827285	-7.770179	-0.05931208	-1.591798
46.38	6.911233	7.036813	-0.9242788	7	-0.2695704	-0.02426162	-6.619104	-0.01351054	-0.6732225
46.4	6.896303	7.036813	-0.9961596	7	-0.2547694	-0.02370093	-5.702304	-0.4715259	-0.4573441
46.42	6.869346	7.036813	-1.128326	7	-0.1922952	0.0413106	-5.980801	0.2612987	-0.3233786
46.44	6.939617	7.036813	-0.726337	7	-0.2103447	-0.03225119	-3.622779	-0.01351054	-0.108078
46.46	6.807281	6.968522	-1.377785	7	-0.1213909	0.07224785	-5.845972	-0.0440449	-0.4922419
46.48	6.858103	6.968522	-1.021137	7	-0.128684	0.05367731	-3.11147	0.1391613	0.2917147
46.5	6.976373	7.036813	-0.3754328	7	-0.125124	-0.03337991	-1.798936	-0.01351054	0.006286621
46.52	6.920936	6.968522	-0.630004	7	-0.1190171	-0.04960888	-3.056227	0.7651152	-0.6713591
46.54	6.930024	6.968522	-0.5365446	7	-0.1462368	-0.06460095	-2.323486	0.459772	-0.4011621
46.56	6.967506	7.036813	-0.3535579	7	-0.1161286	-0.0232495	-3.487615	-0.4562587	-0.4931316
46.58	6.987262	7.036813	-0.2625145	7	-0.1313831	-0.02780615	-4.30518	-0.1509152	-0.7119875
46.6	7.006148	7.036813	-0.1798844	7	-0.1838519	-0.07767935	-4.31375	0.06282536	-0.8630533
46.62	6.957673	7.036813	-0.4675332	7	-0.1850075	-0.03666306	-5.928365	-0.1203808	-1.019114
46.64	6.926063	7.036813	-0.6530044	7	-0.184482	0.01661329	-6.583296	0.1086269	-0.7571058
46.66	6.883817	6.968522	-0.8393654	7	-0.2337158	-0.04345969	-4.959899	0.07809254	-0.5716677
46.68	6.852689	6.968522	-0.9756528	7	-0.2156423	-0.03598547	-4.13839	-0.08984644	-0.3409758
46.7	6.850566	6.968522	-0.9533439	7	-0.1778206	-0.01573879	-3.374488	0.032291	-0.1244898
46.72	6.942474	7.036813	-0.4744149	7	-0.14066	-0.01454835	-2.849619	0.1238941	-0.06713009
46.74	6.887253	6.968522	-0.7388046	7	-0.1171648	-0.001129216	-4.032464	0.04755818	-0.5545597
46.76	6.995743	7.036813	-0.1681542	7	-0.1504926	-0.05111655	-2.608191	0.04755818	-0.255024
46.78	7.070935	7.105102	0.1541836	7	-0.1556086	-0.08014191	-4.089917	0.04755818	-0.8918161
46.8	7.060746	7.105102	0.02021512	7	-0.1820537	-0.06158546	-6.420273	-0.1661823	-1.341797
46.82	6.9513	7.036813	-0.5867171	7	-0.2211417	-0.02092348	-7.898273	-0.08984644	-1.325874
46.84	6.919567	7.036813	-0.7651685	7	-0.2547811	-0.01100602	-6.950261	-0.02877772	-0.7356691
46.86	6.83602	6.968522	-1.172473	7	-0.261554	-0.02628111	-5.764183	0.032291	-0.538125
46.88	6.832374	6.968522	-1.147264	7	-0.2387982	-0.03271233	-3.619728	-0.02877772	-0.02534485
46.9	6.842227	6.968522	-1.052099	7	-0.1827395	-0.02737859	-2.512166	0.01702339	0.06322289
46.92	6.963394	7.036813	-0.4077013	7	-0.151884	-0.06219602	-1.256834	0.1849628	0.07230473
46.94	6.977669	7.036813	-0.3471124	7	-0.1128495	-0.04690897	-2.988859	0.032291	-0.5822926
46.96	7.014493	7.036813	-0.1580857	7	-0.1485604	-0.07724476	-3.066016	0.04755818	-0.6718521
46.98	6.985423	7.036813	-0.3327552	-7	-0.1551893	-0.0542992	-6.419009	-0.1051136	-1.422196
47	6.923256	6.968522	-0.6296923	-7	-0.2442141	-0.08343484	-8.536747	-0.0440449	-1.842155
47.02	6.84633	6.968522	-1.018835	-7	-0.2913573	-0.0305868	-12.09613	-0.05931208	-2.148565
47.04	6.78721	6.968522	-1.313462	-7	-0.3446966	0.02828133	-15.6364	-0.3493885	-2.35619
47.06	6.852459	7.036813	-0.9962159	-7	-0.4556735	-0.01689606	-17.92027	-1.570762	-2.674848
47.08	6.770846	6.968522	-1.442576	-7	-0.6081982	-0.1046521	-21.44375	-1.463892	-3.726109
47.1	6.75212	7.036813	-1.616412	-7	-0.7281435	-0.09241447	-25.26719	-3.631831	-3.988141
47.12	6.706109	6.968522	-1.896512	-7	-0.9585611	-0.2667152	-26.28105	-4.105114	-4.555746
47.14	6.661196	7.036813	-2.251287	-7	-1.079015	-0.2799437	-29.96069	-6.776869	-5.011162
47.16	6.640285	6.968522	-2.427588	-7	-1.334605	-0.5066746	-29.34213	-7.952442	-5.380991
47.18	6.681156	7.036813	-2.358282	-7	-1.540772	-0.7072277	-29.63279	-10.42572	-5.934609
47.2	6.733143	7.036813	-2.25234	-7	-1.812359	-1.014157	-28.73327	-10.68527	-6.775252
47.22	6.553742	6.968522	-3.368398	-7	-1.95955	-1.08286	-32.17393	-9.982976	-7.69694
47.24	6.536957	7.036813	-3.638734	-7	-2.076533	-1.08407	-33.2838	-9.479158	-7.236837
47.26	5.467045	6.012467	-8.805229	-7	-2.300905	-1.232036	-30.66119	-8.089847	-7.631875
47.28	5.638737	6.080756	-7.348973	-7	-2.550064	-1.728828	-5.39753	-10.63946	-2.180388
47.3	5.622622	6.012467	-7.011149	-7	-2.349305	-2.047503	2.80902	-9.647098	-3.507173
47.32	6.049266	6.080756	-4.382066	-7	-2.351651	-2.507578	14.1613	-2.181449	-3.698729
47.34	5.872835	6.012467	-5.051806	-7	-2.01722	-2.256528	4.016107	9.742213	-6.635218
47.36	5.98207	6.080756	-4.193879	-7	-1.912935	-1.999515	-0.7593851	7.207863	-6.217306
47.38	5.803712	6.012467	-4.865746	-7	-1.789999	-1.671785	-12.07636	4.169695	-7.596961
47.4	6.475553	6.422206	-1.276527	-7	-2.114698	-2.011043	-10.03123	-3.005877	-7.434459
47.42	6.12298	6.422206	-3.331216	-7	-2.02788	-1.598966	-34.86042	-1.662365	-12.24707
47.44	5.958481	6.422206	-4.280609	-7	-2.260058	-1.23943	-46.00542	-7.570762	-11.17778
47.46	7.074273	7.583131	0.784481	-7	-2.518165	-1.280393	-54.23617	-11.46389	-11.20107
47.48	6.354107	6.763654	-3.465159	-7	-3.185307	-1.741176	-71.78513	-17.21962	-18.29192
47.5	6.24721	6.763654	-4.389782	-7	-4.088128	-2.289755	-63.79887	-20.86847	-15.38481
47.52	5.861478	6.763654	-6.907434	-7	-4.422799	-2.481535	-65.06791	-20.70053	-15.62024
47.54	6.588347	7.583131	-3.988599	-7	-4.583878	-2.607125	-61.96128	-24.44099	-13.78133
47.56	6.240244	6.968522	-6.371019	-7	-5.077483	-3.307832	-61.6012	-26.96007	-17.9701
47.58	5.307454	6.012467	-11.1608	-7	-5.717578	-4.001396	-45.36211	-21.81503	-16.43498
47.6	4.182494	5.124701	-16.36082	-7	-5.875143	-4.367306	-19.74271	-8.700533	-11.51715
47.62	4.125361	5.19299	-15.88706	-7	-5.345266	-4.356757	8.419998	-7.433358	-5.054885
47.64	5.260683	5.807599	-9.487593	-7	-4.716166	-4.729186	29.54357	-0.5325942	-4.209845
47.66	4.844657	5.19299	-11.05441	-7	-3.963434	-4.42127	17.34276	15.54374	-10.39707
47.68	5.865743	5.739308	-5.219748	-7	-3.876207	-4.530062	25.08282	29.87962	-8.41787
47.7	4.899629	5.19299	-9.824237	-7	-3.25711	-3.587976	-8.480452	22.79565	-14.99066
47.72	4.354606	4.783254	-11.70568	-7	-3.191957	-2.827227	-13.75883	14.09336	-10.46255
47.74	3.31142	3.827197	-15.64248	-7	-3.231521	-2.71162	-8.718272	-1.845571	-8.476519
47.76	3.336452	3.485749	-13.73762	-7	-3.559505	-3.52451	22.936	-8.578395	-3.681815
47.78	3.3667	4.168647	-12.64109	-7	-2.427994	-2.466349	6.613846	8.230764	-4.872298
47.8	3.101928	3.554038	-12.62154	-7	-2.057603	-2.02834	0.5368724	17.20786	-5.492766
47.82	4.234933	4.510095	-5.924339	-7	-1.843023	-1.864065	-3.915424	20.50557	-5.175035
47.84	3.750512	3.895488	-7.677531	-7	-1.9361	-1.828772	-28.31548	16.94832	-12.84407
47.86	3.303639	3.554038	-9.065902	-7	-2.423324	-1.772554	-34.94363	9.696413	-11.85462
47.88	3.727525	4.168647	-6.421125	-7	-2.732687	-1.836081	-39.17329	-9.738701	-11.03099
47.9	2.119709	2.324824	-13.52154	-7	-3.612411	-2.736226	-34.57791	-16.41046	-14.73656
47.92	2.291993	2.871142	-11.65429	-7	-3.876343	-2.944097	-13.50208	-14.27305	-7.276424
47.94	2.050813	2.597983	-12.0357	-7	-3.76974	-3.245328	-7.910213	-19.41809	-8.961916
47.96	1.547048	1.915086	-13.42617	-7	-3.808356	-3.541654	3.815397	-15.95244	-8.230344
47.98	1.187748	1.573638	-13.94206	-7	-3.602484	-3.581921	15.49847	8.368168	-6.150184
48	1.942783	2.324824	-9.16285	-7	-3.036701	-3.284564	17.86956	3.910153	-4.753307
48.02	0.3764727	0.6858721	-15.76091	-7	-2.703834	-2.93048	4.944613	9.696413	-9.536039
48.04	0.08067295	0.3444233	-15.30236	-7	-2.664356	-2.805305	26.07515	13.65061	-1.782025
48.06	1.125336	1.300479	-8.630119	-7	-2.128175	-2.783607	32.40245	14.27656	-1.087383
48.08	0.8955897	0.6858721	-8.570486	-7	-1.947133	-2.903427	20.0513	3.635344	-7.761846
48.1	0.4393591	0.2761335	-9.56832	-7	-1.984782	-2.650743	12.71169	21.94069	-7.873004
48.12	0.3991882	0.3444233	-8.559	-7	-2.007249	-2.463821	9.313884	14.18496	-6.782617
48.14	0.08032121	0.002975464	-8.993923	-7	-2.138631	-2.522993	5.746888	-0.3493885	-7.891188
48.16	-0.6835552	-0.6116323	-11.55374	-7	-2.22791	-2.418122	4.157827	-0.0440449	-7.459291
48.18	-1.358596	-1.08966	-13.4444	-7	-2.155788	-2.199104	9.708591	-1.6929	-4.396231
48.2	0.03170504	0.07126522	-5.27384	-7	-2.025989	-2.440139	21.87933	-4.837938	-1.58965
48.22	-2.013296	-1.977426	-14.32952	-7	-1.919203	-2.372945	2.649391	-2.273052	-10.28032
48.24	-1.94843	-2.387164	-11.77995	-7	-2.693616	-3.340923	47.35414	6.52084	-0.07492542
48.26	-2.888307	-2.728612	-14.87666	-7	-1.927532	-2.921457	44.86834	6.597176	-1.695925
48.28	-1.424647	-1.977426	-5.671765	-7	-1.828254	-3.450303	71.79247	-3.692899	3.071137
48.3	-1.845196	-2.387164	-6.681951	-7	-1.219631	-3.179566	48.03657	15.03992	-6.054197
48.32	-1.965908	-2.728612	-5.863137	-7	-1.335074	-3.021524	45.79592	15.14679	-4.802116
48.34	-3.347271	-3.070061	-11.78028	-7	-0.3878747	-1.148152	8.865431	15.4674	-5.587424
48.36	-3.292807	-3.752957	-9.375598	-7	-1.010232	-1.756658	37.10169	-11.72343	1.271293
48.38	-4.819814	-4.094406	-15.6533	-7	0.207946	-0.07099414	6.94207	-3.326488	-0.5565748
48.4	-4.066161	-4.777303	-9.08589	-7	-0.748883	-1.738762	61.78313	2.688779	7.421535
48.42	-4.639277	-5.050462	-10.1328	-7	-0.2760311	-1.983449	59.27389	10.97886	1.59071
48.44	-3.498135	-4.299274	-2.691432	-7	-0.1263778	-2.152112	69.40291	21.19259	3.819758
48.46	-4.445297	-4.709013	-6.488528	-7	0.7660301	-0.8605252	27.16103	17.57427	-3.756275
48.48	-4.721783	-5.118752	-6.29235	-7	0.6571729	-0.3093225	23.32712	22.99412	0.4365883
48.5	-6.754883	-5.801648	-15.24959	-7	1.87563	2.118242	-20.32243	-2.135648	0.4807529
48.52	-6.256006	-6.416255	-9.990956	-7	1.012161	1.025416	28.12204	-3.021144	11.11967
48.54	-6.38806	-5.801648	-9.204501	-7	2.048099	1.797142	8.549415	-1.189083	6.751747
48.56	-5.955102	-6.416255	-4.982269	-7	1.521819	0.8158229	27.84578	16.13916	6.812303
48.58	-6.231967	-6.143096	-5.225867	-7	2.043201	1.481236	4.44923	14.94832	2.753454
48.6	-6.634744	-6.484545	-5.955201	-7	2.149117	2.103283	-9.01343	23.71168	3.211462
48.62	-7.74836	-7.4406	-9.954217	-7	2.068995	2.422554	-13.41358	1.803283	4.189393
48.64	-6.921854	-6.757704	-4.222514	-7	1.889381	2.108132	3.86961	1.253665	9.197336
48.66	-7.702842	-7.782049	-6.736535	-7	1.68124	1.485822	3.499009	0.2612987	3.555696
48.68	-7.651802	-7.577179	-5.134449	-7	1.70261	1.580133	9.587079	12.10863	6.776875
48.7	-7.418897	-7.235731	-3.020063	-7	2.033878	1.900318	1.330781	1.696413	5.679979
48.72	-6.850782	-6.894283	0.5323551	-7	2.01563	1.891901	-6.703449	8.001757	3.684549
48.74	-8.08425	-7.782049	-5.093063	-7	2.099247	2.512293	-31.93274	0.4445049	-0.4456987
48.76	-8.069676	-7.782049	-3.994022	-7	1.698805	2.485398	-20.53553	0.1696952	5.548103
48.78	-6.275604	-6.143096	5.212324	-7	1.590125	2.004608	-18.51402	-14.67	4.656289
48.8	-7.047186	-7.50889	1.428681	-7	0.6784304	0.7775477	-27.87914	0.2765654	-5.969954
48.82	-7.93754	-7.50889	-3.101381	-7	0.5535679	1.500239	-40.55913	-2.914274	-2.844611
48.84	-6.93801	-6.143096	1.583557	-7	0.7589017	2.141251	-45.65197	-17.92191	1.841057
48.86	-8.060803	-7.850338	-3.87996	-7	-0.01005976	1.122868	-41.15067	-22.21198	-3.64593
48.88	-8.32867	-7.850338	-4.83495	-7	-0.3754478	0.7758382	-20.51654	-4.960075	2.0981
48.9	-8.35206	-7.850338	-4.589796	-7	-0.2894123	0.4472039	-5.044299	-16.70053	3.692579
48.92	-8.176952	-7.850338	-3.323141	-7	-0.07393295	0.2114732	6.765121	5.085725	4.19897
48.94	-8.240003	-7.850338	-3.368059	-7	0.4504432	0.5766523	3.852464	6.963588	3.544686
48.96	-8.004363	-7.782049	-1.799441	-7	0.7524214	0.7945057	4.70678	12.99412	4.200815
48.98	-7.867201	-7.782049	-0.7850911	-7	0.9277345	0.8698022	1.625767	7.345268	2.918377
49	-7.974259	-7.850338	-1.060402	-7	1.07874	1.135703	-5.820036	6.780381	1.983342
49.02	-7.779566	-7.782049	0.2271726	-7	0.9613579	1.054112	-4.988509	1.528474	2.346027
49.04	-7.752625	-7.850338	0.5727976	-7	0.7524067	0.7763054	-5.239673	-1.341755	0.9066181
49.06	-7.900566	-7.782049	-0.1421022	-7	0.7835936	0.9968824	-12.69775	-0.2272511	0.3831663
49.08	-6.462953	-6.416255	6.669639	-7	0.7658929	1.025501	-17.0928	-0.1509152	1.03549
49.1	-6.751274	-6.757704	4.409298	-7	0.5229771	0.9763261	-43.4574	-4.669999	-7.16369
49.12	-7.02144	-6.825994	2.40834	-7	-0.05076799	1.055361	-51.7528	-4.868473	-6.002347
49.14	-7.364396	-6.825994	0.03865123	-7	-0.4303259	1.08757	-55.41319	-9.692899	-4.817355
49.16	-7.538057	-6.825994	-1.359821	-7	-0.7036522	0.9851567	-51.0381	-25.44862	-2.835879
49.18	-6.89532	-6.825994	1.6543	-7	-1.588402	-0.5474209	-20.07508	-22.899	-1.544071
49.2	-7.077689	-6.825994	0.05220854	-7	-1.674913	-1.038462	-18.12827	-17.23488	-5.014465
49.22	-6.758842	-6.484545	1.000889	-7	-1.665902	-1.087074	-12.78943	-4.990609	-3.44653
49.24	-8.215594	-7.850338	-6.501966	-7	-1.646558	-1.048356	-11.45426	-3.021144	-4.60736
49.26	-8.07761	-7.850338	-5.29445	-7	-1.724578	-1.42235	24.04204	-7.815037	4.090454
49.28	-7.885328	-7.4406	-4.198902	-7	-0.7983073	-1.011088	27.3338	-1.143281	4.025586
49.3	-7.065078	-7.4406	0.3926258	-7	-0.6889633	-1.626267	45.83719	-0.4409916	3.932061
49.32	-6.530333	-7.167441	3.123983	-7	-0.4617507	-1.898696	42.891	20.3987	-0.4570522
49.34	-7.482507	-8.191787	-1.387373	-7	-0.510957	-1.871243	35.95328	19.31473	-3.466286
49.36	-7.944122	-8.123497	-3.277925	-7	-0.09622559	-0.973937	33.37931	17.16206	1.576315
49.38	-6.454651	-6.825994	4.403523	-7	0.2441191	-0.8092856	37.91026	-3.723434	4.305857
49.4	-7.275893	-7.850338	0.3359466	-7	0.3016261	-0.8313867	18.12553	-4.135648	-3.992804
49.42	-7.637133	-7.850338	-1.18435	-7	0.3689651	-0.1530413	12.93822	6.551375	0.1359062
49.44	-8.017016	-7.850338	-2.800296	-7	0.7542912	0.6186354	3.676211	3.665879	1.922027
49.46	-7.2621	-7.850338	1.716587	-7	0.1564493	-0.4552904	28.93462	-8.105114	4.032609
49.48	-7.871204	-7.850338	-1.370063	-7	0.7195382	0.1988491	6.368951	2.642978	-0.6932077
49.5	-7.549955	-7.850338	0.6943316	-7	0.4971865	0.09729302	15.45005	9.375801	2.735893
49.52	-8.222081	-7.850338	-2.700233	-7	1.182493	1.199811	-9.472008	2.978855	0.6078749
49.54	-7.565301	-7.782049	1.167125	-7	0.7580391	0.713622	7.651599	5.589543	4.459087
49.56	-8.064351	-7.782049	-1.386818	-7	1.212043	1.317206	-13.57472	0.4445049	0.3480844
49.58	-7.758265	-7.850338	0.559516	-7	0.8390117	1.006623	-3.169592	4.826184	3.090568
49.6	-6.925617	-6.757704	4.377196	-7	1.095642	1.286973	-17.04376	2.719314	0.9748068
49.62	-7.9421	-8.191787	-0.6539501	-7	0.4191394	0.6516566	-20.307	2.658245	-3.760286
49.64	-8.616058	-8.123497	-3.939703	-7	0.5053619	1.31326	-21.96065	-1.372289	1.282143
49.66	-8.789765	-8.123497	-4.479865	-7	0.760473	1.677121	-15.62435	-5.79977	5.205015
49.68	-8.027154	-8.123497	-0.001737773	-7	0.3329729	0.4773147	13.7682	-7.647098	6.497117
49.7	-8.133546	-8.123497	-0.4367704	-7	0.6068292	0.341774	9.063748	4.505573	2.132027
49.72	-6.693288	-6.825994	6.526776	-7	0.8026335	0.4768661	5.906598	17.33	2.844982
49.74	-6.493556	-6.416255	6.501397	-7	1.179498	1.228145	-34.10155	5.22313	-5.201959
49.76	-6.293416	-6.484545	6.745272	-7	0.4329273	1.064053	-46.30372	2.948321	-6.507375
49.78	-7.044969	-6.825994	2.099786	-7	-0.180556	1.050295	-60.52042	-17.03641	-8.296098
49.8	-8.474187	-8.123497	-5.151509	-7	-1.106211	0.4524942	-43.11057	-22.33412	-4.38198
49.82	-7.813681	-7.167441	-1.928246	-7	-1.217955	0.06808236	-13.53094	-35.18908	3.610266
49.84	-7.878015	-7.167441	-2.655143	-7	-0.6837897	0.1312511	-14.21709	-17.03641	0.7489319
49.86	-6.880515	-7.167441	2.469031	-7	-1.243155	-1.25578	18.19295	-0.7005334	2.010857
49.88	-8.294141	-8.123497	-4.850845	-7	-0.8011164	-0.9565911	5.280571	11.25366	-3.379559
49.9	-6.751207	-6.825994	2.985348	-7	-0.6931579	-0.9717923	28.30495	13.78801	5.071216
49.92	-8.043709	-7.782049	-3.812555	-7	0.08709797	-0.1908906	-0.4285355	-2.318854	-3.069282
49.94	-8.143276	-7.850338	-3.847964	-7	0.3361146	0.5205427	7.650364	18.00175	4.569963
49.96	-8.478687	-7.782049	-5.207593	-7	1.201337	1.555219	-3.682985	-6.746335	5.35782
49.98	-8.613947	-7.782049	-5.345013	-7	1.998804	2.662107	-13.55147	19.68114	7.640844
50	-9.221127	-8.806395	-7.198525	-7	2.034194	2.564729	-3.897241	11.65061	8.576133
50.02	-9.240661	-8.806395	-6.033698	-7	2.321173	2.63149	8.021866	29.55901	11.6004
50.04	-7.433356	-7.4406	3.78417	-7	2.573424	2.269516	16.43874	20.78038	11.50859
50.06	-7.521714	-7.577179	3.306424	-7	2.905611	2.596598	-18.40181	33.54374	1.016733
50.08	-7.222079	-7.4406	4.885665	-7	2.384077	2.623936	-29.93322	20.97885	0.7667732
50.1	-9.133321	-8.874683	-4.483944	-7	1.957964	2.886658	-47.56871	-10.15092	-1.956702
50.12	-8.129712	-7.918628	1.130477	-7	1.291864	2.318847	-17.28437	-17.03641	7.980643
50.14	-8.183464	-8.191787	0.9575744	-7	0.9536268	1.312459	-12.36957	-29.14328	2.056669
50.16	-6.985538	-7.167441	6.674494	-7	0.6607116	0.7519601	-5.672612	-17.8303	2.139295
50.18	-7.167437	-7.235731	4.930016	-7	0.5854735	0.7582256	-27.32132	4.994123	-4.659666
50.2	-7.551461	-7.4406	2.38874	-7	0.2294285	0.9553795	-35.24367	-3.937174	-3.751477
50.22	-8.321976	-7.577179	-2.051649	-7	0.3733414	1.736631	-47.12063	-2.349388	-1.669246
50.24	-8.383682	-7.850338	-2.309481	-7	0.02028161	1.361573	-27.42311	-24.07458	3.046135
50.26	-8.332815	-7.782049	-2.08499	-7	0.09092093	1.04575	-15.54894	-11.7845	3.693065
50.28	-6.56143	-6.825994	6.672669	-7	-0.3573357	-0.3317909	11.79705	-9.845571	3.939149
50.3	-7.065451	-6.757704	2.96953	-7	0.3279167	0.4622657	-27.54016	10.71931	-5.801944
50.32	-6.710599	-6.825994	4.28133	-7	-0.2525862	0.2467698	-21.4836	10.67351	-2.546787
50.34	-7.288208	-6.825994	0.5347996	-7	-0.1079963	0.7788091	-39.6899	3.375802	-4.661036
50.36	-6.895936	-6.825994	2.197371	-7	-0.7562157	0.09494159	-21.14793	-16.37992	-1.095772
50.38	-7.496092	-6.825994	-1.5624	-7	-0.4026202	0.6115925	-35.19184	-13.11275	-3.203773
50.4	-6.784495	-6.825994	1.941043	-7	-1.099291	-0.4697195	-5.294401	-13.34175	0.7815342
50.42	-7.345117	-6.894283	-1.50648	-7	-0.6927572	-0.1781508	-17.16058	-4.547862	-3.039917
50.44	-6.257944	-6.484545	3.80371	-7	-1.20233	-1.090049	9.156481	-3.647098	0.7508135
50.46	-8.280184	-7.850338	-6.729655	-7	-0.6781822	-0.4083779	-12.70863	0.291833	-5.125183
50.48	-7.628444	-7.782049	-2.64385	-7	-1.178722	-1.174091	35.43113	0.7956495	6.764627
50.5	-6.474314	-6.074806	2.62369	-7	0.1004897	-0.3525933	18.77797	-3.677632	3.446234
50.52	-5.189623	-6.143096	8.850998	-7	-0.450382	-1.580688	26.50761	3.864352	-2.048635
50.54	-7.023099	-7.4406	-0.8771281	-7	-0.4655444	-1.148679	-3.803303	16.52084	-9.710981
50.56	-7.685784	-7.577179	-3.977038	-7	-0.5143044	-0.3511721	4.268384	7.131527	0.2991152
50.58	-7.455375	-7.4406	-2.37695	-7	-0.4673268	-0.6115335	23.59146	-11.06695	4.203637
50.6	-6.810502	-7.577179	1.447575	-7	-0.8863488	-2.031506	52.89671	-10.24252	3.231347
50.62	-7.316729	-7.4406	-1.220703	-7	-0.01073633	-1.134407	31.89696	8.73458	-0.4394102
50.64	-7.362824	-7.577179	-1.088145	-7	0.3373295	-0.4934071	30.61097	16.76512	2.833756
50.66	-7.577832	-7.50889	-1.89213	-7	0.9816603	0.4116285	17.4898	4.704046	3.156014
50.68	-7.235002	-7.50889	0.3894033	-7	1.00511	0.395129	21.99372	8.337634	4.454031
50.7	-7.554373	-7.50889	-0.989959	-7	1.46736	1.077378	4.265535	2.917787	2.213269
50.72	-7.393201	-7.50889	0.2867898	-7	1.412807	1.214091	4.076976	12.99412	3.809149
50.74	-7.779286	-7.50889	-1.464205	-7	1.776466	1.92653	-13.49396	-1.112747	2.460301
50.76	-7.493404	-7.4406	0.4093304	-7	1.575021	1.857407	-9.833761	8.383436	4.380083
50.78	-6.094403	-6.074806	7.127114	-7	1.58895	1.779299	-19.10449	-1.418091	2.30723
50.8	-8.065191	-7.850338	-3.005808	-7	1.367369	2.082496	-49.43276	6.032291	-5.887708
50.82	-7.897519	-7.782049	-1.555877	-7	0.474296	1.503033	-17.94547	-0.7005334	4.513664
50.84	-8.341526	-7.850338	-3.617528	-7	0.6160015	1.355821	-15.04302	-17.93717	3.200438
50.86	-6.920989	-7.713759	4.235985	-7	-0.5349379	-0.9651875	36.45554	1.024657	5.937059
50.88	-7.876913	-7.782049	-1.054139	-7	0.2775349	-0.2846716	7.225632	0.7956495	-2.36759
50.9	-7.966227	-7.850338	-1.325447	-7	0.5273548	0.4609861	8.998486	15.2842	3.474677
50.92	-8.641882	-7.850338	-4.700306	-7	1.544549	1.997206	-13.29796	-10.10511	4.211982
50.94	-7.006138	-7.850338	4.544644	-7	0.3708047	-0.1584051	38.27143	1.162062	8.508335
50.96	-7.636138	-7.782049	1.063796	-7	0.9782323	0.1832098	9.520123	1.986489	-1.304808
50.98	-6.114333	-6.143096	8.162595	-7	1.350804	1.123255	-5.277576	20.70404	2.30386
51	-8.60227	-7.782049	-5.010139	-7	2.090074	3.046519	-64.85947	-12.37992	-6.222249
51.02	-7.271847	-7.850338	2.788144	-7	0.159045	0.8772981	2.954901	1.833817	7.585988
51.04	-8.151418	-7.850338	-1.923356	-7	0.5280683	0.7771559	-12.96735	-22.54786	-0.7776566
51.06	-6.138521	-7.850338	9.035168	-7	-1.574585	-2.774322	63.84877	8.673512	4.452263
51.08	-8.0479	-7.782049	-1.777254	-7	-0.02692661	-0.8991853	2.998639	-6.334121	-7.581491
51.1	-6.408047	-7.782049	7.080237	-7	-1.448434	-2.683927	62.61716	7.742214	4.093122
51.12	-8.082795	-7.850338	-2.279724	-7	0.02229509	-0.8896748	10.6602	-19.61656	-5.441543
51.14	-5.881881	-7.782049	9.642221	-7	-1.817999	-3.652539	85.44273	9.284199	4.874831
51.16	-7.76795	-7.782049	-1.010359	-7	-0.1590707	-1.680191	21.32787	-14.5784	-8.0624
51.18	-5.158056	-7.782049	13.07861	-7	-2.576989	-5.198107	110.6224	8.337634	3.443203
51.2	-5.504596	-6.074806	9.255241	-7	-0.8131424	-3.262788	35.0312	-15.11275	-12.10779
51.22	-6.537029	-7.850338	3.738225	-7	-1.624263	-3.212772	35.25028	-37.00587	-9.173136
51.24	-6.06355	-6.074806	5.019955	-7	-0.7920931	-1.453958	11.18355	16.07809	-3.798186
51.26	-6.085231	-6.143096	3.993856	-7	-0.5328299	-0.7195472	-9.594693	-27.7845	-5.639943
51.28	-7.170958	-7.918628	-1.264364	-7	-1.676224	-2.000659	13.81269	-26.24251	-5.247879
51.3	-8.14628	-7.4406	-6.410373	-7	-0.702859	-0.4087577	2.804121	-0.9448083	0.4671803
51.32	-7.756461	-7.50889	-3.878913	-7	-0.437248	-0.4074559	27.57261	-0.7005334	7.019772
51.34	-7.324894	-7.167441	-1.447203	-7	0.2751173	-0.2222362	28.83969	0.8719854	5.444918
51.36	-6.555737	-7.167441	2.839748	-7	0.183234	-0.9286006	40.75016	20.07809	3.545724
51.38	-6.438325	-6.825994	3.234928	-7	0.6080962	-0.4759536	20.64314	27.63534	-0.9603357
51.4	-7.152706	-7.850338	0.01008129	-7	0.1606203	-0.7483654	21.72198	24.20023	-1.727742
51.42	-8.979605	-8.738104	-8.604231	-7	0.6529189	0.4519507	10.94683	18.81092	1.697484
51.44	-8.563368	-8.738104	-5.032076	-7	0.5297697	0.01794685	51.91233	-2.60893	12.08347
51.46	-7.252188	-7.50889	2.147645	-7	1.318193	-0.03851614	55.38704	-2.685266	9.802811
51.48	-6.984935	-7.4406	3.620092	-7	1.958239	0.5118247	29.29375	10.59718	2.698564
51.5	-8.025053	-8.464945	-1.095084	-7	1.960481	1.100227	11.05986	21.05519	0.8575354
51.52	-8.622671	-8.396656	-3.465305	-7	2.353769	2.309697	-0.6494718	20.03229	5.922321
51.54	-8.105594	-8.533236	0.2560463	-7	1.817924	1.416563	23.92642	-6.044044	8.978943
51.56	-7.102804	-7.577179	5.556959	-7	1.859297	0.9803104	21.86655	0.7803824	5.393506
51.58	-6.609402	-7.50889	7.946684	-7	1.397367	0.31407	13.34333	11.03992	-0.6469002
51.6	-7.525066	-7.50889	2.677985	-7	1.73789	1.63501	-27.95873	9.833817	-4.22512
51.62	-9.130384	-8.874683	-5.040514	-7	1.339244	2.183084	-30.23889	-3.128014	0.6105194
51.64	-8.310604	-7.782049	-0.5340772	-7	1.366101	2.298002	-11.04736	-19.75397	9.224908
51.66	-7.548227	-7.782049	3.521103	-7	0.9496389	0.9566841	5.42268	-22.63946	4.882328
51.68	-6.111475	-6.825994	10.30656	-7	0.4576647	-0.200391	11.52981	-2.303587	0.4123468
51.7	-6.304395	-6.825994	8.204131	-7	0.2580828	-0.2195683	-16.49591	10.82618	-7.930349
51.72	-6.858174	-6.757704	4.289613	-7	0.1548219	0.7137262	-41.44932	1.055192	-7.096672
51.74	-8.569379	-8.123497	-4.624885	-7	-0.2637888	1.032733	-42.47534	-13.95244	-3.947554
51.76	-8.744506	-8.123497	-5.17975	-7	-0.4883065	0.7906605	-9.913028	-27.46389	5.799282
51.78	-8.226506	-8.123497	-2.108543	-7	-0.6080782	-0.423169	26.71217	-26.48679	7.468093
51.8	-7.804266	-8.123497	0.2966859	-7	-0.4492398	-1.285603	46.63511	-2.456258	5.233843
51.82	-6.143465	-6.825994	8.34561	-7	-0.1192841	-1.633869	51.63575	11.29947	3.423718
51.84	-7.460593	-7.850338	1.139452	-7	0.4564095	-0.7259108	13.70569	24.76511	-5.490119
51.86	-7.595335	-7.782049	0.5515524	-7	0.513339	0.1098165	13.98005	15.40633	1.970463
51.88	-8.305972	-7.850338	-3.054599	-7	1.262146	1.375189	-5.072215	-5.189083	2.772723
51.9	-7.393248	-7.850338	2.24236	-7	0.6616715	0.323552	26.39364	0.6735125	7.126874
51.92	-7.603627	-7.782049	1.159806	-7	0.9964083	0.3657143	14.3742	-0.5173275	1.704329
51.94	-9.009049	-8.806395	-5.494107	-7	1.373459	1.298362	2.780786	17.4216	2.920258
51.96	-9.267559	-8.806395	-5.861604	-7	1.832543	2.064315	13.48501	2.352901	10.83658
51.98	-8.79855	-8.738104	-2.42254	-7	2.108649	1.780843	30.68108	4.261298	12.53193
52	-8.413414	-8.806395	0.4458348	-7	2.246705	1.26683	39.15666	16.06282	9.896389
52.02	-8.795186	-8.806395	-0.9487306	-7	2.977308	2.200413	18.34614	27.49794	7.4136
52.04	-8.553102	-8.738104	1.041504	-7	3.132216	2.594799	15.37862	25.57428	9.36427
52.06	-7.670582	-7.782049	5.659208	-7	3.440584	3.041805	-1.303828	8.505572	7.477317
52.08	-7.280379	-7.782049	7.583006	-7	2.98266	2.688578	-16.48363	13.68115	2.012317
52.1	-6.606061	-6.825994	10.22525	-7	2.63748	2.901069	-41.90229	-2.960075	-1.202088
52.12	-7.132148	-7.099152	6.626575	-7	1.991942	3.037344	-69.63976	-12.60893	-5.756025
52.14	-7.422565	-7.50889	4.660139	-7	0.6008241	2.039779	-58.08769	-28.67	-3.562926
52.16	-8.107429	-7.850338	0.6669143	-7	-0.2388436	1.222537	-45.47198	-34.07458	-2.558603
52.18	-6.9324	-6.757704	5.839277	-7	-0.7741754	0.2633827	-20.05	-34.33412	1.411876
52.2	-7.388289	-7.167441	2.473653	-7	-0.8421431	-0.1560165	-25.59095	-21.40282	-4.555308
52.22	-8.171884	-7.50889	-2.193437	-7	-0.603381	0.5023287	-27.88464	-5.295953	-1.316412
52.24	-6.817823	-6.484545	4.088171	-7	-0.6349683	0.1279968	-5.473235	-16.45626	4.014369
52.26	-8.312484	-7.850338	-3.955649	-7	-0.2912433	0.2910901	-18.71242	0.7956495	-2.724747
52.28	-6.614729	-6.416255	4.361151	-7	-0.2955849	0.1384577	7.603359	11.2384	6.328461
52.3	-7.207992	-6.757704	0.5291045	-7	0.4161246	0.7131873	-20.87335	15.2384	-2.492332
52.32	-6.352397	-6.825994	4.827852	-7	-0.4504433	-0.4252206	7.548194	-1.616564	1.425592
52.34	-6.695889	-6.825994	2.458055	-7	-0.3958831	-0.5648824	-2.375143	16.29183	-3.531178
52.36	-6.215918	-6.757704	4.591812	-7	-0.9808637	-1.34099	15.41507	-12.56313	-1.320414
52.38	-7.359509	-6.825994	-2.023151	-7	-0.07799613	0.1454225	-17.04996	6.444504	-3.942677
52.4	-6.594538	-6.825994	1.999954	-7	-0.6433527	-0.5391155	13.82018	-15.43336	3.255493
52.42	-7.193816	-6.825994	-1.488457	-7	0.04199618	0.1089051	-4.40083	-4.563129	-0.9066696
52.44	-6.47935	-6.825994	2.318784	-7	-0.4038257	-0.6358755	20.38464	-4.39519	3.067426
52.46	-6.722326	-6.757704	0.7629212	-7	-0.01977242	-0.4125695	8.781401	8.184962	-0.9112206
52.48	-5.891056	-6.825994	5.151122	-7	-0.8460643	-1.782937	37.42136	0.1086269	0.7701235
52.5	-7.75687	-7.850338	-4.435353	-7	-0.3369853	-1.036893	14.89031	7.039924	-4.176905
52.52	-7.381217	-7.850338	-1.711362	-7	-0.6507874	-1.40969	52.33418	-0.8226708	6.623847
52.54	-8.063843	-7.577179	-5.072004	-7	0.857326	0.1902519	27.8792	-4.60893	4.719959
52.56	-7.071553	-7.850338	1.067592	-7	0.4958141	-0.7968354	63.7658	-1.540228	9.446466
52.58	-7.054156	-7.850338	1.634699	-7	0.8389193	-1.063421	59.18316	15.83382	3.606298
52.6	-6.818766	-7.850338	3.354627	-7	0.8472897	-1.149012	60.57737	18.06282	3.344527
52.62	-7.676784	-7.850338	-0.8786686	-7	1.812957	0.53441	25.61211	23.13153	1.609656
52.64	-5.519535	-6.416255	10.25737	-7	1.502873	0.2055955	37.8968	1.910153	6.408319
52.66	-6.511147	-6.825994	4.517266	-7	1.976429	1.154501	-17.03892	-1.295953	-6.304258
52.68	-5.941792	-6.825994	7.439457	-7	0.7420932	0.4304433	-3.779097	2.704046	-1.306476
52.7	-7.452343	-7.099152	-0.872786	-7	1.05872	1.574954	-41.46966	-6.379922	-5.560138
52.72	-5.303017	-5.801648	9.79686	-7	-0.1151939	0.2516181	-5.000266	-20.65473	2.859793
52.74	-8.065728	-7.50889	-5.01594	-7	0.3130444	1.083598	-51.25501	-18.07458	-9.592817
52.76	-5.488182	-6.074806	8.225306	-7	-1.196912	-0.7832622	15.91298	-11.18908	6.105847
52.78	-7.02576	-6.211386	-1.044695	-7	0.08156645	0.5908213	-42.71896	-5.082212	-8.48562
52.8	-5.979069	-6.484545	4.351631	-7	-1.269739	-0.863492	3.723833	-19.57076	1.039515
52.82	-9.604899	-7.50889	-14.89701	-7	0.9567385	2.726017	-70.24368	10.27656	-5.059815
52.84	-8.613263	-7.4406	-8.530267	-7	0.7679843	2.854095	-11.3627	-21.90664	16.75901
52.86	-8.474134	-6.143096	-8.000734	-7	3.178037	5.147412	-52.48953	10.15443	11.74532
52.88	-5.922004	-5.733358	5.619465	-7	2.508209	3.524986	-19.86514	-6.883739	12.3086
52.9	-7.44621	-7.167441	-2.063377	-7	2.372752	3.120542	-51.51952	21.84908	-2.77403
52.92	-5.785336	-6.825994	7.172995	-7	0.2582445	0.3777211	8.667377	24.90252	4.902384
52.94	-6.911757	-6.825994	0.7793826	-7	0.5454378	0.5839187	-23.931	10.07809	-5.704666
52.96	-5.497877	-6.825994	8.255448	-7	-1.333306	-1.945944	32.0208	-3.677632	0.615941
52.98	-6.753969	-6.484545	0.6439502	-7	-0.3514444	-0.6107302	-14.70782	-0.8684724	-8.055198
53	-6.295707	-6.825994	2.970733	-7	-1.211022	-1.344855	15.47584	-17.72343	-0.2805719
53.02	-7.778287	-6.825994	-5.295226	-7	0.1185837	0.6598346	-24.0026	-7.387556	-2.888383
53.04	-6.394792	-6.825994	2.304961	-7	-0.8175653	-0.8030735	28.2437	-22.02878	6.468392
53.06	-7.825307	-6.825994	-5.567982	-7	0.8162556	1.128073	-19.74708	3.314733	-1.335078
53.08	-5.870286	-6.757704	5.185829	-7	-0.5164177	-0.9726415	41.57221	9.910153	7.65822
53.1	-8.268905	-7.850338	-7.174234	-7	0.6242474	0.2673507	-3.058587	5.284199	-3.816004
53.12	-7.358704	-7.713759	-1.420356	-7	0.09784132	-0.2663074	43.82951	19.62008	10.10168
53.14	-9.118858	-7.782049	-10.27904	-7	2.327109	2.545345	-10.08015	-4.776869	4.918017
53.16	-6.371987	-7.850338	5.621889	-7	0.4767883	-0.7456576	80.72681	12.4445	15.7797
53.18	-7.640341	-7.850338	-0.9279329	-7	1.798095	0.133204	29.44343	16.50557	-0.7470484
53.2	-6.43784	-7.782049	6.10042	-7	0.9038502	-0.8132653	60.96368	30.27657	6.462382
53.22	-8.65877	-7.850338	-5.579924	-7	2.943446	2.525758	-18.37982	-1.509694	-1.198332
53.24	-4.730958	-6.757704	15.54705	-7	0.5192001	-0.9275465	68.49343	-2.731068	11.66672
53.26	-6.311871	-6.825994	6.166672	-7	1.403721	-0.09139919	-10.24498	-11.11275	-11.95306
53.28	-4.88577	-7.167441	13.66994	-7	-1.230529	-2.799461	45.36663	12.07809	-3.371888
53.3	-5.733673	-5.801648	7.335098	-7	-0.2190387	-0.9368829	-21.88867	-14.39519	-12.92078
53.32	-6.350899	-7.4406	4.012892	-7	-1.888063	-2.197676	6.262611	-28.24252	-7.596834
53.34	-6.598126	-6.416255	1.719398	-7	-1.489332	-1.395647	-3.439029	-27.72343	-4.700689
53.36	-5.77311	-6.416255	5.430136	-7	-2.189393	-2.629686	25.78057	-36.37992	-2.361842
53.38	-6.501203	-6.416255	0.6865516	-7	-1.547641	-1.88927	4.245992	-27.96771	-6.62004
53.4	-5.519398	-6.484545	5.50717	-7	-2.48343	-3.358429	44.07381	-1.845571	-1.605867
53.42	-6.452053	-6.484545	-0.1724666	-7	-1.641436	-2.438462	17.82043	-1.021144	-6.930169
53.44	-5.598424	-6.143096	3.877388	-7	-1.83493	-2.652715	37.98248	1.207863	-0.7478638
53.46	-7.377914	-7.50889	-5.270234	-7	-1.37612	-2.14054	24.23067	1.192596	-5.094883
53.48	-5.31578	-5.801648	5.219277	-7	-1.326339	-2.334401	55.84981	0.7498484	5.426773
53.5	-6.345452	-6.825994	-0.3209357	-7	-0.8061407	-2.204084	32.04416	7.574275	-5.585375
53.52	-5.841908	-6.757704	2.55465	-7	-1.209218	-2.607057	53.91621	3.284199	0.4074116
53.54	-5.96337	-6.416255	1.66101	-7	-0.6360188	-2.035957	38.08493	19.48267	-2.522123
53.56	-5.158733	-6.143096	5.694646	-7	-0.9197545	-2.467237	46.81196	-9.433357	-1.552588
53.58	-5.783831	-5.801648	1.707402	-7	0.03786211	-0.8053094	2.219961	13.11626	-6.286321
53.6	-6.3915	-7.167441	-0.8321867	-7	-0.8914883	-1.522959	22.24021	-4.39519	-2.513142
53.62	-7.106665	-6.894283	-4.339475	-7	-0.3003102	-0.5722239	13.82913	0.6429782	0.2697334
53.64	-6.564653	-6.962572	-0.9023955	-7	-0.5264609	-1.208367	40.93841	-8.044044	4.700068
53.66	-7.79203	-7.782049	-6.55981	-7	0.1285346	-0.6717094	31.41208	1.665879	1.647593
53.68	-7.381639	-7.713759	-3.336846	-7	0.2686548	-0.7457897	56.91562	13.97122	8.772552
53.7	-7.50255	-7.50889	-3.301384	-7	1.312193	0.115858	43.46175	16.53611	6.498158
53.72	-6.28569	-7.167441	3.755551	-7	1.205201	-0.4576927	58.21642	20.06283	7.374062
53.74	-7.618356	-8.123497	-2.44001	-7	1.673077	0.18987	29.28693	27.45214	-0.06472397
53.76	-7.304854	-8.123497	0.31387	-7	1.261905	-0.03340083	48.59826	22.3071	6.82795
53.78	-8.309268	-7.782049	-4.520301	-7	2.746616	2.227373	3.044477	10.70405	4.308579
53.8	-6.648437	-7.782049	5.251719	-7	1.55878	0.4709567	47.45096	-5.158548	10.07122
53.82	-7.842314	-7.850338	-0.8232692	-7	2.458965	1.615369	-0.2419934	9.955955	-0.4658442
53.84	-4.799653	-6.484545	15.09336	-7	0.7980456	-0.6374757	46.36169	7.528473	5.913522
53.86	-6.161881	-6.484545	6.7202	-7	1.488261	0.5786688	-30.78497	6.490306	-12.50715
53.88	-7.084536	-8.123497	2.379496	-7	-0.3498104	-0.4443125	-6.718307	-14.96007	-5.280909
53.9	-9.425398	-8.123497	-9.849792	-7	0.8342423	2.110294	-44.0093	1.757481	-1.305301
53.92	-8.360632	-7.167441	-3.997859	-7	1.312699	2.973012	-20.53296	-41.47916	12.73263
53.94	-7.877206	-7.4406	-1.160349	-7	1.402674	2.090313	-9.509233	-9.570762	7.503078
53.96	-7.157191	-7.50889	2.889874	-7	0.856366	0.7277246	10.62836	-12.63946	4.874354
53.98	-7.985991	-7.50889	-1.590085	-7	1.599174	1.837892	-20.31225	20.04756	0.45858
54	-7.625479	-7.50889	0.5701951	-7	1.344865	1.811605	-9.510701	10.3071	5.303154
54.02	-7.643079	-7.50889	0.565352	-7	1.326025	1.634675	-11.84327	8.276565	3.052537
54.04	-7.050288	-7.50889	3.807031	-7	0.625386	0.4881883	7.278398	3.879619	3.014495
54.06	-6.19177	-6.143096	7.262236	-7	1.020717	0.9599587	-15.26425	4.933053	-0.7326889
54.08	-5.835955	-6.143096	8.155973	-7	0.547584	0.7174764	-30.90667	-0.3341213	-5.401088
54.1	-7.990986	-7.850338	-3.149528	-7	-0.0006199628	0.9113904	-46.43407	-8.776869	-7.830103
54.12	-8.254025	-7.782049	-4.193819	-7	-0.4629963	0.8008412	-15.74133	-19.96771	3.975684
54.14	-6.856378	-6.484545	2.61349	-7	-0.2428136	0.2743776	3.633438	-27.83031	5.859913
54.16	-5.635896	-6.416255	8.355202	-7	-0.8968129	-1.58296	21.88461	2.352901	-1.203885
54.18	-7.774658	-7.850338	-3.037503	-7	-0.6429627	-0.9588925	-5.971509	8.322368	-8.110412
54.2	-8.173299	-7.782049	-4.797806	-7	-0.4080264	-0.01410711	9.213962	7.009389	4.165008
54.22	-8.023029	-7.782049	-3.575584	-7	-0.01798928	-0.0899937	27.05464	-18.22725	7.082859
54.24	-8.123463	-7.782049	-3.708103	-7	0.8439679	0.5219193	24.67565	11.75748	6.890177
54.26	-8.069029	-7.850338	-2.845346	-7	1.527654	1.14845	22.96848	14.32237	8.056361
54.28	-6.138417	-6.074806	6.823781	-7	2.248301	1.753183	11.63283	25.2842	7.986747
54.3	-5.614557	-6.074806	8.916441	-7	2.140985	1.638258	-20.11306	21.72695	-2.827443
54.32	-7.478436	-7.4406	-0.7766309	-7	1.738471	2.357992	-53.52003	18.45977	-6.66314
54.34	-8.18994	-7.850338	-3.850207	-7	0.9690839	2.316187	-35.44271	-13.99824	2.87934
54.36	-8.385023	-7.850338	-4.320256	-7	0.7955309	1.877253	-15.564	-21.43336	6.442072
54.38	-6.850038	-6.825994	3.636548	-7	0.615835	0.8430541	9.677914	-5.341754	7.70171
54.4	-7.083393	-6.825994	1.905684	-7	1.167367	1.247339	-17.30859	10.2155	-0.7454681
54.42	-7.026498	-6.825994	1.949009	-7	1.110517	1.649424	-24.91462	14.13916	0.7326403
54.44	-6.957966	-6.825994	2.076517	-7	0.8215545	1.457595	-26.026	-15.15855	0.2794638
54.46	-7.465991	-7.235731	-0.6168206	-7	0.5578368	1.309713	-26.63999	-8.013511	-0.2935829
54.48	-7.230123	-7.167441	0.6419899	-7	0.1171976	0.6856022	-8.921989	-13.26542	2.478478
54.5	-5.946693	-5.801648	6.411885	-7	0.2904861	0.570387	-11.67021	-4.044044	1.183871
54.52	-5.642247	-5.801648	6.957391	-7	0.04205853	0.2465903	-27.66426	-6.868472	-5.673963
54.54	-6.338007	-5.801648	2.235883	-7	0.194677	1.311978	-59.60039	4.154428	-7.515216
54.56	-5.869471	-5.801648	4.038153	-7	-0.8080086	0.4663035	-41.26585	-4.39519	-3.449255
54.58	-6.209329	-5.801648	1.363302	-7	-1.099578	0.1297729	-45.0438	-22.68527	-6.228352
54.6	-7.798135	-7.50889	-6.645996	-7	-1.825753	-0.635231	-22.87095	-20.41046	-3.966116
54.62	-8.118824	-7.50889	-7.847793	-7	-1.733502	-0.8861235	14.01068	-11.03641	5.263406
54.64	-7.613573	-7.4406	-4.698041	-7	-1.349661	-1.630631	50.00262	-20.16618	8.167824
54.66	-5.824389	-5.801648	4.079325	-7	-0.1953295	-1.292035	49.31147	2.093359	6.387417
54.68	-6.552078	-7.167441	0.4408023	-7	0.04594678	-1.355528	32.99551	15.62008	-2.662771
54.7	-7.031823	-6.825994	-1.991858	-7	0.9017163	0.4256501	9.302361	25.26893	1.240111
54.72	-6.626852	-6.484545	0.28471	-7	1.26765	1.155322	2.903698	19.11626	4.159105
54.74	-7.415159	-7.850338	-2.862238	-7	0.7081248	0.3188973	13.89367	-3.952441	1.784155
54.76	-7.887691	-7.782049	-4.527271	-7	0.9912853	0.7611852	17.47627	9.803283	5.507951
54.78	-7.687347	-7.850338	-2.557214	-7	1.073002	0.512251	33.71599	8.246032	8.145604
54.8	-5.818387	-6.074806	6.916077	-7	1.622114	0.6590906	28.38463	6.612443	6.883859
54.82	-6.893011	-7.4406	1.518392	-7	1.543143	0.6693393	-0.2615051	20.97885	-3.65497
54.84	-7.235262	-7.4406	0.1329041	-7	1.280044	1.151382	-2.676253	16.41397	1.534515
54.86	-7.908676	-7.4406	-3.091445	-7	1.706426	2.154943	-18.83853	2.536107	2.907701
54.88	-7.608743	-7.850338	-0.6958305	-7	1.010887	1.134587	9.696433	-17.70817	6.634613
54.9	-8.388418	-7.850338	-4.381302	-7	1.737544	1.983709	-7.726781	-2.578396	4.436255
54.92	-7.192751	-7.782049	2.628864	-7	0.932526	0.51261	32.01189	3.971222	9.015761
54.94	-7.73627	-7.850338	-0.05368096	-7	1.422879	0.7452235	12.42166	5.482672	1.776626
54.96	-7.415375	-7.782049	1.981	-7	1.270129	0.7173907	19.14668	16.3529	4.784441
54.98	-8.702635	-7.782049	-4.710392	-7	2.638628	3.060321	-27.92993	1.436871	2.670899
55	-6.322019	-6.825994	7.965556	-7	1.676036	1.699228	11.65015	1.635344	10.25363
55.02	-6.846077	-6.825994	4.562071	-7	2.037691	1.964038	-32.02116	-4.746335	-3.834957
55.04	-6.402157	-6.825994	6.582411	-7	1.042267	1.4062	-26.40579	14.49031	-1.270569
55.06	-7.95176	-6.825994	-2.258729	-7	1.811952	3.392581	-77.42338	-10.34939	-4.57005
55.08	-7.041248	-7.167441	2.773677	-7	0.179178	1.569151	-27.32488	-19.29595	4.390055
55.1	-6.826786	-5.733358	2.583931	-7	1.03445	2.507513	-60.56094	-26.33412	-1.308643
55.12	-6.648642	-7.4406	3.754227	-7	-1.050818	-0.4413629	-10.56307	-1.601297	-1.769594
55.14	-8.102315	-7.50889	-4.219647	-7	-0.6529898	0.1309978	-24.07505	-5.234884	-3.576163
55.16	-5.824293	-6.211386	7.173519	-7	-1.400456	-1.349491	26.082	-4.654732	5.386264
55.18	-6.726768	-6.552835	1.431245	-7	-0.6304059	-0.873488	-9.131226	-14.99061	-6.946884
55.2	-7.175284	-7.782049	-0.57585	-7	-1.569013	-1.844419	23.68619	11.91015	-1.137179
55.22	-8.691751	-7.782049	-8.466049	-7	-0.2069887	0.0774076	2.554049	-15.08221	1.374628
55.24	-6.136995	-6.825994	5.197245	-7	-0.8409499	-1.643142	64.84038	-10.15092	11.17907
55.26	-6.560282	-6.825994	2.416779	-7	0.1941679	-1.222642	28.84222	4.20023	-2.909728
55.28	-5.912066	-6.689414	5.619429	-7	-0.02917254	-1.208467	32.55394	18.24603	-0.0616951
55.3	-7.149333	-6.757704	-1.30944	-7	1.05602	0.840827	-16.2917	-8.089847	-3.929609
55.32	-5.551957	-6.757704	7.368989	-7	-0.5443259	-1.249189	35.05749	1.955955	3.330418
55.34	-6.746644	-6.894283	0.6344343	7	-0.0144721	-0.688029	1.694833	-15.58603	-5.986731
55.36	-6.112695	-6.825994	3.972816	7	-0.7438839	-1.357687	29.9877	12.18496	1.446821
55.38	-7.083531	-6.825994	-1.499674	7	0.1272828	-0.177968	3.720526	-16.6242	-1.718811
55.4	-5.546074	-6.825994	6.801865	7	-1.173733	-2.34079	60.94367	10.38344	4.919297
55.42	-6.890442	-6.825994	-0.8083244	7	0.09760805	-0.9283344	19.49084	-6.746335	-3.47885
55.44	-7.960708	-7.782049	-5.748897	7	0.5485207	0.3120539	24.23323	19.92542	5.440726
55.46	-8.736034	-7.782049	-8.981789	7	1.957932	2.165995	19.38723	-14.12038	12.46834
55.48	-7.206058	-7.713759	0.3079753	7	1.736989	0.7575337	71.74783	21.74221	18.33384
55.5	-6.23317	-6.484545	5.288605	7	3.000247	1.346799	48.39702	14.78038	10.22068
55.52	-5.619527	-6.416255	8.43054	7	3.202041	1.664356	28.62661	43.07046	5.535045
55.54	-5.921206	-6.484545	6.694117	7	3.24001	2.357749	-0.4498167	34.78038	1.931343
55.56	-6.280406	-6.484545	4.725469	7	3.083713	3.046063	-17.63511	33.10099	3.380396
55.58	-6.773545	-6.825994	2.316005	7	2.706719	3.105637	-18.46468	-4.517327	5.321065
55.6	-7.49622	-7.235731	-1.063493	7	2.60838	3.241919	-13.37853	-10.92954	8.184982
55.62	-7.193159	-7.50889	1.248049	7	1.976897	1.964998	25.90673	-15.06695	12.75457
55.64	-6.801921	-6.484545	3.02464	7	2.953345	2.704692	15.37293	-0.3341213	11.51954
55.66	-6.595289	-6.825994	4.235979	7	3.074749	2.626503	18.31076	7.81855	10.5686
55.68	-5.527314	-5.733358	9.253198	7	3.420346	2.935567	10.03422	18.50557	9.940389
55.7	-5.638359	-6.143096	8.269522	7	3.198908	2.745631	-3.071223	14.2613	4.551424
55.72	-6.439368	-6.484545	3.876854	7	3.158914	3.337653	-16.10726	12.91779	5.3014
55.74	-5.640472	-5.39191	7.399773	7	3.320796	3.891925	-17.35422	-1.524961	10.22999
55.76	-6.046552	-5.801648	4.798689	7	3.375568	4.052123	-29.88912	-12.79214	6.555401
55.78	-6.223252	-6.484545	4.049697	7	2.544256	3.013886	-4.026778	-4.242518	9.447493
55.8	-5.980971	-5.528489	4.69857	7	3.125755	3.634717	-9.878799	-1.219617	10.80865
55.82	-5.943286	-6.074806	4.819626	7	2.875857	3.044209	4.324377	-0.2119839	10.72543
55.84	-5.119151	-5.118752	8.42689	7	3.17145	3.148224	5.010093	3.162062	11.22339
55.86	-5.708447	-5.801648	5.0193	7	3.26569	3.242161	-3.719604	9.513206	7.623211
55.88	-4.892614	-5.118752	8.792027	7	3.131237	3.089031	8.18529	7.146794	11.6453
55.9	-5.284109	-5.39191	6.245325	7	3.304477	3.207592	-1.985806	1.482673	7.841238
55.92	-4.658497	-4.845592	8.917703	7	3.253773	3.232784	3.92855	1.772749	10.84085
55.94	-3.999067	-4.094406	11.24047	7	3.493457	3.472108	-8.972973	0.001756639	8.133751
55.96	-4.61095	-4.777303	7.388222	7	3.277692	3.521796	-19.53784	2.291833	5.29416
55.98	-4.122003	-4.094406	9.085314	7	3.141269	3.666885	-15.85376	-1.326488	9.27717
56	-3.454113	-3.411509	11.30086	7	3.155861	3.64441	-22.58131	-3.891373	7.403612
56.02	-3.725809	-4.094406	9.093287	7	2.469377	2.815917	-17.02612	-7.387556	4.579354
56.04	-3.467914	-3.411509	9.264425	7	2.425053	2.956844	-17.2244	-4.01351	6.646366
56.06	-2.93433	-3.070061	10.81352	7	2.184531	2.561913	-11.97084	-7.051678	6.342595
56.08	-1.923059	-2.387164	14.51253	7	1.748388	1.770751	-5.454578	-9.219617	4.400519
56.1	-3.161792	-3.070061	6.699928	7	1.903818	2.35374	-29.50719	-2.349388	-0.3173075
56.12	-0.963303	-1.02137	16.22883	7	1.668003	2.276833	-13.79705	-11.02114	7.826291
56.14	-2.628643	-2.045715	5.797855	7	2.229783	3.281433	-60.0311	-15.90664	-3.185886
56.16	-1.047472	-1.704267	13.0955	7	0.565495	1.298038	-2.732101	-6.471525	7.475622
56.18	-1.275117	-0.9530802	9.80729	7	1.150657	1.688056	-29.8905	-11.15855	-0.762949
56.2	0.0471212	-0.6799221	15.09413	7	0.05792958	0.202731	0.8989582	-14.13565	2.236776
56.22	-1.499364	-1.294529	5.348962	7	0.4497306	0.8801532	-27.04513	3.452138	-4.261687
56.24	-0.08312976	0.3444233	10.84017	7	0.7183883	1.664789	-18.02244	-25.14328	6.03011
56.26	-1.219788	-0.3384733	3.335435	7	1.505953	2.783198	-49.90838	-12.16618	-0.08127499
56.28	2.02551	1.300479	18.65601	7	0.1211388	0.5206466	7.069037	-3.601296	7.971246
56.3	0.4273919	0.6858721	8.070375	7	0.7708544	1.181494	-49.11091	-2.669999	-9.47573
56.32	0.2227193	0.002975464	6.123165	7	-0.328151	0.6144367	-17.99522	13.05519	0.8346181
56.34	-0.6769954	0.2761335	0.2238331	7	0.475078	1.726685	-28.44723	-3.402823	2.84672
56.36	0.95209	1.02732	7.783962	7	0.2089586	0.8087574	11.49701	-22.36465	9.91242
56.38	-0.2867664	0.3444233	0.3756399	7	1.207413	1.643212	-13.8771	9.910153	2.213116
56.4	0.8695742	0.9590311	5.851988	7	1.192838	1.525062	13.2888	15.29947	10.79006
56.42	0.8621487	1.573638	4.603814	7	2.439034	2.846403	-19.22509	6.917787	5.449128
56.44	1.148318	0.9590311	5.798889	7	1.962368	2.264173	-4.479359	22.52084	6.891275
56.46	1.416129	1.573638	6.377616	7	2.220984	2.528771	-13.0163	10.18496	5.61252
56.48	2.540344	2.256536	11.19718	7	1.899744	2.012958	-8.964854	14.53611	4.844074
56.5	1.3109	1.573638	3.872365	7	2.120498	2.723798	-39.46948	-0.2577854	-1.077166
56.52	3.587518	3.21259	14.48656	7	1.25358	1.756645	-11.27647	-1.066946	6.365834
56.54	2.704129	2.597983	8.368981	7	1.099347	1.497763	-41.39658	-18.12038	-6.053183
56.56	5.174606	4.236936	19.35269	7	-0.3614101	-0.2046224	-9.256224	3.085726	-0.6361046
56.58	3.173512	3.554038	6.60466	7	0.07219583	0.9280327	-70.44524	0.8414511	-14.26184
56.6	3.449171	3.827197	6.563537	7	-0.7050171	1.113777	-52.16322	-21.96771	-1.999817
56.62	2.729161	3.21259	1.68411	7	-1.117583	0.4408221	-39.22289	-26.28832	-2.57692
56.64	3.331246	3.554038	3.828437	7	-1.521222	-0.5409629	-3.545831	-31.11275	2.725364
56.66	4.94556	4.851542	10.46576	7	-1.417206	-1.392268	11.88663	-24.10511	0.8090773
56.68	5.546563	5.466149	11.34135	7	-0.9745711	-1.116092	-12.18243	-2.440991	-6.706758
56.7	4.59356	4.714963	4.81182	7	-0.9497998	-0.3998706	-34.11785	10.74985	-8.800613
56.72	4.802292	5.397861	4.396157	7	-0.7859536	0.4539823	-37.60706	1.070459	-2.535907
56.74	5.189442	5.67102	4.987754	7	-0.8151672	0.3916985	-36.48937	-12.07458	-2.469663
56.76	5.676768	6.353915	5.804709	7	-0.5613784	0.7891629	-48.24141	-21.81503	-3.589341
56.78	5.717886	5.807599	4.884196	7	-1.288283	-0.1553329	-37.11655	-11.7387	-5.218567
56.8	5.963798	6.422206	4.659715	7	-1.343048	-0.1537163	-38.82793	0.8719854	-4.933448
56.82	5.303101	5.739308	0.2712741	7	-1.579067	-0.3584208	-35.08095	-3.143281	-5.299626
56.84	6.142884	6.695365	3.423359	7	-1.503523	-0.3676503	-22.53135	-4.563129	-0.7010489
56.86	5.70647	6.080756	0.2872193	7	-1.486078	-0.6666509	-21.62137	-7.173816	-4.210738
56.88	7.468995	7.51484	8.092388	7	-1.632651	-1.194863	-4.377932	1.070459	-0.8503962
56.9	6.68997	6.763654	2.799476	7	-1.556862	-1.259186	-25.04478	4.597177	-9.849691
56.92	7.453878	7.446551	5.590433	7	-1.909051	-1.383436	-14.72626	2.246031	-4.853908
56.94	5.718296	6.080756	-3.992983	7	-1.868648	-1.152003	-25.6486	2.505573	-8.512982
56.96	6.524343	6.968522	-0.2887175	7	-1.830672	-1.041193	0.7266712	-7.967709	1.948318
56.98	7.207408	7.583131	2.302327	7	-1.283528	-1.012916	-2.885531	-14.8074	-1.521667
57	7.656348	7.583131	3.812743	7	-1.32258	-1.295206	-4.111484	-14.25778	-4.374434
57.02	7.488292	7.583131	2.091051	7	-1.230201	-1.004436	-16.60754	15.83382	-6.501908
57.04	7.240732	7.583131	0.1222219	7	-1.137208	-0.4880954	-24.87255	12.79565	-5.178479
57.06	7.155714	7.583131	-0.8163179	7	-1.128909	-0.2817392	-24.61809	0.2765654	-3.362673
57.08	8.294063	8.470897	4.249605	7	-1.281156	-0.682809	-16.6203	-7.448625	-2.459245
57.1	8.079025	8.197738	2.230682	7	-1.406839	-0.9033494	-29.64108	-5.769236	-8.491274
57.12	7.41881	7.583131	-1.583724	7	-1.838222	-1.061698	-25.99712	4.352901	-7.117082
57.14	7.262381	7.583131	-2.639994	7	-2.026455	-1.269966	-11.50621	-0.563129	-3.251871
57.16	7.196578	7.583131	-3.188557	7	-1.85691	-1.356395	-1.630919	-7.555495	-1.860726
57.18	7.296797	7.583131	-2.774478	7	-1.601012	-1.391661	7.225049	-11.15855	-0.8079605
57.2	7.676015	7.583131	-0.8155056	7	-1.579543	-1.853135	20.55833	6.184962	-0.7639618
57.22	7.574727	7.583131	-1.469067	7	-1.18871	-1.604515	15.19424	13.13153	-2.562148
57.24	7.599847	7.583131	-1.336378	7	-0.9333116	-1.275634	13.37759	13.72695	-1.64653
57.26	8.280216	8.470897	1.717879	7	-0.3785259	-0.528032	-0.8024783	8.322368	-1.608114
57.28	7.119427	6.968522	-3.911556	7	-0.6869848	-0.7405027	-5.568612	0.1238941	-5.198164
57.3	6.929454	7.036813	-4.371087	7	-0.7775688	-0.6403076	8.171725	5.207864	0.884901
57.32	6.949219	7.036813	-3.787342	7	-0.6002722	-0.7657885	17.91221	-3.189083	1.964178
57.34	7.063637	7.036813	-2.743412	7	-0.3411385	-0.7863377	22.92969	5.635344	1.985637
57.36	7.158327	7.036813	-1.842066	7	-0.07558369	-0.68003	22.65969	12.94832	1.395824
57.38	7.183428	7.036813	-1.339369	7	0.1649008	-0.4380566	18.10533	12.87199	0.7818565
57.4	8.687423	8.470897	6.038169	7	0.4294589	-0.1612845	8.356262	13.33	0.4396238
57.42	7.697002	7.583131	0.6331365	7	0.4633035	0.3247768	-27.50789	7.452137	-8.245016
57.44	7.600439	7.583131	0.1859583	7	-0.1063556	0.4423056	-26.02827	0.2154972	-3.349567
57.46	6.62998	6.695365	-4.412389	7	-0.6679385	-0.07126181	-18.46739	-6.837938	-3.394901
57.48	7.417114	7.583131	-0.2964952	7	-0.8322446	-0.4180892	0.2374201	-14.21198	1.685279
57.5	8.092373	8.197738	2.646038	7	-0.6211435	-0.5595265	-7.32947	-19.38756	-2.571012
57.52	9.048938	8.197738	7.134182	7	-1.612509	-2.130726	7.637295	1.559008	-6.201966
57.54	8.671725	8.197738	4.25018	7	-1.924382	-2.334497	-9.884699	12.99412	-12.12557
57.56	6.859641	7.378261	-5.584707	7	-1.637935	-0.9123989	-34.56184	-7.326488	-10.13976
57.58	6.560957	7.378261	-6.965406	7	-1.504524	-0.2383316	-18.58148	-21.40282	0.4245253
57.6	8.305956	8.744054	1.649966	7	-1.276802	-0.7023833	0.162076	-27.83031	2.751367
57.62	7.036579	7.036813	-4.754851	7	-1.399526	-1.348891	-5.348484	-28.34938	-6.429459
57.64	8.297518	7.924579	1.850908	7	-1.89653	-2.196456	27.3323	19.75748	0.637393
57.66	6.497283	7.309972	-7.743362	7	-0.5622134	-0.3830904	-17.95858	28.36817	-6.370092
57.68	7.097451	7.309972	-3.968554	7	-0.7558646	-0.3656729	10.69653	9.391069	4.421828
57.7	6.731462	7.309972	-5.581216	7	0.02174693	0.2177303	-1.927564	-4.364655	1.094402
57.72	7.392485	7.378261	-1.599069	7	-0.06969535	-0.1490059	13.18722	-7.982976	3.453835
57.74	7.470969	7.378261	-0.924911	7	0.05818741	-0.3087626	7.622847	18.82618	-0.5022516
57.76	7.036417	7.378261	-3.020838	7	0.5464483	0.6643083	-13.08064	20.2613	-1.241653
57.78	7.025431	7.378261	-2.725526	7	0.6427494	1.140001	-17.8591	12.18496	1.03736
57.8	6.748667	7.241681	-3.790729	7	0.784537	1.501225	-25.84867	5.467405	0.7700014
57.82	7.419751	7.378261	0.117526	7	0.2216659	0.6282259	-8.668385	-0.2730526	2.014482
57.84	7.222387	7.378261	-0.8834275	7	0.2131122	0.5186749	-19.08756	5.681145	-2.334795
57.86	9.012465	9.085504	7.552548	7	0.1282546	0.5173692	-24.75951	2.032291	-1.546631
57.88	8.91521	9.085504	5.78611	7	-0.01216444	0.7482491	-64.67477	3.543741	-11.84081
57.9	8.606056	8.675765	3.365677	7	-1.136816	0.3155597	-70.66341	-3.372289	-11.82483
57.92	7.311944	7.856288	-3.787545	7	-1.988037	-0.05152255	-68.83661	-4.837938	-10.80386
57.94	6.650539	7.924579	-7.531913	7	-1.998483	0.3602115	-58.46416	-16.50206	-3.644675
57.96	6.208672	7.105102	-9.388624	7	-2.308081	-0.5291606	-22.24038	-31.31122	0.8651667
57.98	6.414204	7.105102	-7.858141	7	-2.097789	-1.253927	11.30882	-36.68526	4.04886
58	6.802195	7.036813	-5.365502	7	-1.709021	-1.883803	35.15609	-35.37229	3.828586
58.02	8.591082	7.924579	3.934184	7	-1.694801	-3.063488	60.01891	12.12389	2.367647
58.04	7.306369	7.241681	-2.946972	7	-0.6512947	-1.812101	16.64799	22.52084	-7.461978
58.06	8.379588	8.197738	2.507796	7	-0.4636353	-1.014932	16.62468	27.92542	-0.0279665
58.08	7.333891	7.583131	-3.014427	7	0.08925542	0.02177876	-18.56844	25.17733	-6.150216
58.1	7.22551	7.583131	-3.264894	7	0.06929144	0.6823016	-20.1324	0.322367	-0.4742069
58.12	7.412726	7.583131	-1.975632	7	-0.1747985	0.307686	-13.30008	-11.06695	-0.156148
58.14	7.393687	7.583131	-1.912641	7	-0.2579047	0.1290187	-14.20259	-14.8074	-1.559423
58.16	8.481845	8.470897	3.400823	7	-0.4576106	-0.2367148	-11.55166	7.665878	-1.704667
58.18	6.891569	6.968522	-4.668899	7	-0.7255962	-0.3428794	-26.85819	10.12389	-8.070031
58.2	6.776513	6.968522	-4.725864	7	-1.146921	-0.5294819	-3.395101	3.177329	0.4238176
58.22	6.528709	6.968522	-5.646768	7	-0.8191463	-0.468605	2.516242	-2.731068	1.026616
58.24	6.750989	7.036813	-4.065577	7	-0.5182219	-0.4355648	11.80953	-10.63946	2.771419
58.26	6.79934	7.036813	-3.453519	7	-0.0777332	-0.1902214	9.540092	9.60481	1.757358
58.28	6.844758	7.036813	-2.835579	7	0.2755394	0.1819028	4.734235	14.2155	1.587622
58.3	7.101529	7.105102	-1.134937	7	0.3462652	0.2020784	3.834622	16.23076	1.240406
58.32	6.917369	7.105102	-1.870337	7	0.6008343	0.6610563	-9.939064	13.08573	-0.5270767
58.34	8.001284	8.402606	3.294056	7	0.9825085	1.452593	-28.01383	8.856718	0.207221
58.36	7.352922	7.583131	-0.215358	7	0.6872723	1.501984	-50.65497	-1.005877	-6.090378
58.38	7.486909	7.583131	0.5077349	7	-0.1976843	0.8869405	-40.58615	-0.3493885	-3.213086
58.4	6.175937	6.695365	-6.060266	7	-0.5409179	0.7267907	-43.04898	-6.059311	-4.64896
58.42	6.888681	7.583131	-2.371085	7	-0.6063432	0.7013127	-25.08381	-14.36466	2.52136
58.44	7.76079	8.197738	1.630044	7	-0.5224764	0.2754119	-25.28606	-22.10511	-1.163511
58.46	7.796724	7.378261	1.726175	7	-1.491759	-1.298404	-9.942993	-3.463892	-5.868286
58.48	7.088478	7.309972	-2.286479	7	-1.477399	-1.055945	-17.95041	14.03229	-6.555707
58.5	6.216635	7.378261	-7.070075	7	-0.5998309	0.6794374	-37.68537	-2.944808	-2.349162
58.52	6.499148	7.309972	-5.306951	7	-0.4945724	0.7921479	-21.48841	-15.96771	3.32159
58.54	7.807114	7.924579	1.437518	7	-0.7305601	-0.3209208	-1.080898	-21.6471	2.083532
58.56	8.65724	7.856288	5.570331	7	-1.576077	-2.196454	13.88581	8.597176	-5.234991
58.58	7.404619	7.309972	-1.381927	7	-1.451991	-1.687886	-11.65744	25.3758	-10.51295
58.6	6.736494	7.309972	-4.946831	7	-1.110386	-0.4221959	-19.06347	6.704045	-3.468668
58.62	7.876772	8.197738	0.697378	7	-1.066793	-0.5314972	-6.014223	-13.92191	0.6925364
58.64	7.049935	7.036813	-3.450287	7	-1.293204	-1.154834	-6.761711	-21.75397	-5.403662
58.66	7.1493	7.036813	-2.606017	7	-1.625226	-1.640371	14.533	-23.86084	-0.8810234
58.68	7.08632	7.036813	-2.760676	7	-1.458154	-1.830842	21.26945	10.2613	-1.374877
58.7	8.935103	9.017213	5.916945	7	-0.7578475	-1.200912	10.56344	14.79565	-0.7376747
58.72	8.441875	8.197738	2.696845	7	-0.7757624	-1.076176	-20.11116	9.070459	-10.66332
58.74	7.075482	7.241681	-4.34601	7	-1.094235	-0.484421	-31.18299	8.673512	-8.315136
58.76	6.538786	7.309972	-6.891739	7	-0.9523921	0.2343932	-26.41361	3.971222	-0.9621735
58.78	6.993007	7.309972	-4.081653	7	-1.189837	-0.5288526	0.5034428	-6.028777	2.3575
58.8	8.835841	8.744054	4.957101	7	-1.143117	-1.333412	10.74137	-19.15855	-0.04378796
58.82	8.236354	7.924579	1.371434	7	-1.272982	-1.64543	-10.60535	-16.92954	-10.2322
58.84	7.911158	8.129447	-0.7620435	7	-1.234547	-0.8162646	-24.28146	26.18496	-7.200191
58.86	6.80151	7.309972	-6.386548	7	-1.266527	-0.3590387	-28.66289	20.94832	-5.371387
58.88	6.872181	7.309972	-5.583941	7	-1.441672	-0.6215787	-5.373609	-4.349388	0.9286146
58.9	7.335247	8.061158	-3.328564	7	-0.7373266	-0.1446345	-9.495968	-19.32649	0.7635956
58.92	7.366047	7.856288	-3.138277	7	-0.4053926	0.1254047	-16.56566	-25.06694	-1.268425
58.94	8.229584	7.856288	1.558093	7	-1.143041	-1.183842	6.12277	-8.654731	-1.371016
58.96	7.439053	7.378261	-2.541558	7	-1.160902	-1.290316	-5.641036	31.78801	-6.727299
58.98	7.375512	8.197738	-3.233268	7	-0.3477665	0.389643	-27.89927	22.04756	-2.469564
59	7.903112	8.129447	-0.4915041	7	-0.635893	0.04066938	-20.85153	5.665878	-1.702688
59.02	7.236275	7.241681	-3.633557	7	-1.141948	-0.7148877	-15.33309	-11.35702	-4.935531
59.04	6.935224	7.241681	-4.882874	7	-1.196587	-0.6959795	-6.675437	-17.8303	-1.592383
59.06	7.310163	7.309972	-2.589212	7	-1.387544	-1.343019	12.88194	2.032291	0.1804094
59.08	7.243696	7.173392	-2.701508	7	-1.278582	-1.634727	17.09636	2.948321	-1.87584
59.1	7.644298	7.309972	-0.4215972	7	-1.345718	-2.011379	27.08574	4.581909	-1.416132
59.12	8.237597	8.129447	2.210985	7	-0.8675255	-1.51606	11.696	7.81855	-3.708787
59.14	8.273057	8.129447	1.949506	7	-0.7542352	-1.068415	-8.462738	2.536107	-6.926192
59.16	7.372189	7.309972	-2.647962	7	-1.07116	-0.9012336	-16.91373	2.887253	-7.384445
59.18	7.132583	7.241681	-3.618402	7	-1.36571	-0.9781327	-5.612871	-6.135647	-2.7354
59.2	7.000022	7.378261	-4.183151	7	-1.117837	-0.7567776	-4.021039	-11.28069	-1.468904
59.22	8.07004	8.197738	1.14667	7	-0.9983249	-0.906165	2.068788	-15.93717	-0.4635592
59.24	8.705814	8.129447	4.121314	7	-1.544357	-2.04635	6.35148	-3.066946	-6.340333
59.26	7.431043	7.241681	-2.626518	7	-1.718826	-1.904287	-9.273335	13.16206	-10.35183
59.28	6.856806	7.309972	-5.522254	7	-1.489009	-0.9684818	-10.17447	3.11626	-3.412617
59.3	6.933021	7.241681	-4.786088	7	-1.43037	-1.070323	4.71052	-6.547861	0.1439505
59.32	7.477688	7.309972	-1.648432	7	-1.571347	-1.892037	24.10008	-14.99061	-0.01366806
59.34	8.110922	7.378261	1.764003	7	-1.925112	-3.040575	40.1685	-5.189083	-3.005752
59.36	7.622195	7.309972	-0.9449424	7	-1.521517	-2.538174	22.37731	23.05519	-6.736979
59.38	8.101965	8.197738	1.067286	7	-0.9180003	-1.313659	4.404689	12.68878	-3.891585
59.4	7.325142	7.309972	-2.877562	7	-0.9241697	-0.9907297	-8.760954	-1.158549	-6.360092
59.42	7.322699	7.309972	-2.596103	7	-1.176875	-1.059677	0.9853816	-10.45626	-2.279069
59.44	7.187528	7.241681	-3.072475	7	-1.16509	-1.181267	4.244408	-16.24252	-2.448836
59.46	7.567931	7.241681	-0.8097708	7	-1.490103	-1.897928	20.45537	1.971222	-1.708822
59.48	7.506908	7.309972	-1.115089	7	-1.342991	-1.923667	16.47563	9.482672	-4.013694
59.5	7.666107	7.309972	-0.208462	7	-1.445411	-2.08497	20.14818	6.017023	-3.655181
59.52	7.283636	7.309972	-2.250692	7	-1.06399	-1.441176	5.993322	2.108627	-4.671332
59.54	7.356238	7.241681	-1.677995	7	-1.121017	-1.372468	10.03696	-2.853205	-2.436243
59.56	7.267477	7.309972	-2.068274	7	-0.9165664	-1.10893	4.450037	-0.6547319	-2.957773
59.58	7.330606	7.241681	-1.558181	7	-0.970922	-1.167537	6.762393	0.1544284	-2.465108
59.6	7.170577	7.241681	-2.289149	7	-0.8040648	-0.9043171	0.8142524	0.9788557	-2.973869
59.62	7.339357	7.309972	-1.273278	7	-0.8508309	-0.9323983	2.957774	0.2460311	-2.129964
59.64	7.389009	7.378261	-0.996423	7	-0.8256513	-0.9156726	-0.7319522	-0.3799228	-3.229694
59.66	7.342014	7.309972	-1.192622	7	-0.9062318	-0.9330944	-2.741023	0.3376346	-3.648706
59.68	7.365634	7.309972	-1.028715	7	-1.050618	-1.061136	-1.556318	-0.5173275	-3.571606
59.7	7.23339	7.309972	-1.735846	7	-1.028624	-0.9498538	-5.152982	-0.05931208	-3.870304
59.72	7.240498	7.309972	-1.673027	7	-1.084561	-0.9542376	-3.921838	0.032291	-3.174767
59.74	7.204038	7.309972	-1.85913	7	-1.076234	-0.9390787	-4.467221	0.06282536	-3.263906
59.76	7.307458	7.378261	-1.339931	7	-1.107239	-0.9935973	-3.179986	-0.0440449	-3.06672
59.78	7.227476	7.309972	-1.769638	7	-1.11064	-1.00086	-4.594735	0.032291	-3.666931
59.8	7.134066	7.241681	-2.210582	7	-1.123081	-0.9715316	-4.068804	-0.0440449	-3.240122
59.82	7.208578	7.309972	-1.799449	7	-1.120572	-0.9953748	-2.062445	0.1238941	-2.721017
59.84	7.158328	7.241681	-2.020215	7	-1.106684	-1.026805	-1.907439	-0.01351054	-3.119666
59.86	7.161736	7.241681	-1.951303	7	-1.091704	-1.02246	-0.9299011	0.06282536	-2.83871
59.88	7.131631	7.241681	-2.067268	7	-1.023761	-0.9478651	-1.86693	0.20023	-2.856141
59.9	7.242689	7.309972	-1.466247	7	-1.010494	-0.9553199	-1.16768	-0.4409916	-2.672894
59.92	7.159414	7.241681	-1.871692	7	-0.9770592	-0.9097391	-3.568953	-0.0440449	-3.321623
59.94	7.190502	7.241681	-1.652684	7	-1.02318	-0.9420957	-2.23951	0.2307643	-2.898918
59.96	7.140986	7.241681	-1.886905	7	-0.9887316	-0.8888553	-3.852576	-0.08984644	-3.139505
59.98	7.203248	7.241681	-1.514141	7	-1.052206	-0.9766636	-1.806322	-0.01351054	-2.885859
60	7.226078	7.309972	-1.429018	7	-1.0171	-0.9386842	-3.765391	-0.1051136	-3.299962
60.02	7.231879	7.309972	-1.425664	7	-1.02849	-0.9138214	-5.103825	0.1544284	-3.445205
60.04	7.251422	7.309972	-1.347549	7	-1.088327	-0.9629368	-5.043619	-0.08984644	-3.523493
60.06	7.200247	7.309972	-1.657911	7	-1.092753	-0.9243864	-6.684229	-0.01351054	-3.691426
60.08	7.202784	7.309972	-1.668068	7	-1.132872	-0.9400114	-6.125179	-0.05931208	-3.419499
60.1	7.174707	7.309972	-1.846251	7	-1.132167	-0.9272978	-6.532324	-0.0440449	-3.447411
60.12	7.194103	7.309972	-1.761631	7	-1.16071	-0.9673365	-5.394393	0.01702339	-3.274618
60.14	7.105558	7.241681	-2.211231	7	-1.154072	-0.9634244	-5.418736	-0.0440449	-3.376309
60.16	7.081934	7.241681	-2.302423	7	-1.120911	-0.9194661	-4.469611	0.06282536	-2.856693
60.18	7.118401	7.241681	-2.067938	7	-1.106922	-0.9567314	-2.661256	-0.01351054	-2.677317
60.2	7.190297	7.309972	-1.701714	7	-1.051546	-0.9372826	-3.046087	0.06282536	-2.857914
60.22	7.211688	7.309972	-1.602986	7	-1.028148	-0.9163738	-4.385694	-0.02877772	-3.239507
60.24	7.230383	7.309972	-1.514931	7	-1.052244	-0.9271142	-4.967141	0.07809254	-3.383943
60.26	7.246833	7.309972	-1.444638	7	-1.106142	-0.9811888	-4.906342	-0.02877772	-3.540756
60.28	7.214411	7.309972	-1.645829	7	-1.124552	-0.9723946	-5.921014	0.001756639	-3.690293
60.3	7.257448	7.378261	-1.485928	7	-1.127604	-0.9396188	-6.654923	-0.0440449	-3.533257
60.32	7.116881	7.241681	-2.206893	7	-1.160493	-0.9481446	-7.197176	0.032291	-3.7756
60.34	7.238009	7.378261	-1.614885	7	-1.167808	-0.9494989	-5.469015	0.001756639	-3.00607
60.36	7.165257	7.309972	-2.022395	7	-1.147165	-0.945962	-6.892053	0.01702339	-3.654138
60.38	7.173916	7.309972	-1.976292	7	-1.163785	-0.9495811	-5.795945	-0.02877772	-3.23084
60.4	7.18066	7.309972	-1.945022	7	-1.165844	-0.9782164	-5.156412	-0.0440449	-3.270344
60.42	7.172976	7.309972	-1.99155	7	-1.14704	-0.9651657	-5.256112	-0.01351054	-3.294679
60.44	7.179861	7.309972	-1.954444	7	-1.137652	-0.9604303	-5.037971	-0.01351054	-3.233424
60.46	7.205082	7.309972	-1.818647	7	-1.151096	-0.998413	-4.325676	-0.0440449	-3.264429
60.48	7.118744	7.241681	-2.23761	7	-1.139885	-0.9822763	-4.773468	0.001756639	-3.41552
60.5	7.282004	7.378261	-1.41014	7	-1.14692	-1.014075	-3.093126	0.032291	-2.933646
60.52	7.13561	7.241681	-2.160949	7	-1.130207	-1.002874	-5.356902	-0.01351054	-3.847396
60.54	7.205441	7.309972	-1.783153	7	-1.149218	-0.9948	-3.76667	-0.02877772	-3.048995
60.56	7.198544	7.309972	-1.83089	7	-1.129782	-0.9937247	-4.672984	0.032291	-3.449389
60.58	7.198497	7.309972	-1.835366	7	-1.128569	-0.9752814	-5.065921	-0.05931208	-3.415736
60.6	7.183013	7.309972	-1.921403	7	-1.118659	-0.9447363	-5.786109	0.06282536	-3.430932
60.62	7.200763	7.309972	-1.824928	7	-1.142113	-0.9702678	-5.270478	-0.01351054	-3.354626
60.64	7.197858	7.309972	-1.846487	7	-1.152318	-0.9864055	-5.381413	-0.01351054	-3.478
60.66	7.244173	7.378261	-1.653771	7	-1.132511	-0.947973	-6.351869	-0.0440449	-3.477199
60.68	7.180124	7.309972	-1.997225	7	-1.147129	-0.9411277	-7.314699	-0.05931208	-3.734469
60.7	7.248016	7.378261	-1.676338	7	-1.171102	-0.9539583	-6.627955	0.04755818	-3.400066
60.72	7.250003	7.378261	-1.71629	7	-1.185226	-0.9767321	-7.417765	-0.02877772	-3.789259
60.74	7.114413	7.241681	-2.389987	7	-1.234722	-1.009046	-6.931461	-0.02877772	-3.811895
60.76	7.123535	7.309972	-2.335054	7	-1.199392	-0.9497359	-5.955203	-0.01351054	-3.071875
60.78	7.130945	7.309972	-2.28478	7	-1.152485	-0.9274045	-5.7304	0.04755818	-3.066289
60.8	7.141452	7.309972	-2.211658	7	-1.112241	-0.89939	-5.808332	-0.05931208	-3.066844
60.82	7.177492	7.309972	-1.998606	7	-1.112067	-0.926141	-5.212364	0.001756639	-3.108538
60.84	7.224726	7.309972	-1.734697	7	-1.150763	-1.01168	-4.218443	0.01702339	-3.328679
60.86	7.18737	7.309972	-1.939724	7	-1.129766	-0.9741942	-5.832041	-0.01351054	-3.639148
60.88	7.272015	7.378261	-1.530092	7	-1.149572	-0.9808972	-5.684832	0.04755818	-3.447047
60.9	7.241018	7.378261	-1.748783	7	-1.135087	-0.9350726	-8.220634	0.01702339	-3.951324
60.92	7.104913	7.241681	-2.416494	7	-1.189981	-0.9410876	-8.037714	0.032291	-3.800004
60.94	7.057166	7.241681	-2.610929	7	-1.186903	-0.9159389	-6.491145	-0.1661823	-3.079159
60.96	7.164699	7.309972	-2.025414	7	-1.184478	-0.9826512	-3.986728	-0.1051136	-2.78504
60.98	7.18713	7.309972	-1.912935	7	-1.157191	-1.012124	-4.456253	0.06282536	-3.363742
61	7.224989	7.309972	-1.715016	7	-1.180434	-1.055069	-4.066271	0.001756639	-3.486923
61.02	7.133817	7.241681	-2.168262	7	-1.180547	-1.038504	-5.012569	-0.02877772	-3.73203
61.04	7.25645	7.378261	-1.566434	7	-1.165321	-1.005019	-4.719064	0.032291	-3.243449
61.06	7.161578	7.309972	-2.086482	7	-1.127031	-0.9365871	-7.744056	0.032291	-3.926495
61.08	7.130747	7.241681	-2.191525	7	-1.197308	-0.9866419	-5.778318	-0.01351054	-3.408308
61.1	7.094013	7.241681	-2.346667	7	-1.187109	-0.9876482	-5.191884	-0.1967167	-3.282092
61.12	7.177863	7.309972	-1.904453	7	-1.171863	-1.001798	-4.147371	0.09335929	-3.065019
61.14	7.156277	7.309972	-2.03498	7	-1.113696	-0.9375256	-6.29377	-0.08984644	-3.522886
61.16	7.251056	7.378261	-1.574585	7	-1.118292	-0.9252106	-6.605855	0.2460311	-3.395775
61.18	7.146339	7.241681	-2.092334	7	-1.18296	-0.9976491	-6.930701	-0.1661823	-3.957117
61.2	7.158121	7.309972	-2.038604	7	-1.182466	-0.9559317	-6.769598	0.032291	-3.440948
61.22	7.080685	7.241681	-2.413737	7	-1.177964	-0.94451	-6.937817	-0.2577854	-3.504684
61.24	7.138267	7.309972	-2.108673	7	-1.154813	-0.9183521	-6.203318	0.1849628	-3.0702
61.26	7.241051	7.378261	-1.614363	7	-1.146133	-0.9481523	-6.413735	-0.07457926	-3.372265
61.28	7.185963	7.309972	-1.92117	7	-1.167021	-0.964039	-7.856934	0.20023	-3.957302
61.3	7.184541	7.309972	-1.93458	7	-1.214821	-0.9880296	-7.228232	-0.1509152	-3.691161
61.32	7.146312	7.309972	-2.152885	7	-1.209057	-0.9633596	-7.868232	0.032291	-3.714271
61.34	7.101715	7.241681	-2.347609	7	-1.250089	-1.01426	-6.248672	0.032291	-3.492486
61.36	7.089643	7.241681	-2.376569	7	-1.244256	-1.034955	-4.837454	-0.02877772	-3.249955
61.38	7.148524	7.309972	-2.07724	7	-1.190467	-1.003725	-4.729189	0.06282536	-3.15469
61.4	7.175661	7.309972	-1.943826	7	-1.164753	-0.9965121	-5.361956	0.001756639	-3.443451
61.42	7.260964	7.378261	-1.545127	7	-1.161874	-0.9937393	-6.130057	0.1696952	-3.598502
61.44	7.104425	7.241681	-2.346117	7	-1.172596	-0.9613155	-8.217789	-0.02877772	-4.101512
61.46	7.06593	7.241681	-2.499418	7	-1.180966	-0.9125181	-7.188641	0.06282536	-3.267027
61.48	7.144287	7.309972	-2.080487	7	-1.169267	-0.9345144	-5.9956	-0.3341213	-3.05204
61.5	7.137429	7.309972	-2.127047	7	-1.127309	-0.9021471	-7.453478	0.1849628	-3.479054
61.52	7.18166	7.309972	-1.889686	7	-1.162187	-0.9454972	-6.763476	-0.05931208	-3.438725
61.54	7.085875	7.241681	-2.366356	7	-1.162938	-0.930954	-7.796597	0.032291	-3.727394
61.56	7.260835	7.378261	-1.483262	7	-1.206259	-0.9981985	-5.679095	0.09335929	-3.213749
61.58	7.236136	7.378261	-1.69486	7	-1.183981	-0.9794836	-8.832851	-0.0440449	-4.216046
61.6	7.149236	7.309972	-2.169548	7	-1.214871	-0.9344598	-9.978788	0.01702339	-4.094233
61.62	7.083411	7.241681	-2.474098	7	-1.279166	-0.9861483	-8.026188	-0.1661823	-3.636775
61.64	7.012151	7.241681	-2.817525	7	-1.225963	-0.9192666	-7.846893	0.1086269	-3.281615
61.66	7.060652	7.241681	-2.505318	7	-1.219621	-0.963948	-5.105391	0.032291	-2.817882
61.68	7.128258	7.309972	-2.154187	7	-1.148479	-0.9422935	-5.448879	0.001756639	-3.056744
61.7	7.135311	7.309972	-2.121736	7	-1.092851	-0.8784208	-7.287158	0.322367	-3.39823
61.72	7.208649	7.309972	-1.72443	7	-1.153034	-0.9620285	-6.202542	-0.1509152	-3.443763
61.74	7.081213	7.241681	-2.376105	7	-1.13744	-0.9095025	-8.58682	-0.0440449	-3.926533
61.76	7.104228	7.241681	-2.20534	7	-1.192052	-0.9489914	-6.4058	0.07809254	-3.244367
61.78	7.204143	7.378261	-1.742057	7	-1.145484	-0.9151278	-7.549584	-0.08984644	-3.409787
61.8	7.164231	7.309972	-1.973042	7	-1.163769	-0.9229167	-9.051409	0.06282536	-3.954836
61.82	7.26545	7.378261	-1.492447	7	-1.238674	-1.001195	-7.924855	-0.05931208	-3.774788
61.84	7.174634	7.309972	-2.010801	7	-1.278092	-1.032955	-9.329323	-0.1814495	-4.391151
61.86	7.107033	7.309972	-2.393147	7	-1.272498	-0.9536452	-9.940078	-0.07457926	-3.910819
61.88	7.162385	7.309972	-2.10326	7	-1.338236	-1.060862	-6.890287	-0.0440449	-3.503709
61.9	7.088892	7.309972	-2.522584	7	-1.264786	-0.9814443	-8.687363	-0.07457926	-3.807775
61.92	7.122563	7.309972	-2.338936	7	-1.263129	-0.9802788	-7.231278	0.09335929	-3.327662
61.94	7.139783	7.309972	-2.24879	7	-1.251205	-1.008024	-6.741493	-0.0440449	-3.488303
61.96	7.132803	7.309972	-2.288046	7	-1.222237	-0.981204	-7.21197	0.001756639	-3.566969
61.98	7.140344	7.309972	-2.242606	7	-1.21074	-0.9673535	-7.235069	0.01702339	-3.512859
62	7.204281	7.378261	-1.94374	7	-1.18631	-0.9393543	-7.977242	0.06282536	-3.555995
62.02	7.149781	7.309972	-2.228006	7	-1.201967	-0.9439114	-8.960281	0.001756639	-3.915278
62.04	7.135028	7.309972	-2.295452	7	-1.220593	-0.9364799	-8.67967	-0.01351054	-3.645693
62.06	7.142136	7.309972	-2.249239	7	-1.24082	-0.969644	-7.925376	-0.02877772	-3.580511
62.08	7.141046	7.309972	-2.253256	7	-1.2447	-0.9867898	-7.674953	0.01702339	-3.631255
62.1	7.16205	7.309972	-2.140078	7	-1.2661	-1.030723	-6.827988	0.001756639	-3.62682
62.12	7.061725	7.241681	-2.634754	7	-1.245065	-0.9963075	-7.53297	-0.02877772	-3.75478
62.14	7.140501	7.309972	-2.207242	7	-1.238556	-0.9961092	-5.964176	0.04755818	-3.183701
62.16	7.219181	7.378261	-1.840656	7	-1.203986	-0.9942241	-6.972464	0.07809254	-3.611066
62.18	7.184968	7.309972	-2.02611	7	-1.237058	-1.026286	-7.744461	0.032291	-4.04951
62.2	7.162559	7.309972	-2.149145	7	-1.261108	-1.020082	-7.909613	0.001756639	-3.907804
62.22	7.053198	7.241681	-2.689304	7	-1.252798	-0.9754701	-8.422729	-0.08984644	-3.806425
62.24	7.104336	7.309972	-2.408206	7	-1.225291	-0.9361112	-7.422416	0.07809254	-3.189691
62.26	7.148883	7.309972	-2.166282	7	-1.22614	-0.9882166	-6.788264	0.2612987	-3.446293
62.28	7.138625	7.309972	-2.225053	7	-1.203751	-0.9650577	-7.821914	-0.1661823	-3.703755
62.3	7.16558	7.309972	-2.078317	7	-1.23097	-0.9951663	-7.331032	0.1544284	-3.654176
62.32	7.147857	7.309972	-2.180361	7	-1.229598	-0.9859054	-8.122241	-0.1051136	-3.837631
62.34	7.202929	7.378261	-1.937324	7	-1.221076	-0.9540648	-8.863342	0.06282536	-3.754804
62.36	7.167087	7.309972	-2.130683	7	-1.27275	-1.01126	-8.889499	0.01702339	-4.07066
62.38	7.05894	7.241681	-2.666425	7	-1.290391	-0.9978318	-8.826284	-0.05931208	-3.913996
62.4	7.117584	7.309972	-2.352229	7	-1.285438	-0.9986848	-7.148962	-0.2272511	-3.31152
62.42	7.116261	7.309972	-2.366914	7	-1.246231	-0.985495	-7.727052	0.1696952	-3.609895
62.44	7.051672	7.241681	-2.662379	7	-1.231413	-0.9610441	-7.78966	-0.01351054	-3.577729
62.46	7.047908	7.241681	-2.627723	7	-1.211925	-0.9434229	-6.845823	0.06282536	-3.214056
62.48	7.069453	7.241681	-2.462258	7	-1.195498	-0.9632591	-5.939052	-0.01351054	-3.183625
62.5	7.232917	7.378261	-1.643072	7	-1.171624	-0.9794728	-5.995079	-0.05931208	-3.308026
62.52	7.183377	7.309972	-1.926327	7	-1.18094	-0.98483	-8.585924	0.04755818	-4.238983
62.54	7.169047	7.309972	-2.012433	7	-1.226445	-0.972353	-9.097655	0.001756639	-4.027468
62.56	7.074348	7.241681	-2.484958	7	-1.262521	-0.9765851	-9.282902	-0.1203808	-4.00458
62.58	7.097652	7.309972	-2.372606	7	-1.243333	-0.9275706	-9.04159	0.032291	-3.505034
62.6	7.09652	7.309972	-2.388787	7	-1.218654	-0.9044306	-9.568337	-0.0440449	-3.611544
62.62	7.105738	7.309972	-2.343005	7	-1.214624	-0.8978097	-9.623218	0.01702339	-3.591565
62.64	7.138777	7.309972	-2.17003	7	-1.247402	-0.9559633	-8.76448	-0.01351054	-3.645878
62.66	7.122279	7.309972	-2.272837	7	-1.245758	-0.9542441	-9.411022	-0.02877772	-3.853947
62.68	7.063496	7.241681	-2.548141	7	-1.276075	-0.9801545	-8.703478	0.001756639	-3.766828
62.7	7.054845	7.241681	-2.558471	7	-1.281371	-0.9982095	-7.346195	-0.01351054	-3.452426
62.72	7.018872	7.241681	-2.72028	7	-1.219968	-0.9344435	-7.841207	-0.0440449	-3.390484
62.74	7.050662	7.241681	-2.507179	7	-1.201537	-0.9359307	-6.761638	0.001756639	-3.148713
62.76	7.072665	7.241681	-2.354762	7	-1.184639	-0.9546915	-6.490682	0.001756639	-3.320993
62.78	7.04601	7.241681	-2.468162	7	-1.13319	-0.8835504	-7.981993	0.2154972	-3.456852
62.8	7.199028	7.309972	-1.659993	7	-1.192997	-0.9877093	-6.021812	-0.1051136	-3.315
62.82	7.140244	7.309972	-2.018005	7	-1.152523	-0.9210594	-9.95331	0.001756639	-4.238131
62.84	7.236728	7.378261	-1.570168	7	-1.212499	-0.9343837	-10.01071	0.06282536	-3.941257
62.86	7.104401	7.241681	-2.26475	7	-1.298258	-1.010261	-10.72435	-0.1967167	-4.54573
62.88	7.099085	7.309972	-2.326717	7	-1.308533	-0.9608532	-10.47204	-0.05931208	-3.873564
62.9	7.159297	7.378261	-2.082448	7	-1.297034	-0.9502493	-10.64464	-0.563129	-3.821237
62.92	7.076367	7.309972	-2.54966	7	-1.284366	-0.9152591	-12.02258	0.3071002	-4.124118
62.94	7.087469	7.309972	-2.494916	7	-1.310672	-0.9326957	-10.52036	-0.08984644	-3.63895
62.96	7.068831	7.309972	-2.605268	7	-1.287134	-0.9225929	-10.50544	0.032291	-3.683501
62.98	7.117966	7.309972	-2.344157	7	-1.316119	-0.994879	-8.579424	0.01702339	-3.539385
63	7.107504	7.309972	-2.414726	7	-1.295982	-0.999226	-8.905531	0.04755818	-3.80619
63.02	7.053437	7.309972	-2.710345	7	-1.224427	-0.8776581	-10.74932	0.2154972	-3.724782
63.04	7.133487	7.309972	-2.265623	7	-1.275273	-0.9641017	-8.225214	-0.01351054	-3.379974
63.06	7.033414	7.241681	-2.76061	7	-1.250807	-0.9532819	-9.263371	-0.1051136	-3.851907
63.08	7.129446	7.309972	-2.241657	7	-1.266119	-0.9825627	-7.287891	0.09335929	-3.287514
63.1	7.200433	7.378261	-1.923816	7	-1.2372	-0.9862025	-8.582898	0.01702339	-3.827836
63.12	7.132711	7.309972	-2.294642	7	-1.2457	-0.9611115	-10.38073	0.8109167	-4.228674
63.14	7.050585	7.241681	-2.683789	7	-1.283329	-0.957444	-9.84442	-0.303587	-3.885651
63.16	7.067316	7.309972	-2.595279	7	-1.244006	-0.8956256	-9.803813	-0.1814495	-3.451571
63.18	7.175996	7.309972	-2.010194	7	-1.320936	-1.061764	-6.765146	-0.1509152	-3.511395
63.2	7.093731	7.309972	-2.478432	7	-1.24992	-0.9712713	-9.966395	-0.1967167	-4.158646
63.22	7.132887	7.309972	-2.266277	7	-1.284611	-0.9839166	-8.763634	0.2765654	-3.67336
63.24	7.090744	7.309972	-2.502031	7	-1.250366	-0.934412	-10.25355	-0.4409916	-3.913857
63.26	7.108963	7.309972	-2.400143	7	-1.265206	-0.9393635	-9.635473	0.3987029	-3.667237
63.28	7.084809	7.309972	-2.531209	7	-1.241848	-0.9062488	-10.48081	-0.2425182	-3.779948
63.3	7.12259	7.309972	-2.322585	7	-1.275755	-0.9572864	-9.247789	0.322367	-3.638678
63.32	7.128416	7.309972	-2.298428	7	-1.291592	-0.9983731	-9.09935	-0.2425182	-3.871634
63.34	7.173044	7.378261	-2.117993	7	-1.270546	-0.9615486	-10.14278	0.06282536	-3.917795
63.36	7.103513	7.309972	-2.492972	7	-1.27954	-0.9433084	-11.27508	0.032291	-4.160928
63.38	7.082916	7.309972	-2.596682	7	-1.288241	-0.9199327	-10.94049	0.001756639	-3.788616
63.4	7.09373	7.309972	-2.532021	7	-1.301481	-0.950989	-9.954777	0.01702339	-3.67002
63.42	7.071299	7.309972	-2.650428	7	-1.27088	-0.920186	-10.43091	0.01702339	-3.725316
63.44	7.096378	7.309972	-2.505646	7	-1.276451	-0.9394815	-9.551305	0.01702339	-3.576719
63.46	7.029753	7.241681	-2.809526	7	-1.275004	-0.9526708	-9.330471	0.032291	-3.716811
63.48	7.092735	7.309972	-2.466607	7	-1.252777	-0.9382939	-8.486652	0.032291	-3.346715
63.5	7.193441	7.378261	-1.976886	7	-1.240476	-0.964196	-8.8518	0.09335929	-3.684194
63.52	7.156512	7.309972	-2.18016	7	-1.280193	-1.011009	-9.753351	0.01702339	-4.26138
63.54	7.04924	7.241681	-2.71215	7	-1.304399	-0.9875513	-10.10794	0.07809254	-4.111018
63.56	7.048888	7.309972	-2.715425	7	-1.250973	-0.8825243	-10.57613	-0.4257244	-3.533628
63.58	7.004602	7.241681	-2.894541	7	-1.241444	-0.8822042	-10.03697	0.2460311	-3.49109
63.6	7.010264	7.241681	-2.807184	7	-1.225427	-0.8855608	-8.91883	-0.2272511	-3.240252
63.62	7.101261	7.309972	-2.318966	7	-1.2016	-0.9027923	-8.382441	0.1086269	-3.265198
63.64	7.074409	7.241681	-2.422355	7	-1.221391	-0.9563026	-8.566452	0.01702339	-3.777493
63.66	7.059184	7.241681	-2.469724	7	-1.227297	-0.9481633	-8.604515	-0.07457926	-3.676083
63.68	7.110215	7.309972	-2.215459	7	-1.205787	-0.9140819	-9.272454	0.001756639	-3.620115
63.7	8.01277	8.129447	2.010217	-7	-1.183583	-0.9591788	-13.49973	-0.02877772	-4.410429
63.72	7.201963	7.309972	-2.383573	-7	-1.383778	-0.976198	-30.7844	0.01702339	-10.04844
63.74	7.040093	7.309972	-3.210881	-7	-1.746818	-0.9489212	-27.09903	-0.5325942	-6.384577
63.76	6.957887	7.378261	-3.712338	-7	-1.862825	-1.032218	-26.76841	-3.830304	-6.191377
63.78	6.899549	7.378261	-4.085958	-7	-1.909812	-1.047421	-27.61543	-11.7845	-6.249003
63.8	7.791227	8.129447	0.09720397	-7	-2.029673	-1.289933	-26.69263	-18.10511	-6.415175
63.82	7.278061	7.378261	-2.767252	-7	-2.506329	-1.879136	-33.01634	-13.49443	-11.97101
63.84	6.96872	7.378261	-4.535142	-7	-2.773108	-1.820852	-33.49958	1.726947	-9.990454
63.86	6.587694	7.309972	-6.622814	-7	-2.720641	-1.533471	-36.8805	-4.731068	-8.82066
63.88	7.568193	8.197738	-1.982234	-7	-2.718724	-1.601854	-33.1134	-10.67	-7.011337
63.9	7.841273	8.197738	-1.179682	-7	-2.960185	-2.047978	-42.98324	-16.53259	-12.85936
63.92	6.87372	7.241681	-6.31672	-7	-3.526023	-2.368089	-47.40889	-19.25015	-15.10546
63.94	6.81493	7.309972	-6.60914	-7	-4.022237	-2.777046	-31.34904	-13.76923	-10.5154
63.96	6.720315	7.309972	-7.18449	-7	-4.094334	-3.097877	-24.32348	-8.822671	-10.65469
63.98	7.755439	8.197738	-2.336923	-7	-4.071552	-3.367825	-19.14757	-7.723434	-10.35374
64	7.336671	7.65142	-4.921807	-7	-4.179628	-3.572057	-31.82744	-0.5325942	-16.40351
64.02	7.165683	7.583131	-6.033383	-7	-4.441821	-3.545578	-31.74924	-0.05931208	-14.64141
