0	-0.7456579	-0.6799221	-3.504996	0	-0.01595433	0.05269613	0.8604954	-0.2127463	0
0.02	-0.7581924	-0.6799221	-3.055156	0	0.01841418	0.006624363	14.66938	-0.273815	3.998165
0.04	-0.6390985	-0.6799221	-1.976701	0	0.2121961	-0.1674185	23.43575	0.871223	4.216794
0.06	-0.3717971	-0.6799221	-0.1584932	0	0.3019549	-0.4544931	31.30774	12.62695	3.72614
0.08	-0.596271	-0.6116323	-1.10405	0	0.8776316	0.2410633	17.45492	8.504811	2.267385
0.1	0.8704656	0.6858721	6.17982	0	1.167892	0.620679	10.75159	11.71092	3.550223
0.12	-0.5677906	-0.6799221	-1.181807	0	1.197724	1.024327	-18.82921	6.703284	-4.469182
0.14	-0.7594444	-0.6799221	-1.701161	0	0.866935	1.292231	-10.76861	2.932292	2.674581
0.16	-1.148424	-0.6799221	-3.391138	0	1.128786	1.703156	-15.53559	-0.5791586	3.358983
0.18	0.2693812	0.2761335	3.949541	0	0.9339134	1.164421	-1.533226	-15.26618	5.483963
0.2	-0.1413703	0.2761335	1.294663	0	1.437872	1.880518	-35.75296	3.848322	-2.288432
0.22	0.8681064	0.3444233	6.419071	0	0.2495495	0.5413479	-13.72647	3.252902	-0.1782161
0.24	0.1928255	0.2761335	2.239844	0	0.1271801	0.5896885	-35.34149	5.756719	-6.373348
0.26	0.3897091	0.3444233	2.848027	0	-0.5608613	0.1424221	-24.78079	-8.869234	-2.910072
0.28	-0.6219062	0.3444233	-3.096073	0	0.03785324	1.383802	-51.77394	-9.495189	-4.116008
0.3	-0.1113915	0.2761335	-0.4938676	0	-0.5331683	0.7539778	-26.01313	-24.35015	1.882182
0.32	-0.2867473	0.3444233	-1.777242	0	-0.3274299	0.6991023	-28.68995	-13.14404	-0.7205446
0.34	0.4574122	0.3444233	1.977128	0	-0.9804984	-0.5430674	-1.532083	-9.831066	0.6849334
0.36	-1.49076	-0.6799221	-8.14287	0	-0.2418293	0.5182428	-25.45846	6.443741	-3.258847
0.38	0.9911112	0.6858721	4.852561	0	-0.976921	-0.9013935	28.8108	0.9628261	7.829073
0.4	-0.4869059	-0.3384733	-3.083254	0	-0.3061883	-0.6510931	-1.654268	-0.5791586	-5.329063
0.42	0.2497118	-0.3384733	1.186586	0	-1.018992	-1.528398	34.83272	3.955192	2.955285
0.44	-0.409071	0.002975464	-2.551234	0	0.1147156	-0.2151039	5.200851	2.459009	-1.095831
0.46	0.7137948	0.002975464	3.593214	0	-0.5478007	-1.292732	35.73816	-2.472288	3.100656
0.48	0.02177123	0.002975464	-0.2913193	0	0.1334536	-0.5225337	7.596638	3.985727	-3.205951
0.5	1.194466	0.2761335	5.869179	0	-0.6757344	-1.600046	33.69835	5.604047	0.714558
0.52	-1.31245	-1.08966	-6.996711	0	0.07293479	-0.2713475	-4.657557	-1.006639	-6.017867
0.54	-0.550231	-1.02137	-1.984069	0	-0.6400732	-1.060181	45.13002	-0.04480732	7.648277
0.56	-1.219679	-1.08966	-4.985804	0	0.2909209	-0.5255185	34.45398	-11.89213	3.478292
0.58	0.30968	-1.08966	3.95778	0	-0.6150122	-2.551096	86.45927	3.451375	7.602911
0.6	1.106907	0.3444233	7.43352	0	0.3839791	-1.913131	54.91962	10.50481	-1.039509
0.62	-0.07686692	-0.7482109	1.290593	0	0.6841167	-0.8096961	21.57281	25.60404	-5.105182
0.64	-1.319691	-0.6799221	-4.999872	0	1.754282	1.887793	-16.68872	4.031528	0.8142794
0.66	0.4100009	0.2761335	4.269186	0	1.372402	1.478994	4.382367	-10.47229	7.649994
0.68	-0.6099052	-0.9530802	-0.6401809	0	1.009247	0.7358548	-6.170313	-9.54099	-2.083968
0.7	-1.017566	-1.08966	-2.178937	0	0.7334486	0.7963238	2.048189	11.54298	2.701977
0.72	-1.718273	-1.08966	-5.376737	0	1.394176	1.84032	-9.5065	-3.586792	4.609213
0.74	-1.098926	-1.08966	-1.368514	0	1.178488	1.274027	14.15672	6.535345	8.638047
0.76	-0.6268118	-0.9530802	1.503611	0	1.10002	0.5203223	22.36819	4.504811	5.147381
0.78	-0.9266427	-1.08966	0.2005603	0	1.345492	0.7973642	11.08803	20.65748	2.376774
0.8	0.3967009	0.3444233	6.606876	0	1.677301	1.389144	-0.7607859	11.19183	3.80974
0.82	-0.9687371	-1.02137	-0.4281312	0	1.566891	1.677478	-27.1875	0.7948871	-3.409747
0.84	-1.112943	-0.9530802	-0.8335105	0	1.187793	1.856807	-18.94169	-0.1669452	3.329592
0.86	-1.297314	-1.08966	-1.467705	0	1.017245	1.554125	-11.65848	-16.19748	3.809373
0.88	0.7107961	0.3444233	8.541612	0	0.5678073	0.4384876	8.455019	-2.395952	4.727298
0.9	0.0597157	0.002975464	4.292867	0	0.7693849	0.7096516	-26.74263	-0.441754	-6.184665
0.92	-0.2800951	0.002975464	1.974161	0	0.6239237	1.466185	-39.92208	4.749085	-2.819902
0.94	-0.2844869	0.002975464	1.554286	0	0.2130328	1.276996	-36.48811	-16.15168	-1.071634
0.96	-0.05059005	0.002975464	2.392004	0	-0.3891002	0.4049725	-22.7611	-13.75473	-1.067961
0.98	-0.2051525	0.002975464	1.065492	0	-0.5623161	0.1042657	-20.87365	-17.55626	-2.298648
1	-0.3527144	0.002975464	-0.1522748	0	-0.5479748	0.1781199	-18.90268	-3.708929	-1.153527
1.02	-0.2736593	0.07126522	-0.111744	0	-0.5044708	0.1485804	-13.52747	-9.32725	0.1059827
1.04	-0.4546359	0.002975464	-1.354856	0	-0.250218	0.3925916	-15.11328	-2.289082	0.1625822
1.06	-0.07678647	0.002975464	0.5113363	0	-0.4375645	-0.1010638	-0.1966081	1.420841	1.643043
1.08	0.2893527	0.3444233	2.002378	0	-0.3176344	-0.2682274	0.07182503	1.252903	-0.1286025
1.1	-1.25856	-1.02137	-5.730513	0	-0.185141	0.07070069	-6.533558	5.90939	-1.779432
1.12	-1.320022	-1.08966	-5.288488	0	-0.169853	0.05340057	20.03275	-0.4875555	6.739564
1.14	-1.225989	-1.08966	-4.127308	0	0.2930046	-0.08705609	34.20393	0.8254215	7.480431
1.16	0.3198091	0.2761335	3.797758	0	1.032763	0.2127935	33.48994	19.83305	7.462769
1.18	-0.3005716	-0.6799221	0.7766533	0	1.249023	0.3480982	13.18908	16.0926	-0.4775631
1.2	-0.7498271	-0.6799221	-1.237149	0	1.556326	1.371322	-1.047644	25.1613	2.457969
1.22	-0.8349138	-0.7482109	-1.188047	0	1.60219	1.67454	-2.009799	12.1842	4.651263
1.24	0.5427084	0.2761335	5.895905	0	1.391416	1.167598	4.634927	-9.769998	4.822263
1.26	-0.7632469	-1.02137	-0.6593773	0	1.134116	0.9574412	-12.56773	-0.5486242	-2.958777
1.28	0.4843782	0.2761335	5.603286	0	0.7771292	0.8231488	-0.9255171	0.9780937	3.46245
1.3	-0.522979	0.002975464	-0.1933072	0	1.383198	1.941278	-40.74771	-3.769998	-3.461509
1.32	-0.01844133	0.002975464	2.434142	0	0.6541199	1.472746	-24.29174	-12.9761	1.998469
1.34	-1.14151	-0.4067631	-3.558517	0	0.9610467	2.105222	-43.89929	-3.861601	-1.091861
1.36	-0.3247229	-0.4067631	1.051244	0	0.01195931	0.7475494	-4.530778	-16.8387	5.106616
1.38	-1.420454	-0.3384733	-4.962018	0	1.105391	2.111856	-36.7485	0.0009942193	0.5229766
1.4	0.8115025	0.6175833	6.545785	0	0.3149095	0.7643178	2.561678	-6.197478	7.109206
1.42	0.5265853	0.6175833	4.16411	0	0.580008	0.7169941	-27.74604	9.481909	-5.04345
1.44	1.806348	0.6858721	10.33147	0	-1.069666	-1.378981	5.494015	3.329238	-3.516373
1.46	0.859974	0.7541609	4.137534	0	-0.9854541	-0.9898528	-26.39677	9.619314	-11.13057
1.48	0.2043107	0.6858721	-0.1050959	0	-0.9289004	0.07105631	-38.09258	-24.25855	-5.834637
1.5	-0.7271159	0.4127131	-5.394641	0	-0.4410738	1.260845	-48.91758	-17.51046	-1.842792
1.52	-0.6225435	0.2761335	-4.758442	0	-0.4414659	1.172502	-28.3533	-36.39595	3.951208
1.54	-0.06877929	0.4127131	-1.847272	0	-0.4613148	0.404977	-7.75421	-10.28908	3.996637
1.56	0.6654304	0.6858721	1.751883	0	-0.5379964	-0.4122451	5.020132	-1.54099	1.498035
1.58	-0.4223142	-0.3384733	-3.741115	0	-0.4376928	-0.4186214	-0.05848789	18.0926	-2.188969
1.6	-0.286406	-0.4067631	-2.507118	0	-0.6467112	-0.8078748	25.29028	13.19183	3.816861
1.62	-0.3440786	0.002975464	-2.741143	0	0.2151611	-0.05018407	16.42477	7.390307	3.293109
1.64	0.378469	0.002975464	1.360282	0	0.1252557	-0.5676191	31.68814	6.107864	4.203244
1.66	-0.1839041	0.002975464	-1.575288	0	0.9413343	0.4930545	4.82642	10.47428	0.2508906
1.68	1.587957	1.300479	7.285068	0	0.8840511	0.4919951	8.193036	11.97046	3.428137
1.7	-0.08346564	0.3444233	-1.773281	0	1.506126	1.844143	-43.96516	1.084964	-6.374555
1.72	0.2204376	0.3444233	0.1305733	0	0.7765023	1.720418	-27.51779	6.275803	2.304637
1.74	-0.5412937	0.07126522	-3.703681	0	0.8684875	1.932564	-37.29279	-11.09824	0.1100226
1.76	0.1994399	-0.06531429	0.6875436	0	-0.1809876	0.2737591	2.511851	-4.41122	4.131817
1.78	-0.4736153	0.002975464	-2.917133	0	0.3713668	0.7322142	-13.75709	-3.159311	-0.2602158
1.8	-0.1988438	0.002975464	-1.240907	0	0.3111906	0.6955537	-1.976486	8.153666	3.696738
1.82	-0.7061928	0.002975464	-3.833011	0	1.033092	1.636494	-19.46401	-1.708929	2.292393
1.84	-0.7091653	0.002975464	-3.527421	0	1.417343	2.319421	-22.52789	8.062063	5.346529
1.86	-0.330261	0.002975464	-1.157291	0	1.339921	1.993773	-14.76598	-1.082975	5.460135
1.88	-0.3134149	0.002975464	-0.85276	0	1.402313	1.93414	-18.94532	10.03153	3.206481
1.9	-0.08068676	0.002975464	0.5803269	0	1.135322	1.562962	-14.50594	7.512444	2.891046
1.92	-0.05196741	0.002975464	0.8035285	0	0.9274067	1.271033	-15.04402	6.88649	1.275471
1.94	-0.01524258	0.002975464	1.012957	0	0.6703887	0.9985925	-13.44909	-1.128777	0.8222464
1.96	-0.1230588	0.07126522	0.343492	0	0.6431184	1.088426	-17.97283	-2.777632	0.3816079
1.98	-0.2662694	0.002975464	-0.4401784	0	0.5965595	1.182598	-19.55253	-5.342517	0.8978561
2	-0.2428329	0.002975464	-0.3168486	0	0.4946065	1.076808	-16.15147	-6.792899	1.646671
2.02	-0.2421486	0.002975464	-0.338479	0	0.4596049	0.9757503	-14.29843	-6.548624	1.526503
2.04	-0.1937672	0.002975464	-0.1081042	0	0.4090987	0.8476788	-11.47235	-0.01427339	1.574315
2.06	-0.1038504	0.002975464	0.3312423	0	0.3172374	0.6294861	-7.665741	-1.22038	1.362757
2.08	-0.3263081	0.002975464	-0.9242559	0	0.5386549	0.9685819	-14.44048	-0.3501509	0.9061626
2.1	-0.1508043	0.002975464	0.0362097	0	0.4372474	0.8315384	-8.373384	-0.105876	2.261597
2.12	-0.1100205	0.002975464	0.2255066	0	0.411628	0.6703048	-7.146789	-1.571525	1.330632
2.14	-0.2663438	0.002975464	-0.6453456	0	0.577472	0.9453625	-12.38161	0.1842004	1.133464
2.16	-0.06845595	0.002975464	0.4395869	0	0.4270695	0.7177013	-5.934642	-0.09060928	2.074056
2.18	-0.05959638	0.07126522	0.4010318	0	0.4763136	0.708033	-8.35885	-0.7165628	0.9679181
2.2	-0.2048354	0.002975464	-0.3906941	0	0.5491407	0.8941752	-11.97851	-0.09060928	0.9530858
2.22	-0.08628318	0.002975464	0.2669761	0	0.4236045	0.7264738	-7.116694	-0.07534168	1.76803
2.24	-0.118874	0.002975464	0.06972939	0	0.4293785	0.675438	-7.598264	-0.5486242	1.097078
2.26	-0.2010725	0.002975464	-0.3826066	0	0.5138007	0.8337719	-9.863743	-0.1822119	1.296677
2.28	-0.09386273	0.002975464	0.2088723	0	0.4384028	0.7054805	-6.134146	-0.1822119	1.802658
2.3	-0.1233033	0.002975464	0.03540081	0	0.4683059	0.6972696	-7.124855	-0.3501509	1.217073
2.32	-0.1465599	0.002975464	-0.09190512	0	0.5034181	0.7680106	-7.896715	-0.1974791	1.402197
2.34	-0.0161784	0.07126522	0.5646747	0	0.4652667	0.6897464	-6.209934	-0.1822119	1.555653
2.36	-0.1301383	0.002975464	-0.05787307	0	0.4987551	0.7424241	-8.923173	-0.4264868	0.8476976
2.38	-0.1307534	0.002975464	-0.0479688	0	0.4797732	0.7655216	-8.034969	-0.2890822	1.466149
2.4	-0.1505109	0.002975464	-0.146114	0	0.5000873	0.7846232	-8.173003	-0.3348837	1.474244
2.42	-0.002626956	0.07126522	0.6093148	0	0.4411793	0.6589544	-5.609823	-0.2432806	1.605389
2.44	-0.1513281	0.002975464	-0.2012584	0	0.5086834	0.7589608	-9.321144	-0.3654181	0.7990681
2.46	-0.1356773	0.002975464	-0.09426808	0	0.4866524	0.781628	-7.859543	-0.1974791	1.623646
2.48	-0.07384373	0.07126522	0.2007738	0	0.5098009	0.7815893	-7.93895	-0.3654181	1.546342
2.5	-0.1293382	0.002975464	-0.08249974	0	0.5073712	0.7777206	-8.530348	-0.2432806	1.239365
2.52	-0.1232554	0.002975464	-0.03057039	0	0.4875535	0.7588294	-7.475805	-0.2585478	1.532831
2.54	-0.1210122	0.002975464	-0.00714314	0	0.4867568	0.7360679	-6.950572	-0.2890822	1.502046
2.56	-0.1322069	0.002975464	-0.05788493	0	0.5087177	0.7572517	-7.146883	-0.273815	1.501745
2.58	-0.0671996	0.07126522	0.2550114	0	0.5393167	0.7920127	-7.590838	-0.273815	1.581347
2.6	-0.1194979	0.002975464	-0.009472668	0	0.53359	0.789847	-8.363067	-0.2280135	1.250903
2.62	-0.1327233	0.002975464	-0.06044233	0	0.527613	0.8048184	-8.09097	-0.2585478	1.514784
2.64	-0.1360072	0.002975464	-0.0605529	0	0.5311975	0.8045667	-7.813004	-0.2585478	1.584363
2.66	-0.1247822	0.002975464	0.01527441	0	0.5286897	0.7871122	-7.305192	-0.3196166	1.608589
2.68	-0.1338947	0.002975464	-0.02240348	0	0.546335	0.8036565	-7.625737	-0.2585478	1.55091
2.7	-0.1271561	0.002975464	0.02774173	0	0.5506758	0.8080006	-7.501181	-0.2280135	1.608419
2.72	-0.1277764	0.002975464	0.03606516	0	0.5583943	0.8147148	-7.662524	-0.3348837	1.572508
2.74	-0.1151571	0.002975464	0.1148697	0	0.5495772	0.7987751	-7.375186	-0.1822119	1.575039
2.76	-0.1215626	0.002975464	0.08644956	0	0.55348	0.8038179	-7.678133	-0.273815	1.498196
2.78	-0.1333177	0.002975464	0.03028029	0	0.5641663	0.829716	-8.112417	-0.3196166	1.529435
2.8	-0.1341501	0.002975464	0.03535664	0	0.5673518	0.8411021	-8.178613	-0.2432806	1.594225
2.82	-0.1258996	0.002975464	0.08818781	0	0.5605587	0.8288516	-7.950807	-0.2585478	1.598117
2.84	-0.08856899	0.002975464	0.2923729	0	0.5182738	0.7520717	-6.725343	-0.273815	1.548992
2.86	-0.1135074	0.002975464	0.1488583	0	0.5269427	0.7610949	-7.474616	-0.2585478	1.328979
2.88	-0.1379087	0.002975464	0.01550686	0	0.5469506	0.8134438	-8.141138	-0.273815	1.468954
2.9	-0.1949863	-0.06531429	-0.2360294	0	0.5331154	0.8023276	-7.373829	-0.2280135	1.616156
2.92	-0.09455106	0.002975464	0.3036433	0	0.510632	0.7310423	-5.139779	-0.2280135	1.924934
2.94	-0.124186	0.002975464	0.127492	0	0.5634968	0.7748648	-6.999491	-0.2432806	1.396237
2.96	-0.118795	0.002975464	0.1564296	0	0.5733598	0.8139089	-7.357614	-0.1822119	1.579138
2.98	-0.1247361	0.002975464	0.1258713	0	0.5823828	0.835618	-7.885108	-0.3043494	1.550727
3	-0.1188325	0.002975464	0.1611239	0	0.574609	0.8328633	-7.858138	-0.2432806	1.580723
3.02	-0.1467258	0.002975464	0.01271552	0	0.5973675	0.8789431	-8.847313	-0.2585478	1.540861
3.04	-0.09936488	0.002975464	0.2752168	0	0.5497893	0.8087943	-7.280768	-0.273815	1.698116
3.06	-0.1544765	0.002975464	-0.0282073	0	0.5924006	0.8711598	-9.069876	-0.2432806	1.422822
3.08	-0.1028252	0.002975464	0.2573919	0	0.5441988	0.8096873	-7.275231	-0.2890822	1.739069
3.1	-0.1295518	0.002975464	0.1049966	0	0.5601828	0.8177745	-8.088275	-0.1974791	1.445907
3.12	-0.1357475	0.002975464	0.07121623	0	0.566695	0.8426068	-8.185961	-0.2585478	1.601935
3.14	-0.1481129	0.002975464	0.006828547	0	0.5846101	0.8720506	-8.544331	-0.1974791	1.646798
3.16	-0.1212007	0.002975464	0.1575267	0	0.5666165	0.8375605	-7.661151	-0.3043494	1.729454
3.18	-0.0981625	0.002975464	0.2786338	0	0.5413306	0.7785471	-6.912307	-0.3196166	1.583596
3.2	-0.132235	0.002975464	0.08627838	0	0.5673204	0.8203301	-7.989357	-0.273815	1.45358
3.22	-0.1220074	0.002975464	0.1427923	0	0.5609789	0.823141	-7.572646	-0.2890822	1.654495
3.24	-0.1480449	0.002975464	0.002351701	0	0.5908757	0.8674663	-8.410855	-0.2890822	1.605589
3.26	-0.1029799	0.002975464	0.2520554	0	0.5558583	0.8089354	-6.931793	-0.2890822	1.766176
3.28	-0.1302518	0.002975464	0.09978449	0	0.5793685	0.8305808	-7.862329	-0.3501509	1.515069
3.3	-0.1126948	0.002975464	0.1970443	0	0.5655937	0.8177505	-7.266405	-0.273815	1.676124
3.32	-0.1068771	0.002975464	0.2255429	0	0.5573374	0.7947249	-7.056417	-0.2890822	1.581453
3.34	-0.1382699	0.002975464	0.05307472	0	0.5869016	0.846741	-8.053976	-0.273815	1.551825
3.36	-0.1008741	0.002975464	0.2597171	0	0.5566031	0.8018392	-6.784455	-0.2432806	1.739843
3.38	-0.01377007	0.07126522	0.67087	0	0.5398476	0.7468668	-6.439857	-0.2280135	1.532529
3.4	-0.08899102	0.002975464	0.2544968	0	0.5264781	0.7424035	-7.685839	-0.273815	1.062957
3.42	-0.09783802	0.002975464	0.2044029	0	0.4983309	0.7380489	-6.869732	-0.2890822	1.455797
3.44	-0.1322547	0.002975464	0.0140031	0	0.523556	0.774505	-7.253323	-0.2280135	1.509844
3.46	-0.1375639	0.002975464	-0.009423196	0	0.5471079	0.8062618	-7.038906	-0.2280135	1.73224
3.48	-0.02676866	0.07126522	0.5440727	0	0.5381252	0.755795	-5.870396	-0.2432806	1.796389
3.5	-0.1310588	0.002975464	-0.01666367	0	0.5803002	0.8173811	-8.301495	-0.2585478	1.214531
3.52	-0.1197456	0.002975464	0.06565863	0	0.5629212	0.8277639	-7.173076	-0.2127463	1.788326
3.54	-0.1255689	0.002975464	0.04767972	0	0.5746996	0.8234087	-7.017153	-0.2280135	1.730445
3.56	-0.1636792	-0.06531429	-0.09355143	0	0.5488067	0.7703421	-5.611356	-0.3348837	1.776728
3.58	-0.09776323	0.002975464	0.263797	0	0.5641009	0.7549418	-4.581995	-0.3196166	1.976688
3.6	-0.009865284	0.07126522	0.6821978	0	0.586888	0.746749	-5.211532	-0.273815	1.646004
3.62	-0.1328098	-0.06531429	0.06912127	0	0.5628229	0.735553	-6.205711	-0.3043494	1.179011
3.64	-0.04974118	0.002975464	0.5163735	0	0.514168	0.6803749	-3.929421	-0.2127463	1.803737
3.66	-0.0217417	0.07126522	0.5979677	0	0.5620871	0.7239428	-5.909269	-0.2585478	1.347174
3.68	-0.001278609	0.07126522	0.6552515	0	0.5465972	0.7329988	-6.804741	-0.2432806	1.220697
3.7	-0.1158092	0.002975464	0.04147208	0	0.552834	0.7983174	-8.601172	-0.2585478	1.094261
3.72	-0.1158241	0.002975464	0.0592407	0	0.5245528	0.793415	-7.112507	-0.2585478	1.708488
3.74	-0.1234316	0.002975464	0.02801049	0	0.5346073	0.7803056	-6.53087	-0.2432806	1.719297
3.76	-0.1253712	0.002975464	0.02871889	0	0.5586774	0.7936769	-6.255874	-0.3196166	1.790862
3.78	-0.08822185	0.002975464	0.2415479	0	0.5485719	0.7472068	-5.025743	-0.2585478	1.833189
3.8	-0.1109898	0.002975464	0.1240276	0	0.5873892	0.7846231	-5.949017	-0.2585478	1.641457
3.82	-0.02078926	0.07126522	0.5725496	0	0.5932598	0.7869345	-5.747201	-0.2280135	1.784456
3.84	-0.06911624	0.002975464	0.3212972	0	0.5711571	0.7549545	-6.442581	-0.273815	1.30128
3.86	-0.09282911	0.002975464	0.203748	0	0.5613943	0.7736102	-6.436336	-0.273815	1.531416
3.88	-0.07308546	0.002975464	0.3187747	0	0.5310245	0.7242843	-5.236728	-0.273815	1.654994
3.9	-0.06702299	0.002975464	0.3500823	0	0.5180871	0.6846411	-4.696333	-0.2127463	1.54431
3.92	-0.1123278	0.002975464	0.1035724	0	0.5645639	0.7585613	-5.992183	-0.3043494	1.51676
3.94	-0.1046021	0.002975464	0.1574273	0	0.5772898	0.7857603	-5.693879	-0.2890822	1.792022
3.96	-0.11549	0.002975464	0.1110564	0	0.6078604	0.8204567	-6.195422	-0.2585478	1.765398
3.98	-0.0789721	0.002975464	0.3238187	0	0.5895315	0.780851	-5.21085	-0.1974791	1.839599
4	-0.07627594	0.002975464	0.3436365	0	0.5879176	0.7615963	-5.334781	-0.2432806	1.631884
4.02	-0.07660016	0.002975464	0.3456973	0	0.5842562	0.7610676	-5.455025	-0.2127463	1.609283
4.04	-0.04341058	0.07126522	0.4773918	0	0.6247107	0.8316751	-6.969698	-0.2280135	1.603281
4.06	-0.1046385	0.002975464	0.1627781	0	0.6171827	0.8528674	-7.919703	-0.1974791	1.438839
4.08	-0.1002974	0.002975464	0.2047181	0	0.5870237	0.8316137	-6.938286	-0.2585478	1.747725
4.1	-0.1446503	0.002975464	-0.02318209	0	0.6245239	0.8870875	-7.907543	-0.2280135	1.71328
4.12	-0.09502014	0.002975464	0.2640331	0	0.590034	0.8260843	-6.048877	-0.1516776	1.975695
4.14	-0.1215818	0.002975464	0.1259365	0	0.6211253	0.8478464	-6.922268	-0.2585478	1.701534
4.16	-0.1053547	0.002975464	0.2261655	0	0.6177184	0.8455949	-6.447202	-0.3043494	1.860535
4.18	-0.08503193	0.002975464	0.3428669	0	0.6020522	0.8055583	-5.884232	-0.2432806	1.7729
4.2	-0.08527289	0.002975464	0.3420899	0	0.5978245	0.7926297	-5.956117	-0.273815	1.654741
4.22	-0.07563907	0.002975464	0.3932093	0	0.5818162	0.7700444	-5.621926	-0.2585478	1.651976
4.24	-0.05871129	0.002975464	0.4787064	0	0.554165	0.7227066	-4.974358	-0.2585478	1.593453
4.26	-0.06604776	0.002975464	0.4272475	0	0.547034	0.7104839	-5.053706	-0.2432806	1.493605
4.28	-0.06866256	0.002975464	0.4027614	0	0.5409553	0.7071564	-4.929377	-0.2585478	1.537139
4.3	-0.106743	0.002975464	0.1896716	0	0.5781087	0.7729716	-6.012325	-0.2432806	1.560101
4.32	-0.1047129	0.002975464	0.2057728	0	0.5916905	0.8022009	-5.874163	-0.2585478	1.794393
4.34	-0.09178345	0.002975464	0.2816117	0	0.5942231	0.7915474	-5.513878	-0.2585478	1.801609
4.36	-0.08861235	0.002975464	0.3026678	0	0.6005358	0.789549	-5.532814	-0.273815	1.739955
4.38	-0.09631657	0.002975464	0.26568	0	0.6148009	0.8110031	-5.910583	-0.2585478	1.727897
4.4	-0.09880684	0.002975464	0.2598916	0	0.6243741	0.8294251	-6.110331	-0.273815	1.775409
4.42	-0.09170213	0.002975464	0.3064324	0	0.6225071	0.8255081	-5.990602	-0.1822119	1.791392
4.44	-0.01479596	0.07126522	0.6749296	0	0.6225674	0.8155267	-6.103026	-0.2890822	1.749399
4.46	-0.08623257	0.002975464	0.2936128	0	0.613187	0.8201323	-7.379516	-0.3196166	1.332781
4.48	-0.08821134	0.002975464	0.2928428	0	0.5813066	0.807614	-6.501637	-0.273815	1.69604
4.5	-0.1152313	0.002975464	0.1507358	0	0.5962674	0.8273916	-6.766642	-0.273815	1.698934
4.52	-0.1058119	0.002975464	0.2101859	0	0.5961887	0.8218755	-6.114997	-0.3043494	1.864637
4.54	-0.1035505	0.002975464	0.2284093	0	0.6067899	0.8187487	-5.946337	-0.2432806	1.828975
4.56	-0.04946763	0.002975464	0.5242889	0	0.5627256	0.7267684	-4.176027	0.0162614	1.832021
4.58	-0.1080765	0.002975464	0.1996709	0	0.6165471	0.7998652	-6.148081	-0.4875555	1.52843
4.6	0.002035685	0.07126522	0.7501463	0	0.5951535	0.7751794	-5.079825	-0.1211432	1.870831
4.62	-0.1339572	-0.06531429	0.06637838	0	0.5749007	0.7473238	-5.926016	-0.1516776	1.27493
4.64	-0.0830841	0.002975464	0.3435826	0	0.5677727	0.7559931	-4.41963	-0.3654181	1.984776
4.66	-0.04123115	0.07126522	0.5141094	0	0.6273727	0.8116508	-5.918296	-0.3043494	1.732428
4.68	-0.007631093	0.07126522	0.6541906	0	0.6192117	0.8092708	-6.560512	-0.1822119	1.544107
4.7	-0.0920209	0.002975464	0.2114018	0	0.6055456	0.8262495	-7.586972	-0.3348837	1.348981
4.72	-0.1219424	0.002975464	0.06901139	0	0.6047488	0.8617195	-7.264086	-0.1669452	1.785434
4.74	-0.02156539	0.07126522	0.5764794	0	0.5853649	0.804845	-5.770281	-0.1974791	1.959901
4.76	-0.09739267	0.002975464	0.175539	0	0.5933829	0.8011622	-6.84328	-0.3501509	1.430826
4.78	-0.1407128	0.002975464	-0.03883129	0	0.6275526	0.8845234	-7.301929	-0.2127463	1.842272
4.8	-0.1021775	0.002975464	0.1949944	0	0.6120315	0.8417323	-5.606052	-0.1364104	2.106189
4.82	-0.08123334	0.002975464	0.3211801	0	0.6080296	0.791108	-4.879833	-0.273815	1.906791
4.84	-0.003050737	0.07126522	0.6986638	0	0.6166618	0.7781181	-4.957844	-0.3654181	1.7982
4.86	-0.06408198	0.002975464	0.3762462	0	0.6053857	0.7716783	-5.962312	-0.2280135	1.382429
4.88	-0.07061801	0.002975464	0.35187	0	0.5818901	0.7670805	-5.325651	-0.1974791	1.689387
4.9	-0.101809	0.002975464	0.1904629	0	0.6049685	0.8027762	-5.811506	-0.2432806	1.718298
4.92	-0.1115954	0.002975464	0.152036	0	0.6293543	0.8416766	-5.889756	-0.2280135	1.906696
4.94	-0.09321718	0.002975464	0.2682014	0	0.632838	0.8306295	-5.306932	-0.2432806	1.980416
4.96	-0.02611762	0.07126522	0.5914264	0	0.6581142	0.8461317	-5.833436	-0.2432806	1.887557
4.98	-0.001025066	0.07126522	0.6902403	0	0.6442853	0.8287605	-6.655177	-0.2432806	1.535769
5	-0.05772002	0.002975464	0.3991998	0	0.5917839	0.7866445	-6.635961	-0.1822119	1.374532
5.02	-0.102708	0.002975464	0.1674551	0	0.588997	0.8148099	-6.653535	-0.273815	1.640577
5.04	-0.1001541	0.002975464	0.194926	0	0.5838619	0.8031272	-5.652719	-0.273815	1.894437
5.06	-0.1080236	0.002975464	0.1630527	0	0.6074685	0.8137586	-5.504913	-0.1974791	1.90107
5.08	-0.1128701	0.002975464	0.1515583	0	0.6395589	0.8462237	-5.620212	-0.3043494	1.972969
5.1	-0.0255682	0.07126522	0.5890405	0	0.6579747	0.8494582	-5.496925	-0.3654181	2.024729
5.12	-0.0629546	0.002975464	0.4029011	0	0.6352168	0.8090689	-5.90186	-0.2280135	1.565915
5.14	-0.09491323	0.002975464	0.2450051	0	0.6394786	0.8440924	-6.2809	-0.3196166	1.736716
5.16	-0.1080624	0.002975464	0.1914247	0	0.6509724	0.8707982	-6.304831	-0.2585478	1.907357
5.18	-0.02123807	0.07126522	0.6255422	7	0.6512854	0.8536284	-4.916444	-0.2585478	2.239858
5.2	-0.06723346	0.002975464	0.3892436	7	0.6449703	0.8114601	-3.953683	-0.2432806	2.060526
5.22	-0.07356048	0.002975464	0.3694192	7	0.6654916	0.8131024	-1.824609	-0.2585478	2.600578
5.24	-0.05256873	0.002975464	0.4983445	7	0.7064068	0.7935514	0.7529962	-0.1974791	2.975565
5.26	-0.002100773	0.002975464	0.7867852	7	0.7447156	0.7409917	3.818625	-0.2127463	3.226428
5.28	-0.01305349	0.002975464	0.7435113	7	0.8558838	0.8057728	4.447058	0.3979405	3.317124
5.3	0.02833302	0.002975464	1.000985	7	0.9355926	0.8376142	6.47804	0.2758034	3.761874
5.32	0.04558076	0.002975464	1.132685	7	1.037642	0.8898589	7.415087	0.1689328	3.900595
5.34	0.160545	0.002975464	1.79746	7	1.035473	0.776065	11.45852	1.665116	4.163133
5.36	0.112765	0.002975464	1.565824	7	1.165185	0.8779871	10.13148	4.382673	3.841713
5.38	0.1684692	0.002975464	1.916335	7	1.209579	0.8978478	12.32043	5.420841	4.443191
5.4	0.1346661	0.002975464	1.779897	7	1.334531	1.014053	11.48922	2.413208	4.449862
5.42	0.1246951	0.002975464	1.793501	7	1.454951	1.156408	11.37454	6.489543	4.966257
5.44	0.2866384	0.002975464	2.740164	7	1.400542	0.9698887	16.83884	2.443742	5.34776
5.46	0.1564485	0.002975464	2.076336	7	1.595103	1.1823	12.67512	5.405574	4.71967
5.48	0.1821413	0.002975464	2.299067	7	1.681082	1.316509	13.7509	3.741452	5.764223
5.5	0.1087146	0.002975464	1.991105	7	1.86903	1.548121	11.29017	2.520078	5.927104
5.52	0.2031519	0.002975464	2.614981	7	1.908971	1.552254	14.17846	3.542979	6.656647
5.54	-0.1413341	-0.2701836	1.05968	7	2.04994	1.712635	12.65315	3.405574	6.408326
5.56	-0.09519805	-0.2701836	1.6277	7	2.121251	1.743201	19.56743	5.252903	8.548036
5.58	-0.1076145	-0.3384733	1.885752	7	2.268416	1.717501	23.38439	5.359772	8.609279
5.6	-0.1685024	-0.4067631	1.911348	7	2.482392	1.854436	24.80947	6.932292	8.984581
5.62	0.406918	0.002975464	5.043057	7	2.607261	1.803953	28.7429	10.35214	9.614074
5.64	0.2960188	0.002975464	4.431598	7	2.924048	2.198035	14.90823	6.382673	6.748949
5.66	0.3179495	0.002975464	4.612612	7	2.941546	2.461574	10.30885	11.05443	7.521768
5.68	-0.1924678	-0.4067631	2.227562	7	2.924189	2.631721	6.759968	4.474277	7.455868
5.7	-0.1615401	-0.3384733	2.709064	7	2.898468	2.656408	13.91442	0.3826737	10.27973
5.72	-0.2666306	-0.3384733	2.402681	7	3.135227	2.845944	13.12509	-0.1974791	10.34025
5.74	1.105678	0.6858721	9.290393	7	3.119424	2.528612	20.4704	2.474277	11.24911
5.76	1.007078	0.6175833	8.218142	7	3.247671	2.679302	-2.49399	9.008627	4.084184
5.78	0.7096021	0.4127131	6.356487	7	2.979593	2.931781	-11.51923	8.443742	4.640787
5.8	-0.1198759	0.3444233	1.738441	7	3.338506	4.067379	-31.2959	4.413208	6.20179
5.82	1.39446	1.36877	9.154029	7	2.912007	3.514621	-12.51845	-15.73946	11.11113
5.84	-0.5775704	0.07126522	-1.35903	7	3.38742	4.355743	-45.65425	-6.960837	3.22859
5.86	0.9131131	0.6175833	6.6473	7	2.279668	2.900124	6.286702	-1.11351	14.2831
5.88	-0.1444227	0.5492926	0.6254086	7	3.247762	3.815746	-24.85461	-1.128777	6.412745
5.9	1.325398	0.3444233	8.670562	7	1.771789	1.454865	35.16105	1.634582	13.04362
5.92	0.2395677	0.4127131	2.45825	7	2.7313	2.334651	3.979234	7.42084	5.047625
5.94	1.919201	0.9590311	11.06453	7	1.923161	1.07248	43.10343	6.840689	11.84629
5.96	0.5347822	0.9590311	2.932962	7	3.356895	3.050556	-12.22136	7.680383	3.037618
5.98	1.407004	0.6858721	7.67146	7	2.419518	2.110921	23.75633	-5.32725	11.48678
6	-0.2990813	0.2761335	-1.413093	7	3.533905	3.687027	-12.26216	4.000993	6.795276
6.02	1.24056	1.02732	6.799709	7	3.198021	3.215323	22.30688	-13.17458	16.87865
6.04	-0.3740705	0.6175833	-1.861013	7	4.77708	5.279867	-28.71537	14.58115	8.993836
6.06	1.85385	1.23219	10.14845	7	3.699079	3.693199	22.44119	-3.32725	18.59204
6.08	1.239352	1.02732	6.533055	7	4.032856	3.593632	-4.572658	22.48954	6.386
6.1	3.25027	1.710217	16.68178	7	2.486211	1.398026	36.66163	5.787253	9.842924
6.12	1.08029	1.02732	4.445941	7	3.237964	2.783753	-19.1784	17.54298	-1.474754
6.14	1.82365	1.573638	7.986567	7	2.744065	2.983695	1.319453	-23.80053	10.68648
6.16	2.057702	1.915086	8.420187	7	2.800503	2.786427	-4.022016	-8.960837	7.051203
6.18	2.075737	2.188245	7.612846	7	3.038692	3.349603	-18.0562	-15.17458	6.355715
6.2	1.732569	2.871142	4.583338	7	4.166628	5.582744	-60.41399	2.840688	6.874632
6.22	2.238297	2.256536	6.992304	7	3.143258	4.431911	-35.53304	-8.960837	9.707199
6.24	3.263966	3.827197	10.83861	7	3.39088	4.652223	-51.1475	-3.235647	6.91412
6.26	3.235818	3.144301	9.685953	7	2.487343	3.616742	-49.92187	2.352139	2.057292
6.28	3.135057	3.485749	7.893656	7	2.106023	3.551178	-55.11862	-2.960838	2.170657
6.3	3.056586	3.895488	6.075151	7	2.172126	4.086131	-66.36974	-12.48755	3.230691
6.32	3.612333	4.168647	7.704525	7	1.715108	3.582096	-56.91146	-17.9074	4.543538
6.34	4.580059	4.510095	11.33381	7	0.7816978	1.971159	-36.2885	-15.75473	2.262597
6.36	4.781184	4.851542	10.53898	7	0.409847	1.376551	-40.88256	-7.205112	-2.420696
6.38	4.434041	5.124701	6.819001	7	0.6050652	2.163852	-60.0592	-6.105876	-2.685612
6.4	4.753551	5.466149	6.815036	7	0.448079	2.332586	-58.81733	-18.16694	0.3431034
6.42	4.513005	5.739308	3.820772	7	0.8622046	3.149176	-76.13408	-27.20511	-0.2985868
6.44	5.664069	6.012467	8.465635	7	-0.01273924	1.831501	-47.69007	-8.273814	2.291202
6.46	6.56606	6.353915	11.4287	7	-0.9246986	-0.02074146	-29.52293	-6.655494	-3.194904
6.48	6.85409	6.627074	10.89699	7	-1.505708	-0.9152203	-27.73483	-0.6554945	-7.399365
6.5	6.353893	6.968522	6.087436	7	-1.150762	0.09264815	-51.65363	-3.144044	-8.104058
6.52	7.956783	8.129447	12.19123	7	-1.641111	-0.4004402	-38.01706	-16.28908	-4.05055
6.54	8.608474	9.085504	12.58595	7	-1.482687	-0.1473747	-67.49867	-23.38832	-11.61876
6.56	7.773762	8.470897	5.89821	7	-1.830112	0.3103188	-89.96417	-25.8616	-14.00336
6.58	8.363767	8.744054	7.054831	7	-2.970126	-0.777364	-64.09062	-28.51809	-8.697906
6.6	9.592386	9.904979	10.811	7	-3.567839	-1.941365	-52.80721	-30.64023	-11.04808
6.62	8.242441	8.744054	1.749475	7	-3.960349	-2.290784	-60.60295	-35.58679	-16.45092
6.64	8.682241	9.017213	2.49418	7	-4.675968	-3.172868	-23.50128	-35.32725	-8.021365
6.66	11.02335	11.0659	12.00356	7	-4.742936	-4.245567	-4.678988	-27.08297	-8.976761
6.68	9.796953	9.83669	3.417928	7	-4.68689	-4.336468	-28.1509	-15.31198	-19.9077
6.7	8.830286	9.017213	-2.668577	7	-5.074802	-4.283729	-9.093924	1.634582	-12.16008
6.72	8.338362	9.085504	-6.040899	7	-4.47832	-3.725856	5.843651	11.68038	-5.744925
6.74	10.14274	10.51959	2.16088	7	-3.808308	-3.75785	27.0136	4.749085	-1.278761
6.76	10.56992	10.4513	3.130378	7	-3.309787	-3.919039	16.72739	-7.769998	-9.35531
6.78	9.421017	9.017213	-3.068234	7	-3.539865	-4.12546	19.83761	-5.617326	-10.80904
6.8	9.426986	9.085504	-2.997675	7	-3.618944	-4.343134	43.80348	9.649849	-4.354033
6.82	9.982342	10.17814	-0.7848374	7	-2.501137	-3.28001	31.84952	23.02389	-3.791105
6.84	10.24779	10.24643	0.08393768	7	-1.848837	-2.505455	15.78212	19.87886	-5.770914
6.86	9.702062	9.49524	-2.67734	7	-1.849612	-2.319946	10.17998	15.02389	-6.864721
6.88	8.705723	9.017213	-7.448389	7	-1.455961	-1.431265	2.601293	16.30634	-4.108857
6.9	9.123391	9.358663	-4.75897	7	-1.227966	-1.221881	15.69376	14.07733	1.349041
6.92	8.548081	8.744054	-7.037455	7	-0.8540615	-1.076414	13.91799	6.336872	-0.7982569
6.94	10.03724	9.63182	1.125493	7	-1.024792	-1.778956	35.61324	5.039161	2.227149
6.96	9.509244	9.017213	-1.359091	7	-0.9472464	-2.028112	20.96372	22.3674	-6.098026
6.98	9.881645	9.358663	0.771153	7	-1.138618	-2.011443	22.481	19.45137	-3.788387
7	8.17752	7.856288	-7.254296	7	-1.275798	-1.937301	16.02623	17.81779	-6.29956
7.02	7.720595	8.129447	-8.740047	7	-0.6778347	-0.7784219	19.23581	2.550612	2.35767
7.04	8.865746	9.085504	-2.30415	7	-0.07089369	-0.4465695	24.68451	-10.09061	5.015339
7.06	8.658167	8.402606	-2.728264	7	0.03950456	-0.6949745	17.38766	-13.32725	-1.076779
7.08	8.593745	8.470897	-2.49183	7	0.1726679	-0.3184706	10.20208	18.38267	-0.5627642
7.1	7.514173	7.992867	-7.400527	7	0.7612048	0.9255907	-12.94626	25.35977	-0.7697344
7.12	7.573266	8.129447	-6.173885	7	1.019477	1.604463	-11.80011	6.092597	4.676815
7.14	8.814486	9.017213	0.6376712	7	1.052636	1.324506	-9.519569	-7.052441	3.961831
7.16	8.265402	7.583131	-1.32452	7	-0.01440704	-0.3542479	1.320127	1.084964	-3.296666
7.18	8.852685	8.470897	1.880049	7	-0.4007477	-0.7703036	7.306324	24.77962	-1.648552
7.2	6.812358	6.968522	-8.076184	7	-0.2863612	-0.2326176	-11.05409	10.99336	-5.368353
7.22	6.965363	7.036813	-6.168101	7	-0.5756817	-0.4340167	20.75084	-10.18221	5.249757
7.24	7.031969	6.968522	-4.930604	7	-0.3610933	-0.9312385	35.4782	-19.44939	4.322605
7.26	7.802112	7.036813	-0.09257364	7	-0.5796698	-2.006434	59.76404	-11.43412	4.01069
7.28	6.846569	6.968522	-4.709407	7	0.6385253	-0.4397946	24.68672	24.87122	-0.4201393
7.3	6.893094	6.968522	-3.66074	7	1.127629	0.6157958	19.5968	14.03153	4.87486
7.32	7.313328	6.968522	-0.6557684	7	1.079776	0.3392934	24.38909	4.749085	4.375154
7.34	8.631328	7.924579	6.273794	7	0.871534	-0.2264436	23.59276	7.115497	1.489849
7.36	8.821049	8.470897	6.557947	7	1.081409	0.4263816	-16.57545	8.626947	-6.3507
7.38	7.375377	7.583131	-1.14181	7	0.9565364	1.595009	-52.98521	0.3216045	-8.09459
7.4	7.248897	7.583131	-1.59231	7	0.2580727	1.571953	-43.79928	-8.56389	-1.115464
7.42	7.511826	8.197738	-0.548825	7	0.2061338	1.605378	-47.57491	-18.39595	-0.9925842
7.44	7.758277	8.129447	0.4615085	7	-0.2794469	0.9582397	-42.29965	-28.15167	-2.447528
7.46	8.090337	7.924579	1.989321	7	-1.272529	-0.5599095	-21.66703	-17.54099	-4.014691
7.48	6.363972	6.968522	-7.015526	7	-1.156091	-0.1646711	-33.00838	6.550612	-6.159362
7.5	6.908354	7.924579	-4.300518	7	-0.6757704	0.6791309	-22.57818	-0.7165628	3.426125
7.52	6.232615	7.036813	-7.439794	7	-0.3388728	0.7061696	-20.37112	-8.289082	1.280902
7.54	6.87633	7.036813	-3.431564	7	-0.631274	-0.2308112	12.30405	-9.876868	5.300292
7.56	7.988814	8.744054	1.626409	7	0.5909079	0.8760622	-13.34844	19.55824	1.947003
7.58	7.867942	8.197738	0.686106	7	0.7400773	1.30347	-36.68703	21.83305	-3.429241
7.6	7.844401	8.129447	0.4100043	7	0.3608471	1.337166	-43.33617	14.87122	-3.165648
7.62	7.703713	8.197738	-0.586627	7	0.07906282	1.355345	-50.27057	1.176567	-3.573613
7.64	7.69511	8.266026	-0.9190526	7	-0.25355	1.20437	-50.8326	-14.41122	-3.136713
7.66	7.636107	8.129447	-1.441991	7	-0.7042558	0.6976438	-44.54191	-21.05244	-3.274359
7.68	7.999027	8.197738	0.1961199	7	-1.340919	-0.3207123	-27.13177	-18.06007	-3.073278
7.7	7.970678	8.334317	-0.4864364	7	-1.445686	-0.604898	-27.42184	-4.41122	-5.082619
7.72	7.641034	8.197738	-2.612967	7	-1.377163	-0.3794071	-30.47293	-2.777632	-4.687137
7.74	8.469599	9.017213	0.996115	7	-1.278755	-0.2866302	-27.86624	-3.098242	-2.567807
7.76	7.131809	7.583131	-5.939022	7	-1.442402	-0.4755502	-31.99561	-7.174578	-6.621295
7.78	7.138534	7.583131	-5.544602	7	-1.674542	-0.7735319	-5.953694	-9.892135	0.6387186
7.8	7.16342	7.65142	-5.2058	7	-1.322858	-0.9013866	4.540642	-1.693662	0.9536228
7.82	7.214678	7.583131	-4.646142	7	-0.8943942	-0.7744856	10.08514	-3.663128	1.37556
7.84	7.747178	7.583131	-1.485075	7	-0.9220073	-1.344644	25.57425	7.833055	1.501616
7.86	7.651539	7.583131	-1.821171	7	-0.5368973	-1.126422	17.66107	17.43611	-1.347086
7.88	7.408668	7.583131	-2.881754	7	-0.04399006	-0.2812124	4.480059	13.19183	-0.8007183
7.9	7.3225	7.65142	-3.056487	7	0.368186	0.4987389	-6.378339	10.47428	0.4988928
7.92	7.463929	7.51484	-1.870387	7	0.2541385	0.3692386	-3.502226	1.130765	0.8523321
7.94	7.66781	7.65142	-0.5611252	7	0.150144	0.1716481	-4.148528	3.451375	-0.3209829
7.96	7.453896	7.51484	-1.476242	7	0.1011392	0.2285514	-10.71444	3.039162	-1.815509
7.98	7.302226	7.51484	-2.071392	7	0.09144706	0.4564488	-14.96865	2.88649	-1.032372
8	8.801865	9.017213	5.085123	7	0.1975449	0.6057548	-21.41053	-1.037174	-0.4756775
8.02	8.174706	8.197738	1.376974	7	-0.1735366	0.3707265	-42.95115	0.5811466	-8.684231
8.04	8.08188	8.197738	0.6081734	7	-0.875465	0.1021089	-39.62291	-0.5638914	-5.951799
8.06	7.55744	8.129447	-2.497782	7	-1.033844	0.2425263	-45.63123	-3.266181	-5.88867
8.08	7.418303	8.129447	-3.443933	7	-1.162775	0.2868282	-40.33446	-10.22801	-3.024268
8.1	7.66935	8.197738	-2.323725	7	-1.37616	-0.2041966	-27.69813	-20.86923	-2.047879
8.12	7.965224	8.197738	-1.009671	7	-1.6628	-0.9653597	-14.92544	-25.34252	-3.167269
8.14	9.615129	9.017213	6.902233	7	-2.491787	-2.728142	11.87908	-2.976105	-4.596198
8.16	7.800311	7.65142	-3.0141	7	-2.516051	-2.721955	-10.00356	14.65748	-13.55287
8.18	6.372304	6.968522	-10.06447	7	-2.245931	-1.583767	-4.195262	1.680384	-3.687819
8.2	5.981993	6.968522	-11.38491	7	-1.409694	-0.6863416	10.83149	-9.174578	4.643726
8.22	6.615985	6.968522	-7.129712	7	-0.9331682	-1.066612	38.89573	-18.12114	7.764107
8.24	7.301476	6.968522	-2.746157	7	-0.6215838	-1.801537	55.81756	-19.02191	4.919856
8.26	6.759124	7.036813	-5.135804	7	0.7005348	-0.2254242	24.19158	17.19183	1.314807
8.28	9.056674	9.017213	6.515999	7	1.319205	0.6705774	11.64199	20.19947	4.435969
8.3	8.002189	7.309972	1.319043	7	0.7254343	0.06236976	-13.86641	28.48954	-8.222006
8.32	8.389789	8.129447	3.229604	7	0.2127965	0.293286	-19.86524	18.90175	-3.961517
8.34	8.055244	8.197738	1.097211	7	0.01365435	0.5868323	-40.54263	6.199467	-6.877518
8.36	8.02658	8.129447	0.7170739	7	-0.6535653	0.2593507	-39.23726	-7.281448	-5.629756
8.38	7.020406	7.309972	-4.398166	7	-1.20289	-0.1510366	-35.42671	-14.80817	-5.999363
8.4	6.855566	7.309972	-5.008471	7	-1.480583	-0.4738769	-15.76466	-21.64786	-0.8313208
8.42	8.404056	8.744054	2.453137	7	-1.297445	-0.8222022	-4.928847	-26.01427	0.2889814
8.44	9.4659	9.017213	7.044231	7	-1.747525	-1.993365	-4.992351	6.672749	-7.563194
8.46	7.120865	7.309972	-5.446968	7	-1.767285	-1.348862	-34.05185	13.74145	-13.47802
8.48	6.669847	7.309972	-7.456857	7	-1.853171	-0.7351342	-14.73261	-0.4722883	-0.9466686
8.5	6.228778	7.241681	-9.375682	7	-1.146368	-0.1465826	-9.525084	-12.27381	1.931525
8.52	8.14502	8.744054	0.3800821	7	-0.5740063	-0.09402522	2.810514	-18.82343	5.111166
8.54	9.204659	8.197738	5.831539	7	-1.585409	-2.472208	23.35795	9.58878	-4.63461
8.56	7.915792	7.309972	-0.9722245	7	-1.885549	-2.719515	9.066425	27.13076	-11.07277
8.58	6.734686	7.309972	-7.068962	7	-1.18384	-0.8912349	-9.249346	12.2758	-4.511719
8.6	6.213786	7.241681	-9.300133	7	-0.3511752	0.5591723	-13.97576	-5.449387	2.301487
8.62	7.042473	7.309972	-4.211264	7	-0.4034194	-0.07896669	12.27969	-16.38068	5.662587
8.64	8.583107	8.197738	3.807993	7	-0.5154843	-1.174804	23.54203	-13.11351	1.207959
8.66	6.721677	7.241681	-5.909155	7	0.4253663	0.4771683	-27.5818	27.23763	-7.341454
8.68	6.813089	7.309972	-4.797566	7	0.3558071	1.2096	-19.87853	19.98573	2.555013
8.7	7.329515	7.309972	-1.543497	7	-0.1026231	0.1887857	-2.424523	-0.0600745	1.761415
8.72	7.367619	7.309972	-1.096809	7	-0.2487642	-0.2733431	-2.201535	-9.296715	-1.501012
8.74	7.48015	8.061158	-0.8563089	7	0.3966019	0.8903301	-27.60502	11.17657	-2.05934
8.76	6.546546	7.309972	-5.509212	7	0.6251386	1.80024	-47.65397	5.2071	-2.62496
8.78	9.054534	8.744054	7.355443	7	-0.5002109	0.05816597	-10.85196	-3.815799	2.117074
8.8	8.734946	8.744054	4.580141	7	-0.5888633	-0.2357221	-46.60033	-1.281449	-12.02795
8.82	8.732115	9.017213	3.510392	7	-1.07993	0.1589151	-63.12979	-2.090609	-10.74813
8.84	7.057382	8.197738	-5.841018	7	-1.109177	1.169333	-89.07603	6.749084	-11.09536
8.86	6.291284	7.241681	-9.338601	7	-1.97107	0.4985543	-54.59039	-7.510456	-2.019477
8.88	7.822862	8.812345	-1.810152	7	-1.878722	-0.1728408	-27.41267	-22.94557	2.232485
8.9	6.396056	6.968522	-8.907811	7	-1.959305	-0.9482198	-22.3425	-30.68603	-5.168176
8.92	6.628846	6.968522	-7.012423	7	-2.159577	-1.590515	15.84409	-32.56389	2.798521
8.94	8.483209	8.129447	2.548107	7	-2.182604	-2.940632	46.02935	7.634581	2.049454
8.96	7.514728	7.309972	-2.639086	7	-1.576829	-2.60077	21.90701	13.68038	-7.486936
8.98	8.251565	7.65142	1.319396	7	-1.823211	-2.806153	38.12342	14.21473	-2.060253
9	7.358228	7.583131	-3.553419	7	-0.8757498	-1.415783	4.58226	25.87886	-6.100922
9.02	8.107537	8.744054	-0.124439	7	0.0003453493	0.3493476	-17.94367	3.497177	-0.9904776
9.04	6.921045	6.968522	-5.64112	7	-0.4552773	-0.03546423	-20.06077	-9.724196	-4.762324
9.06	7.13573	7.105102	-3.801485	7	-0.9872616	-0.7089322	5.574739	-17.47992	0.9434013
9.08	7.157093	7.036813	-3.196804	7	-1.099414	-1.371809	17.64953	-13.46465	-0.5183887
9.1	6.630242	7.036813	-5.626319	7	-0.3933943	-0.4594848	4.177704	9.619314	-0.72258
9.12	6.748393	7.036813	-4.449804	7	-0.06894474	-0.01491848	6.604803	16.64221	2.354187
9.14	6.970797	6.968522	-2.711136	7	-0.006925367	-0.2193424	11.36698	12.23	1.707325
9.16	8.330448	7.924579	4.318448	7	-0.1526985	-0.7817026	15.99793	11.08496	0.2457752
9.18	9.288208	9.017213	8.224372	7	0.05627128	-0.4311664	-17.50161	12.77962	-7.488425
9.2	7.744336	7.924579	-0.3816507	7	-0.0968852	0.5675446	-60.44637	7.833055	-13.11507
9.22	6.579702	6.968522	-6.015267	7	-0.9948545	0.5465537	-49.28661	-4.976105	-5.550806
9.24	6.3998	7.036813	-6.522204	7	-1.366858	0.03830384	-24.75936	-13.41885	0.1843729
9.26	6.406049	7.036813	-6.152307	7	-1.243013	-0.3457257	-8.439864	-22.41122	1.335986
9.28	7.298745	7.65142	-1.510056	7	-1.006281	-0.6726775	3.644979	-24.33488	1.750023
9.3	6.459598	7.583131	-6.148239	7	0.2782502	1.106994	-35.84841	21.57351	-2.673566
9.32	7.675517	8.470897	-0.02159882	7	0.5404161	1.773864	-38.13499	16.87122	2.355529
9.34	7.464688	7.583131	-0.9736496	7	-0.1071852	0.7553849	-37.91404	3.955192	-4.223683
9.36	7.535769	7.583131	-0.5410555	7	-0.8203935	-0.04141682	-27.32861	6.459009	-3.828405
9.38	6.867413	7.583131	-4.219455	7	-0.6031238	0.5275759	-41.72087	4.672749	-4.700796
9.4	7.042733	7.583131	-3.223969	7	-0.8561189	0.3419871	-29.92976	-6.273814	-1.003928
9.42	7.16874	7.583131	-2.578753	7	-1.009688	-0.1318395	-22.2982	-11.40359	-1.937334
9.44	6.625526	6.695365	-4.928866	7	-1.496328	-1.025398	-4.631429	-10.53336	-2.560014
9.46	5.802786	6.763654	-8.919828	7	-0.6443428	0.1611798	-14.10424	3.573513	0.2616873
9.48	6.268572	6.695365	-5.745516	7	-0.5456685	-0.07589	9.552641	-1.724197	5.351795
9.5	6.478797	6.763654	-4.150002	7	-0.1088374	-0.1690801	12.54272	5.359772	3.077973
9.52	6.841083	6.763654	-1.765754	7	0.005838022	-0.3840836	17.29387	16.21473	2.099853
9.54	7.367213	7.583131	0.8087327	7	0.6404141	0.4290758	-3.750235	18.3216	-0.03562546
9.56	7.31305	7.583131	0.3618057	7	0.9006598	1.208801	-29.64615	13.92466	-2.944217
9.58	7.254143	7.583131	-0.02546859	7	0.7036076	1.570023	-43.78112	3.451375	-3.113309
9.6	6.676525	6.763654	-2.624108	7	-0.1413836	0.8162997	-35.71942	-8.182211	-3.408255
9.62	6.314941	6.695365	-4.173373	7	-0.5008143	0.4853957	-25.55296	-13.20511	-1.041701
9.64	6.254228	6.627074	-4.141875	7	-0.6610062	0.08378954	-11.63829	-12.7929	0.7506866
9.66	7.99411	8.129447	4.372487	7	-0.5984221	-0.3609259	-2.768987	-4.075341	1.162012
9.68	8.068615	8.197738	3.803182	7	-0.3950302	-0.1641002	-32.25138	1.604048	-7.996511
9.7	8.095191	8.129447	3.210346	7	-0.9137069	-0.1783669	-42.17902	2.123132	-8.525193
9.72	7.04346	7.309972	-2.553786	7	-1.501783	-0.3674178	-45.53578	-5.098242	-9.062251
9.74	6.53083	7.241681	-5.314778	7	-1.677946	-0.2236826	-35.71388	-15.43412	-3.615451
9.76	6.541683	7.241681	-5.228441	7	-1.663392	-0.4710297	-18.99085	-26.22801	-0.4799929
9.78	6.925247	7.241681	-3.153819	7	-1.726259	-1.185081	1.275833	-30.35015	0.02496243
9.8	8.530077	7.241681	5.370182	7	-3.113344	-4.267223	57.10665	0.703284	-1.599666
9.82	9.143122	8.197738	7.402773	7	-2.914432	-4.745256	43.73309	23.49718	-10.50472
9.84	7.813645	7.583131	-0.3685102	7	-2.327168	-3.237958	6.307809	9.390306	-13.45221
9.86	6.805675	7.51484	-5.940745	7	-1.484606	-1.022038	-16.98118	-4.197479	-5.934318
9.88	7.114555	7.65142	-4.21792	7	-1.267049	-0.5979388	-7.087288	-15.29671	0.151886
9.9	7.502963	7.583131	-2.039732	7	-1.353602	-1.225042	5.084199	-26.09061	-1.130365
9.92	7.546262	7.583131	-1.800639	7	-1.245925	-1.352529	4.406569	-30.19748	-3.15499
9.94	8.191774	7.51484	1.717808	7	-1.928259	-2.60753	26.67503	-7.128777	-3.339056
9.96	7.682689	6.968522	-0.7951355	7	-2.281443	-3.353888	31.77393	21.97046	-7.145459
9.98	6.289962	6.012467	-7.377991	7	-2.174177	-3.018592	35.80164	12.55061	-4.584071
10	5.898862	6.149047	-8.60258	7	-1.365769	-1.993697	44.23656	14.71855	3.111182
10.02	7.246119	7.309972	-1.276301	7	-0.4175772	-1.421353	48.84455	2.107864	5.917334
10.04	7.842143	7.309972	1.988101	7	-0.03210968	-1.473247	36.52086	-3.418853	-0.8121471
10.06	7.139962	6.695365	-1.282701	7	0.1169809	-0.9257178	15.45547	22.73382	-4.346624
10.08	7.826293	7.583131	2.302479	7	0.1935576	-0.3478669	6.628692	23.2529	-1.187656
10.1	7.426829	7.036813	0.3907058	7	-0.1442366	-0.5459692	-4.431405	10.06206	-5.336452
10.12	7.342819	6.968522	0.1737159	7	-0.6852463	-0.8913275	-0.09333515	-6.365417	-3.931823
10.14	7.368323	6.968522	0.4117129	7	-1.160876	-1.480232	7.363936	-4.808166	-4.056983
10.16	7.179742	7.105102	-0.7043822	7	-1.118524	-1.315472	1.607654	-4.487556	-4.547909
10.18	6.126706	6.080756	-5.661724	7	-1.29093	-1.350151	6.513436	-9.418853	-3.5321
10.2	5.847867	6.080756	-6.457599	7	-1.03788	-1.067876	19.96978	-2.090609	2.07711
10.22	6.061455	6.149047	-4.688729	7	-0.6447923	-1.084924	32.54572	-3.373052	3.939692
10.24	6.127357	6.080756	-3.71896	7	-0.1423316	-0.9101665	34.13124	6.459009	3.116416
10.26	6.318211	6.080756	-2.093181	7	0.1991152	-0.7413859	34.52751	19.32924	2.90179
10.28	7.330413	7.309972	2.993418	7	0.9490377	0.1862248	13.67594	19.37504	1.756451
10.3	6.439428	6.353915	-1.376601	7	1.070577	0.7960013	-14.23739	19.08496	-3.769054
10.32	6.420664	6.490495	-1.080643	7	0.8378094	1.15661	-16.84232	15.51244	0.3152933
10.34	5.85156	6.353915	-3.735955	7	1.009288	1.746564	-31.2486	-0.3501509	-0.1777306
10.36	7.172617	7.309972	3.096118	7	0.6374602	1.284211	-20.64376	-6.13641	2.573822
10.38	5.660344	6.080756	-4.590258	7	0.6040179	1.43988	-43.41667	0.09259687	-4.94262
10.4	5.90565	6.080756	-2.715916	7	-0.1212002	0.8075685	-15.71029	0.5964138	2.764632
10.42	6.65487	7.036813	0.904825	7	0.06092483	0.6236458	-15.97395	-3.892135	1.128567
10.44	6.874987	7.036813	1.677372	7	-0.01646535	0.4444484	-23.91982	-10.35015	-2.725294
10.46	6.428942	7.036813	-1.094662	7	0.2153198	1.222781	-45.17783	5.527711	-4.04471
10.48	6.925449	7.583131	0.9633672	7	0.1423234	1.549714	-50.23008	-3.769998	-1.624335
10.5	6.373987	6.695365	-1.94901	7	-0.5253763	0.766749	-44.88355	-10.38068	-4.302298
10.52	6.434515	6.763654	-1.688536	7	-1.061464	0.06898503	-27.17084	-13.44939	-1.647507
10.54	5.929111	6.763654	-4.556789	7	-0.7020673	0.4992223	-33.25169	-2.716563	-1.909787
10.56	5.865048	6.695365	-4.841077	7	-0.4748132	0.7879128	-27.03635	-7.052441	1.35066
10.58	6.378147	6.695365	-1.995811	7	-0.6728152	0.03365353	-7.2068	-1.357785	2.167246
10.6	6.652546	6.695365	-0.5626605	7	-0.7734156	-0.6334415	1.786181	4.107864	-0.4011898
10.62	6.485271	6.695365	-1.547446	7	-0.51847	-0.39003	-4.441419	9.955193	-1.757688
10.64	6.278068	6.763654	-2.702703	7	-0.08306938	0.3773685	-14.84095	6.352139	-0.6429796
10.66	7.203182	7.583131	1.740645	7	0.1367375	0.6770327	-18.28556	0.4132081	0.731142
10.68	6.662378	6.695365	-1.045515	7	-0.2207817	0.2117281	-22.95985	-0.4264868	-4.139399
10.7	6.546053	6.763654	-1.612934	7	-0.4556216	0.1647426	-18.43745	-0.1211432	-1.611816
10.72	6.482189	6.695365	-1.888251	7	-0.6108502	-0.09502157	-12.02635	-6.441753	-1.061082
10.74	6.603094	6.695365	-1.207183	7	-0.7656197	-0.4842649	-2.783723	-6.640227	-0.6725988
10.76	6.375243	6.763654	-2.493074	7	-0.4092291	-0.05451661	-10.25105	0.611681	-1.239042
10.78	6.476295	6.695365	-1.856306	7	-0.3915559	-0.05271316	-5.171843	0.5811466	0.2795134
10.8	6.558848	6.695365	-1.346522	7	-0.3602309	-0.1788316	-2.491642	-0.5028227	-0.1684399
10.82	6.588534	6.763654	-1.18542	7	-0.2246578	-0.05606111	-4.932908	1.48191	-0.5572863
10.84	6.726895	6.763654	-0.4220836	7	-0.2869751	-0.1811122	-2.898596	0.8254215	-0.6532907
10.86	6.552896	6.695365	-1.317716	7	-0.2048761	-0.03499965	-7.648697	3.359772	-1.45889
10.88	6.533641	6.763654	-1.396549	7	-0.1120538	0.2056029	-10.15668	-1.006639	-0.5330658
10.9	6.632935	6.763654	-0.8245296	7	-0.1753796	0.1083093	-8.238853	-0.8234335	-0.4075193
10.92	6.536426	6.695365	-1.285457	7	-0.1790617	0.1026634	-9.678805	-0.09060928	-1.001611
10.94	6.496045	6.627074	-1.392601	7	-0.2478628	0.03125803	-7.222689	-0.273815	-0.5188589
10.96	6.514296	6.695365	-1.259263	7	-0.2022047	0.06529957	-7.080123	-0.2585478	-0.3377142
10.98	6.565778	6.695365	-0.9480602	7	-0.2085001	0.01601105	-6.025012	-0.1364104	-0.3986053
11	6.554503	6.695365	-0.987419	7	-0.1814404	0.03756009	-6.988934	-0.441754	-0.6783247
11.02	6.611159	6.763654	-0.7082409	7	-0.1518615	0.09377244	-8.099534	-0.0600745	-0.6156693
11.04	6.593021	6.695365	-0.7799021	7	-0.2083268	0.02511291	-7.847601	-0.3348837	-0.9174232
11.06	6.60177	6.763654	-0.7683525	7	-0.1862739	0.08856919	-9.314236	-0.3043494	-0.8677607
11.08	6.563727	6.695365	-0.9500462	7	-0.2356361	0.04522176	-8.824949	-0.2280135	-0.9036446
11.1	6.472669	6.627074	-1.374021	7	-0.2584968	0.02908365	-7.954595	-0.3196166	-0.7197866
11.12	6.504746	6.695365	-1.188375	7	-0.2138333	0.07605979	-7.200884	-0.1669452	-0.2154036
11.14	6.49602	6.695365	-1.219391	7	-0.1448091	0.1409998	-8.08906	-0.3043494	-0.3208361
11.16	6.541436	6.695365	-0.9486936	7	-0.1419289	0.1232495	-7.252437	-0.01427339	-0.2199497
11.18	6.558357	6.695365	-0.8414015	7	-0.1404729	0.09936242	-7.277893	-0.1974791	-0.4553709
11.2	6.571395	6.695365	-0.7599728	7	-0.1533915	0.0782624	-7.204925	-0.3043494	-0.5487881
11.22	6.585804	6.695365	-0.6777033	7	-0.1802522	0.03960339	-6.847069	-0.1822119	-0.6284657
11.24	6.63132	6.763654	-0.4857782	7	-0.1668398	0.06501146	-7.828439	-0.2280135	-0.7171564
11.26	6.62046	6.763654	-0.5913887	7	-0.1630519	0.1015705	-9.446985	-0.2890822	-0.9478655
11.28	6.652476	6.763654	-0.4577273	7	-0.2269414	0.04149811	-8.711702	-0.273815	-0.8864813
11.3	6.609002	6.763654	-0.7390112	7	-0.2305923	0.06211058	-9.87748	-0.5944258	-1.074877
11.32	6.592249	6.763654	-0.8634388	7	-0.2400575	0.08429657	-9.848623	-0.2280135	-0.8163977
11.34	6.523964	6.695365	-1.208634	7	-0.2581913	0.06458406	-8.94743	-0.2280135	-0.6884232
11.36	6.511759	6.695365	-1.250101	7	-0.2439028	0.06383412	-7.424127	-0.2127463	-0.2801647
11.38	6.441846	6.627074	-1.550883	7	-0.2054411	0.07365013	-6.329422	-0.273815	-0.1434669
11.4	6.475522	6.627074	-1.291289	7	-0.1788483	0.04395448	-3.696709	-0.04480732	0.3048391
11.42	6.532833	6.695365	-0.9665401	7	-0.07780629	0.105048	-4.225914	-0.3043494	0.1868677
11.44	6.678346	6.763654	-0.2108687	7	-0.06198769	0.07251398	-4.04607	-0.1516776	-0.05145359
11.46	6.638004	6.695365	-0.4165345	7	-0.08360827	0.04107295	-5.680528	-0.2280135	-0.8420382
11.48	6.614865	6.695365	-0.529742	7	-0.1123246	0.06000266	-6.226136	-0.273815	-0.6803083
11.5	6.604164	6.695365	-0.5801427	7	-0.1399347	0.04982852	-6.152084	-0.2432806	-0.5888414
11.52	6.611373	6.695365	-0.5396518	7	-0.1735347	0.007704841	-5.43761	-0.5028227	-0.5444164
11.54	6.559775	6.695365	-0.8214624	7	-0.1374218	0.07317951	-6.713743	-0.2432806	-0.585288
11.56	6.581109	6.695365	-0.6973217	7	-0.1492526	0.06341532	-5.69978	-0.2280135	-0.270895
11.58	6.640326	6.763654	-0.4262474	7	-0.1223996	0.07860775	-6.177589	-0.2890822	-0.3652306
11.6	6.626567	6.763654	-0.5419021	7	-0.09202699	0.1356843	-8.05412	0.06206251	-0.6487789
11.62	6.519049	6.627074	-1.047304	7	-0.1485617	0.0931823	-7.06268	-0.4112196	-0.5552454
11.64	6.536363	6.695365	-0.939073	7	-0.1189333	0.1332627	-6.210441	-0.4722883	0.006160736
11.66	6.611875	6.695365	-0.5193043	7	-0.1533194	0.02130733	-3.825875	-0.3501509	-0.02883053
11.68	6.563725	6.695365	-0.7816564	7	-0.08884522	0.08659048	-5.652974	0.1842004	-0.4201565
11.7	6.669704	6.695365	-0.1993126	7	-0.1743527	-0.05569649	-2.317029	-0.3806853	-0.1148615
11.72	6.706147	6.831944	-0.1210018	7	-0.0690683	0.07502244	-6.348224	-0.6249601	-0.7067165
11.74	6.697915	6.763654	-0.1995508	7	-0.1206345	0.0576972	-6.918328	-0.3348837	-0.8442745
11.76	6.685908	6.763654	-0.301496	7	-0.1713351	0.02689044	-6.907159	-0.2127463	-0.8341675
11.78	6.673646	6.763654	-0.4067374	7	-0.2092925	-0.003053541	-6.55223	-0.2585478	-0.7792006
11.8	6.566673	6.695365	-0.9690172	7	-0.2079631	0.02270193	-6.692218	-0.2585478	-0.6959648
11.82	6.620197	6.763654	-0.7061556	7	-0.1833217	0.04943298	-5.357989	-0.2585478	-0.07212448
11.84	6.574455	6.695365	-0.9254642	7	-0.166102	0.02814067	-4.808934	-0.1516776	-0.2803116
11.86	6.606946	6.763654	-0.7683428	7	-0.0896042	0.1173683	-5.277685	0.09259687	0.01763535
11.88	6.579371	6.695365	-0.8714972	7	-0.07571284	0.1115358	-4.897127	-0.2585478	-0.07839394
11.9	6.599836	6.695365	-0.7179941	7	-0.07491674	0.08544936	-3.657509	-0.3043494	0.09132957
11.92	6.69303	6.763654	-0.2342304	7	-0.06670862	0.04975057	-3.074683	-0.1516776	-0.00258255
11.94	6.714478	6.763654	-0.1446739	7	-0.07137309	0.0255885	-3.95617	0.07733012	-0.4915876
11.96	6.665064	6.695365	-0.3858591	7	-0.1234674	-0.02119859	-3.704452	-0.3348837	-0.6211939
11.98	6.653459	6.695365	-0.4311114	7	-0.1569403	-0.05509961	-2.643822	-0.3501509	-0.3870153
12	6.650735	6.763654	-0.4845117	7	-0.08365282	0.053513	-4.392765	-0.6249601	-0.3198214
12.02	6.751831	6.763654	0.03795243	7	-0.1548291	-0.06754285	-2.071384	-0.5638914	-0.2436104
12.04	6.634146	6.695365	-0.5875826	7	-0.13682	-0.04277643	-3.83625	-0.2127463	-0.8041315
12.06	6.607539	6.695365	-0.7048336	7	-0.123961	0.0146421	-3.226769	-0.3196166	-0.1528187
12.08	6.629281	6.695365	-0.5610211	7	-0.1214179	-0.01554954	-1.789997	-0.2280135	0.03087139
12.1	6.634668	6.695365	-0.5120063	7	-0.09560845	-0.02010913	-1.450143	-0.01427339	-0.05102634
12.12	6.688504	6.763654	-0.2513273	7	-0.03839663	0.04181288	-2.393412	-0.1364104	-0.04503632
12.14	6.719061	6.763654	-0.107972	7	-0.03415462	0.04499909	-3.161621	-0.1974791	-0.2959375
12.16	6.730883	6.763654	-0.06550837	7	-0.0587968	0.02892112	-3.668075	-0.3196166	-0.4688835
12.18	6.725966	6.763654	-0.1158432	7	-0.08887544	0.01400257	-4.034475	-0.3043494	-0.5553188
12.2	6.623979	6.695365	-0.6379647	7	-0.09920978	0.03944562	-4.604029	-0.1822119	-0.5434952
12.22	6.616693	6.695365	-0.643626	7	-0.1113357	0.0339774	-2.983774	-0.5333571	0.01294231
12.24	6.618939	6.695365	-0.6049578	7	-0.09266425	0.01813478	-1.98833	-0.2127463	0.08569908
12.26	6.690956	6.763654	-0.2426221	7	-0.04884661	0.03822248	-1.923945	-0.02954014	0.1199617
12.28	6.593929	6.695365	-0.7346058	7	0.01706959	0.1356276	-4.206661	-0.2890822	-0.2200594
12.3	6.64187	6.695365	-0.4279428	7	-0.01242463	0.1018162	-2.153537	-0.1516776	0.3299656
12.32	6.638377	6.695365	-0.4176396	7	0.00338462	0.08554646	-2.222006	-0.273815	0.066082
12.34	6.55704	6.627074	-0.7761751	7	0.02381563	0.1196892	-2.469922	-0.273815	0.0927
12.36	6.721773	6.763654	0.08844049	7	0.0290769	0.09607379	-0.9296305	-0.2890822	0.5366812
12.38	6.713634	6.763654	0.006805927	7	0.07149663	0.1322099	-3.804071	-0.2280135	-0.3370323
12.4	6.83597	6.831944	0.5900012	7	0.006306472	0.076708	-3.581485	-0.2432806	-0.3024712
12.42	6.830658	6.831944	0.4703592	7	-0.05176761	0.0308079	-5.451353	-0.3806853	-1.013771
12.44	6.569328	6.627074	-0.8686678	7	-0.1145376	0.05444875	-6.451956	-0.2280135	-1.034115
12.46	6.688473	6.763654	-0.2511671	7	-0.1566722	0.01632506	-2.482319	-0.4722883	0.35005
12.48	6.585183	6.695365	-0.79812	7	-0.0923889	0.04440264	-3.556054	-0.3348837	-0.2258472
12.5	6.551282	6.627074	-0.897989	7	-0.0938521	0.02606368	-0.8785679	0.3826737	0.4148674
12.52	6.593661	6.695365	-0.6464772	7	-0.003036365	0.08106323	-0.3315091	-0.5028227	0.6552496
12.54	6.698629	6.763654	-0.101612	7	0.06799614	0.1143465	-0.6721617	-0.0600745	0.5212097
12.56	6.743208	6.763654	0.1204833	7	0.08263209	0.110012	-1.868411	0.2452687	0.001137733
12.58	6.68856	6.695365	-0.1410619	7	0.04907363	0.09508085	-2.577003	2.397941	-0.2597246
12.6	6.559718	6.695365	-0.8019691	7	0.1411962	0.3028488	-5.949897	1.359772	-0.01400089
12.62	6.705207	6.695365	0.03705753	7	0.0116558	0.1063603	-0.6498377	0.06206251	0.7118473
12.64	6.670937	6.695365	-0.1428351	7	0.02446337	0.05855586	-1.606559	0.9017578	-0.1241951
12.66	6.603342	6.695365	-0.4934192	7	0.09130437	0.1969437	-3.675178	1.97046	0.06515789
12.68	6.682627	6.763654	-0.08520851	7	0.1147241	0.2439719	-3.62894	0.8406886	0.4644356
12.7	6.726452	6.763654	0.1280734	7	0.0906303	0.1909956	-3.820606	-0.3959524	0.05535412
12.72	6.677999	6.763654	-0.1600331	7	0.1137958	0.2626624	-6.161577	1.405574	-0.2046785
12.74	6.542046	6.695365	-0.850641	7	0.1541635	0.4016431	-8.236676	0.4132081	0.05496788
12.76	6.662487	6.695365	-0.1475299	7	0.02601974	0.2007463	-2.704631	-0.1974791	0.804821
12.78	6.544114	6.695365	-0.7743609	7	0.1355482	0.3120585	-5.866256	-0.5333571	0.1257906
12.8	6.522906	6.695365	-0.8427153	7	0.2062469	0.4507346	-6.329538	0.7796199	0.833127
12.82	6.560431	6.695365	-0.5872752	7	0.2285709	0.4496025	-5.420712	-0.6554945	0.9996643
12.84	6.664695	6.763654	-0.03379387	7	0.2398082	0.4164052	-5.145759	0.2758034	0.8125343
12.86	6.722302	6.763654	0.2566959	7	0.1932298	0.3278584	-5.232777	-0.3348837	0.245841
12.88	6.589262	6.695365	-0.4388515	7	0.2047284	0.4022753	-7.903984	-0.3196166	-0.1166391
12.9	6.611908	6.695365	-0.2816614	7	0.1404524	0.3583232	-5.733917	-0.3959524	0.5792027
12.92	6.679688	6.763654	0.04652402	7	0.1293193	0.3058749	-5.149014	-0.6249601	0.440052
12.94	6.666852	6.763654	-0.06348014	7	0.1421046	0.3244691	-6.461728	-0.1364104	0.09240246
12.96	6.710561	6.763654	0.1399125	7	0.08091508	0.25116	-5.240237	-0.3348837	0.1787386
12.98	6.590268	6.695365	-0.4989448	7	0.09016813	0.2848473	-6.449344	-0.273815	-0.065588
13	6.589622	6.695365	-0.4782549	7	0.07752363	0.2838237	-4.593287	-0.2127463	0.6111488
13.02	6.601496	6.695365	-0.3969375	7	0.08976188	0.2494146	-3.262971	-0.273815	0.6604671
13.04	6.567926	6.695365	-0.5608305	7	0.1649318	0.3274392	-4.109983	0.09259687	0.6504612
13.06	6.710714	6.763654	0.1870628	7	0.1525235	0.2653013	-2.128638	-0.2127463	0.9002934
13.08	6.682124	6.763654	-0.00340116	7	0.2083675	0.3206242	-4.917568	0.1689328	0.1493549
13.1	6.706607	6.763654	0.1113025	7	0.181659	0.3256173	-5.012156	1.542979	0.3199892
13.12	6.545199	6.695365	-0.7256854	7	0.2438139	0.4707844	-8.101584	-0.1669452	0.1694288
13.14	6.601748	6.695365	-0.3644007	7	0.1859546	0.4105359	-4.780612	0.1231317	1.063178
13.16	6.624418	6.695365	-0.2139822	7	0.1707069	0.3172209	-3.389014	-0.4722883	0.7568216
13.18	6.616105	6.695365	-0.2404265	7	0.192574	0.3211228	-3.432572	-0.0600745	0.6481781
13.2	6.559284	6.695365	-0.5233994	7	0.2751464	0.4511202	-5.351841	1.466643	0.7187252
13.22	6.675939	6.763654	0.09429613	7	0.2771925	0.4441155	-4.336287	-0.6707617	1.07165
13.24	6.683424	6.763654	0.111506	7	0.2899212	0.4429908	-5.950959	0.0009942193	0.4492931
13.26	6.747102	6.763654	0.4339973	7	0.201315	0.3342621	-4.677663	-0.2280135	0.3938932
13.28	6.694757	6.763654	0.1119299	7	0.1932696	0.350873	-6.449571	-0.3196166	-0.003534317
13.3	6.539759	6.627074	-0.6488135	7	0.1519309	0.3566596	-5.96249	-0.6096929	0.2734566
13.32	6.628622	6.763654	-0.1972936	7	0.1924231	0.4083482	-4.673166	-0.2890822	1.109021
13.34	6.610271	6.695365	-0.2728578	7	0.1947027	0.3541417	-4.055404	-0.07534168	0.7117367
13.36	6.665987	6.695365	0.04709087	7	0.1501535	0.2493554	-1.561235	-0.1211432	0.8384523
13.38	6.55459	6.695365	-0.5471028	7	0.2750257	0.4232754	-5.016874	-0.2127463	0.5480947
13.4	6.712492	6.763654	0.2915028	7	0.2445634	0.3739555	-2.43259	-0.07534168	1.224603
13.42	6.615171	6.695365	-0.2156511	7	0.2862113	0.4066236	-4.868327	-0.3348837	0.37992
13.44	6.638987	6.695365	-0.05402142	7	0.2550353	0.393958	-3.481692	-0.3196166	0.9099874
13.46	6.608798	6.695365	-0.196406	7	0.2844874	0.4239123	-4.19632	-0.3196166	0.7734346
13.48	6.745272	6.763654	0.5111343	7	0.2358283	0.3285438	-2.139071	-0.2280135	0.9556885
13.5	6.736717	6.763654	0.4160781	7	0.2353383	0.3085842	-3.824495	-0.3043494	0.2089186
13.52	6.730104	6.763654	0.3406367	7	0.2072938	0.3179809	-4.446031	-0.441754	0.2473001
13.54	6.579634	6.695365	-0.4533591	-7	0.2456894	0.4370488	-8.562075	-0.1822119	-0.2326221
13.56	6.600742	6.695365	-0.3008051	-7	0.1811706	0.4210315	-8.793281	-0.4722883	0.04184437
13.58	6.590317	6.695365	-0.3391605	-7	0.1238256	0.3799335	-11.19361	-0.3654181	-0.6775379
13.6	6.563475	6.695365	-0.4776477	-7	0.04783468	0.3733773	-14.47611	-0.2432806	-1.262519
13.62	6.545074	6.695365	-0.5824816	-7	-0.07358216	0.3300294	-17.37395	-0.8234335	-1.791706
13.64	6.519915	6.763654	-0.7914469	-7	-0.1437031	0.3918962	-22.74545	-1.373052	-2.396001
13.66	6.441122	6.695365	-1.236578	-7	-0.3199495	0.3292232	-25.83595	-3.189846	-2.938633
13.68	6.374101	6.695365	-1.637015	-7	-0.4854862	0.2721065	-28.4169	-6.197478	-3.241836
13.7	6.305907	6.695365	-2.058748	-7	-0.6294	0.2283809	-31.04539	-6.518089	-3.569056
13.72	6.295818	6.695365	-2.178151	-7	-0.8154174	0.09489354	-31.80698	-8.13641	-3.85473
13.74	6.266207	6.763654	-2.474343	-7	-0.9039998	0.09919982	-35.83621	-7.098242	-4.452397
13.76	6.297426	6.695365	-2.387684	-7	-1.19144	-0.1943693	-34.14322	-8.884501	-4.888746
13.78	6.404238	6.763654	-1.993558	-7	-1.47985	-0.5479454	-32.55247	-9.205112	-5.740325
13.8	6.380023	6.763654	-2.344476	-7	-1.715546	-0.7866001	-34.03715	-10.06007	-6.966681
13.82	6.331612	6.763654	-2.831279	-7	-1.93335	-0.9408527	-35.28532	-9.769998	-7.448626
13.84	6.217185	6.763654	-3.66905	-7	-2.0574	-0.9540427	-38.24267	-10.94557	-7.757345
13.86	6.16753	6.695365	-4.082185	-7	-2.272765	-1.140592	-36.49238	-8.960837	-7.639215
13.88	7.126881	7.583131	0.2598436	-7	-2.419536	-1.408068	-36.05976	-11.58679	-7.891069
13.9	6.681574	7.036813	-2.572491	-7	-2.764715	-1.74247	-47.84585	-10.76236	-13.51559
13.92	5.522094	6.080756	-8.470937	-7	-3.252894	-1.862512	-44.65409	-10.53336	-11.86488
13.94	5.35008	6.080756	-9.053168	-7	-3.471414	-2.124026	-24.5987	-13.77	-6.24544
13.96	5.503591	6.080756	-7.965947	-7	-3.444463	-2.638836	-7.944965	-17.92267	-5.508604
13.98	5.839364	6.080756	-5.966821	-7	-3.441596	-3.226528	5.144925	-13.83107	-6.460525
14	5.586396	6.422206	-7.440312	-7	-2.494188	-2.014443	-19.61866	12.84069	-8.576754
14.02	6.2069	6.763654	-4.241686	-7	-2.298005	-1.591398	-25.81731	8.749085	-7.301347
14.04	6.57441	7.036813	-2.628334	-7	-2.302707	-1.490148	-42.14108	3.207101	-11.27828
14.06	4.436255	4.783254	-12.8173	-7	-3.057195	-1.932869	-43.74377	-0.3043494	-14.18589
14.08	5.569464	6.080756	-6.450044	-7	-3.448472	-2.396044	-12.6971	-6.930303	-3.998114
14.1	5.749846	6.353915	-5.673279	-7	-3.091744	-2.459716	-25.91248	-12.25855	-10.61148
14.12	6.051547	5.739308	-3.742897	-7	-4.068995	-3.903888	-5.647759	0.5353455	-12.04051
14.14	4.737314	4.783254	-10.06393	-7	-4.374623	-4.259397	-6.296288	1.298704	-14.85024
14.16	4.408092	4.783254	-11.08698	-7	-4.30776	-4.038453	7.354869	-8.624959	-8.537346
14.18	4.507633	5.056413	-10.06537	-7	-3.726477	-3.615542	8.858142	-12.73183	-7.059765
14.2	6.641065	6.763654	0.6396747	-7	-3.346516	-3.635757	6.965431	-11.49519	-7.742815
14.22	4.516156	4.783254	-10.1641	-7	-3.142998	-3.011492	-35.51046	9.130765	-19.71919
14.24	4.914967	5.124701	-7.435992	-7	-3.76874	-3.065781	-16.11858	7.604047	-9.455118
14.26	5.154432	5.807599	-6.323286	-7	-3.435075	-2.712472	-32.61643	6.382673	-12.64485
14.28	4.190487	4.783254	-10.86418	-7	-3.63339	-2.586313	-41.82819	-8.655494	-14.54218
14.3	4.127584	4.510095	-10.38256	-7	-4.251605	-3.284513	-20.27822	-12.42649	-10.33815
14.32	4.155445	4.783254	-9.851995	-7	-4.12194	-3.381202	-18.52194	-4.73183	-10.91231
14.34	3.314164	4.168647	-13.57305	-7	-3.783904	-2.86802	-26.79052	-13.12878	-11.55976
14.36	3.192528	3.554038	-12.94085	-7	-4.192345	-3.586757	-0.3760076	-2.716563	-7.55302
14.38	3.519952	4.168647	-10.61056	-7	-3.656362	-3.34544	-0.9973593	-2.13641	-7.708603
14.4	2.7406	2.597983	-13.12707	-7	-4.175232	-4.430714	18.68203	2.443742	-9.857931
14.42	2.943875	3.21259	-11.0711	-7	-3.734821	-4.113114	23.80062	8.840688	-6.804119
14.44	2.176736	2.597983	-13.86974	-7	-3.088052	-3.391031	12.0461	11.60405	-8.40932
14.46	2.047459	2.188245	-12.93292	-7	-2.992527	-3.347081	23.53042	5.756719	-4.962603
14.48	2.896877	2.871142	-7.471741	-7	-2.722718	-3.446454	26.64597	10.04679	-5.247203
14.5	2.996983	2.597983	-6.052294	-7	-2.81748	-3.799442	18.22843	7.695651	-10.79766
14.52	2.245122	2.256536	-9.12205	-7	-2.665108	-3.105339	-3.630356	14.21473	-12.76387
14.54	1.501425	1.915086	-11.91186	-7	-2.531188	-2.259816	-15.82053	4.810154	-10.01067
14.56	1.482456	1.641927	-10.68378	-7	-2.914377	-2.666258	-2.5214	-9.892135	-7.148044
14.58	1.186809	1.300479	-10.98025	-7	-3.095502	-3.124316	4.104835	-12.96084	-8.279101
14.6	1.798344	1.983377	-7.106846	-7	-2.949088	-3.076384	3.548476	-0.1822119	-7.774697
14.62	0.2503777	0.3444233	-13.78291	-7	-3.115054	-3.195822	-2.96729	1.466643	-11.93254
14.64	1.051659	1.300479	-8.625388	-7	-3.069466	-3.054152	10.92816	-1.205113	-4.805841
14.66	-0.4067472	0.002975464	-14.887	-7	-2.729488	-2.729423	-2.9154	-3.64786	-9.856446
14.68	0.6807738	0.6175833	-7.927693	-7	-3.045315	-3.307822	25.24361	0.7796199	-2.884341
14.7	0.2898306	0.2761335	-9.047302	-7	-2.777176	-3.416645	13.178	2.520078	-9.682885
14.72	-1.209373	-0.9530802	-15.26443	-7	-2.590964	-2.766232	5.988513	8.779619	-8.511947
14.74	-1.961314	-1.362819	-17.21589	-7	-2.175528	-2.048739	15.55787	6.855956	-1.408113
14.76	-1.913547	-1.704267	-14.78669	-7	-1.976795	-2.405367	39.49154	0.153666	2.005942
14.78	0.1314848	-0.3384733	-2.967814	-7	-1.80946	-3.267493	56.8765	8.168932	0.9664869
14.8	-1.938041	-2.045715	-12.36614	-7	-1.128881	-2.359953	13.54589	22.65748	-11.00469
14.82	-2.017179	-2.045715	-10.93625	-7	-1.168247	-1.665914	22.22248	25.80252	-1.159393
14.84	-4.592591	-3.684668	-21.98438	-7	-0.1953099	-0.03313714	-2.867708	3.787253	-1.98726
14.86	-3.475138	-4.094406	-12.85044	-7	-1.327637	-2.159604	75.22897	3.710917	11.02581
14.88	-2.935966	-2.728612	-8.679742	-7	0.2186701	-1.342592	51.15895	5.680383	3.530776
14.9	-4.053956	-4.435854	-12.15061	-7	0.4535683	-0.9996326	41.05412	18.67275	0.1648426
14.92	-4.936934	-4.709013	-14.3548	-7	1.174969	0.3549303	29.5304	17.28344	4.605707
14.94	-4.806748	-4.777303	-11.22203	-7	1.508925	0.7011438	35.54351	11.1155	8.180824
14.96	-4.554733	-5.050462	-7.594365	-7	1.414518	0.1109105	43.75822	17.35977	6.124916
14.98	-5.313644	-5.460199	-9.506733	-7	1.853479	0.7493464	25.15188	23.14603	3.088977
15	-5.79146	-5.733358	-9.864643	-7	2.1611	1.557162	15.96499	21.35977	5.69655
15.02	-6.363296	-6.143096	-10.65489	-7	2.460227	2.167226	8.220963	7.2071	6.832855
15.04	-6.434719	-6.552835	-8.699049	-7	2.244423	1.809003	19.78545	8.000994	8.521097
15.06	-5.452021	-5.39191	-2.337889	-7	2.650573	2.138741	8.883942	5.604047	7.363979
15.08	-7.417777	-7.50889	-10.49419	-7	2.417979	2.16847	-8.323079	14.58115	0.8866472
15.1	-6.921422	-6.825994	-6.089708	-7	2.203866	2.263063	8.283146	7.894124	9.730268
15.12	-7.546035	-7.577179	-7.548986	-7	2.121565	1.842538	9.013771	-6.014273	5.906048
15.14	-6.967	-6.825994	-3.32714	-7	2.382855	2.179385	7.246159	13.52771	8.102168
15.16	-9.733223	-8.806395	-15.8071	-7	3.218293	3.825567	-28.47061	-1.907403	4.14995
15.18	-8.796327	-8.123497	-8.751299	-7	3.237426	4.069563	3.899983	9.420841	18.25333
15.2	-8.865312	-9.079553	-6.871575	-7	2.860856	2.465608	27.05439	-7.678394	12.50578
15.22	-7.847397	-7.50889	-0.7179472	-7	3.790925	3.388643	8.746148	15.2071	11.70279
15.24	-7.913799	-8.055207	-0.06715119	-7	3.771913	3.471999	-10.58174	14.93229	5.706203
15.26	-9.131026	-9.079553	-4.999238	-7	3.465651	3.743047	-23.15091	16.04679	4.72618
15.28	-9.209578	-9.147842	-3.920108	-7	2.959369	3.390986	-7.034321	-7.693662	9.948036
15.3	-10.24705	-10.1039	-7.619825	-7	2.774354	2.987314	2.3132	-2.502823	9.388002
15.32	-10.08548	-10.1039	-5.082428	-7	2.655217	2.464198	28.75616	3.008627	14.27071
15.34	-10.29315	-10.1039	-4.837568	-7	3.32217	2.820142	26.28318	3.130765	12.98071
15.36	-9.922662	-10.1039	-1.558473	-7	3.573091	2.81276	33.14763	20.90176	13.93636
15.38	-9.015679	-9.079553	3.64563	-7	4.241281	3.48197	14.47288	10.87122	11.44732
15.4	-8.665259	-9.011263	5.757356	-7	4.237711	3.721479	-9.029457	17.0697	6.10467
15.42	-8.050712	-8.191787	8.607703	-7	4.089571	4.238829	-38.20056	8.031528	3.179613
15.44	-9.536193	-9.352711	0.9988226	-7	3.542011	4.628196	-67.29377	-0.02954014	-1.145086
15.46	-9.174911	-8.806395	2.947418	-7	2.706769	4.359999	-56.0864	-19.69366	5.743429
15.48	-9.73345	-9.147842	-0.002151966	-7	2.281427	3.937615	-58.09536	-23.96847	3.208715
15.5	-7.506458	-7.099152	10.48754	-7	1.892973	3.338361	-47.70559	-35.87687	5.992387
15.52	-9.166922	-8.806395	1.207846	-7	1.386328	2.840736	-71.65492	-5.831067	-5.896456
15.54	-6.792055	-6.484545	12.0829	-7	0.6515361	2.304369	-52.3604	-24.68603	2.741255
15.56	-8.35232	-7.235731	2.23344	-7	1.008001	3.19183	-104.6633	-1.525724	-9.803497
15.58	-7.131666	-6.211386	7.082658	-7	0.2248774	3.074759	-92.14171	-33.52572	-0.9965248
15.6	-8.430935	-6.552835	-1.369179	-7	0.6271482	4.134513	-130.9378	-1.495189	-7.238581
15.62	-8.842698	-7.167441	-4.116873	-7	-0.05906832	3.90135	-110.2005	-40.67075	0.5586233
15.64	-7.476853	-6.143096	1.930993	-7	-0.573786	2.613055	-78.55681	-13.00664	3.366989
15.66	-7.898113	-6.757704	-1.252017	-7	-0.7857705	1.749136	-74.76883	-27.92267	-3.089526
15.68	-8.717015	-6.825994	-6.336254	-7	-0.13851	2.883538	-84.62094	9.604047	-0.04115868
15.7	-8.406969	-7.167441	-4.776029	-7	-0.4371765	2.146837	-50.81329	-3.189846	5.628616
15.72	-6.705653	-5.733358	3.115289	-7	-0.1702293	1.518426	-36.45873	0.153666	4.76634
15.74	-7.631671	-7.4406	-1.851434	-7	-0.7206429	0.2340761	-28.44954	8.214735	-3.440685
15.76	-7.991143	-7.50889	-3.701125	-7	-0.7953479	0.140663	-11.38648	18.96283	1.630396
15.78	-8.5721	-7.4406	-6.75198	-7	0.1839164	1.278013	-17.88275	3.268169	4.180271
15.8	-7.574035	-7.50889	-1.041559	-7	-0.1134234	0.1641886	20.46515	-4.502822	8.37729
15.82	-7.969183	-7.50889	-3.053085	-7	0.7766283	0.7307571	5.35019	5.726184	3.315514
15.84	-7.383675	-7.50889	0.3965734	-7	0.7420164	0.4708559	19.81924	16.35214	6.001724
15.86	-5.827628	-5.733358	7.628905	-7	1.458529	1.112788	-1.648089	14.12313	2.842365
15.88	-5.498077	-5.801648	8.424867	-7	1.26655	1.17364	-31.10537	11.45138	-5.357738
15.9	-5.991546	-5.801648	4.888983	-7	0.9910641	1.916951	-63.67744	2.825422	-7.796
15.92	-6.051792	-5.801648	3.837355	-7	0.1157487	1.674162	-65.89064	-11.7242	-5.700319
15.94	-8.109542	-7.50889	-6.728315	-7	-0.6594581	1.250824	-61.4291	-27.40359	-5.855375
15.96	-8.29153	-7.4406	-7.214905	-7	-1.03268	0.7766705	-22.02599	-24.06007	5.089958
15.98	-6.463601	-6.143096	2.000896	-7	-1.010049	-0.4677758	12.96731	-26.99137	6.749268
16	-6.060011	-6.074806	3.362051	-7	-0.6740535	-0.9205176	4.37803	-4.960838	-2.243283
16.02	-7.475156	-7.50889	-3.853424	-7	-0.735063	-0.764795	-0.4744772	9.039161	-3.959014
16.04	-6.733575	-6.143096	-0.3517656	-7	-0.02289534	0.3851617	-1.632318	1.756719	3.757687
16.06	-5.912144	-5.801648	3.432705	-7	0.1744152	0.2736339	-6.090026	-2.762364	0.5149326
16.08	-7.221088	-7.167441	-3.196939	-7	0.02416626	0.2734894	-16.31832	9.084963	-3.769485
16.1	-7.150159	-6.757704	-2.623545	-7	0.110012	0.6994678	-7.704494	6.855956	3.037468
16.12	-7.232139	-6.825994	-2.844876	-7	0.3774437	0.81839	-6.54766	-3.43412	2.868714
16.14	-6.843297	-6.825994	-0.5198544	-7	0.2556684	0.3453419	6.202728	6.123131	3.514677
16.16	-6.395004	-6.484545	1.756759	-7	0.3179903	0.1035494	6.17871	8.413207	1.376571
16.18	-7.910289	-7.713759	-5.631839	-7	0.5226056	0.6186485	-7.167147	10.2758	-1.08411
16.2	-6.539226	-6.416255	1.653275	-7	0.5807172	0.7016866	10.58002	3.741452	6.961922
16.22	-6.6245	-6.552835	1.05387	-7	0.9031765	0.7787917	-7.217387	-1.266181	-0.2962656
16.24	-6.045856	-6.143096	3.813165	-7	0.7382824	0.8094378	-11.64677	13.03916	0.03748989
16.26	-6.673346	-6.143096	0.05712843	-7	1.144997	1.883391	-44.49009	-5.479921	-3.420483
16.28	-6.313145	-6.416255	2.0158	-7	0.1783284	0.9781647	-25.79256	-0.9913725	-0.1734972
16.3	-6.554248	-6.416255	0.5093648	-7	-0.158966	0.507029	-26.20293	-16.48755	-2.707221
16.32	-8.035142	-7.850338	-6.603376	-7	-0.6385235	0.07424031	-13.57791	-0.9455707	-1.541986
16.34	-8.326863	-7.850338	-7.350876	-7	-0.5162242	0.0374265	13.44132	-16.19748	6.381532
16.36	-8.611152	-7.782049	-8.167907	-7	0.5552976	0.8413585	16.33648	4.031528	8.552005
16.38	-6.149965	-6.484545	4.912561	-7	0.6176513	-0.166453	47.25456	9.542978	10.97296
16.4	-6.077906	-6.143096	4.62009	-7	1.599161	0.6813705	0.3460429	23.39031	-2.134923
16.42	-7.217958	-7.50889	-0.8956715	-7	1.210338	1.06827	-13.6132	25.60404	-2.610755
16.44	-6.925602	-6.143096	0.2902374	-7	1.897	2.781657	-38.26585	-11.67839	2.688832
16.46	-6.182941	-6.416255	4.224485	-7	0.9519886	1.517906	-23.69853	-11.73946	1.178712
16.48	-7.80282	-7.782049	-3.799715	-7	0.387448	0.9819195	-28.03929	-16.31962	-3.634774
16.5	-8.724373	-7.850338	-8.000965	-7	0.6785507	1.902744	-23.46903	6.230001	4.552214
16.52	-8.131959	-7.850338	-4.026071	-7	0.4512547	1.003466	13.19167	-6.533357	9.873402
16.54	-8.052129	-7.850338	-3.059193	-7	0.8813393	0.7123325	19.69299	-7.663128	6.878992
16.56	-6.654913	-6.484545	3.968411	-7	1.592295	1.25659	11.33	13.10023	6.733613
16.58	-5.779196	-6.143096	7.957916	-7	1.578213	1.104831	-8.109956	17.78725	-0.5584249
16.6	-7.418462	-7.4406	-0.6064301	-7	1.35165	1.662002	-38.36309	20.45901	-5.821795
16.62	-7.835861	-7.50889	-2.410247	-7	0.9113412	1.941815	-29.32042	9.298703	2.277968
16.64	-7.687971	-7.50889	-1.282568	-7	0.5072899	1.19556	-9.9493	-18.15168	4.243395
16.66	-6.022393	-6.143096	6.834778	-7	0.3477864	0.3932847	1.613492	-17.55626	3.383658
16.68	-6.71903	-6.552835	2.4501	-7	0.6381031	0.868241	-31.27693	-2.502823	-5.490638
16.7	-6.705847	-6.484545	2.084298	-7	0.3330331	1.178084	-34.19653	4.855956	-1.778236
16.72	-8.573379	-7.850338	-7.359586	-7	0.3254188	1.66783	-42.99432	-7.602059	-1.96723
16.74	-8.190902	-7.782049	-4.621057	-7	-0.152348	0.9083395	-0.1818562	-17.18984	8.191121
16.76	-8.328709	-7.782049	-4.929136	-7	0.3844385	0.7566519	8.246264	-12.68603	6.434889
16.78	-7.484459	-7.850338	0.1167088	-7	0.1109844	-0.4493836	40.99982	-4.24328	7.816181
16.8	-6.387242	-6.484545	5.277521	-7	0.9562765	0.03673607	23.82465	14.84069	3.36449
16.82	-6.894684	-7.50889	2.691876	-7	0.7430313	-0.1324414	11.95929	20.81015	-2.16187
16.84	-7.619001	-7.50889	-1.034753	-7	1.08022	0.9898458	-6.47984	16.3216	0.05431461
16.86	-7.560508	-7.577179	-0.3727646	-7	0.9157804	1.013495	1.660205	-6.182211	3.901674
16.88	-7.502081	-7.50889	0.14277	-7	0.9402253	0.8941113	3.610953	-11.06771	3.425507
16.9	-6.974966	-7.50889	3.125627	-7	0.440645	-0.07225353	20.25236	-1.983739	3.048479
16.92	-7.503449	-7.50889	0.2595164	-7	0.8390236	0.4924101	2.264056	-0.02954014	-0.09579468
16.94	-7.407644	-7.50889	0.8978422	-7	0.7803454	0.6554446	5.452409	2.474277	2.831127
16.96	-7.60884	-7.4406	-0.1461946	-7	1.085367	1.131556	-4.368589	-3.098242	2.24388
16.98	-7.358126	-7.50889	1.359426	-7	0.8455047	0.8032348	4.123854	0.7796199	3.402537
17	-5.85725	-6.143096	8.468744	-7	0.8047074	0.4823568	2.430205	-0.884502	1.873852
17.02	-6.085166	-6.143096	6.241828	-7	0.9367034	0.9865268	-33.49241	-0.3654181	-6.276453
17.04	-6.305482	-6.416255	4.473134	-7	0.2397924	0.9281731	-40.05376	0.04679576	-5.311391
17.06	-6.904003	-6.484545	0.7252889	-7	-0.03697473	1.190246	-49.42652	-13.49519	-4.588661
17.08	-7.995866	-7.850338	-4.566263	-7	-0.9740251	0.1669483	-22.41651	-22.45702	-1.337321
17.1	-8.634479	-7.850338	-7.534706	-7	-0.6589957	0.3613996	-4.364538	-19.31198	4.518167
17.12	-7.820218	-7.782049	-2.69654	-7	-0.758655	-0.7824262	38.36238	-8.319615	8.878442
17.14	-6.587196	-6.484545	3.237216	-7	0.2311395	-0.5233373	32.59284	5.2071	5.162801
17.16	-7.240409	-7.50889	-0.08094609	-7	0.54654	-0.2553366	17.20094	21.31397	-0.6430559
17.18	-5.712218	-5.869938	7.238808	-7	0.8938623	0.3891907	9.604422	21.14603	2.837153
17.2	-7.310292	-7.235731	-1.220646	-7	1.127651	1.149188	-26.47873	4.214735	-5.308345
17.22	-7.344383	-7.167441	-1.085359	-7	0.7802532	1.433476	-16.07438	6.642215	2.927444
17.24	-7.425436	-7.167441	-1.31504	-7	0.735333	1.249289	-11.93797	-14.71656	2.883269
17.26	-6.719974	-7.167441	2.629448	-7	0.02011257	-0.1397304	15.02379	5.313972	3.308668
17.28	-7.300279	-7.167441	-0.5768465	-7	0.4629244	0.3256342	-2.167998	-0.7928989	-0.767025
17.3	-7.788491	-7.167441	-3.095571	-7	1.091752	1.638294	-17.30273	8.642215	2.571783
17.32	-7.185984	-7.099152	0.3519599	-7	0.8603125	1.212772	-1.175117	-5.647861	5.519002
17.34	-7.533507	-7.167441	-1.406492	-7	1.240283	1.573102	-14.27116	5.222367	2.168653
17.36	-7.059242	-7.099152	1.291825	-7	0.9370514	1.156999	-2.745775	7.542979	4.091468
17.38	-7.561051	-7.167441	-1.338513	-7	1.319282	1.724606	-19.84416	2.107864	1.295121
17.4	-7.392232	-7.167441	-0.2392169	-7	1.185431	1.738529	-14.53105	5.405574	4.014442
17.42	-7.308459	-7.235731	0.3690315	-7	0.9877927	1.33157	-9.800812	-3.037174	2.944028
17.44	-7.665132	-7.167441	-1.502494	-7	1.352725	1.965061	-23.06653	2.825422	2.301785
17.46	-5.524443	-5.801648	9.130237	-7	0.798491	0.9661758	-4.553318	-0.5333571	4.307488
17.48	-5.913058	-5.869938	5.978544	-7	0.906076	1.191666	-43.89106	-1.006639	-7.500618
17.5	-6.173465	-5.733358	3.671774	-7	0.6528368	1.991502	-65.35116	-0.6249601	-5.70436
17.52	-8.275804	-7.50889	-7.085998	-7	0.07910293	2.111334	-68.20818	-22.45702	-4.543881
17.54	-8.434356	-7.50889	-7.313922	-7	-0.3447778	1.654056	-29.39753	-22.99137	6.601526
17.56	-6.498528	-6.074806	2.480355	-7	-0.3338456	0.4355184	3.178684	-25.32725	7.959813
17.58	-6.639908	-6.484545	1.248763	-7	-0.04813398	0.05814148	-8.746119	-16.50282	-1.749242
17.6	-5.630018	-6.143096	6.083767	-7	-0.6845013	-0.9250271	9.159168	3.649849	-0.6917524
17.62	-7.323892	-7.50889	-2.759642	-7	-0.808769	-1.005591	-1.999324	10.2758	-6.246819
17.64	-7.737617	-7.4406	-4.600819	-7	-0.6036493	-0.3605163	11.1435	3.665116	2.899469
17.66	-6.102253	-5.733358	3.349361	-7	0.172232	0.1376678	12.99608	1.634582	5.702123
17.68	-5.351439	-5.801648	6.642114	-7	0.05846342	-0.5257847	5.495908	-7.037173	-2.322208
17.7	-7.395503	-7.167441	-4.06162	-7	0.3250105	0.5522864	-26.96578	12.26053	-6.56627
17.72	-7.442782	-7.167441	-3.755208	-7	0.02342898	0.719142	-4.29344	12.56588	4.303911
17.74	-7.503987	-7.235731	-3.617012	-7	0.1715892	0.4134967	7.938886	-9.281448	4.619932
17.76	-6.494307	-7.167441	2.159208	-7	-0.4281872	-1.212728	43.66509	-3.479922	5.216411
17.78	-6.709692	-7.167441	1.05033	-7	-0.08632806	-1.2898	35.05828	11.90939	-0.3620434
17.8	-6.15971	-6.757704	3.836611	-7	-0.01157677	-1.190683	35.82466	18.24527	0.9174919
17.82	-6.584763	-6.757704	1.364905	-7	0.5252998	-0.2586642	10.54035	9.084963	-2.075317
17.84	-6.225366	-6.825994	3.338095	-7	0.08900851	-0.5927005	19.16947	1.313971	0.2401514
17.86	-7.357925	-7.167441	-2.571408	-7	0.6289288	0.4785857	-6.532202	-5.082975	-2.078687
17.88	-7.000235	-7.099152	-0.3037776	-7	0.3696232	0.3701105	10.02559	-2.02954	4.092793
17.9	-7.196097	-7.167441	-1.110943	-7	0.5731074	0.3948026	6.963534	-5.373051	2.041728
17.92	-5.000826	-5.801648	9.928314	-7	0.005215764	-0.8461186	29.09297	0.703284	3.119839
17.94	-7.0896	-7.235731	-1.260208	-7	0.3587118	-0.1333236	-15.12495	4.917024	-9.000634
17.96	-7.059573	-7.167441	-0.7708981	-7	-0.0967658	0.09688701	3.214535	5.268169	1.997301
17.98	-8.396489	-7.167441	-7.733513	-7	1.258509	2.203843	-31.84469	-4.472288	1.713387
18	-5.616269	-5.869938	6.837304	-7	0.5045171	0.7501223	13.55162	-7.724196	9.627916
18.02	-7.322931	-7.099152	-2.24253	-7	0.9742119	1.033158	-26.84512	0.7185516	-5.570093
18.04	-6.895467	-7.099152	0.4371891	-7	0.1986288	0.5245952	0.4253006	11.77199	3.429494
18.06	-8.632757	-7.167441	-8.686492	-7	1.757189	2.977879	-47.53768	-1.449388	0.7520008
18.08	-6.739363	-7.167441	2.145693	-7	0.3461408	0.7669995	18.45363	-4.365418	10.79086
18.1	-7.505699	-7.167441	-1.92634	-7	1.070457	1.026649	-8.281893	-1.021907	0.01768875
18.12	-6.461878	-7.167441	3.934122	-7	0.1479713	-0.3110403	25.14149	12.53535	4.326247
18.14	-8.11538	-7.235731	-4.962672	-7	1.582475	1.891152	-28.42949	-1.525724	-1.797664
18.16	-6.788483	-7.167441	2.571324	-7	0.6205481	0.7725535	13.13519	8.367407	7.58133
18.18	-7.611926	-7.167441	-1.855528	-7	1.368107	1.524891	-17.38785	-11.00664	-0.0550518
18.2	-6.814981	-7.167441	2.65761	-7	0.6581653	0.6733459	7.175699	13.61931	4.522246
18.22	-8.054302	-7.235731	-3.968722	-7	1.68523	2.274018	-32.83545	-7.678394	-0.2111168
18.24	-6.965641	-7.167441	2.194802	-7	0.8392297	1.244173	1.11256	8.474276	6.749568
18.26	-7.505543	-7.167441	-0.7381359	-7	1.246442	1.545454	-18.97248	-11.46465	0.4369688
18.28	-7.785148	-7.167441	-2.107278	-7	1.558269	2.431195	-29.17994	14.23	3.373808
18.3	-6.509832	-5.733358	3.906157	-7	2.025523	3.176155	-42.44746	-8.915035	4.917848
18.32	-6.413779	-5.801648	3.685659	-7	2.008865	3.416098	-69.37597	6.459009	-1.831714
18.34	-5.591475	-5.801648	7.446289	-7	0.552631	1.814199	-53.63451	-0.5791586	-2.786194
18.36	-6.120736	-5.733358	3.623251	-7	0.03842348	1.559218	-71.64082	-8.73183	-8.146922
18.38	-7.759893	-7.50889	-4.734715	-7	-1.223501	0.5065714	-49.78852	-17.51046	-5.538177
18.4	-8.689007	-7.50889	-9.351656	-7	-1.020397	0.8711423	-30.02908	-25.57152	3.059319
18.42	-6.051372	-6.143096	4.258334	-7	-1.596302	-1.279849	32.34011	-22.22801	9.108785
18.44	-6.545306	-6.143096	0.6825976	-7	-0.4372255	-0.677574	-3.89467	-0.884502	-4.350937
18.46	-7.729696	-7.577179	-5.114599	-7	-0.4679423	-0.2307424	-0.5219514	10.1842	-0.8067484
18.48	-7.684626	-7.4406	-4.343032	-7	-0.2891769	-0.1670787	20.06585	-8.090608	5.756194
18.5	-7.723716	-7.50889	-4.030856	-7	0.2721006	-0.02663745	27.02876	5.665116	6.007658
18.52	-7.082349	-7.4406	-0.09858966	-7	0.3769349	-0.5337937	44.4987	12.85596	6.706086
18.54	-7.688052	-7.50889	-2.944643	-7	1.403056	0.6689974	19.29961	22.30634	3.326286
18.56	-5.492304	-5.801648	8.209024	-7	1.633506	0.9027746	20.49281	19.28343	6.815869
18.58	-5.461174	-5.801648	7.58741	-7	1.814423	1.26464	-22.61114	8.642215	-5.2216
18.6	-7.012886	-7.4406	-0.1785281	-7	0.8133339	1.077494	-31.62521	16.10786	-6.124553
18.62	-8.020181	-7.50889	-5.023179	-7	0.6634674	1.727687	-30.24881	4.1842	1.099097
18.64	-6.614386	-6.074806	2.058362	-7	0.7784153	1.707584	-17.1027	-17.49519	6.451859
18.66	-7.998271	-7.850338	-4.644959	-7	0.4821903	1.006814	-17.96296	-19.57152	-0.8132229
18.68	-8.060282	-7.782049	-4.283857	-7	0.3497239	0.8583423	5.065711	-0.4112196	6.373493
18.7	-8.275105	-7.782049	-4.867424	-7	0.9244431	1.155515	8.470817	6.260536	6.890748
18.72	-7.440489	-7.782049	0.212446	-7	0.6848234	0.1408715	36.8238	-1.769998	8.489022
18.74	-7.834146	-7.782049	-1.550326	-7	1.438359	0.7557291	19.24881	15.72618	3.91849
18.76	-6.005942	-6.552835	7.847775	-7	1.365301	0.4740882	27.55879	12.16893	6.188993
18.78	-6.195904	-6.143096	5.928981	-7	2.124512	1.750295	-26.35527	14.39794	-3.942754
18.8	-5.265561	-6.143096	10.32177	-7	0.7882109	0.6842415	-18.37888	2.260536	-3.203672
18.82	-6.852394	-6.484545	1.18869	-7	0.8827219	1.752245	-63.1586	-0.07534168	-9.371813
18.84	-8.148179	-7.782049	-5.098974	-7	-0.07972059	1.526355	-43.97211	-22.48755	-1.11918
18.86	-7.810697	-6.552835	-3.612823	-7	0.4867352	2.292583	-39.54857	-25.08297	5.564876
18.88	-6.613938	-6.757704	2.718737	-7	-0.4023185	0.1875264	0.9375601	-28.21275	4.622785
18.9	-7.117584	-6.825994	-0.3412116	-7	-0.03865051	0.2341638	-12.88456	-3.403586	-1.856538
18.92	-6.75551	-6.825994	1.435495	-7	-0.3423025	-0.1548223	1.958594	9.375039	1.252948
18.94	-8.35538	-7.850338	-6.640613	-7	0.1312008	0.5577577	-10.72266	5.833055	-0.561079
18.96	-7.923416	-7.918628	-3.541704	-7	-0.165243	-0.06610602	28.5825	-3.495189	8.468812
18.98	-7.016752	-6.484545	0.8280988	-7	1.085729	0.8672392	13.20483	-0.7470976	6.422393
19	-5.463635	-6.211386	8.63855	-7	0.6663586	-0.2213547	22.39609	8.520078	2.344014
19.02	-7.204373	-7.4406	-0.5341115	-7	0.7941882	0.3345492	-12.42801	14.90176	-6.469419
19.04	-7.936759	-7.577179	-3.942904	-7	0.8732174	1.419108	-13.64179	12.58115	2.480762
19.06	-6.643557	-6.143096	2.510558	-7	1.282149	1.867783	-12.56304	-8.670761	6.422353
19.08	-6.115481	-6.484545	5.065995	-7	0.7083601	0.6916586	-9.031487	-8.73183	-0.2615852
19.1	-7.490158	-7.782049	-1.784005	-7	0.1105287	0.1674983	-10.21788	4.657483	-3.641716
19.12	-8.40839	-7.782049	-6.175066	-7	0.5039808	1.204672	-11.04874	1.344506	3.285812
19.14	-8.230933	-7.782049	-4.572127	-7	0.7126104	1.190697	9.055037	-12.56389	8.65659
19.16	-7.689034	-7.782049	-1.114563	-7	0.7525976	0.4090866	29.46584	-2.62496	8.087853
19.18	-7.59749	-7.782049	-0.2321451	-7	1.107688	0.3485996	28.82683	9.008627	5.292515
19.2	-6.286319	-6.416255	6.195806	-7	1.690037	0.9773211	14.98029	22.33687	4.853253
19.22	-5.869261	-6.211386	7.701788	-7	1.764603	1.282318	-14.14286	10.90176	-2.171538
19.24	-6.201878	-6.211386	5.267132	-7	1.593534	2.003446	-45.53429	8.260535	-4.985351
19.26	-6.298395	-6.416255	4.363889	-7	0.6420793	1.546816	-45.39788	-11.8158	-3.838057
19.28	-8.104725	-7.850338	-4.773228	-7	-0.09629053	1.127421	-41.6718	-23.60206	-4.026768
19.3	-6.714725	-6.621124	2.360405	-7	-0.7427148	0.05843896	0.2895072	-25.44939	5.417895
19.32	-7.344261	-6.825994	-1.452218	-7	-0.143179	0.3227167	-16.69571	-24.86923	-1.700149
19.34	-6.136541	-6.825994	4.842612	-7	-1.183492	-1.456711	26.36938	-0.273815	2.348179
19.36	-6.854316	-6.552835	0.2862005	-7	-0.2809083	-0.4690298	-5.409475	-3.937937	-4.216751
19.38	-8.181226	-7.850338	-6.203217	-7	-0.1541165	0.2541156	-4.32935	8.917024	0.3514595
19.4	-6.924173	-6.416255	0.2411642	-7	0.3968268	0.7654729	8.125809	-11.89213	7.794461
19.42	-6.556697	-6.484545	1.933553	-7	0.6981064	0.590377	0.2841709	5.58878	1.724257
19.44	-5.743585	-6.143096	5.811326	-7	0.368558	0.05478588	2.25443	11.19183	-0.1591702
19.46	-7.916123	-7.577179	-5.371533	-7	0.6693768	1.040094	-28.1374	10.36741	-4.846643
19.48	-7.34841	-7.4406	-1.674127	-7	-0.04739214	0.3398072	12.7187	-0.4875555	6.738734
19.5	-6.209692	-6.074806	3.773686	-7	0.4782579	0.28167	8.91739	-12.54862	3.58569
19.52	-7.67022	-7.50889	-3.630576	-7	0.7456625	0.7907917	-12.08427	15.72618	-2.128377
19.54	-6.956302	-6.074806	-0.208333	-7	1.576839	2.456898	-25.71611	1.802521	5.629275
19.56	-6.817285	-6.416255	0.4962614	-7	1.557973	2.390529	-33.28928	0.153666	2.215687
19.58	-6.417253	-6.416255	2.576217	-7	0.9550236	1.621569	-25.94952	8.733819	1.161639
19.6	-6.902566	-6.484545	-0.1988316	-7	0.9322509	1.842388	-40.19696	-1.999006	-1.524082
19.62	-8.352732	-7.850338	-7.064802	-7	0.543391	1.780682	-32.77694	0.1994676	0.9115829
19.64	-8.310472	-7.850338	-5.945406	-7	0.2946284	1.204414	1.578778	-6.716563	8.531727
19.66	-8.446135	-7.850338	-5.976622	-7	0.8975112	1.252251	10.90122	0.5658799	8.562284
19.68	-7.939538	-7.850338	-2.54819	-7	1.158833	0.9032884	28.73891	13.49718	9.841598
19.7	-6.630084	-6.416255	4.013508	-7	2.102773	1.631626	11.87002	20.90176	7.291943
19.72	-5.892816	-6.143096	7.37344	-7	2.219446	1.830839	-13.36684	20.59641	0.4679079
19.74	-5.886853	-6.143096	6.825512	-7	1.803285	1.985517	-38.89143	19.66512	-4.125936
19.76	-6.677463	-6.416255	2.224695	-7	1.38558	2.504508	-62.3159	5.344505	-5.067874
19.78	-8.168131	-7.782049	-5.049814	-7	0.4614302	2.088037	-50.9297	-16.18221	-1.458019
19.8	-7.491943	-6.825994	-1.476895	-7	0.2211889	1.680925	-24.7701	-26.41122	6.094322
19.82	-7.52817	-6.825994	-1.858349	-7	0.533759	1.573697	-25.86998	-32.33488	2.849421
19.84	-7.345947	-7.167441	-0.7341955	-7	0.2142653	0.841512	-7.929939	-12.39595	3.509645
19.86	-7.691463	-7.235731	-2.497727	-7	0.543863	1.066277	-10.64587	2.596414	2.617543
19.88	-6.118012	-5.869938	5.13563	-7	0.7760051	1.115639	-6.470327	5.451375	4.837946
19.9	-5.928352	-5.869938	5.29642	-7	0.8514253	1.109438	-29.42009	4.428475	-3.337218
19.92	-5.658481	-5.801648	5.960279	-7	0.2391322	0.7939988	-35.22204	5.375039	-4.533536
19.94	-8.072466	-7.167441	-6.791309	-7	0.4435548	2.029431	-65.85091	-2.472288	-6.41587
19.96	-6.08633	-5.733358	3.356295	-7	-0.3420076	1.106797	-20.34472	-16.80817	6.663701
19.98	-6.447283	-5.733358	0.5690417	-7	0.1357456	1.183648	-45.2113	-21.40359	-3.826643
20	-5.177347	-5.801648	6.83457	-7	-1.345152	-0.963064	-4.487495	-14.09061	-1.45523
20.02	-8.167193	-7.167441	-9.106689	-7	-0.4666989	0.6075988	-48.39376	-0.976105	-8.695325
20.04	-5.471913	-5.39191	4.718468	-7	-1.19079	-0.3651845	9.338733	-5.311983	8.070401
20.06	-7.395712	-6.825994	-5.60252	-7	-0.462595	-0.07008344	-22.34926	-8.777631	-5.986985
20.08	-6.055462	-6.825994	1.972226	-7	-1.785826	-2.083242	42.5789	-7.342517	4.892793
20.1	-7.065716	-6.484545	-3.792401	-7	-0.3217146	-0.6492534	5.760719	-0.4264868	-2.430621
20.12	-6.230447	-7.850338	1.774459	-7	-2.129488	-3.636018	80.76312	1.573513	4.004228
20.14	-5.812081	-6.143096	3.244436	-7	-0.820806	-2.683183	55.88137	8.245268	-1.076657
20.16	-5.799485	-7.50889	3.823792	-7	-1.687315	-4.134842	81.79158	5.48191	-2.419701
20.18	-5.431528	-5.801648	4.843083	-7	-0.3674448	-2.246975	44.8281	8.352139	-2.965898
20.2	-6.134792	-7.099152	1.406936	-7	-0.6159573	-2.19805	40.0003	-0.6860288	-4.289176
20.22	-6.71608	-7.167441	-1.318884	-7	-0.4025053	-1.53242	35.7075	-6.808166	-0.9149809
20.24	-6.488563	-6.894283	0.1568785	-7	-0.1755914	-1.244719	40.05429	-4.334884	2.240019
20.26	-6.107372	-6.825994	2.372218	-7	-0.186685	-1.574677	45.1249	-7.785265	1.102036
20.28	-6.742693	-6.825994	-0.9357375	-7	0.5857109	-0.3316624	17.67693	4.077329	-1.106485
20.3	-6.555165	-6.825994	0.3911552	-7	0.6173598	0.02520775	18.66201	8.306337	2.397864
20.32	-6.881189	-6.825994	-1.102197	-7	1.023845	0.7085246	2.954803	0.8559558	1.127328
20.34	-6.664619	-6.825994	0.39495	-7	0.8927864	0.6802978	6.000553	9.69565	2.733915
20.36	-6.900229	-6.825994	-0.6390957	-7	1.080538	1.032047	-5.230268	1.665116	1.184625
20.38	-6.817602	-6.825994	0.06513239	-7	0.9626267	1.048118	-4.885099	11.10023	2.203873
20.4	-6.708314	-6.825994	0.8332239	-7	0.7387432	0.7400188	-2.842345	-1.311983	1.414603
20.42	-7.143801	-6.894283	-1.352596	-7	0.9443659	1.226014	-15.29276	7.298704	0.4688148
20.44	-6.67697	-6.894283	1.369691	-7	0.4075929	0.5054408	1.680949	0.153666	2.69145
20.46	-6.938365	-6.825994	-0.06345141	-7	0.5724818	0.6579638	-8.539982	-1.037174	-0.1884985
20.48	-6.946702	-6.894283	-0.0166468	-7	0.4622871	0.6746308	-6.61297	1.955192	1.181166
20.5	-7.246536	-7.235731	-1.321709	-7	0.3044627	0.4514025	-2.171503	-1.556258	1.108089
20.52	-7.406111	-7.167441	-1.957028	-7	0.499276	0.7172364	-1.846386	-0.01427339	2.613519
20.54	-7.175629	-7.167441	-0.4796802	-7	0.459479	0.4657693	7.300536	0.2300019	3.609107
20.56	-7.181919	-7.235731	-0.3033258	-7	0.5296676	0.3322713	8.678209	3.039162	2.366294
20.58	-7.12238	-7.167441	0.1574542	-7	0.6501102	0.4338065	7.67721	5.970459	2.376256
20.6	-7.300106	-7.167441	-0.6585172	-7	0.943921	0.9040439	-1.265549	1.405574	2.026883
20.62	-7.027841	-7.099152	0.9460644	-7	0.8533894	0.8044124	2.359329	1.359772	2.981169
20.64	-7.14328	-7.167441	0.4420683	-7	0.8771562	0.8285116	-2.686798	0.443742	1.324124
20.66	-7.092347	-7.099152	0.7836069	-7	0.8312318	0.8857441	-4.075368	1.161299	1.771423
20.68	-7.026482	-7.235731	1.273054	-7	0.5233492	0.4471456	1.757147	-0.7776317	1.334936
20.7	-7.382339	-7.235731	-0.5840906	-7	0.7168176	0.8288374	-7.206629	-0.701296	0.7226725
20.72	-7.300019	-7.235731	-0.01275	-7	0.6479182	0.83268	-2.733026	-0.0600745	2.667508
20.74	-7.16845	-7.235731	0.7740368	-7	0.5288422	0.5261113	2.144044	-0.5028227	2.182523
20.76	-7.37488	-7.235731	-0.3030409	-7	0.7293868	0.8162515	-4.674056	0.07733012	1.403217
20.78	-7.240885	-7.167441	0.4585811	-7	0.7347746	0.8798903	-3.116963	0.3368722	2.576529
20.8	-7.137016	-7.167441	1.031748	-7	0.6589427	0.7021182	-1.80249	-0.4264868	1.835102
20.82	-7.14677	-7.167441	0.963532	-7	0.618978	0.6556283	-3.169058	-0.5791586	1.189916
20.84	-7.308471	-7.167441	0.07964724	-7	0.7252952	0.9221632	-8.689306	-0.1211432	1.175525
20.86	-7.166373	-7.167441	0.8687875	-7	0.5700407	0.7413406	-3.779347	-0.2585478	2.064679
20.88	-7.223759	-7.167441	0.5342241	-7	0.5735434	0.7103232	-5.358172	-0.6554945	1.226534
20.9	-7.26056	-7.167441	0.3239262	-7	0.5851499	0.7773099	-6.052114	-0.1669452	1.537834
20.92	-7.230535	-7.167441	0.4810287	-7	0.5507656	0.727628	-4.61007	-0.0600745	1.759119
20.94	-7.246814	-7.167441	0.3797471	-7	0.5622759	0.7270403	-4.826881	-0.4264868	1.607912
20.96	-7.381179	-7.235731	-0.2972564	-7	0.6316809	0.8550242	-6.504835	-0.3196166	1.726337
20.98	-7.271465	-7.167441	0.3100837	-7	0.6342551	0.8413349	-4.01261	-0.09060928	2.504486
21	-7.16556	-7.099152	0.8286625	-7	0.654017	0.7909708	-4.199271	-0.3806853	1.950519
21.02	-7.163089	-7.099152	0.7893074	-7	0.6650465	0.8144853	-6.320564	-0.1211432	1.393737
21.04	-7.145979	-7.099152	0.8384467	-7	0.6140947	0.7911546	-6.652925	-0.2890822	1.364825
21.06	-7.20961	-7.167441	0.4984421	-7	0.5416631	0.724088	-6.180255	-0.3043494	1.237025
21.08	-7.281473	-7.167441	0.1102944	-7	0.5567383	0.7823977	-6.55301	-0.3043494	1.551299
21.1	-7.37675	-7.235731	-0.3398245	-7	0.5854809	0.8344789	-5.907087	-0.273815	1.983396
21.12	-7.378128	-7.235731	-0.2770161	-7	0.6310836	0.8588603	-4.052944	-0.2585478	2.556559
21.14	-7.363955	-7.235731	-0.1332947	-7	0.7000594	0.8800036	-3.189623	-0.273815	2.637025
21.16	-7.32499	-7.235731	0.1432137	-7	0.7456961	0.87871	-2.423212	-0.0600745	2.620512
21.18	-7.194994	-7.167441	0.8497561	-7	0.7500046	0.8204533	-1.598598	-0.2432806	2.431123
21.2	-7.194092	-7.167441	0.844838	-7	0.7684646	0.8360941	-3.887356	-0.1974791	1.71023
21.22	-7.246704	-7.235731	0.6071757	-7	0.7153739	0.8171171	-4.195844	-0.1974791	1.662569
21.24	-7.268986	-7.235731	0.5224682	-7	0.681661	0.8030338	-3.762043	-0.3654181	1.877307
21.26	-7.171763	-7.167441	1.01956	-7	0.6352365	0.7206343	-2.290813	-0.3043494	1.969449
21.28	-7.191469	-7.167441	0.8709746	-7	0.6377234	0.7203203	-3.843735	-0.273815	1.429903
21.3	-7.298437	-7.235731	0.3148423	-7	0.6413492	0.7856499	-4.996123	-0.273815	1.533272
21.32	-7.264806	-7.167441	0.4769774	-7	0.6695578	0.8528116	-4.85302	-0.2432806	2.116489
21.34	-7.156712	-7.099152	0.9919095	-7	0.6657385	0.815064	-4.5431	-0.273815	1.979194
21.36	-7.235219	-7.167441	0.5501608	-7	0.6677018	0.8315127	-6.385793	-0.2890822	1.412162
21.38	-7.241324	-7.167441	0.5116906	-7	0.6398787	0.836651	-5.745255	-0.273815	1.831387
21.4	-7.225737	-7.167441	0.5855962	-7	0.6080601	0.7783185	-4.557951	-0.3043494	1.871494
21.42	-7.181888	-7.099152	0.7551711	-7	0.6345662	0.8015008	-5.177979	-0.3806853	1.80221
21.44	-7.308849	-7.235731	0.117053	-7	0.6189901	0.7968941	-5.359712	-0.273815	1.610079
21.46	-7.332173	-7.235731	0.04323232	-7	0.6273093	0.8149851	-3.620883	-0.2127463	2.303024
21.48	-7.261314	-7.167441	0.4216352	-7	0.6777279	0.8253711	-2.746325	-0.2585478	2.479433
21.5	-7.279108	-7.235731	0.3732053	-7	0.6817595	0.7791614	-2.09402	-0.2127463	2.162088
21.52	-7.284237	-7.235731	0.3885169	-7	0.7055765	0.7930168	-1.748746	-0.2127463	2.26696
21.54	-7.264403	-7.235731	0.5358012	-7	0.7159596	0.7801794	-1.086655	-0.2890822	2.312452
21.56	-7.116081	-7.099152	1.265585	-7	0.7450001	0.7862566	-1.582852	-0.3654181	2.210297
21.58	-7.115771	-7.099152	1.196827	-7	0.7605782	0.8266899	-4.804842	-0.1364104	1.417397
21.6	-7.183347	-7.167441	0.8278559	-7	0.7007318	0.8309709	-5.821889	-0.3501509	1.380493
21.62	-7.243588	-7.235731	0.5464732	-7	0.6038672	0.7416557	-3.871019	-0.3043494	1.686148
21.64	-7.327293	-7.235731	0.123679	-7	0.6376333	0.7999657	-3.992556	-0.1974791	1.975789
21.66	-7.307275	-7.235731	0.2710458	-7	0.6490211	0.7884147	-1.935113	-0.2585478	2.485256
21.68	-7.219184	-7.167441	0.7265511	-7	0.6895885	0.7728431	-1.209061	-0.2127463	2.431734
21.7	-7.21514	-7.167441	0.7294201	-7	0.7389007	0.8136649	-2.735147	-0.2280135	2.008823
21.72	-7.253187	-7.235731	0.5675997	-7	0.7160236	0.7977515	-2.443894	-0.2585478	2.008404
21.74	-7.208543	-7.167441	0.7943009	-7	0.7344613	0.825103	-2.584194	-0.2890822	2.192623
21.76	-7.28415	-7.235731	0.4250627	-7	0.7484455	0.8540698	-3.557443	-0.3043494	1.965691
21.78	-7.151456	-7.167441	1.12984	-7	0.6841191	0.7466373	-0.7803519	-0.1974791	2.369994
21.8	-7.109306	-7.099152	1.269711	-7	0.7103855	0.7520947	-2.920571	-0.1516776	1.635953
21.82	-7.185541	-7.167441	0.8374145	-7	0.6913261	0.7870446	-4.607515	-0.3959524	1.415234
21.84	-7.287524	-7.235731	0.3280321	-7	0.6664672	0.8165508	-4.414039	-0.1211432	1.804395
21.86	-7.174505	-7.167441	0.9248936	-7	0.6081322	0.7052343	-0.9563087	-0.3806853	2.358317
21.88	-7.283961	-7.235731	0.3529221	-7	0.6529421	0.7287248	-2.296811	-0.2432806	1.769839
21.9	-7.218172	-7.167441	0.6932344	7	0.6839774	0.7754682	0.4887695	-0.09060928	2.912924
21.92	-7.189516	-7.167441	0.8326221	7	0.7388532	0.7578589	3.1224	-0.273815	3.181143
21.94	-7.08289	-7.099152	1.348947	7	0.8132339	0.7492379	6.303072	-0.105876	3.684962
21.96	-7.161423	-7.167441	0.9303626	7	0.951057	0.8441458	7.112682	-0.09060928	3.802152
21.98	-7.06414	-7.167441	1.490559	7	1.001493	0.7890624	13.3091	-0.1669452	4.940845
22	-7.095631	-7.235731	1.39879	7	1.127246	0.7730722	17.13025	-0.105876	5.117871
22.02	-6.790429	-7.099152	3.027161	7	1.167583	0.5920133	25.35817	3.558246	6.01467
22.04	-7.022284	-7.167441	1.793879	7	1.535747	0.966159	19.31063	7.680383	5.068335
22.06	-6.820309	-7.235731	3.034955	7	1.486732	0.7898958	29.9829	7.008627	7.100713
22.08	-7.241583	-7.235731	0.8778309	7	2.10501	1.5692	18.26575	7.817788	6.618771
22.1	-6.612466	-7.099152	4.410006	7	1.984129	1.226457	34.7543	8.99336	9.765779
22.12	-7.144762	-7.235731	1.68155	7	2.596832	1.912359	18.90696	6.153666	6.91882
22.14	-6.761652	-7.099152	3.933939	7	2.654105	2.022791	27.43739	14.33687	10.54463
22.16	-7.163591	-7.235731	2.005075	7	3.149483	2.615984	16.00438	11.81779	9.02348
22.18	-6.769393	-7.167441	4.407659	7	3.084266	2.46714	27.34653	14.48954	11.84397
22.2	-7.049798	-7.235731	3.130563	7	3.466665	2.848232	19.00142	9.665116	10.15639
22.22	-6.757529	-7.235731	4.997235	7	3.376218	2.655075	29.2152	14.58115	12.25167
22.24	-7.047958	-7.235731	3.636903	7	3.805176	3.157876	19.63248	10.50481	11.08206
22.26	-5.422412	-5.869938	11.65066	7	3.94499	3.216838	21.99959	13.19183	13.26504
22.28	-7.358649	-7.50889	1.666461	7	4.208142	3.88008	-9.750031	6.321604	5.037948
22.3	-5.767518	-6.143096	9.867189	7	3.800068	3.685799	15.45291	11.77199	15.70591
22.32	-8.669817	-7.850338	-5.022342	7	4.936915	5.515032	-32.361	-4.319616	7.598662
22.34	-5.960019	-6.825994	9.936734	7	3.485642	3.292475	49.11114	1.390307	24.10122
22.36	-7.391778	-7.099152	2.166921	7	4.850978	4.300215	3.730928	-2.014273	9.732763
22.38	-4.769589	-6.143096	15.89925	7	3.65467	2.450059	56.68473	6.489543	18.55228
22.4	-6.376889	-6.416255	6.619168	7	4.878106	4.009796	-5.335724	-0.9913725	4.521984
22.42	-6.222842	-6.825994	7.645834	7	4.208069	3.933321	15.39063	12.90176	14.03279
22.44	-7.318263	-5.869938	1.132444	7	6.282277	7.296285	-45.78446	-5.617326	13.4521
22.46	-4.942996	-6.416255	14.23753	7	3.922011	3.614916	38.93955	-0.6096929	20.9456
22.48	-4.988726	-5.460199	12.82631	7	4.434169	3.5111	7.933046	3.542979	7.666904
22.5	-5.340161	-6.143096	10.55938	7	3.858336	3.270036	10.79077	22.10786	8.727759
22.52	-6.54043	-5.118752	3.039161	7	5.857792	6.992771	-53.2076	-4.823433	10.97407
22.54	-5.679224	-6.143096	8.01807	7	4.410917	5.132249	1.598618	-8.899769	19.19801
22.56	-5.487251	-5.460199	8.458426	7	4.672275	4.791329	0.07711363	-8.655494	14.69474
22.58	-4.122281	-4.777303	14.80084	7	4.241944	3.822406	17.14808	12.1384	14.69083
22.6	-5.432475	-5.39191	7.135026	7	4.784997	4.747722	-15.8246	9.542978	8.011034
22.62	-3.484469	-3.684668	16.09679	7	4.629369	4.861926	-3.719593	10.39794	15.99646
22.64	-2.653445	-3.070061	18.55177	7	4.505988	4.493205	-26.09126	-11.89213	6.412017
22.66	-3.547792	-4.094406	12.67477	7	3.611821	4.017756	-35.59248	7.787253	2.532536
22.68	-3.908835	-3.752957	9.550106	7	3.313934	4.36984	-35.62799	-18.06007	7.620299
22.7	-3.823338	-3.752957	9.003464	7	2.902237	3.828532	-17.86497	-22.80816	10.65699
22.72	-1.499278	-2.045715	19.28286	7	2.377544	2.393909	9.27092	-18.16694	11.44144
22.74	-2.485176	-1.704267	11.50929	7	3.790977	4.578129	-59.9073	0.07733012	0.2255268
22.76	-1.684985	-1.704267	14.11785	7	2.919057	4.276089	-44.80252	1.161299	7.291007
22.78	-1.305455	-1.362819	14.20972	7	2.305933	3.382067	-41.68597	-15.29671	3.775859
22.8	-1.130651	-1.431108	13.38849	7	1.438721	2.261544	-27.68877	-0.7776317	2.749651
22.82	0.05643851	0.3444233	16.81015	7	1.670346	2.654874	-39.64974	-18.53336	2.860994
22.84	0.5831566	0.2761335	17.08111	7	0.9367112	1.749376	-39.9428	-12.82343	-1.768865
22.86	0.09283245	0.3444233	12.05298	7	0.7451804	2.041386	-55.47676	-21.89213	-3.512034
22.88	0.5330178	0.3444233	12.42634	7	-0.2758979	0.8719744	-27.48992	-25.55626	0.608798
22.9	-0.5924105	0.3444233	4.483355	7	0.424612	1.962241	-46.85826	-24.91504	-0.4083605
22.92	-0.5493186	0.2761335	3.459661	7	0.5819122	2.260691	-26.03965	-23.34252	7.876101
22.94	0.8910147	1.573638	9.21386	7	1.13984	2.240708	-14.19939	-6.991372	9.674522
22.96	1.966443	1.641927	13.16568	7	0.8007556	0.9527797	-1.076494	-6.624959	3.974041
22.98	1.612869	1.915086	9.342129	7	1.380662	1.872682	-30.2489	17.35977	-0.6721392
23	3.305171	3.144301	16.06623	7	0.9987167	1.593528	-23.2239	18.90175	2.62151
23.02	1.479631	2.188245	4.698614	7	1.499185	2.841715	-68.55109	9.481909	-5.504108
23.04	3.690035	3.554038	14.58183	7	0.3472708	1.640435	-27.22275	-9.800532	5.444923
23.06	3.128073	3.895488	9.145784	7	0.9675366	2.386814	-70.3781	-1.831067	-5.648622
23.08	3.679054	4.168647	10.06788	7	0.415536	2.359766	-66.26545	-17.43412	-1.263882
23.1	4.078063	4.510095	10.06851	7	-0.1229625	1.710883	-64.19469	4.29107	-3.300747
23.12	3.880939	4.441804	7.10753	7	-0.5410643	1.367997	-64.15462	-7.067708	-4.447588
23.14	4.349828	4.783254	7.722139	7	-1.090419	0.6517452	-47.65792	-21.25091	-2.245434
23.16	4.300926	5.19299	5.404491	7	-0.8110958	0.9932613	-56.39645	-20.09061	-3.513068
23.18	4.638516	5.53444	5.306026	7	-0.7024935	1.233276	-55.7316	-8.518089	-1.627133
23.2	4.932922	5.807599	5.059443	7	-0.6137615	1.290775	-56.86168	-5.754731	-1.967432
23.22	4.990444	6.149047	3.571033	7	-0.2417033	1.916042	-68.68727	-4.62496	-2.209888
23.24	6.398923	6.763654	9.222345	7	-0.9206468	0.7783962	-47.64664	-0.01427339	-1.158471
23.26	6.218578	6.968522	6.186162	7	-0.7964828	0.9202532	-69.53436	0.4742764	-7.928129
23.28	6.853808	7.241681	7.703265	7	-1.506825	0.2873239	-58.7904	0.5658799	-5.942072
23.3	6.314769	7.036813	3.153584	7	-1.717447	0.1817951	-65.90609	-3.464654	-8.633604
23.32	6.498021	7.309972	2.584542	7	-1.968073	0.05575534	-55.27629	-8.670761	-4.735631
23.34	6.584949	7.036813	1.865598	7	-2.463603	-0.9512575	-33.77114	-16.82343	-4.558874
23.36	6.861035	7.309972	2.045134	7	-2.523908	-1.459888	-19.30765	-20.70129	-3.992512
23.38	7.746204	7.856288	5.248049	7	-2.620942	-2.130079	-4.544909	-17.8616	-4.220389
23.4	9.194714	9.358663	10.48939	7	-2.217313	-1.936607	-18.6977	6.474276	-7.860519
23.42	7.906321	8.197738	2.178339	7	-2.17946	-1.368821	-48.52362	7.451375	-14.53103
23.44	7.518936	7.924579	-0.683822	7	-2.664678	-1.321712	-34.15858	-0.9303035	-7.029398
23.46	8.765508	9.358663	4.267931	7	-2.490487	-1.364425	-26.45928	-5.403585	-4.267815
23.48	8.15264	8.539186	-0.0252111	7	-2.541182	-1.615598	-33.40166	-10.21275	-9.847953
23.5	8.829183	9.017213	2.486168	7	-2.897464	-2.091684	-15.94714	-13.83107	-5.889583
23.52	7.825805	8.129447	-3.351681	7	-2.925667	-2.298913	-15.67037	-13.14404	-8.857253
23.54	7.837112	8.129447	-3.537363	7	-2.958176	-2.464045	7.030477	-10.56389	-2.761678
23.56	8.097565	8.266026	-2.45639	7	-2.657872	-2.726259	21.77786	-8.304348	-1.957013
23.58	8.146534	8.129447	-2.341244	7	-2.289438	-2.780618	28.96804	-4.869235	-2.466322
23.6	9.235334	9.017213	2.792439	7	-1.883984	-2.701304	31.8562	15.43611	-2.05425
23.62	8.638968	8.470897	-0.6755923	7	-1.464897	-2.179336	10.95357	30.07732	-7.402401
23.64	7.864879	7.856288	-4.437982	7	-1.369303	-1.590507	8.753473	20.07733	-4.061221
23.66	7.602652	7.856288	-5.384533	7	-1.018076	-1.05611	12.71129	10.1384	0.1363058
23.68	8.797798	8.744054	0.8673621	7	-0.7919849	-1.203858	22.20554	-0.8081661	1.802114
23.7	9.564194	9.085504	4.464525	7	-0.807192	-1.640207	13.57526	-0.7623646	-4.51635
23.72	8.418394	8.197738	-1.573982	7	-0.8510047	-1.203244	-9.301851	22.81015	-8.978095
23.74	8.14736	8.539186	-3.020053	7	-0.6342583	-0.1516139	-18.76208	16.84069	-3.276571
23.76	8.55998	8.402606	-0.6314846	7	-1.211103	-1.021917	-0.1623001	-6.884501	-1.838383
23.78	8.498231	8.470897	-1.033958	7	-1.268662	-1.296743	-1.555424	-17.08298	-4.406052
23.8	8.421522	8.470897	-1.506185	7	-1.272404	-1.216911	-3.077824	-15.64786	-4.157868
23.82	7.446827	7.924579	-6.370249	7	-0.9160458	-0.4726354	-14.10142	5.787253	-3.775148
23.84	6.514565	7.036813	-10.21312	7	-0.8258314	-0.207565	-0.4237757	0.1231317	1.601353
23.86	7.834183	7.856288	-2.619532	7	-0.8591965	-1.029718	33.67269	-0.3654181	6.726436
23.88	8.350054	8.197738	0.1355705	7	-0.3594962	-1.2104	25.07389	11.57351	-0.2266245
23.9	9.539534	9.017213	5.928931	7	-0.3316317	-1.278239	15.69659	26.85596	-3.012189
23.92	7.985426	7.583131	-2.018703	7	-0.5719653	-1.08087	-9.140223	18.87122	-9.850201
23.94	8.543521	8.470897	0.8352449	7	-0.8144001	-0.7354491	-3.63656	-0.01427339	-2.245753
23.96	8.037521	8.470897	-2.112087	7	-0.4125211	0.03530854	-27.62194	-19.46465	-5.507202
23.98	6.588827	6.968522	-8.839106	7	-0.7383707	0.1163216	-21.84844	-27.96847	-2.814878
24	7.26994	6.968522	-4.183732	7	-1.641059	-1.608892	32.19236	-16.68603	4.67904
24.02	6.725445	7.036813	-6.574619	7	-0.7821289	-1.232147	25.06484	4.871223	0.8330212
24.04	6.898955	7.036813	-4.958065	7	-0.2343203	-0.7367844	31.1378	0.1842004	4.284457
24.06	6.882803	6.968522	-4.338275	7	0.3828469	-0.2525084	26.39861	21.66512	3.564997
24.08	9.255608	8.744054	7.804526	7	0.504719	-0.5584541	30.00838	17.68038	3.643829
24.1	8.166487	7.309972	2.194997	7	0.1040065	-1.037251	1.926651	21.77198	-9.510018
24.12	7.51797	7.309972	-1.000571	7	-0.1429998	-0.3000011	-8.713486	17.60405	-4.770333
24.14	6.83293	7.309972	-4.380952	7	0.1475675	0.7055107	-22.69181	15.58878	-1.853815
24.16	6.604087	7.309972	-5.203642	7	0.4191825	1.376336	-25.75625	-0.4570212	1.749694
24.18	7.381674	7.924579	-1.05701	7	0.544064	1.396091	-22.94772	-17.09824	2.98051
24.2	6.740559	7.036813	-3.962314	7	0.3369379	1.031399	-26.11897	-23.17458	-1.295156
24.22	9.440735	9.63182	9.133478	7	0.3031477	0.8584628	-22.96519	10.62695	1.714548
24.24	7.896027	8.470897	0.1466558	7	0.534685	1.642886	-79.95448	10.82542	-12.93707
24.26	7.225171	7.51484	-3.088272	7	-0.798404	1.05146	-60.05713	-3.357785	-5.158419
24.28	6.530388	7.583131	-6.711146	7	-0.88858	1.12772	-55.18908	-7.296715	-2.295697
24.3	6.507658	7.583131	-6.665145	7	-0.8463374	1.016931	-39.12614	-10.28908	1.737471
24.32	7.640178	8.197738	-0.8944526	7	-0.9574358	0.1422343	-17.39108	-14.07534	2.343624
24.34	8.319072	8.197738	2.296961	7	-1.383896	-1.163189	-6.047885	-5.815799	-3.414214
24.36	7.978923	8.129447	-0.02934331	7	-1.317803	-1.029841	-19.29597	12.96283	-7.141681
24.38	8.50145	9.017213	1.776877	7	-1.017594	-0.2255556	-33.62344	4.733819	-5.210882
24.4	8.827014	9.085504	2.618028	7	-1.299555	-0.3951236	-41.51926	-4.655494	-7.724142
24.42	8.589273	9.017213	0.5356517	7	-1.589355	-0.3642308	-52.49584	-11.08298	-9.577703
24.44	8.177802	9.017213	-2.363185	7	-1.670816	0.07589123	-62.03409	-18.7471	-8.341158
24.46	8.35591	9.085504	-1.997445	7	-2.062308	-0.2740553	-51.89096	-25.25091	-5.898678
24.48	8.655842	9.017213	-0.9426936	7	-2.670326	-1.379405	-33.6829	-27.80053	-6.627002
24.5	9.259262	9.358663	1.414979	7	-3.167849	-2.441892	-18.34436	-17.17458	-8.059145
24.52	6.835148	7.583131	-11.20615	7	-2.91373	-1.867756	-31.34703	0.8559558	-11.01281
24.54	6.199058	7.036813	-13.50804	7	-2.855285	-1.723168	8.796053	-1.876868	2.596823
24.56	6.316173	6.968522	-11.80212	7	-2.170455	-2.045076	42.89985	-2.670761	6.898865
24.58	7.947127	7.856288	-2.691554	7	-1.46766	-2.628894	69.00384	-1.983739	7.319087
24.6	7.531353	7.309972	-4.316632	7	-0.4646288	-2.059949	48.31937	17.39031	-0.8160238
24.62	7.97753	7.583131	-1.362448	7	-0.008460701	-1.374958	42.88871	27.63458	1.507154
24.64	8.114461	7.583131	-0.1339617	7	0.1985589	-1.1147	30.68811	27.74145	-1.219854
24.66	7.133804	6.968522	-4.50541	7	0.4857557	-0.2436851	9.480956	23.23763	-2.600487
24.68	7.842509	8.129447	-0.597458	7	1.013828	0.9669635	-5.63409	11.28344	2.027059
24.7	7.146538	7.241681	-3.597491	7	0.9140372	1.108222	-20.78414	-3.999006	-2.130589
24.72	7.837025	7.309972	0.7375011	7	-0.1247889	-0.2097021	5.286349	2.306337	0.7519341
24.74	7.355716	7.309972	-1.606326	7	-0.1195306	-0.2400657	-8.126839	1.451376	-3.973283
24.76	7.44827	7.309972	-0.843335	7	-0.4711126	-0.4490915	-2.230184	0.3979405	-1.811655
24.78	7.066025	7.241681	-2.696326	7	-0.3713278	-0.1906389	-10.19813	-3.907403	-2.73505
24.8	7.407893	7.309972	-0.6786535	7	-0.7074561	-0.6345901	1.488426	-7.144043	-0.8260098
24.82	7.177557	7.309972	-1.86946	7	-0.5624004	-0.4914939	-6.235538	-1.892136	-2.923196
24.84	7.265574	7.378261	-1.348875	7	-0.5805917	-0.3975376	-5.895091	-0.4570212	-1.73089
24.86	7.007827	7.309972	-2.653415	7	-0.3970155	-0.05162759	-13.67715	-2.151677	-2.293795
24.88	7.290398	7.309972	-1.00565	7	-0.6680725	-0.4285912	-4.010896	-0.3501509	-0.9219275
24.9	7.215274	7.309972	-1.389365	7	-0.6656129	-0.5238901	-6.49044	-1.281449	-2.631715
24.92	7.115987	7.309972	-1.892725	7	-0.6046841	-0.3388825	-9.543982	0.2300019	-2.298162
24.94	7.235184	7.309972	-1.20531	7	-0.7311435	-0.5136254	-5.443649	-1.479922	-1.78541
24.96	7.054871	7.309972	-2.170199	7	-0.5821545	-0.2830906	-11.38134	-0.2432806	-2.517225
24.98	7.091567	7.241681	-1.869344	7	-0.6712614	-0.3589289	-7.626051	-0.3501509	-1.515783
25	7.098028	7.309972	-1.818435	7	-0.6082968	-0.3154066	-8.782213	-1.464655	-1.777117
25.02	7.056831	7.241681	-1.965346	7	-0.6060122	-0.3100949	-8.72898	-0.07534168	-1.801688
25.04	7.001934	7.241681	-2.190351	7	-0.5415552	-0.2044266	-9.977791	-0.6402273	-1.614898
25.06	7.080859	7.309972	-1.738149	7	-0.5026505	-0.1556605	-10.05586	-0.02954014	-1.320803
25.08	7.167094	7.309972	-1.256638	7	-0.5583479	-0.2722351	-9.185979	-0.3806853	-1.763441
25.1	7.118851	7.309972	-1.521639	7	-0.5454171	-0.226877	-11.87868	-0.2890822	-2.313055
25.12	7.150657	7.309972	-1.347553	7	-0.6200852	-0.2794909	-11.1482	-0.1211432	-2.109167
25.14	7.092365	7.309972	-1.675266	7	-0.6177846	-0.2398644	-12.94281	-0.5486242	-2.356277
25.16	7.077674	7.309972	-1.757697	7	-0.6352032	-0.2158455	-13.04815	-0.09060928	-2.068168
25.18	7.007021	7.241681	-2.091468	7	-0.6607898	-0.2376217	-12.44552	-0.3348837	-2.005177
25.2	7.04307	7.309972	-1.904145	7	-0.629137	-0.199679	-12.08841	-0.1974791	-1.636117
25.22	7.067044	7.309972	-1.779981	7	-0.6166806	-0.210408	-12.05887	-0.2890822	-1.79671
25.24	7.078212	7.309972	-1.72496	7	-0.6160237	-0.2170536	-12.24077	-0.2890822	-1.920628
25.26	7.100834	7.309972	-1.609609	7	-0.6435654	-0.2585905	-11.79189	-0.2280135	-1.989958
25.28	7.074847	7.309972	-1.762097	7	-0.6345935	-0.2346417	-12.72655	-0.2585478	-2.134564
25.3	7.05988	7.309972	-1.84763	7	-0.6281924	-0.2001939	-13.1561	-0.3959524	-1.998735
25.32	7.021384	7.241681	-2.006205	7	-0.6710456	-0.2595026	-11.77195	-0.2127463	-1.917858
25.34	7.069379	7.309972	-1.760702	7	-0.6542014	-0.2583394	-11.20428	-0.3501509	-1.729912
25.36	7.15663	7.378261	-1.356106	7	-0.6385248	-0.2661004	-11.68147	-0.1669452	-1.965061
25.38	7.125226	7.309972	-1.538144	7	-0.6831627	-0.3218725	-12.05754	-0.273815	-2.429259
25.4	6.985448	7.241681	-2.252634	7	-0.6670827	-0.2411903	-13.34733	-0.3806853	-2.301743
25.42	7.019744	7.309972	-2.065096	7	-0.6291057	-0.1653715	-12.75535	-0.3806853	-1.542938
25.44	7.132249	7.378261	-1.50646	7	-0.6184613	-0.2008598	-12.28182	-0.3348837	-1.685033
25.46	7.055969	7.309972	-1.917291	7	-0.600777	-0.172993	-14.26977	-0.2585478	-2.281931
25.48	7.023503	7.241681	-2.029769	7	-0.6691816	-0.2383618	-12.23469	-0.2890822	-1.888162
25.5	6.988584	7.241681	-2.173497	7	-0.6576268	-0.2410633	-11.54466	-0.4264868	-1.750691
25.52	7.00448	7.241681	-2.044825	7	-0.6480017	-0.261543	-10.19979	-0.1516776	-1.544547
25.54	7.09349	7.309972	-1.581313	7	-0.6243119	-0.2808979	-9.728853	-0.3043494	-1.61354
25.56	7.110221	7.309972	-1.511502	7	-0.6105638	-0.2809173	-10.9018	-0.2585478	-2.081712
25.58	7.120625	7.309972	-1.472282	7	-0.6320901	-0.2861149	-11.47899	-0.2432806	-2.192548
25.6	7.097703	7.309972	-1.614366	7	-0.6409999	-0.263588	-12.54242	-0.3501509	-2.287107
25.62	7.011206	7.241681	-2.042967	7	-0.6604406	-0.2480665	-12.75511	-0.2127463	-2.188698
25.64	7.025514	7.241681	-1.928467	7	-0.6977122	-0.3018678	-10.58628	-0.4264868	-1.741417
25.66	7.040834	7.309972	-1.872444	7	-0.625322	-0.2281034	-11.84163	-0.273815	-1.820134
25.68	7.150541	7.378261	-1.344268	7	-0.6146126	-0.2268338	-12.06518	-0.2280135	-1.85634
25.7	7.030687	7.241681	-1.952312	7	-0.6463773	-0.2541408	-13.12948	-0.273815	-2.449538
25.72	7.069073	7.309972	-1.755467	7	-0.6563814	-0.2320275	-12.38129	-0.273815	-1.850706
25.74	7.154394	7.378261	-1.362672	7	-0.6616898	-0.2637888	-12.46868	-0.3806853	-2.054721
25.76	7.071947	7.309972	-1.822533	7	-0.6646506	-0.243547	-14.19194	-0.2432806	-2.515872
25.78	7.105406	7.309972	-1.647459	7	-0.7374297	-0.3189755	-12.10303	-0.2280135	-2.088387
25.8	7.095601	7.309972	-1.722527	7	-0.7583884	-0.3699743	-11.65413	-0.3043494	-2.290493
25.82	6.972551	7.241681	-2.353478	7	-0.7205647	-0.2957096	-12.57152	-0.2432806	-2.228024
25.84	7.018358	7.241681	-2.059531	7	-0.7482237	-0.3560674	-9.285841	-0.273815	-1.525727
25.86	7.060306	7.309972	-1.854988	7	-0.6726641	-0.319941	-9.876071	-0.2127463	-1.747003
25.88	7.079215	7.309972	-1.762206	7	-0.6301833	-0.2770863	-10.83002	-0.2585478	-1.916859
25.9	7.109145	7.309972	-1.603852	7	-0.6393728	-0.2901088	-10.92493	-0.3043494	-2.009693
25.92	7.025746	7.241681	-2.009206	7	-0.6433269	-0.2749601	-11.72632	-0.2127463	-2.198359
25.94	7.018389	7.241681	-2.002321	7	-0.6534895	-0.2714451	-10.75171	-0.2432806	-1.777564
25.96	7.096307	7.309972	-1.596211	7	-0.6447245	-0.2916168	-10.22415	-0.2280135	-1.747765
25.98	7.116737	7.309972	-1.50624	7	-0.6485668	-0.3146119	-10.92437	-0.2585478	-2.167235
26	7.10295	7.309972	-1.599998	7	-0.6522592	-0.2909386	-12.0536	-0.273815	-2.302888
26.02	7.137852	7.309972	-1.428863	7	-0.7163185	-0.3632272	-11.04125	-0.2127463	-2.253761
26.04	7.059731	7.309972	-1.877299	7	-0.6769121	-0.2756576	-13.4407	-0.273815	-2.483458
26.06	7.074121	7.309972	-1.806298	7	-0.7006543	-0.2724186	-12.64283	-0.2585478	-2.049594
26.08	6.980488	7.241681	-2.270345	7	-0.6902026	-0.2539981	-12.93911	-0.2585478	-2.129758
26.1	6.978983	7.241681	-2.231114	7	-0.682106	-0.2483691	-11.40433	-0.273815	-1.613188
26.12	7.025647	7.241681	-1.940285	7	-0.6924455	-0.3275183	-9.307528	-0.3348837	-1.578579
26.14	7.07722	7.309972	-1.687497	7	-0.633868	-0.2926202	-10.23482	-0.2890822	-1.820649
26.16	7.081766	7.309972	-1.678996	7	-0.5998584	-0.2385728	-11.89929	-0.2432806	-2.073631
26.18	7.082453	7.309972	-1.682616	7	-0.6002733	-0.2060332	-12.92902	-0.2280135	-2.11067
26.2	7.121244	7.309972	-1.481625	7	-0.6631508	-0.2805613	-12.0986	-0.3043494	-2.147002
26.22	7.003416	7.241681	-2.086836	7	-0.6654857	-0.2528304	-13.42881	-0.2127463	-2.409994
26.24	7.014349	7.241681	-1.989761	7	-0.7041797	-0.2864838	-11.33472	-0.2890822	-1.793705
26.26	7.072477	7.309972	-1.704223	7	-0.6806718	-0.2959989	-11.10747	-0.3348837	-1.856954
26.28	7.095157	7.309972	-1.608635	7	-0.6782668	-0.3110195	-11.51426	-0.1516776	-2.144742
26.3	7.013385	7.241681	-2.022012	7	-0.6790399	-0.2889957	-12.25349	-0.3348837	-2.271561
26.32	7.073689	7.309972	-1.715391	7	-0.6757799	-0.2742923	-11.57678	-0.2127463	-1.842086
26.34	7.00426	7.241681	-2.060218	7	-0.6675531	-0.2709007	-12.2059	-0.2127463	-2.155894
26.36	7.045421	7.309972	-1.8539	7	-0.6326113	-0.2094354	-12.44316	-0.2890822	-1.786114
26.38	7.100976	7.309972	-1.568111	7	-0.6629481	-0.2768634	-11.72598	-0.2890822	-1.986553
26.4	7.013799	7.241681	-2.009812	7	-0.6682709	-0.2735426	-12.62483	-0.3043494	-2.311484
26.42	7.046155	7.309972	-1.852108	7	-0.642628	-0.2106477	-12.82168	-0.2432806	-1.861326
26.44	7.064439	7.309972	-1.767228	7	-0.6413097	-0.217281	-13.0899	-0.2890822	-2.018274
26.46	7.001546	7.241681	-2.068518	7	-0.6603646	-0.2322501	-13.07213	-0.2890822	-2.124444
26.48	7.016406	7.241681	-1.953739	7	-0.6935042	-0.284384	-11.26597	-0.2432806	-1.806012
26.5	7.077447	7.309972	-1.654905	7	-0.6734524	-0.2936397	-11.18137	-0.2432806	-1.893329
26.52	7.064939	7.309972	-1.750401	7	-0.6396128	-0.2448836	-12.86581	-0.273815	-2.204885
26.54	7.07743	7.309972	-1.699073	7	-0.6533495	-0.2371436	-13.11271	-0.2585478	-2.134213
26.56	7.033282	7.241681	-1.904406	7	-0.707167	-0.3035375	-12.22649	-0.2127463	-2.220726
26.58	7.056202	7.309972	-1.80803	7	-0.6845748	-0.266748	-12.48703	-0.2432806	-2.016652
26.6	7.095154	7.309972	-1.620959	7	-0.7099169	-0.3171369	-11.8408	-0.3043494	-2.11683
26.62	7.145234	7.378261	-1.430314	7	-0.6949985	-0.2975305	-13.02684	-0.2585478	-2.335369
26.64	7.015165	7.241681	-2.098542	7	-0.7304828	-0.3076668	-13.62517	-0.273815	-2.597541
26.66	7.010914	7.241681	-2.085171	7	-0.7711598	-0.3466365	-11.23571	-0.2432806	-1.92347
26.68	7.046678	7.309972	-1.919282	7	-0.7195492	-0.3170958	-11.29077	-0.4264868	-1.889244
26.7	7.054687	7.309972	-1.893161	7	-0.6786401	-0.2782395	-12.05262	-0.04480732	-2.026353
26.72	7.002665	7.241681	-2.130213	7	-0.6796161	-0.2754675	-11.9445	-0.3959524	-2.044441
26.74	7.036155	7.309972	-1.957069	7	-0.6307864	-0.206342	-12.44111	-0.2432806	-1.771194
26.76	7.156908	7.378261	-1.360563	7	-0.6401344	-0.2471523	-12.21952	-0.273815	-1.926579
26.78	7.060458	7.309972	-1.8896	7	-0.6260346	-0.2002898	-15.01594	-0.2432806	-2.59708
26.8	7.085775	7.309972	-1.747732	7	-0.6941683	-0.2442911	-13.54481	-0.2585478	-2.109997
26.82	7.010866	7.241681	-2.111699	7	-0.7346391	-0.3043959	-12.86346	-0.4112196	-2.287486
26.84	7.067425	7.309972	-1.82327	7	-0.7384529	-0.3211078	-11.56701	-0.1364104	-1.901687
26.86	7.086015	7.309972	-1.745191	7	-0.7373267	-0.3553817	-11.43524	-0.3348837	-2.181837
26.88	7.054762	7.309972	-1.932742	7	-0.7006567	-0.293724	-12.75243	-0.3196166	-2.271299
26.9	7.078082	7.309972	-1.813224	7	-0.7154513	-0.3052926	-12.12782	-0.273815	-2.082629
26.92	7.049486	7.309972	-1.976894	7	-0.6874127	-0.2635425	-13.16896	-0.3348837	-2.211409
26.94	7.000232	7.241681	-2.191014	7	-0.7092384	-0.2822416	-12.27949	-0.3043494	-2.044932
26.96	7.068042	7.309972	-1.832169	7	-0.702386	-0.2987696	-11.20221	-0.3043494	-1.789637
26.98	7.091273	7.309972	-1.720342	7	-0.6998872	-0.3297378	-11.35346	-0.2432806	-2.138329
27	7.094782	7.309972	-1.715098	7	-0.7047409	-0.3321415	-11.76802	-0.2432806	-2.269291
27.02	7.084429	7.309972	-1.783255	7	-0.7070898	-0.3174455	-12.3133	-0.3043494	-2.302083
27.04	6.99112	7.241681	-2.243289	7	-0.7022951	-0.2809097	-12.83831	-0.2585478	-2.256573
27.06	7.159514	7.378261	-1.391738	7	-0.7228059	-0.3297279	-10.88288	-0.1974791	-1.757527
27.08	7.07176	7.309972	-1.883634	7	-0.6951267	-0.30596	-13.48479	-0.3501509	-2.657943
27.1	7.006885	7.241681	-2.182099	7	-0.7312533	-0.3014522	-12.59249	-0.273815	-2.193856
27.12	7.091103	7.309972	-1.736632	7	-0.7561089	-0.3650886	-10.54308	-0.273815	-1.862948
27.14	6.980849	7.241681	-2.29965	7	-0.7047154	-0.3092965	-12.24591	-0.2280135	-2.307796
27.16	6.97092	7.241681	-2.30329	7	-0.6747625	-0.2486756	-11.55091	-0.2585478	-1.691175
27.18	7.040259	7.309972	-1.932054	7	-0.6221502	-0.212515	-11.66763	-0.273815	-1.613929
27.2	7.077225	7.309972	-1.734568	7	-0.6124648	-0.2235796	-12.26417	-0.2432806	-1.964756
27.22	7.081798	7.241681	-1.665935	7	-0.7022067	-0.356413	-10.61415	-0.2890822	-2.190733
27.24	7.14713	7.378261	-1.394431	7	-0.6640581	-0.2937197	-12.50199	-0.273815	-2.292583
27.26	7.097266	7.309972	-1.680633	7	-0.6946613	-0.2945851	-13.80143	-0.2585478	-2.64123
27.28	7.119	7.309972	-1.579158	7	-0.77442	-0.3721803	-12.38919	-0.3043494	-2.417832
27.3	7.062129	7.309972	-1.914433	7	-0.7653814	-0.3420453	-13.51268	-0.3043494	-2.574594
27.32	7.047645	7.309972	-2.007386	7	-0.7632033	-0.3121178	-13.32107	-0.2432806	-2.253077
27.34	6.980994	7.241681	-2.3257	7	-0.7678097	-0.3223461	-12.5419	-0.273815	-2.151062
27.36	6.961454	7.241681	-2.388752	7	-0.7341791	-0.294745	-11.56989	-0.2280135	-1.771757
27.38	6.984731	7.241681	-2.220001	7	-0.704999	-0.3057782	-10.30338	-0.2280135	-1.619636
27.4	7.072372	7.309972	-1.760601	7	-0.6619287	-0.3022316	-10.19892	-0.3043494	-1.712915
27.42	7.056849	7.241681	-1.808276	7	-0.6834853	-0.3588198	-10.13424	-0.2432806	-2.166401
27.44	7.109763	7.309972	-1.545883	7	-0.6775643	-0.3439567	-10.59117	-0.2585478	-2.125177
27.46	7.133486	7.309972	-1.443388	7	-0.7073848	-0.378878	-11.07294	-0.273815	-2.429023
27.48	7.074892	7.309972	-1.786451	7	-0.684668	-0.2956965	-13.4819	-0.2280135	-2.600878
27.5	6.990885	7.241681	-2.198596	7	-0.7018456	-0.2571433	-13.68238	-0.2585478	-2.299171
27.52	7.058626	7.309972	-1.84404	7	-0.7119004	-0.2727297	-12.38999	-0.2890822	-1.865039
27.54	6.977185	7.241681	-2.249975	7	-0.6916783	-0.2587363	-13.22473	-0.1974791	-2.220893
27.56	6.99207	7.241681	-2.129068	7	-0.7025048	-0.2736487	-11.67979	-0.3043494	-1.777087
27.58	7.009789	7.241681	-2.004166	7	-0.7007789	-0.3152149	-10.73847	-0.2890822	-1.853081
27.6	7.161158	7.378261	-1.268763	7	-0.6782967	-0.3242235	-10.90009	-0.3043494	-1.944739
27.62	7.069129	7.309972	-1.793488	7	-0.6456984	-0.251928	-14.48604	-0.2432806	-2.753323
27.64	7.061049	7.309972	-1.843357	7	-0.67569	-0.2141113	-14.65562	-0.2585478	-2.284675
27.66	6.990772	7.241681	-2.180943	7	-0.7156808	-0.248642	-14.10748	-0.4264868	-2.272733
27.68	7.044956	7.309972	-1.90448	7	-0.7191471	-0.2598363	-13.05321	-0.105876	-1.918085
27.7	7.044191	7.309972	-1.928778	7	-0.7016647	-0.2570925	-13.63725	-0.2432806	-2.191914
27.72	6.988732	7.241681	-2.190357	7	-0.7187842	-0.2721871	-13.20937	-0.2280135	-2.17525
27.74	7.042962	7.309972	-1.914174	7	-0.7020875	-0.2592825	-12.65764	-0.273815	-1.883612
27.76	7.064615	7.309972	-1.815171	7	-0.6986054	-0.2790998	-12.85736	-0.2890822	-2.152598
27.78	7.079465	7.309972	-1.752557	7	-0.7157124	-0.3024471	-12.8692	-0.2585478	-2.270842
27.8	7.080534	7.309972	-1.766581	7	-0.7347512	-0.3207891	-12.97931	-0.2127463	-2.365852
27.82	7.128253	7.378261	-1.580202	7	-0.725616	-0.294003	-13.86576	-0.2890822	-2.384385
27.84	7.076308	7.309972	-1.872892	7	-0.7625529	-0.3212801	-14.24147	-0.2585478	-2.634556
27.86	7.048157	7.309972	-2.03503	7	-0.7764149	-0.3101958	-14.00612	-0.2432806	-2.377732
27.88	6.950191	7.241681	-2.518447	7	-0.7622679	-0.2779838	-13.88326	-0.3806853	-2.215105
27.9	6.948342	7.241681	-2.476464	7	-0.7415886	-0.2682818	-12.11174	-0.2585478	-1.657294
27.92	7.005672	7.241681	-2.122277	7	-0.7459728	-0.3550242	-9.637552	-0.2280135	-1.601728
27.94	7.075251	7.309972	-1.768446	7	-0.6932468	-0.3471991	-10.06267	-0.2127463	-1.890492
27.96	7.118098	7.309972	-1.555211	7	-0.696344	-0.3700445	-10.55142	-0.2585478	-2.240477
27.98	7.094366	7.309972	-1.702603	7	-0.6845762	-0.3243748	-12.39235	-0.3043494	-2.500445
28	7.089669	7.309972	-1.738898	7	-0.7047227	-0.3067419	-12.93995	-0.2432806	-2.400467
28.02	7.074053	7.309972	-1.834938	7	-0.7192152	-0.2980204	-13.45826	-0.3959524	-2.407969
28.04	6.974915	7.241681	-2.327465	7	-0.7196875	-0.2630247	-13.97543	-0.1974791	-2.343814
28.06	6.983096	7.241681	-2.236951	7	-0.7372576	-0.2872725	-12.0322	-0.3196166	-1.814836
28.08	6.953784	7.241681	-2.359091	7	-0.6835474	-0.2464242	-12.32169	-0.2585478	-1.849621
28.1	7.078123	7.309972	-1.698743	7	-0.6860726	-0.2937319	-10.75864	-0.273815	-1.656422
28.12	7.011334	7.241681	-2.031042	7	-0.6692948	-0.2945091	-12.19793	-0.3043494	-2.325535
28.14	7.150475	7.378261	-1.349379	7	-0.665292	-0.2735761	-12.22807	-0.3043494	-1.988005
28.16	7.168048	7.378261	-1.328547	7	-0.6838548	-0.2919244	-14.33404	-0.1822119	-2.749208
28.18	7.098122	7.309972	-1.721732	7	-0.7532671	-0.3157328	-15.06236	-0.3501509	-2.893271
28.2	7.036898	7.309972	-2.067821	7	-0.7709714	-0.2760271	-15.49988	-0.3806853	-2.57625
28.22	7.051238	7.309972	-2.000845	7	-0.8124846	-0.3277077	-13.78868	-0.2890822	-2.243267
28.24	6.953458	7.241681	-2.493686	7	-0.7971587	-0.319304	-13.66385	-0.1822119	-2.308023
28.26	6.946324	7.241681	-2.488481	7	-0.7698053	-0.2987327	-12.04631	-0.2127463	-1.742492
28.28	6.953169	7.241681	-2.409083	7	-0.7164394	-0.2834608	-11.24898	-0.0600745	-1.648129
28.3	6.92948	7.241681	-2.490399	7	-0.6208242	-0.1826688	-12.32019	-0.1516776	-1.634151
28.32	7.111563	7.309972	-1.505111	7	-0.6589966	-0.2971269	-9.612287	-0.1364104	-1.462029
28.34	7.158539	7.378261	-1.328212	7	-0.6134112	-0.2692942	-12.90176	-0.2890822	-2.477707
28.36	7.119114	7.309972	-1.551353	7	-0.6755277	-0.2842559	-14.18712	-0.1822119	-2.761971
28.38	7.065233	7.309972	-1.855681	7	-0.705201	-0.2480184	-15.33516	-0.5180899	-2.637934
28.4	7.063595	7.309972	-1.875486	7	-0.7557536	-0.2804193	-14.56984	-0.02954014	-2.386576
28.42	7.005579	7.241681	-2.156253	7	-0.8109626	-0.3584111	-13.15397	-0.4112196	-2.399463
28.44	7.012963	7.309972	-2.142094	7	-0.7623211	-0.2948089	-13.39085	-0.2585478	-2.097124
28.46	6.96903	7.241681	-2.341537	7	-0.7539393	-0.3001045	-12.77375	-0.2127463	-2.078141
28.48	6.950748	7.241681	-2.401027	7	-0.7122529	-0.2598065	-12.37748	-0.2585478	-1.819478
28.5	7.124169	7.378261	-1.527559	7	-0.6837973	-0.2740529	-11.60662	-0.2890822	-1.682549
28.52	7.174253	7.378261	-1.326393	7	-0.697081	-0.3262327	-13.14317	-0.2585478	-2.594643
28.54	7.072062	7.309972	-1.890556	7	-0.7154053	-0.2798935	-15.41654	-0.1974791	-2.9071
28.56	7.066793	7.309972	-1.921314	7	-0.772643	-0.2987731	-14.37903	-0.4570212	-2.400974
28.58	7.014514	7.309972	-2.213252	7	-0.7529174	-0.2570226	-15.15738	-0.5638914	-2.397187
28.6	6.973176	7.241681	-2.384393	7	-0.786051	-0.3014761	-13.32896	-0.3806853	-2.091393
28.62	7.038966	7.309972	-2.039241	7	-0.7696409	-0.3246711	-11.96864	-0.1364104	-1.862109
28.64	7.041069	7.309972	-2.04056	7	-0.7292454	-0.3061343	-12.70986	-0.1669452	-2.176414
28.66	7.068535	7.309972	-1.896725	7	-0.7334987	-0.3183406	-12.41195	-0.2890822	-2.16274
28.68	6.958711	7.241681	-2.443072	7	-0.6962495	-0.248202	-13.89357	-0.2280135	-2.316412
28.7	7.052352	7.309972	-1.932208	7	-0.7049412	-0.2610644	-12.1761	-0.2432806	-1.71959
28.72	7.059541	7.309972	-1.901515	7	-0.687958	-0.2739771	-13.03721	-0.2585478	-2.222378
28.74	7.096248	7.309972	-1.709643	7	-0.7279152	-0.3265224	-12.44647	-0.273815	-2.271095
28.76	7.007032	7.241681	-2.155439	7	-0.7428136	-0.3305063	-13.04346	-0.3043494	-2.506291
28.78	6.987743	7.241681	-2.221388	7	-0.747134	-0.3161248	-12.1476	-0.2280135	-2.049172
28.8	7.047488	7.309972	-1.916975	7	-0.7146091	-0.2973323	-12.02886	-0.3196166	-1.939115
28.82	6.980555	7.241681	-2.241993	7	-0.6909356	-0.2694541	-13.02011	-0.3043494	-2.236863
28.84	7.007096	7.241681	-2.057558	7	-0.7140819	-0.3015891	-11.48763	-0.2432806	-1.881046
28.86	7.070884	7.309972	-1.73788	7	-0.6924525	-0.3046743	-11.76752	-0.273815	-2.039326
28.88	7.091545	7.309972	-1.651075	7	-0.6998858	-0.317031	-12.59225	-0.273815	-2.381469
28.9	7.072207	7.309972	-1.778918	7	-0.7037913	-0.2865218	-13.92751	-0.273815	-2.522285
28.92	7.073189	7.309972	-1.791932	7	-0.7357424	-0.2951057	-14.01675	-0.2585478	-2.443821
28.94	6.978098	7.241681	-2.273634	7	-0.7497715	-0.2838849	-14.40003	-0.2890822	-2.475652
28.96	7.044505	7.309972	-1.9325	7	-0.7589826	-0.2952479	-12.99553	-0.3348837	-1.97221
28.98	7.056863	7.309972	-1.890266	7	-0.7545152	-0.3220898	-13.1848	-0.2890822	-2.310627
29	7.062479	7.309972	-1.881296	7	-0.7605366	-0.3280299	-13.29408	-0.3196166	-2.368301
29.02	7.095365	7.309972	-1.725262	7	-0.8046206	-0.3969606	-12.25012	-0.2280135	-2.397684
29.04	7.132854	7.378261	-1.603458	7	-0.7868488	-0.3726457	-13.4279	-0.2127463	-2.588812
29.06	7.065625	7.309972	-1.982821	7	-0.8046296	-0.3635369	-14.26935	-0.2432806	-2.773335
29.08	7.012443	7.309972	-2.276739	7	-0.7816574	-0.2872823	-14.89123	-0.3043494	-2.41934
29.1	7.009535	7.309972	-2.287533	7	-0.76754	-0.264294	-14.31574	-0.3959524	-2.101682
29.12	7.036788	7.309972	-2.134685	7	-0.7710738	-0.3021996	-13.18815	-0.105876	-2.054576
29.14	7.02327	7.309972	-2.205879	7	-0.7377083	-0.2770626	-13.68346	-0.2585478	-2.184909
29.16	7.041344	7.309972	-2.099741	7	-0.7334886	-0.2794014	-13.26367	-0.3043494	-2.089504
29.18	6.975519	7.241681	-2.397337	7	-0.7322452	-0.2850495	-13.1144	-0.2280135	-2.183989
29.2	7.04564	7.309972	-2.014746	7	-0.7192966	-0.2843249	-12.13465	-0.3043494	-1.835911
29.22	6.995378	7.241681	-2.2371	7	-0.7155417	-0.3059103	-12.3219	-0.3043494	-2.202246
29.24	6.993519	7.241681	-2.199587	7	-0.7119108	-0.3017241	-11.62455	-0.273815	-1.947578
29.26	6.98888	7.241681	-2.183596	7	-0.6883019	-0.2876271	-11.60407	-0.2432806	-1.944172
29.28	7.061176	7.309972	-1.805881	7	-0.6589547	-0.26326	-11.9711	-0.2890822	-1.921011
29.3	7.086451	7.309972	-1.683718	7	-0.6652086	-0.2753838	-12.94883	-0.2432806	-2.315867
29.32	7.001767	7.241681	-2.104106	7	-0.6826881	-0.2557354	-14.0852	-0.2585478	-2.49481
29.34	7.066321	7.309972	-1.770416	7	-0.7084271	-0.2657936	-13.30244	-0.2432806	-2.08524
29.36	7.064517	7.309972	-1.804752	7	-0.7176213	-0.2822686	-14.11525	-0.2585478	-2.453733
29.38	7.010354	7.241681	-2.068234	7	-0.7674685	-0.3267788	-13.53323	-0.3501509	-2.46441
29.4	6.952592	7.241681	-2.356354	7	-0.7423426	-0.2708438	-13.84638	-0.3196166	-2.20416
29.42	6.971551	7.241681	-2.223767	7	-0.7426977	-0.2866527	-12.40825	-0.2585478	-1.867399
29.44	7.141923	7.378261	-1.386525	7	-0.7327831	-0.3337861	-11.711	-0.273815	-1.951291
29.46	7.010427	7.241681	-2.079205	7	-0.7354921	-0.3344007	-13.92347	-0.2890822	-2.85396
29.48	7.074907	7.309972	-1.754172	7	-0.7677945	-0.3349293	-12.71154	-0.273815	-2.178156
29.5	7.061106	7.309972	-1.86082	7	-0.7622481	-0.3354344	-13.65613	-0.273815	-2.53318
29.52	7.067988	7.309972	-1.848362	7	-0.7835263	-0.3455893	-13.51463	-0.2127463	-2.457177
29.54	6.976099	7.241681	-2.316872	7	-0.7859141	-0.3294545	-13.85623	-0.1364104	-2.499512
29.56	7.009776	7.241681	-2.103963	7	-0.8297063	-0.4040513	-11.06035	-0.273815	-1.997919
29.58	6.94606	7.241681	-2.430737	7	-0.7487953	-0.3219374	-12.41069	-0.273815	-2.170341
29.6	7.141313	7.378261	-1.446277	7	-0.7394747	-0.3438857	-10.97015	-0.2432806	-1.769329
29.62	7.070209	7.309972	-1.856492	7	-0.710727	-0.3198098	-13.96533	-0.3196166	-2.802077
29.64	7.055633	7.309972	-1.942881	7	-0.7259735	-0.2713368	-14.49075	-0.2585478	-2.440792
29.66	7.035354	7.309972	-2.05906	7	-0.7299273	-0.2496851	-14.99177	-0.3806853	-2.386003
29.68	7.053082	7.309972	-1.968442	7	-0.7628751	-0.2896771	-14.16424	-0.3043494	-2.285242
29.7	7.01976	7.309972	-2.159224	7	-0.7437592	-0.2575803	-15.03183	-0.1364104	-2.394004
29.72	7.000797	7.309972	-2.26221	7	-0.7214649	-0.2060513	-15.47995	-0.2127463	-2.201465
29.74	7.032969	7.309972	-2.084308	7	-0.7425181	-0.2469493	-14.36527	-0.273815	-2.081977
29.76	7.027822	7.309972	-2.116002	7	-0.7360189	-0.254852	-14.56099	-0.2280135	-2.258696
29.78	6.950078	7.241681	-2.484696	7	-0.7319982	-0.238289	-14.58974	-0.3043494	-2.226522
29.8	7.033198	7.309972	-2.036433	7	-0.7338164	-0.2609865	-13.00242	-0.273815	-1.806216
29.82	7.049339	7.309972	-1.960235	7	-0.7221925	-0.2853439	-13.43075	-0.2432806	-2.239897
29.84	7.083573	7.309972	-1.785998	7	-0.7563569	-0.3377586	-12.86014	-0.2432806	-2.329561
29.86	7.04681	7.309972	-2.001859	7	-0.7402011	-0.2988972	-14.27978	-0.2890822	-2.541311
29.88	7.083697	7.309972	-1.812029	7	-0.7920523	-0.35732	-12.99606	-0.2432806	-2.346486
29.9	7.053848	7.309972	-1.993645	7	-0.786757	-0.3490061	-13.79159	-0.2432806	-2.569628
29.92	6.951006	7.241681	-2.507814	7	-0.7690312	-0.2889093	-14.37126	-0.2585478	-2.403793
29.94	6.951645	7.241681	-2.455006	7	-0.7615376	-0.2810188	-12.74996	-0.3043494	-1.833986
29.96	7.046096	7.309972	-1.955668	7	-0.7399877	-0.3141347	-11.65395	-0.2585478	-1.810086
29.98	7.043629	7.309972	-1.984074	7	-0.6951618	-0.2789342	-13.29633	-0.2280135	-2.294388
30	7.064261	7.309972	-1.8774	7	-0.7056614	-0.2742355	-13.57292	-0.2585478	-2.277731
30.02	7.046823	7.309972	-1.978907	7	-0.7032811	-0.2496503	-14.63324	-0.273815	-2.417017
30.04	7.051304	7.309972	-1.958717	7	-0.7268848	-0.2578135	-14.61079	-0.3043494	-2.344611
30.06	6.977221	7.241681	-2.314906	7	-0.7526505	-0.2773777	-14.41088	-0.1974791	-2.393895
30.08	7.070989	7.309972	-1.822075	7	-0.7913263	-0.3500615	-12.21059	-0.3043494	-2.014538
30.1	7.03237	7.309972	-2.05775	7	-0.7458289	-0.3063898	-14.1251	-0.2890822	-2.520797
30.12	6.967278	7.241681	-2.366965	7	-0.7509083	-0.2791321	-14.02195	-0.1974791	-2.292871
30.14	7.040649	7.309972	-1.981393	7	-0.749041	-0.291441	-12.87253	-0.2890822	-1.945631
30.16	7.106476	7.378261	-1.69448	7	-0.7138958	-0.2707347	-14.22825	-0.2432806	-2.32617
30.18	7.074087	7.309972	-1.877268	7	-0.7553774	-0.3073595	-14.72146	-0.2280135	-2.670998
30.2	7.028046	7.309972	-2.134462	7	-0.7570295	-0.2646357	-15.52826	-0.3043494	-2.539783
30.22	7.054417	7.309972	-1.995942	7	-0.8028327	-0.3214163	-14.02851	-0.3501509	-2.295157
30.24	7.025558	7.309972	-2.16532	7	-0.7879971	-0.3097747	-14.52995	-0.2127463	-2.446433
30.26	6.9668	7.241681	-2.436377	-7	-0.8021036	-0.32376	-15.47005	-0.1211432	-2.777238
30.28	6.95759	7.241681	-2.443078	-7	-0.8234537	-0.3243809	-16.92984	-0.3501509	-3.020773
30.3	7.036336	7.309972	-2.037537	-7	-0.8755094	-0.357636	-19.23753	-0.3654181	-3.574988
30.32	6.922665	7.241681	-2.63224	-7	-0.9349453	-0.3234708	-24.60047	-0.3806853	-4.658978
30.34	6.953146	7.309972	-2.500554	-7	-1.050596	-0.3141203	-27.83371	-2.197479	-4.756701
30.36	6.879969	7.309972	-2.945238	-7	-1.153294	-0.2885953	-33.38035	-6.976105	-5.645301
30.38	7.024198	7.378261	-2.276218	-7	-1.440104	-0.5378201	-33.17669	-9.037173	-5.979039
30.4	6.961232	7.309972	-2.7288	-7	-1.741253	-0.8319519	-35.11222	-9.128777	-7.543212
30.42	6.886403	7.309972	-3.275094	-7	-2.002377	-1.001071	-36.64938	-9.75473	-7.983518
30.44	6.816872	7.309972	-3.808785	-7	-2.221707	-1.142561	-37.7439	-11.20511	-8.274761
30.46	6.662703	7.309972	-4.800583	-7	-2.299802	-1.081096	-41.81128	-11.28145	-8.523626
30.48	7.650665	8.197738	-0.2791498	-7	-2.45554	-1.276706	-41.90807	-12.22801	-8.222733
30.5	7.759161	8.197738	-0.5215213	-7	-2.758507	-1.572266	-56.83687	-11.41885	-14.07803
30.52	6.241321	6.763654	-8.386705	-7	-3.471748	-1.889477	-59.42332	-11.40359	-15.4572
30.54	5.972113	6.763654	-9.519202	-7	-3.923036	-2.227592	-36.36208	-14.45702	-8.18572
30.56	5.800511	6.695365	-10.17732	-7	-3.800784	-2.503771	-23.0426	-18.7929	-7.033845
30.58	5.879577	6.695365	-9.486681	-7	-3.48943	-2.538918	-14.14395	-23.14404	-6.121656
30.6	6.295176	6.695365	-6.992433	-7	-3.442122	-3.001451	-2.435657	-21.41885	-6.614431
30.62	8.480485	8.470897	3.605713	-7	-3.374295	-3.494697	-2.78477	12.1384	-9.257376
30.64	5.639299	6.080756	-11.1281	-7	-3.183604	-2.651898	-50.87588	19.48191	-21.59935
30.66	6.534804	7.309972	-6.347286	-7	-3.394186	-1.952582	-36.31248	14.61168	-7.362013
30.68	6.708333	7.583131	-5.799282	-7	-3.182887	-1.85759	-52.81948	3.878856	-12.76271
30.7	6.099575	6.763654	-8.778247	-7	-3.642995	-2.1328	-55.21434	-7.846333	-14.31028
30.72	4.185921	4.919833	-17.46789	-7	-4.297328	-2.705138	-37.42599	-4.533357	-12.03353
30.74	5.28345	6.080756	-10.95955	-7	-4.322867	-3.241776	0.3406696	-4.762364	-2.601535
30.76	5.971623	6.422206	-7.161935	-7	-3.922212	-3.760547	1.841578	-11.02191	-8.629203
30.78	5.595426	5.807599	-8.668113	-7	-3.832168	-3.808381	-5.624156	-12.47229	-12.68905
30.8	3.88771	4.919833	-16.66781	-7	-3.107503	-2.268198	-28.94032	12.06206	-11.49157
30.82	4.109165	5.056413	-14.22487	-7	-2.877441	-1.813278	-12.79136	3.542979	-2.845413
30.84	5.215868	5.67102	-7.67828	-7	-2.750819	-2.385695	-3.392474	-0.6402273	-4.665299
30.86	4.993995	4.783254	-7.857249	-7	-3.265437	-3.491022	0.09325409	0.6422157	-11.51816
30.88	5.379912	5.397861	-5.450366	-7	-3.361763	-3.487537	-5.695446	15.35977	-11.83394
30.9	4.168222	4.851542	-11.33095	-7	-2.925567	-2.323996	-38.31524	12.87122	-15.05851
30.92	3.617912	4.510095	-13.25553	-7	-2.932794	-1.621112	-40.59023	-5.495189	-9.516623
30.94	2.765211	3.485749	-16.15204	-7	-3.271822	-2.079246	-24.7937	-15.9074	-7.54528
30.96	4.905098	5.056413	-4.364737	-7	-3.660406	-3.354542	7.398816	-15.08297	-4.015746
30.98	3.335383	3.485749	-11.7639	-7	-3.625453	-3.691672	-14.45074	4.107864	-16.41161
31	4.024456	4.168647	-7.479283	-7	-3.906232	-3.710087	-0.2978667	9.161299	-9.125291
31.02	2.771043	3.554038	-13.40261	-7	-3.291167	-2.749695	-28.11946	5.695651	-13.77295
31.04	3.564209	4.168647	-8.629588	-7	-3.313862	-2.501205	-20.26331	-11.41885	-7.721652
31.06	2.934038	3.485749	-11.19696	-7	-3.321547	-2.599962	-31.04545	-4.365418	-12.8407
31.08	4.08794	4.168647	-4.743553	-7	-3.939147	-3.462706	-14.37201	-3.418853	-10.50893
31.1	1.671731	2.529693	-16.5617	-7	-3.604743	-2.651607	-47.19712	-1.021907	-17.88846
31.12	2.941936	3.144301	-8.843359	-7	-4.499617	-3.69315	-0.8579828	-2.13641	-5.773774
31.14	1.328672	1.641927	-16.00028	-7	-4.535778	-4.378476	-0.68171	-8.029539	-13.56037
31.16	1.417677	1.300479	-13.80849	-7	-5.023025	-5.371713	42.58372	-5.876868	-5.638874
31.18	0.3537204	0.8907404	-17.87574	-7	-3.958053	-4.58229	37.04792	2.230002	-6.78712
31.2	2.02697	1.573638	-7.682252	-7	-3.933384	-5.372669	72.7118	5.390307	-1.140571
31.22	1.635383	1.300479	-8.791947	-7	-3.096926	-4.941638	46.65504	13.08496	-10.83844
31.24	1.291408	1.02732	-9.387514	-7	-2.714243	-3.999914	31.2734	23.22236	-9.585375
31.26	0.6734185	1.02732	-11.51883	-7	-1.943798	-2.425879	2.504364	7.298704	-8.91028
31.28	0.9253618	0.8224516	-8.797425	-7	-2.233027	-2.562851	7.871022	-12.36542	-6.611465
31.3	-0.2268782	0.2761335	-13.51301	-7	-1.806708	-1.679195	-16.41107	0.1842004	-9.485653
31.32	0.2703723	0.002975464	-9.188649	-7	-2.68366	-2.806489	14.36359	2.29107	-4.479546
31.34	-0.531433	-0.3384733	-12.08515	-7	-2.464081	-2.731114	3.907586	-3.021906	-8.738443
31.36	-1.315919	-0.4067631	-14.89558	-7	-1.652493	-1.1792	-15.35058	8.932291	-5.466645
31.38	-2.688918	-2.045715	-19.63492	-7	-1.681274	-1.07253	-2.850882	0.0162614	-1.927237
31.4	-2.713501	-2.318874	-17.18433	-7	-1.689074	-1.638122	31.44508	7.512444	4.341793
31.42	-1.644289	-1.08966	-10.17072	-7	-0.6265126	-1.113959	27.65007	15.95519	3.577597
31.44	-2.478274	-2.728612	-12.34184	-7	-0.6994698	-1.606651	26.13078	25.2071	-2.744191
31.46	-3.113344	-2.796902	-13.65371	-7	-0.1426188	-0.6008571	15.92409	26.65748	0.1166248
31.48	-3.080536	-3.070061	-11.33075	-7	-0.1009323	-0.638284	24.35757	11.40557	2.377919
31.5	-4.476589	-4.435854	-16.02385	-7	0.01371491	-0.5996507	24.68969	14.65748	0.8042593
31.52	-4.89138	-4.777303	-15.43649	-7	0.2473042	-0.4115846	42.00649	13.49718	6.894835
31.54	-4.813991	-5.118752	-12.31986	-7	0.3989256	-0.9457295	62.78001	10.10786	7.993635
31.56	-5.516987	-5.460199	-13.55186	-7	1.368354	-0.0312465	49.74992	27.66512	6.346856
31.58	-6.267718	-5.869938	-14.85678	-7	2.454642	1.57216	33.13972	21.35977	9.10795
31.6	-5.686367	-6.143096	-8.956408	-7	2.322863	1.031731	54.10739	25.51244	12.04393
31.62	-6.217683	-6.416255	-9.378302	-7	2.90597	1.525428	35.78669	19.39031	7.156127
31.64	-5.17521	-5.460199	-2.256991	-7	3.210183	2.086506	24.52409	26.2758	8.443251
31.66	-5.693059	-6.143096	-3.347564	-7	3.045007	2.163549	-0.906147	4.749085	1.16884
31.68	-5.438653	-5.460199	-1.014623	-7	2.961411	2.901251	-24.25513	8.688016	1.869963
31.7	-7.543651	-7.645469	-9.96212	-7	2.063876	2.493337	-30.59524	-0.4112196	-1.23245
31.72	-5.439163	-5.460199	1.828234	-7	1.480597	1.866495	-4.620199	-18.07534	8.111635
31.74	-8.119726	-7.782049	-10.84858	-7	1.492035	1.94362	-35.24802	-16.71656	-4.258628
31.76	-6.34349	-6.143096	-0.7058474	-7	1.021082	1.671333	-2.88378	-21.70893	9.064913
31.78	-7.23001	-5.801648	-5.511405	-7	2.552839	3.773201	-66.10378	5.039161	-1.121642
31.8	-7.849813	-7.167441	-7.476824	-7	1.853825	3.649519	-56.18958	-24.54862	3.580092
31.82	-9.60178	-6.825994	-15.99002	-7	3.683853	6.966387	-110.4888	14.58115	5.799368
31.84	-9.507872	-7.850338	-13.41822	-7	3.135364	6.419258	-72.60747	-23.03717	15.53241
31.86	-9.263518	-7.782049	-10.54744	-7	3.207253	5.630603	-54.29093	11.51244	14.24915
31.88	-6.50541	-6.074806	4.274664	-7	2.76383	3.965918	-28.66564	-0.4570212	12.46259
31.9	-8.093031	-7.50889	-3.650376	-7	2.782569	3.932509	-69.1871	27.61931	-3.173591
31.92	-5.846463	-5.801648	7.873562	-7	1.660448	2.973319	-46.9118	24.58114	4.305402
31.94	-8.53893	-7.167441	-6.529397	-7	2.197642	4.432377	-111.8083	21.90939	-8.817072
31.96	-5.895755	-5.801648	7.149899	-7	0.2709958	2.420175	-53.42403	-10.89977	5.220572
31.98	-9.370395	-7.4406	-11.43035	-7	1.234077	4.055109	-120.2198	-8.808166	-9.86986
32	-6.995025	-6.143096	1.075134	-7	-0.08904022	2.765893	-55.93996	-23.69366	9.104682
32.02	-10.7192	-7.850338	-18.41412	-7	1.790512	5.326215	-125.1753	-4.701296	-3.750178
32.04	-7.93268	-6.825994	-2.943828	-7	0.5768434	3.612617	-40.21265	-25.7242	17.29577
32.06	-10.03952	-6.825994	-14.39458	-7	3.305025	6.704905	-122.2339	12.01626	2.342628
32.08	-8.890081	-7.235731	-7.256682	-7	2.686588	6.207428	-80.45073	-25.64786	14.9317
32.1	-10.60388	-7.235731	-15.88311	-7	4.753283	9.003328	-141.1072	16.2758	8.365412
32.12	-6.655893	-5.801648	5.324305	-7	3.119819	6.287875	-71.54823	-2.273815	18.18489
32.14	-6.949285	-5.733358	2.856774	-7	3.228065	5.737603	-121.7842	23.68038	-4.141767
32.16	-7.355349	-7.50889	1.252749	-7	0.617442	2.984697	-82.66946	14.10786	-3.348094
32.18	-9.445144	-7.577179	-9.839741	-7	0.9709032	4.200212	-107.9174	17.00863	-2.866826
32.2	-7.499123	-6.484545	0.2509289	-7	0.06891304	2.844741	-55.46899	-29.31198	8.779277
32.22	-7.988979	-6.484545	-3.109657	-7	0.7115499	3.052852	-80.18439	-17.15931	-1.435388
32.24	-7.299854	-6.894283	0.4425132	-7	-0.3835175	1.482517	-44.57278	-14.27381	1.832315
32.26	-7.365337	-5.39191	-1.400206	-7	1.099177	3.596522	-93.70732	-3.678395	-2.020234
32.28	-7.234388	-7.167441	-0.3983714	-7	-0.7078908	1.194481	-48.04935	-11.41885	-0.6026506
32.3	-7.247926	-5.801648	-1.55594	-7	0.05993152	2.185126	-70.76822	-8.13641	-1.967555
32.32	-6.07666	-6.143096	4.186818	-7	-1.319551	-0.008050919	-30.16859	-9.373051	-1.030623
32.34	-8.356957	-7.50889	-7.923451	-7	-1.103647	0.3028514	-48.85327	-13.80053	-7.567852
32.36	-7.617117	-7.50889	-3.504239	-7	-2.026679	-1.108886	12.43466	-1.968472	5.212237
32.38	-8.454059	-7.577179	-7.835947	-7	-0.9055435	-0.4853743	4.944349	-23.28145	1.679734
32.4	-6.130719	-7.50889	5.001473	-7	-2.336341	-3.728865	86.12542	4.168933	7.40565
32.42	-7.457588	-7.577179	-2.334673	-7	-0.8191478	-2.527928	42.42292	2.367406	-5.176689
32.44	-5.733488	-5.801648	5.927061	-7	0.1168081	-0.8612914	30.09454	22.1842	2.841553
32.46	-6.62177	-5.801648	0.2934933	-7	1.719136	1.897807	-44.07364	-8.747097	-5.892432
32.48	-4.255331	-5.733358	12.60217	-7	-0.6318099	-0.9907249	8.710548	8.000994	-0.8947124
32.5	-7.097745	-7.167441	-2.69281	-7	-0.6325768	-0.595099	-39.25494	-16.15168	-15.1601
32.52	-4.216293	-5.869938	12.15017	-7	-3.096918	-3.754588	44.42985	-6.777631	-0.248704
32.54	-5.647997	-5.733358	2.999465	-7	-2.232125	-2.95844	-10.74428	-22.60969	-16.42519
32.56	-4.202627	-5.801648	9.909604	-7	-4.12114	-5.180564	43.15707	-6.777631	-8.024466
32.58	-5.820573	-5.733358	-0.0654273	-7	-3.14619	-3.740714	-3.159002	-20.68603	-16.09419
32.6	-4.640691	-5.801648	5.620279	-7	-4.456466	-5.358431	48.41087	-27.43412	-6.324129
32.62	-5.796096	-5.733358	-1.564725	-7	-3.439169	-4.23937	17.43203	-25.57152	-12.44961
32.64	-5.612684	-7.167441	-0.0383215	-7	-4.970346	-6.6071	83.85353	-10.53336	-5.030729
32.66	-6.506768	-6.757704	-4.976345	-7	-3.70975	-5.572028	73.58462	-14.70129	-5.952569
32.68	-5.187023	-6.757704	2.330208	-7	-4.065605	-6.918476	123.3154	6.962825	0.3080521
32.7	-6.061175	-6.484545	-2.599075	-7	-2.169653	-4.92182	80.8644	2.764352	-6.29292
32.72	-7.061131	-7.50889	-6.926606	-7	-1.274061	-3.276174	72.31447	21.60405	-0.489562
32.74	-6.902645	-7.235731	-5.087023	-7	-0.3570348	-2.19118	74.16283	-3.281449	5.215154
32.76	-6.059785	-6.416255	-0.1740799	-7	0.6955855	-1.178091	59.22577	9.10023	4.604796
32.78	-5.085849	-6.143096	5.253753	-7	0.7291383	-1.334122	48.70732	14.0926	0.01993179
32.8	-5.921836	-7.167441	1.548998	-7	0.2119415	-1.665794	33.66031	26.19946	-6.155357
32.82	-6.919816	-7.782049	-2.680391	-7	-0.2454972	-1.570158	34.50869	30.12313	-2.968035
32.84	-8.882777	-8.738104	-11.50237	-7	0.3109215	-0.2659936	25.17094	7.054428	1.534954
32.86	-8.107018	-8.464945	-5.732139	-7	0.2354641	-0.764667	67.4579	-5.449387	12.01003
32.88	-7.737006	-8.191787	-2.722699	-7	0.9616565	-0.858403	68.36015	-2.304349	7.708138
32.9	-7.252033	-7.782049	0.5291257	-7	1.69478	-0.1566358	53.5415	10.00099	5.642962
32.92	-7.179323	-8.191787	1.827391	-7	1.568797	-0.314189	47.63752	17.48191	2.651547
32.94	-7.381542	-8.123497	1.425122	-7	1.6429	0.124177	31.84338	25.03916	1.24416
32.96	-8.498879	-9.079553	-3.256047	-7	1.469816	0.4097886	24.83068	14.21473	1.484836
32.98	-8.886654	-8.806395	-4.297121	-7	1.943527	1.465851	18.01555	2.260536	6.638892
33	-9.277221	-9.69416	-4.73929	-7	1.66033	0.8993235	37.04763	-0.1211432	8.471282
33.02	-8.847813	-9.421001	-1.25196	-7	1.66485	0.3724157	54.54718	0.9170246	9.943801
33.04	-8.833026	-9.352711	-0.2881234	-7	2.105857	0.5732183	47.95004	16.79489	7.24579
33.06	-9.808946	-10.37706	-3.954654	-7	2.251194	0.8478305	45.09618	15.34451	6.829031
33.08	-8.765412	-9.079553	2.187466	-7	2.823295	1.579852	43.48975	19.75672	11.50011
33.1	-8.430506	-9.079553	4.398722	-7	3.002335	1.636612	27.09023	7.817788	5.673235
33.12	-9.755288	-10.1039	-1.622395	-7	3.050744	2.327262	4.737442	12.81015	3.12606
33.14	-9.144455	-9.147842	2.073338	-7	3.184358	3.047279	2.032228	6.260536	9.417729
33.16	-8.895365	-9.147842	3.695966	-7	2.997721	2.781994	-5.410787	-5.953204	5.701884
33.18	-9.862192	-10.44535	-0.3867102	-7	2.144572	1.862201	3.583006	-2.334884	3.672794
33.2	-9.71662	-9.48929	0.6109338	-7	2.49982	2.602714	-1.488029	1.054429	7.968271
33.22	-9.334408	-9.48929	2.884295	-7	2.34565	2.252281	3.231526	-5.021906	7.272768
33.24	-8.227204	-8.464945	8.181331	-7	2.327483	2.095383	-3.648615	-3.495189	4.97349
33.26	-8.959876	-8.806395	3.808928	-7	2.521631	2.869822	-38.68998	0.6422157	-1.177043
33.28	-10.00199	-10.1039	-1.074032	-7	1.574414	2.350553	-24.99392	-1.892136	2.501801
33.3	-9.609958	-9.011263	0.80405	-7	1.821298	2.779777	-21.27259	-16.16694	7.584534
33.32	-7.776185	-8.123497	9.781818	-7	1.229132	1.348847	-0.3844147	-15.09824	5.957003
33.34	-7.964044	-8.396656	7.876077	-7	0.8876299	0.7114668	-17.18045	-1.159311	-3.946168
33.36	-9.135896	-8.806395	1.109533	-7	0.9602812	1.7256	-39.36581	3.848322	-3.08827
33.38	-8.073868	-7.782049	5.838633	-7	0.6830302	1.702948	-27.54056	-11.87687	3.46852
33.4	-9.144348	-9.079553	0.01814187	-7	0.1992889	0.9216477	-25.06014	-22.86923	-1.840534
33.42	-8.19498	-8.191787	4.455514	-7	-0.1767314	0.3076894	-0.03666532	-8.166944	4.066602
33.44	-9.005016	-8.464945	-0.4373064	-7	0.4645511	0.9931381	-19.81116	-15.57152	-0.4789677
33.46	-7.486316	-7.50889	6.784585	-7	0.2252682	0.5644992	-0.02181888	6.321604	4.708466
33.48	-8.952458	-8.738104	-1.219207	-7	0.4416712	0.7586007	-19.61355	-7.785265	-2.994184
33.5	-9.141731	-8.738104	-2.098324	-7	0.484419	1.187044	-5.71763	7.741452	5.250709
33.52	-8.129978	-7.782049	2.783044	-7	0.8722243	1.212378	1.675885	-12.24328	6.833159
33.54	-8.981616	-8.806395	-1.569494	-7	1.067778	1.23992	-5.889159	11.51244	2.066981
33.56	-9.019678	-8.874683	-1.385455	-7	1.08575	1.295617	7.601716	9.634581	6.871408
33.58	-9.527369	-8.806395	-3.812304	-7	2.01026	2.429261	-6.213734	4.611681	7.349674
33.6	-7.375958	-7.50889	7.27046	-7	1.918267	1.827094	13.66492	12.67275	10.68669
33.62	-7.507985	-7.50889	5.859952	-7	2.329979	2.179382	-23.48079	8.825421	-0.8675861
33.64	-7.198565	-7.50889	7.023929	-7	1.652626	1.961954	-27.92525	20.62695	-0.3712387
33.66	-7.871996	-7.50889	2.833147	-7	1.595969	2.57891	-52.62589	-15.47992	-2.660872
33.68	-8.748092	-8.806395	-1.334312	-7	0.4226426	1.493157	-27.75401	-10.48756	0.8128901
33.7	-8.077724	-7.782049	1.864906	-7	0.2798199	1.038165	-8.341065	-29.23565	5.148176
33.72	-7.958919	-7.850338	2.09288	-7	0.2987965	0.5819952	-4.059263	-4.258548	2.086875
33.74	-7.766985	-7.782049	2.714162	-7	0.2689503	0.3687122	0.7085973	0.2452687	1.8944
33.76	-9.205807	-8.806395	-4.627219	-7	0.6384487	1.022406	-8.648478	0.3521389	1.234931
33.78	-8.858252	-8.806395	-2.178935	-7	0.4726241	0.6035461	24.71035	0.04679576	9.457062
33.8	-7.299554	-7.50889	5.643234	-7	0.8668453	0.134749	35.33861	1.130765	8.018515
33.82	-7.328416	-7.50889	4.894774	-7	1.474263	0.7157081	6.473153	20.10786	0.162549
33.84	-8.184457	-8.533236	0.6683087	-7	1.180513	0.8677611	1.8914	18.84069	0.4582434
33.86	-8.900395	-8.533236	-2.788105	-7	1.582995	1.868253	-5.799431	13.80252	4.730788
33.88	-8.288822	-8.533236	0.9817837	-7	1.191076	1.050294	22.0896	-13.15931	8.838397
33.9	-7.48941	-7.50889	4.778293	-7	1.732401	1.274581	11.45924	-8.853967	5.496923
33.92	-7.098389	-7.50889	6.449092	-7	1.620529	1.130332	1.312133	0.9933605	1.461463
33.94	-7.364713	-7.50889	4.591107	-7	1.578137	1.547786	-18.13146	10.1842	-0.9454422
33.96	-7.57325	-7.50889	3.145925	-7	1.365045	1.860302	-26.88058	1.558246	0.2323904
33.98	-8.854748	-8.806395	-3.072977	-7	0.7899503	1.445471	-17.61444	-7.922669	1.182801
34	-9.053766	-8.738104	-3.567445	-7	0.7258054	1.286681	5.631962	-16.51809	7.895885
34.02	-8.0795	-7.850338	1.50853	-7	1.161424	1.154849	18.1389	-13.23565	9.410618
34.04	-7.569183	-7.850338	4.057814	-7	1.283574	0.7077157	18.76185	-3.373052	4.791905
34.06	-8.45178	-8.738104	-0.2380331	-7	1.289319	0.767996	12.641	14.64221	2.143082
34.08	-7.080895	-7.304021	6.56919	-7	1.443376	0.9776189	17.98819	17.57351	6.792068
34.1	-7.670125	-7.50889	2.943851	-7	2.063195	1.95519	-18.85087	1.329238	-0.4083424
34.12	-6.88701	-7.4406	6.895509	-7	1.183572	1.145192	-2.662987	1.573513	2.800339
34.14	-7.723571	-7.4406	1.933428	-7	1.512256	1.926341	-32.51302	-0.8387004	-1.953225
34.16	-7.417032	-7.4406	3.355894	-7	0.9142802	1.571212	-19.40473	-11.41885	2.62175
34.18	-9.493115	-8.738104	-7.169415	-7	1.241716	2.339597	-35.04712	-12.68603	0.824914
34.2	-8.629547	-8.738104	-1.685503	-7	0.3661075	0.842278	25.35733	-12.57916	12.32513
34.22	-9.452494	-8.738104	-5.662539	-7	1.591196	1.651305	11.24771	-3.296716	7.840668
34.24	-7.997923	-8.738104	2.833294	-7	0.9896744	0.04151857	60.96222	4.794887	13.2076
34.26	-6.84644	-7.4406	8.329644	-7	1.702084	0.02513972	45.26077	14.93229	5.32624
34.28	-7.837728	-8.464945	3.16196	-7	1.905897	0.6518637	17.52082	25.0697	-0.6221581
34.3	-8.728506	-8.464945	-1.293072	-7	2.527734	2.461577	-6.704065	18.42847	4.335778
34.32	-8.429596	-8.464945	0.8226849	-7	2.361426	2.439239	5.297955	-6.915036	9.176966
34.34	-8.112306	-8.464945	2.873097	-7	2.101462	1.71718	14.98532	-11.43412	7.345984
34.36	-7.920116	-8.464945	4.096591	-7	1.832291	1.135345	20.17205	6.581146	5.340366
34.38	-8.258999	-8.464945	2.367253	-7	2.032996	1.537902	8.554342	6.260536	4.006879
34.4	-7.491044	-7.50889	5.957855	-7	2.331362	2.169221	-2.010145	5.512444	5.777658
34.42	-7.120826	-7.4406	7.394953	-7	2.08191	1.954544	-12.99558	-4.670762	1.696343
34.44	-8.607983	-8.806395	-0.1498038	-7	1.552947	1.805848	-20.00306	0.3368722	-0.6738167
34.46	-8.849306	-8.738104	-1.019016	-7	1.252635	1.745209	-1.081335	-7.495189	6.891917
34.48	-7.925855	-7.782049	3.572975	-7	1.499671	1.601639	8.070457	-17.11351	8.358057
34.5	-7.066466	-7.782049	7.780604	-7	0.9869292	0.2878782	21.90223	2.382673	3.870975
34.52	-7.629493	-7.850338	4.26117	-7	1.254976	0.7790232	-0.7746127	7.451375	-0.8958397
34.54	-8.117089	-7.850338	1.368797	-7	1.589742	1.90197	-16.16974	4.413208	2.283167
34.56	-7.644868	-7.782049	3.746326	-7	1.190986	1.416296	-1.22681	-12.47229	5.193429
34.58	-7.854485	-7.850338	2.399241	-7	1.22528	1.319708	-5.105276	-10.44175	2.668628
34.6	-7.745061	-7.782049	2.785374	-7	1.144225	1.253958	-0.8953524	0.07733012	3.983893
34.62	-8.876364	-8.806395	-2.737147	-7	1.126211	1.270424	1.167943	-1.388319	3.577522
34.64	-9.053929	-8.738104	-3.120584	-7	1.447865	1.638356	15.28233	0.1689328	9.851638
34.66	-8.84095	-8.806395	-1.369096	-7	1.755101	1.421204	31.36466	0.443742	11.3501
34.68	-7.342091	-7.50889	6.266026	-7	2.343346	1.527274	31.42981	14.65748	10.59898
34.7	-7.306563	-7.50889	6.020408	-7	2.867905	2.178845	-0.7003434	21.3903	2.847768
34.72	-8.379704	-8.464945	0.6923037	-7	2.744123	2.811318	-17.97899	19.2071	2.458288
34.74	-7.46458	-7.50889	5.394212	-7	2.462738	2.778991	-10.0624	-9.037173	7.707647
34.76	-8.789286	-8.806395	-1.127043	-7	2.188127	2.492522	-17.53815	-8.56389	2.538216
34.78	-7.46527	-7.850338	5.896853	-7	1.518783	1.511753	14.37388	1.329238	9.312262
34.8	-7.710709	-7.782049	4.153638	-7	1.815997	1.573761	-3.972193	-8.853967	2.066927
34.82	-7.936411	-7.713759	2.634467	-7	2.064838	2.398116	-18.11218	10.71855	3.530707
34.84	-6.890181	-6.825994	7.420991	-7	1.969716	2.405971	-19.24055	-14.77763	4.890739
34.86	-8.103058	-8.191787	1.044851	-7	1.483248	1.944571	-26.49028	-0.4112196	-0.7112703
34.88	-8.176887	-8.123497	0.7866322	-7	1.030701	1.622592	-7.013424	-6.273814	5.504761
34.9	-7.352632	-7.167441	4.554067	-7	1.235044	1.521178	-2.453097	-14.82343	6.042933
34.92	-5.533843	-5.869938	12.73359	-7	1.111477	0.9264454	-4.732632	-11.44939	2.125242
34.94	-7.720722	-7.50889	0.6010324	-7	1.266717	1.789513	-48.13839	2.352139	-7.522638
34.96	-7.568212	-7.50889	1.417733	-7	0.4076349	1.425233	-17.8408	1.512444	4.188302
34.98	-8.042555	-7.50889	-1.308127	-7	0.6625825	1.484681	-16.94661	-7.754731	3.423685
35	-7.865007	-7.782049	-0.2019002	-7	0.417899	0.7985787	8.582216	-17.70893	6.642159
35.02	-8.292732	-7.782049	-2.431612	-7	1.144788	1.391973	3.634914	3.955192	6.122459
35.04	-7.409394	-7.782049	2.545809	-7	0.8296392	0.3966663	34.78987	0.7338184	9.206167
35.06	-7.641403	-7.782049	1.320166	-7	1.381494	0.6189352	24.68332	12.48954	4.630801
35.08	-7.192099	-7.782049	3.877884	-7	1.251394	0.2928624	36.11615	10.30634	6.233178
35.1	-7.918528	-7.850338	0.07904136	-7	2.046542	1.458835	10.79078	13.77199	3.771569
35.12	-7.156071	-7.850338	4.49376	-7	1.526364	0.734162	33.96033	3.222368	7.942686
35.14	-7.936762	-7.713759	0.2883879	-7	2.470883	2.062938	0.07158184	3.084963	3.513069
35.16	-7.127974	-7.782049	4.93899	-7	1.795055	1.252283	23.92594	0.3521389	7.956908
35.18	-8.014343	-7.918628	0.3139771	-7	2.381935	2.081239	-2.628109	1.222368	3.124871
35.2	-5.693129	-6.484545	12.05506	-7	1.680205	1.049363	22.30076	2.581147	7.9414
35.22	-6.201403	-6.416255	8.230588	-7	2.062312	1.653066	-26.44291	0.8559558	-4.951614
35.24	-6.173061	-6.825994	7.897044	-7	0.9289042	1.065365	-20.99581	1.100231	-2.451015
35.26	-7.870935	-6.825994	-1.809434	-7	1.718975	3.150885	-66.8463	-6.319616	-3.310874
35.28	-7.047642	-6.825994	2.482182	-7	0.7145593	2.183781	-28.82166	-24.25855	6.30733
35.3	-7.849095	-7.235731	-1.928993	-7	0.8269375	1.957605	-32.14275	-24.59442	1.830199
35.32	-4.953389	-5.801648	12.57452	-7	-0.5084726	-0.6441658	25.13581	-11.11351	6.595075
35.34	-6.301498	-5.801648	3.83745	-7	0.6939096	0.8324262	-40.74866	1.436108	-9.015892
35.36	-6.802312	-7.4406	1.480796	-7	-0.8698787	-0.4974203	-1.149759	7.039161	-1.049029
35.38	-8.918166	-7.50889	-9.737309	-7	0.5640037	1.796007	-31.52746	-4.258548	1.265067
35.4	-7.269526	-7.50889	-0.2375994	-7	-0.3536938	-0.1126782	43.23327	-13.8158	14.00713
35.42	-6.778595	-6.143096	1.56021	-7	1.332575	0.9681338	12.51201	-5.632593	5.500182
35.44	-5.236046	-6.143096	9.364124	-7	0.7221921	-0.2682203	31.33651	8.596414	4.022381
35.46	-5.743499	-6.143096	5.920828	-7	1.005111	0.2209374	-3.123761	9.10023	-4.656609
35.48	-6.006484	-6.074806	3.989546	-7	0.9542804	1.065201	-19.76424	12.76435	-2.082177
35.5	-6.78941	-6.416255	-0.3627865	-7	0.9937339	1.773481	-33.39149	-9.846334	-0.8219976
35.52	-8.010235	-7.850338	-5.884816	-7	0.3548363	1.171346	-9.774538	-14.62496	3.406597
35.54	-7.989393	-7.782049	-4.914026	-7	0.2847935	0.5499699	25.3235	-12.76236	9.876379
35.56	-7.553265	-7.850338	-1.831706	-7	0.3839495	-0.4535699	56.09969	1.130765	10.25811
35.58	-6.252763	-6.552835	4.783394	-7	1.271422	-0.1507838	52.51396	12.2758	8.338087
35.6	-5.364496	-6.143096	8.929117	-7	1.601479	-0.01794837	33.46217	26.93229	1.860328
35.62	-7.245205	-7.50889	-0.7370729	-7	1.906029	1.210569	-5.093138	18.26053	-3.177996
35.64	-7.890849	-7.50889	-3.508599	-7	2.165353	2.577492	-9.52475	1.084964	6.460118
35.66	-6.181211	-6.143096	5.385711	-7	2.163065	2.290744	3.070322	-16.06007	9.856009
35.68	-5.71032	-6.552835	7.718038	-7	1.38717	0.7235317	6.123556	1.130765	0.5386925
35.7	-6.065643	-6.484545	5.390304	-7	1.126604	0.8005861	-10.876	10.67275	-2.815893
35.72	-8.002358	-7.850338	-4.350245	-7	0.9610373	1.431202	-21.39027	-6.197478	-1.324904
35.74	-6.819327	-6.484545	1.792123	-7	0.9929832	1.595016	0.2380724	-18.65549	8.934822
35.76	-6.634766	-6.757704	2.639977	-7	0.9119626	0.8336298	3.037246	-15.92267	2.975505
35.78	-6.302875	-6.894283	4.348845	-7	0.360606	-0.1418421	17.89578	5.054429	2.00388
35.8	-6.856025	-6.825994	1.129956	-7	0.7776664	0.5277126	0.6823099	1.222368	0.01771259
35.82	-6.562942	-6.484545	2.403911	-7	0.9472179	1.009709	-1.125434	0.3826737	3.270551
35.84	-7.592793	-7.782049	-2.442126	-7	0.6176159	0.5481937	6.670167	-5.724196	1.893661
35.86	-7.886944	-7.782049	-3.364864	-7	0.7871677	0.7042125	21.55501	1.48191	7.297451
35.88	-7.536442	-7.782049	-0.8678608	-7	0.8952407	0.2022373	42.99863	0.7643527	9.230818
35.9	-6.350883	-6.484545	5.041163	-7	1.726874	0.7197548	33.35295	15.23763	7.59722
35.92	-5.584902	-6.143096	8.5118	-7	1.928704	0.8776944	13.0479	19.39031	1.593537
35.94	-5.90344	-6.143096	6.206106	-7	2.043916	1.736898	-22.1729	11.89412	-2.891896
35.96	-6.364515	-6.484545	3.550004	-7	1.530823	1.989717	-33.32247	-5.602059	-1.699963
35.98	-8.061268	-7.782049	-4.790677	-7	1.060283	2.046803	-32.53736	-19.57152	0.1672773
36	-6.932513	-6.825994	1.351603	-7	0.5784234	1.212467	4.908613	-22.25855	9.009234
36.02	-6.665201	-6.825994	2.599917	-7	0.5463655	0.3349568	11.05053	-18.85397	3.13783
36.04	-6.533748	-6.825994	3.102831	-7	0.4886094	0.07150911	13.62639	-1.098243	1.882612
36.06	-6.63156	-6.825994	2.380742	-7	0.5815907	0.2052361	9.8477	10.84069	1.276095
36.08	-7.000143	-6.894283	0.3257607	-7	0.9100673	0.8459492	0.2999468	5.283436	1.946364
36.1	-6.385005	-6.484545	3.374951	-7	0.881747	0.7878498	6.512527	2.000994	4.169291
36.12	-7.689406	-7.782049	-2.982447	-7	0.8069792	0.6848003	3.352295	-1.861601	0.9422379
36.14	-7.88398	-7.782049	-3.316798	-7	0.9076785	0.877649	20.54885	1.37504	7.874107
36.16	-7.975616	-7.850338	-3.116398	-7	1.386307	1.023558	29.04868	1.741452	9.194758
36.18	-7.272324	-7.850338	1.328775	-7	1.294834	0.1797407	53.01875	3.542979	10.04621
36.2	-6.083081	-6.552835	7.215404	-7	1.97043	0.5272847	38.57371	18.3216	6.190813
36.22	-5.946063	-6.416255	7.40303	-7	2.349112	1.314036	3.818969	18.35214	-0.1381874
36.24	-6.269212	-6.484545	5.320339	-7	2.284565	2.163502	-24.20231	19.22237	-1.325778
36.26	-8.401291	-7.850338	-5.369563	-7	2.305781	3.368232	-48.59669	-2.41122	-0.2256317
36.28	-7.314816	-6.757704	0.5963516	-7	2.026724	3.337905	-23.76508	-16.86923	10.84475
36.3	-6.805855	-6.825994	3.272178	-7	1.604872	2.06323	-13.36664	-20.70129	4.99065
36.32	-6.585625	-7.099152	4.441833	-7	0.8184547	0.7199267	1.867393	-6.792899	1.973089
36.34	-7.406629	-7.099152	-0.1404837	-7	1.21644	1.518696	-17.8364	6.031528	0.3639202
36.36	-7.183717	-7.099152	1.094917	-7	0.9867779	1.404998	-4.684406	0.7643527	5.032081
36.38	-5.907707	-5.869938	7.003333	-7	1.124616	1.240615	-5.690797	-6.014273	3.912338
36.4	-5.351171	-5.801648	8.991411	-7	0.6906017	0.5445598	-14.15357	-1.510456	-2.724917
36.42	-5.688499	-5.733358	6.14096	-7	0.5039389	0.9069612	-37.30884	1.115498	-6.02318
36.44	-6.53388	-6.143096	1.050612	-7	0.2520008	1.433919	-49.27713	-7.113509	-4.32477
36.46	-8.146848	-7.577179	-6.953168	-7	-0.2314435	1.266015	-33.47555	-23.43412	0.2968502
36.48	-8.217871	-7.50889	-6.704689	-7	-0.206981	0.9223802	3.191656	-20.22801	9.224437
36.5	-6.008189	-6.143096	4.682519	-7	-0.1680081	-0.4981117	41.66917	-12.27381	10.46655
36.52	-7.709222	-7.50889	-4.138316	-7	0.7902296	0.231959	10.20784	3.405574	-0.7113943
36.54	-5.833208	-6.143096	5.605463	-7	0.771788	0.2092585	34.04181	20.21473	8.917648
36.56	-6.084476	-5.869938	3.534191	-7	1.79911	1.390172	-11.2287	5.48191	-0.9881306
36.58	-6.823266	-7.167441	0.131833	-7	1.142542	1.162536	-7.079418	16.71855	0.5451488
36.6	-8.55543	-7.167441	-8.679173	-7	2.452113	3.755139	-45.65494	-0.6707617	3.852609
36.62	-6.722126	-7.167441	2.021478	-7	1.050495	1.421114	23.28406	-3.999006	13.69933
36.64	-5.675477	-5.869938	6.892667	-7	1.459153	0.8479617	9.902522	-2.273815	3.242548
36.66	-5.542634	-5.869938	6.912053	-7	1.428758	1.07748	-13.75136	15.93992	-2.339716
36.68	-6.426894	-5.801648	1.532629	-7	1.941527	2.855662	-57.38738	1.344506	-3.475551
36.7	-6.103353	-5.801648	2.95336	-7	1.230742	2.641415	-49.99104	-6.716563	1.18314
36.72	-7.59439	-7.4406	-4.307056	-7	0.289386	1.493595	-35.02564	-22.33488	-1.001534
36.74	-6.341588	-6.074806	2.068288	-7	-0.02332658	0.795649	-3.458022	-3.617326	6.621287
36.76	-6.208869	-6.143096	2.298722	-7	0.04798184	0.2019617	-4.277997	-9.403585	0.3088808
36.78	-6.746836	-6.143096	-0.9845269	-7	0.6692839	1.292784	-24.43457	13.32924	-0.08916473
36.8	-6.811957	-6.143096	-1.468232	-7	0.9554103	1.970447	-27.85756	-3.739464	3.296672
36.82	-6.572052	-6.143096	-0.2336185	-7	0.9130601	1.788041	-21.57172	1.329238	3.954603
36.84	-6.012502	-6.143096	2.670616	-7	0.3908562	0.7011243	-4.367789	2.016262	2.75143
36.86	-7.970757	-7.577179	-7.045027	-7	0.5846964	1.075496	-15.26342	7.649848	-0.4365788
36.88	-7.614542	-7.50889	-4.214402	-7	0.3003766	0.5668179	25.37273	0.6574825	10.21255
36.9	-6.439477	-6.143096	1.766671	-7	1.223311	0.8614242	23.20037	-2.044807	8.550264
36.92	-7.431878	-7.50889	-2.827775	-7	1.506265	1.029816	11.50864	16.55061	2.862339
36.94	-7.794174	-7.4406	-4.005556	-7	2.054639	2.071191	7.33693	15.48191	8.007205
36.96	-7.40558	-7.4406	-1.128497	-7	2.12265	1.87302	19.67209	4.855956	10.01895
36.98	-5.780553	-6.143096	7.2631	-7	2.262917	1.523652	19.47348	11.19183	7.686219
37	-5.804542	-6.143096	6.66067	-7	2.398396	1.855992	-14.77563	17.22237	-1.39425
37.02	-6.386549	-6.484545	3.424127	-7	2.054111	2.392944	-36.14867	8.657483	-1.948693
37.04	-6.202623	-6.416255	4.277312	-7	1.171307	1.774412	-27.85097	-17.09824	0.4090395
37.06	-6.442304	-6.484545	2.73385	-7	0.6249259	1.223732	-26.85167	-21.29671	-1.247739
37.08	-6.834093	-6.825994	0.591641	-7	0.1064977	0.7035884	-17.08934	-25.17458	-0.2369099
37.1	-6.275977	-5.801648	2.771	-7	0.4189016	1.142844	-21.17622	-9.250914	1.83214
37.12	-5.680725	-5.733358	5.203494	-7	0.06750354	0.4820992	-16.59679	-16.99137	-0.6385422
37.14	-6.162899	-5.801648	1.884594	-7	0.2204099	0.941096	-35.49883	-3.479922	-3.800481
37.16	-5.945267	-5.869938	2.579592	-7	-0.3307384	0.4669831	-23.119	1.359772	-0.9693632
37.18	-5.9355	-5.733358	2.000648	-7	-0.4933416	0.175263	-21.51475	-6.884501	-2.096129
37.2	-5.876262	-5.733358	1.754633	-7	-0.7012361	-0.1232964	-15.88416	-8.853967	-1.849589
37.22	-6.014314	-5.801648	0.5433072	-7	-0.7430575	-0.2212648	-13.36056	-6.411219	-1.855179
37.24	-6.295141	-5.869938	-1.292687	-7	-0.523073	0.1031123	-14.45888	-5.357784	-0.7078381
37.26	-6.166672	-5.801648	-0.8479946	-7	-0.3847485	0.1757386	-7.983821	-5.678395	1.330889
37.28	-5.984523	-5.801648	-0.07054538	-7	-0.31955	-0.02971517	-1.738108	-1.250914	1.0967
37.3	-6.844896	-6.757704	-4.174001	-7	-0.3605975	-0.2386136	5.036898	1.237635	0.427063
37.32	-6.933533	-6.825994	-4.057252	-7	-0.2315859	-0.3127446	23.97178	3.344505	5.215151
37.34	-6.666057	-6.552835	-2.286315	-7	0.3308363	-0.1298606	30.22823	5.726184	6.060897
37.36	-6.281275	-6.552835	0.1242896	-7	0.6087238	-0.2615538	35.5402	7.329238	5.05794
37.38	-6.386649	-6.552835	-0.147993	-7	1.108942	0.2678826	23.39564	18.52007	3.020789
37.4	-5.746506	-6.143096	3.342281	-7	1.178343	0.3737335	21.34367	15.48191	3.521511
37.42	-6.250659	-6.143096	0.6188772	-7	1.742189	1.468301	-10.51197	10.33687	-0.2688684
37.44	-5.544727	-6.211386	4.605049	-7	0.8335611	0.4998927	7.540147	1.069696	2.176861
37.46	-6.385905	-6.074806	-0.0968051	-7	1.350294	1.545154	-26.72067	-2.686028	-2.474049
37.48	-6.283663	-6.416255	0.7512728	-7	0.6673886	1.090764	-11.831	-2.197479	1.923883
37.5	-6.866326	-6.484545	-2.211259	-7	0.8317674	1.401924	-20.45676	-9.144043	0.8585281
37.52	-5.842484	-6.416255	3.462801	-7	-0.1844111	-0.2975751	17.62507	-5.235647	3.998101
37.54	-6.800783	-6.416255	-1.849068	-7	0.5828353	0.6188894	-11.79197	-4.869235	-1.918983
37.56	-6.119187	-6.484545	1.983184	-7	-0.04525414	-0.1499334	15.07572	5.756719	3.58592
37.58	-6.993056	-6.484545	-2.758199	-7	0.7990344	0.9601088	-12.26873	-6.365417	-0.2955399
37.6	-6.033013	-6.416255	2.56747	-7	0.1558337	0.02535504	17.07957	2.611681	4.791926
37.62	-6.657255	-6.484545	-0.8341299	-7	0.680776	0.5345221	-3.740307	-4.166945	-0.6393604
37.64	-6.616134	-6.484545	-0.4680288	-7	0.7515053	0.9181131	-2.641682	7.741452	2.867632
37.66	-7.009284	-6.416255	-2.487073	-7	1.351616	1.88479	-19.82302	-2.991372	2.620811
37.68	-6.523254	-6.484545	0.4067583	-7	1.01015	1.386582	-5.17121	2.764352	4.897976
37.7	-6.411252	-6.552835	1.158419	-7	0.7594932	0.7527608	-0.6883335	-0.3501509	1.980946
37.72	-6.454244	-6.484545	0.9420738	-7	0.7287212	0.7380859	-3.832677	5.924658	1.08409
37.74	-6.678073	-6.484545	-0.2420528	-7	0.8765179	1.130079	-11.83869	0.9322917	1.165807
37.76	-6.462264	-6.416255	0.9373947	-7	0.7173582	0.9828798	-7.409307	-0.3806853	2.329298
37.78	-6.524398	-6.484545	0.6102191	-7	0.6293327	0.8266227	-8.327701	-0.7165628	1.022155
37.8	-6.838296	-6.552835	-1.022398	-7	0.7791648	1.193389	-14.90723	-0.2127463	1.236648
37.82	-6.462874	-6.416255	1.003959	-7	0.5629257	0.8740511	-5.319411	-0.4112196	2.952145
37.84	-6.65715	-6.484545	-0.07082242	-7	0.6609243	0.9277017	-11.14655	-0.6096929	0.8380833
37.86	-6.720003	-6.484545	-0.3874922	-7	0.711593	1.125217	-12.57562	0.6269482	1.885173
37.88	-6.504295	-6.484545	0.8011851	-7	0.5029792	0.7595743	-5.149584	-1.983739	2.230432
37.9	-6.69182	-6.484545	-0.2457284	-7	0.6425637	0.9304982	-11.18859	-0.1974791	0.9655485
37.92	-6.66128	-6.484545	-0.06311888	-7	0.6299174	0.9920173	-9.96667	0.0009942193	2.01789
37.94	-6.530459	-6.416255	0.5967625	-7	0.5832202	0.8712262	-8.256553	-1.128777	1.842216
37.96	-6.573933	-6.416255	0.3017555	-7	0.614984	0.9185388	-11.2122	-1.052441	1.105163
37.98	-6.632987	-6.484545	-0.005108476	-7	0.5682014	0.9188195	-11.1342	-0.8997692	1.322065
38	-6.683261	-6.552835	-0.2181256	-7	0.4958363	0.8250374	-8.735298	-1.586792	1.596732
38.02	-6.791409	-6.484545	-0.8038208	-7	0.6716546	1.093338	-12.57267	-0.1822119	1.83834
38.04	-6.701976	-6.552835	-0.2327011	-7	0.5936493	0.9506124	-7.731506	0.0009942193	2.520155
38.06	-6.573831	-6.484545	0.4526382	-7	0.5577056	0.7780815	-5.437864	-0.4875555	2.002884
38.08	-6.666174	-6.484545	-0.06765139	-7	0.6653187	0.9305044	-9.913669	-0.273815	1.284669
38.1	-6.60803	-6.484545	0.2562498	-7	0.6214855	0.9173737	-8.83173	-0.09060928	1.790987
38.12	-6.534428	-6.484545	0.6428574	-7	0.5197202	0.7394566	-6.842516	-0.5028227	1.42068
38.14	-6.689361	-6.484545	-0.2222837	-7	0.6232368	0.9397358	-11.97825	-0.5791586	0.9416752
38.16	-6.685784	-6.484545	-0.189606	-7	0.6213316	1.020005	-11.6903	-0.07534168	1.791842
38.18	-6.502921	-6.416255	0.7498482	-7	0.5109587	0.8079712	-8.161926	-0.5028227	1.757461
38.2	-6.525727	-6.416255	0.5458156	-7	0.4925739	0.7573344	-10.21865	-0.441754	0.7105751
38.22	-6.58534	-6.416255	0.1583697	-7	0.4956606	0.847178	-12.36771	-0.2585478	0.7972498
38.24	-6.589181	-6.416255	0.09011	-7	0.4591601	0.8491804	-12.11626	-0.4570212	1.108799
38.26	-6.662453	-6.484545	-0.2998323	-7	0.4233657	0.8126941	-11.4248	-1.22038	1.120636
38.28	-6.742787	-6.484545	-0.7232244	-7	0.4887158	0.9229062	-12.11364	-2.044807	1.515774
38.3	-6.531593	-6.484545	0.4358194	-7	0.3143734	0.5783427	-4.192632	-1.098243	2.012783
38.32	-6.688711	-6.484545	-0.4457954	-7	0.4653768	0.7249607	-9.100982	-0.6707617	0.8317842
38.34	-6.674498	-6.484545	-0.3506417	-7	0.5039941	0.8320559	-8.614855	0.1078645	1.755946
38.36	-6.609065	-6.484545	0.02044559	-7	0.4822249	0.7481249	-6.853847	-0.6860288	1.705112
38.38	-6.514312	-6.416255	0.4819691	-7	0.4755698	0.6903856	-6.771486	-0.7165628	1.332682
38.4	-6.585611	-6.416255	0.04710978	-7	0.5450639	0.8270395	-10.93508	-0.1364104	0.7958775
38.42	-6.609247	-6.484545	-0.05128193	-7	0.4743137	0.7952141	-9.94269	-0.105876	1.167367
38.44	-6.605495	-6.484545	-0.01796252	-7	0.4202736	0.716089	-8.536629	-0.5638914	1.227489
38.46	-6.66643	-6.484545	-0.3436468	-7	0.4601016	0.779006	-9.739184	-0.2432806	1.171349
38.48	-6.650117	-6.484545	-0.2390943	-7	0.4591022	0.7818482	-8.818454	-0.2127463	1.513683
38.5	-6.722214	-6.552835	-0.5643904	-7	0.4720796	0.7830595	-8.64445	-0.3043494	1.423633
38.52	-6.67877	-6.484545	-0.3161929	-7	0.526139	0.8459536	-8.562203	-0.2432806	1.806034
38.54	-6.635215	-6.484545	-0.06626022	-7	0.5348209	0.8218577	-8.415239	-0.2890822	1.591654
38.56	-6.687301	-6.552835	-0.2871941	-7	0.520147	0.7972609	-8.550581	-0.2280135	1.328284
38.58	-6.536235	-6.416255	0.4772031	-7	0.506479	0.7666991	-7.813117	-0.3043494	1.556053
38.6	-6.601737	-6.484545	0.112864	-7	0.4930519	0.7534428	-9.981635	-0.1974791	0.707531
38.62	-6.624966	-6.484545	-0.01554871	7	0.461738	0.7773749	-8.466068	-0.2890822	1.502508
38.64	-6.624077	-6.484545	-0.01685858	7	0.4599783	0.7419531	-5.209284	-0.3654181	2.150306
38.66	-6.678225	-6.484545	-0.3117839	7	0.5814252	0.8432071	-3.687309	-0.1822119	2.749233
38.68	-6.582616	-6.484545	0.2268252	7	0.6310835	0.7770467	2.353607	0.2452687	3.7407
38.7	-6.484769	-6.484545	0.7675537	7	0.6957689	0.6506173	7.864367	0.3063378	3.913195
38.72	-6.488295	-6.484545	0.7609082	7	0.8736195	0.7321824	9.593882	1.619314	4.074684
38.74	-6.419378	-6.552835	1.223007	7	0.9301614	0.6414757	15.93122	2.947559	4.820432
38.76	-6.460886	-6.552835	1.080049	7	1.15923	0.7873512	17.14828	4.550612	5.110193
38.78	-6.255198	-6.416255	2.200432	7	1.357957	0.8983099	20.23184	6.275803	6.063063
38.8	-6.312787	-6.484545	1.965114	7	1.596036	1.09011	18.46204	6.459009	5.651838
38.82	-6.339944	-6.484545	1.936471	7	1.830192	1.377106	17.81467	6.000994	6.607157
38.84	-6.330047	-6.484545	2.137213	7	2.043604	1.594211	18.1918	6.962825	7.388624
38.86	-6.148528	-6.484545	3.27145	7	2.072471	1.468401	24.08926	5.726184	7.94479
38.88	-6.175521	-6.416255	3.193702	7	2.331683	1.709931	20.60178	10.67275	7.478642
38.9	-6.236101	-6.552835	3.077157	7	2.423809	1.809701	22.47652	9.970459	8.221745
38.92	-6.29117	-6.484545	2.936027	7	2.69996	2.146148	20.56783	7.298704	9.059821
38.94	-6.383804	-6.552835	2.680412	7	2.959389	2.461889	19.67212	8.184199	9.976625
38.96	-4.659172	-5.050462	11.10286	7	3.159675	2.458313	21.04588	8.962825	11.06693
38.98	-6.308059	-6.825994	2.645499	7	2.986446	2.36482	1.570038	7.787253	2.358741
39	-6.58097	-6.825994	1.710404	7	2.745326	2.565189	18.86875	9.924657	11.28018
39.02	-5.324272	-5.528489	7.945206	7	3.07402	2.533723	26.91592	-10.04481	13.28719
39.04	-5.52056	-5.801648	6.551814	7	3.420164	2.790314	9.785864	12.85596	7.437229
39.06	-5.553429	-5.733358	6.138028	7	3.536206	3.304313	2.636712	10.96282	9.073148
39.08	-6.647053	-6.143096	0.4111948	7	4.187575	4.667272	-19.44747	2.153666	9.776409
39.1	-5.821065	-6.143096	5.223937	7	3.52547	3.643499	17.43254	3.985727	16.46089
39.12	-6.336717	-6.416255	2.735203	7	3.825104	3.509486	15.58415	1.344506	12.38555
39.14	-5.079926	-5.39191	9.092519	7	3.980566	3.435752	27.29006	18.1384	15.90984
39.16	-4.971986	-5.460199	9.248673	7	4.14856	3.356337	15.00659	7.084963	9.899603
39.18	-5.742812	-5.869938	5.081753	7	4.396479	4.162967	-1.295945	20.76435	9.785448
39.2	-4.584237	-5.050462	10.82517	7	4.066811	3.775754	14.78985	-4.869235	14.45683
39.22	-5.890732	-5.39191	3.461251	7	5.028728	5.34343	-27.03682	0.1994676	8.692806
39.24	-4.112687	-4.435854	12.36281	7	4.400346	4.700154	0.0729003	-2.594425	16.61697
39.26	-5.688392	-5.118752	3.517167	7	5.151842	5.849301	-42.85366	4.062063	7.416951
39.28	-5.235654	-5.801648	6.45791	7	3.747485	4.195484	8.753111	-3.174578	16.6615
39.3	-5.714856	-5.118752	3.505693	7	4.717143	5.141672	-9.298463	9.970459	14.33597
39.32	-3.529617	-4.367564	14.5909	7	3.877355	3.398063	33.34542	-9.678394	18.27841
39.34	-5.726898	-5.050462	2.324309	7	5.391435	5.559746	-30.27447	16.26053	6.991101
39.36	-3.478806	-4.367564	14.05994	7	4.053636	3.931826	27.86172	5.2071	20.02162
39.38	-4.281981	-4.026116	8.676765	7	5.118516	5.018417	-19.7343	13.93992	8.127327
39.4	-2.453684	-3.411509	17.43407	7	3.991572	3.717215	10.59917	-11.9074	13.5188
39.42	-4.72393	-3.070061	3.702425	7	6.277893	7.740921	-89.6877	10.45901	3.848344
39.44	-2.611352	-2.660322	14.16808	7	4.774009	6.545829	-42.94692	-20.50282	17.64726
39.46	-4.33144	-2.455454	3.512612	7	6.256365	8.904469	-115.7941	2.825422	6.347866
39.48	-2.925015	-2.387164	10.31531	7	4.84194	7.622307	-73.33871	-22.27381	16.91444
39.5	-4.553492	-2.045715	0.2748604	7	6.404998	10.10641	-136.806	12.00099	9.57905
39.52	-0.7330358	-0.2701836	18.87986	7	4.718091	7.754235	-76.78387	-15.84633	19.93024
39.54	-2.818362	-0.2701836	5.283762	7	6.386772	10.34144	-178.5355	19.68038	-0.3393993
39.56	-0.9073844	-0.4067631	14.1924	7	3.775115	7.799129	-115.3486	-8.518089	12.2406
39.58	-1.859243	0.002975464	6.910247	7	3.891281	7.960763	-149.4872	15.92466	1.767729
39.6	-1.166841	0.002975464	8.942654	7	2.544994	6.581899	-114.7491	-16.8845	8.178841
39.62	-1.649008	1.02732	3.871848	7	3.599052	8.218559	-152.1816	-0.6249601	5.418411
39.64	-0.8572	0.6175833	6.583832	7	2.512923	6.79804	-115.0458	-28.48755	10.20966
39.66	1.007367	1.573638	14.26155	7	1.27204	4.101939	-74.23465	-12.21275	7.110762
39.68	1.750742	2.597983	15.05679	7	1.207475	3.599239	-90.54867	-10.86924	-1.737694
39.7	1.392665	2.256536	10.59025	7	0.713396	3.48092	-100.4501	2.000994	-4.136967
39.72	2.55029	3.280881	13.87293	7	-0.04190588	2.710226	-85.11798	-14.31962	-0.8548613
39.74	2.988449	4.168647	12.82283	7	0.02899003	2.90777	-105.2639	-27.9532	-5.556164
39.76	2.475427	3.827197	7.423343	7	-0.2404845	3.182347	-116.2781	-28.22801	-6.063829
39.78	2.957391	4.441804	7.36498	7	-0.5600758	3.080142	-106.712	-36.09061	-1.647852
39.8	3.657043	4.441804	8.756738	7	-1.503174	1.373984	-77.01913	-34.50282	-2.385733
39.82	5.149798	5.397861	13.79612	7	-2.366808	-0.5112087	-49.05782	-19.60206	-4.607528
39.84	5.937228	6.353915	14.46147	7	-2.449958	-0.9188372	-60.57	-9.357784	-11.00949
39.86	6.451943	7.309972	13.42669	7	-2.253092	-0.1178342	-88.49045	-9.937937	-13.40832
39.88	5.454856	6.968522	5.122864	7	-2.041112	1.197333	-120.9339	-12.73183	-14.32164
39.9	5.859016	7.036813	4.93873	7	-2.881891	0.5667049	-95.78847	-24.62496	-7.18688
39.92	6.319877	7.856288	4.629533	7	-2.785274	0.4464255	-94.37527	-30.68603	-7.825787
39.94	6.66893	7.856288	4.1169	7	-3.101011	-0.1828971	-82.63976	-35.83107	-8.292813
39.96	8.241778	8.675765	9.833124	7	-3.943048	-1.903246	-52.50771	-36.59443	-8.507408
39.98	9.542212	9.63182	13.4401	7	-4.508346	-3.249365	-48.80873	-25.17458	-15.57062
40	10.10715	10.79274	12.52154	7	-4.299167	-2.556693	-84.16182	12.47428	-21.21581
40.02	8.651706	9.563531	2.261512	7	-4.802165	-2.142921	-102.6842	14.70328	-22.6749
40.04	7.96241	9.83669	-3.564677	7	-4.641285	-1.018836	-103.4984	-6.518089	-13.66128
40.06	9.70972	11.13419	3.201215	7	-4.852403	-1.724919	-74.53763	-33.72419	-8.005692
40.08	9.384012	9.83669	-0.09722209	7	-5.771492	-3.854475	-48.59151	-34.18221	-15.58627
40.1	11.37017	11.95367	7.588084	7	-5.790733	-4.38941	-32.67622	-19.51045	-12.76442
40.12	9.043469	10.17814	-6.365547	7	-5.213135	-3.467098	-67.01093	7.497176	-21.7557
40.14	12.79385	13.38775	10.61773	7	-5.498258	-3.860734	-30.75011	15.46664	-7.803835
40.16	10.67412	11.68051	-2.717569	7	-4.94488	-3.29518	-85.31719	6.489543	-26.553
40.18	10.72046	11.68051	-3.710113	7	-5.549319	-3.112033	-63.17348	-6.624959	-14.19927
40.2	10.72043	11.68051	-4.875813	7	-5.738096	-3.759178	-46.06755	-14.76236	-13.60082
40.22	9.436159	10.24643	-11.74121	7	-5.953581	-4.43078	-21.92778	-16.7471	-12.51593
40.24	9.393435	10.17814	-11.76279	7	-5.706453	-4.826835	17.80216	-12.91504	-4.605353
40.26	10.16992	10.51959	-7.625772	7	-5.083932	-5.368336	47.4096	-4.899769	-3.01226
40.28	10.70044	10.79274	-4.99446	7	-4.121117	-5.132187	47.99524	3.329238	-5.960818
40.3	10.42025	10.17814	-6.123962	7	-3.595433	-4.828404	45.03733	11.28344	-7.972331
40.32	9.731704	9.973269	-9.203339	7	-2.623609	-3.416247	28.76564	25.86359	-6.286451
40.34	10.06614	10.24643	-6.806499	7	-1.986777	-2.575887	27.10098	35.32924	-2.355176
40.36	8.934319	9.017213	-11.40438	7	-1.635627	-2.200106	21.49548	31.61931	-4.224257
40.38	8.742731	8.675765	-10.72367	7	-1.555858	-2.225323	41.06597	26.81015	1.374386
40.4	10.82884	11.0659	0.2129291	7	-0.4142749	-1.264973	26.49162	25.84832	1.910551
40.42	8.635263	8.744054	-10.154	7	-0.02851693	-0.421322	-15.70224	22.53534	-9.405324
40.44	8.040915	8.470897	-11.57909	7	-0.1195698	0.3862222	-7.360665	26.56588	1.229349
40.46	7.387342	8.266026	-13.38304	7	0.4575725	1.137259	-10.93132	23.55824	3.530093
40.48	8.473377	9.358663	-6.718155	7	1.154084	1.84454	-14.07328	5.451375	6.554152
40.5	7.737137	8.197738	-9.146353	7	1.188226	1.7462	-26.07232	-4.930304	0.2294703
40.52	7.94854	8.402606	-6.775412	7	1.043054	1.775776	-22.68271	21.46664	2.995901
40.54	6.887952	7.241681	-10.64515	7	0.7339441	1.383379	-20.13592	24.07733	0.7930937
40.56	6.997686	7.583131	-8.685352	7	0.8202994	1.517849	-10.53879	8.000994	5.372077
40.58	6.560468	7.309972	-9.677981	7	1.268327	1.950581	-17.84555	8.382672	4.146729
40.6	6.51245	6.763654	-8.2656	7	0.999274	1.399824	-0.6060829	3.359772	5.940792
40.62	7.091236	7.036813	-4.011204	7	0.8177297	0.6365949	13.66824	13.77199	5.306639
40.64	7.953153	7.856288	0.8634004	7	0.9981831	0.5619742	3.480844	7.268168	1.393394
40.66	6.343753	6.422206	-6.60076	7	0.9756581	1.017211	-20.52913	14.29107	-3.966122
40.68	6.129802	6.763654	-6.782578	7	1.158077	1.976516	-22.53062	1.955192	3.707326
40.7	5.250865	5.807599	-9.929284	7	1.119104	1.925915	-16.54566	-10.77763	4.400558
40.72	5.478177	5.739308	-7.23548	7	0.9176605	1.290372	9.707367	-15.92267	8.570353
40.74	5.263318	5.807599	-7.267129	7	1.583342	1.71404	3.968497	6.07733	6.89247
40.76	5.733638	5.807599	-3.653265	7	1.655316	1.505419	13.4291	9.222367	7.897042
40.78	5.63447	5.807599	-3.320664	7	2.040896	1.853841	0.8243892	21.3903	4.81278
40.8	5.888326	5.739308	-1.101491	7	1.839139	1.641657	2.799314	11.31397	4.795338
40.82	5.378289	5.739308	-3.183482	7	2.240574	2.469058	-19.99677	14.0926	2.590968
40.84	6.571246	6.763654	3.167643	7	2.155541	2.633638	-23.76632	-4.94557	4.794884
40.86	6.055207	6.422206	0.4258125	7	2.123882	2.959515	-53.49677	-2.686028	-2.282261
40.88	5.831893	6.080756	-0.4380963	7	1.3339	2.616948	-50.88726	-6.853967	-0.2998295
40.9	6.571341	7.036813	2.995538	7	0.9606584	2.332541	-52.25882	-9.586792	0.04228592
40.92	6.144978	6.695365	0.3338821	7	0.5873914	2.136584	-64.95963	-18.47229	-4.279103
40.94	6.643722	7.309972	2.23835	7	0.1600618	1.993692	-64.82362	-23.67839	-2.322554
40.96	6.541364	7.036813	1.083726	7	-0.5055634	1.231179	-62.44166	-14.41122	-5.08541
40.98	7.095978	7.65142	2.990139	7	-0.9925358	0.7123436	-57.37354	-18.41122	-4.6601
41	7.226828	7.583131	2.668007	7	-1.630602	-0.1478292	-52.47927	-20.12114	-7.444937
41.02	6.695156	7.241681	-0.9343486	7	-2.033381	-0.4861615	-49.96349	-15.28145	-7.977588
41.04	6.255739	7.036813	-3.771159	7	-2.16951	-0.54449	-39.53023	-16.39595	-4.68164
41.06	8.012768	8.539186	4.191249	7	-2.184349	-1.066696	-21.27337	-19.67839	-1.555814
41.08	7.346397	7.583131	-0.1719756	7	-2.319933	-1.619481	-29.91733	-17.05244	-10.1143
41.1	8.290887	9.017213	3.269527	7	-1.928264	-0.7644897	-39.64166	9.466642	-6.121576
41.12	7.063399	8.197738	-4.130514	7	-1.443182	0.347431	-70.89987	2.230002	-10.36375
41.14	6.659313	7.309972	-6.079333	7	-2.219077	-0.3346718	-40.49038	-10.54862	-3.184485
41.16	7.54285	8.266026	-1.944068	7	-2.177437	-0.9015569	-20.28232	-14.01427	-0.8010502
41.18	7.749564	8.197738	-1.414117	7	-2.059633	-1.327816	-17.83066	-14.13641	-4.782869
41.2	6.720053	7.309972	-6.780748	7	-1.868457	-1.036543	-20.64944	13.2987	-5.37897
41.22	7.492035	8.197738	-2.968525	7	-1.480305	-0.62472	-10.5386	13.37504	0.5914879
41.24	7.118588	7.583131	-4.838939	7	-1.243886	-0.6986836	-12.43071	2.275804	-2.911699
41.26	7.130318	7.583131	-4.565944	7	-1.050558	-0.5160371	-7.335437	12.81015	-0.661459
41.28	6.460166	7.036813	-7.549335	7	-0.6874225	-0.1359244	-8.966188	11.0697	-0.513011
41.3	6.94145	7.105102	-4.347373	7	-0.7709635	-0.5944876	13.1223	10.81015	3.274034
41.32	6.722261	6.968522	-4.986459	7	-0.3337973	-0.4645645	9.791559	9.69565	0.6812458
41.34	6.818958	7.036813	-3.951377	7	0.02910161	-0.07519394	8.628438	14.1842	1.922268
41.36	6.584488	6.968522	-4.665719	7	0.5486262	0.6261336	-3.370687	12.3216	1.337695
41.38	7.001068	7.036813	-1.897294	7	0.4769499	0.4872071	1.958123	11.93993	2.466251
41.4	7.103445	7.105102	-1.02356	7	0.4903535	0.4189135	-4.591674	9.604047	-0.2356949
41.42	6.839156	7.036813	-2.127384	7	0.5805166	0.8208058	-17.19741	9.329238	-1.27313
41.44	9.152331	9.290372	8.962048	7	0.6515217	1.023954	-27.42912	4.764352	-0.2887735
41.46	7.690943	7.583131	0.9393232	7	-0.02019165	0.6201897	-59.94985	-3.174578	-13.07259
41.48	7.403851	7.583131	-0.6745281	7	-1.01999	0.3456481	-49.5362	-4.960838	-6.289865
41.5	6.75692	7.583131	-4.34906	7	-1.114149	0.5474698	-53.54078	-7.205112	-5.300297
41.52	7.091382	8.129447	-3.045765	7	-0.9876256	0.8442158	-50.34832	-13.8616	-1.627019
41.54	7.52562	8.197738	-1.207268	7	-1.196558	0.2948248	-42.96361	-26.56389	-2.969871
41.56	8.310204	8.675765	2.134523	7	-1.542254	-0.4234108	-37.29465	-27.54099	-5.122603
41.58	7.442674	7.924579	-2.87655	7	-1.773304	-0.5839752	-46.16968	1.023895	-9.261387
41.6	6.801278	7.856288	-6.47869	7	-1.57165	0.1711457	-48.71079	2.67275	-4.530062
41.62	8.315562	8.744054	0.9815359	7	-1.976994	-0.7949056	-20.49089	-4.777632	-0.5594234
41.64	7.414208	7.924579	-4.105422	7	-1.86684	-1.008988	-32.72043	-15.66313	-8.38841
41.66	8.435531	8.744054	0.7115924	7	-2.108412	-1.293614	-16.76539	-15.89213	-3.287069
41.68	6.922486	8.129447	-7.686202	7	-1.169858	0.1854572	-54.06995	8.581147	-8.499352
41.7	6.279057	7.309972	-10.38537	7	-1.258855	0.5426394	-36.13473	2.306337	0.2294083
41.72	7.592631	8.129447	-3.239989	7	-1.391993	-0.4344516	-3.571048	-5.281448	3.93713
41.74	8.890381	9.017213	2.940617	7	-1.215229	-1.12183	-5.18631	-5.373051	-2.825541
41.76	7.131346	7.583131	-6.250462	7	-0.9365799	-0.3819444	-35.82573	18.06206	-9.710159
41.78	7.711472	8.402606	-3.220891	7	-0.8825119	0.2775859	-28.41146	20.55061	-0.4252291
41.8	6.309702	7.036813	-9.88833	7	-0.8242585	0.3080243	-32.11126	3.741452	-3.448325
41.82	6.827463	7.105102	-6.246483	7	-1.27928	-0.5872335	6.548018	-14.96084	4.015907
41.84	7.027617	6.968522	-4.51785	7	-1.328186	-1.614821	25.9607	-6.014273	1.195289
41.86	7.179463	7.036813	-3.243237	7	-1.058298	-1.771112	31.4531	13.64985	0.1506729
41.88	7.024904	7.036813	-3.65193	7	-0.5043402	-1.174403	22.25967	16.52008	-0.6025763
41.9	6.925747	6.968522	-3.650813	7	-0.09886531	-0.5680113	15.23746	11.35977	0.2665968
41.92	6.895781	7.036813	-3.318802	7	0.2931558	0.04256341	5.851273	7.252903	0.6510429
41.94	7.102055	7.105102	-1.770479	7	0.3687665	0.1948374	2.126907	3.634582	0.5721416
41.96	7.10767	7.036813	-1.336092	7	0.2887491	0.1593543	-3.05157	3.512444	-0.9928789
41.98	7.060216	7.036813	-1.267211	7	0.1648024	0.1856945	-7.983472	2.504811	-1.581345
42	8.300756	8.470897	4.603853	7	0.340524	0.5911595	-22.52021	1.298704	-1.839976
42.02	7.588226	7.583131	0.6253513	7	-0.1077965	0.4296755	-43.51618	-1.907403	-8.800801
42.04	7.235037	7.583131	-1.380623	7	-0.5911008	0.5786498	-46.9623	-1.999006	-5.753091
42.06	6.965064	7.583131	-2.961691	7	-0.8512236	0.5709249	-46.7336	-6.502822	-4.260721
42.08	7.034877	7.65142	-2.761163	7	-1.09931	0.2837444	-39.11501	-16.48755	-2.866297
42.1	7.073166	7.583131	-2.712683	7	-1.322886	-0.1744801	-30.85407	-23.63259	-3.15462
42.12	9.173743	9.017213	7.319973	7	-1.918895	-1.517051	-9.842518	-14.9303	-3.226766
42.14	6.970137	7.583131	-4.892442	7	-1.502	-0.6418536	-54.64631	7.008627	-14.50806
42.16	6.604782	7.583131	-6.781224	7	-1.570237	0.2408609	-43.97779	-1.128777	-2.501613
42.18	6.707685	7.51484	-6.085471	7	-1.61191	-0.1937952	-25.21122	-6.670761	-0.1395969
42.2	7.286394	7.65142	-2.99142	7	-1.734319	-1.047677	-4.562447	-12.60969	-0.2499886
42.22	7.968683	7.65142	0.5405329	7	-2.18446	-2.413783	16.88341	7.436108	-3.048827
42.24	7.149934	7.583131	-4.078237	7	-1.418576	-1.379702	-8.730513	18.79489	-6.707455
42.26	6.934856	7.583131	-5.152309	7	-0.9287469	-0.2927059	-15.50997	5.252903	-1.843799
42.28	7.235667	7.65142	-3.399911	7	-0.8114743	-0.2565533	-10.33919	-5.357784	-0.3597574
42.3	7.379292	7.583131	-2.487239	7	-0.8279537	-0.5156124	-7.988324	-11.06771	-1.916206
42.32	8.058114	7.583131	1.236084	7	-1.525865	-1.805878	12.55467	6.39794	-2.805166
42.34	7.599998	7.583131	-1.375713	7	-1.326841	-1.561574	-2.90889	9.252902	-6.89276
42.36	7.3228	7.583131	-2.8829	7	-1.136875	-0.8850952	-10.90263	-3.678395	-4.450933
42.38	7.127326	7.583131	-3.868173	7	-0.8937286	-0.3505823	-16.75969	-8.029539	-2.906313
42.4	7.484982	7.65142	-1.876829	7	-1.066391	-0.6681174	-7.93486	-9.082974	-1.761641
42.42	7.351047	7.583131	-2.567571	7	-1.003433	-0.6852816	-12.21658	5.039161	-3.794059
42.44	7.190802	7.583131	-3.36945	7	-0.8516241	-0.3290682	-17.40708	1.191834	-3.126655
42.46	7.269159	7.65142	-2.898189	7	-0.8025756	-0.2026137	-17.74945	0.4742764	-2.258959
42.48	7.453093	7.583131	-1.825808	7	-1.04008	-0.6317693	-11.27114	-0.5486242	-2.719295
42.5	7.3401	7.583131	-2.430221	7	-1.026919	-0.6327704	-14.57	0.3368722	-3.900181
42.52	7.42627	7.583131	-1.949813	7	-1.170974	-0.7947494	-11.02227	0.8406886	-3.354828
42.54	7.230996	7.583131	-3.01847	7	-1.034791	-0.5576707	-16.84553	-1.189846	-3.91745
42.56	7.361615	7.583131	-2.284005	7	-1.153596	-0.6902184	-12.03395	-0.2585478	-2.828307
42.58	7.364791	7.65142	-2.328559	7	-1.098318	-0.6636404	-14.33445	-0.5791586	-3.588729
42.6	7.405318	7.583131	-2.105062	7	-1.216097	-0.8249917	-11.71645	0.2758034	-3.593349
42.62	7.452676	7.65142	-1.923841	7	-1.250671	-0.8914182	-11.61763	-0.7776317	-3.885022
42.64	7.278068	7.583131	-2.883248	7	-1.179807	-0.728873	-15.38717	-0.07534168	-4.156039
42.66	7.379334	7.65142	-2.370877	7	-1.209468	-0.7314774	-13.19435	-0.3348837	-3.188072
42.68	7.294036	7.583131	-2.824461	7	-1.187573	-0.7273006	-14.26464	-0.5791586	-3.724546
42.7	7.35538	7.583131	-2.477009	7	-1.251917	-0.8304548	-11.15072	-0.2127463	-3.256251
42.72	7.270613	7.51484	-2.887644	7	-1.245314	-0.8640008	-10.88383	-0.3348837	-3.602571
42.74	7.32343	7.583131	-2.603391	7	-1.206068	-0.8272364	-10.08065	-0.273815	-3.137487
42.76	7.296539	7.583131	-2.746059	7	-1.122467	-0.7315639	-12.01168	-0.3501509	-3.387595
42.78	7.271754	7.51484	-2.808825	7	-1.132599	-0.7406993	-11.19944	0.04679576	-3.219311
42.8	7.386413	7.583131	-2.183932	7	-1.165827	-0.8316309	-9.268897	-0.4570212	-3.120462
42.82	7.429374	7.65142	-2.016955	7	-1.125686	-0.7977421	-11.74496	-0.1974791	-3.776978
42.84	7.411041	7.583131	-2.118145	7	-1.199356	-0.8582803	-11.90114	-0.2280135	-4.034966
42.86	7.240633	7.51484	-2.994845	7	-1.174907	-0.7465898	-14.26255	-0.5180899	-4.024814
42.88	7.311661	7.583131	-2.603305	7	-1.189069	-0.7352951	-12.40145	-0.1669452	-3.12608
42.9	7.354928	7.583131	-2.376044	7	-1.213154	-0.8245449	-11.5236	-0.4112196	-3.509691
42.92	7.321789	7.583131	-2.567996	7	-1.184683	-0.781454	-12.98534	-0.1669452	-3.766031
42.94	7.40881	7.65142	-2.152801	7	-1.196788	-0.7851604	-12.85031	-0.3654181	-3.59377
42.96	7.409654	7.65142	-2.206182	7	-1.20926	-0.7923386	-14.34193	-0.2585478	-4.083473
42.98	7.409426	7.65142	-2.258519	7	-1.252574	-0.8065002	-14.83056	-0.1516776	-4.123784
43	7.294302	7.583131	-2.876859	7	-1.265108	-0.7698435	-15.90365	-0.6249601	-4.162152
43.02	7.268225	7.583131	-3.003115	7	-1.269696	-0.7439746	-14.86629	-0.1516776	-3.554157
43.04	7.281506	7.583131	-2.917948	7	-1.267206	-0.7758917	-13.45606	-0.2280135	-3.393062
43.06	7.277804	7.583131	-2.92743	7	-1.232394	-0.764523	-13.30269	-0.2280135	-3.440809
43.08	7.307515	7.583131	-2.752624	7	-1.226187	-0.7862781	-12.46774	-0.2890822	-3.394991
43.1	7.324933	7.583131	-2.64957	7	-1.222033	-0.8097643	-12.24124	-0.2890822	-3.555176
43.12	7.323061	7.583131	-2.653147	7	-1.211341	-0.7999768	-12.66097	-0.2280135	-3.662943
43.14	7.427397	7.65142	-2.135993	7	-1.238934	-0.8506091	-12.05144	-0.3806853	-3.67114
43.16	7.40164	7.65142	-2.329392	7	-1.228819	-0.8205593	-14.50003	-0.1974791	-4.269095
43.18	7.337021	7.583131	-2.667227	7	-1.281199	-0.8293431	-14.60869	-0.3196166	-4.164834
43.2	7.304295	7.583131	-2.835899	7	-1.299601	-0.8253535	-14.14988	-0.8387004	-3.868158
43.22	7.273275	7.583131	-2.994896	7	-1.274935	-0.7875929	-14.24736	-0.6096929	-3.698808
43.24	7.286941	7.583131	-2.906462	7	-1.266376	-0.7917113	-13.42734	-0.1669452	-3.511465
43.26	7.299471	7.583131	-2.827065	7	-1.254729	-0.8051133	-13.05536	0.03152858	-3.575722
43.28	7.317351	7.583131	-2.720783	7	-1.254753	-0.8258413	-12.70023	-0.2432806	-3.643334
43.3	7.377178	7.65142	-2.443085	7	-1.22987	-0.8003168	-13.57279	-0.273815	-3.7542
43.32	8.258309	8.470897	1.64761	7	-1.185967	-0.8012663	-16.90602	-0.2890822	-4.085622
43.34	7.339272	7.583131	-3.285919	7	-1.312518	-0.7306395	-31.88451	-0.273815	-8.83707
43.36	7.175478	7.583131	-4.059589	7	-1.551538	-0.6350728	-24.63334	-1.174578	-4.15402
43.38	6.973804	7.583131	-5.073088	7	-1.42449	-0.5018833	-23.4427	-5.388319	-3.299973
43.4	7.179222	7.65142	-3.91294	7	-1.40845	-0.6458996	-15.55237	-9.663127	-2.006069
43.42	7.2193	7.583131	-3.627552	7	-1.36103	-0.8213079	-12.49705	-8.777631	-2.965796
43.44	7.836888	8.539186	-0.9390886	7	-0.765797	-0.02047062	-28.19294	8.428475	-3.10542
43.46	6.403087	6.968522	-7.986844	7	-0.8526027	0.1830023	-38.50339	3.741452	-6.149927
43.48	6.561691	7.036813	-6.463012	7	-1.202874	-0.1841456	-12.63229	5.115497	1.274981
43.5	6.498472	6.968522	-6.279366	7	-1.037317	-0.5102226	-3.259099	-3.754731	0.3702602
43.52	6.693086	6.968522	-4.759719	7	-0.8815162	-0.7016878	6.08326	11.81779	0.8605947
43.54	6.361024	6.968522	-6.132258	7	-0.1740012	0.1238719	-7.380869	14.35214	-0.1270809
43.56	6.950755	7.036813	-2.500869	7	-0.2748545	-0.1716071	4.288815	9.527711	1.823802
43.58	6.685926	6.968522	-3.578405	7	0.0632219	0.1701325	-9.588639	9.817788	-1.651527
43.6	6.958469	7.036813	-1.778946	7	-0.07656314	0.1135642	-7.443081	3.191833	-0.4593544
43.62	6.779277	6.968522	-2.471189	7	-0.05894326	0.2172628	-15.634	10.53534	-2.360023
43.64	6.686981	6.968522	-2.710191	7	-0.09797248	0.4034589	-19.84481	-1.586792	-1.763823
43.66	7.888711	7.924579	3.257242	7	-0.356907	-0.0008697212	-16.51052	0.8101543	-1.586002
43.68	8.338787	8.402606	4.703568	7	-0.4830004	-0.05638736	-39.44288	-3.754731	-8.395362
43.7	8.316969	8.402606	3.687292	7	-1.07053	-0.1338256	-56.05851	-2.899769	-11.24197
43.72	7.09632	7.583131	-3.123566	7	-1.68256	-0.08089002	-66.19815	-5.159311	-11.68258
43.74	6.701568	7.583131	-5.401615	7	-2.063928	-0.070152	-54.05796	-11.63259	-5.407389
43.76	6.645337	7.65142	-5.904005	7	-2.058613	-0.2516931	-41.65384	-27.38832	-2.992488
43.78	8.366371	9.017213	2.170022	7	-2.016753	-0.7905884	-28.30646	-34.39595	-2.089071
43.8	8.073177	8.266026	-0.07188547	7	-2.341684	-1.577373	-35.21077	-32.80816	-10.77735
43.82	7.632727	7.51484	-2.479025	7	-3.245315	-2.62858	-14.2156	9.161299	-9.203199
43.84	6.647442	7.583131	-7.9448	7	-2.583324	-1.562459	-24.9511	16.3216	-6.900797
43.86	6.01136	6.968522	-10.7931	7	-2.183254	-1.028273	-11.53326	-4.670762	-0.70294
43.88	6.25833	7.036813	-8.880812	7	-1.678421	-1.001989	8.902496	-11.51046	3.477501
43.9	6.683432	7.036813	-6.052393	7	-1.212233	-1.260515	22.23501	-13.38832	2.859594
43.92	7.380167	7.036813	-1.838116	7	-1.221772	-2.059276	38.10346	12.82542	0.9456482
43.94	8.427404	8.129447	3.287077	7	-0.7240855	-1.779515	23.09784	26.42847	-2.935262
43.96	8.203908	8.129447	1.62992	7	-0.3094634	-0.7724854	-14.76569	26.42847	-8.667353
43.98	7.230458	7.51484	-3.409931	7	-0.3517927	0.2209102	-38.42582	18.42847	-7.901807
44	7.192885	7.65142	-3.425699	7	-0.6470419	0.4367568	-36.22344	3.344505	-3.234483
44.02	7.374659	7.65142	-2.351137	7	-1.089214	-0.2013869	-26.95425	-16.47229	-3.398944
44.04	7.560799	7.65142	-1.38529	7	-1.546168	-0.9766269	-17.49767	-25.28145	-4.698584
44.06	7.668095	7.65142	-0.9550687	7	-1.932288	-1.62105	-10.17288	0.7796199	-5.943283
44.08	7.26843	7.65142	-3.303475	7	-1.746667	-1.240813	-19.37803	1.390307	-6.648661
44.1	7.092938	7.036813	-3.886445	7	-2.295104	-2.004174	1.4815	-0.1516776	-4.302922
44.12	6.731797	7.036813	-5.59862	7	-2.028277	-1.868081	5.117032	-3.92267	-3.438226
44.14	6.811052	7.036813	-4.883224	7	-1.764746	-1.778954	14.31726	-6.930303	-1.096456
44.16	6.487663	6.968522	-6.279345	7	-1.046381	-1.017913	5.919681	3.634582	-1.175244
44.18	6.917859	6.968522	-3.510179	7	-0.9472722	-1.137819	17.13915	4.840688	0.9520035
44.2	6.980971	6.968522	-2.827162	7	-0.686891	-1.09933	13.40154	12.64221	-1.396107
44.22	8.240483	8.197738	3.367224	7	-0.370582	-0.7462361	2.90654	13.75672	-1.860819
44.24	7.139891	7.309972	-2.474401	7	-0.1757544	-0.01753008	-31.35659	12.94756	-8.807578
44.26	7.167817	7.309972	-2.079802	7	-0.6815951	0.01893216	-25.2463	2.428474	-3.41431
44.28	7.322368	7.309972	-1.151743	7	-1.226454	-0.7692897	-15.18247	-6.777631	-4.093617
44.3	7.098866	7.309972	-2.391651	7	-1.329495	-0.8694783	-17.85871	-14.73183	-5.315674
44.32	7.232252	7.241681	-1.653759	7	-1.70976	-1.387422	-6.593966	-6.380685	-4.192557
44.34	6.955482	7.309972	-3.255521	7	-1.486197	-1.089133	-13.53289	-1.571525	-5.018416
44.36	7.199378	7.309972	-1.967551	7	-1.662793	-1.361725	-3.996277	-7.067708	-3.321601
44.38	7.084842	7.309972	-2.665638	7	-1.528906	-1.297063	-7.189057	-2.655494	-4.597065
44.4	7.005949	7.241681	-3.066849	7	-1.456593	-1.164641	-7.010359	-0.5028227	-3.839748
44.42	6.96505	7.309972	-3.289863	7	-1.253195	-0.8838924	-9.858924	0.1994676	-3.316298
44.44	7.305348	7.309972	-1.428762	7	-1.472194	-1.33294	-0.2736475	-0.3959524	-2.954615
44.46	6.47481	6.695365	-5.494387	7	-1.348991	-1.171527	-5.966414	-0.1669452	-4.876676
44.48	6.460602	6.695365	-5.102553	7	-1.305972	-1.087558	5.870359	-0.0600745	-0.3883705
44.5	6.464612	6.695365	-4.678265	7	-1.020293	-1.035733	9.967701	-0.7776317	-0.1886339
44.52	6.502619	6.695365	-4.082042	7	-0.6849148	-0.8067228	9.814787	7.436108	-0.04728222
44.54	6.648097	6.695365	-2.915291	7	-0.5010152	-0.7298355	10.30281	11.74145	-0.1854038
44.56	6.795648	6.763654	-1.835479	7	-0.3773148	-0.6607196	7.387098	9.665116	-1.086366
44.58	6.889567	6.763654	-1.088398	7	-0.4084786	-0.6905448	4.379781	8.886491	-2.110169
44.6	6.717815	6.695365	-1.773401	7	-0.3931625	-0.5134391	-2.696956	3.023895	-2.960933
44.62	6.810253	6.763654	-1.102283	7	-0.5294895	-0.5446213	-2.805358	-0.6402273	-2.347156
44.64	6.536238	6.695365	-2.411205	7	-0.4528627	-0.2805891	-10.9896	-0.7776317	-3.151852
44.66	6.604563	6.763654	-1.905701	7	-0.5244919	-0.2173844	-10.46513	-0.8997692	-1.855852
44.68	6.572125	6.695365	-1.937991	7	-0.6307102	-0.3526286	-10.0351	-1.632594	-2.397305
44.7	8.13303	8.197738	5.445884	7	-0.5964075	-0.4078439	-13.68035	-1.449388	-2.395524
44.72	8.1606	8.197738	4.550733	7	-0.7047518	-0.3112502	-43.50081	-0.0600745	-10.84401
44.74	8.066426	8.197738	3.14785	7	-1.331022	-0.2772299	-56.91294	-0.273815	-11.39165
44.76	6.014466	6.763654	-7.667921	7	-1.762153	0.07722551	-68.30377	-1.739464	-11.33953
44.78	7.273195	8.129447	-1.540034	7	-2.103119	-0.1974128	-38.81642	-10.89977	-0.3898258
44.8	6.56561	7.241681	-5.462422	7	-2.189756	-0.8771605	-36.53331	-28.02954	-6.618039
44.82	6.979105	7.309972	-3.324514	7	-2.587335	-1.688132	-8.59389	-35.37305	-2.425791
44.84	8.846973	8.197738	5.827407	7	-3.373405	-3.82087	27.77289	-1.159311	-4.254301
44.86	6.966547	6.763654	-4.354273	7	-3.176195	-3.760166	5.808634	6.367407	-14.13416
44.88	7.715186	7.583131	-0.7076455	7	-3.217057	-3.527904	27.10938	6.810154	-3.689958
44.9	6.738858	6.968522	-5.914425	7	-2.53831	-2.886142	13.64598	5.833055	-7.118915
44.92	5.499919	6.080756	-11.61272	7	-1.851966	-1.727308	14.93222	-8.395951	-1.203166
44.94	5.794254	6.080756	-8.93626	7	-1.421002	-1.686651	43.13438	-10.59443	6.108618
44.96	6.220527	6.422206	-5.935972	7	-0.4536343	-1.310277	44.95401	6.107864	5.040986
44.98	8.566727	8.129447	6.125229	7	0.09091571	-1.309225	41.89789	14.42848	3.164343
45	6.165486	5.739308	-5.683743	7	0.2421826	-0.7892694	0.6203766	26.97809	-9.628805
45.02	5.947645	5.875888	-5.677709	7	0.01834396	-0.1419839	13.71834	31.2529	2.31986
45.04	5.62581	6.080756	-6.570483	7	0.6766874	0.68294	3.325183	17.61931	2.961717
45.06	5.76798	6.080756	-4.937452	7	0.9961333	1.070751	2.767152	-2.533357	4.619997
45.08	6.619826	6.080756	0.3870592	7	0.4056301	-0.1856226	23.27365	8.199468	3.52577
45.1	6.514596	6.422206	-0.01888794	7	0.7549228	0.22328	0.2770863	15.49718	-1.890743
45.12	6.330634	6.353915	-0.7375763	7	0.7646165	0.7814153	-14.63447	11.98573	-1.773971
45.14	6.880599	7.309972	1.779456	7	1.042442	1.659004	-36.60174	3.466643	-1.36525
45.16	5.730915	6.080756	-3.883202	7	0.6228662	1.691403	-50.23555	-11.54099	-4.667927
45.18	6.910609	7.036813	2.249104	7	-0.1632854	0.854663	-28.41636	-13.37305	0.7732306
45.2	5.336824	5.739308	-5.730024	7	-0.3997862	0.5642316	-39.89595	-10.53336	-6.023374
45.22	5.650852	5.739308	-3.488376	7	-1.174534	-0.4066551	-2.090101	-9.403585	2.18536
45.24	6.165712	6.695365	-1.140531	7	-0.5888569	-0.1869599	-6.595728	-4.182212	0.4447947
45.26	6.569207	6.695365	0.7108713	7	-0.5421862	-0.3354588	-8.177351	-8.579158	-1.735376
45.28	5.895288	6.763654	-3.248787	7	0.2678722	1.159991	-41.64787	11.14603	-3.832492
45.3	6.596105	7.309972	0.07562494	7	0.3127482	1.655018	-44.80959	-1.556258	0.1087828
45.32	6.408724	6.490495	-0.8021259	7	-0.507364	0.4601461	-34.48158	-2.105876	-3.677599
45.34	6.360131	6.422206	-1.041149	7	-1.14579	-0.4182284	-19.62864	-1.479922	-3.18899
45.36	5.906308	6.422206	-3.566464	7	-0.9982187	-0.1959888	-22.63794	-2.94557	-3.082541
45.38	5.884651	6.422206	-3.66557	7	-0.884029	-0.05496107	-16.0086	-6.823433	-0.290782
45.4	6.184034	6.490495	-2.074144	7	-0.8763645	-0.375215	-5.731102	-4.228013	0.2041874
45.42	6.310051	6.422206	-1.405394	7	-0.8846663	-0.7163165	-0.1748681	1.329238	-1.140338
45.44	6.308847	6.422206	-1.437268	7	-0.7822257	-0.7102889	-0.05808187	3.054429	-1.664213
45.46	6.118082	6.353915	-2.409582	7	-0.5550125	-0.382888	-4.311633	2.199468	-1.501221
45.48	6.281282	6.490495	-1.519656	7	-0.4206908	-0.2085156	-3.697377	-1.464655	-0.3018675
45.5	6.240058	6.490495	-1.724469	7	-0.2314239	0.0208391	-9.018478	0.1689328	-1.069249
45.52	6.340756	6.422206	-1.081588	7	-0.3381019	-0.1225256	-5.893015	0.1231317	-0.7912245
45.54	7.244385	7.309972	3.17197	7	-0.285226	-0.1509587	-9.516234	-0.5333571	-1.434849
45.56	7.317512	7.309972	2.948053	7	-0.4070989	-0.1717325	-25.65738	-0.4264868	-6.310865
45.58	8.069633	8.129447	5.83832	7	-0.6891125	-0.09419471	-37.7131	-1.144044	-6.962646
45.6	7.078804	7.309972	0.001018882	7	-1.166108	-0.1073023	-55.12434	-7.999005	-11.22441
45.62	6.908158	7.378261	-1.350892	7	-1.725032	-0.238517	-46.17721	-15.47992	-6.189878
45.64	5.726216	6.353915	-7.395838	7	-2.073419	-0.6397893	-33.90411	-23.57152	-5.173997
45.66	5.912608	6.353915	-6.054032	7	-2.356117	-1.447506	3.832763	-23.35778	1.544223
45.68	6.130296	7.241681	-5.312037	7	-1.045495	-0.3276694	-8.153061	6.138399	1.209913
45.7	6.264771	6.763654	-4.386887	7	-0.7057495	-0.2298914	-2.834156	12.97809	1.280935
45.72	5.505981	5.807599	-7.548721	7	-0.5907432	-0.347055	4.899582	24.33687	0.9166956
45.74	5.676476	5.875888	-5.794681	7	-0.3935509	-0.4589996	23.51274	19.80252	5.083723
45.76	6.826199	6.968522	0.2968668	7	0.2697288	-0.2053541	21.60234	15.97046	4.359474
45.78	6.118622	6.080756	-2.953499	7	0.5724783	0.1293713	2.944641	13.97046	-1.601289
45.8	5.863535	6.012467	-3.652333	7	0.7144542	0.7323519	-0.9317284	21.64985	1.832834
45.82	5.715549	6.080756	-3.866238	7	1.037585	1.29423	-8.146686	9.542978	2.885041
45.84	7.285078	7.105102	4.368817	7	0.7750698	0.6956407	1.259579	-5.403585	3.468318
45.86	5.951041	5.807599	-2.271689	7	0.5517513	0.5106297	-19.56719	1.894124	-5.467086
45.88	5.666648	5.807599	-3.215044	7	0.2448187	0.7184187	-11.46323	1.222368	0.9949169
45.9	5.284123	5.739308	-4.743011	7	0.445036	0.9972538	-11.8216	0.6880169	2.210567
45.92	6.372984	6.763654	0.8854592	7	0.7151151	1.166437	-9.506804	-11.38832	4.30709
45.94	7.584453	7.309972	6.695415	7	0.368309	0.3258974	-11.92345	-10.91504	-1.46111
45.96	6.284611	6.353915	-0.3922349	7	0.1915316	0.6241726	-40.50545	9.451375	-8.447319
45.98	6.138311	6.490495	-1.218381	7	-0.2221616	0.8695048	-35.49175	2.443742	-1.944136
46	7.551336	7.856288	5.27388	7	-0.4114747	0.4956724	-31.66618	-5.937937	-1.306711
46.02	6.804225	7.036813	0.7116375	7	-0.7469094	0.1776888	-47.85461	-16.07534	-8.793982
46.04	6.931964	7.105102	0.9206036	7	-1.464235	-0.3578473	-34.13375	-19.78526	-4.947394
46.06	6.665765	7.583131	-1.397091	7	-1.05793	0.3880101	-51.06161	-3.693662	-5.641369
46.08	5.742149	6.763654	-6.383456	7	-0.9985492	0.8453743	-52.96701	-11.35778	-3.570238
46.1	6.07862	6.763654	-4.470395	7	-1.328545	0.1722808	-23.72802	-21.9532	1.849749
46.12	6.446023	6.695365	-2.480255	7	-1.55259	-0.9580506	-0.141489	-24.16694	0.4775848
46.14	6.029231	6.695365	-4.787012	7	-0.8608459	-0.3514236	-9.241931	8.596414	-1.098041
46.16	5.793042	6.627074	-5.866224	7	-0.1758081	0.6094736	-14.60514	12.45901	1.834249
46.18	6.353693	6.695365	-2.593402	7	-0.1117644	0.3478678	-1.160789	15.08496	3.657071
46.2	6.908741	6.695365	0.528773	7	-0.3766035	-0.580635	10.96769	11.10023	0.7534485
46.22	6.626268	6.627074	-0.9412505	7	-0.1808994	-0.3849707	-0.3621214	15.84832	-2.442144
46.24	6.252188	6.695365	-2.872413	7	0.2768665	0.6349167	-16.42737	15.74145	-0.9944077
46.26	6.192393	6.695365	-2.986242	7	0.4837471	1.172926	-21.48052	2.825422	1.095785
46.28	6.523301	6.695365	-0.9954508	7	0.238989	0.7514284	-13.4721	-7.54099	1.371656
46.3	6.73953	6.695365	0.2463376	7	-0.07741469	0.1352776	-8.274701	-0.02954014	-0.6788158
46.32	7.078738	7.309972	1.601583	7	0.08365497	0.4333597	-20.41365	0.7796199	-2.144435
46.34	6.944762	7.241681	0.5282886	7	0.04978377	0.7277309	-34.42871	-0.8997692	-4.007088
46.36	7.039685	7.309972	0.7022791	7	-0.2903278	0.6238055	-36.13759	-4.044807	-3.472219
46.38	6.937082	7.309972	-0.2070916	7	-0.5626649	0.4756681	-38.86958	-8.228012	-4.196406
46.4	6.889573	7.241681	-0.7527018	7	-0.9271639	0.1327515	-33.93821	-10.96084	-3.717219
46.42	6.920899	7.378261	-0.9901867	7	-1.068159	-0.03237624	-31.34899	-8.899769	-3.448046
46.44	6.848979	7.309972	-1.698386	7	-1.171265	-0.186131	-28.266	-11.66313	-3.394112
46.46	6.855917	7.309972	-1.941708	7	-1.226233	-0.3217635	-23.32066	-5.373051	-2.743406
46.48	6.937173	7.309972	-1.754443	7	-1.275764	-0.5415452	-17.10509	-5.892135	-2.467443
46.5	7.093254	7.309972	-1.149959	7	-1.375107	-0.8899647	-9.466864	0.9170246	-2.600314
46.52	6.417155	6.763654	-4.614114	7	-1.258655	-0.7939647	-9.581017	-1.510456	-3.189406
46.54	6.266413	6.763654	-5.165287	7	-0.9707746	-0.4501914	-2.104064	0.2910702	0.7501621
46.56	6.491393	6.695365	-3.621336	7	-0.8499838	-0.7332299	11.86852	-0.1211432	2.016163
46.58	6.669472	6.763654	-2.443263	7	-0.5545385	-0.7794914	15.19988	8.352139	1.077885
46.6	7.514548	7.583131	1.714192	7	-0.1129403	-0.4194991	7.517945	13.98573	0.3193913
46.62	8.942461	8.744054	8.178215	7	0.01761855	-0.2944445	-11.45654	10.16893	-4.109232
46.64	7.097864	7.036813	-1.652553	7	-0.3440896	0.00961259	-43.54134	8.474276	-12.07376
46.66	6.771921	7.036813	-3.151701	7	-0.9734517	0.09108204	-29.25187	-4.73183	-2.886743
46.68	7.266039	7.65142	-0.8132643	7	-1.099895	-0.2655102	-19.28839	-13.38832	-1.363397
46.7	6.373326	6.695365	-5.265356	7	-1.229644	-0.5782421	-16.48794	-20.22801	-3.810882
46.72	6.480319	6.695365	-4.311054	7	-1.400398	-0.9862206	6.547648	0.7338184	1.094454
46.74	6.106083	6.763654	-6.088732	7	-0.6191114	-0.2816785	-0.2266884	-1.052441	0.8011856
46.76	6.675896	6.763654	-2.645204	7	-0.5764391	-0.6137644	17.46557	8.810155	3.436934
46.78	6.592661	6.763654	-2.83749	7	-0.08899528	-0.3421043	9.607033	10.91702	0.4985418
46.8	6.426463	6.695365	-3.357067	7	0.3443076	0.3261395	0.5586753	14.61168	1.065261
46.82	6.189906	6.695365	-4.201003	7	0.8609586	1.208045	-12.31088	10.33687	1.935841
46.84	6.413096	6.695365	-2.517385	7	0.8922678	1.292573	-10.76708	7.436108	3.145153
46.86	6.653701	6.695365	-0.849132	7	0.7035523	0.9058378	-8.316854	2.230002	1.602861
46.88	6.686928	6.695365	-0.4258702	7	0.533336	0.6917164	-10.93472	7.359772	-0.1727085
46.9	6.486785	6.695365	-1.32802	7	0.5307966	0.915381	-19.17162	3.833055	-0.8001585
46.92	7.935027	8.197738	5.522689	7	0.6192214	1.163228	-27.96941	3.054429	-0.02371883
46.94	7.307684	7.309972	1.840271	7	0.1014024	0.7673215	-46.60866	-2.441754	-7.978232
46.96	7.194548	7.309972	0.956596	7	-0.6668228	0.3916633	-41.58757	-3.479922	-5.291837
46.98	6.808817	7.378261	-1.519575	-7	-0.842414	0.4740858	-48.22242	-6.365417	-5.595295
47	6.509949	7.309972	-3.389852	-7	-0.9156126	0.6772956	-50.09508	-14.54862	-3.969983
47.02	6.616724	7.309972	-3.015439	-7	-1.14319	0.3613013	-41.64893	-21.14404	-2.672313
47.04	6.83955	7.309972	-2.050625	-7	-1.446951	-0.287915	-32.03948	-26.91504	-3.599372
47.06	7.516258	7.309972	1.281446	-7	-2.293668	-1.867896	-8.414688	-7.174578	-5.22553
47.08	7.26545	7.309972	-0.5699093	-7	-2.412826	-2.18203	-14.94331	4.871223	-9.566026
47.1	7.03572	7.309972	-2.209801	-7	-2.423436	-1.907307	-19.92773	-5.953204	-8.603487
47.12	5.955573	6.627074	-7.811598	-7	-2.199662	-1.271939	-28.22247	-10.65549	-7.66014
47.14	6.16159	6.763654	-6.449752	-7	-2.181862	-1.264084	-12.1026	-15.67839	-2.049606
47.16	6.441602	6.763654	-4.763689	-7	-2.13966	-1.749831	-2.212258	-14.68603	-3.351904
47.18	6.646939	6.695365	-3.495097	-7	-2.20194	-2.201838	3.415755	-7.556258	-5.221418
47.2	6.988182	7.51484	-2.150724	-7	-1.532009	-1.239167	-19.93253	7.268168	-6.905881
47.22	6.607543	6.968522	-4.123705	-7	-1.591333	-0.9283444	-34.50649	5.344505	-9.101534
47.24	6.548882	6.968522	-4.337469	-7	-1.872998	-0.9104775	-37.05453	0.5506123	-7.986537
47.26	5.707721	6.080756	-8.168521	-7	-2.365954	-1.377531	-31.6773	-6.548624	-8.59398
47.28	5.543104	6.080756	-8.455275	-7	-2.549599	-1.613104	-18.0952	-10.65549	-5.020581
47.3	5.595087	6.080756	-7.690355	-7	-2.502679	-1.889145	-9.124201	-9.663127	-4.698617
47.32	5.816911	6.012467	-6.047364	-7	-2.587104	-2.378613	0.3725188	-1.831067	-5.462197
47.34	6.00654	6.353915	-4.942839	-7	-2.267814	-2.09844	-9.095472	4.321605	-7.315549
47.36	8.026873	8.129447	4.709949	-7	-2.175261	-2.034245	-21.3693	3.054429	-8.925408
47.38	6.456668	6.695365	-3.928979	-7	-2.414402	-1.683107	-65.22456	0.9780937	-20.62149
47.4	6.255214	6.695365	-5.012325	-7	-3.29977	-1.700096	-59.50022	-2.808166	-13.56528
47.42	4.929818	5.807599	-11.61614	-7	-3.710905	-1.866225	-59.12631	-7.403586	-13.62373
47.44	5.898807	6.968522	-6.726788	-7	-3.733445	-1.898065	-43.95318	-16.82343	-7.168292
47.46	5.106303	6.012467	-10.68688	-7	-3.768479	-2.25127	-47.52822	-24.22801	-12.54377
47.48	5.276773	6.012467	-9.427095	-7	-4.04246	-2.677412	-29.559	-25.57152	-8.758467
47.5	5.72708	6.080756	-6.857066	-7	-4.35368	-3.642084	-13.14624	-6.105876	-10.13514
47.52	4.521924	5.056413	-12.56947	-7	-4.274876	-3.668234	-16.33933	3.619314	-13.10154
47.54	6.253008	6.763654	-3.707309	-7	-4.037343	-3.541798	-4.625029	3.97046	-7.107253
47.56	5.361375	5.807599	-8.350136	-7	-3.786583	-3.376008	-30.19904	-3.892135	-16.66667
47.58	4.613315	4.783254	-11.33277	-7	-4.461062	-3.842668	-13.6644	1.497177	-12.63504
47.6	4.491283	5.19299	-11.43712	-7	-4.149788	-3.494186	-10.81321	-4.487556	-9.6373
47.62	5.075585	5.466149	-7.967861	-7	-4.067883	-3.737492	-3.290434	-11.22038	-9.322902
47.64	4.631713	4.783254	-9.643484	-7	-4.179339	-4.113963	-3.98197	-8.060074	-13.05289
47.66	4.701379	5.124701	-8.879998	-7	-3.94842	-3.687703	-9.04652	7.2071	-11.55783
47.68	5.524945	5.739308	-4.550343	-7	-3.957591	-3.767646	-13.027	-2.044807	-12.59319
47.7	3.459895	3.827197	-14.42835	-7	-4.137395	-3.612341	-29.57772	0.153666	-17.89634
47.72	3.88708	4.441804	-11.31793	-7	-4.317715	-3.525575	-8.164201	-4.258548	-7.92581
47.74	3.411424	3.895488	-12.88326	-7	-4.202878	-3.825857	-5.165956	-11.80053	-10.87131
47.76	4.520257	4.510095	-6.475063	-7	-4.454153	-4.595907	14.31011	4.520077	-8.990191
47.78	3.56931	3.827197	-10.89462	-7	-4.118226	-4.283503	-6.724416	4.917024	-15.78616
47.8	3.266897	3.485749	-11.49857	-7	-4.262328	-4.125312	-0.1020764	8.779619	-11.49974
47.82	3.566735	4.168647	-9.50999	-7	-3.749624	-3.457529	-10.61755	-7.769998	-10.79446
47.84	3.611356	3.485749	-8.412723	-7	-4.311805	-4.359916	-0.2924061	-1.067708	-12.99812
47.86	2.934944	3.144301	-11.18367	-7	-4.332969	-4.283327	-6.61325	-1.128777	-14.51901
47.88	2.276288	2.597983	-13.50795	-7	-4.402783	-4.182173	-1.046076	-1.082975	-11.81767
47.9	1.845975	2.256536	-14.47391	-7	-4.275281	-4.137408	8.752501	-5.632593	-9.107841
47.92	1.658929	2.324824	-14.3106	-7	-3.634552	-3.507072	6.634675	0.3674061	-7.45297
47.94	1.836528	1.983377	-11.99054	-7	-3.610348	-3.865443	19.00416	3.558246	-6.925219
47.96	1.641203	1.573638	-11.61908	-7	-3.594206	-4.223984	24.18211	8.855955	-8.834617
47.98	1.102673	1.300479	-13.08361	-7	-3.191144	-3.696428	16.84561	12.24527	-8.86175
48	1.056275	1.02732	-11.78984	-7	-3.176275	-3.752865	24.71156	10.61168	-6.890729
48.02	1.058862	1.02732	-10.47316	-7	-2.973139	-3.688678	23.00854	5.817788	-7.76159
48.04	0.9437699	0.6175833	-9.667372	-7	-3.145045	-4.040697	27.06474	5.497177	-8.860186
48.06	0.7023512	0.3444233	-9.589024	-7	-3.272764	-4.259236	28.91999	7.955192	-9.566456
48.08	0.2752178	0.2761335	-10.66295	-7	-2.953857	-3.681857	18.19123	2.352139	-9.522078
48.1	-1.111193	-1.02137	-16.01303	-7	-2.887924	-3.327348	17.60359	1.054429	-8.217606
48.12	-1.486985	-1.362819	-15.82238	-7	-2.778724	-3.288353	37.87947	-0.7165628	-1.869876
48.14	-1.818415	-1.362819	-15.66919	-7	-1.855722	-2.500382	34.89621	0.6269482	-0.7115917
48.16	-0.8840581	-1.704267	-8.588574	-7	-2.361937	-4.003179	71.22195	5.237636	0.4912863
48.18	-2.450304	-3.070061	-14.49132	-7	-2.066945	-4.103116	63.95919	17.17657	-5.981183
48.2	-0.8415715	-1.704267	-4.484458	-7	-1.931745	-4.183049	83.67194	20.56588	1.177114
48.22	-3.633222	-3.411509	-17.24356	-7	-0.4437904	-1.9544	24.6597	17.83305	-8.572951
48.24	-2.347841	-3.411509	-7.831875	-7	-1.436616	-3.103579	79.73518	5.191833	5.477651
48.26	-5.196194	-4.709013	-20.40336	-7	0.2126214	-1.058795	30.25608	10.85596	-3.194633
48.28	-3.468105	-5.050462	-7.933088	-7	-1.303519	-3.563837	116.2494	-3.235647	11.37037
48.3	-4.793636	-5.118752	-12.82566	-7	0.2910809	-2.401277	77.73038	14.84069	0.1485319
48.32	-4.124295	-5.460199	-6.649117	-7	0.0488193	-2.813785	103.9418	5.726184	6.539473
48.34	-4.889842	-5.460199	-8.713666	-7	1.201324	-1.433653	69.15811	13.17656	1.28552
48.36	-4.117716	-5.460199	-2.541723	-7	0.8812128	-1.749137	79.68129	13.2987	4.219294
48.38	-5.540658	-5.869938	-8.326095	-7	1.842953	-0.02989215	31.46981	19.19183	-1.829246
48.4	-4.835719	-5.733358	-2.716501	-7	1.303759	-0.2049669	43.84677	14.00099	4.429413
48.42	-7.84203	-7.50889	-16.20138	-7	2.139861	1.549734	-0.9999247	3.10023	-1.227016
48.44	-6.485426	-7.782049	-5.956992	-7	0.3852049	-0.9412804	81.42755	1.115498	13.68956
48.46	-8.464611	-8.260077	-14.24342	-7	1.879464	0.35856	45.35199	-1.235647	4.528114
48.48	-6.166646	-7.50889	0.0321207	-7	1.159019	-1.118426	99.97979	2.871223	14.73223
48.5	-7.235153	-7.850338	-4.267969	-7	2.283433	-0.1913921	53.46275	6.947559	1.019124
48.52	-6.912434	-8.123497	-0.7794824	-7	1.845776	-0.2811883	62.64719	17.57351	5.818448
48.54	-10.28481	-9.762449	-16.30253	-7	3.280426	2.507175	6.470661	3.604047	2.504918
48.56	-7.5862	-9.011263	0.4970512	-7	1.689538	0.08020663	93.69981	0.9017578	19.94277
48.58	-9.713882	-9.762449	-9.08677	-7	3.244747	1.383774	38.94164	-0.5638914	3.848167
48.6	-9.048332	-10.37706	-2.958076	-7	2.315253	0.2963829	86.62188	6.062063	14.7664
48.62	-9.331094	-9.69416	-3.081719	-7	3.511488	1.441954	57.48576	-0.5944258	9.718617
48.64	-9.378606	-10.37706	-1.411473	-7	3.388288	1.380305	61.68647	13.87886	10.72342
48.66	-9.636327	-10.1039	-1.384819	-7	3.996597	2.366347	40.19951	16.52008	9.689437
48.68	-9.936221	-10.78679	-1.168635	-7	3.709818	2.200643	42.95167	21.78725	10.17992
48.7	-10.17596	-10.37706	-1.222798	-7	4.27137	3.235146	22.89983	12.45901	10.48006
48.72	-10.96752	-11.4014	-3.55342	-7	4.080496	3.267435	23.42852	15.63458	11.01343
48.74	-11.11749	-11.05995	-2.915697	-7	4.522738	4.044847	17.22882	9.008627	14.16128
48.76	-10.31535	-10.7185	2.446874	-7	4.422043	3.686157	24.04649	11.64985	14.3895
48.78	-10.32977	-10.7185	3.125611	-7	4.486312	3.731684	7.82676	10.35214	9.208655
48.8	-10.42678	-10.7185	3.255757	-7	4.346907	4.008166	-5.176481	15.72618	8.389613
48.82	-11.15516	-10.7185	-0.1048455	-7	4.745646	5.271719	-34.45972	-1.32725	8.020793
48.84	-10.74351	-10.7185	2.733956	-7	4.136714	4.83588	-23.23559	-4.044807	11.4412
48.86	-11.13595	-11.05995	1.229112	-7	3.772176	4.351915	-24.11511	-9.525723	8.459473
48.88	-10.13391	-10.1039	6.396492	-7	3.480057	3.986298	-18.21768	4.123131	10.0295
48.9	-10.33431	-10.44535	5.193878	-7	3.094187	3.479016	-26.63701	-5.082975	4.375085
48.92	-12.10212	-11.67456	-3.540241	-7	2.962023	3.963655	-35.45425	1.298704	5.061015
48.94	-11.24937	-10.78679	1.241326	-7	2.841692	3.848723	-9.398596	-16.06007	14.50908
48.96	-11.61415	-11.05995	-0.4852502	-7	3.300338	3.965011	-15.99541	-10.73183	10.30996
48.98	-10.21891	-10.37706	6.823224	-7	2.957584	3.112534	5.998831	8.749085	12.68927
49	-9.559527	-9.421001	9.261118	-7	3.474848	3.566601	-23.36691	3.787253	5.218216
49.02	-9.714547	-9.762449	7.760562	-7	3.129285	3.714811	-42.14858	9.313971	1.863485
49.04	-8.734087	-9.147842	11.9596	-7	2.080562	2.697186	-33.14312	-12.51809	2.357007
49.06	-9.482782	-9.421001	6.918694	-7	1.653749	2.580667	-52.85172	-19.69366	-3.299447
49.08	-9.993152	-10.1039	3.835786	-7	0.5472844	1.640119	-31.0164	-26.01427	0.7681866
49.1	-10.41086	-9.48929	0.7355814	-7	1.064373	2.502907	-38.79488	-21.80053	3.639347
49.12	-10.35699	-10.03561	0.8485079	-7	0.6976023	1.744702	-11.37088	-33.61732	7.099477
49.14	-8.602922	-8.191787	8.694027	-7	1.206278	1.744195	-7.590239	-22.42649	7.560915
49.16	-8.535029	-8.738104	7.983887	-7	1.005865	1.136237	-16.70021	-1.54099	-0.7388
49.18	-8.79297	-9.079553	5.8968	-7	0.4660557	0.706001	-12.75638	7.298704	-0.808259
49.2	-7.292574	-7.167441	11.90642	-7	0.6793396	1.102554	-21.81169	12.06206	0.8235474
49.22	-8.421733	-8.806395	5.149726	-7	-0.1072925	0.2386706	-26.77958	-16.15168	-6.447187
49.24	-8.469044	-8.191787	3.881555	-7	-0.2047935	0.6416678	-23.01174	-6.380685	-0.3416033
49.26	-7.80514	-7.099152	5.795557	-7	0.3519409	1.43425	-35.36435	-11.20511	0.7478142
49.28	-6.220724	-6.143096	12.22241	-7	0.06447005	0.8979744	-36.03761	-18.10588	-1.688878
49.3	-6.968943	-6.825994	6.688822	-7	-0.3169186	0.7379372	-59.10548	-3.479922	-9.712674
49.32	-7.628905	-7.235731	2.207416	-7	-0.9665135	0.6585248	-53.25581	-3.556257	-5.441084
49.34	-8.467772	-7.50889	-2.906165	-7	-0.9380193	0.9571888	-47.09786	-12.28908	-1.401464
49.36	-7.067031	-6.416255	3.417534	-7	-0.9814684	0.409927	-19.5578	-22.33488	4.195085
49.38	-7.192476	-6.757704	1.784363	-7	-0.7923263	0.01004583	-22.43501	-10.02954	-2.180202
49.4	-6.541938	-6.825994	4.558584	-7	-1.461346	-1.2264	5.245073	2.321605	-0.641036
49.42	-5.546112	-5.39191	8.045785	-7	-0.9461355	-0.8711858	-9.579432	7.680383	-3.693201
49.44	-6.747669	-7.167441	1.28325	-7	-1.622574	-1.612264	-7.014676	-0.5791586	-8.109898
49.46	-6.203171	-5.801648	3.000163	-7	-1.183087	-0.7077993	-9.297764	-1.189846	-1.557123
49.48	-6.388436	-5.869938	1.058379	-7	-0.7046626	-0.04541793	-24.20319	-8.853967	-3.472737
49.5	-6.068857	-6.143096	2.283952	-7	-1.214524	-0.7795957	-6.299067	-11.40359	-1.71859
49.52	-6.626591	-5.733358	-1.540295	-7	-0.2883743	0.6100121	-33.93612	-0.7623646	-3.192166
49.54	-7.154594	-7.235731	-3.739755	-7	-1.165049	-0.566627	0.677402	0.9780937	0.6954231
49.56	-7.496808	-7.099152	-5.231704	-7	-0.7973421	-0.5440442	14.68313	-2.640227	3.521067
49.58	-7.090103	-6.825994	-2.842557	-7	-0.2467702	-0.4219554	27.81926	6.260536	6.12675
49.6	-6.805938	-6.757704	-1.14761	-7	0.3427005	-0.2277231	28.04073	12.90176	4.642593
49.62	-7.797001	-7.850338	-5.454271	-7	0.6884387	0.08593525	26.0261	20.85595	3.496656
49.64	-6.213442	-6.484545	3.098311	-7	0.9674463	0.104155	40.90839	24.52007	8.830731
49.66	-5.898146	-6.143096	4.422586	-7	1.597857	0.6263442	10.68079	16.07733	0.3752108
49.68	-7.132775	-7.50889	-1.440099	-7	1.297003	0.8779778	-2.406773	24.68802	-1.561275
49.7	-8.50957	-7.50889	-8.045256	-7	2.245778	3.108425	-29.90154	0.6880169	4.288424
49.72	-6.205107	-6.143096	4.339989	-7	1.842927	2.309844	2.086078	-9.983738	11.84208
49.74	-6.032745	-6.484545	5.118191	-7	1.45665	1.117744	-8.999656	-2.899769	-0.9192982
49.76	-6.391549	-6.484545	2.978068	-7	1.229166	1.426295	-26.70949	13.26817	-2.624393
49.78	-8.537787	-7.782049	-7.750392	-7	1.39432	2.634066	-48.00569	-5.861601	-1.240511
49.8	-6.637009	-6.416255	2.435896	-7	0.7751778	1.745915	-5.588128	-13.51046	10.1452
49.82	-6.823088	-6.825994	1.333192	-7	0.6885896	0.8422948	-11.36866	-16.25855	-0.1193075
49.84	-6.696295	-6.757704	1.884178	-7	0.4321936	0.6293718	-7.644578	7.146032	0.7446728
49.86	-7.040212	-6.894283	-0.03371441	-7	0.4514719	0.7608746	-12.72597	-5.846334	-0.05459499
49.88	-7.117281	-6.825994	-0.5027677	-7	0.5366723	1.027982	-13.09715	1.313971	1.844276
49.9	-6.737111	-6.825994	1.509729	-7	0.2054756	0.379259	0.7108898	-3.266181	2.413619
49.92	-7.113385	-6.825994	-0.6419901	-7	0.5497941	0.801034	-11.02857	0.0162614	0.329236
49.94	-6.860275	-6.825994	0.7193268	-7	0.3888878	0.621303	-2.123626	1.222368	2.585181
49.96	-6.78721	-6.825994	1.045583	-7	0.3245549	0.3460664	0.3288791	-1.800533	1.236654
49.98	-7.028937	-6.825994	-0.3241447	-7	0.5668498	0.7468897	-7.528296	0.6574825	0.8669252
50	-6.716956	-6.825994	1.363339	-7	0.3179478	0.3684201	2.875257	-0.3806853	2.317288
50.02	-6.925953	-6.894283	0.2136267	-7	0.4162216	0.4113114	-1.515963	-1.006639	0.5714903
50.04	-6.99369	-6.825994	-0.1718102	-7	0.583514	0.7545069	-4.727157	0.1689328	1.758724
50.06	-6.655771	-6.825994	1.657798	-7	0.3236423	0.2705638	5.464797	-0.4570212	2.237556
50.08	-6.921945	-6.825994	0.1510662	-7	0.5500499	0.5514477	-4.025177	-0.7470976	0.3184099
50.1	-6.957031	-6.825994	-0.02072716	-7	0.625893	0.8156863	-5.42747	0.4284748	1.839673
50.12	-6.599	-6.825994	1.926122	-7	0.28956	0.2066314	6.098805	-0.4570212	2.063165
50.14	-6.99472	-6.825994	-0.2828686	-7	0.6054211	0.6601768	-7.057104	-1.037174	-0.01804447
50.16	-6.904284	-6.825994	0.2457329	-7	0.5638605	0.7617973	-3.855842	0.5811466	2.234679
50.18	-6.79486	-6.825994	0.846054	-7	0.4685318	0.5222638	-0.4271998	-0.9303035	1.737935
50.2	-6.795822	-6.825994	0.8180095	-7	0.4417762	0.4399664	-0.5383354	-1.266181	1.099778
50.22	-6.97998	-6.825994	-0.1904104	-7	0.6102995	0.7630904	-6.52751	1.726185	1.082603
50.24	-6.654805	-6.757704	1.540848	-7	0.3933514	0.4307233	1.72027	-0.9303035	2.143289
50.26	-6.900978	-6.825994	0.1742396	-7	0.5196897	0.5766524	-5.32369	-0.7165628	0.3006353
50.28	-6.849651	-6.825994	0.4693273	-7	0.4519482	0.579398	-2.528908	0.2452687	1.656613
50.3	-6.859004	-6.757704	0.3672249	-7	0.5320792	0.6726291	-4.83088	-1.006639	1.360539
50.32	-6.749202	-6.757704	0.9274711	-7	0.4471237	0.5406823	-2.404679	0.06206251	1.455858
50.34	-6.8014	-6.825994	0.6404839	-7	0.3827494	0.4274173	-2.040563	-0.5333571	0.8222198
50.36	-6.92896	-6.825994	-0.05229872	-7	0.4632716	0.6006941	-4.651995	-0.3501509	1.066465
50.38	-6.858509	-6.825994	0.3507899	-7	0.4171811	0.5342092	-1.407124	-0.1211432	1.807686
50.4	-6.878528	-6.825994	0.2459586	-7	0.4572014	0.5341007	-1.813202	-0.5028227	1.43509
50.42	-6.912582	-6.825994	0.0767796	-7	0.5260072	0.6371404	-3.034072	-0.1974791	1.573727
50.44	-6.815238	-6.757704	0.5783993	-7	0.5485609	0.6550648	-2.760042	-0.1211432	1.790341
50.46	-6.825515	-6.825994	0.5451294	-7	0.5039113	0.5685396	-2.48104	-0.3806853	1.267632
50.48	-6.808784	-6.757704	0.5973836	-7	0.5295644	0.6292294	-3.974047	-0.2890822	1.266879
50.5	-6.877741	-6.825994	0.2482983	-7	0.5163667	0.6490749	-4.796181	-0.1974791	1.167889
50.52	-6.890364	-6.825994	0.2054244	-7	0.5015761	0.6539807	-4.182489	-0.3196166	1.506492
50.54	-6.932673	-6.825994	-0.0009701252	-7	0.5452313	0.7195086	-5.059323	-0.2432806	1.562282
50.56	-6.773456	-6.757704	0.8334431	-7	0.48325	0.5938706	-2.226014	-0.1822119	1.80709
50.58	-6.855623	-6.825994	0.3914744	-7	0.4818092	0.565848	-3.879211	-0.3196166	0.9192648
50.6	-6.872209	-6.825994	0.3131171	-7	0.4661014	0.5879324	-3.521247	-0.3348837	1.334488
50.62	-6.955101	-6.894283	-0.07351217	-7	0.4649793	0.5915422	-3.143467	-0.2585478	1.413482
50.64	-6.864429	-6.825994	0.4229509	-7	0.4582989	0.5491772	-1.018838	-0.273815	1.861199
50.66	-6.869531	-6.825994	0.3900587	-7	0.4987184	0.5614592	-2.074104	-0.3043494	1.387167
50.68	-6.847941	-6.825994	0.5094358	-7	0.4947652	0.560039	-2.007121	-0.1516776	1.423766
50.7	-6.778193	-6.757704	0.8331584	-7	0.4990999	0.5628374	-2.683496	-0.3501509	1.288604
50.72	-6.803254	-6.757704	0.6479856	-7	0.5149232	0.6198094	-5.158288	-0.3196166	0.895318
50.74	-6.872884	-6.825994	0.2881602	-7	0.4732026	0.6265186	-5.488569	-0.2280135	1.004864
50.76	-6.819132	-6.757704	0.5403309	-7	0.4503403	0.6134984	-4.787786	-0.3196166	1.338527
50.78	-6.848082	-6.757704	0.3432478	-7	0.4711905	0.6496633	-6.285107	-0.273815	1.046
50.8	-6.984768	-6.894283	-0.3176947	-7	0.4442589	0.6517242	-5.792634	-0.2127463	1.211018
50.82	-6.926268	-6.825994	0.02130789	-7	0.4496051	0.6401286	-3.460632	-0.2890822	1.937568
50.84	-7.000105	-6.894283	-0.3111585	-7	0.4986909	0.6554337	-3.591976	-0.2890822	1.660801
50.86	-6.930773	-6.825994	0.08452511	-7	0.5549875	0.7050278	-2.962334	-0.1364104	2.089874
50.88	-6.888245	-6.825994	0.3329848	-7	0.5778314	0.687983	-3.138411	-0.2890822	1.748909
50.9	-6.866181	-6.825994	0.4664239	-7	0.5733579	0.6737226	-3.5901	-0.2585478	1.501966
50.92	-6.885038	-6.825994	0.3743161	-7	0.5801813	0.7079048	-4.923273	-0.2127463	1.338506
50.94	-6.8612	-6.825994	0.513281	-7	0.5351359	0.667816	-4.443985	-0.3043494	1.399886
50.96	-6.833483	-6.825994	0.65851	-7	0.4698298	0.5727182	-3.527025	-0.2890822	1.21685
50.98	-6.922922	-6.894283	0.2091393	-7	0.4364905	0.5429949	-3.637561	-0.3043494	1.014035
51	-6.909433	-6.825994	0.2645974	-7	0.4702877	0.6137628	-3.889469	-0.2890822	1.468287
51.02	-6.788966	-6.757704	0.8507327	-7	0.4511267	0.5561148	-3.023557	-0.3196166	1.426618
51.04	-6.799608	-6.757704	0.7227707	-7	0.4579791	0.5667084	-5.146045	-0.2890822	0.7732944
51.06	-6.824061	-6.757704	0.5355122	-7	0.4472754	0.6164076	-6.565722	-0.3501509	0.8160658
51.08	-6.753202	-6.757704	0.8684927	-7	0.3310902	0.4661838	-4.09974	-0.5791586	0.933733
51.1	-6.945113	-6.825994	-0.1811321	-7	0.3865559	0.5833534	-7.338826	-0.4112196	0.5075121
51.12	-6.941638	-6.825994	-0.1415679	-7	0.3753852	0.6126785	-5.102832	-0.1669452	1.583246
51.14	-6.853775	-6.825994	0.3428202	-7	0.3148844	0.4352551	-1.188968	-0.273815	1.608278
51.16	-6.962253	-6.825994	-0.2501482	-7	0.4485025	0.5905012	-4.477656	-0.6096929	1.150436
51.18	-6.956594	-6.825994	-0.1877221	-7	0.5113348	0.7023193	-4.465764	0.1383984	1.817895
51.2	-6.830518	-6.825994	0.5244253	-7	0.4394863	0.5267351	-0.8823873	-0.2890822	1.827124
51.22	-6.842711	-6.757704	0.4092985	-7	0.5337794	0.6291864	-4.476847	-0.5944258	1.107386
51.24	-6.922391	-6.825994	0.01019126	-7	0.5588065	0.7348082	-6.4619	-0.07534168	1.188969
51.26	-6.843445	-6.825994	0.4719418	-7	0.4608298	0.6027253	-3.368706	-0.1669452	1.587673
51.28	-6.883763	-6.825994	0.2582411	-7	0.4679322	0.590732	-4.392212	-0.4722883	1.09572
51.3	-6.924198	-6.825994	0.05139273	-7	0.4985766	0.6710272	-5.470562	-0.1669452	1.296725
51.32	-6.871702	-6.825994	0.3520542	-7	0.4519218	0.598093	-3.628988	-0.1364104	1.517538
51.34	-6.848599	-6.825994	0.4749584	-7	0.4170374	0.5132787	-2.839598	-0.3654181	1.206635
51.36	-6.874907	-6.825994	0.3234174	-7	0.425923	0.5307331	-3.61078	-0.2432806	1.057328
51.38	-6.819835	-6.757704	0.5662549	-7	0.4423875	0.5691164	-4.222844	-0.2127463	1.1966
51.4	-6.869905	-6.825994	0.2982467	-7	0.4165283	0.5469623	-4.673957	-0.3043494	0.9064255
51.42	-6.913879	-6.825994	0.06571901	-7	0.4295391	0.6000106	-5.176162	-0.3043494	1.148999
51.44	-6.928812	-6.825994	-0.002509475	-7	0.4491611	0.6372997	-5.120397	-0.2127463	1.395308
51.46	-6.872667	-6.825994	0.3134167	-7	0.409976	0.5489546	-3.08504	-0.273815	1.493242
51.48	-6.853401	-6.757704	0.3649778	-7	0.4725411	0.616498	-5.050362	-0.2432806	1.178738
51.5	-6.836239	-6.757704	0.4228183	-7	0.4760033	0.646276	-6.05047	-0.2890822	1.100506
51.52	-6.809343	-6.757704	0.5361191	-7	0.4296054	0.5988705	-5.89082	-0.2432806	0.9905024
51.54	-6.884463	-6.825994	0.1440096	-7	0.3840536	0.5596489	-5.893222	-0.2890822	0.8064966
51.56	-6.856855	-6.757704	0.2541145	-7	0.3920296	0.591961	-5.76983	-0.1974791	1.181306
51.58	-6.915979	-6.825994	-0.04782689	-7	0.382768	0.5764369	-5.608212	-0.2432806	1.056434
51.6	-6.869217	-6.757704	0.1731429	-7	0.4096242	0.6102789	-5.352228	-0.3348837	1.380431
51.62	-6.90809	-6.825994	-0.01276946	-7	0.4000674	0.5772356	-4.996385	-0.2890822	1.16352
51.64	-6.924391	-6.825994	-0.07732582	-7	0.4161076	0.5957985	-4.605777	-0.2890822	1.370646
51.66	-6.916193	-6.825994	-0.008887589	-7	0.4318359	0.5955006	-4.01249	-0.273815	1.475657
51.68	-6.932675	-6.825994	-0.07452583	-7	0.4775754	0.644361	-4.66178	-0.2890822	1.443682
51.7	-6.967632	-6.894283	-0.1827706	-7	0.4664827	0.6185695	-3.594018	-0.3043494	1.547003
51.72	-6.902645	-6.825994	0.1855448	-7	0.4911224	0.6206595	-2.998509	-0.2890822	1.714309
51.74	-6.915414	-6.825994	0.1295065	-7	0.5410399	0.6767272	-4.733376	-0.273815	1.365777
51.76	-6.809432	-6.757704	0.6697115	-7	0.5248609	0.6613488	-4.709803	-0.2432806	1.422802
51.78	-6.885643	-6.825994	0.2687916	-7	0.5070819	0.6622523	-6.649466	-0.2280135	0.8061075
51.8	-6.873752	-6.825994	0.3462102	-7	0.4388149	0.6146733	-5.503468	-0.2432806	1.154426
51.82	-6.933832	-6.825994	0.02152377	-7	0.4582071	0.6625472	-6.832545	-0.2890822	1.036784
51.84	-6.92467	-6.825994	0.08072644	-7	0.441842	0.6585245	-6.04038	-0.2585478	1.360597
51.86	-6.861562	-6.757704	0.3737239	-7	0.4556967	0.6605947	-6.276566	-0.2890822	1.306458
51.88	-6.930975	-6.825994	0.006624877	-7	0.4555945	0.6737348	-7.369261	-0.2280135	0.9758263
51.9	-6.857217	-6.757704	0.3667554	-7	0.4374106	0.6639189	-6.601615	-0.273815	1.335236
51.92	-6.972954	-6.894283	-0.1991033	-7	0.3931177	0.5973082	-6.216855	-0.273815	0.9348812
51.94	-7.006381	-6.894283	-0.3240134	-7	0.3950337	0.6074833	-4.674812	-0.2585478	1.530252
51.96	-6.876935	-6.757704	0.3220603	-7	0.4544336	0.6363681	-4.328753	-0.2127463	1.737808
51.98	-6.981035	-6.894283	-0.1849663	-7	0.465836	0.6301261	-5.375306	-0.3196166	1.093019
52	-6.83097	-6.757704	0.5805855	-7	0.4615715	0.6221957	-4.14144	-0.1974791	1.635288
52.02	-6.912971	-6.825994	0.1355283	-7	0.4853663	0.6499273	-6.661602	-0.2585478	0.8249559
52.04	-6.818066	-6.757704	0.6063774	-7	0.4397228	0.6220924	-5.715593	-0.2890822	1.2421
52.06	-6.890154	-6.825994	0.2149497	-7	0.4064149	0.5842147	-6.62675	-0.3196166	0.6966114
52.08	-6.931029	-6.825994	-0.003825128	-7	0.3995959	0.6215566	-6.714272	-0.2890822	1.04817
52.1	-6.916887	-6.825994	0.0765838	-7	0.376326	0.583819	-5.405278	-0.3043494	1.272019
52.12	-6.905757	-6.825994	0.1333152	-7	0.3671984	0.5409014	-4.583269	-0.1822119	1.202636
52.14	-6.929902	-6.825994	-0.001555085	-7	0.4002694	0.578746	-5.183304	-0.2585478	1.154577
52.16	-6.99873	-6.894283	-0.3157896	-7	0.4133942	0.6029936	-4.893069	-0.2432806	1.310931
52.18	-6.917371	-6.825994	0.1291599	-7	0.4289865	0.5938759	-3.491839	-0.2890822	1.693147
52.2	-6.899774	-6.825994	0.2219381	-7	0.452887	0.5842173	-4.067647	-0.1822119	1.275665
52.22	-6.865777	-6.825994	0.4044658	-7	0.4284755	0.5450071	-3.723445	-0.2432806	1.177431
52.24	-6.913017	-6.825994	0.1425775	-7	0.4613275	0.6139221	-5.700831	-0.2432806	0.9610472
52.26	-6.90642	-6.825994	0.1838162	-7	0.4479273	0.6292672	-5.632272	-0.2127463	1.206842
52.28	-6.885428	-6.825994	0.2973472	-7	0.4133762	0.5767411	-4.970655	-0.3196166	1.149039
52.3	-6.889011	-6.825994	0.2692407	-7	0.3956769	0.5511041	-4.99763	-0.273815	1.007978
52.32	-6.925044	-6.825994	0.06627554	-7	0.4160273	0.6013622	-6.011552	-0.2890822	1.01155
52.34	-6.927069	-6.825994	0.05640435	-7	0.4185024	0.6216804	-5.926107	-0.2432806	1.212515
52.36	-6.895086	-6.757704	0.1807344	-7	0.4704655	0.7004516	-7.404003	-0.2890822	1.226351
52.38	-6.931152	-6.825994	0.002265096	-7	0.448126	0.6850633	-7.562089	-0.3196166	1.077603
52.4	-6.937068	-6.825994	-0.01607543	-7	0.4297423	0.6710419	-7.00116	-0.3043494	1.24421
52.42	-6.919643	-6.825994	0.08549994	-7	0.4042041	0.6193946	-5.962512	-0.2585478	1.265615
52.44	-6.938017	-6.825994	-0.0133518	-7	0.4191555	0.6308715	-6.32059	-0.2585478	1.163318
52.46	-6.938577	-6.825994	-0.01106751	-7	0.4277627	0.6450832	-6.23783	-0.1669452	1.271682
52.48	-6.846145	-6.757704	0.440894	-7	0.4208918	0.6151294	-5.769909	-0.2585478	1.28072
52.5	-6.919761	-6.825994	0.0445357	-7	0.4183467	0.6184798	-7.145533	-0.2432806	0.7798653
52.52	-6.830489	-6.757704	0.482058	-7	0.3752889	0.5759981	-5.863092	-0.273815	1.156119
52.54	-6.956607	-6.825994	-0.1994063	-7	0.4093825	0.6429716	-8.325066	-0.2585478	0.6599226
52.56	-6.851852	-6.757704	0.3325189	-7	0.3651499	0.6023692	-6.181901	-0.273815	1.346942
52.58	-6.968254	-6.825994	-0.2899204	-7	0.404895	0.6516029	-8.264308	-0.6096929	0.7809153
52.6	-6.945609	-6.825994	-0.1430709	-7	0.3800933	0.6369073	-6.361577	-0.0600745	1.425635
52.62	-6.892694	-6.825994	0.1529196	-7	0.3367324	0.5144766	-4.090752	-0.3654181	1.310955
52.64	-6.933606	-6.825994	-0.07147503	-7	0.3823928	0.5546895	-5.259897	-0.2585478	1.021202
52.66	-6.826137	-6.757704	0.4652197	-7	0.3716381	0.5288089	-4.257607	-0.1364104	1.268947
52.68	-6.892752	-6.825994	0.1068046	-7	0.3682768	0.5165632	-5.44909	-0.3196166	0.6909313
52.7	-6.95154	-6.825994	-0.1995227	-7	0.4050664	0.6186492	-6.597562	-0.3348837	1.030619
52.72	-6.947592	-6.825994	-0.155372	-7	0.4155458	0.642518	-6.078961	-0.2585478	1.363694
52.74	-6.995298	-6.894283	-0.3413641	-7	0.4060145	0.6077584	-5.076128	-0.2280135	1.35052
52.76	-6.92086	-6.825994	0.07171148	-7	0.4207089	0.5918017	-3.906944	-0.3501509	1.599022
52.78	-6.895977	-6.825994	0.2086239	-7	0.4314345	0.5668892	-4.21424	-0.1974791	1.209266
52.8	-6.898548	-6.825994	0.1963634	-7	0.4385517	0.5850746	-5.051883	-0.2127463	1.059961
52.82	-6.919909	-6.825994	0.0852505	-7	0.4519446	0.6326947	-6.171827	-0.3348837	1.049745
52.84	-6.895412	-6.825994	0.2247043	-7	0.4169356	0.5974637	-5.542057	-0.2127463	1.14502
52.86	-6.892368	-6.825994	0.2374047	-7	0.3911275	0.5593565	-5.452364	-0.1822119	0.9772701
52.88	-6.924829	-6.825994	0.05541009	-7	0.4018955	0.5955487	-6.389922	-0.2890822	0.9340153
52.9	-6.906606	-6.825994	0.1528821	-7	0.3745436	0.5681276	-5.602281	-0.2432806	1.105343
52.92	-6.917243	-6.825994	0.08786929	-7	0.3741547	0.5628115	-5.793762	-0.2585478	0.9937925
52.94	-6.927011	-6.825994	0.03043127	-7	0.380394	0.5796883	-5.974075	-0.3348837	1.051452
52.96	-6.935802	-6.825994	-0.01817799	-7	0.3924873	0.6015289	-6.18813	-0.2890822	1.109698
52.98	-6.939643	-6.825994	-0.0363155	-7	0.4045046	0.6200272	-6.322452	-0.2585478	1.165068
53	-6.899542	-6.825994	0.1829453	-7	0.3708239	0.5553659	-5.056445	-0.2432806	1.191607
53.02	-6.906445	-6.825994	0.1372897	-7	0.3694891	0.538911	-5.322443	-0.2585478	0.9590101
53.04	-6.91092	-6.825994	0.106853	-7	0.3675429	0.5450984	-5.428561	-0.273815	0.9916506
53.06	-6.853789	-6.757704	0.3588296	-7	0.3840869	0.5710146	-6.046234	-0.3196166	1.013455
53.08	-6.822342	-6.757704	0.4763922	-7	0.3526084	0.5311528	-6.395434	-0.273815	0.71387
53.1	-6.944438	-6.825994	-0.1813568	-7	0.3618119	0.5960207	-8.337969	-0.2432806	0.5175505
53.12	-6.830595	-6.757704	0.3954751	-7	0.2933062	0.5136906	-5.570121	-0.2432806	1.170164
53.14	-7.031041	-6.894283	-0.6371563	-7	0.3293149	0.5621189	-7.59502	-0.3348837	0.5485716
53.16	-6.985429	-6.825994	-0.3705862	-7	0.3612419	0.6306585	-5.877158	-0.2890822	1.65084
53.18	-6.869397	-6.757704	0.2194915	-7	0.3848205	0.584206	-5.016425	-0.1822119	1.461038
53.2	-6.976032	-6.825994	-0.3410143	-7	0.4560417	0.6836562	-8.048652	-0.3348837	0.8612146
53.22	-6.93797	-6.825994	-0.09898674	-7	0.4272335	0.6723844	-6.513631	-0.09060928	1.444423
53.24	-6.881748	-6.825994	0.2221858	-7	0.3690378	0.5416268	-4.633305	-0.3654181	1.214555
53.26	-6.953812	-6.825994	-0.1658197	-7	0.4256646	0.6269612	-7.022882	-0.3654181	0.8710995
53.28	-6.941858	-6.825994	-0.08190018	-7	0.4224881	0.6537201	-6.636836	-0.1974791	1.26855
53.3	-6.878582	-6.825994	0.2705383	-7	0.3592872	0.5319152	-4.629183	-0.2585478	1.192216
53.32	-6.924698	-6.825994	0.01370233	-7	0.3853337	0.5632502	-6.176337	-0.2432806	0.8114996
53.34	-6.967314	-6.825994	-0.210362	-7	0.4266054	0.6656199	-7.53486	-0.1974791	1.059015
53.36	-6.931047	-6.825994	0.001342952	-7	0.4023291	0.6338074	-6.372	-0.1822119	1.299996
53.38	-6.935779	-6.825994	-0.01942241	-7	0.4063281	0.6227427	-6.638107	-0.3654181	1.087797
53.4	-6.951386	-6.825994	-0.09750652	-7	0.4219404	0.6561897	-7.240252	-0.2432806	1.104905
53.42	-6.934517	-6.825994	0.002629936	-7	0.4076835	0.6383531	-6.763827	-0.2280135	1.185981
53.44	-6.921315	-6.825994	0.07609361	-7	0.3887662	0.600961	-6.389407	-0.1822119	1.079567
53.46	-6.848418	-6.757704	0.4141142	-7	0.3809828	0.5819438	-6.530478	-0.2432806	0.9907007
53.48	-6.925269	-6.825994	-0.004629135	-7	0.368862	0.588287	-7.858311	-0.1822119	0.5885696
53.5	-6.848276	-6.757704	0.3616332	-7	0.3303157	0.5591146	-6.816947	-0.2585478	0.9788761
53.52	-6.950965	-6.825994	-0.1965374	-7	0.3389439	0.5845594	-8.361316	-0.3196166	0.5551672
53.54	-6.591023	-6.484545	1.496061	-7	0.3413868	0.5840719	-7.930435	-0.273815	1.111508
53.56	-6.967872	-6.825994	-0.5268059	-7	0.3375366	0.643617	-14.02945	-0.2890822	-0.7981634
53.58	-6.916429	-6.757704	-0.2489054	-7	0.2430362	0.6422774	-9.96839	-0.1822119	1.178239
53.6	-7.132483	-6.825994	-1.379427	-7	0.3793343	0.8271025	-13.17577	-1.082975	0.9106693
53.62	-7.082471	-6.825994	-1.03117	-7	0.4009363	0.8480945	-9.558002	-2.594425	2.18433
53.64	-6.884766	-6.757704	0.0414024	-7	0.3655813	0.6383645	-5.275991	-0.1669452	1.982429
53.66	-6.82045	-6.757704	0.3604173	-7	0.3445959	0.5002542	-5.003049	0.2452687	0.9289083
53.68	-7.024638	-6.894283	-0.6693388	-7	0.3830166	0.5987927	-7.644453	0.07733012	0.5555506
53.7	-6.890472	-6.757704	0.04251444	-7	0.3924788	0.6389324	-5.856645	-0.5180899	1.64457
53.72	-6.818819	-6.757704	0.4018068	-7	0.3588775	0.5246949	-5.426011	-0.5333571	0.938446
53.74	-6.970395	-6.825994	-0.3977151	-7	0.4133226	0.6485239	-8.89731	-0.2127463	0.5137177
53.76	-6.923878	-6.825994	-0.1057461	-7	0.3504548	0.6000577	-6.252228	-0.273815	1.323236
53.78	-6.952423	-6.825994	-0.2415714	-7	0.3715269	0.5977325	-6.665792	-0.2432806	1.041353
53.8	-6.913145	-6.825994	-0.00902465	-7	0.3428177	0.5418452	-5.160191	-0.273815	1.200979
53.82	-6.945464	-6.825994	-0.1745662	-7	0.3789605	0.5793763	-6.244805	-0.2890822	0.9739695
53.84	-6.974501	-6.894283	-0.2633657	-7	0.3430707	0.5305943	-4.736688	-0.3196166	1.155772
53.86	-6.854578	-6.757704	0.3343261	-7	0.3744409	0.540723	-4.604092	-0.2585478	1.286379
53.88	-6.939825	-6.825994	-0.122021	-7	0.4155654	0.6070928	-7.344344	-0.2280135	0.6571789
53.9	-6.902693	-6.825994	0.09726524	-7	0.3630137	0.5691817	-5.907299	-0.2890822	1.100682
53.92	-7.008261	-6.894283	-0.4173777	-7	0.3705638	0.5847591	-6.670197	-0.3043494	0.8594532
53.94	-6.981704	-6.894283	-0.215808	-7	0.3366897	0.5333682	-4.189832	-0.3501509	1.416379
53.96	-6.934675	-6.825994	0.02651191	-7	0.3849299	0.5521302	-4.580726	-0.2585478	1.265327
53.98	-6.890569	-6.825994	0.2566913	-7	0.3771545	0.5205594	-4.548748	-0.2890822	1.03585
54	-6.877182	-6.825994	0.3151156	-7	0.3549565	0.4913447	-4.928185	-0.2432806	0.7738314
54.02	-6.838186	-6.757704	0.4578618	-7	0.3649143	0.53304	-6.490475	-0.3043494	0.6654367
54.04	-6.8915	-6.825994	0.1618979	-7	0.3169268	0.5084597	-7.066408	-0.273815	0.4406786
54.06	-6.909311	-6.825994	0.05646327	-7	0.2769966	0.488814	-6.490248	-0.2890822	0.6829262
54.08	-6.951035	-6.825994	-0.1801158	-7	0.2934475	0.5262557	-6.966617	-0.2432806	0.7669115
54.1	-6.933317	-6.825994	-0.08703667	-7	0.2815523	0.5043892	-5.811811	-0.273815	1.017795
54.12	-7.021128	-6.894283	-0.5145755	-7	0.304783	0.5240542	-5.910103	-0.2432806	0.9399643
54.14	-6.871595	-6.757704	0.2415345	-7	0.3315184	0.5302578	-4.638997	-0.2890822	1.439139
54.16	-6.922588	-6.825994	-0.03718871	-7	0.3535871	0.529612	-6.27338	-0.273815	0.6722593
54.18	-6.827051	-6.757704	0.4323337	-7	0.3228789	0.5018755	-5.51949	-0.2432806	0.9377222
54.2	-6.908377	-6.825994	-0.009577066	-7	0.310486	0.4964141	-6.928123	-0.2585478	0.4017754
54.22	-6.931059	-6.825994	-0.1265077	-7	0.295165	0.5190724	-6.582221	-0.3043494	0.8138142
54.24	-6.944705	-6.825994	-0.1952649	-7	0.3018085	0.5277141	-6.336227	-0.273815	0.9345551
54.26	-6.970991	-6.825994	-0.3287837	-7	0.341891	0.5832716	-6.894184	-0.2890822	1.023605
54.28	-7.023381	-6.894283	-0.5427389	-7	0.3454994	0.5834954	-6.073824	-0.2432806	1.193316
54.3	-6.942142	-6.825994	-0.09245646	-7	0.3623678	0.5671553	-4.740965	-0.2432806	1.479901
54.32	-6.923823	-6.825994	0.009451032	-7	0.3855317	0.5576151	-5.347231	-0.2432806	1.05873
