0	-0.74323	-0.6799221	-3.492022	0	-0.01856453	0.04807058	0.9421119	0.06763338	0
0.02	0.2478475	0.2761335	1.645573	0	0.08547453	0.01102185	12.17615	0.06763338	4.021334
0.04	-0.5779206	-0.6799221	-2.361793	0	0.1365204	-0.1451316	5.413958	0.9683965	-1.165546
0.06	-0.6354378	-0.6799221	-2.188822	0	0.1331994	-0.0491001	15.74734	8.785191	3.202626
0.08	-0.9683498	-0.7482109	-3.508524	0	0.623379	0.4571603	11.61172	7.044733	3.550728
0.1	-0.2144174	-0.6799221	1.005982	0	0.316476	-0.3663775	34.53086	-4.314046	5.573314
0.12	0.2146214	0.3444233	2.803917	0	1.239467	0.6617163	5.432241	3.884427	1.268857
0.14	0.8301985	0.3444233	5.79179	0	0.9026979	0.4346886	-0.8546658	7.609618	-0.8689039
0.16	-0.7605295	-0.7482109	-2.354137	0	0.8222836	0.9784521	-25.05348	6.754655	-4.833489
0.18	-0.5100151	-0.6799221	-0.5307478	0	0.09820636	0.4174908	1.84388	0.2966411	3.318324
0.2	0.3243559	0.3444233	3.430198	0	0.2541043	0.207372	1.491267	-7.718626	1.650197
0.22	0.7984443	0.4127131	5.39689	0	-0.04574469	-0.3406361	-1.980629	-15.23007	-2.708913
0.24	-0.1926111	0.2761335	-0.4116619	0	0.4680679	0.9971836	-37.61308	5.869159	-5.521339
0.26	0.4168718	0.2761335	2.672881	0	-0.3846274	0.2342676	-14.92072	-4.115572	-0.003849693
0.28	0.007128328	0.2761335	0.0752939	0	-0.3543048	0.2146895	-24.4113	-11.94763	-3.594942
0.3	0.650898	0.3444233	3.195937	0	-1.127419	-0.8993236	-0.1447392	-16.45145	-1.192487
0.32	-0.1463524	0.2761335	-1.537427	0	-0.6551446	-0.2407396	-20.11785	-4.924733	-4.747877
0.34	0.3441899	0.2761335	0.9058979	0	-1.109897	-0.7983066	1.961599	-7.703359	0.0862246
0.36	-0.1201058	0.2761335	-1.891137	0	-0.6338757	-0.3277553	-9.889924	-3.794962	-2.403408
0.38	-0.6222993	-0.6799221	-3.998503	0	-1.005607	-0.8754364	11.60211	-5.672824	0.6483078
0.4	0.1480571	0.5492926	-0.2594404	0	-0.2789194	-0.2685624	11.60428	0.5256488	3.499005
0.42	-0.03766254	-0.3384733	-0.9213887	0	-0.4377881	-0.9137933	19.60147	2.846259	0.04848764
0.44	0.1059634	-0.2701836	0.07325077	0	-0.499575	-1.214309	29.33136	5.808091	0.9890642
0.46	-0.3304694	-0.2701836	-2.10336	0	0.1055157	-0.4220619	15.83905	14.43404	0.2404455
0.48	0.4286543	-0.2701836	2.271305	0	-0.3665416	-1.299569	39.49811	2.998931	2.875521
0.5	0.1788822	0.002975464	0.79805	0	0.2289129	-0.6605378	18.069	4.78519	-1.510626
0.52	0.3557243	0.002975464	1.7831	0	0.2058141	-0.4314769	15.62559	7.304274	-0.04180222
0.54	-0.537773	-0.06531429	-2.942351	0	1.010945	1.128928	-16.60628	-0.7873282	-1.220575
0.56	0.3202311	0.002975464	1.934763	0	0.3433794	0.3521138	7.554301	1.838626	3.752691
0.58	0.2589984	-0.06531429	1.634246	0	0.1382892	-0.2418902	5.116264	-4.665191	-1.377548
0.6	0.1356231	-0.06531429	0.9668036	0	0.01841412	-0.2168526	2.385072	6.205038	-1.347906
0.62	-0.5784441	-0.06531429	-2.859919	0	0.6129491	1.011391	-19.50606	-0.6346568	-0.8455493
0.64	-0.1986638	0.002975464	-0.658394	0	0.4521857	0.950157	-8.692225	-2.039237	3.247865
0.66	-0.05774905	0.002975464	0.1473839	0	0.3551571	0.5642993	-6.241914	-6.710992	1.104942
0.68	0.04591206	0.002975464	0.7042897	0	0.1950648	0.2854517	-4.036462	4.205038	0.2257518
0.7	0.01158003	0.002975464	0.475552	0	0.1147579	0.2009264	-5.228762	3.579083	-0.4786678
0.72	-0.1141962	0.002975464	-0.2448558	0	0.1452782	0.3551863	-8.598776	0.6477862	-0.3706889
0.74	0.04744429	0.002975464	0.6043004	0	-0.06484067	0.06373061	-2.159826	-0.4972518	0.3221282
0.76	-0.0799274	0.002975464	-0.155334	0	-0.01158375	0.1113807	-5.317213	-0.1613739	-0.6196948
0.78	0.01132904	0.07126522	0.2484859	0	-0.03757033	0.1128138	-3.773908	0.327175	0.1347519
0.8	0.09761333	0.07126522	0.6197779	0	-0.1283955	-0.07190442	-1.58328	-0.08503798	-0.3126759
0.82	-0.04399518	0.002975464	-0.1954979	0	-0.108296	-0.02539211	-3.595089	-0.1766415	-0.7770761
0.84	-0.08215623	0.002975464	-0.422203	0	-0.08689513	0.05145273	-2.821766	0.205038	0.04712399
0.86	0.07057092	0.07126522	0.3368951	0	-0.1321155	-0.08529129	0.7938247	-0.3751148	0.3375887
0.88	-0.1490286	-0.06531429	-0.821075	0	-0.03630956	0.02570998	-2.36649	0.1745041	-0.4413221
0.9	-0.06190265	0.002975464	-0.3371781	0	-0.01217965	0.07222319	0.3380779	0.3424426	0.829316
0.92	0.06296466	0.002975464	0.3364168	0	-0.06889424	-0.1323922	3.769977	0.006564665	0.4258363
0.94	-0.07675122	0.002975464	-0.4357437	0	0.09180698	0.08941329	-1.557019	-0.05450405	-0.2549187
0.96	-0.001641358	0.002975464	-0.002215182	0	0.06641839	0.09250547	0.3830031	0.205038	0.5740776
0.98	0.07302648	0.002975464	0.406919	0	-0.0006901547	-0.06662937	2.30635	-0.008702087	0.1504503
1	-0.004641119	0.002975464	-0.02458797	0	0.05344965	0.02185148	-0.5397306	-0.1613739	-0.3019982
1.02	-0.003987988	0.002975464	-0.01202246	0	0.05058288	0.06659162	-0.5460618	0.0523662	0.125648
1.04	0.00118275	-0.06531429	0.07073376	0	-0.03989847	-0.08310308	2.204904	-0.1003056	0.1121147
1.06	-0.01666746	0.002975464	-0.04516945	0	0.02706622	0.0004101433	0.5994883	-0.222443	0.03733549
1.08	0.03726942	0.07126522	0.1936266	0	0.08583531	0.09949267	-0.9524755	0.1745041	0.1745269
1.1	0.07977396	0.002975464	0.4304991	0	-0.01598331	-0.05675648	1.009714	0.0523662	-0.09453243
1.12	0.02161752	0.002975464	0.1012104	0	-0.01635851	-0.04328905	-0.2610993	-0.1308399	-0.3949378
1.14	-0.03937621	0.002975464	-0.2311395	0	0.02375126	0.06619422	-1.637324	0.03709902	-0.08586118
1.16	0.001576319	0.002975464	-0.0001725559	0	-0.007065082	0.02212819	0.113323	0.08290056	0.2725343
1.18	0.05897108	0.002975464	0.3041939	0	-0.06482283	-0.113601	2.177171	0.06763338	0.05047593
1.2	-0.05133913	0.002975464	-0.3076396	0	0.03651866	0.04426979	-1.365214	-0.1155728	-0.2770911
1.22	0.02220034	0.002975464	0.1038908	0	-0.01114832	-0.006034303	1.132759	0.2203052	0.3736963
1.24	0.03306666	0.002975464	0.1565513	0	-0.02105856	-0.06656834	1.396876	-0.03923687	-0.0367611
1.26	0.02471442	0.002975464	0.1037257	0	-0.01695944	-0.05971933	1.095744	-0.08503798	-0.09907555
1.28	-0.008621406	0.002975464	-0.0791631	0	0.01688342	0.00676699	0.004448503	0.06763338	-0.05097632
1.3	0.02459838	0.002975464	0.1062775	0	-0.006498208	-0.02609001	1.089648	-0.03923687	0.1466961
1.32	-0.001547902	0.002975464	-0.03663503	0	0.01968792	0.003861919	0.1573309	-0.02396969	-0.04230829
1.34	-0.03947898	0.002975464	-0.2327471	0	0.06826428	0.09965563	-1.17778	0.0523662	0.1092344
1.36	0.1157209	0.07126522	0.5694746	0	0.006020922	-0.01348262	1.251001	0.006564665	0.3340473
1.38	0.03414029	0.002975464	0.1222293	0	-0.004582919	-0.04368203	-0.4634148	-0.03923687	-0.5402589
1.4	-0.00430284	0.002975464	-0.08186595	0	-0.007369013	0.01061552	-0.7594608	0.03709902	-0.1259466
1.42	0.01997899	0.002975464	0.0545414	0	-0.04167101	-0.04210564	0.7279358	-0.1919082	0.08453927
1.44	-0.005842845	0.002975464	-0.0884309	0	-0.01862567	-0.02460692	0.2564243	0.2355724	-0.04945965
1.46	0.05345007	0.002975464	0.2328393	0	-0.0685384	-0.1172147	2.423935	-0.1308399	0.1136572
1.48	0.006842822	0.002975464	-0.03166772	0	-0.02564166	-0.07241943	0.9559429	0.006564665	-0.2179449
1.5	0.01247464	0.002975464	0.001247607	0	-0.01790862	-0.045358	1.185333	0.02183184	0.06140347
1.52	0.02022183	0.002975464	0.04563786	0	-0.01392626	-0.05173099	1.371493	-0.03923687	0.04189017
1.54	-0.0158722	0.002975464	-0.1451798	0	0.03255002	0.02187983	0.04438686	0.006564665	0.004226938
1.56	0.003587691	0.002975464	-0.02464866	0	0.03205929	0.02786274	0.506445	0.03709902	0.2188162
1.58	0.04877127	0.002975464	0.227505	0	-0.007653117	-0.05619194	1.78468	0.03709902	0.1080264
1.6	0.00113324	0.002975464	-0.033016	0	0.02907807	-0.000360759	0.07163577	0.205038	-0.1645115
1.62	0.1111043	0.07126522	0.5162093	0	-0.004093539	-0.04059621	1.123488	0.006564665	0.09943897
1.64	0.01043528	0.002975464	-0.02967526	0	0.007679606	-0.0101725	-1.096603	-0.008702087	-0.5177859
1.66	0.01337624	0.002975464	-0.002395965	0	-0.02702239	-0.01406173	-0.002970099	-0.02396969	0.01309917
1.68	0.0004692429	0.002975464	-0.06894051	0	-0.02576406	-0.02344865	0.2048627	-0.1613739	-0.01336082
1.7	-0.04436255	0.002975464	-0.3041948	0	0.02806148	0.06206134	-0.9567986	0.09816774	0.06834091
1.72	0.07289936	0.07126522	0.2955102	0	0.01535952	0.02569364	0.3914971	0.1287021	0.3465456
1.74	0.0348933	0.002975464	0.09700674	0	-0.01367889	-0.04164822	0.0905968	-0.02396969	-0.2886471
1.76	-0.03143264	0.002975464	-0.2532669	0	0.02314321	0.05216382	-1.315489	0.1592365	-0.1124876
1.78	0.03591947	0.002975464	0.1278366	0	-0.03964525	-0.04559844	1.404599	0.1439693	0.264515
1.8	-0.004158284	0.002975464	-0.09151684	0	-0.005332573	-0.02469837	0.2793153	-0.05450405	-0.12093
1.82	-0.009479041	0.002975464	-0.1112415	0	0.01258423	0.01566887	0.1899514	-0.02396969	0.1155696
1.84	0.01515509	0.002975464	0.0320538	0	0.002484325	-0.01352932	0.9356863	0.09816774	0.1565922
1.86	0.01247186	0.002975464	0.0216158	0	0.01012631	-0.01568556	0.7099806	0.006564665	0.01803833
1.88	-8.588424e-05	0.002975464	-0.04029907	0	0.02687196	0.01576904	0.1717238	-0.008702087	0.03097335
1.9	0.008831718	0.002975464	0.01697393	0	0.02353414	0.01450617	0.3495464	0.1439693	0.1002358
1.92	0.02594221	0.002975464	0.1144121	0	0.005453255	-0.0201984	0.8122668	0.0523662	0.04329047
1.94	0.0116065	0.002975464	0.03659004	0	0.01195365	-0.009080805	0.2914836	-0.02396969	-0.06554395
1.96	0.002111906	0.002975464	-0.01162761	0	0.01839881	0.01407219	-0.01469679	-0.02396969	0.008057266
1.98	-0.08351827	-0.06531429	-0.4161683	0	0.02883494	0.04544313	-0.2878426	0.06763338	0.05813666
2	-0.02158089	0.002975464	-0.07331166	0	0.05154915	0.06898855	0.5909656	-0.008702087	0.5236157
2.02	0.07574611	0.07126522	0.4032349	0	0.06880385	0.05012462	0.1948059	-0.008702087	0.2079724
2.04	0.01668523	0.002975464	0.0872948	0	0.05735995	0.05028562	-1.358478	0.03709902	-0.3252637
2.06	0.03369151	0.002975464	0.1849846	0	-0.002700994	0.0007055346	-0.2093818	0.006564665	-0.04512936
2.08	0.06476063	0.002975464	0.3422665	0	-0.07324743	-0.1166381	1.399256	-0.02396969	-0.1758832
2.1	0.0121833	0.002975464	0.03523211	0	-0.0556738	-0.08433997	0.2385165	-0.1003056	-0.3742164
2.12	-0.05090395	0.002975464	-0.3120066	0	0.006604657	0.04733327	-1.368472	0.08290056	-0.06912255
2.14	-0.01625982	0.002975464	-0.1131786	0	7.023849e-05	0.03711027	-0.03117818	-0.008702087	0.3204127
2.16	0.01086308	0.002975464	0.03649257	0	-0.009015834	-0.01721688	0.7849208	0.08290056	0.1466112
2.18	-0.07870474	0.002975464	-0.4442452	0	0.09427357	0.1471441	-2.363292	-0.06977123	0.002171014
2.2	-0.07296095	-0.06531429	-0.3327408	0	0.04738253	0.09334315	0.1361414	0.1439693	0.533431
2.22	0.1008821	0.07126522	0.5575489	0	0.02948595	-0.00633252	1.867385	0.006564665	0.477084
2.24	-0.0135613	0.002975464	-0.0692541	0	0.08412606	0.0717892	-1.921388	0.08290056	-0.4731411
2.26	-0.03575957	-0.06531429	-0.1236869	0	0.005842581	0.0196605	0.2244709	0.06763338	0.1374894
2.28	0.05949085	0.07126522	0.3309402	0	0.03396608	0.03497959	-0.007335365	-0.1766415	0.2097798
2.3	0.1175393	0.07126522	0.5860218	0	-0.007312465	-0.0403261	-0.1449182	0.09816774	-0.2858797
2.32	0.02420251	0.002975464	0.0719487	0	-0.03502686	-0.03764621	-1.486574	-0.02396969	-0.6366429
2.34	-0.007782777	0.002975464	-0.1024908	0	-0.05434998	-0.01405429	-1.018801	-0.02396969	-0.1562479
2.36	-0.03477477	0.002975464	-0.2484153	0	-0.03497521	0.01481153	-0.9050895	-0.1766415	0.02814323
2.38	-0.04848929	0.002975464	-0.3150548	0	0.001719065	0.05763377	-0.8792619	0.1287021	0.2122996
2.4	-0.02275197	0.002975464	-0.1625851	0	0.01157514	0.04421929	0.01345396	0.06763338	0.3289022
2.42	-0.01683887	0.002975464	-0.1205989	0	0.03292783	0.04587379	-0.02075881	-0.03923687	0.2089361
2.44	-0.01739082	0.002975464	-0.1115882	0	0.05433906	0.06924696	-0.356058	-0.008702087	0.1889874
2.46	0.01268894	0.002975464	0.06346583	0	0.03697076	0.0337547	0.3268948	-0.008702087	0.1956455
2.48	-0.004378026	0.002975464	-0.02389312	0	0.05154118	0.05236198	-0.4824921	0.09816774	0.01370382
2.5	-0.005481537	0.002975464	-0.0210156	0	0.05140626	0.06752695	-0.6538304	-0.008702087	0.09906652
2.52	0.02152336	0.002975464	0.1307998	0	0.01901511	0.01617171	0.1696184	-0.02396969	0.09345305
2.54	0.09964692	0.07126522	0.4957805	0	0.001045031	-0.02476497	0.2091305	0.0523662	-0.07716405
2.56	0.0284509	0.002975464	0.1036206	0	-0.02381641	-0.03891196	-0.8864987	0.006564665	-0.5156276
2.58	-0.01591383	0.002975464	-0.1368961	0	-0.02225691	0.01340035	-1.210003	0.0523662	-0.1558741
2.6	-0.01629688	0.002975464	-0.1345131	0	-0.02627488	0.01125847	-0.4544068	-0.008702087	0.09673012
2.62	-0.01727883	0.002975464	-0.1367733	0	-0.01402523	0.009242904	-0.1155356	-0.06977123	0.1171998
2.64	-0.01980319	0.002975464	-0.1452027	0	0.007792192	0.02632041	-0.1151785	0.08290056	0.145626
2.66	-0.05101253	-0.06531429	-0.2548832	0	-0.01880697	-0.02984248	1.32806	0.02183184	0.1805009
2.68	-0.01000332	0.002975464	-0.03632814	0	0.02310518	0.001967365	1.40994	0.006564665	0.342451
2.7	-0.06785399	-0.06531429	-0.2960527	0	0.04620639	0.02065845	0.977591	-0.02396969	0.15132
2.72	-0.02607688	0.002975464	-0.06588162	0	0.09964969	0.09783097	0.4556212	-0.02396969	0.4650653
2.74	0.08340129	0.07126522	0.4806544	0	0.1067003	0.08440385	0.04314288	0.02183184	0.2566904
2.76	0.04435757	0.002975464	0.2720029	0	0.06316295	0.03759594	-1.043565	0.006564665	-0.3627051
2.78	0.04307084	0.002975464	0.2627535	0	-0.0002371892	-0.007274685	-0.491559	-0.02396969	-0.2189891
2.8	0.03498228	0.002975464	0.2053163	0	-0.04393644	-0.05548025	-0.04535097	0.03709902	-0.2601434
2.82	0.1362809	0.139555	0.6310784	0	-0.02358619	-0.01871939	-1.132533	0.02183184	-0.235355
2.84	0.002455048	0.002975464	-0.09661013	0	-0.04909199	-0.01277104	-2.783098	0.0523662	-0.7611063
2.86	0.003121997	0.002975464	-0.08742521	0	-0.1069224	-0.05299672	-0.5469403	0.0523662	-0.05383258
2.88	-0.01994709	0.002975464	-0.217431	0	-0.09511649	-0.06659885	0.07401186	0.02183184	-0.0488315
2.9	0.009544518	0.07126522	-0.1076956	0	-0.02033695	0.02391565	-0.8313503	0.006564665	0.124453
2.92	-0.100281	-0.06531429	-0.6283591	0	-0.01122542	0.03418911	-0.6941017	0.006564665	0.03623642
2.94	-0.09177586	-0.06531429	-0.5082502	0	-0.005715244	0.01897561	1.648106	0.0523662	0.6460096
2.96	-0.01254551	0.002975464	-0.07070152	0	0.04507652	0.01459727	2.337598	-0.008702087	0.6290389
2.98	0.03795669	0.07126522	0.1603035	0	0.1367948	0.114781	-0.2779232	0.2813739	0.2340516
3	0.08867355	0.002975464	0.4569188	0	0.03809559	-0.02409482	1.278283	0.1592365	-0.02317927
3.02	0.02850795	0.002975464	0.129503	0	0.03511834	-0.002280093	-0.4930406	-0.1766415	-0.3935513
3.04	-0.004808868	0.002975464	-0.04456554	0	0.03315771	0.05215887	-1.154356	0.03709902	-0.1016199
3.06	0.03597812	0.002975464	0.1816027	0	-0.02537577	-0.03058404	0.5988786	0.006564665	0.06580221
3.08	-0.002730954	0.002975464	-0.03628594	0	-0.007563418	-0.01110577	-0.3648103	-0.1308399	-0.1829694
3.1	-0.02023549	0.002975464	-0.1294735	0	0.01004042	0.03588257	-0.6847563	0.0523662	0.03765596
3.12	0.06501662	0.07126522	0.2844344	0	0.01193659	0.02677345	-0.3288429	0.1592365	0.1481876
3.14	0.01024617	0.002975464	-0.008098682	0	-0.004245289	0.002303676	-1.041035	-0.05450405	-0.3069028
3.16	-0.02524449	0.002975464	-0.1921501	0	0.004171757	0.04843296	-1.324712	-0.02396969	-0.02893674
3.18	-0.04947279	0.002975464	-0.3096684	0	0.03352649	0.09978152	-1.611475	0.1287021	0.1742674
3.2	0.01013614	0.002975464	0.02847705	0	-0.006377342	0.01368091	0.5247381	-0.008702087	0.3301484
3.22	-0.03215004	0.002975464	-0.1982941	0	0.04157951	0.06086222	-0.9328994	-0.02396969	-0.003241893
3.24	-0.0011384	0.002975464	-0.01716452	0	0.02755572	0.04560886	-0.01346333	0.02183184	0.2473503
3.26	0.05575182	0.002975464	0.2921216	0	-0.02929633	-0.07320494	1.728573	0.02183184	0.07108909
3.28	0.04672453	0.002975464	0.2281739	0	-0.04220074	-0.1071437	1.421096	-0.05450405	-0.2687228
3.3	-0.06902616	0.002975464	-0.4046561	0	0.06295962	0.09899787	-2.290787	0.06763338	-0.2302338
3.32	0.0164871	0.002975464	0.07923998	0	0.003090702	0.02948151	0.592558	-0.02396969	0.4454254
3.34	-0.02849643	0.002975464	-0.1638111	0	0.04875842	0.06462631	-1.03347	-0.02396969	-0.0408527
3.36	0.0219944	0.002975464	0.119826	0	0.008129979	0.009641016	0.5400454	0.03709902	0.2186649
3.38	0.008765262	0.002975464	0.0447819	0	0.01285982	-0.0003637117	0.01001939	0.1287021	-0.0772684
3.4	0.01179793	0.002975464	0.06035776	0	0.00380074	-0.00285947	0.1209238	-0.03923687	-0.009911597
3.42	-0.0009524771	0.002975464	-0.0105618	0	0.01061575	0.0126425	-0.2563842	0.006564665	-0.03346944
3.44	0.1644064	0.139555	0.7777501	0	-0.003554695	-0.0221414	0.1457203	-0.008702087	0.03759605
3.46	0.05617163	0.07126522	0.1387075	0	0.02044232	0.04489773	-3.716852	0.006564665	-0.8644133
3.48	0.173867	0.139555	0.6904217	0	-0.07717653	-0.0307453	-1.88492	-0.03923687	-0.2942951
3.5	-0.09645259	-0.06531429	-0.7120653	0	-0.09702693	-0.01706496	-3.835077	-0.1613739	-0.9728714
3.52	-0.03767188	0.002975464	-0.3720618	0	-0.1326729	-0.03611246	0.2176954	-0.1461071	0.4898764
3.54	0.005228192	0.07126522	-0.1855548	0	-0.0514459	-0.00941842	-0.1214287	-0.1766415	0.2267324
3.56	0.01675005	0.002975464	-0.102496	0	-0.07295968	-0.08499864	1.415343	-0.5125194	0.08244185
3.58	-0.07374723	0.002975464	-0.5741228	0	0.03387011	0.06783172	-1.081428	-0.05450405	0.02731473
3.6	0.02537595	0.002975464	0.0008526444	0	-0.01440998	-0.0224958	2.200936	-0.06977123	0.5789667
3.62	0.0834446	0.002975464	0.3240064	0	-0.05973613	-0.1700711	3.80039	-0.5430534	0.02519458
3.64	0.004460088	0.002975464	-0.1053638	0	0.01139012	-0.05880407	0.9429291	0.1134349	-0.320541
3.66	-0.05473746	-0.06531429	-0.3532232	0	0.007723	-0.02021871	1.402083	0.06763338	0.1253832
3.68	-0.01097906	0.002975464	-0.1015154	0	0.05052473	0.02700665	1.503867	-0.6957251	0.4338865
3.7	0.06911264	0.002975464	0.3429447	0	0.009095646	-0.07785407	2.988893	0.1134349	0.2148995
3.72	0.07774283	0.002975464	0.3820959	0	-0.01255842	-0.1273344	2.532593	-0.1461071	-0.2610199
3.74	0.04458679	0.002975464	0.1934654	0	-0.007951401	-0.08525109	1.190553	-0.1003056	-0.3471907
3.76	0.1169639	0.07126522	0.5285989	0	-0.02571057	-0.0847953	1.084194	0.1287021	-0.1869283
3.78	0.0274359	0.002975464	0.04014604	0	-0.03348017	-0.0643309	-0.5832369	-0.02396969	-0.5977766
3.8	-0.01432106	0.002975464	-0.1787891	0	-0.02880322	-0.001608077	-0.827828	0.0523662	-0.1332454
3.82	0.01928504	0.002975464	0.01183728	0	-0.06453414	-0.064842	1.005692	-0.5735877	0.1044496
3.84	-0.09121057	-0.06531429	-0.5335113	0	-0.02710392	-0.0237731	0.2545423	0.06763338	-0.07708473
3.86	0.04627712	0.002975464	0.2156456	0	-0.06803656	-0.1198787	3.807763	0.03709902	0.5521212
3.88	-0.01485632	0.002975464	-0.1286718	0	0.02640883	-0.03046788	0.7849228	-0.02396969	-0.1867645
3.9	0.007631117	0.002975464	0.004883923	0	0.0366074	0.01453893	0.8191234	0.1592365	0.1825506
3.92	0.06456856	0.002975464	0.3188211	0	-0.01371466	-0.08104573	2.169167	0.006564665	0.05336102
3.94	0.01456396	0.002975464	0.04085629	0	0.0162182	-0.03021549	0.2413647	-0.1155728	-0.2963749
3.96	0.004610941	0.002975464	-0.007578025	0	0.0186893	0.01342279	-0.1236428	0.0523662	-0.02996382
3.98	0.0335555	0.002975464	0.1531395	0	-0.01703029	-0.04003271	0.8523585	-0.1613739	0.0148995
4	-0.02558981	0.002975464	-0.1694323	0	0.03012301	0.03996263	-1.061903	0.006564665	-0.1648455
4.02	0.05077144	0.07126522	0.2035789	0	0.03961369	0.07304361	-1.06146	0.1439693	0.1719135
4.04	0.04361234	0.002975464	0.1739137	0	-0.02701483	-0.03514697	-0.2264955	-0.008702087	-0.239434
4.06	-0.0002365946	0.002975464	-0.06513438	0	-0.0295295	-0.01860434	-0.7454072	-0.06977123	-0.2483826
4.08	0.01605652	0.002975464	0.02440425	0	-0.05949183	-0.05658964	0.4999623	0.06763338	-0.009231756
4.1	-0.004218753	0.002975464	-0.09031875	0	-0.0429002	-0.04625166	0.2526788	0.06763338	-0.09692164
4.12	0.008875933	0.002975464	-0.0192331	0	-0.0452154	-0.05681517	0.9051283	0.03709902	0.03543661
4.14	0.00308084	0.002975464	-0.05179296	0	-0.02839139	-0.04677849	0.7527331	0.03709902	-0.02277924
4.16	0.01708591	0.002975464	0.0259266	0	-0.02963337	-0.05725824	1.162326	0.02183184	0.02481409
4.18	0.09604392	0.07126522	0.3996458	0	-0.02556541	-0.07007179	1.109564	-0.05450405	-0.04723871
4.2	0.04167278	0.002975464	0.1051714	0	-0.04824051	-0.09399031	0.3547821	-0.02396969	-0.4732723
4.22	0.01376777	0.002975464	-0.04309575	0	-0.05541612	-0.0689224	0.352177	0.0523662	-0.2040969
4.24	-0.0307081	-0.06531429	-0.2288726	0	-0.09657832	-0.1314243	2.079778	0.006564665	-0.0502336
4.26	0.09329427	0.07126522	0.3798864	0	-0.07059465	-0.1363878	2.867122	-0.03923687	0.1861417
4.28	0.0151991	0.002975464	-0.04893931	0	-0.02973226	-0.0890434	0.6435153	0.03709902	-0.4470713
4.3	-0.002373495	0.002975464	-0.1321409	0	-0.01372108	-0.02271063	0.3925708	-0.008702087	-0.01463711
4.32	0.04213893	0.002975464	0.1206157	0	-0.05013253	-0.0927966	1.9899	-0.03923687	0.08870118
4.34	-0.006211383	0.002975464	-0.139446	0	-0.002854268	-0.03221291	0.3783915	-0.1461071	-0.1686267
4.36	-0.0734858	-0.06531429	-0.4352812	0	0.002970263	0.001094725	0.6559661	0.0523662	0.1111855
4.38	0.02944569	0.002975464	0.1317397	0	-0.01198519	-0.05588668	2.783248	0.0523662	0.4749835
4.4	0.04554804	0.002975464	0.212829	0	-0.00262823	-0.09089568	2.226195	-0.02396969	-0.08359464
4.42	0.03040835	0.002975464	0.1270572	0	0.01155581	-0.05132392	1.074265	-0.008702087	-0.184111
4.44	0.03598858	0.002975464	0.1579674	0	-0.003213193	-0.04942384	0.9568896	0.006564665	-0.1166917
4.46	0.008019492	-0.06531429	0.0538227	0	-0.07242361	-0.147712	2.543985	-0.06977123	-0.1708776
4.48	0.001436342	0.002975464	-0.0006896816	0	-0.01937464	-0.06797874	1.349319	0.06763338	-0.06173337
4.5	0.009150477	0.002975464	0.0357618	0	0.001154475	-0.03100088	0.8938839	0.08290056	0.007174967
4.52	0.02633061	0.002975464	0.1263749	0	-0.006093873	-0.04263618	0.9760739	0.006564665	-0.02803969
4.54	0.04757573	0.002975464	0.2347702	0	-0.03477874	-0.08873942	1.424054	-0.03923687	-0.1332221
4.56	0.03576781	0.002975464	0.1583868	0	-0.04218584	-0.09306518	1.003415	0.06763338	-0.2705453
4.58	0.05023564	0.002975464	0.224977	0	-0.07369749	-0.1296859	1.629571	-0.008702087	-0.2151566
4.6	0.04564281	0.002975464	0.1829811	0	-0.08815994	-0.151454	1.711417	-0.02396969	-0.3060582
4.62	-0.01067967	0.002975464	-0.134741	0	-0.04075314	-0.05972523	0.1024046	0.03709902	-0.2808072
4.64	-0.01800844	0.002975464	-0.1697557	0	-0.01730344	-0.004453324	0.007136583	0.0523662	0.05684721
4.66	0.03149709	0.002975464	0.1040281	0	-0.04879976	-0.0758701	1.606223	0.02183184	0.1188786
4.68	0.07792766	0.07126522	0.2977162	0	-0.01653449	-0.05328606	0.4615062	-0.008702087	-0.1577784
4.7	0.09171118	0.07126522	0.3247291	0	-0.02373259	-0.04485366	-0.6097919	0.02183184	-0.3954467
4.72	-0.0472661	-0.06531429	-0.3642821	0	-0.06835487	-0.06249624	-0.6588629	-0.03923687	-0.4883559
4.74	-0.002278507	0.002975464	-0.1138588	0	-0.07731536	-0.06686534	1.224121	0.02183184	0.2354632
4.76	-0.03311563	0.002975464	-0.2791121	0	-0.01581152	-0.0123351	0.1578894	-0.2529774	0.01912391
4.78	-0.1001055	-0.06531429	-0.5723811	0	0.01464547	0.03639998	0.2379101	0.1745041	0.230141
4.8	0.02020009	0.002975464	0.09314433	0	0.001712091	-0.02898136	2.683391	0.0523662	0.6120144
4.82	0.02382613	0.002975464	0.1099595	0	0.0327724	-0.03629964	1.464007	-0.02396969	-0.03891408
4.84	0.03499451	0.002975464	0.1730091	0	0.02733791	-0.02626263	0.9938191	0.2661067	-0.06669416
4.86	0.06023206	0.002975464	0.3078697	0	-0.01469953	-0.078567	1.415752	-0.02396969	-0.1569268
4.88	0.001049096	0.002975464	-0.02062624	0	0.01501136	-0.005407482	-0.6193185	-0.008702087	-0.3367434
4.9	-0.05596511	-0.06531429	-0.2722066	0	-0.01632437	-0.01066601	0.185686	0.02183184	-0.01905839
4.92	0.01974398	0.002975464	0.1315718	0	-0.02898139	-0.05235405	1.717821	0.02183184	0.270171
4.94	0.02490751	0.002975464	0.1440564	0	-0.01751068	-0.06754044	1.124845	-0.06977123	-0.1337581
4.96	0.0487074	0.002975464	0.2600054	0	-0.04387527	-0.1014867	1.513352	0.1287021	-0.1613082
4.98	0.04099824	0.002975464	0.2004634	0	-0.05472103	-0.1112856	1.154823	0.08290056	-0.3086358
5	0.01495406	0.002975464	0.04499712	0	-0.04503632	-0.07396012	0.4032319	0.03709902	-0.2752155
5.02	0.02119127	0.002975464	0.07068166	0	-0.05711342	-0.07930316	0.7892129	0.02183184	-0.1267839
5.04	0.05413461	0.07126522	0.1887832	0	-0.01501335	-0.01644208	-0.5519447	0.03709902	-0.1582915
5.06	0.1029162	0.07126522	0.403934	0	-0.05383744	-0.0662917	-0.3117443	0.03709902	-0.3100224
5.08	0.03084292	0.002975464	0.01347595	0	-0.0940793	-0.1021999	-0.62007	0.02183184	-0.5980616
5.1	0.005486956	0.002975464	-0.1229787	0	-0.1124414	-0.1013236	0.1608556	0.03709902	-0.2280509
5.12	-0.001201773	0.002975464	-0.1591184	0	-0.1076976	-0.109437	0.9480973	-0.222443	-0.0732169
5.14	-0.06376129	0.002975464	-0.4917746	0	-0.01987859	0.01382706	-0.684083	-0.06977123	-0.002674334
5.16	-0.01729221	0.002975464	-0.214971	0	-0.01384252	0.007115951	0.8153522	0.08290056	0.4018981
5.18	0.01163104	0.002975464	-0.04268694	7	-0.008880724	-0.0363611	2.323778	-0.008702087	0.4205128
5.2	0.09086607	0.07126522	0.343818	7	0.02320249	-0.04148708	3.325241	-0.08503798	0.5473751
5.22	0.01356765	0.002975464	-0.05825097	7	0.07451498	0.006746573	2.988496	0.06763338	0.4298128
5.24	0.04820454	0.002975464	0.1583343	7	0.08305889	-0.01500162	6.137546	-0.03923687	1.168477
5.26	0.05254344	0.002975464	0.2041277	7	0.1501632	-0.01016672	7.789881	0.08290056	1.309039
5.28	0.07884145	0.002975464	0.3760822	7	0.2224741	0.008118574	9.741779	0.9073282	1.64482
5.3	0.1475877	0.002975464	0.7798179	7	0.2602632	-0.04679449	12.73729	0.4645801	1.86069
5.32	0.2177313	0.002975464	1.181696	7	0.2824762	-0.1345887	15.59724	-0.05450405	1.821139
5.34	0.1921718	0.002975464	1.061056	7	0.3890705	-0.05585259	15.27735	-0.02396969	1.756689
5.36	0.2446798	0.002975464	1.379951	7	0.4334802	-0.05116225	17.54872	0.08290056	2.242811
5.38	0.2928952	0.002975464	1.670132	7	0.4716496	-0.09206012	19.60692	0.08290056	2.275923
5.4	0.3722182	0.07126522	2.072978	7	0.5479186	-0.06171213	20.15263	0.09816774	2.322823
5.42	0.3283231	0.002975464	1.871367	7	0.598731	-0.03231711	20.33256	0.5714503	2.214649
5.44	0.3822306	0.002975464	2.203965	7	0.5964457	-0.08720402	23.56665	3.594351	2.747833
5.46	0.3051074	-0.06531429	1.868377	7	0.6599215	-0.07302438	24.712	3.487481	2.745805
5.48	0.2475094	0.002975464	1.601201	7	0.8929521	0.2330102	22.49481	6.067633	3.487271
5.5	0.4104798	0.002975464	2.560922	7	0.9080293	0.1515267	27.30684	2.95313	4.211041
5.52	0.3377551	0.002975464	2.223984	7	1.097403	0.3243345	24.20414	4.082901	3.610765
5.54	0.3778544	0.002975464	2.530213	7	1.183634	0.4322342	25.03816	5.991297	4.335646
5.56	-0.0847376	-0.4067631	0.4349183	7	1.292639	0.582834	24.65575	5.197404	4.393642
5.58	-0.03545848	-0.3384733	1.060363	7	1.437019	0.7048595	32.00393	5.365343	7.174768
5.6	0.1425077	-0.2701836	2.287323	7	1.626324	0.6661515	36.4946	3.76229	7.27544
5.62	0.1685678	-0.3384733	2.715111	7	1.799016	0.6961854	37.07101	6.601985	6.634891
5.64	0.1329551	-0.2701836	2.748261	7	2.109517	1.087631	31.75803	11.65542	6.72194
5.66	0.1679583	-0.3384733	3.237329	7	2.199262	1.199122	31.85695	11.9913	7.167405
5.68	0.05722249	-0.2701836	2.86267	7	2.498205	1.652119	24.13633	9.777556	7.088706
5.7	1.2718	0.7541609	8.888612	7	2.574781	1.695468	22.77121	10.1287	7.887146
5.72	1.130813	0.6175833	7.665221	7	2.586219	1.865898	-0.632906	4.556182	1.388674
5.74	0.6996655	0.2761335	5.232599	7	2.17416	1.980219	-7.724845	7.792824	1.999438
5.76	0.1328045	0.2761335	2.082845	7	2.232299	2.60141	-17.06752	-1.367481	4.162133
5.78	1.250032	1.300479	7.330326	7	2.138732	2.532344	-10.27132	-13.33695	7.554038
5.8	0.3172591	0.002975464	2.460319	7	1.594163	1.686242	-8.20672	-10.19191	1.903468
5.82	0.9550294	0.6858721	5.523339	7	1.24053	1.214455	11.62155	-0.1308399	6.991014
5.84	0.2640559	0.6175833	1.419639	7	1.928792	2.088496	-8.597601	-1.275878	4.028541
5.86	0.6261258	0.4127131	3.398274	7	1.576871	1.592165	13.86393	-1.947634	8.657295
5.88	0.1625874	0.3444233	0.8799149	7	2.086812	2.02272	6.915045	-0.5277862	7.119619
5.9	0.3686022	0.002975464	2.360284	7	1.830626	1.406746	30.76954	5.395877	10.40875
5.92	1.13008	0.9590311	5.990394	7	2.3881	1.65768	28.05089	9.548549	9.693035
5.94	0.9710461	0.6858721	4.954094	7	2.714746	2.025666	14.60654	12.28137	6.287141
5.96	0.3919832	0.3444233	2.033377	7	2.982432	2.746049	4.424829	11.97603	7.467429
5.98	1.299772	1.300479	6.49952	7	3.231154	3.158181	4.187359	5.808091	10.90057
6	1.429516	1.02732	6.968211	7	2.987553	2.683502	0.4890938	0.7088545	6.351404
6.02	2.190545	1.641927	10.34485	7	2.584423	2.230534	1.421369	7.76229	5.579379
6.04	1.36487	1.300479	5.395566	7	2.652655	2.760955	-22.84878	3.197403	1.4243
6.06	2.141561	1.983377	8.757848	7	2.220432	2.622864	-14.87228	-2.817863	6.098337
6.08	0.9887422	1.300479	2.210871	7	2.33927	3.058292	-33.65102	-13.12321	2.12878
6.1	2.125364	1.915086	7.732541	7	1.605744	2.121733	-2.489949	-10.9858	8.850061
6.12	1.277385	1.300479	2.848351	7	1.641938	1.856365	-9.062619	-10.11557	3.062646
6.14	2.991718	1.983377	11.37302	7	0.5278448	-0.09522903	38.68237	0.6325186	8.290224
6.16	1.954926	2.188245	4.665243	7	1.694493	1.319967	-6.960402	-0.3751148	-0.6865683
6.18	3.873912	2.939431	13.80379	7	0.7763982	0.1969818	25.80882	0.8615263	6.109812
6.2	2.564599	2.188245	5.918067	7	0.9700091	0.4055163	-3.525532	-1.932366	-4.032416
6.22	3.06382	2.597983	7.796184	7	0.5301939	0.3115864	13.33979	-19.94763	3.638799
6.24	3.007128	2.939431	6.425217	7	0.8759918	0.6850071	2.112266	-12.77206	1.542094
6.26	4.931322	4.510095	14.781	7	0.7950248	0.4786646	4.648093	-16.49725	2.789309
6.28	4.774006	4.851542	11.76416	7	1.278989	1.497423	-44.84877	-3.917099	-6.948761
6.3	4.686023	4.168647	10.07095	7	0.001621127	0.6769824	-37.08338	-5.245343	-5.4971
6.32	4.62459	4.441804	8.28804	7	-0.7511293	0.01106426	-30.98235	-9.367481	-5.10353
6.34	4.902421	4.783254	8.174404	7	-1.30047	-0.6454335	-20.20235	-20.55832	-4.192924
6.36	5.108693	5.056413	7.592361	7	-1.565343	-1.072176	-15.00432	-30.75679	-4.794073
6.38	5.507629	5.397861	7.986647	7	-1.783351	-1.454328	-8.723881	-30.0087	-4.806997
6.4	5.702437	5.739308	7.224224	7	-1.716951	-1.38408	-12.9734	-9.520153	-5.833
6.42	6.804298	6.422206	11.10081	7	-2.140161	-2.092833	-2.160565	-7.672824	-5.676888
6.44	6.884923	6.763654	9.347221	7	-2.08024	-1.95256	-20.49534	-5.779695	-10.71437
6.46	6.233564	6.080756	4.515779	7	-2.555902	-2.101	-19.52361	-6.466717	-10.1329
6.48	6.463665	6.763654	4.140813	7	-2.459238	-1.75577	-16.03521	-9.184275	-5.794313
6.5	6.984706	7.309972	5.177018	7	-2.233405	-1.5915	-17.6697	-13.26061	-5.727092
6.52	7.818871	7.583131	7.938251	7	-2.652682	-2.42142	-7.201017	-15.0774	-7.303582
6.54	6.412284	6.353915	-0.3473727	7	-2.875411	-2.617706	-11.50085	-14.49725	-11.05446
6.56	8.071711	7.924579	6.945974	7	-3.078401	-3.00761	15.60685	-2.069771	-2.651331
6.58	7.798358	7.583131	4.104239	7	-2.910546	-3.275902	4.293571	3.105801	-10.52859
6.6	7.490565	7.309972	1.570385	7	-2.9928	-3.150322	8.167711	-1.413283	-8.154859
6.62	7.254525	7.309972	-0.4038974	7	-2.75908	-2.846599	11.86421	6.189771	-5.687935
6.64	7.886088	7.856288	2.071014	7	-2.485851	-2.767043	19.60618	4.220305	-3.430305
6.66	8.077456	7.856288	2.29283	7	-2.290764	-2.831472	17.63448	-2.375114	-5.94033
6.68	8.151198	7.856288	2.02348	7	-2.234	-2.788838	16.47309	-0.4209159	-6.369487
6.7	7.74613	7.924579	-0.7460763	7	-1.698061	-1.841112	-0.112752	11.93023	-6.335496
6.72	8.045876	7.924579	0.5175526	7	-1.824024	-1.938536	8.919395	7.105802	-3.543538
6.74	8.171269	7.924579	0.8320875	7	-1.91517	-2.287222	12.98912	-0.4361835	-4.915084
6.76	8.14224	7.856288	0.3893678	7	-1.985042	-2.461844	15.57746	0.006564665	-5.390274
6.78	8.133811	7.924579	0.04591107	7	-1.91779	-2.392041	15.77962	6.220305	-5.040507
6.8	9.028629	8.744054	4.013854	7	-1.829399	-2.393086	15.27221	3.105801	-4.736687
6.82	7.356515	7.241681	-4.668077	7	-1.788768	-2.085878	-0.4734211	4.525649	-9.355998
6.84	7.279922	7.241681	-4.592704	7	-1.954348	-2.05174	22.9793	0.5561827	-0.2869101
6.86	7.039616	7.241681	-5.490865	7	-1.381151	-1.748463	26.78356	-0.9247329	0.4005861
6.88	8.32849	8.197738	1.196121	7	-0.9565586	-1.71591	35.13682	-2.34458	2.25246
6.9	7.628774	7.583131	-2.397954	7	-0.3721346	-1.077459	9.920619	14.23557	-4.435055
6.92	7.898844	7.583131	-0.6080116	7	-0.5705075	-1.069845	17.20012	20.44931	-0.7041197
6.94	7.754056	7.787999	-1.317114	7	-0.2172094	-0.5408345	2.386031	21.33481	-2.532097
6.96	6.810343	6.968522	-5.635732	7	-0.1278366	-0.0498516	-4.688536	9.334809	-1.880889
6.98	6.885477	6.968522	-4.460279	7	-0.2333508	-0.1674841	11.00276	-1.382748	2.958266
7	7.174249	6.968522	-2.300764	7	-0.3197857	-0.7863734	24.5429	-5.64229	2.369929
7.02	7.119649	6.968522	-2.138315	7	-0.06707862	-0.7173155	21.50196	5.853893	0.5893421
7.04	8.149721	7.924579	3.130714	7	0.1774926	-0.4916033	16.1165	13.88443	0.7385597
7.06	6.970158	6.900233	-2.76224	7	0.3327754	0.03026293	-9.243689	14.05236	-5.056107
7.08	6.946188	6.900233	-2.329454	7	0.03019679	0.1325169	0.1144683	4.983664	0.8427944
7.1	7.962091	7.924579	2.791424	7	0.06672196	-0.02564589	0.2144617	-3.474351	0.5659103
7.12	7.762822	7.583131	1.555971	7	-0.1104304	-0.2096832	-13.71087	-6.787328	-5.124516
7.14	7.899438	7.583131	2.139753	7	-0.7141355	-0.6729194	-9.758638	1.38061	-4.517018
7.16	7.484045	7.583131	-0.3426007	7	-0.7970755	-0.4775792	-20.20599	-1.291145	-5.747603
7.18	8.982702	9.085504	6.435288	7	-0.8940124	-0.4434254	-21.9886	-6.023969	-3.587444
7.2	7.934045	8.129447	0.2183691	7	-1.094056	-0.3675776	-47.97072	-13.8713	-11.65992
7.22	7.058337	7.241681	-4.222537	7	-1.939879	-0.8103094	-30.62714	-17.77969	-6.209557
7.24	6.829779	7.241681	-5.271229	7	-2.177033	-1.296483	-7.253788	-19.9171	-1.600245
7.26	6.949542	7.309972	-4.545008	7	-1.986784	-1.639985	10.74918	-21.58122	0.1385746
7.28	7.29929	7.309972	-2.585335	7	-1.812119	-2.101155	26.76963	-12.28351	0.1798677
7.3	6.794195	7.309972	-5.229479	7	-0.7764612	-0.9268676	8.439908	19.91496	-1.217938
7.32	8.908112	9.017213	5.191398	7	-0.319593	-0.5306994	9.095915	18.89206	2.181693
7.34	7.70679	7.583131	-1.194956	7	-0.3278006	-0.4987303	-20.33169	20.15924	-9.065854
7.36	8.723814	8.470897	3.829616	7	-0.9346784	-0.7736484	-8.970898	13.62489	-3.100208
7.38	7.807642	7.924579	-1.304384	7	-1.007866	-0.6512496	-29.35276	3.792824	-9.057368
7.4	6.729926	6.968522	-6.458322	7	-1.473368	-0.6925336	-18.45494	-5.657557	-4.327574
7.42	6.491066	6.968522	-7.148354	7	-1.437636	-0.7843784	1.963826	-16.1461	1.392512
7.44	8.192422	8.402606	1.468065	7	-1.082561	-1.105644	16.68322	-21.56595	3.092715
7.46	8.89492	7.924579	4.961712	7	-1.794633	-2.903821	29.25055	0.4798468	-5.655871
7.48	7.609853	6.968522	-1.699845	7	-2.037839	-3.032915	19.32873	26.83099	-9.966338
7.5	7.710203	7.924579	-1.510395	7	-1.417248	-1.660617	9.055041	11.9455	-3.23484
7.52	7.844244	7.856288	-0.9308959	7	-1.237064	-1.436268	6.170205	-10.8026	-3.276597
7.54	7.369818	7.036813	-2.988555	7	-1.594545	-1.993091	16.48572	-18.40565	-3.893768
7.56	8.177998	7.856288	1.157388	7	-1.612968	-2.269413	27.7472	-22.48198	-1.525579
7.58	8.941808	8.470897	4.529296	7	-1.502081	-2.434765	19.07544	-13.50488	-5.798365
7.6	7.497264	7.856288	-3.450534	7	-0.7755136	-0.7613302	-24.43597	21.21267	-9.974491
7.62	6.516285	6.968522	-7.91419	7	-0.9196051	-0.1018302	-18.04382	15.45695	-2.058877
7.64	6.8837	6.968522	-5.171327	7	-1.301841	-1.011311	15.92099	-3.062137	3.169275
7.66	6.998742	7.036813	-4.084177	7	-1.034175	-1.410016	25.3115	-10.42092	1.187749
7.68	7.96118	7.924579	0.862974	7	-0.5371538	-1.160747	22.35573	-8.848397	0.7685699
7.7	7.251094	7.036813	-2.524187	7	-0.4196168	-1.011122	8.250035	20.1287	-4.305466
7.72	7.953965	7.856288	1.130491	7	-0.336794	-0.6373148	6.544084	26.40351	-0.8169918
7.74	7.593361	7.787999	-0.9281104	7	0.006498143	0.05938423	-18.61125	14.54092	-4.844015
7.76	7.553477	7.787999	-1.127331	7	-0.1087593	0.4386935	-26.12807	2.46458	-3.140345
7.78	7.057566	6.968522	-3.20388	7	-0.8258126	-0.3837602	-13.53384	-5.520153	-3.310243
7.8	7.788278	7.856288	0.4932434	7	-0.9905018	-0.7331073	-3.802931	-10.63466	-1.180758
7.82	7.575325	7.65142	-0.8220286	7	-0.9915848	-0.8413392	-11.99997	-7.199542	-5.168342
7.84	7.452607	7.583131	-1.544857	7	-1.107943	-0.7734085	-12.39009	-0.008702087	-4.092232
7.86	7.375763	7.583131	-2.015132	7	-1.149399	-0.7578195	-11.6604	2.632519	-3.480598
7.88	7.325499	7.583131	-2.329722	7	-1.122546	-0.7132372	-10.99346	-3.199542	-3.022382
7.9	8.214613	8.402606	1.818071	7	-1.053176	-0.7382507	-11.08062	-6.207175	-2.656945
7.92	8.470622	8.402606	2.553334	7	-1.284868	-1.093425	-19.45613	-6.573587	-7.373174
7.94	7.97627	7.856288	-0.3193816	7	-1.826348	-1.481703	-20.87091	-0.9247329	-8.981324
7.96	6.627373	6.968522	-7.123083	7	-2.012267	-1.296098	-18.46583	-0.9094657	-6.587196
7.98	6.518028	7.036813	-7.239752	7	-1.924849	-1.251643	4.145068	-5.413282	0.8776197
8	6.528435	6.968522	-6.709465	7	-1.467096	-1.31422	17.69403	-12.02397	2.036164
8.02	7.135365	7.036813	-3.028238	7	-1.298658	-1.85626	36.86815	-15.76443	2.582118
8.04	8.631029	7.856288	4.690527	7	-1.367452	-2.813107	49.59568	-2.772061	-0.4640341
8.06	8.54491	7.856288	3.751022	7	-1.113703	-2.583299	22.91273	30.25084	-8.691917
8.08	9.299845	8.675765	6.868606	7	-1.229049	-2.145768	6.157125	26.73939	-8.514861
8.1	7.700073	7.378261	-1.67534	7	-1.549008	-1.78544	-17.88728	17.74702	-13.00995
8.12	7.63472	7.856288	-2.167703	7	-1.684674	-1.174062	-14.35045	-2.085038	-4.851886
8.14	6.067592	6.900233	-10.00398	7	-1.216726	-0.259343	-26.26598	-18.95527	-4.415568
8.16	8.025967	8.470897	0.1436586	7	-1.172627	-0.4938535	1.593881	-33.39801	4.460779
8.18	7.599925	7.65142	-2.121847	7	-1.130019	-1.109008	-8.362194	-37.82549	-5.787616
8.2	9.938571	9.358663	9.256098	7	-1.742253	-2.12803	8.928838	-32.84839	-3.619903
8.22	10.30214	9.358663	9.771044	7	-2.452836	-3.248881	-11.51808	12.0371	-16.61656
8.24	7.930137	7.51484	-2.997643	7	-3.27469	-3.169096	-28.65937	20.61725	-19.24705
8.26	6.966465	7.583131	-8.060051	7	-3.293586	-2.251103	-16.84288	9.197403	-6.826229
8.28	7.615446	8.470897	-4.996619	7	-2.692413	-1.810451	-3.703407	-4.894198	-0.8977957
8.3	7.360231	7.856288	-6.250751	7	-2.309938	-1.912051	1.004746	-12.54305	-3.333918
8.32	8.068802	7.924579	-2.30517	7	-2.507391	-2.762661	26.62163	-15.09267	-1.377207
8.34	8.755773	7.856288	1.396867	7	-3.018599	-4.331527	50.21771	11.06	-5.0197
8.36	7.489583	7.309972	-5.166777	7	-2.361504	-3.461806	28.38531	26.32718	-8.867416
8.38	6.739181	7.309972	-8.678129	7	-1.314138	-1.490106	13.93466	15.74702	-1.681541
8.4	6.636401	7.173392	-8.389106	7	-0.589416	-0.5754353	15.66641	2.342442	2.967877
8.42	9.802867	9.358663	7.851421	7	-0.5871865	-1.464898	33.96302	-5.764427	3.794288
8.44	8.792256	7.583131	2.633238	7	-1.321798	-2.82838	12.74883	12.49511	-13.65883
8.46	7.947423	7.583131	-1.712911	7	-1.555887	-2.044486	-0.4354572	34.22031	-9.449592
8.48	6.398142	6.968522	-9.329614	7	-1.112948	-0.6389457	-16.84057	22.46458	-5.368488
8.5	6.347082	7.036813	-8.763761	7	-0.8274854	-0.08626798	-1.976097	3.884427	3.125371
8.52	6.609865	6.968522	-6.544084	7	-0.5906874	-0.4118215	12.69093	-12.02397	3.631789
8.54	7.397543	7.51484	-2.03172	7	-0.2361758	-0.520018	15.37972	-14.02397	2.257968
8.56	7.053514	7.65142	-3.767297	7	0.7028648	0.8525812	-19.89722	20.09817	-2.10428
8.58	6.435177	6.968522	-6.265173	7	0.7864693	1.566342	-30.63693	20.28137	-0.3540964
8.6	6.814429	7.036813	-3.496516	7	0.3547489	1.035607	-15.91729	4.846259	2.413964
8.62	7.702788	7.71971	1.246549	7	0.09475225	0.3503438	-12.63099	-6.207175	-0.2994175
8.64	7.566946	7.51484	0.4703875	7	-0.2110278	0.02292831	-24.48686	1.853893	-5.666809
8.66	7.481752	7.583131	-0.1136641	7	-0.5796005	0.001761496	-30.44477	2.449312	-5.577254
8.68	8.06727	8.197738	2.414887	7	-0.9594603	-0.2589886	-32.30062	-5.550687	-5.592905
8.7	6.789049	7.309972	-4.459716	7	-1.090008	0.04418212	-49.8688	-14.26824	-9.071172
8.72	6.709634	7.309972	-4.744677	7	-1.471506	-0.06064017	-33.22585	-21.73389	-2.302721
8.74	7.454952	7.856288	-1.092578	7	-1.66049	-0.7653603	-17.4918	-26.69572	-1.781614
8.76	7.174294	7.036813	-2.446289	7	-2.23489	-2.008648	-1.430435	-28.63465	-5.578517
8.78	8.673488	7.924579	4.993093	7	-3.025632	-3.67482	31.74377	-3.382748	-4.129707
8.8	7.50141	7.173392	-1.611777	7	-2.827155	-3.620337	12.51979	23.13634	-12.24701
8.82	6.839147	7.105102	-5.164911	7	-2.375988	-2.424173	7.87323	10.38824	-5.61246
8.84	6.477717	7.036813	-6.866968	7	-1.70333	-1.486549	6.817201	-2.481985	-1.412045
8.86	6.802565	7.105102	-4.797968	7	-1.309457	-1.321674	16.78917	-10.13084	1.224268
8.88	7.901663	7.856288	0.8506314	7	-0.9913688	-1.466298	19.20822	-15.94763	-0.1561499
8.9	8.29213	7.924579	2.589316	7	-0.9811352	-1.656743	6.638941	-12.43618	-6.014491
8.92	7.66165	7.924579	-1.131247	7	-0.5568454	-0.4207766	-27.48749	23.30427	-8.491007
8.94	8.577731	8.812345	3.025964	7	-0.7320918	-0.03021619	-35.12432	22.09817	-5.26879
8.96	8.51362	8.744054	1.933597	7	-1.100595	-0.1600448	-53.62151	5.090534	-10.5675
8.98	8.486021	8.744054	1.095391	7	-1.824692	-0.510752	-56.92841	-10.72626	-10.70743
9	7.385947	7.924579	-4.921781	7	-2.432175	-0.8166928	-56.53212	-19.79496	-10.97379
9.02	7.497238	7.924579	-4.388538	7	-3.1406	-1.748104	-25.34491	-25.62702	-5.104307
9.04	7.750343	7.856288	-3.195761	7	-3.582217	-3.067672	2.878113	-31.0774	-5.439496
9.06	7.788988	7.856288	-3.249747	7	-3.507518	-3.564466	15.46327	-31.47435	-6.354696
9.08	8.03225	7.856288	-2.159654	7	-3.448722	-3.959392	28.92039	-18.69572	-5.920632
9.1	7.432218	7.856288	-5.569006	7	-2.483266	-2.741876	10.11871	22.32717	-6.713005
9.12	6.050264	6.422206	-11.82829	7	-2.129451	-2.094619	16.04536	20.05237	-2.684973
9.14	7.175022	7.583131	-5.405401	7	-1.428832	-1.639102	34.73849	14.89206	5.156516
9.16	7.581538	7.583131	-2.927623	7	-0.7965775	-1.588216	27.63543	14.75466	-0.343173
9.18	7.457007	6.968522	-2.84369	7	-0.9100685	-1.904153	29.78139	20.9684	-2.523123
9.2	7.235339	7.309972	-3.643417	7	-0.3140813	-0.891922	11.06165	34.20504	-2.409353
9.22	6.433594	6.353915	-6.778835	7	-0.3691421	-0.6987386	11.07624	22.06763	-1.39754
9.24	6.585973	6.627074	-5.07809	7	-0.2245343	-0.5284879	18.90622	6.876794	2.400654
9.26	6.808216	6.695365	-3.191131	7	-0.06298049	-0.6213476	20.32773	-5.138473	1.294315
9.28	7.292556	6.695365	-0.01998639	7	-0.3814345	-1.334334	29.24575	-2.222443	-0.2860556
9.3	7.438759	6.968522	0.91839	7	-0.3437665	-1.312627	18.05568	19.54855	-3.586265
9.32	7.376178	7.036813	0.651783	7	-0.378955	-0.9981902	4.315318	6.907327	-4.901416
9.34	7.097054	6.968522	-0.7317944	7	-0.4687515	-0.6424822	-7.560934	-2.069771	-5.094095
9.36	6.9498	6.968522	-1.401652	7	-0.6319532	-0.4746803	-12.00503	-7.245343	-4.039499
9.38	7.560324	7.583131	1.516691	7	-0.796984	-0.5743421	-13.20448	-13.45908	-3.585453
9.4	6.627867	6.695365	-3.257262	7	-1.066097	-0.7028815	-21.62855	-10.86366	-7.128526
9.42	6.479365	6.695365	-3.781114	7	-1.32789	-0.7714984	-10.09433	-6.405649	-2.397104
9.44	6.486368	6.695365	-3.545409	7	-1.358872	-1.05075	-0.5116768	-9.718625	-1.603069
9.46	6.819823	6.763654	-1.652586	7	-1.470393	-1.571386	11.99078	-5.627023	-1.48401
9.48	6.454662	6.763654	-3.585508	7	-0.9410808	-0.950685	-0.9687529	5.609618	-3.204567
9.5	6.643615	6.695365	-2.350702	7	-0.9512484	-0.9534285	5.914008	3.853893	-0.939703
9.52	6.61948	6.695365	-2.322813	7	-0.7953372	-0.8907248	3.745836	5.884427	-1.974338
9.54	7.772737	7.583131	3.379588	7	-0.8514293	-1.142256	6.611969	3.716488	-1.841208
9.56	7.700676	7.583131	2.415332	7	-0.7970493	-0.966825	-16.43791	4.021831	-8.220386
9.58	7.535791	7.583131	1.070655	7	-1.037957	-0.6273715	-29.66212	1.853893	-8.112285
9.6	6.69795	6.763654	-3.238327	7	-1.635917	-0.9543662	-26.15025	-5.123206	-7.527512
9.62	6.606785	6.763654	-3.569256	7	-2.051536	-1.453441	-6.743851	-11.88656	-3.27198
9.64	7.460356	7.583131	0.4778823	7	-2.006775	-1.849467	3.923542	-20.1003	-2.635152
9.66	6.431045	6.422206	-4.760722	7	-2.059795	-2.116163	2.280718	-17.38275	-6.850311
9.68	7.730049	8.129447	1.348222	7	-1.470782	-1.29909	0.8741846	7.685954	-1.131144
9.7	6.384259	6.763654	-5.667803	7	-1.139559	-0.7997186	-21.05236	1.411145	-7.545246
9.72	6.874147	6.763654	-2.62514	7	-1.752922	-1.525544	10.25866	5.991297	-0.1841116
9.74	6.866831	6.763654	-2.505692	7	-1.729192	-2.0613	17.1669	2.113435	-2.953726
9.76	7.996908	7.583131	3.093868	7	-1.793306	-2.536542	26.57219	7.075266	-2.766955
9.78	7.643373	7.583131	0.6451643	7	-1.312821	-1.834335	-2.48528	11.80809	-8.82542
9.8	6.979993	7.105102	-2.881644	7	-1.282732	-1.107317	-14.18749	-0.848397	-6.837007
9.82	7.470278	7.583131	-0.4729599	7	-1.430276	-1.113185	-7.925875	-7.871297	-3.339729
9.84	6.522213	6.695365	-5.196494	7	-1.511539	-1.201092	-11.50208	-12.37511	-6.008799
9.86	6.929197	6.695365	-2.600407	7	-2.082636	-2.136546	19.54411	-1.169008	-0.9198427
9.88	6.677637	6.695365	-3.76777	7	-1.758397	-2.17289	19.54446	3.685954	-3.169579
9.9	6.981426	6.695365	-1.892724	7	-1.753795	-2.44505	32.17101	-1.04687	-1.476859
9.92	6.708858	6.763654	-3.23357	7	-1.119907	-1.744753	19.09811	6.754655	-3.005824
9.94	6.840316	6.763654	-2.266763	7	-0.8829058	-1.383319	18.40431	6.266107	-1.253852
9.96	7.698309	7.583131	1.987374	7	-0.5927447	-1.109456	10.47459	10.40351	-1.979174
9.98	7.874346	7.583131	2.572058	7	-0.6682699	-1.084109	-5.933552	2.327175	-6.721124
10	7.827237	7.583131	1.979209	7	-1.03117	-1.06639	-17.13101	6.205038	-8.145143
10.02	6.529013	6.695365	-4.68167	7	-1.296601	-0.7595923	-27.59942	1.212672	-8.408709
10.04	6.51811	6.695365	-4.35498	7	-1.737497	-1.119544	-5.081224	-6.909465	-1.654918
10.06	6.356664	6.695365	-4.979672	7	-1.546052	-1.239254	1.910789	-12.77206	-1.572909
10.08	6.610545	6.763654	-3.40853	7	-1.398452	-1.400678	12.37506	-17.67282	-0.3466301
10.1	8.406174	7.51484	5.825722	7	-2.067266	-3.12995	42.01134	0.540916	-1.464465
10.12	7.359928	6.695365	0.09525418	7	-2.034188	-3.293887	20.36323	14.95313	-11.44245
10.14	6.987525	6.695365	-1.840039	7	-2.023633	-2.658061	19.61232	15.82336	-5.939627
10.16	7.324824	7.51484	-0.5089165	7	-1.399489	-1.675481	6.781417	10.64779	-3.821969
10.18	7.434107	7.65142	-0.3474151	7	-0.9995692	-0.970029	-10.36929	-4.191908	-5.221534
10.2	6.722044	6.763654	-3.819344	7	-1.25511	-1.005064	-12.0081	-15.12321	-5.712804
10.22	6.640426	6.695365	-3.865561	7	-1.521728	-1.298816	2.444685	-18.16137	-2.120161
10.24	7.687119	7.583131	1.389059	7	-1.547639	-1.766552	12.70155	-0.08503798	-1.717592
10.26	6.747566	6.627074	-3.41168	7	-1.528331	-1.837357	1.954129	1.884427	-7.283364
10.28	6.629655	6.763654	-3.801432	7	-1.416497	-1.401324	6.352451	9.441678	-2.294654
10.3	6.323225	6.627074	-5.100544	7	-1.044856	-0.9827453	4.197923	3.273739	-1.504385
10.32	6.662372	6.695365	-2.931398	7	-0.9876835	-1.136641	14.72352	-5.092671	0.3817739
10.34	6.831942	6.627074	-1.720271	7	-0.9809842	-1.493441	19.34938	5.685954	-1.432663
10.36	6.877633	6.763654	-1.342241	7	-0.7622193	-1.270961	13.26735	10.11343	-2.476623
10.38	6.719903	6.695365	-1.989056	7	-0.5753333	-0.879555	4.883025	11.24321	-2.806708
10.4	6.718466	6.763654	-1.818978	7	-0.4662865	-0.5603656	-0.2941733	1.716488	-2.100983
10.42	6.799791	6.695365	-1.165576	7	-0.6264878	-0.7370032	1.372411	0.0523662	-2.268774
10.44	6.80377	6.695365	-1.005101	7	-0.7539469	-0.8885646	0.9860189	0.372977	-3.009605
10.46	6.823558	6.763654	-0.856425	7	-0.8253488	-0.9106481	-0.7831252	-0.02396969	-3.275203
10.48	7.621204	7.51484	2.894985	7	-0.8857014	-0.9868662	-3.471116	0.02183184	-3.550026
10.5	7.560897	7.51484	2.006391	7	-0.955943	-0.8744868	-21.13874	0.0523662	-8.002973
10.52	8.197748	8.129447	4.496966	7	-1.336572	-0.9489616	-27.77383	-0.2529774	-7.920729
10.54	7.544833	7.583131	0.4529234	7	-1.832489	-1.157835	-39.56946	-4.252977	-11.63493
10.56	7.248736	7.583131	-1.588751	7	-2.249766	-1.174082	-36.31573	-10.52779	-8.361501
10.58	7.807107	8.197738	0.5413136	7	-2.469382	-1.464855	-28.99892	-21.21481	-6.643201
10.6	7.956511	8.266026	0.4444658	7	-2.646505	-1.810131	-30.44206	-26.40565	-9.293917
10.62	8.275185	8.470897	1.193969	7	-2.969852	-2.201835	-27.18869	-28.94	-9.782065
10.64	7.412539	7.583131	-3.702641	7	-3.392728	-2.673195	-22.148	-23.65755	-11.22479
10.66	6.418146	6.695365	-8.577279	7	-3.708642	-3.082184	2.203849	2.128702	-6.282087
10.68	6.523357	7.036813	-7.792531	7	-3.21817	-2.991256	25.24475	-0.9247329	-0.3092461
10.7	6.905085	7.036813	-5.48655	7	-2.673792	-3.209347	42.5103	3.563817	0.218648
10.72	5.342738	5.19299	-12.26516	7	-2.320669	-3.35079	55.79287	15.1058	-1.046053
10.74	6.592553	6.627074	-4.965518	7	-1.267786	-2.585213	73.99532	27.74702	7.792221
10.76	6.064365	6.080756	-6.873166	7	0.0577712	-1.480361	50.46059	29.22794	1.789492
10.78	6.725727	6.080756	-2.228626	7	0.2279067	-1.431114	60.67299	35.18214	4.85686
10.8	6.983932	6.695365	-0.4226243	7	1.079352	-0.4100051	32.12815	34.0829	0.7212677
10.82	6.03349	5.739308	-4.343705	7	1.237996	0.3700112	10.85156	27.96076	-1.141594
10.84	6.138052	6.012467	-2.825619	7	1.223943	0.8309937	8.860586	15.1516	3.049572
10.86	5.993157	6.012467	-2.814863	7	1.34516	1.13967	-2.106954	-3.611756	1.690166
10.88	6.469694	6.080756	0.3883562	7	0.835526	0.5062771	5.887287	-10.95527	1.762115
10.9	5.818398	6.012467	-2.668484	7	1.112005	1.171268	-18.18641	5.212671	-1.749989
10.92	6.03232	6.012467	-1.013115	7	0.6942837	0.9932122	-11.85182	-3.504885	1.27267
10.94	5.998504	6.012467	-0.880042	7	0.4479459	0.6801649	-13.20792	-3.291145	-0.5450554
10.96	6.227663	6.012467	0.5646949	7	-0.06470421	0.005929351	-4.669962	-0.08503798	-0.8467884
10.98	5.9647	6.080756	-0.8408251	7	-0.0399103	0.1622412	-14.02084	0.7546564	-2.574629
11	7.023797	7.036813	4.190486	7	-0.1878224	0.0672288	-13.80294	-2.329313	-1.288779
11.02	5.546863	5.739308	-3.509718	7	-0.3305384	0.2014395	-32.59036	-3.352214	-7.154837
11.04	5.467002	5.739308	-3.569953	7	-0.7405449	0.07504077	-12.97427	-8.726259	0.5911388
11.06	5.386877	5.739308	-3.758578	7	-0.6632104	-0.1760915	-3.176581	-5.260611	1.062826
11.08	5.477653	5.807599	-3.093	7	-0.3992422	-0.1329477	2.330572	-12.03924	1.821449
11.1	6.97423	6.627074	4.515075	7	-0.6459079	-1.05584	19.85199	-6.176641	1.67865
11.12	7.033038	6.695365	4.169952	7	-0.5503358	-1.146932	-0.5372629	15.57908	-6.439286
11.14	7.048271	6.695365	3.707962	7	-0.8938388	-1.099806	-9.09865	5.441679	-6.879245
11.16	6.518707	6.695365	0.3527095	7	-0.8511295	-0.4536519	-26.99417	8.327175	-7.222199
11.18	6.461789	6.763654	-0.3480872	7	-1.027698	-0.2364666	-27.31889	-8.741527	-4.284419
11.2	6.336103	6.627074	-1.281532	7	-1.247691	-0.468992	-22.6946	-23.82549	-3.841672
11.22	6.209191	6.353915	-2.009787	7	-1.57128	-1.018902	-9.338293	-30.72626	-2.973243
11.24	6.782124	6.422206	0.9183729	7	-2.161054	-2.310821	18.59784	-8.848397	-2.066854
11.26	6.157884	6.353915	-2.687329	7	-1.61316	-1.798282	5.831116	-0.7109923	-4.99721
11.28	6.389983	6.285626	-1.419115	7	-1.650234	-1.900738	20.48012	2.892061	-0.9748201
11.3	6.220479	6.353915	-2.39362	7	-1.132288	-1.453942	14.40328	-0.1003056	-1.878098
11.32	7.000286	6.695365	1.603347	7	-1.162995	-1.753739	25.07259	0.1287021	-0.4648552
11.34	6.81734	6.695365	0.3538309	7	-0.7970482	-1.366813	8.555135	6.021831	-4.564255
11.36	5.98302	5.807599	-3.60566	7	-0.9355705	-1.225491	8.933793	7.487481	-3.454445
11.38	5.745997	5.807599	-4.349292	7	-0.7905444	-0.9743114	17.75145	3.945495	0.9478588
11.4	6.038116	5.807599	-2.283912	7	-0.7690015	-1.388853	33.94708	-2.146107	2.440477
11.42	5.940407	5.739308	-2.37693	7	-0.3934296	-1.271021	33.00909	4.892061	0.9660158
11.44	5.901251	5.807599	-2.185531	7	0.09804361	-0.6765838	26.79425	14.57145	1.627715
11.46	5.883488	5.739308	-1.793845	7	0.4113023	-0.277189	22.16764	12.76992	1.917556
11.48	6.019525	5.739308	-0.5946964	7	0.4964657	-0.2062779	21.3332	12.38824	1.884568
11.5	5.975067	5.739308	-0.4411782	7	0.6211877	-0.005238073	14.60466	10.51038	0.845005
11.52	5.843315	5.739308	-0.7858731	7	0.7619455	0.3810807	5.948334	6.78519	0.7642717
11.54	6.85247	6.763654	4.23392	7	0.8857863	0.6609838	-2.491158	4.082901	1.173208
11.56	6.741003	6.695365	3.238604	7	0.8579184	0.9434023	-27.91875	-0.4056492	-4.581826
11.58	6.576481	6.353915	2.27739	7	0.08058931	0.5160049	-28.31026	0.5103816	-4.506511
11.6	6.490408	6.490495	1.525914	7	-0.447511	0.1583549	-27.54254	-5.901832	-4.309074
11.62	5.774009	6.012467	-2.299496	7	-0.7700869	0.0139325	-26.5998	-14.49725	-4.110312
11.64	5.681602	6.080756	-2.789116	7	-0.8833289	-0.06453924	-14.73624	-21.64229	-0.2022371
11.66	7.07443	6.968522	4.023545	7	-1.187923	-1.054072	6.559292	-21.48962	0.6557856
11.68	7.035734	6.968522	3.008534	7	-1.055976	-1.173962	-9.424472	4.18977	-6.620967
11.7	6.8286	6.968522	1.255974	7	-1.037917	-0.6819459	-21.16197	3.456946	-6.198905
11.72	7.438095	7.65142	3.526142	7	-1.099984	-0.4958667	-25.79144	-3.718626	-4.885453
11.74	6.538034	6.695365	-1.54499	7	-1.465483	-0.7451346	-30.61024	-11.19954	-7.95419
11.76	6.51199	6.763654	-1.880948	7	-1.811607	-1.020828	-14.30888	-17.36748	-3.047459
11.78	6.552908	6.695365	-1.842816	7	-1.961716	-1.592315	0.8402774	-16.35985	-2.558908
11.8	6.778841	6.763654	-0.8708875	7	-1.97401	-2.038381	13.68468	2.388244	-2.304652
11.82	6.985262	6.968522	-0.1478133	7	-1.712873	-2.018849	14.99536	4.311908	-3.027707
11.84	5.990797	6.080756	-5.135792	7	-1.43467	-1.643621	11.25969	8.647786	-3.632915
11.86	6.048368	6.080756	-4.342972	7	-1.273622	-1.559056	29.10811	3.243206	2.133464
11.88	6.192918	6.149047	-3.189456	7	-0.8191758	-1.511938	35.81448	4.311908	2.242772
11.9	6.396377	6.080756	-1.668277	7	-0.5250649	-1.553965	41.08785	16.15924	1.856026
11.92	6.570293	6.353915	-0.5422864	7	0.02279195	-1.005389	31.364	16.60198	0.8623304
11.94	6.792467	6.422206	0.8415499	7	0.2214917	-0.7190628	23.79062	16.26611	-0.02229404
11.96	6.80617	6.490495	1.035264	7	0.337556	-0.3800602	11.56991	11.57908	-1.494756
11.98	5.491981	5.397861	-5.095104	7	0.3106051	0.04744303	1.950719	5.197404	-1.93908
12	6.59913	6.422206	1.049189	7	0.1683785	-0.1213497	20.14586	-3.504885	4.777006
12.02	6.726687	6.422206	1.719144	7	0.2439774	-0.3905954	10.26973	0.2661067	-1.374395
12.04	6.650445	6.353915	1.344759	7	0.1200559	-0.2952142	2.673976	14.87679	-2.348019
12.06	6.579677	6.490495	0.8856828	7	0.08619503	-0.01567293	-6.066689	9.777556	-2.299036
12.08	6.410198	6.422206	-0.03510182	7	-0.02324844	0.1260184	-11.17927	-4.695725	-2.138916
12.1	6.343498	6.422206	-0.398898	7	-0.1614424	0.1266442	-11.4096	-10.61939	-1.404616
12.12	6.345997	6.353915	-0.3600779	7	-0.3883723	-0.1604463	-6.393331	-11.76443	-1.140767
12.14	6.010524	6.080756	-1.983607	7	-0.4822703	-0.2965899	-3.431865	-9.291145	-1.223863
12.16	6.040182	6.012467	-1.600511	7	-0.6231046	-0.6104426	8.661743	-4.726259	0.643199
12.18	6.084702	6.080756	-1.254747	7	-0.4833555	-0.6872768	12.8682	-3.398015	0.5942459
12.2	6.17247	6.012467	-0.6267626	7	-0.4341854	-0.8436954	18.25032	0.5256488	0.577199
12.22	6.326579	6.217336	0.1812943	7	-0.1943824	-0.661402	15.53466	1.777557	0.2106819
12.24	6.353911	6.285626	0.2888561	7	0.04158074	-0.3219352	7.915987	4.586718	-0.488245
12.26	6.588104	6.422206	1.453643	7	0.03646246	-0.2561819	5.095843	4.830992	-0.5994873
12.28	6.453905	6.353915	0.673998	7	0.03230312	-0.1236274	-2.562245	2.693587	-1.985817
12.3	6.721425	6.490495	1.975205	7	-0.2480524	-0.3780627	0.7631521	-0.2071759	-1.397293
12.32	6.372533	6.422206	-0.04589072	7	-0.1750397	-0.1100811	-9.951468	-0.8025954	-3.039576
12.34	6.289408	6.353915	-0.503859	7	-0.3080781	-0.05587948	-7.786576	-1.733893	-1.147725
12.36	7.162635	7.241681	3.511727	7	-0.2683405	-0.07508802	-8.516622	-5.123206	-0.6963511
12.38	6.177809	6.080756	-1.607769	7	-0.6053396	-0.4348556	-13.80246	-5.489618	-5.300158
12.4	6.092412	6.080756	-1.854515	7	-0.9408534	-0.6991594	3.129879	-0.3140457	-0.1667709
12.42	5.778145	6.149047	-3.458632	7	-0.5121724	-0.2988588	1.261509	-2.039237	0.4187107
12.44	5.862536	6.012467	-2.714529	7	-0.3702682	-0.3333179	11.89785	-7.672824	2.632232
12.46	6.353253	6.080756	0.1198779	7	-0.4558265	-0.9695588	27.15759	1.991298	2.471812
12.48	6.494461	6.149047	0.9098335	7	-0.3074548	-1.131101	26.19047	5.472213	-0.1032248
12.5	6.598708	6.490495	1.262447	7	0.119076	-0.4793706	12.24824	17.2432	-0.8088398
12.52	6.292799	6.353915	-0.3802256	7	0.4257011	0.2574959	-3.599297	6.418778	-1.264641
12.54	6.450993	6.353915	0.5668958	7	0.248962	0.2327892	-1.275448	1.258473	0.3478308
12.56	6.446854	6.422206	0.5222855	7	0.2054763	0.2205335	-5.265961	-0.9552672	-0.7387486
12.58	6.565239	6.422206	1.128196	7	-0.04552273	-0.04974876	-2.59767	1.151603	-0.8570261
12.6	6.43573	6.353915	0.3939951	7	-0.1880972	-0.1809474	-3.688265	-0.9858016	-1.689177
12.62	5.975467	6.080756	-1.915675	7	-0.1854232	-0.01036634	-5.383577	0.5103816	-1.070413
12.64	5.902142	6.012467	-2.060433	7	-0.2109631	-0.04428348	3.077912	-1.153741	1.486891
12.66	5.993408	6.080756	-1.407166	7	-0.07704554	-0.104005	8.454103	-2.573588	2.028247
12.68	6.198668	6.012467	-0.111461	7	-0.1359685	-0.4833646	17.22009	1.304274	1.732629
12.7	6.107532	6.080756	-0.5239282	7	0.1622283	-0.2038071	11.21167	4.632518	0.6491642
12.72	6.14183	6.149047	-0.2534815	7	0.3882441	0.1604432	6.689219	6.250839	1.274509
12.74	6.187325	6.149047	0.1015947	7	0.4763468	0.306432	3.694296	2.403511	1.131115
12.76	6.095559	6.012467	-0.1884724	7	0.440811	0.3032627	2.623225	1.838626	0.8073692
12.78	6.174932	6.080756	0.3629806	7	0.3860927	0.2526344	3.774502	1.487481	1.155622
12.8	6.058275	6.012467	-0.1287704	7	0.3994425	0.2953208	1.408397	-0.2682441	0.6102085
12.82	6.077397	6.012467	0.1048331	7	0.3492017	0.2659488	2.954601	0.2355724	1.163744
12.84	6.233518	6.149047	0.9400723	7	0.3288653	0.1999136	3.339738	-0.1003056	0.9879761
12.86	6.069936	6.012467	0.1344354	7	0.3259275	0.2316156	0.2456894	-0.1155728	0.0961647
12.88	6.154226	6.080756	0.6193947	7	0.2561258	0.1922352	2.332583	0.0523662	0.9274111
12.9	6.15188	6.080756	0.6088117	7	0.2302725	0.1363884	1.954757	-0.34458	0.4369078
12.92	6.051171	6.080756	0.0675811	7	0.305202	0.3022447	-1.272879	0.1592365	0.4398899
12.94	6.123604	6.080756	0.4826774	7	0.2389036	0.2293044	1.371286	0.06763338	1.035596
12.96	6.056421	6.080756	0.1227258	7	0.2974105	0.2990853	-0.6819591	-0.1003056	0.6423168
12.98	6.080437	6.080756	0.2723585	7	0.2898536	0.3052911	0.290655	0.1287021	1.062507
13	6.051475	6.012467	0.1783489	7	0.2509278	0.2186656	1.978247	-0.05450405	0.9645996
13.02	6.158138	6.149047	0.6998673	7	0.2969849	0.2508132	1.921905	0.03709902	1.13833
13.04	6.101652	6.080756	0.3977362	7	0.3181479	0.2755867	0.361793	0.1287021	0.629303
13.06	6.140756	6.080756	0.6195353	7	0.2667702	0.2167668	2.096364	-0.1155728	0.9618406
13.08	6.064101	6.080756	0.2044156	7	0.3322799	0.3157059	-0.06163049	0.09816774	0.7588749
13.1	6.06916	6.012467	0.2999752	7	0.2679168	0.2265548	2.99091	0.08290056	1.24126
13.12	6.134579	6.080756	0.6454281	7	0.2777997	0.1780452	4.227016	0.03709902	1.228806
13.14	6.123452	6.080756	0.574103	7	0.32346	0.2153095	3.13712	0.06763338	0.9333782
13.16	6.0804	6.012467	0.3929816	7	0.3113742	0.2040731	3.864136	0.006564665	1.050762
13.18	6.08198	6.012467	0.4468838	7	0.3137212	0.1866699	5.182028	0.03709902	1.310694
13.2	6.233839	6.149047	1.20036	7	0.3443588	0.1763654	5.608985	0.0523662	1.347878
13.22	6.182563	6.080756	0.9078982	7	0.3533957	0.1798086	3.643	-0.06977123	0.5793505
13.24	6.237956	6.149047	1.150124	7	0.3459242	0.2150311	3.159564	-0.05450405	0.8654928
13.26	6.169403	6.080756	0.7766608	7	0.3185166	0.2040934	2.427624	0.03709902	0.5853996
13.28	6.137909	6.080756	0.6078437	7	0.3110316	0.2297688	2.767323	0.006564665	0.9669046
13.3	6.049294	6.012467	0.1855498	7	0.3238745	0.250649	3.367282	-0.008702087	1.185454
13.32	6.123803	6.080756	0.5950119	7	0.3529408	0.2522928	5.239367	-0.008702087	1.732635
13.34	6.15931	6.080756	0.788162	7	0.3805878	0.221366	5.641613	0.08290056	1.414837
13.36	6.112693	6.012467	0.5898955	7	0.3839095	0.2040102	6.043776	0.1897708	1.278474
13.38	6.167402	6.080756	0.8847175	7	0.4202498	0.2379074	6.350845	0.1745041	1.562151
13.4	6.117005	6.012467	0.6641357	7	0.4341651	0.2382721	6.128477	-0.08503798	1.320287
13.42	6.200163	6.080756	1.111883	7	0.438026	0.2281175	7.115187	-0.06977123	1.617839
13.44	6.191862	6.080756	1.057962	7	0.4695788	0.2559831	5.646361	0.0523662	1.196476
13.46	6.21715	6.080756	1.192582	7	0.4444668	0.2381894	5.913035	-0.05450405	1.265673
13.48	6.1784	6.080756	0.9761571	7	0.4660197	0.2893328	4.490621	0.03709902	1.129226
13.5	6.200338	6.080756	1.095896	7	0.4358229	0.2649783	5.36366	0.03709902	1.367205
13.52	6.165244	6.080756	0.9010746	7	0.4605948	0.3038623	4.440358	-0.1003056	1.263474
13.54	6.258426	6.149047	1.35514	-7	0.4491233	0.2848191	3.359318	0.03709902	0.9923582
13.56	6.260194	6.149047	1.310825	-7	0.4120218	0.2773394	-0.5499873	-0.06977123	-0.04688549
13.58	6.247125	6.149047	1.188361	-7	0.3096058	0.2632585	-4.171288	0.03709902	-0.6673298
13.6	6.031061	6.012467	0.0679687	-7	0.201846	0.2944277	-8.524115	-0.3598476	-1.261279
13.62	6.023503	6.080756	0.02110037	-7	0.100707	0.3188117	-10.05843	-0.8331298	-0.7573872
13.64	5.996027	6.080756	-0.1497912	-7	-0.001625232	0.2690378	-12.56312	-3.04687	-1.338253
13.66	6.035418	6.080756	0.02481309	-7	-0.1965723	0.08808146	-12.78665	-4.100306	-1.822726
13.68	5.993795	6.080756	-0.272143	-7	-0.3525064	-0.02511691	-15.38939	-4.94	-2.712068
13.7	6.071226	6.149047	0.006985873	-7	-0.562704	-0.1980543	-16.15429	-5.565954	-3.137239
13.72	5.885408	6.080756	-1.104141	-7	-0.6744148	-0.1892598	-21.60252	-5.214809	-4.211756
13.74	5.860525	6.149047	-1.376901	-7	-0.7864382	-0.1386884	-24.2895	-9.825496	-3.808377
13.76	5.83236	6.080756	-1.61446	-7	-1.006733	-0.3421792	-23.84334	-9.474351	-4.234965
13.78	5.92788	6.149047	-1.263908	-7	-1.240197	-0.6131103	-22.36409	-9.291145	-4.690392
13.8	5.867219	6.080756	-1.734791	-7	-1.465612	-0.8652303	-22.67746	-8.23771	-5.796754
13.82	5.834403	6.012467	-2.019594	-7	-1.746525	-1.176979	-19.75381	-9.871297	-6.051164
13.84	5.870355	6.012467	-1.969096	-7	-2.009559	-1.533738	-15.9417	-10.66519	-6.445039
13.86	5.873131	6.012467	-2.130239	-7	-2.20283	-1.803972	-14.27131	-10.58885	-7.16912
13.88	5.754761	6.012467	-2.948654	-7	-2.239257	-1.77817	-17.34131	-8.924733	-7.672148
13.9	5.80084	6.080756	-2.894873	-7	-2.307023	-1.783554	-18.20468	-7.871297	-7.448924
13.92	4.869059	5.124701	-7.381589	-7	-2.54467	-2.002428	-15.02102	-9.42855	-8.141032
13.94	4.954058	5.19299	-6.461967	-7	-2.705666	-2.336171	4.30043	-9.947633	-3.644076
13.96	5.013581	5.19299	-5.798656	-7	-2.535281	-2.584596	11.41341	-9.703359	-4.439694
13.98	5.298946	5.19299	-3.960261	-7	-2.522743	-2.938943	19.12855	2.220305	-5.056225
14	6.857748	6.763654	3.481812	-7	-2.139871	-2.696634	6.530497	5.777557	-7.123726
14.02	6.03254	5.807599	-1.169077	-7	-2.310016	-2.547783	-24.20889	5.838625	-16.07806
14.04	7.150947	7.105102	3.786955	-7	-2.731968	-2.327473	-33.0421	-0.2529774	-12.76622
14.06	5.816278	6.080756	-3.737648	-7	-3.163402	-2.197987	-61.56102	-9.123206	-19.79477
14.08	5.573291	6.080756	-5.238843	-7	-3.895733	-2.310814	-52.822	-19.01633	-13.59784
14.1	4.294035	5.124701	-11.67562	-7	-4.228949	-2.560682	-46.3029	-29.16901	-12.97396
14.12	4.252319	5.124701	-11.42696	-7	-4.362351	-2.9232	-18.88403	-39.13847	-6.35286
14.14	4.844952	5.19299	-7.93236	-7	-4.491718	-4.034333	9.785332	-36.78733	-6.090262
14.16	5.633948	5.466149	-3.753024	-7	-4.567818	-5.047364	25.11707	9.273739	-9.396236
14.18	5.665888	5.739308	-3.945566	-7	-4.053817	-4.559702	5.544231	15.64015	-13.99675
14.2	4.859508	5.124701	-8.029969	-7	-3.811616	-3.756664	-11.82267	14.29664	-14.48281
14.22	5.150445	5.466149	-6.352859	-7	-3.804034	-3.451401	-10.4611	-0.1308399	-10.69629
14.24	5.674989	5.739308	-3.684332	-7	-4.005681	-3.860734	-10.70481	-11.39801	-12.86812
14.26	3.772178	3.827197	-12.73885	-7	-4.475261	-4.23838	-12.54982	-10.75679	-16.50845
14.28	3.772341	4.168647	-11.83654	-7	-4.523593	-4.163332	10.8482	3.594351	-7.177417
14.3	3.616711	3.895488	-11.7292	-7	-4.245738	-4.430352	22.69564	-3.336946	-7.498812
14.32	3.777199	4.168647	-10.19797	-7	-3.552868	-3.888008	19.87287	-3.031603	-6.972337
14.34	4.062577	3.895488	-7.804997	-7	-3.539241	-4.247143	26.81082	12.47985	-8.149092
14.36	4.994226	4.510095	-2.574699	-7	-3.634298	-4.711217	27.51653	16.76992	-10.60118
14.38	4.35423	3.895488	-5.515874	-7	-3.772485	-4.723582	8.749119	19.38061	-16.72741
14.4	3.65702	3.554038	-8.525282	-7	-3.92876	-4.264217	0.6714697	9.304274	-14.52767
14.42	2.681503	2.871142	-12.5764	-7	-3.994885	-3.976151	1.795393	-1.688092	-11.80598
14.44	2.362925	2.529693	-12.92267	-7	-4.06944	-4.17256	19.98726	-14.26824	-7.349952
14.46	3.221733	3.21259	-7.642372	-7	-3.849128	-4.488596	32.48376	-15.64229	-6.29495
14.48	3.099576	2.597983	-7.374682	-7	-3.982484	-5.162463	34.67252	-3.230076	-11.52637
14.5	1.294142	1.300479	-15.34236	-7	-3.669996	-4.443345	23.44924	11.33481	-11.91993
14.52	1.550598	1.915086	-12.65033	-7	-3.059933	-3.493937	31.77123	11.70122	-2.963315
14.54	1.288151	1.641927	-12.67298	-7	-2.30454	-2.858212	22.14736	-0.2835118	-4.808681
14.56	1.578233	1.300479	-9.535538	-7	-2.43111	-3.315253	34.95211	5.808091	-4.105041
14.58	1.130791	0.8907404	-10.37734	-7	-2.282752	-3.32511	29.84198	19.07527	-6.972863
14.6	1.300594	1.02732	-8.167603	-7	-2.216006	-3.209813	29.88492	16.0371	-5.801881
14.62	0.6736979	0.6858721	-10.19859	-7	-1.859151	-2.569602	12.39417	11.65542	-7.970245
14.64	0.2464565	0.2761335	-10.91775	-7	-1.849296	-2.233619	10.58673	3.579083	-5.759521
14.66	0.1149366	0.002975464	-10.04719	-7	-2.023692	-2.504566	18.25146	2.876794	-4.721923
14.68	-0.1933563	-0.3384733	-10.14802	-7	-2.088466	-2.731354	22.10451	2.128702	-5.290534
14.7	-0.7162976	-0.6799221	-11.36891	-7	-1.887455	-2.457741	20.00665	2.815725	-4.808588
14.72	-1.461874	-1.02137	-13.67092	-7	-1.297065	-1.51397	10.26004	4.663054	-2.992375
14.74	-1.039155	-1.02137	-9.768062	-7	-1.310565	-1.737083	24.88997	2.708855	0.2276678
14.76	-2.425036	-2.660322	-14.70883	-7	-1.48228	-2.303959	32.59802	5.97603	-3.179391
14.78	-3.116819	-3.001771	-15.91263	-7	-1.096372	-1.885073	46.76623	13.27374	3.010008
14.8	-3.947286	-3.411509	-17.7864	-7	0.03526059	-0.7133995	43.72709	12.89206	5.963725
14.82	-3.038042	-3.411509	-10.42473	-7	0.1941333	-1.296785	73.21692	20.86152	9.921947
14.84	-3.883891	-3.684668	-12.76617	-7	1.566122	0.1074843	40.02657	23.54855	3.801382
14.86	-3.535419	-4.094406	-8.38577	-7	1.464399	-0.007700443	52.31615	35.1974	7.379889
14.88	-4.043887	-4.435854	-8.825701	-7	1.79431	0.3020694	38.48609	25.74702	3.686766
14.9	-4.207945	-4.777303	-7.407238	-7	1.668733	0.2950849	39.75878	25.21267	4.771997
14.92	-5.872978	-5.050462	-14.18663	-7	3.08156	2.863609	-9.070153	8.128701	3.862026
14.94	-4.650074	-5.39191	-5.094766	-7	1.858898	1.179049	39.86636	5.014198	11.85511
14.96	-6.136708	-6.211386	-10.75006	-7	2.267482	1.355932	17.98173	-3.917099	3.107736
14.98	-5.29425	-5.460199	-4.543972	-7	2.303761	1.613898	27.57761	16.11344	9.777854
15	-7.273703	-6.143096	-13.33729	-7	3.864939	4.194011	-32.08015	-1.489618	3.919268
15.02	-4.963977	-5.460199	0.6386459	-7	2.634144	2.604866	16.10648	12.60198	13.83645
15.04	-6.812047	-6.143096	-7.992205	-7	3.538946	3.807117	-42.68672	-3.077404	-0.5949183
15.06	-6.604736	-6.825994	-4.889525	-7	2.273727	2.811411	-9.152866	16.06763	8.26648
15.08	-7.97886	-6.484545	-11.08178	-7	3.607333	4.947104	-55.2497	-7.184274	5.362906
15.1	-6.379803	-7.50889	-0.3705993	-7	1.110105	1.084178	31.7175	-6.924732	12.44911
15.12	-7.256771	-7.167441	-4.223839	-7	1.732172	1.182136	6.15592	3.594351	1.771041
15.14	-5.66673	-6.825994	4.991196	-7	0.5730752	-0.5913502	45.8256	12.61725	6.09375
15.16	-8.268902	-7.850338	-8.068025	-7	1.768687	1.327706	-11.70551	-5.504885	-3.656453
15.18	-5.32288	-6.484545	8.066504	-7	0.3395752	-0.561475	51.45396	-4.833129	10.29479
15.2	-6.62512	-6.552835	0.7384569	-7	1.463105	0.6534222	-13.03987	-20.52778	-6.639082
15.22	-3.979316	-6.484545	14.94557	-7	-1.457181	-3.266534	63.84431	6.586717	0.2533302
15.24	-6.184918	-6.074806	1.937066	-7	-0.007541567	-0.9015007	-25.58782	-8.878931	-15.86705
15.26	-7.10387	-7.850338	-2.113154	-7	-1.492329	-1.533529	9.458818	-35.0774	-3.585981
15.28	-9.165575	-7.782049	-12.60323	-7	0.05238581	0.9905913	-20.01694	-24.54305	0.7394152
15.3	-6.63821	-6.757704	1.250533	-7	-0.4406302	-0.3985907	42.71239	-33.42855	13.10848
15.32	-7.143246	-6.825994	-1.604252	-7	0.7576476	0.1913901	7.36358	-1.306412	-0.3276339
15.34	-5.994967	-6.825994	4.715884	-7	0.01744038	-0.8528401	32.37979	1.334809	2.829459
15.36	-7.533956	-7.782049	-3.005993	-7	0.272037	-0.4661805	9.297083	-1.703359	-3.987361
15.38	-7.448332	-7.850338	-1.786197	-7	-0.07914323	-0.6421238	32.48626	2.892061	4.139146
15.4	-7.543087	-7.713759	-1.832186	-7	0.3148767	-0.5006719	32.9417	4.769923	3.499367
15.42	-7.204928	-7.850338	0.5494206	-7	0.2013156	-1.017301	47.50465	-6.023969	4.168262
15.44	-6.462301	-6.484545	3.960359	-7	1.231088	0.2567282	19.0154	16.34244	2.149288
15.46	-5.914234	-6.552835	6.554426	-7	0.9984787	0.1557143	6.314329	8.357709	-1.649034
15.48	-6.078162	-6.484545	5.217439	-7	0.7561475	0.4131644	-16.39754	14.34244	-5.308203
15.5	-6.211846	-6.484545	4.094951	-7	0.1954352	0.3920634	-24.91769	-2.176641	-5.062002
15.52	-7.91153	-7.713759	-4.551651	-7	-0.1936042	0.5680081	-31.25308	-7.062137	-4.891151
15.54	-8.179533	-7.918628	-5.281319	-7	-0.636947	0.1292662	0.9918456	-22.54305	4.108985
15.56	-7.070568	-7.030862	0.5629267	-7	-0.5416335	-0.6399845	25.67572	-19.0316	5.804352
15.58	-6.358037	-6.825994	4.000932	-7	-0.487938	-1.385607	29.98565	-12.19191	0.3240137
15.6	-6.860122	-6.825994	0.9059129	-7	0.1748711	-0.3203981	1.196636	10.0829	-3.383015
15.62	-6.409861	-6.757704	3.127693	-7	-0.1426219	-0.4423685	7.60756	15.04473	-0.4158564
15.64	-8.036097	-7.782049	-5.127906	-7	0.1750748	0.3141503	-11.60619	1.884427	-3.050768
15.66	-7.486949	-7.782049	-1.5097	-7	-0.4521891	-0.5554093	28.01039	-3.489618	5.847355
15.68	-8.288477	-7.850338	-5.381273	-7	0.5002868	0.2862264	12.71266	-2.314046	2.818059
15.7	-6.986382	-7.782049	2.187204	-7	-0.1520337	-1.166567	55.60135	2.357709	7.737458
15.72	-7.17261	-7.850338	1.418373	-7	0.1683497	-1.452026	47.32285	15.96076	0.4364777
15.74	-7.028931	-7.850338	2.468156	-7	0.175894	-1.414796	49.23364	13.65542	1.42736
15.76	-7.744262	-7.850338	-1.139278	-7	0.9949461	-0.01978582	22.10968	17.70122	0.4566402
15.78	-7.038521	-7.782049	3.037868	-7	0.6084908	-0.4690085	39.21145	-2.222443	4.462366
15.8	-6.940281	-6.894283	3.089501	-7	1.525864	0.82726	3.296413	-0.7109923	0.2128811
15.82	-5.925546	-6.825994	8.231359	-7	0.7047443	-0.05968988	11.48229	3.029465	-0.2392035
15.84	-6.537703	-6.825994	4.403493	-7	0.6867239	0.3730835	-19.81387	-0.5430534	-6.586689
15.86	-5.147672	-5.460199	10.49452	-7	0.1864183	0.3740596	-25.0688	-1.611756	-3.688951
15.88	-7.508941	-7.235731	-2.309754	-7	-0.06162032	0.8840171	-60.15358	-17.74916	-11.58885
15.9	-5.967143	-6.074806	5.27872	-7	-1.247385	-0.2017356	-17.71637	-19.26061	0.9004993
15.92	-8.302142	-7.4406	-7.257059	-7	-0.7497268	0.4378923	-46.13853	-29.59649	-7.495137
15.94	-5.153847	-6.074806	9.021212	-7	-2.534851	-2.543153	39.59444	-6.008702	5.788258
15.96	-6.098433	-6.143096	2.716952	-7	-1.723044	-2.381748	-1.042769	-12.19191	-11.27347
15.98	-4.105819	-6.143096	12.62003	-7	-3.881371	-5.505554	65.19195	-0.1919082	-5.374319
16	-7.58387	-7.50889	-6.365127	-7	-2.65914	-3.620733	6.77683	-1.596489	-16.63552
16.02	-7.410478	-7.4406	-5.032353	-7	-2.674592	-2.943769	47.78498	-29.73389	3.304392
16.04	-6.643304	-5.733358	-1.827037	-7	-0.635175	-0.9538497	22.64375	-2.588855	3.359963
16.06	-6.327754	-7.099152	0.3515496	-7	-1.10896	-2.223031	46.88644	-2.878931	0.8522339
16.08	-6.513433	-6.825994	-0.5633281	-7	-0.5631723	-1.744189	36.42163	21.0142	-1.066461
16.1	-7.015276	-7.782049	-2.369428	-7	-0.8328061	-2.180779	50.93638	19.57908	0.1722059
16.12	-7.746248	-7.4406	-5.755955	-7	0.409378	-0.3861671	29.30127	10.06763	2.656533
16.14	-5.249867	-5.801648	7.222685	-7	0.5261933	-0.6536865	45.64097	10.06763	7.162396
16.16	-6.628957	-7.099152	0.09383893	-7	0.853216	-0.2916782	5.009171	9.945495	-6.522645
16.18	-6.104743	-6.825994	3.186257	-7	0.1549252	-0.5383016	18.7776	26.20504	0.3226414
16.2	-8.283694	-7.713759	-7.807036	-7	1.006707	1.190466	-21.38309	-6.741527	-3.260123
16.22	-6.496244	-7.850338	2.897884	-7	-0.9893398	-1.824246	62.43317	-0.5735877	8.580705
16.24	-5.760383	-6.143096	5.918934	-7	-0.04481661	-1.570364	33.66265	-9.825496	-2.025982
16.26	-6.087461	-7.50889	4.439549	-7	-0.9951901	-2.713834	42.7095	15.93023	-5.651889
16.28	-8.054003	-7.50889	-5.978931	-7	0.3593902	0.06082702	-6.987464	-7.657557	-4.680304
16.3	-7.096653	-7.4406	-0.2592514	-7	-0.2005278	-0.4582411	30.73806	-13.00107	6.538339
16.32	-7.171388	-7.167441	-0.6060922	-7	0.403883	-0.21044	17.31522	-14.68046	1.182008
16.34	-6.711978	-7.235731	2.071421	-7	0.1658917	-0.6238893	26.40656	13.57908	1.779569
16.36	-8.180611	-8.123497	-5.083076	-7	0.6201296	0.2030364	6.458222	4.708854	-1.021146
16.38	-8.149841	-8.123497	-4.016088	-7	0.6756	0.4827343	23.2715	12.47985	6.894824
16.4	-8.022143	-8.123497	-2.570951	-7	0.9490749	0.332298	31.43318	-2.222443	6.716694
16.42	-6.754859	-6.825994	3.958763	-7	1.598379	0.8432087	21.39098	24.84626	6.01412
16.44	-5.801417	-6.552835	8.584939	-7	1.329236	0.3392282	8.585642	14.20504	-0.8515739
16.46	-7.640047	-7.918628	-0.8733083	-7	1.116303	0.8997321	-23.46028	25.80809	-6.822313
16.48	-6.441967	-6.416255	5.025561	-7	0.8118777	1.262575	-17.05753	7.044733	2.359742
16.5	-8.2807	-8.123497	-4.266914	-7	0.5335527	1.123457	-31.81134	-10.95527	-4.387082
16.52	-7.124427	-7.099152	1.872455	-7	-0.01671174	0.5451817	-0.6192493	-24.86366	5.203384
16.54	-7.479354	-7.235731	-0.2515198	-7	0.258892	0.5068898	-12.85421	-4.45145	-1.049339
16.56	-7.318107	-7.4406	0.6742079	-7	-0.1303514	0.02007653	0.9856246	-20.14611	1.087992
16.58	-8.722724	-7.50889	-6.831773	-7	1.184497	2.187488	-38.06372	13.74702	0.1606665
16.6	-7.955422	-7.4406	-2.299963	-7	0.9931433	2.041775	-12.72866	-12.45145	8.50574
16.62	-7.128686	-6.074806	1.35746	-7	2.0617	3.113917	-41.14732	6.861526	4.392501
16.64	-7.322226	-7.850338	1.017115	-7	0.6082462	1.030312	-14.87374	0.8615263	0.3195248
16.66	-6.045526	-6.143096	6.962599	-7	0.3779717	0.5869153	-13.26169	22.78519	0.2868633
16.68	-7.361176	-7.4406	-0.1347207	-7	-0.0006805006	0.3431155	-29.1936	2.220305	-6.740905
16.7	-6.516026	-6.143096	3.543898	-7	-0.03133896	0.8346171	-27.62212	-2.802595	0.05923271
16.72	-6.590344	-6.143096	2.304881	-7	0.02074879	0.9955426	-43.85647	-10.49725	-4.254184
16.74	-7.905523	-7.782049	-4.250834	-7	-0.8259081	0.2166641	-29.11739	-20.1003	-3.706415
16.76	-8.725871	-7.850338	-8.148647	-7	-0.5513713	0.6860117	-15.82615	-4.436183	3.241725
16.78	-7.923088	-7.782049	-3.316	-7	-0.7712285	-0.4924648	28.3301	-21.50488	8.465051
16.8	-6.096296	-6.143096	5.574938	-7	-0.09946055	-0.7968345	30.89563	1.029466	4.658577
16.82	-7.048305	-7.50889	0.5638721	-7	-0.03680691	-0.9152191	12.69657	13.56382	-4.590731
16.84	-5.692229	-5.801648	6.832691	-7	0.2704449	-0.09077623	3.725861	22.89206	0.3661318
16.86	-7.609972	-7.235731	-3.377498	-7	0.697558	1.079091	-37.15466	0.3424426	-6.845976
16.88	-7.229271	-7.235731	-0.924669	-7	-0.07742101	0.596486	-6.671623	-6.741527	3.420772
16.9	-7.868983	-7.099152	-4.300783	-7	0.6134591	1.367854	-23.2182	-12.39038	1.097229
16.92	-6.293525	-7.167441	4.43846	-7	-0.793513	-1.140487	33.13283	-5.794962	5.008744
16.94	-7.251863	-7.167441	-0.9388916	-7	-0.05600482	-0.556797	2.932624	7.716488	-4.051223
16.96	-5.68471	-7.235731	7.565124	-7	-1.682928	-3.044946	59.86935	5.777557	1.508433
16.98	-7.377133	-7.235731	-1.936885	-7	-0.368471	-1.290763	7.502576	3.197403	-7.599535
17	-6.231571	-7.167441	4.277647	-7	-1.239468	-2.20285	46.6995	-12.37511	2.265353
17.02	-8.367683	-7.167441	-7.411294	-7	0.9575987	1.110288	-25.067	-2.039237	-4.127458
17.04	-6.387463	-7.167441	3.709136	-7	-0.3887037	-0.6826966	38.44333	-15.21481	8.51553
17.06	-9.047302	-8.123497	-9.955389	-7	1.231885	1.327377	-18.67505	8.418778	-2.757371
17.08	-7.070534	-8.123497	1.806457	-7	-0.3699735	-1.054908	63.55611	-3.15374	12.23914
17.1	-8.137783	-8.123497	-3.518286	-7	0.821197	-0.3862637	31.85982	10.75466	0.8816166
17.12	-6.230264	-8.123497	7.39461	-7	-0.6507772	-2.91818	94.06226	1.563817	7.076261
17.14	-6.046862	-6.825994	7.472642	-7	0.4759476	-1.916925	47.71514	13.74702	-4.087246
17.16	-5.987264	-8.123497	8.14213	-7	-0.9702317	-3.530666	69.18593	8.29664	-4.880541
17.18	-6.508243	-6.825994	4.444085	-7	0.1400941	-1.354832	19.47865	4.907328	-6.339109
17.2	-7.730641	-8.191787	-1.591071	-7	-0.08502918	-0.7487276	13.64686	-30.58885	-3.129865
17.22	-8.723028	-8.191787	-6.328492	-7	0.6660634	0.8172294	2.766953	-14.63466	3.227369
17.24	-6.621348	-7.099152	4.910014	-7	0.2785519	-0.3120955	40.371	-19.36748	9.096266
17.26	-7.254076	-7.099152	1.12715	-7	1.297223	0.7098107	-4.284822	8.556183	-2.334537
17.28	-7.560714	-8.191787	0.2222331	-7	0.4378517	0.03785622	13.89189	14.70885	1.250263
17.3	-8.54054	-8.191787	-4.518678	-7	1.014998	1.04341	-0.8318577	6.449313	2.216757
17.32	-7.665587	-8.123497	0.7917783	-7	0.4620548	0.01494265	33.96386	7.426411	7.745113
17.34	-6.897219	-6.825994	4.268115	-7	1.341895	0.7174898	10.09189	4.876793	2.776958
17.36	-6.007824	-6.416255	8.254972	-7	1.25769	0.7777214	-6.431796	23.35008	-1.108325
17.38	-7.710189	-7.850338	-0.6296133	-7	0.9211348	1.108651	-31.92906	4.403511	-6.409191
17.4	-6.520623	-6.484545	5.144822	-7	0.4639542	1.096639	-19.0117	-4.588855	2.180613
17.42	-8.237061	-8.123497	-3.637073	-7	0.1122154	0.7053298	-27.74937	-21.06214	-4.4013
17.44	-8.361037	-8.055207	-3.818224	-7	-0.1690196	0.5756781	-1.901247	4.708854	4.701284
17.46	-8.467237	-8.123497	-3.969521	-7	0.1106636	0.3657056	12.12208	-17.41328	5.683941
17.48	-7.857553	-7.099152	-1.013601	-7	1.257383	1.550222	-0.8926792	20.11343	6.815418
17.5	-8.754429	-8.123497	-5.208536	-7	1.862144	2.392393	-17.29208	8.037099	4.29501
17.52	-8.519883	-8.260077	-3.097375	-7	1.746604	2.211392	0.79633	27.73175	9.246131
17.54	-8.30042	-8.123497	-1.361452	-7	1.936637	2.007935	4.593247	10.47985	7.78731
17.56	-8.058441	-8.191787	0.4545726	-7	1.869713	1.64231	9.535372	10.15924	6.471838
17.58	-7.8918	-8.123497	1.683994	-7	1.812818	1.438682	8.664984	15.1974	4.811473
17.6	-7.873576	-8.055207	1.979888	-7	1.806242	1.513519	2.20188	10.69359	3.535771
17.62	-7.261631	-7.167441	4.785957	-7	2.084074	2.136461	-14.94839	5.701221	3.094337
17.64	-5.141113	-5.733358	14.67467	-7	1.446018	1.301177	-19.20025	-2.222443	-0.4011087
17.66	-7.490071	-7.50889	1.705002	-7	1.055642	1.716695	-67.17326	-5.275878	-12.59504
17.68	-6.335085	-6.143096	6.858184	-7	0.1268454	1.630074	-50.00987	-12.03924	-0.5890856
17.7	-8.440617	-7.782049	-4.455904	-7	-0.202239	1.488442	-64.47598	-19.64229	-7.01625
17.72	-7.081999	-6.825994	2.345543	-7	-1.106635	0.2879625	-15.86626	-32.95527	4.525867
17.74	-7.65326	-7.235731	-1.194629	-7	-0.9442449	-0.2382203	-17.24887	-19.23008	-2.39798
17.76	-7.530714	-7.50889	-0.6336616	-7	-1.273053	-0.9327838	9.046072	-26.86366	1.437639
17.78	-9.02239	-7.50889	-8.767528	-7	0.5241309	1.588538	-28.83273	7.151602	1.337266
17.8	-6.504111	-6.484545	4.418674	-7	0.1033295	0.4980985	18.52778	-9.138474	10.86951
17.82	-7.119604	-6.416255	0.373867	-7	1.336229	1.621032	-31.08458	9.716488	-2.501627
17.84	-5.607683	-6.484545	8.20682	-7	-0.1391962	-0.2523043	6.225763	9.701221	1.298289
17.86	-7.521517	-7.4406	-2.080604	-7	0.01524568	0.132111	-24.84146	15.57908	-7.708589
17.88	-5.371615	-6.143096	8.774845	-7	-1.180092	-1.386737	22.27974	-11.59649	2.641249
17.9	-8.933307	-7.50889	-10.39959	-7	0.7132124	1.639923	-57.82713	-0.05450405	-9.18794
17.92	-6.708949	-6.484545	1.57955	-7	-0.113705	1.005731	2.085859	-21.52015	11.08996
17.94	-9.811362	-7.577179	-14.6643	-7	2.253244	4.110248	-73.4113	6.632518	-0.8384027
17.96	-6.711458	-6.143096	2.124182	-7	1.54809	3.168653	-11.76262	-22.60412	17.10171
17.98	-10.04436	-7.50889	-15.16362	-7	3.982703	6.37434	-103.12	17.79282	0.1608725
18	-7.782325	-7.372311	-1.73009	-7	2.375486	4.471134	-23.80289	-2.573588	18.86017
18.02	-6.358252	-5.801648	5.227691	-7	2.712957	3.581277	-39.23736	16.80046	5.655356
18.04	-6.07253	-7.167441	7.012528	-7	0.7604204	0.7398716	-14.25596	2.449312	-2.349602
18.06	-6.825006	-7.099152	2.731678	-7	0.2005609	0.3958069	-24.12226	24.84626	-5.475284
18.08	-7.364594	-7.099152	-0.3604585	-7	0.02728924	0.7810964	-26.6158	-4.512519	-1.827047
18.1	-7.614539	-7.167441	-1.771644	-7	-0.007001132	0.8863659	-20.49968	-10.14611	1.217387
18.12	-7.096129	-7.099152	0.9199352	-7	-0.392674	-0.02527747	2.875707	-20.80259	2.918942
18.14	-7.199823	-7.235731	0.2386952	-7	-0.3717687	-0.4409243	7.629183	-0.680458	0.326642
18.16	-7.064691	-7.167441	0.8265426	-7	-0.3203898	-0.5549706	14.21492	5.563817	1.211408
18.18	-7.360665	-7.235731	-0.8307813	-7	0.09420148	-0.06912847	7.235498	4.235572	0.7974958
18.2	-6.894589	-7.167441	1.676242	-7	-0.04766649	-0.4366555	20.64096	3.456946	2.798382
18.22	-7.196919	-7.167441	-0.02705124	-7	0.3981225	0.04325213	7.963757	1.121068	0.3611879
18.24	-7.082073	-7.167441	0.6482783	-7	0.4687954	0.2375995	9.469121	6.021831	2.245465
18.26	-7.205306	-7.167441	0.03710423	-7	0.7019473	0.5565256	2.973194	-0.8636642	1.658958
18.28	-7.023592	-7.167441	1.113032	-7	0.6123862	0.4333501	6.891965	2.510381	2.381225
18.3	-6.856311	-7.167441	2.048638	-7	0.4213457	0.04670632	10.84194	1.579084	1.281688
18.32	-6.92371	-7.099152	1.611368	-7	0.4626833	0.1392576	5.49675	3.38061	0.1998339
18.34	-6.784092	-7.099152	2.311572	-7	0.2462045	-0.09486437	9.076133	0.3424426	0.5122204
18.36	-7.008413	-7.167441	1.058054	-7	0.257623	-0.009586867	4.522695	-0.894199	-0.3863773
18.38	-7.027329	-7.099152	0.9005225	-7	0.2820524	0.1514262	3.91218	0.3882442	0.8222179
18.4	-5.463664	-5.801648	8.301574	-7	0.1724605	-0.1967732	7.134816	-0.3751148	0.9802456
18.42	-5.573474	-5.733358	6.597492	-7	0.2874055	0.1553989	-26.15701	-0.2835118	-7.503141
18.44	-5.550961	-5.733358	5.82093	-7	-0.3103388	0.174239	-35.73576	-0.558321	-7.085194
18.46	-7.952959	-7.577179	-6.586843	-7	-0.754058	0.4111885	-44.14286	-19.64229	-7.566692
18.48	-7.782319	-7.50889	-5.071776	-7	-1.428012	-0.4367412	6.365427	-26.64992	5.408207
18.5	-8.169328	-7.577179	-6.745043	-7	-0.7470211	-0.4712568	18.47199	-21.67282	4.967714
18.52	-7.012375	-7.4406	-0.1331391	-7	-0.8901349	-1.742102	59.89424	4.647786	8.102549
18.54	-6.980159	-7.577179	0.2845511	-7	-0.4089045	-2.092863	61.00386	13.31954	2.271531
18.56	-6.463693	-7.167441	3.050493	-7	0.03685772	-1.758771	58.46404	26.51038	2.450793
18.58	-6.770921	-7.167441	1.419554	-7	0.755784	-0.677412	33.16631	17.04473	-0.1958847
18.6	-6.45267	-6.825994	3.077875	-7	1.041269	0.09276754	20.49823	12.95313	1.499255
18.62	-6.591361	-6.825994	2.306891	-7	1.217605	0.6717108	1.532203	5.090534	-0.463809
18.64	-6.144518	-6.757704	4.678032	-7	0.6174445	0.1195612	6.88215	-4.848397	-0.09239292
18.66	-6.317882	-6.757704	3.549373	-7	0.3047133	-0.1076452	-1.636095	0.7851904	-3.174156
18.68	-6.507939	-6.757704	2.330264	-7	0.0237602	-0.08280251	-5.654447	-4.085038	-2.655475
18.7	-6.857023	-6.757704	0.2691605	-7	0.03572827	0.2751179	-12.78263	-5.306412	-1.848313
18.72	-6.796249	-6.825994	0.5355502	-7	-0.2421615	-0.007373364	-3.672744	-12.83313	0.09982777
18.74	-7.155817	-7.099152	-1.306224	-7	-0.2817738	-0.1461175	-0.3144795	-8.909466	-0.2106876
18.76	-7.127617	-7.167441	-0.9915003	-7	-0.3604431	-0.4086541	12.2286	-6.955266	1.902683
18.78	-7.401343	-7.167441	-2.336599	-7	0.1091949	0.04314059	8.245814	0.6019847	1.957142
18.8	-6.857269	-7.235731	0.8529631	-7	-0.1618993	-0.6831843	29.38429	1.38061	3.846775
18.82	-6.832823	-7.167441	1.032886	-7	0.04487324	-0.7999812	27.03798	5.792823	0.879962
18.84	-6.334659	-6.757704	3.483916	-7	0.1626121	-0.7137102	24.96715	8.372976	0.8365231
18.86	-6.555846	-6.825994	2.117522	-7	0.3838404	-0.2717259	8.72065	10.84626	-1.881769
18.88	-6.339312	-6.825994	3.19834	-7	0.04615188	-0.4914877	12.09934	-0.08503798	-0.7798986
18.9	-6.756052	-6.825994	0.8069647	-7	0.219711	-0.01715249	-2.332238	0.663053	-2.255934
18.92	-6.476915	-6.825994	2.260661	-7	-0.1937746	-0.4220412	8.308438	-5.596488	-0.01156521
18.94	-6.982303	-6.825994	-0.5970358	-7	0.1445698	0.1529092	-6.62956	-6.955266	-1.714282
18.96	-6.692241	-7.167441	1.208445	-7	-0.5353156	-0.8032468	17.86899	-3.230076	1.207453
18.98	-7.289693	-7.099152	-1.997359	-7	0.001049712	-0.1696768	4.276378	-4.298779	-0.5865364
19	-6.754318	-7.235731	1.14848	-7	-0.4670421	-0.9864491	29.93006	-0.558321	3.03268
19.02	-7.096987	-7.167441	-0.6683359	-7	0.02787669	-0.6015815	18.83533	-1.092672	0.05226707
19.04	-6.826637	-7.167441	0.9395403	-7	0.01485109	-0.6543803	26.43766	5.121069	2.198351
19.06	-7.164108	-7.167441	-0.7723129	-7	0.5168023	0.007939994	12.54772	2.861526	0.7361021
19.08	-6.830708	-7.167441	1.237767	-7	0.3887172	-0.1544994	20.57125	5.319541	2.712463
19.1	-6.834819	-6.894283	1.136844	-7	0.7547283	0.3158098	6.934589	2.617251	0.7272511
19.12	-6.40689	-6.825994	3.381652	-7	0.4684259	0.0005422533	10.23521	4.953129	0.7370825
19.14	-6.743113	-6.825994	1.426025	-7	0.6033427	0.3946642	-6.344027	1.319542	-1.94204
19.16	-6.917312	-7.099152	0.6341635	-7	0.266274	0.273266	-2.935285	0.4798468	-0.283927
19.18	-6.861449	-7.099152	1.010703	-7	-0.05750829	-0.1818156	5.939644	-4.527786	0.3833303
19.2	-6.946483	-7.167441	0.5975997	-7	-0.1935125	-0.4725966	10.57089	-4.207176	-0.05216217
19.22	-7.055618	-7.235731	0.08398205	-7	-0.1997293	-0.544739	14.18545	-1.611756	0.4214144
19.24	-7.132114	-7.167441	-0.2986224	-7	0.03355951	-0.2757628	12.74691	0.2966411	1.122535
19.26	-6.975976	-7.167441	0.6155184	-7	0.07173826	-0.3463545	17.24003	0.1287021	1.753543
19.28	-6.903689	-7.099152	1.003321	-7	0.2039457	-0.2903312	15.38904	1.044732	0.9741907
19.3	-6.935287	-7.167441	0.8984071	-7	0.2501162	-0.2282464	13.66108	1.594351	0.6267338
19.32	-7.045862	-7.167441	0.3751645	-7	0.3823717	0.02795558	9.256862	-0.4209159	0.7533913
19.34	-7.004835	-7.167441	0.6945113	-7	0.3852739	0.07390998	9.753382	-0.1155728	1.343946
19.36	-6.937082	-7.235731	1.182777	-7	0.2447905	-0.1818621	13.66177	-0.6041221	1.051506
19.38	-7.004699	-7.167441	0.8408379	-7	0.3391495	-0.04476504	9.722433	0.4798468	0.5433159
19.4	-6.985412	-7.235731	1.037522	-7	0.2531334	-0.1303513	11.83765	0.2203052	0.8924646
19.42	-6.956406	-7.167441	1.202925	-7	0.2621272	-0.128803	11.06029	-0.3903816	0.6904058
19.44	-6.99725	-7.167441	0.9905652	-7	0.2993444	-0.03878923	8.627384	0.1592365	0.4958162
19.46	-6.947724	-7.167441	1.273918	-7	0.2352981	-0.09965815	9.734998	0.1897708	0.6880198
19.48	-6.895175	-7.099152	1.501854	-7	0.2188091	-0.1209186	8.756693	-0.3293133	0.3527441
19.5	-6.974738	-7.167441	1.068995	-7	0.1843784	-0.1201387	7.4273	-0.1308399	0.03116703
19.52	-6.971854	-7.167441	1.083773	-7	0.1210901	-0.1680665	8.809007	-0.06977123	0.4189644
19.54	-7.007123	-7.167441	0.881911	-7	0.1233026	-0.1639074	8.634344	-0.03923687	0.3804893
19.56	-7.047592	-7.167441	0.6604327	-7	0.165681	-0.08852648	7.951541	0.08290056	0.5926552
19.58	-7.013576	-7.167441	0.852528	-7	0.1582285	-0.115073	9.347725	0.03709902	0.8563013
19.6	-6.93417	-7.099152	1.230504	-7	0.1752451	-0.1327287	9.37488	-0.1155728	0.6895123
19.62	-7.009743	-7.167441	0.8267601	-7	0.1899444	-0.1031927	7.84418	0.0523662	0.2769833
19.64	-6.911201	-7.099152	1.32008	-7	0.1511547	-0.1461623	9.304153	0.0523662	0.6824741
19.66	-6.918807	-7.099152	1.228368	-7	0.1477938	-0.162178	8.056828	-0.08503798	0.1365356
19.68	-7.038519	-7.235731	0.6427317	-7	0.08294971	-0.214927	9.005148	-0.02396969	0.1701374
19.7	-7.038008	-7.167441	0.6488295	-7	0.1212983	-0.1529014	9.592582	0.02183184	0.7927723
19.72	-6.9947	-7.167441	0.8905196	-7	0.1249029	-0.196882	11.04044	0.08290056	0.8488979
19.74	-6.978414	-7.167441	0.9800233	-7	0.1396343	-0.2197173	11.30395	-0.08503798	0.6407394
19.76	-6.934213	-7.099152	1.170428	-7	0.1940834	-0.1501341	9.859598	0.03709902	0.5675898
19.78	-6.888859	-7.099152	1.378088	-7	0.1693503	-0.1795498	9.577651	0.006564665	0.3506041
19.8	-6.982697	-7.167441	0.8837033	-7	0.15643	-0.1598231	8.233015	-0.03923687	0.07191563
19.82	-6.971239	-7.167441	0.9631495	-7	0.1056244	-0.2033983	9.994351	-0.05450405	0.5547419
19.84	-6.853822	-7.030862	1.497759	-7	0.1282949	-0.201322	9.593938	-0.03923687	0.4783649
19.86	-6.9017	-7.099152	1.198135	-7	0.1088484	-0.2169808	8.119835	-0.05450405	-0.1329737
19.88	-7.072188	-7.235731	0.3504782	-7	0.07863075	-0.1927065	8.170347	0.006564665	0.1048641
19.9	-7.028494	-7.167441	0.6099638	-7	0.08806039	-0.1828902	10.5776	0.0523662	1.024753
19.92	-7.089225	-7.235731	0.3503385	-7	0.1288218	-0.1899198	11.20311	-0.1003056	0.8421783
19.94	-7.010649	-7.167441	0.7940694	-7	0.1818896	-0.1648841	12.29619	0.0523662	1.216095
19.96	-6.962509	-7.167441	1.06929	-7	0.204596	-0.1950037	12.35676	-0.03923687	0.8336296
19.98	-7.022458	-7.235731	0.8090264	-7	0.2106308	-0.1901227	11.75963	0.03709902	0.5646057
20	-6.961662	-7.167441	1.146764	-7	0.223522	-0.1660457	11.91895	-0.02396969	0.857585
20.02	-6.881296	-7.099152	1.531754	-7	0.2348328	-0.162494	10.69963	-0.008702087	0.5113649
20.04	-6.962876	-7.167441	1.096215	-7	0.2253836	-0.1270543	8.396784	0.006564665	0.04243469
20.06	-7.040776	-7.235731	0.7394867	-7	0.1725376	-0.1333721	9.058637	-0.008702087	0.4297447
20.08	-7.003311	-7.167441	0.943396	-7	0.1770217	-0.1254895	9.793292	0.0523662	0.8079062
20.1	-6.963734	-7.167441	1.152955	-7	0.1532625	-0.1926318	10.64781	0.006564665	0.6161108
20.12	-6.938388	-7.099152	1.227691	-7	0.2009247	-0.12353	8.638988	-0.02396969	0.3887405
20.14	-6.915369	-7.099152	1.305141	-7	0.1820412	-0.1195784	7.831511	0.06763338	0.2667303
20.16	-6.888897	-7.099152	1.401065	-7	0.1172823	-0.188398	8.144946	0.02183184	0.11584
20.18	-6.989517	-7.167441	0.8564915	-7	0.08353898	-0.1980182	7.547503	-0.02396969	-0.0674839
20.2	-6.998395	-7.167441	0.8125632	-7	0.04850151	-0.2248626	9.300945	0.02183184	0.468092
20.22	-7.011687	-7.167441	0.7390173	-7	0.06300871	-0.2353046	10.07552	0.03709902	0.5384254
20.24	-6.923571	-7.099152	1.164548	-7	0.080506	-0.2526665	10.97639	0.03709902	0.6593161
20.26	-6.986363	-7.167441	0.828668	-7	0.09933281	-0.2461163	10.09138	0.06763338	0.2244654
20.28	-6.980772	-7.167441	0.8718787	-7	0.09522621	-0.2440407	11.03564	-0.06977123	0.5807753
20.3	-6.937097	-7.099152	1.066581	-7	0.1453845	-0.1929174	10.20156	-0.02396969	0.5648174
20.32	-6.894108	-7.099152	1.266805	-7	0.1312674	-0.2218994	10.13885	0.03709902	0.3615723
20.34	-6.994619	-7.167441	0.7435714	-7	0.1406641	-0.1788731	8.630425	0.02183184	0.1116076
20.36	-6.918751	-7.099152	1.130177	-7	0.1220008	-0.1858418	9.84071	0.03709902	0.6470013
20.38	-6.922391	-7.099152	1.079302	-7	0.1301032	-0.1909337	8.893391	-0.05450405	0.2359943
20.4	-6.934709	-7.099152	0.9892951	-7	0.1318715	-0.1609144	8.156563	-0.008702087	0.2544022
20.42	-6.981945	-7.167441	0.7670738	-7	0.08720227	-0.2086581	9.146809	-0.02396969	0.3188534
20.44	-6.934591	-7.099152	0.9959704	-7	0.09478566	-0.209584	9.768272	0.02183184	0.5571356
20.46	-6.942917	-7.099152	0.9252325	-7	0.1226379	-0.1824689	8.819696	0.02183184	0.3250494
20.48	-6.943243	-7.099152	0.908259	-7	0.1314091	-0.1558022	8.432068	-0.008702087	0.388629
20.5	-6.953125	-7.099152	0.8444538	-7	0.1427277	-0.1288171	7.911123	-0.008702087	0.3959904
20.52	-6.950423	-7.099152	0.8534464	-7	0.1406103	-0.124022	7.918222	-0.03923687	0.454587
20.54	-7.004776	-7.167441	0.6057643	-7	0.1148008	-0.1599219	8.668858	-0.06977123	0.4390087
20.56	-6.972075	-7.167441	0.8199044	-7	0.07044782	-0.2516693	11.26929	0.006564665	0.7224531
20.58	-6.934937	-7.099152	0.9893488	-7	0.1207316	-0.2247184	10.60847	0.006564665	0.5415707
20.6	-7.008113	-7.167441	0.6261479	-7	0.1532643	-0.169916	9.425906	0.006564665	0.3751926
20.62	-6.994325	-7.167441	0.7411111	-7	0.1488355	-0.1696846	10.53651	0.006564665	0.7769003
20.64	-6.980597	-7.167441	0.8460339	-7	0.1525757	-0.1973573	11.11739	-0.008702087	0.6984482
20.66	-7.002875	-7.167441	0.7520141	-7	0.1923907	-0.1486413	10.2193	-0.05450405	0.617979
20.68	-6.91186	-7.099152	1.222512	-7	0.1993306	-0.1460399	10.36259	0.02183184	0.7420111
20.7	-6.890036	-7.099152	1.312816	-7	0.1841943	-0.1724612	9.279568	-0.02396969	0.2319422
20.72	-6.987165	-7.167441	0.8134664	-7	0.168863	-0.1388272	7.845481	-0.02396969	0.06786633
20.74	-6.99058	-7.167441	0.8240722	-7	0.1301578	-0.1563191	9.10803	0.02183184	0.5553026
20.76	-6.906616	-7.099152	1.241722	-7	0.1092171	-0.2168301	10.14708	-0.008702087	0.5547981
20.78	-6.998524	-7.167441	0.7553717	-7	0.1240304	-0.1931057	8.645602	-0.03923687	0.09696198
20.8	-7.01737	-7.167441	0.6760973	-7	0.1303268	-0.1511147	9.095835	-0.008702087	0.5949478
20.82	-7.002559	-7.167441	0.7774246	-7	0.1304023	-0.1740438	10.07742	0.06763338	0.7114525
20.84	-7.016643	-7.167441	0.7184333	-7	0.1655423	-0.1448559	9.677282	0.02183184	0.6417561
20.86	-6.927883	-7.099152	1.167333	-7	0.1798988	-0.1421746	9.86932	0.1592365	0.7365227
20.88	-6.942111	-7.099152	1.058785	-7	0.2117351	-0.09307797	7.626936	-0.008702087	0.2566271
20.9	-6.968314	-7.167441	0.948159	-7	0.1442569	-0.1513248	8.490882	-0.008702087	0.3203363
20.92	-7.006412	-7.167441	0.760133	-7	0.1359745	-0.1476421	8.50877	0.006564665	0.4077215
20.94	-6.987539	-7.167441	0.8784255	-7	0.1085722	-0.194978	9.942289	-0.008702087	0.6105118
20.96	-7.003267	-7.167441	0.8006535	-7	0.1268871	-0.1899241	9.814165	0.0523662	0.5059662
20.98	-7.012503	-7.167441	0.7626303	-7	0.1529005	-0.1552986	9.622694	-0.06977123	0.6083403
21	-6.992786	-7.167441	0.8840505	-7	0.1542472	-0.1673109	10.17279	-0.05450405	0.6755667
21.02	-6.972282	-7.167441	1.004236	-7	0.1446516	-0.2025038	10.64536	-0.05450405	0.5683775
21.04	-6.951326	-7.167441	1.120004	-7	0.1219497	-0.2496321	11.1716	0.006564665	0.4456501
21.06	-6.975853	-7.167441	0.9843456	-7	0.1359599	-0.2234318	10.29436	-0.008702087	0.3124084
21.08	-7.03543	-7.235731	0.7169294	-7	0.1145661	-0.2358588	10.91231	-0.02396969	0.443532
21.1	-6.967174	-7.167441	1.081438	-7	0.1161079	-0.2537366	12.09669	-0.008702087	0.7528324
21.12	-7.003329	-7.167441	0.877546	-7	0.179348	-0.1767077	10.00688	-0.02396969	0.394949
21.14	-6.872938	-7.099152	1.535304	-7	0.1429523	-0.2284032	11.16918	0.02183184	0.6111345
21.16	-6.895448	-7.099152	1.354567	-7	0.1515318	-0.210765	8.624367	-0.008702087	-0.12502
21.18	-6.95646	-7.167441	1.03126	-7	0.09167257	-0.2278206	8.596381	-0.02396969	-0.02904701
21.2	-6.999954	-7.167441	0.7990267	-7	0.07883403	-0.2106279	8.774601	-0.008702087	0.2586899
21.22	-7.014592	-7.167441	0.7253148	-7	0.08584537	-0.1997864	9.349157	0.02183184	0.504425
21.24	-7.080925	-7.235731	0.4264897	-7	0.09382415	-0.2050351	10.22945	-0.05450405	0.6135406
21.26	-6.9877	-7.167441	0.9351931	-7	0.1033276	-0.2415854	12.30286	-0.1003056	1.000306
21.28	-6.975211	-7.167441	0.9978904	-7	0.1399336	-0.2464375	11.65611	-0.05450405	0.5277672
21.3	-6.989499	-7.167441	0.9233544	-7	0.1787215	-0.1815557	10.37896	0.1134349	0.4742928
21.32	-6.989468	-7.167441	0.9349003	-7	0.1921506	-0.1441427	9.811232	-0.008702087	0.5544977
21.34	-7.054507	-7.235731	0.6476859	-7	0.1822755	-0.1437537	9.834102	-0.02396969	0.5409794
21.36	-6.967303	-7.167441	1.124449	-7	0.163334	-0.1863838	11.38511	0.0523662	0.8683729
21.38	-6.973162	-7.167441	1.084668	-7	0.1808528	-0.1852996	10.1956	0.006564665	0.3824978
21.4	-6.950262	-7.167441	1.204304	-7	0.1498534	-0.2122996	10.44147	-0.02396969	0.4008589
21.42	-6.971191	-7.167441	1.08047	-7	0.1459266	-0.2013107	9.594169	-0.03923687	0.2428846
21.44	-6.969224	-7.167441	1.083469	-7	0.122942	-0.2114719	9.763791	-0.03923687	0.3402491
21.46	-7.05932	-7.235731	0.6390678	-7	0.1179071	-0.2002928	9.555542	0.02183184	0.3144312
21.48	-7.017215	-7.167441	0.8602069	-7	0.1474812	-0.1554776	10.04639	-0.008702087	0.8025036
21.5	-6.97939	-7.167441	1.058244	-7	0.1455986	-0.1940307	10.48915	-0.008702087	0.60816
21.52	-6.925783	-7.099152	1.286761	-7	0.1764947	-0.1571462	9.135716	-0.008702087	0.4026318
21.54	-6.971686	-7.167441	1.03864	-7	0.1456384	-0.1731973	8.43926	0.02183184	0.1174364
21.56	-6.959478	-7.167441	1.102713	-7	0.08824222	-0.2318675	9.691478	0.0523662	0.3301954
21.58	-7.001904	-7.167441	0.8618418	-7	0.1013229	-0.2072987	8.983885	-0.008702087	0.2392406
21.6	-7.051445	-7.167441	0.5944966	-7	0.1537377	-0.1044874	7.82483	0.006564665	0.4872837
21.62	-6.94084	-7.099152	1.153293	-7	0.1467433	-0.1303046	9.081634	0.03709902	0.7968435
21.64	-6.905103	-7.099152	1.298374	-7	0.1243898	-0.1958894	8.731372	-0.05450405	0.2078514
21.66	-7.036443	-7.235731	0.6443684	-7	0.07056427	-0.2410803	8.920345	-0.02396969	-0.005774498
21.68	-6.984431	-7.167441	0.9244558	-7	0.04938841	-0.2675178	11.07315	-0.02396969	0.6755342
21.7	-6.946789	-7.099152	1.066858	-7	0.112313	-0.217897	9.79254	-0.008702087	0.4193726
21.72	-6.931712	-7.099152	1.104558	-7	0.1316834	-0.182285	8.691029	0.02183184	0.2649574
21.74	-6.955703	-7.167441	0.9900069	-7	0.07158858	-0.2547678	9.671139	-0.03923687	0.1897545
21.76	-6.962792	-7.167441	0.9555807	-7	0.03931059	-0.3031623	10.74025	0.006564665	0.2869654
21.78	-6.883983	-7.030862	1.278053	-7	0.108086	-0.2113632	9.026257	0.006564665	0.3257799
21.8	-7.021272	-7.167441	0.5590693	-7	0.1228358	-0.1519298	7.047578	-0.08503798	-0.04998589
21.82	-6.990551	-7.167441	0.7601032	-7	0.0670182	-0.2084535	9.849552	0.02183184	0.6902285
21.84	-6.933076	-7.099152	1.034186	-7	0.08797465	-0.2320012	10.09589	-0.008702087	0.5179596
21.86	-7.007612	-7.167441	0.6513682	-7	0.1104435	-0.2021186	9.08167	-0.03923687	0.2350006
21.88	-6.939929	-7.099152	0.9940415	-7	0.1232459	-0.1778421	9.6163	0.0523662	0.6485624
21.9	-6.928638	-7.099152	1.030256	7	0.1333475	-0.1807141	10.68843	-0.05450405	0.8038187
21.92	-6.92862	-7.099152	1.010325	7	0.1642123	-0.1704719	12.82723	0.0523662	1.306155
21.94	-7.002944	-7.167441	0.6505862	7	0.2352082	-0.1361596	15.64041	0.09816774	1.928711
21.96	-6.930748	-7.167441	1.093432	7	0.2865866	-0.208484	22.1613	0.1439693	3.010382
21.98	-6.814118	-7.099152	1.714993	7	0.4254394	-0.2327406	26.32232	0.2966411	3.323539
22	-6.795341	-7.167441	1.870896	7	0.5437154	-0.2558065	29.97807	0.9378626	3.430493
22.02	-6.740714	-7.167441	2.229621	7	0.677338	-0.2376661	33.96507	5.808091	4.026821
22.04	-6.753347	-7.167441	2.235684	7	0.9050354	-0.07213554	34.95453	6.968397	4.431263
22.06	-6.855743	-7.167441	1.7968	7	1.264344	0.3522175	32.26294	5.747023	5.223302
22.08	-6.79618	-7.167441	2.2925	7	1.509395	0.5922524	34.16096	9.579082	6.534015
22.1	-6.610366	-7.167441	3.472829	7	1.595715	0.4958381	39.6257	5.136335	6.879592
22.12	-6.607529	-7.099152	3.584472	7	1.872102	0.7392891	36.40905	12.14397	6.425615
22.14	-6.441442	-7.167441	4.654817	7	1.825524	0.5658242	42.65346	9.029465	7.017148
22.16	-6.712457	-7.167441	3.324452	7	2.197046	1.058627	34.50529	9.472213	6.560479
22.18	-6.437774	-7.167441	5.006791	7	2.116228	0.8850679	44.45518	10.58672	8.673403
22.2	-5.34634	-5.801648	9.99627	7	2.704543	1.507446	29.62749	6.769923	7.647404
22.22	-6.781425	-7.50889	2.768017	7	2.454439	1.468799	17.58581	10.83099	2.47693
22.24	-7.296271	-7.577179	0.6119981	7	2.462295	1.939845	28.9865	5.930229	10.35464
22.26	-7.617607	-7.50889	-0.5714486	7	3.144973	2.670049	31.32108	0.4951144	13.8268
22.28	-5.389752	-6.416255	11.19508	7	2.808611	1.295753	67.73593	0.4035109	16.64095
22.3	-6.852691	-7.782049	3.806775	7	3.100134	1.209403	45.95008	15.50275	5.05813
22.32	-6.908338	-7.782049	4.157634	7	3.043289	1.481503	62.59177	27.9455	13.35882
22.34	-7.275757	-6.825994	2.060797	7	4.878534	4.067347	22.69057	13.09053	14.20711
22.36	-5.651767	-7.167441	11.28599	7	3.761012	2.081063	69.22787	-2.863664	17.58068
22.38	-5.082536	-5.801648	13.34723	7	4.596046	2.805048	31.80349	16.63252	8.536285
22.4	-6.024674	-7.50889	8.768642	7	3.614348	2.018132	35.39753	20.40351	6.010677
22.42	-7.00634	-6.484545	3.138793	7	5.013208	4.893478	-8.639931	5.533282	10.72086
22.44	-6.110343	-6.825994	8.27508	7	4.161506	3.788641	27.97883	-18.14611	17.24823
22.46	-5.909695	-6.143096	8.849013	7	4.643913	4.028654	13.54348	-5.74916	12.561
22.48	-5.635152	-6.416255	10.15394	7	4.200776	3.43894	22.48058	10.47985	12.25319
22.5	-5.389986	-5.733358	10.71606	7	4.487051	3.923022	8.422634	11.68595	11.05609
22.52	-4.458418	-5.050462	14.60269	7	4.292686	3.803667	4.361892	3.16687	10.45682
22.54	-5.696089	-5.733358	7.370137	7	4.491402	4.642064	-25.75072	-0.7873282	5.896213
22.56	-4.780668	-5.118752	11.54417	7	3.844948	4.189725	-4.384162	0.7546564	13.23109
22.58	-5.573	-5.801648	6.918709	7	3.629592	3.740283	-5.561656	-13.48962	8.870409
22.6	-3.872292	-5.118752	15.28009	7	2.384972	1.567014	45.84073	2.220305	13.96264
22.62	-4.914165	-4.845592	8.397678	7	3.580045	2.993982	1.511567	-5.871297	5.363097
22.64	-3.890972	-4.162696	12.68012	7	3.594456	3.462522	8.705387	8.647786	12.61917
22.66	-3.572753	-3.752957	12.93896	7	3.865056	3.749014	-8.646647	-17.68809	8.168003
22.68	-2.003693	-3.411509	19.87697	7	2.477381	1.6932	20.91405	6.922595	7.456985
22.7	-3.181053	-3.070061	11.61156	7	3.306505	3.332429	-34.79781	-10.20718	-0.7957668
22.72	-2.282247	-2.728612	14.86736	7	2.437984	2.946823	-16.73744	-4.726259	6.901688
22.74	-3.38517	-2.728612	7.364013	7	3.071875	4.207672	-51.59935	-25.65756	2.807254
22.76	-1.581896	-2.318874	15.66041	7	1.541775	2.062186	2.499151	-10.45145	10.2991
22.78	-2.645916	-2.387164	8.314381	7	2.104057	2.545519	-26.70972	-20.13084	1.253171
22.8	-0.5846943	-0.6799221	17.0112	7	1.896731	2.449181	-11.04307	10.02183	8.640535
22.82	-1.666649	-0.6799221	8.919683	7	3.090292	4.414579	-72.43831	-13.30641	-1.108325
22.84	1.06617	-0.2701836	21.70276	7	0.5745615	1.033218	-1.491978	1.075267	6.420389
22.86	-0.1568657	-0.4067631	12.81214	7	0.5550463	0.7682624	-36.81072	-12.25298	-8.273673
22.88	1.704559	0.6858721	20.20342	7	-0.8934746	-0.8075949	2.023451	-11.61175	-0.3623114
22.9	-0.6407985	0.002975464	5.431106	7	0.05670208	0.9212588	-51.97855	3.685954	-9.40045
22.92	0.9587499	0.9590311	11.98373	7	-0.6619672	0.4348575	-9.194883	-26.46672	5.392761
22.94	1.786043	1.02732	14.29025	7	-1.395138	-1.643504	15.2474	-22.0545	-1.595995
22.96	1.080766	0.9590311	8.522397	7	-1.019169	-1.170796	1.22005	-29.82549	-4.651266
22.98	3.260988	2.256536	17.7669	7	-1.741577	-2.482612	38.04754	7.090534	1.064728
23	2.13334	2.256536	9.237485	7	-0.5941437	-0.9370728	-14.2477	-5.504885	-9.294598
23.02	3.612099	3.554038	14.52842	7	-0.5618982	-0.2012168	-13.70013	-22.37511	-1.241868
23.04	2.575771	2.597983	7.248304	7	-0.628844	-0.07420465	-33.29567	4.953129	-7.782209
23.06	3.329816	3.758908	9.148669	7	-0.5268734	0.5910339	-32.97942	-7.245343	-1.032457
23.08	3.184973	3.895488	6.39406	7	-0.1538378	1.235683	-51.49558	-21.18427	-3.623384
23.1	4.476799	3.895488	11.73283	7	-1.580692	-0.9418744	-9.012708	-18.11557	-1.416514
23.12	5.392605	5.466149	13.72319	7	-1.303564	-0.8879802	-29.74548	3.029465	-7.813405
23.14	6.303216	5.739308	15.87192	7	-2.165473	-1.818003	-29.92072	0.02183184	-11.3716
23.16	4.626342	4.783254	4.994313	7	-2.44758	-1.423937	-53.54389	0.7241221	-15.59153
23.18	4.348378	5.124701	1.870603	7	-2.512985	-0.7251219	-43.53557	-9.886565	-5.416569
23.2	5.907824	6.353915	7.994324	7	-2.608388	-1.377886	-21.30525	-23.36748	-2.24121
23.22	6.453118	6.695365	8.54973	7	-2.50184	-1.758255	-29.63801	-28.95526	-9.041978
23.24	6.404758	6.080756	6.682209	7	-3.306533	-2.833064	-15.63573	-14.28351	-10.64452
23.26	6.092673	6.353915	3.322558	7	-3.201198	-2.559649	-18.06195	12.0371	-9.554052
23.28	6.446054	6.968522	3.428761	7	-2.817726	-1.985792	-19.2036	1.563817	-6.436531
23.3	6.036347	6.353915	0.1980588	7	-2.798409	-2.091906	-13.90421	-5.260611	-6.807824
23.32	7.915443	7.856288	8.375197	7	-2.903965	-2.709398	6.378759	-7.703359	-3.428013
23.34	8.77566	8.402606	10.70595	7	-2.935302	-3.243588	-8.034095	-6.512519	-12.49233
23.36	7.847497	7.309972	4.474898	7	-3.630399	-3.7078	-14.36168	2.037099	-16.43068
23.38	7.779156	7.856288	2.66889	7	-3.737375	-3.312011	-12.34347	7.991297	-11.07031
23.4	7.293046	7.65142	-1.002461	7	-3.55786	-2.966564	-13.04791	-3.260611	-9.695127
23.42	6.678916	7.309972	-4.831604	7	-3.159791	-2.392009	-8.624365	-17.19954	-5.921747
23.44	8.16797	8.744054	1.830055	7	-2.553732	-2.026052	0.6181946	-28.42091	-1.361617
23.46	8.97692	8.675765	4.998492	7	-2.761085	-3.003565	4.035128	-26.61939	-8.18943
23.48	10.38532	9.358663	10.90666	7	-3.627994	-4.485814	15.28033	-4.207176	-12.24063
23.5	9.054972	8.812345	2.433871	7	-3.549124	-3.842476	-21.52134	22.84626	-19.93768
23.52	8.656296	8.744054	-0.5661297	7	-3.872485	-3.322367	-18.11214	16.60198	-12.40249
23.54	7.59054	8.197738	-6.605398	7	-3.652548	-2.786192	-18.38621	2.205038	-9.733187
23.56	8.361169	8.129447	-2.516086	7	-4.342753	-4.288195	31.54923	-22.25298	-3.06664
23.58	8.615541	8.197738	-1.486086	7	-4.235853	-5.252025	49.32326	-31.52015	-6.657598
23.6	8.787981	8.129447	-0.8117399	7	-4.051236	-5.598926	60.85346	-21.48962	-7.254091
23.62	9.771306	9.017213	3.618408	7	-3.633111	-5.494349	61.15839	16.57145	-7.564507
23.64	8.430372	7.583131	-3.300295	7	-3.52176	-5.34279	50.1702	25.04473	-12.34233
23.66	8.823813	8.744054	-1.576118	7	-2.635099	-3.765996	39.91891	18.64779	-5.004764
23.68	8.253465	8.129447	-4.395908	7	-2.092401	-3.005502	26.28794	12.95313	-6.489723
23.7	7.782413	7.583131	-6.14004	7	-1.960803	-2.711069	32.09481	4.586718	-3.254899
23.72	7.952711	7.309972	-4.28889	7	-2.2021	-3.469655	57.02316	9.716488	-0.7685709
23.74	7.829656	7.583131	-4.424352	7	-1.465968	-2.874608	48.83419	19.71649	-1.908875
23.76	7.271201	6.968522	-6.373559	7	-1.019524	-2.303061	45.33864	25.1974	-1.094758
23.78	6.775434	6.422206	-7.593892	7	-0.7376969	-2.025891	52.8254	23.31954	1.752652
23.8	7.856418	7.65142	-1.35287	7	0.04675114	-1.324134	49.26225	18.73939	4.156085
23.82	5.885482	6.080756	-10.40476	7	0.9866135	0.1777842	11.90733	24.81573	-1.80264
23.84	7.005941	6.763654	-3.162194	7	0.8524531	0.2222682	35.64033	21.1058	8.400681
23.86	7.475011	6.968522	0.04887795	7	0.9479939	-0.2369518	28.14727	7.777557	1.600333
23.88	6.762291	6.080756	-2.598207	7	0.6016646	-0.4973025	21.8124	24.86152	-1.813335
23.9	6.563483	6.422206	-2.882935	7	0.7868382	0.1972332	12.37111	17.21267	0.9248695
23.92	6.527053	6.627074	-2.502436	7	1.087904	0.8743275	-0.7583219	-4.848397	1.414411
23.94	5.898188	5.739308	-4.68967	7	0.7477655	0.6058278	2.700464	-16.0545	1.106537
23.96	6.114999	5.739308	-2.514652	7	0.2768081	-0.1636114	23.08068	0.8767939	3.710987
23.98	6.068399	6.080756	-2.27895	7	0.6932749	0.2008811	13.36175	-0.3751148	1.916403
24	6.549443	6.080756	0.7870774	7	0.4092165	-0.2851474	21.64084	2.174504	1.986175
24.02	6.402549	6.012467	0.3339808	7	0.3711816	-0.361237	13.54918	5.029465	-1.18888
24.04	6.428992	6.149047	0.6729271	7	0.3160912	-0.1764679	7.742315	3.991298	-0.8625631
24.06	6.052456	6.080756	-1.140317	7	0.4714642	0.3584944	-5.752231	2.006565	-1.391811
24.08	6.222471	6.012467	0.0730902	7	0.1010396	0.0236657	2.488167	-4.833129	0.4081554
24.1	6.139849	6.080756	-0.2604532	7	0.07079086	-0.02387415	-0.977082	-4.848397	-0.8956957
24.12	7.033096	6.968522	3.98425	7	0.08180397	0.02625414	-4.740655	-8.756794	-0.609024
24.14	5.820108	5.807599	-2.260915	7	-0.09692283	0.07903897	-19.70859	-1.840763	-5.545321
24.16	5.614071	5.739308	-2.958625	7	-0.4153639	0.04690218	-5.348218	-5.886564	0.7084579
24.18	5.501365	5.739308	-3.252637	7	-0.3141828	-0.06142163	2.756704	-3.123206	1.80573
24.2	6.609575	6.695365	2.291068	7	-0.08463495	-0.1472912	8.093386	-9.489617	2.668964
24.22	7.345646	6.695365	5.777238	7	-0.5616691	-1.227054	12.20289	-1.688092	-3.080441
24.24	7.203439	6.695365	4.432538	7	-0.822453	-1.378863	-1.130709	12.52565	-7.426476
24.26	6.771943	6.695365	1.607737	7	-0.8968183	-0.8536571	-15.13615	2.25084	-6.898144
24.28	6.509268	6.695365	-0.1774834	7	-0.974664	-0.4891922	-19.25171	-6.405649	-4.540549
24.3	6.035441	6.353915	-2.762304	7	-1.040928	-0.3912688	-16.76042	-14.58885	-2.932549
24.32	6.209963	6.422206	-1.860256	7	-1.158079	-0.7005656	-1.813908	-22.1919	-0.08425903
24.34	6.293719	6.353915	-1.440645	7	-1.1513	-1.09892	7.925051	-26.29878	-0.6776705
24.36	6.628591	6.353915	0.3135209	7	-1.311399	-1.723062	22.09779	9.701221	-0.788784
24.38	6.478156	6.763654	-0.8933684	7	-0.5385673	-0.7411354	2.326264	11.50275	-2.399908
24.4	6.98319	6.763654	1.642829	7	-0.7108918	-0.9603913	9.402413	5.121069	-1.048724
24.42	5.858275	5.739308	-3.895752	7	-0.7738926	-1.007649	5.232407	7.212671	-3.820836
24.44	5.802885	5.739308	-3.630031	7	-0.836514	-1.056145	23.63425	-1.321679	2.227863
24.46	5.163622	5.739308	-6.578741	7	0.168919	0.1151435	10.48877	2.281374	2.730093
24.48	6.244336	5.739308	-0.1136234	7	-0.2323481	-0.9824696	45.71066	2.769923	6.810439
24.5	6.106426	5.67102	-0.4732852	7	0.1382903	-1.127347	38.19377	16.1745	0.780756
24.52	6.263414	5.739308	0.7282302	7	0.2817714	-0.9173962	36.54718	18.89206	1.484513
24.54	5.645884	5.67102	-2.216259	7	0.9799218	0.2942041	12.2883	22.09817	0.4287291
24.56	5.602293	5.807599	-2.013133	7	1.419354	1.303862	1.341146	1.991298	3.751199
24.58	6.989363	6.763654	5.183284	7	1.308203	1.036548	3.060656	-9.413282	3.83928
24.6	7.388645	6.422206	7.136048	7	0.3696242	-0.3959953	3.180929	2.617251	-4.149508
24.62	6.949489	6.422206	4.39053	7	-0.1033128	-0.4661209	-12.77456	6.479846	-7.349934
24.64	6.393698	6.422206	1.062808	7	-0.3009324	0.06203368	-25.18554	-5.123206	-5.529106
24.66	5.76403	6.080756	-2.311975	7	-0.4811619	0.309578	-24.96627	-12.94	-2.628492
24.68	5.676803	6.080756	-2.722313	7	-0.5555708	0.2341181	-13.37803	-23.97817	0.9105005
24.7	7.632381	7.583131	6.714054	7	-0.6917391	-0.549746	2.725732	-31.67282	1.73285
24.72	7.531709	6.695365	5.616746	7	-1.511365	-2.129224	4.568634	6.57145	-8.559103
24.74	6.667398	6.763654	0.3361019	7	-1.293598	-1.195916	-16.73468	14.34244	-8.390717
24.76	6.32585	6.695365	-1.816675	7	-1.22025	-0.5738351	-16.84963	-0.34458	-3.335084
24.78	6.050436	6.695365	-3.49479	7	-0.8558876	-0.0213775	-18.42552	-12.74153	-1.006662
24.8	5.899684	6.353915	-4.117579	7	-0.772549	-0.09130295	-7.19497	-22.95526	1.117543
24.82	6.639163	6.422206	-0.02066493	7	-1.171652	-1.287022	22.31876	-13.50488	2.364761
24.84	6.568653	6.353915	-0.4225106	7	-0.9929197	-1.611975	23.23438	26.47985	-1.480139
24.86	6.282254	6.353915	-1.92783	7	-0.487635	-0.8954051	14.40226	16.25084	-0.815321
24.88	6.435522	6.353915	-0.943428	7	-0.3196429	-0.7089158	17.9297	5.838625	1.10358
24.9	6.882384	6.422206	1.543729	7	-0.4777503	-1.233707	27.18434	2.937862	0.4052639
24.92	6.789898	6.353915	1.079276	7	-0.4369091	-1.305913	22.50511	7.16687	-2.127565
24.94	6.359873	6.422206	-1.21933	7	0.05656561	-0.3162614	4.838551	5.105801	-1.714914
24.96	6.680507	6.422206	0.658224	7	-0.1426285	-0.4753394	13.02857	-2.375114	0.7508497
24.98	6.685601	6.490495	0.6851945	7	-0.1018635	-0.5095211	8.622446	-0.3293133	-1.165154
25	6.711875	6.422206	0.8807554	7	-0.2596514	-0.6557119	9.731915	4.14397	-1.286665
25.02	6.449385	6.490495	-0.558971	7	-0.03008451	-0.171391	-0.7913955	-0.2377098	-1.599961
25.04	6.574662	6.490495	0.1659116	7	-0.1431785	-0.207346	2.595938	0.08290056	-0.1295967
25.06	6.368621	6.353915	-0.8342702	7	-0.1316266	-0.1884252	0.5043304	-0.5277862	-0.8921223
25.08	7.463071	7.309972	4.459177	7	-0.1841372	-0.3546568	3.787456	0.4493129	0.2009373
25.1	7.432866	7.309972	3.649187	7	-0.164134	-0.2646931	-16.11398	-0.4361835	-5.737451
25.12	7.455438	7.309972	3.234719	7	-0.5799937	-0.3153329	-21.93979	0.8309923	-5.74471
25.14	7.014822	7.309972	0.3464179	7	-0.6504676	0.09003502	-35.31927	-1.901832	-6.136927
25.16	6.988912	7.378261	-0.2319268	7	-0.884527	0.1432645	-33.61189	-8.741527	-3.699239
25.18	6.933887	7.309972	-0.8883796	7	-1.116533	-0.1426236	-28.4477	-14.17664	-3.418108
25.2	5.74009	6.080756	-6.741267	7	-1.447044	-0.5923899	-15.36627	-19.70336	-2.904608
25.22	6.103615	6.080756	-4.233372	7	-1.880487	-1.711107	28.17777	-13.84076	3.801091
25.24	5.888468	6.422206	-5.292425	7	-0.7935632	-0.9909617	21.73704	4.57145	2.291155
25.26	6.881146	6.422206	0.3353493	7	-0.8980049	-1.812613	48.9657	2.067633	4.45713
25.28	6.74566	6.422206	-0.2950674	7	-0.3176842	-1.550411	36.16573	24.61725	-0.7660437
25.3	7.221178	6.763654	2.218755	7	-0.09028837	-1.198648	31.75339	16.49511	0.1539021
25.32	6.994599	6.695365	1.002727	7	0.2037994	-0.6319247	13.39966	22.46458	-2.512083
25.34	6.861193	6.763654	0.3306855	7	0.3590687	0.03154269	0.5058744	10.11343	-1.486122
25.36	6.783629	6.695365	0.0501371	7	0.2602801	0.1858231	-3.887748	-4.94	-0.9975958
25.38	6.763437	6.695365	0.04742047	7	0.09917641	0.1230882	-4.743113	-12.37511	-0.8861828
25.4	6.865029	6.695365	0.6501198	7	-0.1857382	-0.2295103	-0.5262756	-4.298779	-1.035849
25.42	6.798131	6.695365	0.2708753	7	-0.3143805	-0.3748493	-1.153482	-2.34458	-1.828511
25.44	6.373723	6.422206	-1.837268	7	-0.3273978	-0.2517995	-2.933146	1.609618	-1.572546
25.46	6.429439	6.422206	-1.34104	7	-0.4271635	-0.40601	6.50452	-1.53542	0.7346458
25.48	6.309882	6.422206	-1.841882	7	-0.2060726	-0.2650394	5.789109	-0.680458	0.4939175
25.5	7.744806	7.583131	5.185075	7	-0.1414881	-0.448426	10.00554	-0.1461071	1.32566
25.52	6.883096	6.695365	0.4550942	7	-0.1654167	-0.4135366	-11.13649	1.487481	-6.389916
25.54	6.880415	6.763654	0.4190833	7	-0.5191047	-0.3832647	-5.22901	5.502748	-1.999662
25.56	6.373726	6.763654	-2.375682	7	-0.2103534	0.2272675	-16.96462	-0.7262595	-2.142196
25.58	6.475521	6.695365	-1.716002	7	-0.3234018	0.1522726	-7.65032	-10.26824	0.8346186
25.6	6.250422	6.353915	-2.619224	7	-0.4175357	-0.204592	0.4626653	-15.64229	0.3658209
25.62	6.732725	6.422206	0.1783115	7	-0.7765402	-1.090585	22.19867	4.815725	1.656689
25.64	6.660781	6.695365	-0.3607997	7	-0.2963129	-0.7078456	11.216	3.777557	-0.9632845
25.66	6.885008	6.627074	0.8614446	7	-0.3613401	-0.805053	15.0428	8.403511	-0.2751865
25.68	6.580495	6.695365	-0.8420494	7	0.05736906	-0.129908	-0.2733736	6.922595	-1.537305
25.7	6.848014	6.627074	0.7019731	7	-0.1977928	-0.3906631	7.970136	-1.382748	0.2428989
25.72	6.481416	6.627074	-1.253394	7	0.105147	0.08288108	-4.678163	0.1745041	-1.390806
25.74	6.606332	6.422206	-0.3209525	7	-0.2208565	-0.299711	7.029936	0.327175	0.6626835
25.76	6.321127	6.353915	-1.658393	7	-0.08406856	-0.1975504	4.274451	-0.8331298	-0.2005558
25.78	6.42374	6.353915	-0.8816936	7	-0.1051261	-0.2767849	10.8574	1.563817	1.40377
25.8	6.437163	6.353915	-0.6388439	7	-0.005328044	-0.3047676	11.68677	-0.848397	0.8565159
25.82	6.485572	6.422206	-0.2674211	7	0.1446436	-0.1519853	9.631845	2.296641	0.8071489
25.84	6.489034	6.353915	-0.08447564	7	0.1694966	-0.1370089	9.066017	3.197403	0.5518913
25.86	6.531336	6.422206	0.2356022	7	0.223165	-0.04875809	6.89529	2.510381	0.4377422
25.88	6.577659	6.422206	0.565811	7	0.1851115	-0.07565784	5.955194	3.640152	0.1241655
25.9	6.576252	6.490495	0.5646495	7	0.2130814	0.03399231	1.952826	0.7851904	-0.2625084
25.92	6.541587	6.422206	0.4386185	7	0.1163104	-0.009274848	1.414457	-0.008702087	-0.3471146
25.94	6.524679	6.422206	0.3844157	7	0.02865589	-0.07493754	1.836805	-0.08503798	-0.2921095
25.96	6.350596	6.353915	-0.4818806	7	0.05546995	0.03140851	-0.3250377	0.1287021	-0.281559
25.98	6.425273	6.353915	0.00357756	7	-0.03768339	-0.09848299	4.46404	-0.03923687	0.666604
26	6.368572	6.353915	-0.2570446	7	0.02682576	-0.07308365	3.655065	-0.06977123	0.2496328
26.02	6.442251	6.422206	0.1456327	7	0.07968429	-0.01543358	3.823174	0.25084	0.6135693
26.04	6.505991	6.422206	0.4924828	7	0.06665101	-0.07652651	4.20647	0.0523662	0.2593231
26.06	6.610331	6.490495	0.9944854	7	0.0305637	-0.1445405	4.106949	0.2203052	-0.09998226
26.08	6.417225	6.353915	-0.01123542	7	0.03335509	-0.0795133	1.1122	-0.1308399	-0.6951494
26.1	6.481709	6.422206	0.3381972	7	-0.00797715	-0.07990198	3.24487	-0.2071759	0.3358879
26.12	6.539142	6.422206	0.6308845	7	-0.06910246	-0.2242169	5.167373	-0.03923687	0.002345085
26.14	6.539197	6.490495	0.5500188	7	-0.01074595	-0.143038	2.797569	-0.06977123	-0.3062296
26.16	6.339012	6.353915	-0.4799953	7	0.04944706	0.01883505	0.1152359	0.6019847	-0.2476482
26.18	6.470884	6.422206	0.2532617	7	-0.000301104	-0.05270339	4.375249	-0.1766415	0.8888397
26.2	6.441795	6.422206	0.09117774	7	0.06538817	-0.03316404	2.961894	0.0523662	0.2073965
26.22	6.522418	6.422206	0.5339203	7	0.01635696	-0.1241435	5.265909	0.1745041	0.4246197
26.24	6.509851	6.490495	0.4062252	7	0.1082788	-0.003581196	2.001265	0.1134349	-0.01209164
26.26	6.537636	6.422206	0.5721292	7	0.02177729	-0.105503	3.929546	0.1897708	0.1118917
26.28	6.474768	6.422206	0.2294325	7	0.04145627	-0.06887487	2.729938	-0.2835118	-0.07358742
26.3	6.447447	6.422206	0.09157157	7	0.06715603	-0.003496513	2.511872	0.1134349	0.2977858
26.32	6.424984	6.353915	0.03588855	7	0.03104291	-0.07472811	4.693923	0.03709902	0.4911032
26.34	6.519119	6.422206	0.5411801	7	0.02115151	-0.1525176	6.833496	-0.1308399	0.6302328
26.36	6.50756	6.422206	0.4644885	7	0.06534924	-0.1311781	5.61688	0.08290056	0.1579227
26.38	6.599417	6.490495	0.9051563	7	0.06840174	-0.1262834	5.590326	-0.1308399	0.2603884
26.4	6.397104	6.353915	-0.1356149	7	0.1219619	-0.005581357	2.292548	0.08290056	-0.2216225
26.42	6.472883	6.353915	0.3456292	7	0.03149655	-0.1144621	7.066051	0.0523662	0.8972158
26.44	6.406015	6.353915	0.02255696	7	0.1090816	-0.06728306	5.89463	-0.1613739	0.4817982
26.46	6.515813	6.422206	0.6156186	7	0.1288881	-0.0666656	7.251895	0.2813739	0.9113731
26.48	6.525405	6.422206	0.6587107	7	0.1642911	-0.05424936	5.845025	-0.08503798	0.3503542
26.5	6.460942	6.353915	0.3609893	7	0.1584452	-0.03280658	5.282593	0.1592365	0.3082895
26.52	6.487407	6.353915	0.5506526	7	0.1147111	-0.09353729	7.196356	-0.02396969	0.6445761
26.54	6.561574	6.422206	0.9264985	7	0.1123426	-0.1367759	7.629752	-0.1155728	0.4909725
26.56	6.578631	6.422206	0.9882984	7	0.09893581	-0.1652337	7.017794	0.1134349	0.1013374
26.58	6.494778	6.353915	0.5584474	7	0.08047509	-0.1557437	6.415517	0.03709902	0.003998756
26.6	6.443753	6.353915	0.3106966	7	0.1062656	-0.0844262	6.283804	0.02183184	0.4582024
26.62	6.511255	6.422206	0.6572489	7	0.1401436	-0.0538445	6.754213	-0.08503798	0.7805662
26.64	6.539418	6.422206	0.7918444	7	0.1520044	-0.06761711	6.407284	-0.008702087	0.4666367
26.66	6.460384	6.353915	0.4022263	7	0.1590811	-0.04045203	5.647344	0.1897708	0.3317614
26.68	6.457184	6.353915	0.4264317	7	0.1560917	-0.03369143	6.731965	-0.1461071	0.7703724
26.7	6.448092	6.353915	0.4123969	7	0.1854973	-0.01809584	6.947536	-0.1003056	0.8114538
26.72	6.521465	6.422206	0.7924783	7	0.2233078	0.009348618	6.853174	0.03709902	0.8975601
26.74	6.573809	6.422206	1.057948	7	0.2017825	-0.04590815	6.901455	-0.008702087	0.5328455
26.76	6.569211	6.422206	1.008945	7	0.1852051	-0.0541431	5.942134	0.25084	0.2323151
26.78	6.573618	6.422206	1.009492	7	0.1442345	-0.0804949	5.995258	-0.1613739	0.2430544
26.8	6.559853	6.422206	0.9079176	7	0.1185752	-0.09569026	5.881345	-0.1155728	0.2079268
26.82	6.548635	6.422206	0.8216256	7	0.1022677	-0.1023791	6.064492	0.06763338	0.2935629
26.84	6.59367	6.490495	0.9905967	7	0.1228961	-0.06919149	5.551281	-0.008702087	0.3833294
26.86	6.470221	6.353915	0.3640855	7	0.09963922	-0.08651553	5.598024	0.08290056	0.1925936
26.88	6.530439	6.422206	0.6804602	7	0.09695344	-0.09780832	7.704204	0.02183184	0.8841286
26.9	6.535247	6.422206	0.6915704	7	0.1303531	-0.1040233	7.69679	0.06763338	0.6212559
26.92	6.538809	6.422206	0.7041671	7	0.1594012	-0.07749978	7.596504	0.2966411	0.6558399
26.94	6.571481	6.422206	0.8784949	7	0.1511362	-0.1105958	8.459417	-0.1461071	0.6839161
26.96	6.595503	6.490495	0.9516833	7	0.2160048	-0.02408521	6.502848	0.03709902	0.5291052
26.98	6.54793	6.422206	0.7082924	7	0.209284	-0.005742934	5.903663	-0.008702087	0.4476252
27	6.534242	6.422206	0.6504214	7	0.2061231	0.009416098	6.217733	-0.1155728	0.7063608
27.02	6.489436	6.353915	0.4735131	7	0.1757957	-0.04651568	7.775482	-0.05450405	0.7989702
27.04	6.599608	6.422206	1.067641	7	0.1422027	-0.1513082	10.58434	-0.02396969	1.052715
27.06	6.573858	6.422206	0.9105638	7	0.1912076	-0.1249608	9.010258	0.06763338	0.4788599
27.08	6.481688	6.353915	0.4635438	7	0.225606	-0.04098555	8.106466	0.2661067	0.6581755
27.1	6.518228	6.353915	0.7182761	7	0.2047772	-0.08339946	10.49832	-0.1613739	1.187428
27.12	6.56336	6.422206	0.9512855	7	0.2662042	-0.04701574	9.770089	-0.02396969	1.005964
27.14	6.564004	6.422206	0.9527857	7	0.3116343	0.01724774	8.189624	0.2966411	0.8055
27.16	6.626706	6.422206	1.295029	7	0.2579972	-0.05678815	9.307379	0.0523662	0.8145132
27.18	6.610996	6.422206	1.19668	7	0.242974	-0.07414593	8.395887	0.0523662	0.4376049
27.2	6.596386	6.422206	1.106075	7	0.2253141	-0.0634073	8.010956	-0.02396969	0.5075274
27.22	6.574389	6.422206	0.976859	7	0.2235176	-0.04105256	7.612074	-0.06977123	0.5849285
27.24	6.549895	6.422206	0.8393058	7	0.2401007	0.001239328	7.166549	0.0523662	0.7219095
27.26	6.501057	6.353915	0.6280415	7	0.2183224	-0.02915233	8.397173	-0.02396969	0.8886042
27.28	6.492507	6.353915	0.6274742	7	0.2320291	-0.0374792	9.734087	-0.1155728	1.172956
27.3	6.599614	6.422206	1.193533	7	0.2405214	-0.08954675	11.34676	0.09816774	1.267252
27.32	6.629303	6.422206	1.331653	7	0.2478739	-0.1274758	10.89783	-0.02396969	0.7246027
27.34	6.614926	6.422206	1.234356	7	0.2608917	-0.09063736	9.663185	-0.08503798	0.5727854
27.36	6.590765	6.422206	1.092901	7	0.2749312	-0.0337625	8.608198	0.06763338	0.6581898
27.38	6.610816	6.422206	1.196269	7	0.2463521	-0.06073406	9.293095	0.006564665	0.80264
27.4	6.573773	6.422206	0.9863836	7	0.2709617	-0.01694348	8.211469	-0.02396969	0.695097
27.42	6.607759	6.422206	1.168665	7	0.2376087	-0.06112586	9.546645	0.06763338	0.9252739
27.44	6.586121	6.422206	1.041691	7	0.2538107	-0.04993655	9.014109	-0.008702087	0.7499332
27.46	6.560027	6.422206	0.8993255	7	0.2874419	0.01344936	8.319681	-0.3140457	0.8987865
27.48	6.536641	6.353915	0.830805	7	0.2504706	-0.0483976	10.19317	0.03709902	1.081504
27.5	6.537102	6.353915	0.8770382	7	0.2519807	-0.08636124	11.68181	-0.02396969	1.216565
27.52	6.614514	6.422206	1.27946	7	0.2830934	-0.09323037	12.26268	0.3882442	1.249825
27.54	6.538393	6.353915	0.9052905	7	0.324331	-0.04741113	10.85618	-0.02396969	0.8730049
27.56	6.532636	6.353915	0.9219763	7	0.3452806	-0.001341579	11.25198	0.1592365	1.306593
27.58	6.608171	6.422206	1.322245	7	0.37615	0.01434091	11.24799	0.06763338	1.35782
27.6	6.603983	6.353915	1.33933	7	0.3283079	-0.07700584	12.00393	-0.06977123	0.966711
27.62	6.647893	6.422206	1.55017	7	0.3313971	-0.07001561	11.55941	0.02183184	0.9511108
27.64	6.669309	6.422206	1.638323	7	0.3015114	-0.1043776	11.27447	0.006564665	0.7137346
27.66	6.653446	6.422206	1.522272	7	0.2821474	-0.1029685	10.50537	0.02183184	0.5788879
27.68	6.627067	6.422206	1.353786	7	0.2752869	-0.07480555	9.874687	0.006564665	0.6606216
27.7	6.683018	6.490495	1.584353	7	0.2775148	-0.05448123	9.59374	-0.1613739	0.8197289
27.72	6.552546	6.353915	0.9177163	7	0.2479863	-0.07564425	9.389704	-0.1919082	0.547967
27.74	6.576925	6.422206	1.040277	7	0.2725741	-0.02571112	10.36078	-0.008702087	1.264368
27.76	6.551761	6.353915	0.9484816	7	0.2610482	-0.08850194	11.97909	0.02183184	1.201558
27.78	6.547162	6.353915	0.9613999	7	0.2880656	-0.09207801	13.08648	0.5867171	1.374964
27.8	6.571454	6.353915	1.128675	7	0.311979	-0.1103574	14.25893	0.1592365	1.456284
27.82	6.597023	6.422206	1.249392	7	0.414472	0.006013732	12.32268	0.7393889	1.367199
27.84	6.720474	6.490495	1.863623	7	0.4269751	0.01257254	11.85202	2.739389	1.28855
27.86	6.569833	6.353915	1.099806	7	0.4252594	0.04752555	9.337553	1.65542	0.6097679
27.88	6.647103	6.422206	1.522529	7	0.3750711	0.02295773	11.2062	2.418778	1.387998
27.9	6.412936	6.353915	0.3055257	7	0.531128	0.2893633	5.566524	0.2813739	0.9521408
27.92	6.617069	6.422206	1.444582	7	0.440719	0.1725203	10.94145	0.540916	2.291204
27.94	6.527137	6.353915	1.002628	7	0.4708575	0.137677	9.304545	-0.6193893	1.162876
27.96	6.571256	6.490495	1.194534	7	0.5870142	0.3512902	6.404633	0.922595	1.653563
27.98	6.596993	6.353915	1.407457	7	0.4517768	0.1462474	9.637159	-0.1919082	1.470515
28	6.561088	6.422206	1.200038	7	0.5032067	0.2221691	7.515533	0.8462591	1.244277
28.02	6.592014	6.422206	1.368018	7	0.4790713	0.2106085	8.073933	2.082901	1.464743
28.04	6.45256	6.422206	0.6154554	7	0.615697	0.4552509	3.217154	0.2355724	1.290241
28.06	6.613382	6.422206	1.517517	7	0.4838791	0.2716937	8.416897	0.5103816	2.111599
28.08	6.507777	6.353915	0.9858834	7	0.4863772	0.220892	7.368177	-0.4667175	1.190227
28.1	6.458947	6.353915	0.7695286	7	0.5224203	0.3074282	7.358561	0.4798468	1.76758
28.12	6.620996	6.422206	1.63948	7	0.4677442	0.1691007	10.87984	-0.1919082	2.077174
28.14	6.460216	6.353915	0.7954972	7	0.5722852	0.2992026	6.776276	0.1287021	1.202502
28.16	6.565004	6.353915	1.414104	7	0.484438	0.1891038	11.02312	0.06763338	2.122512
28.18	6.544384	6.422206	1.271122	7	0.5857636	0.2903202	7.989905	-0.2377098	1.532784
28.2	6.606572	6.422206	1.599074	7	0.5591211	0.2699206	8.581287	0.3577098	1.699886
28.22	6.576831	6.353915	1.469614	7	0.493291	0.1684117	9.426143	-0.1919082	1.346225
28.24	6.520254	6.353915	1.183772	7	0.5061881	0.2086094	8.936272	-0.03923687	1.471757
28.26	6.629398	6.422206	1.744146	7	0.4751296	0.1461046	10.86192	0.09816774	1.804281
28.28	6.584101	6.353915	1.507756	7	0.4473077	0.07366259	10.92162	-0.06977123	1.229263
28.3	6.495913	6.353915	1.042942	7	0.5161766	0.209677	9.145967	0.205038	1.476744
28.32	6.674669	6.490495	1.934671	7	0.5228314	0.2044622	10.51919	-0.08503798	2.018306
28.34	6.701576	6.490495	1.998275	7	0.5244228	0.1747616	8.583682	-0.05450405	1.087078
28.36	6.646842	6.422206	1.682795	7	0.4619724	0.1427988	8.197399	0.1439693	0.9368238
28.38	6.549766	6.353915	1.189348	7	0.4142312	0.1217199	9.040852	-0.008702087	1.206421
28.4	6.570516	6.422206	1.27925	7	0.4449263	0.1633896	9.82818	-0.06977123	1.747628
28.42	6.527113	6.353915	1.080637	7	0.4552009	0.1405963	10.82701	0.08290056	1.716242
28.44	6.570076	6.422206	1.298849	7	0.5226418	0.2034738	10.90457	0.02183184	2.006186
28.46	6.523472	6.353915	1.094888	7	0.5588362	0.2260423	10.72573	0.1134349	1.853646
28.48	6.618675	6.422206	1.607707	7	0.5727744	0.2154528	11.86446	-0.02396969	2.142094
28.5	6.636919	6.422206	1.696312	7	0.5887703	0.2040158	10.98246	0.006564665	1.650588
28.52	6.663777	6.422206	1.832639	7	0.5578326	0.1702727	11.07041	0.03709902	1.551469
28.54	6.58199	6.353915	1.427418	7	0.5339724	0.1600911	10.69295	-0.02396969	1.382458
28.56	6.617801	6.422206	1.605539	7	0.5478889	0.1986809	10.91711	0.006564665	1.813302
28.58	6.268198	6.080756	-0.03582382	7	0.5308189	0.1946676	11.55039	0.06763338	1.650246
28.6	6.544933	6.353915	1.492365	7	0.5666213	0.1746863	17.39033	-0.02396969	3.552241
28.62	6.570133	6.353915	1.631727	7	0.6897316	0.1911828	14.87859	0.06763338	2.15167
28.64	6.769511	6.422206	2.673079	7	0.6301672	0.07446384	16.49473	0.8920606	2.063809
28.66	6.629826	6.353915	1.911443	7	0.6679665	0.1620344	11.5582	4.922595	0.9180727
28.68	6.553789	6.353915	1.52185	7	0.6902	0.3305764	9.443283	1.731755	1.63269
28.7	6.589169	6.422206	1.693132	7	0.7155278	0.4160631	8.470345	1.594351	2.033101
28.72	6.711051	6.353915	2.377108	7	0.5074239	0.07455342	13.93356	-0.558321	1.849173
28.74	6.515187	6.422206	1.249593	7	0.7004454	0.3900409	6.110709	-0.1308399	1.086479
28.76	6.671734	6.490495	2.03896	7	0.6515384	0.4001409	8.208386	0.3424426	2.249142
28.78	6.509319	6.353915	1.193519	7	0.6519862	0.3992568	6.235482	-0.3598476	1.400805
28.8	6.483749	6.353915	1.101464	7	0.6429794	0.4335328	7.800529	0.372977	2.28382
28.82	6.618981	6.422206	1.815601	7	0.6032865	0.3035007	10.9736	-0.2987789	2.46156
28.84	6.543355	6.422206	1.375181	7	0.7064835	0.4206679	7.460459	0.3119082	1.756715
28.86	6.566989	6.353915	1.551407	7	0.6320574	0.3327373	10.27152	0.06763338	2.233084
28.88	6.498933	6.353915	1.211264	7	0.6877954	0.3921605	9.194979	-0.2987789	2.089192
28.9	6.517113	6.353915	1.349827	7	0.7038148	0.4075633	10.31812	0.2813739	2.510156
28.92	6.681179	6.422206	2.213382	7	0.6486964	0.2517447	13.18878	-0.1308399	2.44578
28.94	6.457733	6.285626	1.067902	7	0.7246423	0.3629467	9.293154	-0.03923687	1.547588
28.96	6.653586	6.422206	2.109059	7	0.6801928	0.3207346	12.86545	0.09816774	2.785264
28.98	6.64643	6.422206	2.026609	7	0.7123153	0.308692	10.60589	-0.1766415	1.731769
29	6.622708	6.422206	1.870196	7	0.7238885	0.3836309	8.887986	0.6783206	1.777411
29.02	6.723218	6.490495	2.340292	7	0.6748231	0.3376748	9.429136	-0.4361835	1.906104
29.04	6.494896	6.353915	1.134847	7	0.7151116	0.4560086	5.737974	-0.2682441	1.345083
29.06	6.534567	6.353915	1.403105	7	0.6420987	0.3991475	9.816612	0.1287021	2.603592
29.08	6.487114	6.353915	1.176124	7	0.7023858	0.4225253	9.661121	-0.1155728	2.406434
29.1	6.524756	6.353915	1.418884	7	0.7202621	0.4075157	11.39931	0.663053	2.740943
29.12	6.529308	6.353915	1.475659	7	0.7684315	0.4219521	11.38035	-0.03923687	2.585124
29.14	6.626613	6.422206	1.983383	7	0.7943721	0.4238113	11.56837	0.6935877	2.602369
29.16	6.677138	6.422206	2.232827	7	0.7682749	0.3624591	11.26052	3.304275	2.091326
29.18	6.593468	6.422206	1.755374	7	0.8248976	0.4998782	7.554819	1.472214	1.785567
29.2	6.655286	6.490495	2.03642	7	0.8234574	0.566849	6.810642	1.456946	2.246906
29.22	6.54405	6.353915	1.486972	7	0.7606538	0.5066679	6.882566	-0.5430534	1.908697
29.24	6.485194	6.353915	1.215431	7	0.7649195	0.5469224	7.571045	0.2203052	2.47668
29.26	6.540999	6.353915	1.559805	7	0.7246214	0.4408064	10.8738	-0.008702087	2.83449
29.28	6.454021	6.353915	1.116995	7	0.8441799	0.5733801	8.507399	0.1592365	2.55927
29.3	6.497855	6.353915	1.406844	7	0.8708462	0.601836	9.861156	1.075267	3.118023
29.32	6.555846	6.422206	1.713485	7	0.9450086	0.6617784	8.625404	0.8309923	2.913393
29.34	6.550355	6.353915	1.73497	7	0.9174471	0.6145109	8.840177	0.540916	2.631268
29.36	6.640491	6.422206	2.206549	7	0.8805577	0.5540208	9.556343	1.945496	2.620404
29.38	6.561769	6.422206	1.755935	7	0.9412785	0.675459	5.716905	0.9989309	2.100056
29.4	6.598357	6.422206	1.950695	7	0.8862171	0.6577044	6.539513	0.1745041	2.5333
29.42	6.660778	6.490495	2.218872	7	0.862143	0.6246259	6.092896	-0.2987789	2.304111
29.44	6.495977	6.353915	1.365159	7	0.839889	0.6433042	4.697788	0.1439693	1.959839
29.46	6.508992	6.353915	1.478978	7	0.7783811	0.5813082	8.018318	0.06763338	2.849142
29.48	6.446716	6.353915	1.169188	7	0.8510231	0.6413915	7.528905	-0.05450405	2.804023
29.5	6.430232	6.285626	1.172635	7	0.8507575	0.6028953	10.13584	0.09816774	3.231018
29.52	6.512564	6.353915	1.64373	7	0.8984071	0.5850501	11.61401	0.02183184	3.3674
29.54	6.537299	6.353915	1.798343	7	0.9486681	0.5947424	11.06467	0.2813739	2.982045
29.56	6.633306	6.422206	2.287962	7	0.9670188	0.6027378	10.5661	0.06763338	2.873223
29.58	6.648718	6.422206	2.339113	7	0.9571254	0.6001404	8.876055	-0.02396969	2.346767
29.6	6.652626	6.422206	2.329456	7	0.9083663	0.5831071	8.128399	0.006564665	2.225699
29.62	6.531138	6.353915	1.692647	7	0.8924375	0.6276228	6.705739	0.03709902	2.161225
29.64	6.544024	6.353915	1.787969	7	0.8359882	0.5758423	9.116924	-0.1308399	2.813162
29.66	6.481318	6.353915	1.461961	7	0.8955836	0.6411135	8.216108	0.03709902	2.755631
29.68	6.601912	6.422206	2.087419	7	0.8906137	0.6026193	10.17344	0.03709902	3.166523
29.7	6.531561	6.353915	1.723723	7	0.9163884	0.6052536	8.981334	-0.02396969	2.551612
29.72	6.592122	6.422206	2.025601	7	0.936475	0.6466889	9.157925	0.06763338	2.957409
29.74	6.52925	6.353915	1.713942	7	0.9443426	0.6542076	8.471363	-0.02396969	2.662159
29.76	6.689137	6.490495	2.503857	7	0.9321316	0.6270754	9.544621	-0.008702087	3.013473
29.78	6.539931	6.353915	1.721163	7	0.9341724	0.6373862	7.278048	0.006564665	2.162466
29.8	6.547536	6.353915	1.798039	7	0.884887	0.6110356	9.561537	-0.008702087	2.965009
29.82	6.533934	6.353915	1.744872	7	0.8965787	0.5897819	10.2788	-0.008702087	2.93435
29.84	6.601424	6.422206	2.078156	7	0.9327668	0.6097103	10.47204	0.006564665	3.052526
29.86	6.622639	6.422206	2.165012	7	0.9485792	0.610979	9.780322	-0.008702087	2.738265
29.88	6.697527	6.490495	2.494541	7	0.9513276	0.6225505	8.968103	0.02183184	2.64134
29.9	6.524777	6.353915	1.597211	7	0.9568612	0.6842042	6.708807	0.02183184	2.243166
29.92	6.6299	6.422206	2.160815	7	0.8890272	0.6110926	10.09581	-0.05450405	3.179297
29.94	6.52161	6.353915	1.601956	7	0.9219592	0.6224351	8.964839	0.03709902	2.619311
29.96	6.529666	6.353915	1.685186	7	0.9253916	0.6302788	10.71793	0.1287021	3.25073
29.98	6.551052	6.353915	1.832552	7	0.9416586	0.5952815	11.98491	-0.02396969	3.253435
30	6.681643	6.490495	2.461607	7	1.007547	0.6408608	11.14859	0.0523662	3.180266
30.02	6.601175	6.353915	2.062557	7	0.9758729	0.5953147	10.39491	-0.008702087	2.522701
30.04	6.574055	6.353915	1.950088	7	0.959953	0.6086882	10.96045	0.02183184	2.925005
30.06	6.549994	6.353915	1.849886	7	0.9822475	0.637215	11.02899	-0.02396969	3.076785
30.08	6.632331	6.422206	2.273664	7	1.000424	0.6387841	11.53261	0.006564665	3.238544
30.1	6.558952	6.353915	1.906676	7	1.024064	0.6667315	10.18395	0.02183184	2.819711
30.12	6.631824	6.422206	2.285213	7	1.025964	0.6827753	10.732	0.006564665	3.225292
30.14	6.570048	6.353915	1.983016	7	1.021976	0.6716262	10.08271	-0.008702087	2.84199
30.16	6.609848	6.353915	2.228085	7	0.9635876	0.5868912	12.38529	-0.02396969	3.17148
30.18	6.573558	6.353915	2.04358	7	0.9904637	0.6027316	11.75174	0.02183184	2.944681
30.2	6.581684	6.353915	2.1059	7	0.9965895	0.6109688	12.32174	-0.02396969	3.172204
30.22	6.562927	6.353915	2.02143	7	1.034585	0.6543361	11.73743	-0.008702087	3.151646
30.24	6.594087	6.353915	2.211566	7	1.027969	0.6317514	12.64679	0.006564665	3.286138
30.26	6.755413	6.490495	2.990901	-7	1.030455	0.596482	10.78658	0.03709902	2.618419
30.28	6.61284	6.353915	2.230989	-7	0.9809819	0.6082967	5.436581	-0.02396969	1.181172
30.3	6.660397	6.422206	2.451421	-7	0.8573248	0.5918659	3.409991	-0.06977123	1.287705
30.32	6.608284	6.422206	2.112929	-7	0.7478411	0.5708158	-1.12631	-1.627023	0.3421087
30.34	6.478992	6.353915	1.406647	-7	0.6038727	0.5629243	-4.758875	-2.466717	-0.06984711
30.36	6.497562	6.422206	1.437023	-7	0.4506922	0.5078477	-6.516509	-3.703359	-0.0662508
30.38	6.516951	6.422206	1.449945	-7	0.2398022	0.3169055	-7.584719	-6.146107	-0.833662
30.4	6.569466	6.490495	1.561966	-7	0.03101394	0.1417763	-9.375376	-4.756793	-1.62885
30.42	6.351305	6.353915	0.3019142	-7	-0.1475642	0.07250675	-13.22907	-5.978168	-2.584005
30.44	6.441989	6.422206	0.6587948	-7	-0.4178895	-0.1661864	-10.31212	-8.604122	-2.044208
30.46	6.357541	6.422206	0.0331147	-7	-0.542968	-0.2717025	-13.18967	-9.947633	-3.155699
30.48	6.334422	6.422206	-0.2478221	-7	-0.703438	-0.3675686	-13.89792	-9.489617	-3.247955
30.5	6.202896	6.353915	-1.062266	-7	-0.8218864	-0.4230904	-15.72046	-9.260611	-3.674655
30.52	6.267072	6.353915	-0.8153161	-7	-1.046534	-0.6808032	-12.27213	-8.34458	-3.490574
30.54	6.412067	6.422206	-0.2233188	-7	-1.278842	-1.041732	-9.644894	-5.917099	-4.398259
30.56	6.425106	6.490495	-0.4235446	-7	-1.396252	-1.15441	-13.17393	-5.703359	-5.754415
30.58	6.146714	6.353915	-2.066237	-7	-1.455154	-1.025242	-19.30683	-5.245343	-6.3613
30.6	7.362502	7.583131	3.46599	-7	-1.465522	-0.9603088	-23.23504	-5.688092	-5.367621
30.62	6.579253	6.695365	-1.096176	-7	-1.815868	-1.183426	-41.20234	-10.87893	-12.41287
30.64	6.697646	6.763654	-0.7723906	-7	-2.569028	-1.712209	-30.12539	-10.68046	-9.032633
30.66	6.287493	6.763654	-3.389497	-7	-2.667831	-1.68427	-36.86879	-5.016335	-10.42298
30.68	6.117496	6.763654	-4.609113	-7	-2.722762	-1.515169	-36.90921	-11.56595	-8.531664
30.7	6.14021	6.763654	-4.732548	-7	-2.807485	-1.641706	-32.98884	-18.71099	-7.847996
30.72	6.345745	6.695365	-3.811471	-7	-3.122425	-2.262508	-22.4854	-22.83313	-8.236807
30.74	6.455876	6.695365	-3.465759	-7	-3.352076	-2.774095	-17.19914	-22.29878	-9.773093
30.76	6.957131	6.695365	-1.053102	-7	-4.021479	-3.957275	0.4131737	-3.917099	-10.79256
30.78	7.444103	7.583131	0.4895016	-7	-3.80664	-3.729954	-15.65282	2.082901	-14.14935
30.8	5.873803	6.080756	-7.765295	-7	-4.06038	-3.539169	-28.45396	-1.138473	-17.04469
30.82	4.487806	5.056413	-14.13633	-7	-4.289274	-3.360196	-9.961655	-3.74916	-9.150936
30.84	4.293859	5.056413	-14.13051	-7	-3.900221	-3.314482	17.19127	-11.73389	-1.869846
30.86	4.85698	5.056413	-10.14054	-7	-3.548665	-3.97733	44.98275	-22.0545	-0.5927991
30.88	5.777288	5.466149	-4.709372	-7	-3.123928	-4.462813	54.22809	-20.20717	-3.723173
30.9	7.098844	6.968522	1.661038	-7	-2.128959	-3.424556	20.3114	18.02183	-9.167431
30.92	5.425802	5.056413	-6.524151	-7	-2.344346	-2.987303	-12.31801	22.55618	-16.95107
30.94	6.603556	6.695365	-0.5314296	-7	-2.470537	-2.28258	-18.53002	21.22794	-9.512513
30.96	5.535305	6.080756	-6.269536	-7	-2.332777	-1.507409	-58.10589	3.518015	-16.99156
30.98	4.742535	5.124701	-9.660516	-7	-3.271157	-1.887392	-47.08034	-14.03924	-12.36688
31	5.429191	5.739308	-5.774592	-7	-3.960089	-2.942092	-23.98086	-12.8026	-9.414944
31.02	3.74687	3.827197	-13.47758	-7	-4.68161	-4.197994	-8.781605	-15.29114	-13.98744
31.04	4.176706	4.168647	-10.21809	-7	-5.101955	-5.165495	33.53513	-6.985801	-5.767258
31.06	3.272115	3.895488	-14.20267	-7	-4.016619	-4.33369	22.37616	0.3424426	-8.417553
31.08	5.986814	5.466149	0.2639539	-7	-4.154689	-5.315632	55.57017	0.5867171	-3.35669
31.1	4.412237	3.895488	-7.531861	-7	-3.85959	-5.352221	21.22953	13.45694	-18.66504
31.12	3.887126	3.485749	-9.223822	-7	-4.146486	-5.010089	30.1722	16.95313	-11.17991
31.14	2.900298	2.871142	-13.10285	-7	-3.902149	-4.661874	32.15257	11.38061	-9.332241
31.16	2.926023	2.597983	-11.39978	-7	-3.932005	-5.05861	57.00441	-13.97817	-4.630335
31.18	3.589607	2.871142	-6.743676	-7	-3.816411	-5.740983	73.45228	-5.886564	-5.486736
31.2	2.761076	2.529693	-10.08183	-7	-2.876152	-4.627256	46.58893	12.95313	-9.878662
31.22	2.180656	2.256536	-11.76228	-7	-2.14385	-3.169563	30.74987	17.99129	-6.093996
31.24	2.915358	2.871142	-6.84296	-7	-1.74132	-2.602592	25.62993	3.06	-3.830451
31.26	1.947403	1.300479	-10.11187	-7	-2.277078	-3.406811	28.03497	5.426412	-8.940741
31.28	2.694752	2.256536	-5.148691	-7	-2.365521	-3.464241	33.83504	8.693587	-5.498542
31.3	0.8197439	0.6175833	-13.33472	-7	-2.281497	-3.168447	16.61109	2.785191	-10.81432
31.32	0.3016286	0.2078438	-13.96433	-7	-2.414771	-3.033537	37.72772	4.601985	-1.988655
31.34	0.9490933	0.8907404	-9.136971	-7	-1.948145	-2.995166	46.62694	-6.161374	-0.2319889
31.36	0.4756279	0.6858721	-10.38691	-7	-1.019572	-1.923827	20.41692	12.9226	-4.501264
31.38	0.185184	0.3444233	-10.36798	-7	-0.6800888	-1.125966	9.651849	18.28137	-2.833617
31.4	-0.3560674	0.002975464	-11.58987	-7	-0.3471969	-0.4105525	-3.087016	11.59435	-2.545088
31.42	-0.1206036	-0.3384733	-8.539381	-7	-0.8901156	-1.201992	14.32649	8.250839	-0.9200726
31.44	-0.5848222	-0.6799221	-9.420181	-7	-0.9606905	-1.456336	11.69336	8.29664	-3.845428
31.46	-1.467071	-1.362819	-12.25211	-7	-0.9164107	-1.204012	10.6677	9.289006	-2.701122
31.48	-1.422575	-1.635977	-10.09511	-7	-1.217431	-1.807823	32.91409	-2.298779	0.8809719
31.5	-1.047158	-1.02137	-6.979466	-7	-0.6973688	-1.510148	26.31187	3.411145	-0.5595074
31.52	-1.080404	-1.362819	-5.943381	-7	-0.6650281	-1.535016	19.32437	9.640153	-3.441475
31.54	-1.746381	-1.772556	-8.183973	-7	-0.5226532	-1.015196	4.914825	5.426412	-4.545674
31.56	-2.137556	-2.318874	-8.650545	-7	-0.8681881	-1.240994	13.55298	-1.031603	-2.143765
31.58	-3.06081	-3.001771	-11.747	-7	-0.8297596	-1.17752	16.86206	-3.443817	-1.302936
31.6	-3.558267	-3.411509	-12.4225	-7	-0.6319993	-1.035172	29.35366	-0.222443	2.747023
31.62	-2.501701	-2.728612	-5.478368	-7	-0.4502676	-1.449108	46.36846	1.76229	4.7009
31.64	-2.868622	-3.411509	-6.000318	-7	-0.3402401	-1.790339	39.92798	13.91496	-1.809677
31.66	-3.186089	-3.821247	-6.121886	-7	-0.4748969	-1.880555	43.31698	14.35771	-0.9676332
31.68	-4.429793	-4.504144	-10.94208	-7	0.0119583	-0.9904225	30.7686	19.22794	-0.4340143
31.7	-3.364087	-3.752957	-3.954267	-7	0.06023365	-1.073599	47.96949	-2.619389	5.489548
31.72	-4.555436	-4.435854	-8.913795	-7	0.9266132	0.02304143	14.75986	-0.4667175	-1.174577
31.74	-4.691898	-5.050462	-7.671888	-7	0.5816062	-0.1489467	31.82934	2.205038	4.468975
31.76	-3.755564	-4.367564	-1.543466	-7	0.4366213	-0.8420459	43.38167	9.685953	3.945026
31.78	-3.198031	-4.094406	2.009951	-7	0.2642398	-1.366045	34.50579	-3.413282	-2.220865
31.8	-4.624577	-4.777303	-4.772079	-7	0.6321778	-0.1186252	-4.270808	12.23557	-6.505488
31.82	-3.671288	-3.889537	0.6985514	-7	0.3031718	0.1129777	-0.2494526	0.800458	0.2109137
31.84	-4.617749	-5.050462	-3.439613	-7	-0.3277022	-0.6417236	-5.059538	-12.64992	-5.956405
31.86	-6.047954	-6.143096	-9.514734	-7	-0.7994673	-0.8027527	6.727105	-16.61939	-2.024691
31.88	-6.030907	-5.869938	-8.168558	-7	-0.6737727	-0.8363452	29.64973	-6.94	5.026749
31.9	-5.139024	-5.460199	-2.617306	-7	-0.5289854	-1.536007	49.03048	-19.62702	4.872383
31.92	-6.397919	-6.552835	-8.027978	-7	0.0486809	-1.07468	35.05301	4.159236	-0.1689663
31.94	-5.73145	-6.143096	-3.339556	-7	0.1670499	-1.014256	52.86308	16.76992	6.334678
31.96	-5.631176	-5.460199	-2.422744	-7	1.370876	0.3944765	19.90365	14.54092	2.299259
31.98	-5.532064	-6.416255	-0.6790533	-7	0.6662765	-0.4896865	32.67865	8.037099	1.566538
32	-6.018844	-6.211386	-2.560746	-7	1.011706	0.201111	12.90295	16.66305	-0.2719011
32.02	-5.077693	-5.733358	2.879277	-7	0.5461974	-0.3045304	22.29065	0.9989309	1.713504
32.04	-6.839607	-6.825994	-5.660861	-7	0.8458142	0.4953194	-8.797038	-1.367481	-4.32328
32.06	-6.65724	-6.825994	-3.615477	-7	0.3684724	0.3100782	14.28028	-1.413283	4.58691
32.08	-6.819802	-6.416255	-3.997807	-7	1.040881	1.025231	-0.2877598	-9.382748	2.991932
32.1	-5.492389	-6.416255	3.660976	-7	0.007367969	-0.8284725	34.68557	-2.436183	3.806197
32.12	-6.222009	-6.416255	-0.1762936	-7	0.4532647	-0.3217672	3.918952	4.876793	-4.330951
32.14	-5.719715	-6.416255	2.762274	-7	-0.2457178	-0.9011712	18.26603	5.518015	-0.7017097
32.16	-6.827553	-6.143096	-3.353648	-7	0.8608887	1.118339	-29.35952	-7.36748	-4.12532
32.18	-5.940974	-6.416255	1.804544	-7	-0.2569647	-0.1284827	4.753278	-11.70336	2.05795
32.2	-7.259099	-6.484545	-5.197784	-7	0.6403421	1.229424	-33.37279	-9.871297	-3.505404
32.22	-5.396824	-6.416255	5.124678	-7	-1.127442	-1.409929	29.93737	-0.8636642	3.840429
32.24	-6.713633	-6.484545	-2.193771	-7	-0.3108036	-0.611784	-10.22682	-6.008702	-7.111758
32.26	-5.018518	-6.484545	6.996623	-7	-2.109391	-3.162913	50.66722	6.876794	0.289135
32.28	-6.92915	-6.416255	-3.771344	-7	-0.5722926	-1.014793	-11.37084	-4.604122	-9.641069
32.3	-5.620021	-6.484545	3.40799	-7	-1.75357	-2.315582	37.3146	-15.38275	1.466764
32.32	-7.277879	-6.484545	-5.7358	-7	-0.1912622	-0.2045501	-15.62566	-6.23771	-5.981084
32.34	-5.689214	-6.416255	3.035215	-7	-1.298943	-1.702991	35.19312	-15.55069	3.795713
32.36	-6.725962	-6.143096	-2.929823	-7	0.0389713	-0.1212845	-12.88774	9.456945	-5.201664
32.38	-4.659919	-6.143096	8.180652	-7	-1.802026	-2.836115	47.95452	-1.016336	0.9605846
32.4	-7.255167	-7.50889	-5.352989	-7	-1.302779	-2.277647	10.36377	4.327175	-11.14633
32.42	-4.199608	-5.733358	10.51143	-7	-2.665592	-4.26637	77.01108	-1.245344	3.026345
32.44	-7.151129	-7.099152	-5.436275	-7	-1.212895	-2.475402	8.181654	-4.314046	-13.7763
32.46	-6.225862	-7.167441	0.1603971	-7	-2.180483	-3.215598	61.61016	-0.3293133	2.813009
32.48	-6.834284	-6.825994	-3.120816	-7	-1.012377	-2.222603	38.07462	-6.955266	-2.3328
32.5	-6.086355	-6.825994	1.176	-7	-1.112086	-2.539506	56.96534	4.693587	1.684871
32.52	-6.321301	-6.757704	-0.01384783	-7	-0.5021861	-1.970304	39.31929	-4.039237	-2.404434
32.54	-6.793728	-6.825994	-2.278554	-7	0.1849151	-0.6180274	18.24335	11.74702	-1.047938
32.56	-6.190379	-6.484545	1.131935	-7	0.223935	-0.42934	19.89901	-3.321679	1.536101
32.58	-7.65226	-7.713759	-5.744388	-7	0.3860544	-0.01262307	4.947361	4.327175	-2.049975
32.6	-7.475112	-7.850338	-3.65415	-7	-0.06713739	-0.5688068	35.17355	5.105801	5.487519
32.62	-7.854648	-7.782049	-4.88852	-7	0.5967088	-0.1008053	29.44207	-0.4361835	4.162917
32.64	-6.207686	-6.552835	3.900997	-7	0.8752408	-0.1082197	36.00607	19.0142	6.34011
32.66	-6.102004	-6.484545	4.202315	-7	1.232711	0.2655533	4.047758	13.56382	-2.767697
32.68	-5.687548	-6.211386	6.056898	-7	0.8269271	0.3831834	-11.06624	22.09817	-3.908425
32.7	-6.380424	-6.552835	2.148159	-7	0.4402414	0.636933	-33.05322	-14.11557	-7.042107
32.72	-7.580864	-7.850338	-3.490577	-7	-0.6516082	-0.1481109	-16.54353	-11.74916	-4.016226
32.74	-7.757643	-7.782049	-3.857038	-7	-1.109399	-0.8525662	12.23792	-31.99343	1.82865
32.76	-6.496605	-6.825994	2.630252	-7	-1.182989	-1.784493	36.40907	-13.58122	2.937085
32.78	-6.437805	-6.825994	2.52001	-7	-0.8575458	-1.857458	24.83361	-19.67282	-3.522868
32.8	-7.576057	-7.713759	-3.237694	-7	-0.6172894	-1.159994	12.98566	16.87679	-3.616496
32.82	-6.636655	-6.416255	1.366222	-7	-0.04248372	-0.1970274	10.42481	6.830991	2.663314
32.84	-5.940018	-6.074806	4.463481	-7	0.1220646	-0.1872723	-2.31803	2.495114	-1.998607
32.86	-6.837312	-7.50889	0.07807016	-7	-0.7501932	-1.154684	2.784174	0.5256488	-5.891298
32.88	-7.39198	-7.4406	-2.620017	-7	-0.8219623	-0.9042099	6.970557	12.73939	-1.719835
32.9	-5.617305	-5.869938	6.052002	-7	-0.8165668	-1.240706	19.75791	-5.794962	1.397008
32.92	-6.875023	-7.167441	-0.7133288	-7	-0.8031434	-1.308443	-1.223579	-5.199542	-7.975458
32.94	-6.75249	-7.167441	0.1056266	-7	-1.326306	-1.652054	19.17757	0.8767939	-1.299452
32.96	-7.43375	-7.167441	-3.519202	-7	-0.7070516	-0.8592005	6.175265	0.1897708	-2.01825
32.98	-6.98045	-7.099152	-0.9028533	-7	-0.7441961	-1.031586	22.61374	-12.11557	2.181193
33	-7.418663	-7.235731	-3.064483	-7	-0.1471939	-0.4573234	10.93782	0.006564665	-0.09609795
33.02	-6.509113	-7.167441	2.085095	-7	-0.6700649	-1.491354	37.91042	1.350076	2.58653
33.04	-6.370556	-6.825994	2.580859	-7	-0.3970194	-1.49209	25.79749	10.54092	-2.601296
33.06	-5.88053	-6.825994	5.025997	-7	-0.9000337	-2.148497	32.68425	9.21267	-3.366903
33.08	-7.643852	-7.782049	-4.043887	-7	-0.5291134	-1.174679	6.821398	10.75466	-6.441502
33.1	-7.158373	-7.782049	-0.8023503	-7	-1.167731	-1.88612	43.91029	-4.23771	3.136412
33.12	-8.098202	-7.782049	-5.483886	-7	-0.04635176	-0.6625307	21.66098	-10.1003	0.396841
33.14	-5.351233	-6.416255	8.885887	-7	-0.6617202	-2.104857	62.34069	-3.474351	6.115066
33.16	-7.26262	-7.782049	-1.178765	-7	-0.09196061	-1.572058	17.35346	6.021831	-9.03133
33.18	-6.668079	-7.782049	2.537302	-7	-1.034	-2.314542	51.59645	11.68595	1.118944
33.2	-8.350894	-7.850338	-6.233967	-7	0.4399888	-0.1098326	5.788151	8.205037	-2.611407
33.22	-7.547749	-7.850338	-1.201706	-7	0.1601828	-0.3206109	35.66034	-19.42855	7.12429
33.24	-9.285252	-7.850338	-10.04765	-7	2.351621	2.815801	-26.00897	10.25084	2.619158
33.26	-6.583254	-7.850338	5.463499	-7	0.4360231	-0.2920873	55.9696	3.197403	12.78145
33.28	-7.404476	-7.850338	1.171645	-7	1.032126	-0.3404095	19.97894	21.96076	-3.070347
33.3	-6.348764	-7.782049	7.092608	-7	-0.1320765	-1.694098	48.81199	13.30427	1.095617
33.32	-6.567811	-6.143096	4.605049	-7	1.479462	0.9692481	-22.54789	16.90733	-5.560813
33.34	-7.54493	-7.850338	-0.1657841	-7	0.6357868	0.9362553	-25.4157	-22.49725	-4.004683
33.36	-8.702967	-7.782049	-6.035493	-7	1.083743	2.358637	-43.78866	0.06763338	0.3928671
33.38	-8.343594	-7.850338	-3.528995	-7	0.7171073	1.884454	-17.62657	-31.94763	6.836437
33.4	-7.443418	-7.850338	1.644183	-7	-0.08592409	-0.1399665	18.02913	2.327175	4.844269
33.42	-7.235533	-7.850338	2.759683	-7	-0.4027866	-1.237971	27.26822	4.006565	-0.3169088
33.44	-7.95587	-7.782049	-1.228969	-7	0.3191547	-0.02479133	2.618742	23.62489	-1.552072
33.46	-8.115299	-7.850338	-1.894268	-7	0.6433994	0.78837	-1.020181	-1.275878	2.728517
33.48	-8.005456	-7.782049	-1.110218	-7	0.8648999	1.032394	-1.025864	-0.222443	3.784685
33.5	-7.384976	-7.782049	2.396832	-7	0.4220973	0.08996052	15.51736	2.220305	3.271518
33.52	-7.537627	-7.782049	1.556689	-7	0.4706229	0.005406909	7.674898	5.808091	-0.3902054
33.54	-7.507865	-7.782049	1.728898	-7	0.331687	-0.01849409	8.020871	7.090534	0.3274794
33.56	-7.722125	-7.713759	0.5148457	-7	0.5120398	0.3915336	-1.264231	-4.13084	0.02702045
33.58	-6.710976	-6.825994	5.303221	-7	0.4883441	0.4081393	-1.90373	-0.4514503	1.234856
33.6	-6.484962	-6.757704	5.782815	-7	0.2651276	0.1658174	-15.86334	-4.619389	-4.267859
33.62	-6.751822	-6.757704	3.666768	-7	0.0311273	0.4451643	-32.03357	-0.4667175	-5.773761
33.64	-7.156044	-6.894283	1.020804	-7	-0.2674452	0.654328	-38.48939	-16.10031	-4.509582
33.66	-7.345841	-7.167441	-0.2027649	-7	-0.8249456	0.1101079	-25.39829	-20.06977	-2.324191
33.68	-7.205077	-7.167441	0.2946705	-7	-1.274082	-0.7419386	-6.132277	-18.92473	-1.207836
33.7	-7.222608	-7.099152	-0.171077	-7	-1.244174	-1.016354	0.6372681	-3.825496	-1.67018
33.72	-6.855861	-6.825994	1.292734	-7	-1.152467	-1.151477	7.118369	-2.054504	-1.031559
33.74	-7.017286	-6.825994	-0.02573788	-7	-0.7728475	-0.7355874	-1.852579	0.663053	-2.500062
33.76	-6.352438	-6.416255	2.955763	-7	-0.8024864	-0.8312856	2.993985	1.243206	-1.121927
33.78	-7.678909	-7.850338	-3.710785	-7	-1.054189	-1.176266	3.656726	-0.7109923	-4.474498
33.8	-8.050303	-7.782049	-5.229738	-7	-0.7855924	-0.6955267	16.62423	-0.3598476	2.730351
33.82	-7.872613	-7.782049	-3.778415	-7	-0.4340156	-0.7837039	32.98172	-6.833129	5.309729
33.84	-5.791074	-6.143096	6.650278	-7	-0.01372033	-1.064111	40.37215	-4.710992	4.856139
33.86	-7.287546	-7.50889	-1.211933	-7	0.4798981	-0.3652842	1.934016	16.75465	-6.124012
33.88	-7.018291	-7.4406	0.6247998	-7	0.01901177	-0.3871609	17.68291	19.33481	1.756351
33.9	-7.317446	-7.235731	-0.9176633	-7	0.4462499	0.1752972	3.359014	21.12107	-0.06744671
33.92	-6.86657	-7.167441	1.621663	-7	0.1893557	-0.1459081	12.38817	-13.16901	1.62328
33.94	-7.899309	-7.167441	-3.9098	-7	1.220458	1.613345	-26.14945	9.747022	-1.076643
33.96	-7.021718	-7.167441	1.134526	-7	0.5499843	0.8719447	-0.05981541	-5.214809	4.79632
33.98	-8.969625	-8.123497	-8.57302	-7	1.342451	2.087646	-31.72518	5.121069	-0.4202614
34	-7.506778	-8.123497	0.2956035	-7	-0.0315944	-0.06885755	35.45869	0.1134349	10.28099
34.02	-8.118894	-8.123497	-2.59431	-7	0.6004152	-0.09489546	21.69942	11.70122	1.783245
34.04	-7.073146	-8.123497	3.534148	-7	-0.1511567	-1.499976	57.65466	-0.9094657	5.326132
34.06	-7.974713	-8.123497	-1.143324	-7	0.7841549	-0.4120072	25.73584	20.44931	-0.761981
34.08	-7.083858	-8.191787	4.108874	-7	0.05554116	-1.39331	55.37966	0.006564665	4.356059
34.1	-8.181659	-8.260077	-1.580794	-7	1.017323	-0.06278205	19.7536	7.059999	-0.9789248
34.12	-6.974883	-8.123497	5.281849	-7	0.1509839	-1.224958	54.26266	-5.978168	5.168697
34.14	-7.281674	-7.167441	2.954416	-7	1.448078	0.5493202	3.09134	2.266106	-1.939276
34.16	-5.969956	-7.167441	9.689936	-7	0.3006115	-0.7085229	23.33477	-3.107939	0.03365993
34.18	-6.98573	-7.167441	3.599874	-7	0.6277379	0.1958835	-19.86269	2.525648	-7.993087
34.2	-6.247314	-7.099152	7.167276	-7	-0.6223423	-0.8700551	3.327698	-11.32168	-2.679494
34.22	-7.864981	-7.50889	-1.8673	-7	-0.179593	0.1945516	-30.20161	-13.16901	-7.288558
34.24	-6.922674	-7.50889	3.183548	-7	-1.408626	-1.329566	17.73756	-27.53542	1.811455
34.26	-8.181215	-7.50889	-3.918825	-7	-0.3373191	-0.06900287	-13.49115	-9.886565	-3.403496
34.28	-5.598364	-6.143096	9.012732	-7	-1.017359	-1.306978	26.86663	-15.24534	4.347536
34.3	-8.274283	-7.50889	-5.594764	-7	0.2931957	0.5803892	-38.21812	8.617251	-9.502974
34.32	-5.994184	-7.4406	6.963069	-7	-2.040235	-2.58664	53.16286	2.861526	5.590994
34.34	-7.234109	-7.167441	-0.3601284	-7	-0.9050682	-1.773085	10.86485	7.441679	-7.442829
34.36	-6.313818	-7.167441	4.391552	-7	-1.604718	-2.537936	42.42936	-12.03924	0.09851933
34.38	-8.38961	-7.167441	-7.123064	-7	0.543445	0.7999239	-26.4808	10.61725	-4.861398
34.4	-7.424594	-7.099152	-1.619157	-7	0.3749543	1.029723	1.211659	-19.0774	7.581928
34.42	-9.914652	-8.191787	-14.04932	-7	2.118817	3.513683	-47.89117	9.670686	2.461153
34.44	-7.866239	-8.123497	-1.681234	-7	0.8105462	1.284486	32.51723	-1.627023	16.65797
34.46	-8.004314	-7.782049	-2.047975	-7	1.674418	1.178913	14.05883	22.32717	4.999117
34.48	-6.565083	-7.850338	6.193556	-7	0.5494484	-0.8357598	52.32746	16.78519	5.871101
34.5	-8.654398	-8.738104	-4.331398	-7	1.362328	0.3941357	9.742096	25.62488	-2.855585
34.52	-8.194847	-8.806395	-0.8015077	-7	0.7872233	0.01600134	43.69941	15.04473	8.362002
34.54	-8.060915	-7.50889	-0.285953	-7	2.324832	1.881542	5.422844	0.02183184	5.462763
34.56	-5.636002	-7.50889	12.78488	-7	0.4839989	-1.195256	56.77045	4.388244	5.222618
34.58	-7.011465	-7.50889	4.785072	-7	1.120924	-0.1763343	-3.699101	10.9684	-9.287822
34.6	-6.002636	-7.4406	9.925437	-7	-0.4507471	-1.482037	25.85685	4.327175	-2.131757
34.62	-7.604654	-7.50889	0.7350889	-7	0.1908495	-0.05081815	-21.06224	-11.47435	-8.548462
34.64	-8.015869	-8.806395	-0.6958976	-7	-1.217559	-1.4154	23.75169	-24.26824	0.3908558
34.66	-9.464446	-8.874683	-7.95719	-7	-0.2328722	-0.2121274	14.0528	-28.95526	2.263847
34.68	-6.964258	-7.782049	5.45658	-7	-0.7877383	-1.914565	73.79614	-9.611755	11.16864
34.7	-8.634461	-8.806395	-3.20515	-7	0.3859742	-1.103915	36.37583	2.968397	-2.047076
34.72	-7.978014	-8.806395	1.017655	-7	0.1321114	-1.33266	66.88568	18.34244	7.555434
34.74	-7.927419	-7.50889	0.818511	-7	2.001419	1.018286	19.13489	-5.275878	3.988398
34.76	-6.478992	-7.577179	8.571648	-7	1.265717	-0.0222131	36.21943	18.09817	4.462118
34.78	-8.406346	-8.464945	-1.463647	-7	1.858392	1.268805	-11.7683	6.113435	-4.221306
34.8	-8.049146	-8.396656	1.039092	-7	1.219195	1.141606	10.4448	9.655418	5.904247
34.82	-8.676262	-8.464945	-1.947708	-7	1.624637	1.617011	-2.61539	-16.77206	3.488118
34.84	-8.30577	-8.464945	0.516192	-7	1.386251	1.269723	12.95588	14.98366	6.933966
34.86	-8.763061	-8.396656	-1.675084	-7	2.038795	2.094268	-5.28768	-1.672824	4.73363
34.88	-7.56011	-7.099152	4.249652	-7	2.604572	3.030671	-18.40938	17.64015	7.363761
34.9	-7.061309	-7.099152	6.413808	-7	2.345802	2.743578	-34.61853	1.136336	0.901845
34.92	-6.912911	-7.167441	6.705156	-7	1.504179	2.09395	-41.33477	8.769923	-2.451451
34.94	-8.600723	-8.464945	-2.007874	-7	0.7698886	1.852755	-47.31794	5.136335	-4.069082
34.96	-8.638758	-8.464945	-1.831599	-7	-0.01548287	1.039006	-12.34215	-10.0545	4.62736
34.98	-7.982829	-7.50889	1.169352	-7	0.3517555	0.9381841	-5.479733	-21.56595	4.962732
35	-8.63263	-8.806395	-1.842047	-7	-0.02442959	-0.02259654	11.11107	-19.93237	2.159885
35.02	-9.109403	-8.806395	-3.974419	-7	0.4618002	0.4641144	17.39455	7.197403	5.823956
35.04	-8.915871	-8.738104	-2.469481	-7	0.9626511	0.6886451	29.58537	6.739389	9.100961
35.06	-8.737341	-8.874683	-0.9568068	-7	1.358857	0.6112975	37.67755	6.800458	8.635015
35.08	-7.265398	-7.50889	6.4633	-7	1.986575	0.9895757	30.77334	12.9684	7.938676
35.1	-6.925549	-7.50889	7.796247	-7	2.08286	1.095526	5.88811	19.24321	0.1282024
35.12	-7.069084	-7.50889	6.589319	-7	1.821113	1.479797	-16.48835	17.44168	-2.229006
35.14	-7.614829	-7.4406	3.227295	-7	1.772999	2.364474	-41.53508	9.136334	-2.090619
35.16	-8.800322	-8.806395	-2.441092	-7	0.8533494	1.757272	-27.71416	-19.97816	0.5540171
35.18	-8.184846	-7.850338	0.7393711	-7	0.7272274	1.498967	-8.350269	-21.30641	6.52886
35.2	-7.738154	-7.850338	2.9135	-7	0.4981319	0.5773622	4.309412	-25.32168	3.573489
35.22	-7.489516	-7.782049	3.900036	-7	0.3268811	0.04714951	9.087132	-0.4667175	1.329881
35.24	-7.569692	-7.782049	3.111891	-7	0.3269127	0.03970614	5.863357	5.731755	0.1252222
35.26	-7.812218	-7.782049	1.526949	-7	0.5164681	0.4803039	-0.8378575	2.983664	0.7684574
35.28	-7.665734	-7.782049	2.14296	-7	0.4113407	0.3562738	5.774688	-2.314046	2.400444
35.3	-7.887279	-7.782049	0.7754871	-7	0.6712205	0.6810596	-0.2666202	-5.718626	1.80085
35.32	-7.692553	-7.850338	1.796274	-7	0.5176388	0.4041079	9.617311	-1.53542	3.332861
35.34	-7.66831	-7.782049	1.800186	-7	0.6149292	0.3598473	9.591542	-0.5735877	2.403251
35.36	-7.569351	-7.782049	2.238915	-7	0.6023122	0.2661703	12.25256	1.65542	2.480033
35.38	-7.623649	-7.782049	1.855112	-7	0.6981154	0.363158	10.08232	0.4340457	2.064635
35.4	-7.635529	-7.782049	1.740474	-7	0.7619498	0.4727608	9.542591	0.02183184	2.501402
35.42	-7.550938	-7.782049	2.164009	-7	0.7230987	0.3723401	12.20184	-0.1766415	2.680679
35.44	-7.736529	-7.918628	1.223722	-7	0.7710512	0.4194031	11.09131	-0.008702087	2.275581
35.46	-7.612596	-7.850338	1.919702	-7	0.7491012	0.3526066	15.56437	-0.05450405	3.360479
35.48	-7.588316	-7.782049	2.005647	-7	0.8718009	0.435083	13.40669	0.0523662	2.76113
35.5	-7.542111	-7.782049	2.236049	-7	0.900429	0.4704418	12.84786	0.2966411	2.731098
35.52	-7.453868	-7.782049	2.69208	-7	0.8220812	0.3348057	14.53508	0.006564665	2.505161
35.54	-7.468139	-7.713759	2.525329	-7	0.8734983	0.4289925	11.06095	-0.05450405	1.991592
35.56	-7.577807	-7.850338	1.972101	-7	0.8073334	0.4097376	11.28637	0.03709902	2.096669
35.58	-7.66148	-7.850338	1.556831	-7	0.8377081	0.4936023	11.25944	-0.1003056	2.670338
35.6	-7.527229	-7.782049	2.271962	-7	0.8070626	0.3987003	14.65471	0.02183184	3.19011
35.62	-7.642286	-7.850338	1.676161	-7	0.8841723	0.4627926	12.47953	0.0523662	2.508704
35.64	-7.570181	-7.850338	2.110736	-7	0.8421093	0.3921068	15.7646	0.1439693	3.198153
35.66	-7.509536	-7.782049	2.408303	-7	0.8828238	0.380759	15.42887	-0.05450405	2.82722
35.68	-7.583134	-7.850338	2.039354	-7	0.9125025	0.4291703	14.03152	-0.05450405	2.543447
35.7	-7.497145	-7.782049	2.488546	-7	0.9053501	0.4262086	14.98291	0.02183184	2.960808
35.72	-7.549527	-7.850338	2.233168	-7	0.8901262	0.3894057	14.6426	-0.06977123	2.509122
35.74	-7.502548	-7.782049	2.461904	-7	0.9008897	0.4179253	14.63597	0.006564665	2.789016
35.76	-7.481142	-7.782049	2.552278	-7	0.8874404	0.3916106	14.4523	-0.008702087	2.560804
35.78	-7.489817	-7.782049	2.479769	-7	0.8788595	0.3958471	13.87175	-0.1003056	2.450589
35.8	-7.503307	-7.782049	2.385441	-7	0.8727164	0.4111291	13.54128	0.0523662	2.509563
35.82	-7.593256	-7.850338	1.935227	-7	0.8742388	0.4368089	13.43138	0.0523662	2.605145
35.84	-7.526274	-7.782049	2.285032	-7	0.8854492	0.4405504	14.84964	-0.03923687	3.126721
35.86	-7.492859	-7.782049	2.44839	-7	0.8880901	0.3942851	15.26798	0.06763338	2.820292
35.88	-7.564957	-7.850338	2.09378	-7	0.893747	0.3995553	15.05161	0.0523662	2.671148
35.9	-7.479722	-7.782049	2.539298	-7	0.8871197	0.3743939	16.63331	0.006564665	3.088321
35.92	-7.441537	-7.782049	2.720235	-7	0.8697957	0.3029023	17.0332	-0.1461071	2.661666
35.94	-7.565717	-7.850338	2.076006	-7	0.9108797	0.3875902	15.11572	0.02183184	2.466854
35.96	-7.473112	-7.782049	2.566602	-7	0.8981431	0.3783374	17.02861	-0.03923687	3.176871
35.98	-7.48664	-7.782049	2.473602	-7	0.9369586	0.4001877	15.71298	-0.03923687	2.7074
36	-7.54105	-7.850338	2.223408	-7	0.9255635	0.4031746	16.02792	0.0523662	2.816358
36.02	-7.476553	-7.782049	2.56026	-7	0.9347979	0.4025636	16.87348	-0.1155728	3.121937
36.04	-7.466192	-7.782049	2.60071	-7	0.9488288	0.39801	16.30928	-0.02396969	2.806809
36.06	-7.538099	-7.850338	2.253228	-7	0.9463147	0.412084	16.03812	0.006564665	2.770267
36.08	-7.471228	-7.782049	2.6041	-7	0.9502925	0.4139894	17.00503	-0.08503798	3.170417
36.1	-7.499257	-7.782049	2.439102	-7	1.002767	0.4776019	15.18818	0.03709902	2.838751
36.12	-7.426585	-7.782049	2.829408	-7	0.9408001	0.3883301	17.12812	-0.02396969	3.026491
36.14	-7.537206	-7.850338	2.264465	-7	0.9535735	0.4068416	15.88622	-0.008702087	2.615719
36.16	-7.468832	-7.782049	2.623605	-7	0.9520654	0.4170166	17.18424	-0.02396969	3.23315
36.18	-7.527335	-7.850338	2.342822	-7	0.9563072	0.3959682	17.10543	0.03709902	2.897663
36.2	-7.4262	-7.782049	2.871872	-7	0.9337789	0.3404641	19.00549	0.1134349	3.23644
36.22	-7.499641	-7.782049	2.449466	-7	1.026696	0.4672185	15.57885	0.06763338	2.709942
36.24	-7.422958	-7.782049	2.863955	-7	0.9689146	0.4057845	17.61889	0.1287021	3.162487
36.26	-7.531979	-7.850338	2.310048	-7	0.9861648	0.4259277	16.35589	-0.1308399	2.733962
36.28	-7.544701	-7.850338	2.286712	-7	0.9938125	0.4579414	17.4493	0.0523662	3.344106
36.3	-7.518503	-7.850338	2.467655	-7	0.9962826	0.4161463	18.96774	0.08290056	3.449892
36.32	-7.417031	-7.782049	2.992401	-7	1.002702	0.3667851	19.85078	-0.1155728	3.339194
36.34	-7.437675	-7.782049	2.852637	-7	1.04733	0.421702	17.54303	0.02183184	2.811699
36.36	-7.424201	-7.782049	2.911965	-7	1.030943	0.4375375	17.20728	0.03709902	2.939898
36.38	-7.477282	-7.850338	2.660517	-7	0.9823486	0.3857128	17.80552	-0.06977123	2.857412
36.4	-7.450946	-7.782049	2.778934	-7	1.000879	0.4204146	17.74622	-0.03923687	3.129034
36.42	-7.495237	-7.850338	2.571193	-7	0.9829142	0.387641	18.29938	0.02183184	3.02578
36.44	-7.449899	-7.782049	2.793031	-7	1.010563	0.4174976	18.48034	0.03709902	3.280149
36.46	-7.4686	-7.782049	2.674216	-7	1.06093	0.4843898	16.94	0.006564665	3.08237
36.48	-7.502671	-7.850338	2.537326	-7	1.03483	0.4597471	17.85379	0.0523662	3.224261
36.5	-7.533833	-7.850338	2.408942	-7	1.061904	0.4914338	18.02504	-0.03923687	3.410852
36.52	-7.543275	-7.850338	2.400692	-7	1.103763	0.5349286	18.18696	0.006564665	3.618402
36.54	-7.464833	-7.850338	2.864959	-7	1.065557	0.42804	20.73716	0.006564665	3.712067
36.56	-7.398592	-7.782049	3.18869	-7	1.089246	0.4103424	20.09278	0.1745041	3.283062
36.58	-7.369934	-7.782049	3.310645	-7	1.06776	0.3847032	19.38519	-0.1155728	2.93707
36.6	-7.405037	-7.782049	3.088173	-7	1.068831	0.4316825	17.58885	0.02183184	2.759839
36.62	-7.456362	-7.850338	2.838583	-7	1.006726	0.3884168	18.52562	0.006564665	2.945967
36.64	-7.413426	-7.782049	3.036479	-7	1.000485	0.377864	19.25969	-0.08503798	3.209026
36.66	-7.513119	-7.850338	2.517455	-7	1.032771	0.4271253	18.1705	-0.02396969	3.014514
36.68	-7.335164	-7.713759	3.405643	-7	1.017734	0.386016	20.29858	0.0523662	3.602232
36.7	-7.408676	-7.782049	2.977292	-7	1.038598	0.3885003	18.10415	-0.03923687	2.677615
36.72	-7.423362	-7.782049	2.88474	-7	1.031518	0.4288639	18.14382	-0.008702087	3.095977
36.74	-7.443316	-7.782049	2.767235	-7	1.046564	0.4578401	17.94678	-0.05450405	3.200997
36.76	-7.486017	-7.850338	2.584218	-7	1.021475	0.4145014	19.42869	-0.02396969	3.350694
36.78	-7.504809	-7.850338	2.523493	-7	1.047731	0.4227954	20.44718	-0.008702087	3.606969
36.8	-7.409791	-7.782049	3.024476	-7	1.075412	0.4051079	21.64954	0.006564665	3.767541
36.82	-7.382775	-7.782049	3.153579	-7	1.096762	0.3902709	21.04185	0.06763338	3.302737
36.84	-7.40521	-7.782049	3.020806	-7	1.129411	0.4563992	19.4061	-0.05450405	3.172647
36.86	-7.376264	-7.782049	3.174633	-7	1.09823	0.4312367	19.95985	0.02183184	3.307688
36.88	-7.423935	-7.850338	2.956661	-7	1.046876	0.3562618	20.88706	0.08290056	3.138564
36.9	-7.462986	-7.850338	2.776276	-7	1.057436	0.3760863	21.27054	-0.008702087	3.381404
36.92	-7.46514	-7.850338	2.796727	-7	1.079079	0.3880435	22.07501	-0.03923687	3.629119
36.94	-7.373819	-7.782049	3.267938	-7	1.101464	0.3741021	22.7634	0.006564665	3.684894
36.96	-7.375757	-7.782049	3.233463	-7	1.138198	0.4083914	21.08633	0.006564665	3.224938
36.98	-7.417243	-7.850338	3.047233	-7	1.10338	0.3856683	21.44054	0.006564665	3.250573
37	-7.420834	-7.850338	3.057504	-7	1.080789	0.3550223	22.51391	-0.02396969	3.456531
37.02	-7.36531	-7.782049	3.32688	-7	1.102767	0.3648104	22.45834	0.03709902	3.482968
37.04	-7.388945	-7.782049	3.173193	-7	1.147761	0.4361567	20.48349	-0.02396969	3.213897
37.06	-7.467123	-7.850338	2.793192	-7	1.154895	0.4893692	19.87034	-0.008702087	3.367725
37.08	-7.457275	-7.850338	2.891229	-7	1.140968	0.4716039	21.41668	-0.05450405	3.799986
37.1	-7.446444	-7.850338	2.982906	-7	1.147177	0.4397257	22.29593	0.006564665	3.762682
37.12	-7.446236	-7.850338	3.011854	-7	1.171339	0.4478766	22.38924	-0.03923687	3.726873
37.14	-7.3463	-7.782049	3.525762	-7	1.172641	0.4201148	22.98394	-0.05450405	3.750216
37.16	-7.401532	-7.850338	3.246377	-7	1.161418	0.3981758	22.05029	-0.02396969	3.216018
37.18	-7.385235	-7.782049	3.305027	-7	1.197147	0.4885378	20.77923	-0.008702087	3.498076
37.2	-7.417892	-7.850338	3.159285	-7	1.15963	0.4495905	21.26454	-0.008702087	3.433344
37.22	-7.35174	-7.782049	3.486536	-7	1.143846	0.4213636	21.99802	-0.02396969	3.59424
37.24	-7.668333	-8.055207	1.951872	-7	1.153232	0.4645957	20.98975	-0.02396969	3.248161
37.26	-7.444885	-7.850338	3.185015	-7	1.155919	0.4357458	26.2481	0.006564665	4.979708
37.28	-7.410524	-7.850338	3.366628	-7	1.224879	0.3961182	25.13457	-0.05450405	3.842473
37.3	-7.332478	-7.850338	3.790104	-7	1.187191	0.3196452	26.12422	0.6783206	3.694526
37.32	-7.43293	-7.850338	3.238963	-7	1.27645	0.4811394	21.8763	5.869159	3.239886
37.34	-7.352333	-7.713759	3.594639	-7	1.359284	0.6813401	18.98107	1.182137	3.804896
37.36	-7.458659	-7.782049	3.015229	-7	1.413784	0.8343067	14.74313	2.281374	3.394007
37.38	-7.235509	-7.850338	4.273967	-7	1.062596	0.3155574	24.80846	-0.1461071	3.955406
37.4	-7.521384	-7.782049	2.649579	-7	1.300799	0.6705378	14.85793	-0.5430534	2.577371
37.42	-7.453712	-7.782049	3.021965	-7	1.268735	0.748422	17.19391	0.7699236	4.254766
37.44	-7.387879	-7.850338	3.41399	-7	1.129885	0.4605218	21.93887	-0.680458	3.91257
37.46	-7.361843	-7.713759	3.452877	-7	1.222218	0.5547554	19.30877	0.4035109	3.524183
37.48	-7.474636	-7.850338	2.876419	-7	1.216495	0.5859051	18.72635	0.6935877	3.468995
37.5	-7.386651	-7.782049	3.337162	-7	1.188625	0.5400134	21.15121	0.2966411	4.099094
37.52	-7.494702	-7.850338	2.780653	-7	1.241996	0.5887787	19.70346	1.227939	3.65819
37.54	-7.448211	-7.850338	3.074151	-7	1.218231	0.5439007	22.45583	1.06	4.299144
37.56	-7.440078	-7.782049	3.095206	-7	1.323274	0.6482503	20.50944	0.2661067	4.077848
37.58	-7.419038	-7.850338	3.256339	-7	1.28407	0.5757579	22.16831	0.3119082	4.109286
37.6	-7.473738	-7.850338	2.993852	-7	1.337633	0.6446592	20.8228	-0.1461071	3.979907
37.62	-7.379324	-7.782049	3.494345	-7	1.346227	0.6515735	21.49491	0.205038	4.306182
37.64	-7.445151	-7.850338	3.174145	-7	1.355648	0.6571864	20.25508	0.006564665	3.803934
37.66	-6.011099	-6.484545	9.912636	-7	1.442399	0.6771021	17.05552	-0.08503798	4.149495
37.68	-5.918059	-6.484545	9.424915	-7	1.327317	0.6903576	-8.481282	0.1592365	-3.585989
37.7	-6.277935	-6.757704	6.831478	-7	0.7375835	0.6828309	-19.92217	0.006564665	-4.420468
37.72	-8.257205	-8.260077	-3.306283	-7	0.2304074	0.780942	-20.83416	-13.68809	-2.865223
37.74	-7.837148	-8.123497	-0.576502	-7	-0.5481735	-0.426837	30.63847	-23.56595	7.830403
37.76	-7.371565	-7.167441	1.424722	-7	0.3569695	-0.1098087	28.76973	-17.41328	5.945277
37.78	-6.050518	-7.099152	8.131802	-7	-0.1296424	-1.55746	55.59806	0.4951144	4.496824
37.8	-7.661247	-8.191787	-0.3043232	-7	0.3139939	-1.058991	32.66342	12.49511	-2.604824
37.82	-7.612799	-8.123497	0.3914187	-7	0.3527956	-0.7198596	50.78001	17.77756	6.391191
37.84	-8.144551	-8.123497	-2.08398	-7	1.334381	0.3533354	38.6231	-6.100305	6.456041
37.86	-6.016055	-6.825994	8.958416	-7	1.35929	-0.1473841	58.24297	12.72412	9.966057
37.88	-6.598159	-6.825994	5.238106	-7	2.368641	1.180165	4.662128	11.1974	-1.556555
37.9	-5.466013	-6.416255	10.77771	-7	1.576116	0.7773042	9.425085	26.0371	1.554326
37.92	-7.213765	-6.757704	0.9167514	-7	2.322081	2.717821	-50.51163	-7.443816	-5.410243
37.94	-6.802918	-8.123497	4.061112	-7	-0.2040476	-0.2559127	20.39794	-10.55832	3.963114
37.96	-7.225518	-7.167441	1.363799	-7	0.3072245	0.02244407	8.113542	-19.9171	0.550416
37.98	-3.530071	-5.801648	19.94708	-7	-1.761862	-3.816541	81.30394	1.304274	3.475645
38	-7.248654	-7.50889	-0.6857071	-7	-0.4935819	-1.922099	-3.355616	-4.23771	-17.10122
38.02	-6.031124	-7.50889	6.01828	-7	-2.197283	-3.362802	69.04724	3.212672	3.668777
38.04	-7.446115	-7.50889	-1.903728	-7	-0.9426985	-2.245226	40.70672	-18.26824	-3.005166
38.06	-5.961238	-7.50889	6.198386	-7	-1.841316	-3.970402	99.38712	7.151602	5.909652
38.08	-5.961786	-6.143096	4.961345	-7	0.06161078	-1.969962	49.23859	-12.71099	-1.906355
38.1	-6.729191	-7.4406	1.114213	-7	0.1998428	-1.262443	40.73746	15.62488	-0.6919289
38.12	-6.579247	-6.074806	1.312944	-7	1.664225	1.273134	3.758642	-13.71863	3.45048
38.14	-5.429862	-6.143096	7.261445	-7	1.056424	0.4019829	16.76134	-0.8789313	3.322512
38.16	-5.442544	-6.143096	6.730658	-7	0.7037749	-0.07762968	3.245197	-9.947633	-3.505098
38.18	-7.594749	-7.50889	-4.26217	-7	0.7424406	0.9033499	-19.24126	14.32718	-3.97312
38.2	-8.156333	-7.50889	-6.489589	-7	0.972953	1.82266	-6.023036	-0.3293133	7.51703
38.22	-7.764751	-7.4406	-3.662726	-7	1.152627	1.41959	18.19658	-6.634656	10.95232
38.24	-6.991747	-7.4406	1.057145	-7	0.9965577	0.1925282	43.69687	-12.46672	9.15764
38.26	-7.740633	-7.50889	-2.555431	-7	2.076477	1.423164	16.05327	17.21267	4.904187
38.28	-6.621015	-7.167441	3.843151	-7	1.828182	0.9992505	34.72979	18.89206	9.237502
38.3	-6.803273	-7.099152	2.943889	-7	2.226405	1.359917	11.79041	29.22794	2.751866
38.32	-6.718383	-7.235731	3.66335	-7	1.914233	1.306825	10.00365	10.00656	3.411634
38.34	-6.98765	-7.167441	2.324521	-7	1.942574	1.663381	-3.02341	19.62488	2.322339
38.36	-6.631323	-7.235731	4.40887	-7	1.250703	0.8532042	10.55825	-6.604122	3.415237
38.38	-6.02211	-5.869938	6.660014	-7	1.817261	1.789828	-18.03135	1.121068	0.9117594
38.4	-7.225962	-7.4406	0.5076427	-7	1.188363	1.510777	-25.01287	-9.85603	-2.292977
38.42	-6.592205	-6.143096	3.281264	-7	1.319801	2.178841	-28.19153	-2.023969	3.629526
38.44	-7.977089	-7.782049	-3.551409	-7	0.8846115	1.68946	-25.67876	-17.44382	0.401063
38.46	-6.70598	-6.757704	3.128134	-7	0.3944244	0.7808465	8.911092	-10.97053	7.71778
38.48	-7.083333	-6.894283	0.8163275	-7	0.8191553	0.8536891	-5.095624	-6.420916	1.010788
38.5	-6.198247	-7.099152	5.585935	-7	-0.2357489	-0.8677644	31.87468	1.06	3.41323
38.52	-7.010171	-7.099152	0.933965	-7	0.3114106	-0.2885457	10.39771	7.960763	-1.692643
38.54	-6.768275	-7.50889	2.488617	-7	-0.3202994	-1.117174	38.28062	-1.398015	3.134807
38.56	-8.020027	-7.4406	-4.191125	-7	1.036084	0.8066749	4.909103	-4.329313	1.783223
38.58	-5.685954	-6.416255	8.030622	-7	0.4633595	-0.3438207	45.51791	-5.443817	9.437799
38.6	-7.57093	-7.713759	-1.818527	-7	1.134487	0.2808995	6.852934	0.663053	-3.289252
38.62	-6.78228	-7.782049	3.061063	7	0.1307346	-0.8620111	53.57158	10.20504	7.488487
38.64	-8.253584	-7.713759	-4.613188	7	1.729655	1.176426	13.31365	3.16687	3.394994
38.66	-5.527446	-6.757704	9.983965	7	0.7647148	-0.6303243	70.69213	-5.413282	12.74223
38.68	-6.779566	-6.825994	2.745654	7	2.177874	0.9181415	9.688135	12.55618	-1.831643
38.7	-4.625569	-6.894283	14.32051	7	-0.0229516	-2.051931	76.33717	13.16687	5.833941
38.72	-6.684886	-7.167441	2.790776	7	0.9690805	-0.6678169	20.32029	8.281373	-6.464241
38.74	-4.783314	-5.801648	12.0684	7	0.4532468	-0.7704074	45.55016	-17.82549	5.60702
38.76	-7.522883	-6.143096	-3.473297	7	2.933852	3.396679	-52.99061	1.670687	-4.114184
38.78	-6.271086	-6.143096	3.378911	7	2.112746	3.192552	-11.96148	-23.21481	12.39085
38.8	-8.297112	-6.416255	-7.477356	7	3.94971	5.80927	-69.65486	5.701221	5.949707
38.82	-5.995429	-6.484545	5.526049	7	2.100937	2.926353	15.00574	-9.474351	18.36339
38.84	-7.078563	-6.416255	-0.4462786	7	3.178275	3.528375	-20.31957	25.53328	5.759687
38.86	-5.589795	-6.484545	7.78546	7	1.876057	1.520036	33.46736	12.38824	12.68453
38.88	-6.441351	-6.484545	2.975875	7	2.552372	1.994956	8.670011	22.57145	4.669232
38.9	-5.590578	-6.484545	7.57221	7	1.823184	0.9580323	41.40955	20.15924	10.2008
38.92	-6.966097	-6.484545	-0.01382589	7	3.21799	2.933746	-0.7336159	6.388243	5.976812
38.94	-5.388888	-6.416255	8.659613	7	2.168589	1.318862	51.68074	8.754655	14.74911
38.96	-6.686402	-6.552835	1.572906	7	3.383699	2.628827	12.98771	-1.840763	6.455789
38.98	-6.043347	-6.757704	5.468678	7	2.90021	2.075084	45.31719	17.22794	14.62738
39	-7.716707	-6.825994	-3.236541	7	4.781997	4.722002	-3.141306	-1.031603	11.57872
39.02	-5.381453	-5.801648	9.351852	7	4.441831	4.062464	36.69706	22.29664	22.07581
39.04	-6.193245	-5.869938	4.717929	7	5.662188	5.361984	-14.11835	4.968397	9.795549
39.06	-5.348846	-6.074806	9.494205	7	4.715899	4.471544	9.738911	32.78519	14.82421
39.08	-7.025294	-6.416255	0.6788323	7	5.633579	6.12407	-32.74026	-1.031603	9.94692
39.1	-5.979288	-6.484545	6.881543	7	4.51908	4.754557	15.076	12.9684	19.68246
39.12	-6.247724	-5.801648	5.09556	7	5.470752	5.650066	-12.15616	-7.306412	14.01681
39.14	-6.070504	-6.143096	6.217724	7	5.272479	5.537771	-3.790042	20.61725	16.42031
39.16	-6.291662	-5.528489	4.682236	7	6.219879	7.021154	-31.93162	2.266106	15.80073
39.18	-4.36585	-4.435854	14.12675	7	5.843098	6.462908	-20.82181	13.94549	17.897
39.2	-5.043072	-5.118752	9.90164	7	5.553122	6.156859	-45.17594	4.281374	7.66974
39.22	-4.229014	-4.777303	13.55289	7	4.306917	4.914195	-22.48041	11.57908	11.37833
39.24	-4.488528	-4.094406	10.72542	7	4.589568	5.588528	-51.15104	3.624885	6.983403
39.26	-4.478389	-4.709013	10.10173	7	3.521131	4.535342	-30.81837	-11.52015	9.308983
39.28	-4.492436	-4.367564	9.006402	7	3.270328	4.155752	-23.9855	-14.87893	9.704031
39.3	-3.375337	-3.070061	13.15826	7	3.493674	4.346833	-25.7688	-24.06977	10.90782
39.32	-3.858955	-4.094406	9.639876	7	2.91648	3.469757	-20.84686	-12.95527	6.274735
39.34	-3.775526	-3.684668	8.976788	7	2.826694	3.475473	-12.86497	-12.8942	9.720587
39.36	-2.243697	-2.318874	15.23856	7	2.867169	3.180916	-5.690237	-2.772061	10.60373
39.38	-2.014063	-1.977426	14.37759	7	3.154324	3.546004	-31.82485	-13.70336	3.693767
39.4	-1.904782	-2.045715	13.27906	7	2.671418	3.430274	-36.08764	3.548549	3.639747
39.42	-0.2520083	-0.3384733	19.38419	7	2.34178	3.179762	-39.68462	-6.054503	3.898973
39.44	-0.07332693	-0.4067631	17.77517	7	1.586691	2.428618	-54.40736	-15.94763	-3.952919
39.46	0.02451402	-0.4067631	15.97219	7	0.374601	1.406759	-46.85231	-19.55068	-4.157966
39.48	0.0335483	0.4127131	13.23925	7	0.2380601	1.746953	-59.25191	-19.62702	-3.81216
39.5	-0.5799893	0.2761335	7.696929	7	0.2889733	2.39941	-69.34835	-38.06977	-2.140698
39.52	-0.1865077	0.2761335	8.008612	7	-0.3260591	1.554972	-39.84273	-31.82549	3.080017
39.54	-0.06532207	0.2761335	6.971885	7	-0.5246905	0.6789622	-19.0401	-31.52015	2.682813
39.56	0.7008286	1.300479	8.873143	7	0.06308061	1.029078	-17.25005	-5.230076	3.942531
39.58	1.095269	1.300479	9.136573	7	0.2058743	0.8560954	-14.75921	4.815725	1.986629
39.6	2.240858	2.597983	12.76233	7	0.682521	1.39469	-26.68279	9.716488	1.480807
39.62	2.34343	2.529693	11.17835	7	0.660314	1.554467	-43.98601	6.540915	-3.095626
39.64	2.157554	2.529693	8.376885	7	0.4447449	1.81508	-52.38852	2.525648	-2.56861
39.66	3.482431	3.827197	13.01253	7	0.1604514	1.598877	-49.16139	-3.352214	-0.4984932
39.68	3.160695	3.827197	8.978889	7	0.2174638	1.962812	-75.15631	-11.9629	-6.50526
39.7	4.078786	3.758908	12.05483	7	-1.36028	0.01399577	-39.14897	-7.443816	-3.606524
39.72	5.000726	5.056413	14.07741	7	-1.699646	-0.6905707	-42.56326	-8.02397	-7.9918
39.74	4.884378	5.056413	10.80865	7	-2.056187	-0.8295741	-54.69026	-16.86366	-11.64838
39.76	4.815909	5.124701	8.123755	7	-2.555004	-1.030422	-51.15839	-21.53542	-9.743577
39.78	5.95464	6.422206	11.2623	7	-2.69619	-1.183326	-47.78911	-23.9629	-7.984571
39.8	6.731105	6.763654	12.49266	7	-3.271757	-2.118749	-45.60116	-27.21481	-12.47275
39.82	6.661026	6.763654	9.435407	7	-3.800694	-2.596764	-49.1474	-20.49725	-15.39704
39.84	6.719809	6.968522	7.263101	7	-4.27421	-2.934545	-42.47085	-11.62702	-13.69743
39.86	6.362442	7.241681	2.973883	7	-3.955737	-2.266731	-51.36917	-14.95527	-12.49559
39.88	7.59217	8.197738	6.994699	7	-4.034332	-2.49294	-37.30863	-18.8942	-8.611619
39.9	8.60432	8.470897	9.862612	7	-4.661593	-3.928253	-23.51164	-26.14611	-13.55646
39.92	8.577376	8.197738	7.498238	7	-5.379703	-5.052439	-15.8577	-25.9629	-17.86694
39.94	7.885343	7.65142	2.187425	7	-5.905088	-5.638443	-2.008445	-16.48198	-16.65339
39.96	9.097743	9.017213	6.356933	7	-5.840596	-5.854406	16.25338	-5.42855	-11.5706
39.98	3.94123	4.168647	-19.89309	7	-5.762343	-5.690994	18.28938	-1.596489	-16.35355
40	7.961917	8.470897	0.4819936	7	-4.700002	-5.067394	92.15808	-2.420916	13.01574
40.02	10.22581	9.904979	10.20997	7	-2.943835	-5.085556	61.13325	-4.268244	-6.064312
40.04	5.193268	4.168647	-14.63646	7	-3.374878	-5.153062	45.19135	-2.909466	-16.82052
40.06	4.794995	4.168647	-14.33843	7	-3.589657	-5.235149	124.5224	7.747022	10.10218
40.08	9.101686	8.334317	7.792081	7	-1.781552	-5.220323	148.9216	11.09053	13.14507
40.1	10.30505	8.470897	13.05956	7	-0.687777	-5.046249	96.93566	8.464579	-8.664577
40.12	10.77914	8.675765	14.49757	7	-0.9370984	-4.371183	52.20214	22.09817	-15.52103
40.14	9.764367	8.129447	8.418058	7	-1.67656	-3.78212	13.36313	26.26611	-19.37475
40.16	10.48755	9.358663	10.88011	7	-2.493608	-3.549762	0.6874123	10.69359	-15.15572
40.18	8.944523	8.470897	1.810462	7	-3.012031	-3.196517	-28.24893	-10.69572	-19.76216
40.2	8.918761	8.744054	0.9313451	7	-3.751444	-3.297275	-15.01507	-34.84839	-11.74823
40.22	9.390882	8.744054	2.691788	7	-4.749358	-4.966883	14.80821	-40.35984	-11.46991
40.24	4.248377	4.168647	-22.47047	7	-5.146362	-5.355834	29.53549	-29.59649	-13.81786
40.26	4.419698	4.168647	-18.87667	7	-5.318848	-6.489332	143.4331	12.67832	14.63816
40.28	8.808621	8.744054	3.533775	7	-2.374535	-5.699753	158.113	20.06763	15.38508
40.3	7.742421	6.695365	-1.709288	7	-0.5311807	-4.460117	99.76791	11.51801	-5.896143
40.32	8.727001	7.309972	4.029367	7	-0.1510648	-3.342064	90.19777	22.54091	-0.02653599
40.34	9.995774	8.470897	10.30956	7	0.0675602	-2.929942	59.41047	31.56382	-6.09247
40.36	7.713566	6.422206	-1.01756	7	-0.3661392	-2.381075	20.20275	30.90733	-14.02514
40.38	6.365486	6.080756	-6.976881	7	-0.4980907	-1.121556	16.80157	33.16687	-3.144347
40.4	6.617733	6.763654	-4.880138	7	-0.1044696	-0.4434516	22.26719	17.76229	3.576341
40.42	5.410331	5.124701	-9.510922	7	-0.2613413	-0.9938612	36.33115	-8.207175	2.172362
40.44	6.572939	5.67102	-1.996481	7	-0.6756222	-2.314189	81.13255	-6.420916	8.241329
40.46	5.666451	5.124701	-5.628701	7	0.1371775	-1.938301	66.73002	28.76992	1.580944
40.48	5.686084	4.851542	-4.012482	7	0.3497484	-1.754135	80.37315	27.97603	6.411746
40.5	6.080741	5.807599	-1.272335	7	1.592774	-0.3105437	56.71325	43.1058	5.921369
40.52	5.808237	5.124701	-1.536283	7	1.843037	0.1400775	44.00188	24.1745	3.723704
40.54	5.834342	4.783254	-0.0641613	7	1.429472	-0.3273053	52.07315	16.02183	4.327902
40.56	4.65	4.168647	-4.927394	7	1.739856	0.3322816	37.38739	27.88443	3.075849
40.58	2.909822	3.485749	-12.26811	7	2.852487	2.525114	15.81894	2.861526	8.836167
40.6	3.908062	3.827197	-5.039536	7	2.935029	2.328856	48.60448	-6.665191	18.16148
40.62	4.623378	4.510095	-0.2521885	7	3.753677	2.591421	34.64278	7.777557	12.25027
40.64	4.540097	3.485749	0.8818712	7	3.162683	1.614034	41.15846	19.93023	7.865494
40.66	4.735713	3.895488	2.859407	7	3.019394	1.526779	35.89621	27.70122	6.878342
40.68	3.191089	2.871142	-3.949571	7	3.217284	2.319881	14.70992	17.0142	4.812887
40.7	4.519823	4.168647	3.730068	7	3.17357	2.502054	26.25003	5.456946	12.40576
40.72	4.342444	4.168647	3.04927	7	3.547187	2.947122	-3.101937	-3.031603	4.664617
40.74	5.288922	4.168647	8.432302	7	2.324204	1.510567	15.70399	5.716487	5.019482
40.76	2.87793	2.871142	-3.652845	7	2.504259	2.37462	-19.1861	5.731755	-1.343938
40.78	3.801017	3.895488	1.643151	7	2.273199	2.653615	3.009809	-13.10794	11.3077
40.8	2.916946	3.622329	-2.775091	7	3.104289	3.660584	-24.28486	-13.27588	6.270824
40.82	5.005836	4.510095	8.320492	7	2.228943	2.22407	11.52362	-10.60412	11.32184
40.84	4.130956	4.168647	3.328369	7	2.572176	2.528464	-24.90878	10.98366	-0.4708424
40.86	4.553916	3.827197	5.769286	7	1.325597	1.282098	2.635117	-1.352214	4.116164
40.88	3.311357	3.554038	-0.8377179	7	1.635854	1.901084	-16.45507	9.21267	1.202377
40.9	4.045918	4.168647	2.938823	7	1.529904	1.92921	-0.1378078	-14.97053	8.249151
40.92	5.115408	4.851542	7.910663	7	1.409303	1.225133	3.788348	-24.32931	4.613026
40.94	4.969616	4.510095	6.556677	7	1.084026	0.7706943	-4.752375	5.227938	-1.008317
40.96	4.706173	5.124701	4.192509	7	1.599658	2.147746	-33.54784	0.4951144	-0.2943296
40.98	5.603521	5.807599	7.84685	7	1.378567	2.265705	-37.30039	-13.01634	1.610747
41	5.19215	5.124701	4.988684	7	0.6677616	1.49797	-39.78505	-19.18427	-3.096608
41.02	5.097363	5.807599	3.372755	7	0.821282	2.276592	-54.34217	-17.16901	-0.9875784
41.04	4.46074	5.124701	-0.4325614	7	0.5242404	2.21764	-51.53527	-16.77206	0.1217051
41.06	5.17896	5.739308	2.676089	7	0.2495382	1.7117	-32.66817	-11.77969	3.997707
41.08	6.184515	6.490495	6.740834	7	0.1497552	1.074357	-29.01968	-4.619389	0.7453928
41.1	7.013736	7.036813	9.510952	7	-0.1523075	0.5414909	-35.82681	5.395877	-4.116564
41.12	6.512883	6.763654	5.444293	7	-0.4266143	0.6611515	-54.83155	1.533282	-8.285738
41.14	5.929884	6.080756	1.670405	7	-1.299043	0.02215534	-40.21642	-7.535419	-5.257012
41.16	5.96827	6.695365	0.8109508	7	-1.188259	0.2314769	-35.24715	-14.9858	-1.777618
41.18	6.67933	7.241681	3.348406	7	-1.108966	0.04984528	-27.70543	-23.79496	-0.9046001
41.2	7.809974	7.583131	7.994381	7	-1.719804	-1.317125	-10.14468	-20.28351	-3.782259
41.22	6.859689	7.309972	1.64015	7	-1.330429	-0.6106969	-38.09664	8.037099	-9.447422
41.24	7.389901	7.856288	3.244632	7	-1.428731	-0.2730859	-32.77415	3.640152	-3.488779
41.26	7.301845	7.51484	1.881632	7	-1.76955	-0.8859915	-26.42829	-8.527786	-5.624339
41.28	7.226213	7.241681	0.8690547	7	-2.248696	-1.674807	-8.505622	-15.00107	-4.620895
41.3	7.502488	7.924579	1.271548	7	-1.857375	-1.336941	-10.11413	-16.20717	-3.655837
41.32	8.377395	8.539186	4.646018	7	-1.726303	-1.390091	-9.710032	-14.28351	-4.139882
41.34	9.606511	9.017213	9.673803	7	-2.372626	-2.603705	-1.176607	-3.367481	-8.188617
41.36	8.391224	8.197738	2.14529	7	-2.575651	-2.522943	-22.91887	1.411145	-14.72543
41.38	8.52152	8.744054	1.741184	7	-2.703713	-2.032313	-19.66696	1.472214	-7.87507
41.4	8.28123	8.744054	-0.5111611	7	-2.533699	-1.731891	-24.54798	-1.016336	-7.914412
41.42	8.403296	8.744054	-0.5994031	7	-2.610348	-1.854612	-15.81871	-7.138473	-5.83574
41.44	9.042376	9.358663	1.726935	7	-2.477865	-1.928695	-13.42249	-15.48962	-5.848663
41.46	8.43572	8.402606	-1.82827	7	-2.826293	-2.543407	-6.945175	-20.8942	-8.633659
41.48	8.635282	8.539186	-1.093381	7	-3.094634	-3.067992	13.30996	-19.36748	-5.074236
41.5	8.6782	8.470897	-1.177932	7	-3.095752	-3.548772	25.33803	-12.9858	-5.665449
41.52	9.375751	8.744054	2.086789	7	-3.285041	-4.337069	43.88508	5.289007	-5.348407
41.54	9.35606	8.812345	1.398018	7	-3.018778	-4.301482	37.34298	20.64778	-8.746724
41.56	7.614017	7.309972	-7.28523	7	-2.829406	-3.763045	33.28014	17.33481	-8.226917
41.58	8.315444	8.402606	-3.470703	7	-2.126271	-2.856804	45.75691	13.0142	1.515124
41.6	8.593291	8.402606	-1.903379	7	-1.479651	-2.612494	41.18251	4.006565	-1.509581
41.62	8.456159	7.856288	-2.098685	7	-1.435721	-2.773633	44.64019	-2.497252	-2.714112
41.64	7.857242	7.241681	-4.384666	7	-1.404537	-2.817977	50.06255	13.1516	-2.197972
41.66	7.334237	7.309972	-6.360249	7	-0.5933728	-1.676219	41.32596	21.27374	0.8086405
41.68	7.569956	7.583131	-4.364828	7	0.142267	-0.7840602	37.22196	11.9913	3.816744
41.7	7.002198	6.968522	-6.241382	7	0.6800287	-0.1523658	27.22079	14.67832	2.528248
41.72	9.232709	8.744054	5.59101	7	0.7868307	-0.3028996	34.00177	18.52565	5.2307
41.74	7.879773	7.241681	-0.9833388	7	0.6474274	-0.4281996	2.20566	20.38824	-7.450795
41.76	7.88105	7.583131	-0.481446	7	0.3123233	0.01073955	1.064708	21.56381	-1.279357
41.78	7.323781	7.583131	-3.11022	7	0.5641266	0.756288	-17.7123	14.72412	-2.072997
41.8	7.278349	7.583131	-2.922874	7	0.5037084	1.053936	-19.36897	-3.062137	0.5513678
41.82	7.434745	7.583131	-1.731148	7	0.2518375	0.707549	-15.01285	-13.93237	0.3731766
41.84	7.652783	7.583131	-0.3415937	7	-0.1416176	0.06900974	-8.42795	-18.58885	-0.9360218
41.86	8.005893	7.583131	1.621955	7	-0.78089	-0.9674774	3.839961	-1.688092	-2.592365
41.88	8.383934	8.129447	3.139863	7	-0.927065	-1.190738	-1.910401	2.983664	-5.012524
41.9	7.414457	7.309972	-1.972221	7	-1.146917	-1.121064	-11.19829	-2.466717	-7.246203
41.92	7.037805	7.309972	-3.817415	7	-1.134004	-0.7146989	-6.939146	-3.321679	-2.201612
41.94	7.048742	7.309972	-3.556445	7	-1.039353	-0.7527457	2.506721	-8.955267	0.02587128
41.96	7.313362	7.241681	-1.907547	7	-1.118167	-1.29084	16.80884	-17.10794	0.2271404
41.98	7.561299	7.309972	-0.4911581	7	-1.093628	-1.67002	23.39862	-14.78733	-1.105877
42	6.633895	7.241681	-5.356577	7	-0.02352941	0.01146603	-7.791405	13.57908	-2.393059
42.02	6.858239	7.309972	-3.773815	7	0.277245	0.705108	-5.727427	8.724122	3.057053
42.04	9.45196	9.017213	9.227582	7	-0.1107637	-0.4644583	9.355536	0.8462591	1.861678
42.06	8.469837	7.924579	3.544182	7	-0.5060295	-0.9609082	-23.29281	9.044732	-12.63014
42.08	7.775857	7.856288	-0.4033225	7	-0.8873819	-0.2832147	-34.87494	12.0829	-8.145555
42.1	7.268479	7.856288	-3.280194	7	-0.9513746	0.2256807	-39.65803	1.716488	-4.743118
42.12	6.466939	6.968522	-7.008356	7	-1.314046	-0.1527819	-23.53745	-8.45145	-1.901198
42.14	6.499154	7.036813	-6.363429	7	-1.284863	-0.4959774	-0.3927803	-19.81023	2.537665
42.16	9.269628	9.358663	7.200515	7	-0.9695115	-1.052631	12.50992	-23.55069	2.823959
42.18	9.673136	8.470897	8.566878	7	-1.958736	-3.070784	10.46933	1.97603	-11.74006
42.2	7.099204	7.036813	-5.096006	7	-1.968102	-2.032442	-21.55743	32.72412	-14.72906
42.22	7.314097	7.856288	-4.044138	7	-1.829478	-1.048561	-7.557732	19.36534	-0.8700047
42.24	6.055933	6.968522	-10.22893	7	-1.130524	-0.281842	-14.62819	-4.329313	-1.451064
42.26	6.72003	7.105102	-5.989121	7	-1.095379	-0.6747292	18.69226	-13.04687	6.030261
42.28	8.140289	8.402606	1.166472	7	-0.3539349	-0.644325	16.13205	-13.62702	2.810577
42.3	7.61362	7.856288	-1.705461	7	0.2184878	0.1225253	-14.98269	18.1287	-4.492953
42.32	6.726667	6.968522	-5.671701	7	0.05998591	0.545446	-18.27372	23.57908	-1.831406
42.34	6.448941	6.900233	-6.350113	7	0.0798429	0.722165	-9.718367	7.838625	2.507266
42.36	7.745115	7.787999	0.6734118	7	-0.03435553	0.06244828	6.906563	-10.29878	3.864061
42.38	8.803662	8.402606	5.750734	7	-0.2291386	-0.7026131	0.3621044	-10.64992	-3.357802
42.4	8.4271	8.470897	2.999107	7	-0.0935598	0.03791541	-36.7109	17.83862	-9.59544
42.42	7.051604	7.583131	-4.25885	7	-0.2993938	0.9432975	-57.09369	11.22794	-8.002119
42.44	7.346136	7.583131	-2.430466	7	-1.210335	0.04654559	-27.1543	-10.08504	-0.9490919
42.46	7.115439	7.583131	-3.675009	7	-1.272687	-0.3866457	-21.81133	-18.83313	-2.833678
42.48	6.820329	7.309972	-5.044935	7	-1.236751	-0.4591301	-13.63754	-31.59649	-1.372752
42.5	7.383085	7.309972	-1.810353	7	-1.634193	-1.516026	14.22365	-36.40565	0.5130386
42.52	7.840927	7.309972	0.6600928	7	-1.968769	-2.722508	32.78957	-31.16901	-2.441643
42.54	7.363527	7.241681	-1.960819	7	-1.506124	-2.239682	20.58253	20.83099	-4.895433
42.56	7.094486	7.378261	-3.38731	7	-0.8296812	-1.038639	7.552477	29.18213	-1.990426
42.58	8.707707	9.017213	4.261694	7	-0.1737636	-0.1639701	-5.87004	16.52565	-0.1502123
42.6	7.439472	7.583131	-2.444823	7	-0.1883658	0.1423274	-34.73967	0.9683965	-8.658844
42.62	7.792935	7.65142	-0.3473873	7	-1.060861	-0.5285127	-12.84592	-5.092671	-2.30895
42.64	8.658117	8.470897	3.645913	7	-1.440148	-1.358446	-7.014289	-6.787328	-4.746709
42.66	9.267074	9.085504	5.727203	7	-1.642791	-1.601548	-20.62871	-8.543054	-9.598647
42.68	7.752946	7.65142	-2.471584	7	-2.247211	-1.79036	-30.65857	-1.001069	-13.04264
42.7	7.279231	7.65142	-4.972532	7	-2.526333	-1.643149	-15.5905	1.243206	-5.138914
42.72	7.170873	7.583131	-5.457707	7	-2.463137	-1.897973	1.875915	-7.627023	-2.20424
42.74	7.807855	8.470897	-2.571891	7	-1.664529	-1.269218	-1.027983	-17.39801	-0.9991837
42.76	8.144831	8.129447	-0.9087125	7	-1.715955	-1.757524	5.008373	-23.10793	-3.613999
42.78	8.44923	8.129447	0.5393107	7	-1.981071	-2.361446	11.74348	-19.62702	-5.373194
42.8	7.751997	7.51484	-3.002801	7	-2.10861	-2.512024	10.79996	20.61725	-7.126757
42.82	8.104193	8.402606	-1.507837	7	-1.553473	-1.585099	2.884781	28.98366	-3.390032
42.84	6.46156	6.968522	-9.545456	7	-1.127871	-0.7662607	-11.2172	12.0829	-4.875708
42.86	7.529378	7.924579	-3.55011	7	-0.9461941	-0.5825835	10.24477	-5.703359	4.161441
42.88	7.881424	7.924579	-1.559483	7	-0.7208866	-0.9570844	7.686702	-12.68046	-1.387068
42.9	8.649801	7.856288	2.675044	7	-1.456962	-2.29473	25.64791	-14.8026	-3.397366
42.92	8.168606	7.309972	0.3310966	7	-1.98027	-3.133783	27.14619	19.1974	-8.212699
42.94	7.473024	7.378261	-3.270027	7	-1.632795	-2.232508	14.43774	32.02183	-6.120553
42.96	6.92117	7.309972	-5.895694	7	-1.017137	-1.034071	4.129063	10.87679	-2.221836
42.98	6.830869	7.309972	-5.899311	7	-0.4967206	-0.2875469	2.415012	-11.70336	1.071724
43	7.750587	7.309972	-0.4666331	7	-0.9879124	-1.509813	29.24664	-30.28351	1.749352
43.02	8.081368	7.309972	1.493652	7	-1.298447	-2.522306	35.31786	-32.66519	-3.645177
43.04	9.571882	7.309972	9.507181	7	-3.089947	-5.633056	82.73923	10.98366	-5.880328
43.06	8.649644	7.241681	4.08111	7	-3.04127	-5.658648	57.28115	32.0829	-15.01893
43.08	7.539662	7.378261	-2.208995	7	-2.143394	-3.3289	23.13769	14.99893	-10.13453
43.1	7.057953	7.309972	-4.684318	7	-1.486463	-1.771939	11.64683	0.1134349	-3.606017
43.12	7.372084	7.309972	-2.717914	7	-1.388912	-1.756392	21.99028	-8.863664	-0.5581188
43.14	7.53664	7.309972	-1.627798	7	-1.25914	-1.930928	24.13647	-14.92473	-2.165291
43.16	7.519932	7.241681	-1.492755	7	-1.148126	-1.882734	22.1064	-16.61939	-3.088847
43.18	7.816959	7.309972	0.2588193	7	-1.309887	-2.193279	27.30783	15.18214	-3.12382
43.2	8.168707	8.129447	1.619485	7	-0.7605599	-1.341481	4.607824	22.60198	-5.00322
43.22	8.475043	8.402606	2.680744	7	-0.6816576	-0.8119016	-15.42572	9.090534	-6.890399
43.24	8.220634	8.470897	0.7573879	7	-0.6640137	-0.1031763	-40.95618	-3.184275	-8.892393
43.26	7.896044	8.129447	-1.165369	7	-1.227548	-0.2002229	-43.78457	-9.917099	-7.872745
43.28	7.254148	7.309972	-4.234391	7	-2.14295	-1.228126	-24.35407	-15.9629	-6.566969
43.3	6.173928	6.422206	-9.155824	7	-2.560154	-1.920048	0.4221058	-21.0316	-3.421414
43.32	6.014708	6.422206	-9.204259	7	-2.278857	-2.106192	28.89883	-21.64229	2.666883
43.34	6.824191	6.353915	-4.077258	7	-2.361143	-3.489308	70.66026	-0.680458	4.290781
43.36	7.341375	6.422206	-0.8338699	7	-2.074982	-4.310515	85.93544	24.61725	0.2956886
43.38	8.277056	7.583131	3.723762	7	-1.089414	-3.402976	65.89358	27.70122	-2.270144
43.4	7.890678	7.583131	1.333394	7	-0.110518	-1.607478	18.91575	29.80809	-7.070413
43.42	7.370617	6.968522	-1.032247	7	-0.2532963	-0.9241354	5.399964	16.49511	-5.138057
43.44	8.578136	8.470897	4.761446	7	-0.1426014	-0.3795469	-7.281472	-2.298779	-3.022358
43.46	7.67632	7.65142	-0.2012161	7	-0.3306895	-0.1074841	-35.86174	-16.02397	-9.942537
43.48	7.58488	7.51484	-0.6082299	7	-1.148121	-0.4890196	-26.65654	-20.63466	-5.755228
43.5	9.087172	9.085504	6.234337	7	-1.504939	-1.014378	-24.66194	-23.35221	-5.86298
43.52	6.436985	6.353915	-7.301827	7	-2.301663	-1.717256	-33.49324	-24.51252	-14.14321
43.54	6.619846	6.490495	-5.633708	7	-3.26077	-2.820603	21.44321	-6.146107	-0.2681894
43.56	5.896644	6.353915	-9.039618	7	-2.495322	-2.63264	28.25053	7.105802	-1.013395
43.58	8.313992	8.402606	3.081868	7	-1.710141	-2.40358	42.81259	-3.092672	3.945507
43.6	7.98361	7.51484	1.047034	7	-1.393397	-2.57104	19.56381	-2.924733	-8.296576
43.62	7.898965	7.583131	0.4349663	7	-1.370172	-1.997931	8.78976	21.91496	-6.647435
43.64	6.822064	7.036813	-5.050412	7	-1.063998	-1.036457	-9.553849	28.1287	-6.403798
43.66	6.399949	7.036813	-6.850167	7	-0.651637	-0.020215	-12.99252	10.51038	-0.601778
43.68	6.702236	7.036813	-4.705	7	-0.6179444	-0.2072887	0.005127907	-6.466717	1.870667
43.7	7.016399	7.036813	-2.6231	7	-0.654433	-0.7226312	8.362894	-16.20717	0.2008047
43.72	7.280448	7.036813	-0.9308938	7	-0.8028972	-1.216357	13.51232	-14.94	-1.685939
43.74	7.27633	7.036813	-0.7879626	7	-0.8412021	-1.32067	10.34025	27.85389	-3.426565
43.76	7.85272	7.856288	1.84546	7	-0.5736156	-0.8025553	-3.242882	27.60962	-3.679025
43.78	7.490356	7.309972	-0.1186522	7	-0.8618667	-0.9048592	-13.19882	11.42641	-6.912389
43.8	7.013082	7.309972	-2.691635	7	-0.832201	-0.3200202	-24.36872	-2.497252	-5.434196
43.82	6.903846	7.309972	-3.213047	7	-0.9030138	-0.1293644	-23.48909	-9.764427	-2.976088
43.84	7.139376	7.241681	-1.850595	7	-1.288854	-0.7944919	-10.02047	-16.1461	-2.427063
43.86	9.127482	8.744054	7.687847	7	-1.736822	-1.918648	3.165012	-12.58885	-3.841743
43.88	7.348094	7.241681	-2.073091	7	-1.862881	-1.847815	-27.82957	3.136336	-14.75263
43.9	5.984054	6.422206	-8.739264	7	-2.110967	-1.205917	-18.39597	2.021832	-5.372828
43.92	5.566791	6.353915	-10.2317	7	-1.773462	-0.904924	2.408552	-3.672824	2.212106
43.94	6.096677	6.490495	-6.746138	7	-1.404224	-1.314496	28.62945	-8.802595	5.208304
43.96	6.604626	6.422206	-3.4466	7	-1.131324	-1.974071	44.88731	-4.100306	2.938499
43.98	8.597484	8.197738	6.414149	7	-0.5344684	-1.854251	37.42593	22.37298	0.3948374
44	7.045078	6.695365	-1.680841	7	-0.266338	-1.159253	-3.663958	28.9684	-10.32076
44.02	6.838112	6.763654	-2.368901	7	-0.4916598	-0.5022603	-2.718265	18.14397	-2.501797
44.04	6.525019	6.695365	-3.654923	7	-0.4320138	-0.2726204	-5.776809	7.365343	-1.801668
44.06	6.470164	6.695365	-3.562366	7	-0.3623281	-0.1240666	-4.226335	-5.04687	-0.2802296
44.08	6.66239	6.763654	-2.237618	7	-0.3771937	-0.2738315	-0.2264118	-12.68046	-0.09723473
44.1	6.90515	6.422206	-0.4832599	7	-0.9796293	-1.408147	17.98269	-1.474351	-1.305375
44.12	6.671491	6.353915	-1.456918	7	-1.042009	-1.661873	18.73992	3.273739	-3.083318
44.14	6.495234	6.285626	-2.0954	7	-0.9730378	-1.538017	20.13252	-0.5735877	-1.95083
44.16	7.199744	7.309972	1.242441	7	-0.393139	-0.755958	7.607245	-1.062137	-1.00699
44.18	7.404429	7.241681	2.028858	7	-0.3839014	-0.6513801	-5.786297	-3.04687	-4.611843
44.2	7.407722	7.309972	1.710037	7	-0.5731269	-0.502902	-17.77261	1.884427	-6.03123
44.22	6.524199	6.490495	-2.752906	7	-1.044903	-0.6700372	-19.45785	-3.306412	-6.419039
44.24	6.205214	6.422206	-4.145557	7	-1.272965	-0.747279	-7.710281	-7.688091	-1.995853
44.26	6.212796	6.422206	-3.837804	7	-1.263531	-1.008819	5.169769	-13.23008	-0.1860132
44.28	6.305313	6.353915	-3.070522	7	-1.172423	-1.302111	15.82039	-15.29114	0.04179573
44.3	6.60858	6.422206	-1.26604	7	-1.107506	-1.632012	24.97472	6.220305	-0.2206125
44.32	8.269	8.197738	6.47333	7	-0.5093806	-1.121967	10.05236	10.1745	-1.735179
44.34	7.000166	6.763654	-0.3908771	7	-0.6151997	-0.8739154	-19.50414	10.43404	-10.49614
44.36	6.625871	6.695365	-2.233438	7	-0.9778094	-0.5302169	-15.96749	4.540915	-4.133657
44.38	6.656277	6.763654	-1.998937	7	-1.21219	-0.8436433	-6.193008	-5.733893	-2.319756
44.4	7.131542	7.241681	0.2131917	7	-1.186041	-1.016071	-3.145514	-11.12321	-2.460334
44.42	6.525973	6.422206	-2.789341	7	-1.446296	-1.451285	0.2592788	-10.58885	-4.867581
44.44	6.435585	6.422206	-3.031935	7	-1.528688	-1.589136	12.3424	1.243206	-1.653128
44.46	6.255256	6.422206	-3.79588	7	-1.169253	-1.327579	13.55885	-2.100306	-0.9665232
44.48	6.179546	6.353915	-3.885913	7	-0.7796655	-0.9711657	14.86411	2.95313	0.3873768
44.5	6.536651	6.422206	-1.673732	7	-0.6580554	-1.119873	22.81077	5.059999	1.08525
44.52	6.520289	6.353915	-1.490783	7	-0.4399709	-1.058288	19.37803	12.51038	-0.8082113
44.54	6.292289	6.285626	-2.388986	7	-0.1215231	-0.5345012	10.72822	11.35008	-0.7758074
44.56	6.543459	6.422206	-0.7762353	7	-0.07212777	-0.4296916	11.503	5.044733	0.3950806
44.58	6.727413	6.490495	0.355442	7	-0.1202072	-0.5587134	9.072211	4.907328	-1.171876
44.6	6.521335	6.422206	-0.6114696	7	-0.07657498	-0.3280791	-0.3034606	5.945495	-2.47467
44.62	6.615705	6.490495	-0.001615644	7	-0.2343297	-0.3417053	-0.5054727	-1.794962	-1.619668
44.64	7.350389	7.241681	3.437132	7	-0.2815903	-0.3747103	-5.715562	-0.1461071	-2.406822
44.66	7.362045	7.241681	2.96556	7	-0.465247	-0.3915324	-20.96486	-2.756794	-6.570314
44.68	7.260661	7.241681	1.938343	7	-0.8565207	-0.4012526	-28.65293	0.9683965	-6.963817
44.7	7.202111	7.309972	1.109597	7	-1.265663	-0.5719155	-30.407	-2.634656	-6.698489
44.72	7.041758	7.309972	-0.2507631	7	-1.547857	-0.7008965	-30.88742	-7.092671	-6.480074
44.74	5.880802	6.353915	-6.232335	7	-1.750005	-0.7294556	-26.74982	-13.50488	-5.49452
44.76	6.850124	7.241681	-1.348535	7	-1.824675	-1.096319	-1.376957	-22.39038	1.075066
44.78	7.148293	7.241681	-0.1711552	7	-1.730926	-1.656369	1.910699	-26.46672	-3.589276
44.8	6.724686	6.490495	-2.28237	7	-2.031968	-2.25379	12.42408	-20.66519	-4.820618
44.82	6.019558	6.353915	-5.818378	7	-1.520344	-1.521498	9.108908	13.09053	-2.421722
44.84	6.098569	6.627074	-5.182642	7	-0.817693	-0.6703568	10.20427	9.502747	1.986994
44.86	7.89518	7.65142	3.999763	7	-0.7892592	-1.313889	25.00436	5.838625	2.184355
44.88	7.610921	6.968522	2.333541	7	-1.01185	-1.959571	12.37128	11.62488	-7.493817
44.9	6.412772	6.080756	-3.56501	7	-1.266137	-1.718717	7.908929	22.66305	-6.407607
44.92	6.203343	6.422206	-4.362966	7	-0.9481172	-0.9840049	10.61833	17.64015	-0.1873999
44.94	6.101951	6.353915	-4.491901	7	-0.539499	-0.6182696	12.23168	-2.13084	1.255153
44.96	6.267511	6.353915	-3.164887	7	-0.266456	-0.5191599	16.56428	-16.86366	2.064224
44.98	6.650993	6.422206	-0.7656004	7	-0.2294714	-0.8064107	22.17703	-12.66519	1.236403
45	6.130738	6.353915	-3.257453	7	0.3996885	0.1348437	0.5919356	27.77756	-1.015965
45.02	6.510227	6.695365	-1.023202	7	0.612458	0.6885204	-4.081573	18.34244	1.786732
45.04	7.284649	6.763654	3.221776	7	-0.01898772	-0.3920512	7.273905	5.930229	-0.4883299
45.06	7.460925	6.763654	4.007064	7	-0.6202236	-1.280202	6.403906	7.411145	-5.382414
45.08	6.839137	6.763654	0.4072369	7	-0.5759724	-0.6857388	-13.95112	1.792824	-6.978527
45.1	6.382205	6.763654	-2.159986	7	-0.4457742	0.1581993	-25.24299	-2.543053	-3.776029
45.12	6.302898	6.695365	-2.543102	7	-0.5352523	0.2530338	-21.48659	-9.535419	-1.236073
45.14	6.235423	6.422206	-2.681861	7	-0.8036599	-0.2635767	-9.39834	-18.69572	-0.7480612
45.16	6.323642	6.422206	-2.066402	7	-0.9195306	-0.698141	1.738739	-25.39801	-0.3711796
45.18	7.060104	6.353915	2.001459	7	-1.684526	-2.340414	32.82575	4.18977	-0.7183571
45.2	6.804595	6.422206	0.4325526	7	-1.477341	-2.404821	25.59711	15.09053	-4.886913
45.22	6.595056	6.422206	-0.7768657	7	-1.190639	-1.830955	19.77477	1.930229	-3.262746
45.24	6.065646	6.353915	-3.543672	7	-0.532663	-0.6967784	4.605723	-0.8025954	-1.850979
45.26	6.462707	6.422206	-1.205221	7	-0.5148553	-0.7068036	14.66552	-5.016335	1.416344
45.28	6.730628	6.490495	0.3007411	7	-0.5020772	-1.015298	16.74854	1.701221	-0.6834202
45.3	6.882879	6.490495	1.136768	7	-0.6130707	-1.263777	17.00215	5.594351	-2.206867
45.32	6.621036	6.490495	-0.2894863	7	-0.4389167	-0.8603166	5.877827	8.403511	-3.215743
45.34	6.171062	6.353915	-2.544877	7	-0.1650387	-0.1300881	-4.832488	0.2661067	-1.841393
45.36	6.316362	6.353915	-1.518573	7	-0.2527388	-0.1709542	2.114425	-0.6346568	0.6368752
45.38	6.657176	6.490495	0.3756672	7	-0.4001093	-0.6095714	8.427504	0.540916	-0.2295427
45.4	6.473041	6.353915	-0.5334924	7	-0.3901851	-0.6450973	4.143842	3.884427	-2.203355
45.42	6.380286	6.353915	-0.9353908	7	-0.3623061	-0.4734611	2.594068	5.563817	-1.297431
45.44	6.329315	6.422206	-1.157225	7	-0.2253325	-0.2165056	-0.9505861	-0.6957251	-0.8247013
45.46	7.419706	7.309972	4.120618	7	-0.2622578	-0.3738594	0.2462902	0.5103816	-0.5129185
45.48	7.465607	7.309972	3.72613	7	-0.350032	-0.4134644	-18.09871	-0.08503798	-6.483402
45.5	7.404399	7.309972	2.838184	7	-0.7532339	-0.404558	-26.88694	-0.7567939	-7.004383
45.52	7.135874	7.309972	0.8636225	7	-1.054813	-0.3234894	-34.11584	-7.016335	-6.972682
45.54	5.705063	6.080756	-6.384323	7	-1.449093	-0.4187311	-29.27979	-12.81786	-5.578616
45.56	5.531447	6.012467	-6.781445	7	-1.615669	-0.7431525	0.7637138	-22.20717	2.261909
45.58	5.721577	6.080756	-5.373913	7	-1.290081	-1.131174	21.56609	-26.97053	3.762961
45.6	7.107442	6.080756	2.394011	7	-2.032295	-3.412485	70.46744	4.372977	3.452323
45.62	7.135746	6.422206	2.243571	7	-1.425873	-3.373565	56.26722	22.44931	-4.05455
45.64	7.37321	6.695365	3.181271	7	-1.03712	-2.67875	43.53227	26.86152	-3.834069
45.66	6.683203	6.695365	-0.7450979	7	-0.1713584	-0.9650527	7.958097	14.02183	-5.001869
45.68	7.09089	6.763654	1.463576	7	-0.3697664	-0.8145912	11.76638	-7.413282	-1.059433
45.7	7.147989	6.763654	1.690625	7	-0.557845	-1.081118	8.283379	-18.57359	-3.544891
45.72	7.315369	6.763654	2.473736	7	-0.9979197	-1.585516	12.65402	-16.83313	-4.141345
45.74	6.504049	6.695365	-2.019712	7	-0.5649657	-0.6053307	-10.0999	7.075266	-5.368279
45.76	6.367585	6.695365	-2.66833	7	-0.4336326	0.002949715	-10.83797	-1.627023	-0.803587
45.78	7.568889	7.583131	3.23983	7	-0.5375885	-0.3784867	-2.920322	0.3424426	0.07064819
45.8	7.97811	7.583131	4.787758	7	-0.9491471	-1.165108	-7.921136	-3.962901	-6.426713
45.82	7.442046	6.968522	1.67577	7	-1.64232	-1.776554	-8.415977	4.296641	-8.984127
45.84	6.736598	7.036813	-2.400814	7	-1.503486	-1.049754	-18.38547	6.769923	-6.445713
45.86	6.547169	6.968522	-3.483492	7	-1.440287	-0.7674895	-12.09005	-5.199542	-2.28439
45.88	7.333618	7.583131	0.2688428	7	-1.35676	-0.9871391	-2.407846	-12.77206	-0.8359261
45.9	6.72972	6.695365	-2.817365	7	-1.517386	-1.480061	0.299129	-19.16901	-4.693507
45.92	7.692588	6.695365	2.510135	7	-2.648434	-3.528234	47.03324	3.411145	-1.346232
45.94	7.392696	6.968522	0.4937289	7	-2.20206	-3.438145	35.3179	16.90733	-6.761245
45.96	7.039019	7.036813	-1.656569	7	-1.532799	-2.22542	19.87981	2.754656	-4.64195
45.98	7.438525	7.241681	0.3025925	7	-1.356621	-1.94931	21.9447	-0.9705344	-2.195949
46	7.17717	7.036813	-1.125426	7	-1.113294	-1.655347	13.01284	-2.970534	-4.157161
46.02	7.515517	6.968522	0.7935066	7	-1.491871	-2.22053	26.66806	-1.291145	-2.656346
46.04	7.237412	7.036813	-0.7755328	7	-1.218094	-1.894874	16.19887	3.121068	-4.675261
46.06	7.351589	6.968522	-0.08910966	7	-1.35687	-2.006122	21.91043	0.03709902	-3.060269
46.08	7.103264	7.036813	-1.445592	7	-1.03212	-1.520446	11.89028	1.350076	-3.75132
46.1	6.281613	6.012467	-5.035518	7	-1.253716	-1.716331	21.68111	0.2661067	-2.275095
46.12	7.069914	6.968522	-0.739674	7	-0.9498518	-1.565462	32.11083	-0.5430534	2.047384
46.14	7.299036	6.968522	0.4896042	7	-0.6917795	-1.618522	26.00451	1.075267	-1.942386
46.16	6.578623	6.080756	-2.715352	7	-0.8516132	-1.751598	26.26755	7.518014	-3.222104
46.18	6.081585	6.080756	-4.748379	7	-0.4489663	-1.009769	23.51708	15.80809	0.3617716
46.2	5.800344	6.080756	-5.57148	7	0.2206348	-0.09575856	18.30862	0.2966411	3.173191
46.22	6.447608	6.080756	-1.366955	7	0.1083512	-0.6606334	36.74386	-3.260611	4.896528
46.24	6.352866	6.080756	-1.372313	7	0.4745647	-0.5012736	27.06121	15.93023	1.093506
46.26	6.659804	6.149047	0.72648	7	0.4112189	-0.5725258	28.14489	18.2203	1.369756
46.28	6.184855	6.080756	-1.439837	7	0.8040514	0.1788014	7.888505	21.25847	-0.772913
46.3	6.305161	6.012467	-0.2850761	7	0.5942374	0.1731821	11.13615	6.143969	1.496583
46.32	7.04065	6.968522	3.339801	7	0.8178028	0.5167335	-1.769969	2.037099	0.3326225
46.34	7.059918	6.695365	3.307033	7	0.4183044	0.213699	-12.34702	-1.64229	-3.926023
46.36	6.701061	6.695365	1.194193	7	0.1899006	0.4945661	-26.5104	0.6477862	-4.716754
46.38	6.732915	6.763654	1.164518	7	-0.2736099	0.3006419	-24.92661	-7.001068	-3.184793
46.4	6.186882	6.422206	-1.775981	7	-0.533702	0.1859323	-26.30319	-13.67282	-3.653521
46.42	6.139895	6.353915	-1.962566	7	-0.8465869	-0.1758175	-12.68761	-20.0087	-0.7458954
46.44	6.237178	6.080756	-1.249798	7	-1.318235	-1.225679	10.30064	-13.33695	-0.3665457
46.46	6.254424	6.149047	-1.151898	7	-1.263609	-1.576013	19.57673	-1.504885	-0.7818832
46.48	6.120573	6.080756	-1.806198	7	-0.9617726	-1.401883	21.31892	1.563817	-0.4931288
46.5	6.091858	6.080756	-1.828224	7	-0.5912373	-1.055991	21.76424	1.823359	0.652359
46.52	6.224694	6.080756	-0.9310135	7	-0.3514182	-0.9363014	24.16856	4.159236	1.164255
46.54	6.195151	6.012467	-0.8576022	7	-0.1114998	-0.7575694	21.98106	6.708854	0.6153917
46.56	6.245624	6.012467	-0.3422791	7	0.03575036	-0.6078578	20.96132	10.29664	0.8294983
46.58	6.188255	6.080756	-0.4702217	7	0.3110453	-0.1996781	13.18172	6.357709	0.5055075
46.6	6.232565	6.080756	-0.02064693	7	0.3876697	-0.007555041	9.88032	4.953129	0.7719507
46.62	6.191807	6.080756	-0.05203038	7	0.4461054	0.1591226	4.931615	2.647786	0.3575459
46.64	6.227104	6.080756	0.3107875	7	0.3721376	0.1534642	3.751509	4.098167	0.3856878
46.66	6.231994	6.149047	0.4147125	7	0.3547321	0.2176272	0.06171036	1.350076	-0.03684807
46.68	6.173823	6.080756	0.213078	7	0.2455623	0.1770947	-1.135972	0.8309923	-0.2355089
46.7	6.164134	6.080756	0.2406624	7	0.1259315	0.08490793	-0.325253	-1.138473	-0.1017208
46.72	6.108056	6.080756	-0.01438588	7	0.0846293	0.07419626	-0.9720024	0.2813739	-0.172698
46.74	6.112581	6.080756	0.0479638	7	0.02718895	0.02053971	0.2895697	0.006564665	0.08865452
46.76	7.130269	7.036813	4.831867	7	0.05129074	-0.05042578	-1.082507	-0.02396969	0.04764462
46.78	7.123228	6.968522	4.137691	7	-0.05339392	-0.0765936	-18.31517	-0.02396969	-5.432403
46.8	7.006552	7.036813	2.896138	7	-0.3092095	0.152693	-29.74789	-1.459084	-5.601034
46.82	6.8584	7.036813	1.554527	7	-0.6462369	0.1442671	-33.7722	-7.840763	-5.121625
46.84	7.292204	7.583131	2.983559	7	-0.8831588	0.04456601	-34.64598	-16.92473	-4.34268
46.86	7.409663	7.583131	2.750808	7	-1.288373	-0.4079601	-35.46888	-24.77206	-6.513603
46.88	6.640808	6.763654	-1.599067	7	-1.888842	-1.018445	-27.25028	-24.46672	-7.042222
46.9	6.458392	6.695365	-2.724205	7	-2.206518	-1.492487	-6.150317	-1.199542	-2.734057
46.92	7.043898	7.583131	-0.3811831	7	-1.665093	-1.163015	-4.051444	-3.871298	-1.176077
46.94	7.421153	7.583131	0.9896095	7	-1.511482	-1.313501	-3.541628	-7.382748	-3.373963
46.96	7.934281	7.583131	3.161274	7	-1.917909	-2.12548	7.2279	0.7851904	-4.937961
46.98	7.079581	6.968522	-1.611465	-7	-1.947816	-2.112072	-0.9655182	7.151602	-8.126167
47	5.930559	6.080756	-7.168392	-7	-1.967557	-1.829633	7.114138	4.510382	-3.807696
47.02	5.619841	6.080756	-8.162188	-7	-1.464755	-1.346565	20.54036	-0.7109923	2.244918
47.04	5.899546	6.080756	-5.960934	-7	-0.9759115	-1.381354	35.17798	-8.069771	4.09263
47.06	6.575118	6.149047	-1.75492	-7	-0.8267846	-1.988137	48.82583	1.121068	2.484668
47.08	6.733204	6.080756	-0.4398324	-7	-0.6524063	-2.189388	44.27388	23.22794	-1.767703
47.1	6.495439	6.080756	-1.306899	-7	-0.3053197	-1.528796	26.30131	23.9913	-3.496153
47.12	7.472727	7.309972	3.492252	-7	0.1214085	-0.5782855	3.337338	15.02946	-3.123049
47.14	7.467612	7.309972	3.039273	-7	0.07303441	-0.06321612	-31.03535	1.044732	-9.346992
47.16	6.104949	6.080756	-3.740918	-7	-0.6850242	-0.005212754	-45.92105	-8.191908	-10.72509
47.18	5.691175	6.012467	-5.416646	-7	-1.350253	-0.2253267	-34.25458	-10.46672	-4.920298
47.2	5.468783	6.080756	-6.269382	-7	-1.444266	-0.3491926	-29.35466	-16.20717	-3.675086
47.22	5.714847	6.149047	-4.704481	-7	-1.612699	-0.7833651	-18.9913	-27.62702	-3.011518
47.24	7.043333	7.036813	1.906143	-7	-1.932264	-1.663337	-9.859884	-25.65756	-4.922343
47.26	5.767073	6.012467	-4.873435	-7	-1.956	-1.502109	-34.9244	8.205037	-12.85365
47.28	5.406163	6.080756	-6.619343	-7	-1.994079	-0.8230404	-36.60553	3.792824	-6.764281
47.3	5.187052	6.012467	-7.539318	-7	-1.903895	-0.6090876	-36.71551	-2.863664	-5.339002
47.32	5.703604	6.149047	-4.612624	-7	-2.19887	-1.239906	-23.18478	-8.527786	-4.593967
47.34	5.856573	6.149047	-3.795137	-7	-2.390564	-1.7699	-22.68205	-14.28351	-8.048932
47.36	7.373671	7.309972	3.431285	-7	-2.809118	-2.501464	-19.28106	-8.405648	-9.592526
47.38	4.378424	5.056413	-12.04505	-7	-2.687309	-1.633945	-59.84231	7.945496	-18.64479
47.4	4.306771	5.056413	-11.48679	-7	-3.250849	-1.645762	-23.36591	-2.619389	-3.202374
47.42	5.543868	6.422206	-5.149567	-7	-2.751367	-1.789493	-16.34751	-9.443817	-3.264366
47.44	6.44109	6.695365	-0.87456	-7	-2.768972	-2.340302	-23.04975	-13.16901	-9.967736
47.46	7.303761	6.763654	3.106459	-7	-3.788324	-3.796853	-18.18305	9.38061	-15.54725
47.48	5.848242	6.080756	-5.053226	-7	-3.99104	-3.357471	-49.42657	12.15924	-21.55357
47.5	4.368424	5.19299	-12.46464	-7	-4.285244	-2.682587	-48.78647	-6.94	-14.50936
47.52	4.057506	5.19299	-13.53381	-7	-4.203211	-2.508969	-29.60205	-17.61176	-6.946865
47.54	4.333568	5.19299	-11.49676	-7	-4.017649	-2.960435	-9.080414	-29.29115	-5.241589
47.56	6.31467	6.490495	-1.361621	-7	-3.982628	-3.890618	7.150965	-33.42855	-6.791706
47.58	6.755051	5.466149	1.029793	-7	-5.362639	-6.580554	27.15832	8.510381	-17.91616
47.6	6.266691	6.080756	-2.321673	-7	-5.083129	-5.749569	-5.04611	24.1745	-21.80604
47.62	4.323237	5.19299	-12.57088	-7	-4.435725	-3.629153	-42.52695	4.128702	-19.67328
47.64	4.431175	5.466149	-11.63866	-7	-4.298282	-2.821019	-32.96401	-16.87893	-9.413817
47.66	4.780683	5.739308	-9.655787	-7	-4.010565	-2.775882	-33.1055	-33.85603	-10.25234
47.68	5.090023	5.124701	-7.471342	-7	-4.799175	-4.275704	-10.47946	-37.15374	-12.50008
47.7	4.898702	4.168647	-7.577111	-7	-6.071649	-6.572998	25.61514	9.930228	-15.21179
47.72	5.195505	5.19299	-6.164413	-7	-5.687473	-6.33375	21.19543	17.07527	-15.34373
47.74	3.440006	4.168647	-14.93981	-7	-4.743598	-4.643754	-10.59957	-1.001069	-17.12881
47.76	3.283131	3.827197	-14.56712	-7	-4.642581	-4.235022	8.754965	-7.443816	-7.772197
47.78	3.874434	4.510095	-10.82916	-7	-3.940999	-3.855711	8.625044	-9.733893	-7.362517
47.8	2.913053	2.939431	-14.32967	-7	-4.092103	-4.403116	15.73637	12.58672	-10.8858
47.82	3.740281	3.827197	-9.040726	-7	-3.875576	-4.374986	26.99999	21.68595	-6.758039
47.84	3.341594	3.554038	-10.3387	-7	-3.3253	-3.835187	6.313773	16.23557	-11.9986
47.86	3.323374	3.144301	-9.278124	-7	-3.638968	-4.081433	12.02973	15.88443	-10.76118
47.88	1.683318	1.641927	-16.07016	-7	-3.856585	-4.250731	14.0692	1.16687	-12.01575
47.9	2.313142	2.529693	-11.46092	-7	-3.580093	-3.966046	29.8404	0.4340457	-4.370855
47.92	1.384673	1.23219	-14.50977	-7	-3.531355	-4.422605	35.07509	-0.680458	-8.469204
47.94	2.563523	1.983377	-6.980237	-7	-3.689248	-5.125591	59.72712	0.06763338	-4.529838
47.96	0.9008801	0.6175833	-14.08751	-7	-3.19727	-4.702534	38.65536	14.32718	-11.99283
47.98	2.025168	1.573638	-6.904549	-7	-3.126773	-4.522487	54.12907	9.518014	-4.062836
48	0.5011486	0.2761335	-13.31195	-7	-2.657386	-4.005135	30.68975	15.85389	-11.21144
48.02	0.4633191	0.2761335	-11.72529	-7	-2.559718	-3.545223	39.94663	-7.779695	-4.147956
48.04	0.8090673	1.23219	-9.027276	-7	-1.460054	-2.118351	12.4783	13.21267	-5.091237
48.06	0.2956721	0.002975464	-10.02964	-7	-1.821952	-2.447639	10.82503	-8.878931	-7.758307
48.08	-1.62973	-0.4067631	-18.5597	-7	-0.5958276	0.05085897	-32.81367	20.09817	-6.738382
48.1	-2.843128	-1.772556	-22.06113	-7	-0.5184226	0.7213377	-17.02523	-0.02396969	2.855898
48.12	-1.24692	-0.7482109	-11.54625	-7	-0.5302258	-0.185403	18.7588	4.78519	8.210112
48.14	-1.406112	-2.045715	-10.07169	-7	-1.19269	-2.273911	39.12506	4.830992	-1.57371
48.16	-1.80087	-2.318874	-10.14365	-7	-1.299918	-2.660689	44.92165	25.1516	-2.569224
48.18	-3.090378	-3.411509	-14.51406	-7	-1.170022	-2.470045	47.23218	23.07527	-1.863545
48.2	-3.585522	-3.34322	-14.86584	-7	-0.3091724	-1.288404	45.74156	18.81573	3.88782
48.22	-2.866987	-3.684668	-8.614738	-7	-0.6056637	-2.443959	78.35603	1.65542	5.839618
48.24	-2.898219	-3.752957	-6.883321	-7	-0.2555424	-2.656811	73.51858	8.769923	0.5126944
48.26	-3.030746	-4.094406	-5.685474	-7	-0.2290699	-2.671837	71.14986	19.06	-0.6285954
48.28	-4.821662	-5.460199	-12.6681	-7	0.07569492	-1.921384	57.53128	20.29664	-1.441096
48.3	-5.088724	-5.801648	-11.34212	-7	0.06264985	-1.869752	81.11781	3.121068	6.902304
48.32	-6.105268	-6.143096	-14.1856	-7	1.266138	-0.5540689	66.93313	-0.1003056	7.152158
48.34	-3.494952	-5.050462	1.559638	-7	0.7619094	-2.125274	110.342	5.441679	11.96062
48.36	-5.638455	-6.484545	-7.888388	-7	1.711799	-1.109522	56.13203	16.15924	-3.784088
48.38	-5.59359	-6.825994	-5.200692	-7	1.188624	-1.063344	76.36494	26.67832	6.401705
48.4	-7.629326	-7.235731	-13.84754	-7	2.818026	1.565116	27.13031	15.47221	4.421868
48.42	-5.234393	-6.143096	0.6918802	-7	2.275332	0.717769	66.60896	-3.04687	14.77279
48.44	-6.49532	-6.757704	-4.637443	-7	3.146234	1.639305	14.12623	-0.6957251	0.2151375
48.46	-4.590409	-5.869938	6.466903	-7	2.033152	0.5985955	35.27976	9.044732	5.696665
48.48	-8.076527	-7.782049	-10.55708	-7	2.78775	2.500069	-34.3207	4.800457	-6.6461
48.5	-7.565412	-8.464945	-5.299519	-7	0.857807	0.6303383	38.19692	-7.15374	11.02862
48.52	-9.874749	-9.079553	-15.54764	-7	2.169778	2.009291	11.76003	-5.275878	6.593479
48.54	-6.618497	-7.4406	3.073421	-7	1.496992	0.2708563	78.4828	-14.81786	19.14423
48.56	-9.526399	-9.216132	-10.83652	-7	3.135339	1.928061	12.56306	20.54091	0.7642212
48.58	-7.590134	-8.874683	1.416296	-7	1.855663	0.3447437	77.7646	8.693587	16.16209
48.6	-10.1377	-9.421001	-10.77098	-7	3.978645	3.0797	5.583126	9.502747	4.318277
48.62	-8.806623	-10.37706	-0.9688311	-7	2.13991	0.550836	87.03699	1.014199	18.09101
48.64	-9.999101	-10.03561	-5.898236	-7	3.663995	1.902328	47.90075	12.38824	9.195879
48.66	-7.32611	-9.762449	9.890091	-7	1.906125	-1.177025	118.9458	3.441679	15.51656
48.68	-8.350918	-9.421001	4.667243	-7	3.080388	0.02082217	56.2001	19.1974	-0.6511421
48.7	-8.627555	-10.44535	4.516247	-7	2.083665	-0.4283465	69.38067	14.05236	4.344061
48.72	-10.99706	-10.51364	-7.136746	-7	3.847805	2.975516	6.702095	9.090534	4.429411
48.74	-10.37496	-10.44535	-2.29424	-7	3.823016	3.500638	29.9624	-31.59649	17.43549
48.76	-10.50029	-10.37706	-1.842536	-7	4.505156	3.97016	16.57225	0.3424426	13.57099
48.78	-8.342515	-9.421001	10.10761	-7	3.77505	2.495446	41.06619	-1.504885	13.88759
48.8	-8.686628	-9.352711	8.088187	-7	3.968917	2.78343	-2.518471	25.0142	1.092338
48.82	-8.148303	-9.352711	10.90591	-7	2.71278	1.91149	2.037346	16.67832	2.04665
48.84	-9.187037	-9.421001	5.02253	-7	2.574345	2.54681	-30.31699	8.724122	-2.186664
48.86	-9.478483	-9.69416	3.515909	-7	1.77952	2.300721	-20.86785	-12.34458	2.967464
48.88	-10.33525	-10.03561	-0.8887699	-7	1.688911	2.424898	-20.66686	-27.0316	4.191113
48.9	-8.725472	-9.011263	7.25418	-7	1.117902	1.251833	12.6308	-22.10031	9.090339
48.92	-9.639992	-9.48929	1.953002	-7	1.591192	1.599919	-12.00418	-15.85603	0.6062269
48.94	-9.539974	-9.69416	2.522015	-7	1.220439	1.366083	5.151861	7.105802	6.017271
48.96	-10.54351	-10.03561	-2.659379	-7	1.860586	2.231277	-6.933882	-16.40565	5.678772
48.98	-8.356179	-9.147842	8.83914	-7	0.9914548	0.3999399	43.33238	6.342443	11.80133
49	-9.538223	-9.48929	2.088006	-7	1.956399	1.300584	1.513005	-2.665191	-0.0109396
49.02	-9.234323	-8.464945	3.00086	-7	2.995422	3.616223	-27.08547	18.60198	6.920201
49.04	-8.541646	-7.782049	5.78004	-7	3.519874	4.71183	-53.74635	-20.57359	5.898062
49.06	-6.686935	-8.055207	15.10416	-7	1.160222	1.185276	-7.86895	-9.840763	2.257665
49.08	-8.28314	-8.396656	5.56741	-7	0.9877402	1.337061	-47.45662	2.57145	-9.112044
49.1	-8.458411	-8.738104	4.245808	-7	-0.2003378	0.6184827	-20.96023	-0.4209159	-0.5255232
49.12	-8.037887	-7.850338	5.338733	-7	-0.2491561	0.3836134	-15.18609	-9.474351	0.4522562
49.14	-7.025851	-7.167441	9.221342	-7	-0.4794089	-0.2226185	-8.847832	-20.14611	-0.9791412
49.16	-7.489595	-7.50889	5.500024	-7	-0.540379	-0.2163455	-22.63942	-17.97817	-5.798096
49.18	-7.726579	-7.850338	3.493536	-7	-1.053919	-0.6050788	-9.724761	-13.36748	-2.693364
49.2	-7.121108	-6.825994	5.322659	-7	-0.7412952	-0.2624963	-11.46715	-13.53542	-0.8601875
49.22	-5.67376	-5.733358	11.07269	-7	-0.7434621	-0.5039757	-15.15617	-23.0774	-3.085979
49.24	-6.160188	-6.074806	6.821412	-7	-0.767813	-0.2016885	-43.51942	-7.64229	-10.24868
49.26	-7.876362	-7.850338	-2.409832	-7	-1.678886	-0.6386383	-30.96362	-3.016336	-7.207575
49.28	-7.374942	-6.825994	-0.4110587	-7	-1.625999	-0.6128315	-5.41111	-9.565953	2.324893
49.3	-7.266526	-7.167441	-0.2303766	-7	-1.610101	-1.430755	14.70263	-24.8026	0.8181763
49.32	-5.434545	-5.801648	8.247629	-7	-1.52903	-2.161973	32.53611	-8.146107	1.172668
49.34	-5.709449	-5.801648	5.405257	-7	-0.8468631	-1.42959	-2.589967	12.1287	-7.927431
49.36	-5.587711	-5.801648	5.081509	-7	-1.024185	-1.058323	-9.280188	15.48748	-5.815183
49.38	-7.493476	-7.167441	-5.009913	-7	-0.9512851	-0.3779656	-22.55899	5.227938	-6.275641
49.4	-5.567147	-5.801648	4.713548	-7	-1.546743	-1.408433	22.5372	-16.43618	4.419965
49.42	-7.348171	-7.167441	-4.73973	-7	-1.004238	-1.193562	1.669195	-10.60412	-5.576196
49.44	-6.307615	-7.167441	1.262365	-7	-1.974105	-2.803629	59.84888	-1.306412	4.652931
49.46	-6.59923	-6.757704	-0.5693297	-7	-0.9776976	-2.275937	44.91338	5.334809	-0.8526621
49.48	-5.21401	-6.825994	6.893466	-7	-1.853544	-4.094613	87.23643	5.075266	1.591396
49.5	-7.286874	-7.850338	-3.800769	-7	-0.9022343	-2.945619	53.16384	17.21267	-6.112841
49.52	-6.763322	-7.782049	-0.2163291	-7	-1.07896	-3.040684	87.395	7.395878	5.576904
49.54	-6.780549	-6.416255	-0.729774	-7	1.100144	-0.3561512	38.2883	1.640152	2.893787
49.56	-4.336523	-6.143096	12.21459	-7	-0.01074529	-2.301401	74.15517	0.4035109	3.96947
49.58	-6.480227	-7.50889	1.021407	-7	0.2249391	-1.843522	27.98819	16.69359	-10.27405
49.6	-4.298088	-5.801648	12.08278	-7	-0.7233027	-2.528217	56.54899	14.80046	0.7265263
49.62	-6.057035	-5.801648	1.649916	-7	0.75047	0.06321549	-26.22902	0.2203052	-11.70959
49.64	-4.595994	-5.869938	9.206038	-7	-1.084366	-1.593725	16.76848	-2.894198	-1.927771
49.66	-5.740705	-5.869938	2.287634	-7	-0.8522943	-1.115713	-18.87912	-11.94763	-10.86277
49.68	-6.696816	-7.50889	-2.110878	-7	-2.278992	-2.500874	19.54996	-22.51252	-4.590513
49.7	-9.530508	-7.577179	-16.73826	-7	0.05440819	1.267989	-28.28687	-4.252977	0.2200975
49.72	-8.114803	-7.577179	-7.83585	-7	-0.04438326	0.649273	38.25547	-33.71862	17.33649
49.74	-7.945436	-7.50889	-6.10086	-7	1.098754	0.553367	39.22253	12.1287	10.2573
49.76	-6.89605	-7.167441	0.1591381	-7	1.559386	0.4322653	47.93348	5.121069	9.94235
49.78	-6.672426	-7.235731	1.873739	-7	1.872614	0.4560446	35.07249	29.42641	4.123178
49.8	-5.521182	-6.825994	8.198472	-7	1.192033	-0.5582055	43.65308	25.41114	2.332688
49.82	-7.905849	-7.918628	-3.944467	-7	1.92219	1.224292	-10.74042	32.73939	-4.993949
49.84	-7.442725	-7.782049	-0.5428469	-7	1.273549	1.138649	16.75911	6.632518	7.466774
49.86	-7.577164	-7.713759	-0.732725	-7	1.415681	0.9637192	14.17345	-8.512519	4.33422
49.88	-6.527926	-7.850338	5.462872	-7	0.2269163	-1.160743	53.55262	9.411145	4.817827
49.9	-7.504916	-7.782049	0.2885836	-7	0.9577128	-0.2267057	20.76295	5.853893	-1.695176
49.92	-7.662103	-7.850338	-0.1666135	-7	1.132804	0.5732445	17.98322	9.014198	3.668237
49.94	-8.105122	-7.850338	-2.152295	-7	1.738812	1.591768	2.641113	-13.97817	4.420891
49.96	-6.104865	-6.825994	8.322927	-7	1.133066	0.419432	27.57858	3.716488	6.896852
49.98	-6.256269	-6.757704	6.851724	-7	1.241344	0.4252456	-5.092506	-0.9400001	-4.452607
50	-6.890663	-6.825994	2.999782	-7	1.283753	1.564832	-34.40111	12.51038	-4.085959
50.02	-7.310048	-7.099152	0.6726534	-7	0.8603944	1.777593	-37.29418	-20.61939	-0.9847794
50.04	-5.411971	-5.869938	9.859652	-7	-0.1798949	0.1671798	-9.817817	-17.0774	0.9891148
50.06	-7.386788	-7.4406	-0.8906169	-7	-0.4805631	-0.1231662	-32.62434	-16.16138	-9.624325
50.08	-7.62463	-7.50889	-2.025757	-7	-1.043327	-0.307025	-5.053161	-1.398015	0.9685583
50.1	-6.72982	-6.143096	1.833553	-7	-0.3684297	0.1553292	-5.925183	-27.47435	2.599391
50.12	-5.809791	-6.484545	6.20855	-7	-1.141663	-1.55789	17.61371	11.51801	-1.267536
50.14	-6.330483	-6.074806	2.386085	-7	-0.4147931	-0.4462796	-16.64782	1.640152	-6.315345
50.16	-6.602288	-6.143096	0.3345492	-7	-0.1789119	0.5709327	-29.84081	16.51038	-2.914849
50.18	-6.429177	-6.074806	0.7983537	-7	-0.3203613	0.5652313	-26.76788	-8.23771	-1.096576
50.2	-6.562978	-6.552835	-0.02120432	-7	-0.8434029	-0.2838105	-12.74153	-12.17664	-1.837542
50.22	-6.293664	-6.484545	1.200754	-7	-1.293905	-1.199494	6.825416	-11.39801	-1.084773
50.24	-6.720611	-6.484545	-1.393741	-7	-0.9021121	-0.8187826	-0.3149223	0.3577098	-2.34835
50.26	-6.273118	-6.416255	0.8312557	-7	-1.053483	-1.195441	15.96246	-2.375114	0.5364838
50.28	-6.558226	-6.416255	-0.9321356	-7	-0.5819696	-0.7666086	6.172201	-0.2071759	-1.596088
50.3	-6.266703	-6.484545	0.6102901	-7	-0.7033739	-1.024642	17.45051	1.319542	0.3989754
50.32	-5.954804	-6.143096	1.953358	-7	-0.5279186	-1.025652	14.90086	0.0523662	-1.069238
50.34	-5.86291	-6.143096	2.158183	-7	-0.5131077	-1.007367	10.12806	1.121068	-2.588042
50.36	-7.290412	-7.50889	-4.758199	-7	-0.7087242	-1.022709	10.83088	2.632519	-3.09915
50.38	-7.486528	-7.4406	-5.070349	-7	-0.564173	-0.8185484	30.37922	-1.611756	4.529756
50.4	-7.511826	-7.50889	-4.481084	-7	-0.06530045	-0.7541589	41.80778	-2.252977	5.957288
50.42	-6.786519	-7.577179	0.1522145	-7	-0.1838287	-1.74932	68.80779	2.174504	6.503644
50.44	-4.912879	-5.801648	9.409231	-7	0.3655937	-1.766172	59.83994	17.88443	2.487698
50.46	-6.324291	-7.099152	1.960644	-7	0.6531405	-0.9853445	17.58723	25.80809	-7.675343
50.48	-6.983986	-7.099152	-1.206776	-7	0.8245113	0.4257737	2.616271	16.69359	-0.6411562
50.5	-7.246045	-7.099152	-2.169338	-7	0.9941363	1.046093	-1.888269	0.4798468	2.626484
50.52	-5.522315	-5.733358	6.520177	-7	0.8755639	0.6707985	4.695432	-16.95527	3.873555
50.54	-7.23434	-7.50889	-2.108983	-7	0.5614091	0.3890044	-15.28629	-0.03923687	-5.75452
50.56	-7.041896	-7.50889	-0.4360824	-7	-0.3266888	-0.4379217	17.68819	3.075267	2.857581
50.58	-8.095785	-7.50889	-5.732025	-7	0.5891504	0.7249812	-2.551249	-2.314046	1.422767
50.6	-5.571754	-6.143096	7.420035	-7	0.0494315	-0.5094046	35.33943	-6.283511	7.65843
50.62	-6.171303	-6.143096	3.43	-7	0.873293	0.3249359	-14.7199	6.693587	-6.173718
50.64	-5.331598	-6.552835	7.803411	-7	-0.7088684	-1.363327	15.25514	9.273739	-2.927244
50.66	-7.054299	-6.484545	-1.988842	-7	0.2296495	0.5509103	-37.72591	3.777557	-8.479311
50.68	-7.876697	-7.850338	-5.455639	-7	-0.6407118	0.1191598	-6.69489	-22.40565	1.225253
50.7	-9.306737	-7.850338	-12.36026	-7	0.677164	1.928848	-20.5122	-17.35221	5.48412
50.72	-6.312619	-6.825994	4.019548	-7	-0.2346941	-0.5071707	52.98206	-14.43618	14.30329
50.74	-8.387141	-7.850338	-6.676997	-7	1.292558	0.7770824	-0.6032772	17.70122	-1.974563
50.76	-7.003379	-7.850338	1.671119	-7	0.2947848	-0.5181466	52.34489	20.47985	9.721136
50.78	-6.448883	-6.416255	4.007802	-7	1.487493	0.4832579	15.85597	10.11343	1.662809
50.8	-4.372293	-6.416255	14.7258	-7	-0.3024448	-2.250323	51.23003	6.174503	-1.082438
50.82	-5.834735	-6.143096	5.721412	-7	0.481665	-0.5177431	-21.63983	14.83099	-13.72694
50.84	-5.736895	-6.552835	5.920856	-7	-0.7967886	-0.9314144	-7.763565	-13.9171	-5.969134
50.86	-8.864969	-7.850338	-10.41693	-7	-0.003222823	1.136333	-49.36811	-14.0087	-7.242558
50.88	-6.690135	-6.825994	1.449056	-7	-1.100845	-0.4414286	23.50456	-30.92473	10.24144
50.9	-7.022906	-6.825994	-0.6832762	-7	-0.4052134	-0.6849843	7.798664	-21.94763	-1.365197
50.92	-6.244212	-6.825994	3.37002	-7	-0.8642955	-1.518607	30.0105	-9.993435	1.04861
50.94	-6.989623	-6.825994	-0.9168183	-7	-0.08983508	-0.4862233	2.566011	1.38061	-3.187087
50.96	-6.232163	-6.825994	3.146033	-7	-0.6757843	-1.238631	26.43424	5.945495	1.28717
50.98	-6.815911	-6.757704	-0.2434357	-7	-0.08383561	-0.5010895	3.476468	0.205038	-2.994287
51	-7.003463	-6.894283	-1.167498	-7	0.08785023	0.1065297	0.6392357	10.23557	0.4626675
51.02	-6.953094	-6.552835	-1.010404	-7	0.5632477	0.8539862	-9.569427	-1.657557	1.586669
51.04	-7.817344	-7.782049	-4.77034	-7	0.2824675	0.5035526	-0.3919336	7.518014	1.537315
51.06	-7.784086	-7.782049	-3.79137	-7	0.1787473	0.108352	21.93153	4.601985	5.986536
51.08	-6.374495	-6.484545	3.472077	-7	0.5831143	-0.03672807	27.58744	11.9913	5.86918
51.1	-5.520352	-6.074806	7.378352	-7	0.6516258	-0.3089228	12.27314	18.0371	-1.557717
51.12	-7.37473	-7.4406	-2.240876	-7	0.7402716	0.6024032	-21.12641	17.31954	-6.54729
51.14	-6.116263	-6.143096	4.122424	-7	0.3976296	0.7351687	-7.024884	-7.336946	3.047602
51.16	-6.228035	-6.484545	3.19681	-7	0.02308485	0.02673009	-13.75186	-14.11557	-3.950831
51.18	-6.289699	-6.416255	2.488076	-7	-0.3432531	-0.1162955	-15.66442	2.663053	-3.708382
51.2	-7.725777	-7.782049	-4.60254	-7	-0.8536711	-0.5148706	-7.780399	-16.49725	-3.549821
51.22	-7.973875	-7.713759	-5.360476	-7	-0.8270677	-0.5322043	16.16316	-8.604122	4.143799
51.24	-7.980742	-7.850338	-4.780305	-7	-0.4631303	-0.7697002	35.35756	-15.50488	6.035801
51.26	-7.676215	-7.782049	-2.611518	-7	0.05277464	-0.8257007	47.56332	-2.069771	6.685528
51.28	-7.468153	-7.850338	-0.9445076	-7	0.5148336	-0.7934178	51.25494	12.87679	5.492515
51.3	-5.688276	-6.074806	7.8374	-7	1.281598	-0.1088907	35.82637	24.15924	4.504001
51.32	-7.161636	-7.50889	0.2332965	-7	1.561367	0.7244241	-5.825216	26.1745	-5.087894
51.34	-5.445677	-5.869938	8.760164	-7	1.158339	0.8997945	-2.303115	21.96076	2.221429
51.36	-5.934574	-5.733358	5.162116	-7	1.4803	1.844774	-52.98816	4.46458	-7.679068
51.38	-7.14107	-7.4406	-0.7666429	-7	0.01764214	0.9456738	-40.81575	-13.26061	-5.493531
51.4	-8.192317	-7.4406	-6.045714	-7	-0.04517615	1.388589	-37.35663	-10.17664	0.02144241
51.42	-6.385548	-6.143096	3.131639	-7	-0.4005702	0.4049938	-3.368629	-29.93237	5.994397
51.44	-6.900693	-6.484545	-0.1358986	-7	0.03416377	0.5010054	-25.25817	-15.12321	-3.457984
51.46	-7.456482	-7.850338	-2.407307	-7	-1.01833	-0.8226744	7.388502	4.327175	-0.3504553
51.48	-6.75713	-6.552835	0.8817679	-7	-0.5875618	-0.6244387	12.88853	7.884427	2.367018
51.5	-7.380736	-7.782049	-1.985231	-7	-0.8728458	-1.42786	25.4427	-6.23771	-0.7522449
51.52	-8.220037	-7.850338	-5.989341	-7	-0.06905654	-0.2942661	18.9329	4.892061	2.672626
51.54	-6.501228	-6.416255	2.877347	-7	0.501982	0.05705795	29.36677	3.395878	7.893955
51.56	-7.292989	-7.850338	-0.7684126	-7	0.3801176	-0.5941362	23.90355	0.4798468	-0.9595079
51.58	-5.761965	-6.416255	6.993286	-7	0.2499631	-0.8021293	33.39255	15.70122	2.928827
51.6	-6.512391	-6.484545	2.411939	-7	1.006056	0.4923858	-14.27858	9.289006	-5.557192
51.62	-5.42269	-6.484545	8.022989	-7	-0.3656679	-0.9220378	12.47742	-0.3140457	-1.568018
51.64	-8.205367	-7.782049	-6.550693	-7	0.2108884	0.4947906	-31.79754	-3.53542	-8.386514
51.66	-7.671699	-7.918628	-2.801361	-7	-0.7948432	-0.4785494	23.48955	-16.46672	6.800809
51.68	-7.190942	-6.484545	-0.772985	-7	0.5253834	0.5708468	3.467285	-20.0087	3.832639
51.7	-5.51768	-6.825994	8.139108	-7	-0.7819131	-1.957634	46.37104	-10.06977	2.164519
51.72	-7.609159	-7.782049	-2.908263	-7	-0.1538468	-1.042748	6.695356	14.15924	-7.580203
51.74	-6.903766	-7.782049	1.423002	-7	-1.048705	-1.956341	50.54906	12.05237	3.885817
51.76	-8.304584	-7.713759	-5.926786	-7	0.5248493	0.04469323	10.79939	-3.260611	-0.1291456
51.78	-6.326998	-7.782049	5.333025	-7	-0.8842933	-2.417282	79.33882	-2.741527	8.330375
51.8	-5.937991	-6.416255	6.439782	-7	0.2916152	-1.601766	38.45815	1.365343	-2.94061
51.82	-4.743065	-6.484545	12.22756	-7	-0.7425896	-2.839059	49.39288	12.11343	-4.651389
51.84	-5.710923	-6.074806	5.873786	-7	-0.05268925	-1.11201	-9.560637	6.189771	-11.99522
51.86	-5.788393	-6.416255	4.998032	-7	-0.8824605	-1.100288	-7.346931	-22.32931	-6.767584
51.88	-9.070801	-7.850338	-12.06851	-7	0.1274382	1.413127	-53.30592	-19.74916	-6.828671
51.9	-8.100112	-7.918628	-5.719184	-7	-0.8562714	0.1362683	20.14509	-31.39801	11.57685
51.92	-6.964848	-6.416255	-0.08422756	-7	0.2279616	0.1505973	17.91712	-22.55832	6.511078
51.94	-6.465569	-7.782049	3.218709	-7	-0.9349186	-2.370491	56.36073	-9.031603	1.281599
51.96	-7.115011	-7.782049	-0.0263238	-7	-0.6233295	-2.22352	47.75391	1.579084	-2.06504
51.98	-6.686778	-7.4406	2.373892	-7	-0.520704	-2.095194	55.66703	19.93023	1.604497
52	-5.203321	-5.801648	9.191193	-7	0.1132073	-1.47571	36.74331	13.07527	-0.6128283
52.02	-6.464511	-7.099152	2.326216	-7	0.1218822	-0.9479152	3.640974	19.80809	-8.473665
52.04	-6.454487	-6.757704	2.234664	-7	-0.1186126	-0.3984292	1.961033	4.617251	-2.141381
52.06	-7.551064	-7.850338	-3.024807	-7	-0.530919	-0.7525409	7.842287	-7.978168	-2.424451
52.08	-7.589638	-7.850338	-2.635112	-7	-0.7575084	-1.174768	32.7535	-3.520153	3.308706
52.1	-7.858059	-7.782049	-3.656465	-7	-0.1018948	-0.7336316	33.05839	-1.306412	3.708802
52.12	-7.403024	-7.50889	-0.9003363	-7	0.4113276	-0.4056509	37.84844	14.0371	5.708263
52.14	-5.320968	-5.801648	9.322186	-7	0.8361979	-0.3678874	31.0139	17.39588	3.536696
52.16	-6.908539	-7.235731	0.8469664	-7	1.061215	0.3637749	-13.85786	27.73175	-7.779434
52.18	-8.160604	-8.260077	-4.819205	-7	0.5231383	0.7597858	-6.465998	12.61725	0.2116518
52.2	-8.10568	-8.191787	-3.622493	-7	0.1936572	0.1721448	22.40282	-1.733893	6.480765
52.22	-8.206927	-8.191787	-3.479524	-7	0.5691325	0.07528983	30.57031	-1.260611	6.152842
52.24	-6.609433	-6.825994	4.756754	-7	1.048845	0.1713074	33.3399	13.27374	6.957348
52.26	-6.617067	-6.757704	4.257556	-7	1.647836	0.9463406	-3.511911	10.9226	-1.549786
52.28	-6.353482	-6.825994	5.448577	-7	1.134543	0.8875764	-11.53074	15.30427	-1.775857
52.3	-8.291764	-8.123497	-4.318558	-7	0.9764715	1.47388	-32.19189	6.296641	-3.987905
52.32	-7.084143	-7.099152	2.182563	-7	0.3755872	0.9105666	-0.9660033	-15.48962	6.072395
52.34	-5.768269	-5.801648	8.030554	-7	0.5307042	0.5319816	-12.71563	-20.40565	-0.5973797
52.36	-6.969466	-7.50889	1.64603	-7	-0.3526169	-0.3766834	-17.80251	-20.8942	-7.675764
52.38	-6.930068	-6.074806	0.8902831	-7	0.3601669	1.43493	-42.80971	8.663053	-1.804899
52.4	-8.078591	-7.782049	-4.719439	-7	-0.2666288	0.8681441	-30.32465	-11.97817	-1.408628
52.42	-8.45616	-7.850338	-6.18786	-7	-0.2942201	0.7320653	-8.297235	-17.9629	4.691837
52.44	-6.496911	-6.621124	3.929594	-7	-0.4929583	-0.57086	27.19284	-11.09267	7.248456
52.46	-6.723737	-6.825994	2.21809	-7	-0.01646888	-0.5731515	5.856837	-1.718626	-2.964192
52.48	-6.853317	-6.825994	1.236156	-7	0.164706	0.1091908	-5.299776	18.44931	-1.492354
52.5	-6.802382	-6.484545	1.080712	-7	0.4739675	0.8566704	-19.37634	13.60962	-0.7102041
52.52	-6.436103	-6.825994	2.972999	-7	-0.3124869	-0.2301632	-2.303932	-9.901832	-0.8428268
52.54	-6.791332	-6.825994	0.8081647	-7	-0.3815792	-0.3068392	-8.378732	-3.107939	-3.216569
52.56	-6.776536	-6.894283	0.7544975	-7	-0.6714796	-0.5860934	0.5843589	-2.543053	-1.234126
52.58	-7.091802	-6.825994	-1.148869	-7	-0.3641106	-0.14161	-6.377356	-3.520153	-1.240681
52.6	-6.588556	-6.825994	1.46714	-7	-0.7377545	-0.8318744	12.46754	-7.26061	0.8541851
52.62	-7.077584	-6.825994	-1.360298	-7	-0.2166339	-0.2278739	-2.889773	-0.8331298	-1.810046
52.64	-6.574068	-6.825994	1.330254	-7	-0.5424592	-0.7215723	14.18667	0.5561827	1.241228
52.66	-7.972047	-7.850338	-5.561181	-7	-0.261881	-0.3960651	5.93527	-1.947634	-1.486588
52.68	-7.688162	-7.850338	-3.282773	-7	-0.4215912	-0.7697569	36.75303	2.113435	6.298574
52.7	-7.951316	-7.918628	-4.078645	-7	0.2486656	-0.5089854	37.51989	-1.413283	4.969029
52.72	-7.4562	-7.850338	-0.7962909	-7	0.500509	-0.6468513	50.82141	6.388243	6.828074
52.74	-7.486447	-7.713759	-0.5494488	-7	1.222627	0.009631976	36.72493	20.80046	4.203255
52.76	-7.138149	-7.782049	1.848781	-7	1.215419	-0.05655392	38.88923	16.86153	4.395514
52.78	-5.778024	-6.074806	8.3064	-7	1.849369	0.8338999	11.58758	19.93023	2.042655
52.8	-7.061274	-7.850338	1.931308	-7	1.147406	0.4415084	-6.288986	4.586718	-5.575508
52.82	-7.917749	-7.850338	-2.176044	-7	1.035092	1.265236	-13.68578	3.38061	0.2169371
52.84	-7.987645	-7.850338	-2.042641	-7	0.8707899	1.220957	-2.480178	-14.68046	4.535407
52.86	-6.689136	-6.825994	4.577565	-7	0.7781352	0.6561628	8.280359	-15.61176	4.807433
52.88	-6.633832	-7.167441	4.623444	-7	0.4075652	-0.1150689	3.019647	-0.817863	-2.28122
52.9	-7.053248	-7.099152	2.043274	-7	0.4587351	0.4466339	-13.92485	6.861526	-3.002474
52.92	-7.183662	-7.099152	1.138509	-7	0.3091767	0.6926945	-16.69172	-7.184274	-0.8177462
52.94	-5.490664	-5.733358	9.039084	-7	-0.07631617	0.04492186	-8.699952	-13.06214	-0.1497374
52.96	-5.315539	-5.733358	8.670687	-7	-0.5360654	-0.5537947	-27.73407	-6.619389	-9.380051
52.98	-7.506769	-7.577179	-2.94937	-7	-1.268153	-0.5811193	-36.17759	-3.886565	-10.63083
53	-8.045389	-7.4406	-5.646382	-7	-1.396504	-0.2212732	-13.42287	-16.92473	1.039432
53.02	-6.13861	-6.143096	3.839694	-7	-1.54883	-1.417242	23.23181	-30.58885	4.705924
53.04	-6.110136	-6.211386	3.119224	-7	-1.119757	-1.603186	7.706847	-2.283511	-4.869807
53.06	-7.299782	-7.4406	-3.022879	-7	-1.219447	-1.411127	6.707398	12.64778	-4.493087
53.08	-8.331999	-7.4406	-8.190149	-7	-0.2099273	0.3485751	-3.920359	-3.550687	2.15704
53.1	-5.730095	-5.733358	5.162875	-7	-0.1368656	-0.2509688	26.91016	-1.962901	8.684574
53.12	-5.313554	-5.733358	6.530087	-7	0.060615	-0.740274	2.687294	6.235571	-5.024264
53.14	-6.760904	-7.235731	-0.8914459	-7	-0.5005949	-0.8002489	-7.149519	21.97603	-7.483613
53.16	-7.756065	-7.235731	-5.828537	-7	-0.1638557	0.4060824	-12.54149	-8.283511	-0.2050848
53.18	-6.801783	-7.099152	-0.2828002	-7	-0.7760029	-0.8823779	28.87244	-13.70336	5.523283
53.2	-7.13272	-7.167441	-1.899703	-7	-0.2885487	-0.8919384	22.47393	-0.9552672	0.3564625
53.22	-6.607632	-6.757704	0.8921084	-7	0.006525591	-0.6068286	24.53775	14.1287	2.483654
53.24	-6.605413	-6.825994	0.9151621	-7	0.2515039	-0.4030133	15.31535	7.670686	-0.1998816
53.26	-7.453374	-7.850338	-2.836478	-7	-0.007880747	-0.6027095	19.7937	12.9684	-0.2824488
53.28	-8.004842	-7.782049	-5.094795	-7	0.5246476	0.2734258	17.41982	-0.7415271	3.982439
53.3	-7.767541	-7.850338	-3.009662	-7	0.6941718	0.1892677	32.44395	4.540915	7.216626
53.32	-7.520175	-7.782049	-1.055181	-7	0.9949609	0.07904667	36.39398	10.34244	5.944413
53.34	-7.319979	-7.782049	0.5649064	-7	1.170036	0.04651739	35.72599	18.87679	4.509839
53.36	-7.574272	-7.850338	-0.2817665	-7	1.532344	0.6090369	22.33428	19.04473	3.116202
53.38	-7.682795	-7.850338	-0.3210579	-7	1.75768	1.172964	13.61129	15.54855	4.184159
53.4	-7.780255	-7.850338	-0.327287	-7	1.926313	1.594055	5.268515	2.876794	4.395689
53.42	-6.446526	-6.825994	6.557172	-7	1.738271	1.292716	6.413205	0.7851904	4.517817
53.44	-6.753914	-7.167441	4.704366	-7	1.471108	1.123382	-15.84527	-1.062137	-3.261411
53.46	-7.138358	-7.235731	2.518101	-7	1.089284	1.413444	-27.60715	0.4951144	-2.348657
53.48	-7.840792	-7.50889	-1.167563	-7	0.9008913	1.778013	-35.23344	-3.627023	-0.8022413
53.5	-6.715127	-6.416255	4.20802	-7	0.6739151	1.577772	-26.92138	-22.86366	2.820101
53.52	-7.378941	-7.4406	0.624694	-7	0.06724897	0.6393827	-25.87818	-16.94	-3.249629
53.54	-6.816983	-6.825994	3.149848	-7	-0.3761224	0.1328773	-11.92406	-10.25298	0.05188942
53.56	-7.997204	-7.167441	-3.492512	-7	0.3005187	1.287307	-39.09633	0.1134349	-2.887748
53.58	-5.873474	-5.733358	6.882432	-7	-0.1174464	0.6759061	-13.97783	-12.63466	4.086462
53.6	-7.991326	-7.4406	-4.464515	-7	0.1433852	1.026801	-46.26823	-3.413282	-7.231569
53.62	-5.748441	-6.143096	6.966669	-7	-1.06678	-0.5814096	6.85164	-2.726259	4.374269
53.64	-6.378189	-6.143096	2.545073	-7	-0.5774969	-0.395557	-26.03485	2.082901	-7.857013
53.66	-5.665271	-6.143096	5.664536	-7	-1.527212	-1.365759	-4.156716	-10.51252	-4.013162
53.68	-7.349882	-6.143096	-4.21529	-7	-0.2520586	0.9367212	-56.72573	6.892061	-7.992571
53.7	-6.763003	-6.416255	-1.106096	-7	-0.9854836	0.3475338	-21.86497	-30.23771	2.083521
53.72	-6.953949	-6.074806	-2.626467	-7	-0.4137536	0.7206703	-32.21325	-4.558321	-0.9441824
53.74	-6.695571	-6.484545	-1.233623	-7	-0.8278207	-0.06171794	-10.98615	-23.58122	0.7937403
53.76	-9.705912	-7.50889	-16.70961	-7	1.184246	3.224004	-65.88454	16.54091	-0.4650126
53.78	-8.065904	-7.50889	-6.563673	-7	0.3860102	1.843143	10.48027	-0.1461071	17.04245
53.8	-7.644512	-7.099152	-3.857686	-7	1.163953	1.278038	11.44577	17.59435	8.20665
53.82	-4.416906	-5.460199	12.70058	-7	0.4666079	-0.7375999	42.43204	6.143969	6.298684
53.84	-5.97768	-6.825994	4.099019	-7	0.3694112	-0.92263	-3.444981	31.88442	-11.81561
53.86	-7.351637	-7.918628	-2.463739	-7	-0.4681883	-0.7616684	4.426424	19.67068	-4.192702
53.88	-7.15771	-6.484545	-1.732857	-7	0.4015316	0.8129083	-8.606272	14.57145	2.63514
53.9	-6.522502	-6.484545	1.545364	-7	0.3187181	0.4796376	-2.182732	-13.13847	2.22134
53.92	-6.047162	-6.416255	3.823334	-7	-0.07497045	-0.3142321	1.955473	-8.55832	-1.288225
53.94	-7.958799	-7.782049	-5.800653	-7	0.01533194	0.2223489	-14.66439	0.4645801	-4.182046
53.96	-8.079561	-7.782049	-5.630435	-7	-0.06031412	0.3799681	10.53662	-4.894198	6.107992
53.98	-7.991462	-7.850338	-4.423436	-7	0.2102769	0.01846479	28.15444	-12.51252	7.014252
54	-7.221862	-7.850338	0.3455796	-7	0.02058572	-1.140535	56.14925	5.426412	6.872299
54.02	-7.44428	-7.850338	-0.4513869	-7	0.6343933	-0.8068887	44.85642	12.81573	2.64525
54.04	-7.641994	-7.850338	-1.024186	-7	1.2461	0.1769512	32.11437	23.91496	3.947059
54.06	-8.032306	-7.850338	-2.553249	-7	2.035449	1.53152	11.44921	2.663053	4.994339
54.08	-7.360619	-7.782049	1.671098	-7	1.788354	1.161985	22.77968	4.342442	7.049971
54.1	-7.615202	-7.850338	0.7366529	-7	1.964701	1.351817	7.811176	0.3424426	2.799155
54.12	-7.580987	-7.782049	1.303264	-7	1.899353	1.591922	2.129255	10.35771	3.683652
54.14	-6.805575	-6.825994	5.075991	-7	2.044198	1.99066	-12.35944	-3.016336	2.966939
54.16	-6.427646	-6.825994	6.6905	-7	1.4753	1.476526	-22.11123	1.838626	-1.6183
54.18	-6.33006	-6.825994	6.70116	-7	0.5930192	0.7429109	-25.94741	-2.176641	-4.473992
54.2	-7.462357	-7.235731	0.3227663	-7	0.3464046	1.183476	-44.49776	-12.83313	-5.757102
54.22	-5.678041	-5.801648	8.701985	-7	-0.457916	0.3003919	-21.56719	-24.49725	0.2209873
54.24	-7.520805	-7.4406	-1.397772	-7	-0.8404872	-0.1615902	-37.99273	-23.10793	-9.474967
54.26	-7.376973	-7.50889	-0.5764424	-7	-1.770697	-1.143794	3.398941	-7.64229	0.5186729
54.28	-6.697933	-6.074806	1.879627	-7	-0.8793119	-0.4666023	-6.050823	-27.71862	0.04654408
54.3	-4.82739	-6.143096	11.00807	-7	-2.303692	-3.255085	38.8657	7.121068	-2.437063
54.32	-7.6774	-7.50889	-4.560319	-7	-1.450165	-1.849307	-10.29063	-3.199542	-12.80265
54.34	-6.182838	-6.074806	2.748363	-7	-1.433713	-1.247134	16.71034	1.65542	3.352449
54.36	-6.17265	-5.801648	1.808783	-7	-0.5929979	-0.5815201	-9.644958	-20.81786	-3.979453
54.38	-7.060297	-7.167441	-2.641321	-7	-0.9889323	-0.8343328	-2.314928	14.2203	-3.32934
54.4	-7.995893	-7.167441	-7.332486	-7	-0.2150364	0.4772995	-10.33984	-11.53542	1.457693
54.42	-6.894143	-6.825994	-1.127649	-7	-0.3571777	-0.239778	23.05606	4.388244	7.276017
54.44	-6.450359	-6.825994	1.307991	-7	-0.3154506	-1.108505	30.57693	-7.352213	1.578312
54.46	-8.161859	-7.782049	-7.171673	-7	0.5628691	0.3158993	3.247631	18.73939	-0.7810326
54.48	-7.955013	-7.782049	-5.065181	-7	0.7079584	0.65965	24.76237	16.14397	8.77391
54.5	-6.315548	-6.143096	3.374731	-7	1.510539	1.036813	18.81747	19.38061	7.741734
54.52	-6.524553	-7.4406	2.802382	-7	0.8313061	-0.2260885	20.2014	1.518015	-0.9533749
54.54	-6.997194	-7.50889	0.6812665	-7	0.6200753	-0.1417777	14.62125	26.58672	-0.8232822
54.56	-5.538368	-5.869938	7.693192	-7	0.7143067	0.1346149	8.41724	12.73939	1.227223
54.58	-5.314493	-5.801648	7.972263	-7	0.4907998	0.05125629	-17.81456	-7.993435	-6.864725
54.6	-7.073756	-7.50889	-1.072746	-7	-0.4414476	-0.2685352	-24.19888	-7.443816	-8.671143
54.62	-7.790612	-7.50889	-4.509728	-7	-0.7010591	0.007971495	-9.770168	-8.55832	0.1270514
54.64	-6.380335	-6.074806	2.407323	-7	-0.4463651	-0.1077661	4.963438	-26.97053	4.25223
54.66	-7.41745	-7.782049	-2.622392	-7	-0.8658851	-1.198791	13.18265	-21.55069	-2.779677
54.68	-7.905159	-7.850338	-4.669225	-7	-0.6548325	-0.9075478	25.78215	2.052366	2.73634
54.7	-6.385657	-6.416255	3.026429	-7	-0.08278634	-0.732187	34.85001	6.632518	5.846946
54.72	-5.881885	-6.484545	5.283062	-7	0.01879066	-1.126164	24.67137	-0.008702087	-1.81588
54.74	-5.831488	-6.484545	5.127632	-7	-0.1530474	-1.088363	11.89357	18.80046	-4.706414
54.76	-5.799346	-6.143096	4.660736	-7	-0.2141781	-0.6458032	-4.538939	8.785191	-5.339819
54.78	-6.003358	-6.484545	3.258904	-7	-0.809348	-1.026416	-4.224776	-8.527786	-5.716151
54.8	-7.807163	-7.850338	-5.762498	-7	-1.105501	-0.9644795	-3.435969	-16.13084	-4.955871
54.82	-8.014406	-7.850338	-6.125108	-7	-1.127239	-1.017104	27.21742	-18.42092	4.850417
54.84	-8.138495	-7.782049	-6.18342	-7	-0.3017828	-0.6567563	36.65814	-16.69572	6.548563
54.86	-7.217745	-7.850338	-0.5263927	-7	-0.3449368	-1.711815	69.59701	-5.169007	8.060803
54.88	-5.886562	-6.484545	6.087432	-7	0.4862288	-1.426003	56.34306	13.56382	3.213657
54.9	-6.329368	-7.4406	3.929267	-7	0.3513436	-1.564657	40.17659	24.57145	-3.782315
54.92	-5.032987	-5.801648	9.918621	-7	0.4802348	-0.9070357	23.05379	26.61725	-2.057828
54.94	-7.099667	-7.167441	-1.128034	-7	0.8097749	0.5013222	-26.97351	4.037098	-9.434875
54.96	-6.724347	-7.235731	1.314609	-7	-0.3210544	-0.2219733	5.51359	-7.336946	1.30354
54.98	-7.630377	-7.099152	-3.538006	-7	0.3408321	0.7010998	-16.6411	-14.06977	-1.33092
55	-4.84057	-5.801648	10.71861	-7	-0.8682932	-1.429846	31.69863	-10.13084	3.946111
55.02	-6.144588	-5.801648	2.526102	-7	0.2423794	0.09092098	-37.14327	0.08290056	-11.59336
55.04	-4.60679	-5.869938	10.18947	-7	-1.769143	-2.038524	8.634031	9.518014	-4.242474
55.06	-6.238434	-5.869938	0.3682189	-7	-1.142149	-0.813629	-41.44823	-4.787328	-13.4983
55.08	-7.133541	-7.50889	-3.80213	-7	-2.528581	-1.978748	0.7777052	-16.86366	-4.211637
55.1	-8.793648	-7.4406	-12.33816	-7	-1.179288	-0.128487	-12.2077	-16.69572	0.4995184
55.12	-6.01704	-6.074806	2.343884	-7	-1.40444	-1.469389	47.15474	-29.39801	10.99556
55.14	-8.508986	-7.4406	-10.62239	-7	0.5562657	0.5684015	-12.42702	10.76992	-3.3767
