0	0.005041845	0.002975464	0.02484371	0	-0.001842403	-0.003619271	0.05602625	0.2254948	0
0.02	0.2806315	0.002975464	1.494643	0	-0.2989484	-0.5300856	9.263658	0.2560288	-0.02741217
0.04	-1.693565	-1.362819	-8.195802	0	0.06465234	0.2127784	-5.457109	2.836181	-1.925304
0.06	-1.741038	-1.431108	-7.297735	0	0.1459214	0.3708267	22.34713	-0.9042764	8.384107
0.08	-1.605316	-1.431108	-5.583367	0	0.6627232	0.2328114	27.78789	-1.42336	6.528126
0.1	0.4570858	0.002975464	5.335189	0	0.8151368	-0.2435703	32.37115	1.401067	4.957764
0.12	-0.9780037	-1.362819	-1.752029	0	0.9317111	0.09114004	-1.621341	14.4087	-5.788033
0.14	-1.236982	-1.431108	-2.350591	0	0.5951879	0.446778	9.486645	16.37816	2.791622
0.16	-1.820621	-1.362819	-4.884246	0	1.210514	1.36437	-5.379169	13.03465	2.990097
0.18	0.0747821	0.07126522	4.936211	0	1.235165	1.219552	3.572126	-10.76687	6.377198
0.2	0.2258701	0.07126522	5.190599	0	1.246084	1.12833	-23.44275	0.8209144	-3.585215
0.22	0.1367444	-0.3384733	4.518033	0	0.306046	0.4783022	-16.36068	0.2407616	-2.712883
0.24	-0.853614	-0.3384733	-1.109065	0	0.5692395	1.408902	-36.68314	4.378166	-2.605636
0.26	-0.496381	-0.2701836	0.6790859	0	0.1292378	1.02016	-14.28132	-20.72107	3.729063
0.28	-0.4000006	-0.3384733	0.9983269	0	-0.05552383	0.2891766	-6.303586	-12.14092	0.8576491
0.3	-0.1047795	-0.2701836	2.312171	0	-0.3214107	-0.3187506	3.126761	-11.40809	0.09860186
0.32	-0.5755435	-0.2701836	-0.5234258	0	0.09804684	0.3307911	-12.90307	5.477403	-1.718506
0.34	-0.2575842	-0.3384733	1.11224	0	-0.2280262	-0.05070862	3.053959	-3.698169	1.754799
0.36	-0.5743083	-0.3384733	-0.7476306	0	0.1001992	0.2550182	-7.171266	-2.50733	-0.6363407
0.38	-0.2217184	-0.4067631	1.158796	0	-0.2368897	-0.2629457	8.547093	-2.064582	1.648245
0.4	-0.5299302	-0.4067631	-0.5913603	0	0.06780468	0.02217028	-2.233026	-0.9195436	-0.9736902
0.42	0.1353809	0.002975464	2.696837	0	-0.06402081	-0.1501224	5.547385	1.126258	1.242627
0.44	-0.006202841	-0.06531429	1.633532	0	0.0157945	-0.09529082	-5.146133	-2.201986	-2.380209
0.46	-1.30526	-1.362819	-4.612177	0	-0.2867219	-0.1763535	1.644783	0.9125175	-0.920483
0.48	-1.528875	-1.362819	-5.077514	0	-0.1818057	-0.1522394	19.57259	-1.957711	4.910491
0.5	-1.500129	-1.431108	-4.208098	0	0.1871308	-0.2333478	26.72073	-3.484429	4.727375
0.52	-1.033178	-1.362819	-1.093031	0	0.2941753	-0.5865666	34.38125	5.843815	3.799276
0.54	-1.180493	-1.362819	-1.413429	0	0.7202903	-0.1299927	19.10608	14.95832	0.6111341
0.56	-1.103131	-1.362819	-0.5018197	0	0.7696116	0.152245	15.95357	10.57664	1.819363
0.58	-1.284448	-1.362819	-1.055615	0	0.9605552	0.5734807	5.773751	5.569005	1.218475
0.6	0.3520439	0.002975464	7.140109	0	0.8420852	0.3926661	6.975734	0.07282305	2.361552
0.62	-0.08265518	-0.4067631	4.363862	0	0.6900105	0.4157205	-18.46292	-1.179085	-5.758737
0.64	-0.109382	-0.2701836	3.783484	0	0.2178172	0.5299307	-17.91005	0.4392349	-2.039261
0.66	-0.4680903	-0.2701836	1.411409	0	0.1332412	0.721859	-23.15956	-12.91954	-1.696212
0.68	-0.2244536	-0.3384733	2.419987	0	-0.4056677	-0.01637399	-4.374639	-14.79741	0.7080461
0.7	0.6000592	0.6175833	5.761471	0	-0.3150099	-0.1902402	-7.952856	-14.49206	-1.303592
0.72	1.007264	0.6175833	6.932493	0	-0.7668866	-0.8360044	-7.198596	-2.385192	-4.610127
0.74	-0.3434841	-0.3384733	-0.6067206	0	-0.9278661	-0.6367678	-15.49688	-4.201986	-6.103617
0.76	-0.6714262	-0.4067631	-2.398386	0	-0.9743816	-0.4535185	1.879197	-7.270688	1.447358
0.78	-0.435699	-0.4067631	-1.128871	0	-0.923539	-0.9824035	19.26531	-13.37756	2.352011
0.8	-0.2882892	-0.4067631	-0.3601604	0	-0.6861852	-1.189172	22.3153	4.607174	0.3319411
0.82	-1.245194	-1.362819	-4.791922	0	-0.5109762	-1.038637	22.10369	7.156791	-0.5144421
0.84	-0.08366819	0.07126522	1.160437	0	0.1623497	-0.257944	19.74524	10.21023	3.971196
0.86	-0.9012976	-1.02137	-2.702973	0	0.3336536	-0.1222282	6.4975	5.065189	-1.607841
0.88	-0.8393412	-1.02137	-1.785035	0	0.1944965	-0.1289341	17.77099	14.82091	2.889818
0.9	-0.677	-0.6799221	-0.7034369	0	0.5287048	0.1379231	10.43587	-5.331757	1.602664
0.92	-0.3465411	-0.6799221	1.281841	0	0.36352	-0.133542	13.27739	11.67588	1.011022
0.94	-0.5865967	-0.6799221	0.09835839	0	0.5138245	0.1989974	0.635648	-1.988246	-1.010596
0.96	-0.5674103	-0.6799221	0.3515492	0	0.3958051	0.2932665	1.662155	4.149158	0.7686588
0.98	-0.5094211	-0.6799221	0.7615922	0	0.2389734	0.07237077	4.129901	-4.110383	0.493555
1	-0.657938	-0.6799221	0.01201317	0	0.2925898	0.2079192	-0.245536	1.202593	-0.01907434
1.02	-0.5579991	-0.6799221	0.6169915	0	0.1540617	0.05842351	4.384156	0.362899	0.9274305
1.04	-0.6010727	-0.6799221	0.4033362	0	0.1547095	0.01434513	3.067038	-0.2935893	0.1223669
1.06	-0.7290729	-0.7482109	-0.2117169	0	0.1854021	0.1179196	1.866889	0.04228869	0.3938245
1.08	-0.730428	-0.7482109	-0.1349088	0	0.1966317	0.1414147	3.401493	0.4697693	1.065408
1.1	-0.8583989	-0.9530802	-0.6013425	0	0.1316059	-0.01264248	6.800858	0.05755544	0.9429555
1.12	-0.9860659	-1.02137	-1.04564	0	0.1959764	0.02404783	7.940138	0.4087006	1.277924
1.14	-1.052447	-1.08966	-1.119919	0	0.2790921	0.07418746	9.37739	0.4850365	1.7241
1.16	-1.007303	-1.08966	-0.6167685	0	0.3492811	0.07555126	10.56745	-0.07984875	1.813295
1.18	-0.9147308	-1.02137	0.05596745	0	0.4309329	0.121119	8.876543	0.01175433	1.349983
1.2	-0.9399836	-1.08966	0.1198569	0	0.4264696	0.1292513	7.251956	0.2254948	0.8378704
1.22	-0.875029	-1.02137	0.5886089	0	0.4063913	0.1435558	6.40191	0.0880898	0.9002141
1.24	-0.7797676	-0.9530802	1.137288	0	0.3508197	0.09030975	5.479126	-0.03404721	0.5141033
1.26	-0.9678386	-1.08966	0.2358992	0	0.3144088	0.1290075	2.913643	-0.04931482	0.0276683
1.28	-0.8874853	-1.02137	0.7265732	0	0.2269996	0.06261925	6.015159	-0.2477877	1.035734
1.3	-1.016732	-1.08966	0.1056302	0	0.2587653	0.09417778	4.018769	-0.2630549	0.4183871
1.32	-0.9856578	-1.08966	0.3567898	0	0.2203121	0.05687294	6.519115	0.103357	1.132971
1.34	-0.9254622	-1.02137	0.6891955	0	0.2507091	0.04738039	5.901193	-0.186719	0.7890767
1.36	-0.927515	-1.02137	0.6836721	0	0.2704327	0.0879317	4.293777	0.02702108	0.5050144
1.38	-0.9154886	-1.02137	0.7566957	0	0.2452216	0.08475212	4.247962	-0.003512851	0.5897142
1.4	-0.8952467	-1.02137	0.8653668	0	0.1973709	0.02247706	4.928701	-0.003512851	0.5191537
1.42	-0.8247318	-0.9530802	1.181854	0	0.1692007	-0.02034631	4.924856	-0.003512851	0.3744858
1.44	-0.8468611	-0.9530802	0.996354	0	0.162565	-0.001821478	3.387068	0.02702108	0.04940008
1.46	-0.8556848	-0.9530802	0.8950161	0	0.1334905	0.003646157	3.524181	0.01175433	0.2818455
1.48	-0.8884667	-0.9530802	0.6700987	0	0.1413462	0.03410541	3.079331	0.01175433	0.354712
1.5	-0.9081503	-0.9530802	0.5299296	0	0.1608064	0.07438827	3.023099	0.01175433	0.5813683
1.52	-0.9790309	-1.02137	0.176926	0	0.1727209	0.08825785	3.511075	0.05755544	0.7139245
1.54	-0.8996807	-0.9530802	0.5879205	0	0.192645	0.08049817	4.735502	0.0880898	1.040354
1.56	-0.9635946	-1.02137	0.2749915	0	0.2223804	0.09199446	3.799159	0.07282305	0.5872631
1.58	-0.9447241	-1.02137	0.4157501	0	0.2145164	0.08067438	5.039462	-0.07984875	0.944926
1.6	-1.007259	-1.08966	0.1586977	0	0.2171936	0.05791105	5.354205	-0.04931482	0.7601243
1.62	-1.009297	-1.08966	0.2228692	0	0.2307971	0.0613488	6.189278	0.01175433	1.013158
1.64	-0.9726905	-1.02137	0.4362343	0	0.3055031	0.1452606	4.60603	-0.003512851	0.9335322
1.66	-0.9608636	-1.08966	0.5713547	0	0.2536372	0.0642729	5.863264	-0.003512851	0.8185927
1.68	-0.9805849	-1.08966	0.5142314	0	0.249516	0.0538652	5.482858	-0.01878046	0.6387031
1.7	-0.9766336	-1.08966	0.5781193	0	0.2348232	0.04214382	5.790946	-0.01878046	0.7227339
1.72	-0.9018457	-1.02137	0.9619535	0	0.2288769	0.02436971	5.687727	-0.003512851	0.6548597
1.74	-0.9358545	-1.02137	0.7539729	0	0.2561525	0.08986045	3.283772	-0.03404721	0.284351
1.76	-0.9157255	-1.02137	0.850254	0	0.2135701	0.07449166	3.984958	-0.03404721	0.5947832
1.78	-0.9238392	-1.02137	0.785909	0	0.1932397	0.04888772	3.933228	-0.03404721	0.4591134
1.8	-1.031205	-1.08966	0.2400428	0	0.2048334	0.09412977	3.341915	-0.003512851	0.5148258
1.82	-0.955056	-1.02137	0.6413956	0	0.2067942	0.08869234	4.935518	0.02702108	1.077868
1.84	-1.017355	-1.08966	0.3403421	0	0.2244141	0.07912267	4.330439	-0.04931482	0.6156674
1.86	-0.9555409	-1.02137	0.6624937	0	0.2470589	0.1115412	4.548457	-0.07984875	0.9451929
1.88	-0.8853252	-1.02137	1.025542	0	0.1976291	0.006096199	5.622457	0.01175433	0.6261925
1.9	-0.9091472	-1.02137	0.8672544	0	0.1941497	0.008392375	4.269241	0.01175433	0.2144303
1.92	-0.9773272	-1.08966	0.5281913	0	0.1544192	-0.006071607	4.924364	0.05755544	0.421618
1.94	-0.8347989	-0.9530802	1.217659	0	0.1401928	-0.04820896	6.171926	0.02702108	0.7176926
1.96	-0.8660864	-0.9530802	0.9646451	0	0.1812195	0.008235741	3.128603	-0.01878046	-0.02580845
1.98	-0.9581113	-1.02137	0.4620877	0	0.1767419	0.08089241	2.565695	0.01175433	0.3453366
2	-0.8931344	-0.9530802	0.765745	0	0.1741868	0.08068112	3.801365	0.01175433	0.8528592
2.02	-0.9413808	-1.02137	0.5088099	0	0.1643476	0.0372932	3.983049	0.05755544	0.4912925
2.04	-1.012884	-1.08966	0.1813232	0	0.1535183	0.0216471	5.185361	0.01175433	0.7292577
2.06	-1.050499	-1.08966	0.03526948	0	0.2092429	0.07763085	5.347402	-0.003512851	1.001119
2.08	-0.9389292	-1.02137	0.6462474	0	0.2320315	0.05663456	6.456797	-0.003512851	1.157911
2.1	-0.9867491	-1.08966	0.4381079	0	0.2452238	0.04451676	5.336619	0.04228869	0.5246199
2.12	-0.8358703	-0.9530802	1.197906	0	0.2396578	0.04220955	5.588899	-0.003512851	0.791484
2.14	-0.9807343	-1.08966	0.4562453	0	0.2277572	0.05070872	3.444206	-0.09511635	0.03420061
2.16	-0.8959225	-1.02137	0.9090602	0	0.1664103	0.001812985	5.970934	-0.03404721	0.8552431
2.18	-1.006513	-1.08966	0.3404964	0	0.1913048	0.0219747	4.36544	-0.003512851	0.2903195
2.2	-0.9358371	-1.02137	0.711143	0	0.1920889	0.03974287	5.546987	0.01175433	0.9232774
2.22	-0.9404233	-1.02137	0.6697258	0	0.2203992	0.05584649	4.324868	-0.003512851	0.5092496
2.24	-0.8361618	-0.9530802	1.170801	0	0.1939895	0.02182307	4.87351	0.01175433	0.6066529
2.26	-0.9557149	-1.02137	0.5114414	0	0.222454	0.09375959	2.113556	-0.03404721	0.07920839
2.28	-0.9528304	-1.02137	0.5341415	0	0.1936727	0.1043601	3.695382	-0.01878046	0.8432888
2.3	-0.9654365	-1.02137	0.4667871	0	0.210201	0.1001525	3.75172	0.01175433	0.7447835
2.32	-0.9766549	-1.02137	0.4120769	0	0.2400745	0.1368319	3.445345	0.0880898	0.8100463
2.34	-1.024594	-1.08966	0.2160982	0	0.2334945	0.1197609	4.270138	0.01175433	0.8835685
2.36	-0.8880698	-0.9530802	0.9060587	0	0.2627645	0.1255051	4.52589	-0.01878046	1.048193
2.38	-0.9837555	-1.08966	0.4420578	0	0.2332269	0.07401984	3.919872	-0.03404721	0.3659263
2.4	-0.9350181	-1.02137	0.7033286	0	0.2235033	0.0815463	4.729444	-0.01878046	0.848307
2.42	-0.9087452	-1.02137	0.834816	0	0.2011345	0.02652505	4.960319	0.02702108	0.5571789
2.44	-1.002522	-1.08966	0.3658618	0	0.2015626	0.04763317	4.230212	-0.01878046	0.4134836
2.46	-0.8462634	-0.9530802	1.146395	0	0.1854978	0.01727841	5.74182	0.04228869	0.9078735
2.48	-0.8551251	-0.9530802	1.025528	0	0.2060665	0.03116574	3.207531	-0.01878046	0.06833676
2.5	-0.9228361	-1.02137	0.6556665	0	0.1651572	0.03968637	3.306849	-0.003512851	0.2878518
2.52	-0.9362314	-1.02137	0.5800322	0	0.141309	0.01742787	4.541662	-0.003512851	0.6309448
2.54	-0.9687244	-1.02137	0.4004374	0	0.1771696	0.05403038	4.154209	0.05755544	0.6414573
2.56	-1.031961	-1.08966	0.1178538	0	0.191427	0.06960275	4.813504	-0.003512851	0.8374959
2.58	-1.051467	-1.08966	0.07280287	0	0.2418208	0.1170003	5.087048	-0.03404721	1.095792
2.6	-0.9445257	-1.02137	0.6586836	0	0.2663492	0.1014077	5.771083	-0.04931482	1.150082
2.62	-0.8523574	-0.9530802	1.10303	0	0.2865604	0.09864473	4.144933	0.02702108	0.5609516
2.64	-0.8863537	-1.02137	0.9185436	0	0.2264919	0.0533343	3.617482	0.04228869	0.1992421
2.66	-0.8527419	-0.9530802	1.041215	0	0.2022203	0.06321491	3.288615	-0.06458157	0.3905047
2.68	-0.857004	-0.9530802	0.9606287	0	0.1743087	0.0481513	2.91538	0.01175433	0.2690162
2.7	-0.9606908	-1.02137	0.4014531	0	0.1670964	0.07777409	2.522932	0.04228869	0.3448392
2.72	-0.9644335	-1.02137	0.3921488	0	0.1572459	0.06744809	4.301325	-0.01878046	0.9000182
2.74	-0.8917771	-0.9530802	0.7398632	0	0.1872459	0.05660895	4.570091	0.05755544	0.8274288
2.76	-0.932988	-1.02137	0.5282236	0	0.1830292	0.0332322	4.347358	0.01175433	0.4746527
2.78	-0.944368	-1.02137	0.4802914	0	0.1872918	0.04702837	4.688902	0.04228869	0.6905731
2.8	-0.9580078	-1.02137	0.420834	0	0.2134682	0.07666432	4.408136	0.02702108	0.7249193
2.82	-0.9074866	-0.9530802	0.6611787	0	0.2622913	0.1431674	3.393214	-0.01878046	0.8032225
2.84	-0.8574868	-0.9530802	0.9051163	0	0.2357942	0.1005025	3.591932	-0.07984875	0.6195924
2.86	-0.9399402	-1.02137	0.4800892	0	0.2186728	0.09766366	2.896218	-0.003512851	0.364611
2.88	-0.9292386	-1.02137	0.5600168	0	0.1774984	0.05275628	4.755888	0.04228869	0.8078362
2.9	-1.019011	-1.08966	0.1377693	0	0.1882675	0.04712734	4.801173	-0.003512851	0.6429006
2.92	-0.9514442	-1.02137	0.5151431	0	0.2117782	0.060048	5.804121	-0.01878046	1.064352
2.94	-1.051652	-1.08966	0.0354349	0	0.2804668	0.1442508	3.690542	0.01175433	0.6618918
2.96	-1.014947	-1.08966	0.3076444	0	0.2698761	0.1354244	5.506599	0.02702108	1.248638
2.98	-0.9362418	-1.02137	0.7359525	0	0.2942865	0.1187332	5.042037	-0.003512851	0.9188042
3	-0.8935703	-1.02137	0.9628105	0	0.2627131	0.06977205	4.698709	-0.04931482	0.5333056
3.02	-0.9011974	-1.02137	0.9081418	0	0.231914	0.05682053	3.934381	-0.04931482	0.3245473
3.04	-0.9050429	-1.02137	0.8710979	0	0.1897585	0.03207795	4.173079	-0.09511635	0.4039098
3.06	-0.9429031	-1.02137	0.6472929	0	0.1927726	0.06104986	3.49153	-0.09511635	0.4171091
3.08	-0.8433064	-0.9530802	1.119901	0	0.1572105	0.007217424	4.848588	-0.09511635	0.6598452
3.1	-0.9856385	-1.08966	0.3829685	0	0.1350461	-0.02457441	4.251414	-0.06458157	0.1198832
3.12	-0.9395728	-1.02137	0.6189378	0	0.1358193	-0.01000779	5.822438	0.01175433	0.860592
3.14	-0.9503158	-1.02137	0.5458535	0	0.1787671	0.01530853	4.915559	0.02702108	0.5576465
3.16	-0.8640134	-0.9530802	0.9558334	0	0.1927103	0.02958731	4.872789	-0.04931482	0.6738439
3.18	-0.9159758	-1.02137	0.672503	0	0.1773648	0.01155314	4.186818	0.01175433	0.2699912
3.2	-0.8402791	-0.9530802	1.029297	0	0.1495655	-0.0158698	5.128664	-0.003512851	0.5710873
3.22	-1.001832	-1.08966	0.2049271	0	0.1480779	-0.005143757	4.131028	-0.01878046	0.1664409
3.24	-0.9471668	-1.02137	0.5067479	0	0.1528426	0.01243554	6.012523	-0.003512851	1.017498
3.26	-0.9335338	-1.02137	0.5800321	0	0.1801056	-0.003104528	5.714746	0.103357	0.6422558
3.28	-0.9734856	-1.02137	0.370086	0	0.2442027	0.1016098	3.797261	0.02702108	0.5902381
3.3	-0.8939918	-0.9530802	0.7685606	0	0.2671813	0.1479102	3.607893	0.02702108	0.893838
3.32	-0.8497498	-0.9530802	0.9748586	0	0.2372496	0.09330415	3.47675	-0.003512851	0.5156469
3.34	-0.9274566	-1.02137	0.5696728	0	0.2049175	0.07716771	3.047243	0.01175433	0.3099755
3.36	-1.021245	-1.08966	0.1310345	0	0.1838961	0.07898061	4.129232	0.05755544	0.7176768
3.38	-0.9695644	-1.02137	0.4221707	0	0.2135881	0.09017947	5.149767	-0.01878046	1.102551
3.4	-1.015281	-1.08966	0.2362489	0	0.2303981	0.07516013	5.100849	-0.003512851	0.7832238
3.42	-0.9455963	-1.02137	0.6199156	0	0.2552577	0.09439204	5.296197	0.07282305	0.9823149
3.44	-0.8250592	-0.9530802	1.219197	0	0.2359266	0.03418363	5.224291	0.02702108	0.6102365
3.46	-0.9057956	-1.02137	0.7755021	0	0.2173665	0.04125377	3.261032	-0.01878046	0.02085738
3.48	-0.8556237	-0.9530802	0.9942758	0	0.1884654	0.05620356	3.706808	-0.03404721	0.5337276
3.5	-0.8713777	-0.9530802	0.8551333	0	0.1837282	0.06029908	2.798513	0.01175433	0.2846627
3.52	-0.8741153	-0.9530802	0.7959881	0	0.1627835	0.05715633	3.070192	-0.003512851	0.4465642
3.54	-0.9108055	-0.9530802	0.5589244	0	0.1857938	0.1041496	2.2918	-0.01878046	0.4763034
3.56	-0.8899543	-0.9530802	0.6462827	0	0.1703971	0.08231729	3.430707	-0.09511635	0.7349727
3.58	-0.6170281	-0.6799221	1.885555	0	0.212051	0.09760883	2.238111	-0.003512851	0.5891825
3.6	-0.9250636	-1.02137	0.2616268	0	0.1423051	0.05728168	0.06032753	-0.03404721	-0.5983304
3.62	-0.9959308	-1.02137	-0.06351252	0	0.1095185	0.09353428	3.530626	-0.003512851	1.062795
3.64	-1.12252	-1.08966	-0.6421306	0	0.2021504	0.159701	3.900348	-0.4767954	1.223077
3.66	-1.006229	-1.08966	0.0995028	0	0.1808442	0.02224376	8.904644	0.2407616	1.804687
3.68	-0.8801294	-0.9530802	0.7552336	0	0.2894213	0.05132559	6.482919	0.05755544	0.8831335
3.7	-0.9040986	-1.02137	0.6614923	0	0.2912498	0.07971272	4.549752	0.5003036	0.3773026
3.72	-0.8313903	-0.9530802	1.034797	0	0.2594032	0.07939427	4.367749	-0.04931482	0.5662793
3.74	-0.840736	-0.9530802	0.954354	0	0.232727	0.07181922	3.077516	-0.186719	0.2052016
3.76	-0.9927276	-1.08966	0.209166	0	0.1788754	0.05786563	3.500432	-0.06458157	0.3304277
3.78	-0.9862045	-1.02137	0.2654962	0	0.2119271	0.1167948	4.265182	0.05755544	1.037012
3.8	-1.030091	-1.08966	0.1026044	0	0.2257183	0.0975195	4.998111	0.0880898	0.9582989
3.82	-0.9301976	-1.02137	0.6579294	0	0.2309818	0.05686354	6.293454	-0.06458157	1.101664
3.84	-0.8168516	-0.9530802	1.218747	0	0.2216277	-0.005923305	5.780909	-0.06458157	0.512053
3.86	-0.8894809	-1.02137	0.8214359	0	0.1956052	-0.005019568	4.04581	-0.04931482	-0.01803851
3.88	-0.9249703	-1.02137	0.6304494	0	0.1737446	0.02917991	4.172618	0.01175433	0.4389513
3.9	-0.9461042	-1.02137	0.5177131	0	0.1775555	0.04409118	4.352658	0.01175433	0.6131805
3.92	-0.9098348	-1.02137	0.7157848	0	0.1462439	-0.02323653	5.946058	0.04228869	0.7143131
3.94	-0.8738178	-0.9530802	0.8517751	0	0.1898338	0.01789867	4.465181	-0.01878046	0.444875
3.96	-1.00995	-1.08966	0.1761641	0	0.1842598	0.04740428	3.94184	-0.06458157	0.3759584
3.98	-0.9532789	-1.02137	0.4947161	0	0.1922272	0.06003163	5.507848	-0.01878046	1.063982
4	-1.02225	-1.08966	0.1801049	0	0.2231764	0.06810354	4.895579	0.01175433	0.6892873
4.02	-0.840894	-0.9530802	1.115089	0	0.213166	0.0236899	6.439627	0.01175433	1.040048
4.04	-0.967642	-1.08966	0.4748834	0	0.2030641	-0.003345417	4.572026	-0.01878046	0.05610019
4.06	-0.8377952	-0.9530802	1.121565	0	0.1826319	0.003079613	5.693022	0.04228869	0.767872
4.08	-0.9540026	-1.02137	0.4846612	0	0.2247953	0.07743808	2.587622	0.01175433	0.07664493
4.1	-0.9327677	-1.02137	0.6114166	0	0.1831328	0.06727662	4.513858	-0.01878046	0.838617
4.12	-0.8690491	-0.9530802	0.903355	0	0.1936297	0.04417257	4.367415	-0.06458157	0.6229778
4.14	-0.9343365	-1.02137	0.5539239	0	0.1874288	0.0459897	3.65174	-0.1256507	0.3378762
4.16	-0.9971539	-1.08966	0.2750555	0	0.1531354	0.01572861	5.272434	-0.003512851	0.706992
4.18	-1.024873	-1.08966	0.1777676	0	0.1830625	0.0303191	5.909985	-0.003512851	0.9089819
4.2	-0.9478028	-1.02137	0.5943053	0	0.2264413	0.05005474	6.034697	-0.003512851	0.9911314
4.22	-0.9242501	-1.02137	0.7204276	0	0.2461311	0.0562119	4.995284	-0.01878046	0.5922147
4.24	-0.960987	-1.08966	0.5726493	0	0.2021219	0.01079644	5.562764	-0.01878046	0.5222571
4.26	-0.9849162	-1.08966	0.4826462	0	0.1966907	0.010664	5.803932	-0.03404721	0.6428739
4.28	-0.9274495	-1.02137	0.7760267	0	0.2175322	0.03226142	5.535334	-0.04931482	0.7269807
4.3	-0.9213189	-1.02137	0.7923001	0	0.2253975	0.04647081	4.488936	0.05755544	0.4566219
4.32	-0.9501172	-1.02137	0.6251545	0	0.2428637	0.1091667	3.209324	-0.003512851	0.4867435
4.34	-0.8732318	-0.9530802	0.9847018	0	0.2342723	0.1142463	3.364705	0.02702108	0.707131
4.36	-0.9142663	-1.02137	0.7567461	0	0.1887224	0.05194174	3.478482	0.05755544	0.3387769
4.38	-1.023918	-1.08966	0.2092411	0	0.1815413	0.07359869	3.649357	-0.01878046	0.5433144
4.4	-0.9442573	-1.02137	0.6349152	0	0.1764512	0.04287663	5.685208	-0.03404721	1.071925
4.42	-0.9189121	-1.02137	0.7567594	0	0.1838337	-0.002779054	5.485785	-0.03404721	0.5658896
4.44	-1.009065	-1.08966	0.3092179	0	0.2014225	0.04090847	4.536611	-0.01878046	0.4554972
4.46	-0.8501487	-0.9530802	1.108464	0	0.1952782	0.02307992	5.854648	-0.04931482	0.9428996
4.48	-0.9420404	-1.02137	0.5973792	0	0.2291062	0.06811374	2.937196	0.04228869	0.09714386
4.5	-0.9987289	-1.08966	0.346975	0	0.1841311	0.06288429	4.536606	0.0880898	0.7265245
4.52	-0.9581429	-1.02137	0.5598618	0	0.211466	0.07448075	4.873923	-0.04931482	0.8991066
4.54	-0.8592199	-0.9530802	1.035908	0	0.2207216	0.05452275	4.652589	-0.01878046	0.6818482
4.56	-0.9331439	-1.02137	0.6311516	0	0.2205398	0.07481143	3.021575	-0.06458157	0.2213764
4.58	-0.9177494	-1.02137	0.7169101	0	0.171903	0.03776553	4.64005	-0.06458157	0.6851077
4.6	-0.9104863	-0.9530802	0.6985065	0	0.2298262	0.1143032	2.753182	-0.01878046	0.5196493
4.62	-0.9458736	-1.02137	0.5198164	0	0.2046184	0.1007812	3.323161	0.01175433	0.6208504
4.64	-0.9218294	-1.02137	0.6576856	0	0.1656275	0.02673297	5.089225	-0.003512851	0.7649909
4.66	-0.8741424	-0.9530802	0.8607633	0	0.1927086	0.03696658	4.311971	-0.003512851	0.5455579
4.68	-0.9510221	-1.02137	0.4524927	0	0.2030699	0.07577707	3.23427	-0.01878046	0.3775606
4.7	-0.9069507	-1.02137	0.7043262	0	0.1455142	-0.005177058	5.815665	-0.03404721	0.8239077
4.72	-0.9549422	-1.02137	0.4433094	0	0.1909801	0.03359065	4.364533	-0.04931482	0.4551761
4.74	-0.9320154	-1.02137	0.5784974	0	0.1832776	0.03055272	5.317067	0.02702108	0.7811433
4.76	-0.9272614	-1.02137	0.6093947	0	0.1895008	0.01649839	5.2568	-0.07984875	0.6083248
4.78	-0.910853	-1.02137	0.7021532	0	0.1769372	-0.007868456	5.630849	-0.03404721	0.5837633
4.8	-0.9263933	-1.02137	0.6183085	0	0.1884653	0.01095792	4.98396	0.01175433	0.4759808
4.82	-0.9268546	-1.02137	0.6198866	0	0.1877288	0.0218282	5.027727	-0.01878046	0.5887014
4.84	-0.9768557	-1.08966	0.4041862	0	0.1595984	-0.02092693	5.960611	-0.01878046	0.5860242
4.86	-0.9478808	-1.02137	0.5564047	0	0.2028245	0.03024379	5.507514	-0.003512851	0.7587329
4.88	-0.9082482	-1.02137	0.7698961	0	0.1939625	0.0006736051	5.809626	-0.01878046	0.639797
4.9	-0.94431	-1.02137	0.5706161	0	0.2294525	0.06442013	4.01345	-0.04931482	0.4186763
4.92	-0.8470939	-0.9530802	1.049088	0	0.2069314	0.04834171	4.692735	-0.03404721	0.698842
4.94	-0.8273131	-0.9530802	1.100621	0	0.1746323	-0.004005143	4.072951	0.04228869	0.1915625
4.96	-0.9430659	-1.02137	0.4753576	0	0.1708509	0.04668653	2.829898	0.05755544	0.1514903
4.98	-1.027432	-1.08966	0.08462211	0	0.1520945	0.05477206	4.548793	0.02702108	0.8100919
5	-0.9508036	-1.02137	0.5059751	0	0.1697989	0.02152784	6.329132	0.04228869	1.118989
5.02	-0.9666409	-1.02137	0.4226556	0	0.2394332	0.0772837	4.487337	-0.01878046	0.6359143
5.04	-0.9284673	-1.02137	0.6439011	0	0.2314188	0.07270735	5.039748	-0.01878046	0.8142442
5.06	-0.9227898	-1.02137	0.6811051	0	0.2282425	0.0582339	4.65489	-0.07984875	0.5780424
5.08	-1.032064	-1.08966	0.1495745	0	0.252806	0.1266642	3.4274	-0.03404721	0.5611517
5.1	-0.9620786	-1.02137	0.5414044	0	0.2621907	0.1466888	4.529	0.02702108	1.148238
5.12	-1.034974	-1.08966	0.2057855	0	0.2893664	0.1650246	3.444102	0.07282305	0.7251649
5.14	-0.9795896	-1.08966	0.5637989	0	0.2373738	0.08167587	5.991646	-0.003512851	1.11745
5.16	-0.9649263	-1.08966	0.6752436	0	0.2212097	0.009480271	6.227757	-0.03404721	0.6601781
5.18	-0.9688573	-1.08966	0.6764933	7	0.2145218	0.003487043	40.27073	-0.1103831	9.840296
5.2	-0.7794842	-0.8847904	1.561908	7	0.9319816	0.04864517	44.60012	0.362899	8.264162
5.22	-0.3864124	-0.9530802	3.715212	7	1.226247	-0.1065992	50.86924	15.58427	7.303045
5.24	-0.5880341	-1.08966	2.773984	7	1.694639	0.3371194	40.07039	22.05755	4.999245
5.26	0.9952682	0.3444233	10.46101	7	1.97479	0.6598749	35.26311	20.16442	6.524045
5.28	0.8935065	0.2761335	9.121376	7	2.149643	1.120486	4.664227	7.950686	-0.8127489
5.3	-0.5850512	-1.08966	1.566857	7	1.643901	1.32427	4.626253	9.965952	1.732108
5.32	-1.099763	-1.08966	-0.7586435	7	1.716688	1.669014	18.09542	-13.31649	9.020254
5.34	-1.070269	-1.362819	0.04361069	7	1.714261	1.102374	38.94747	-5.347024	10.75739
5.36	-0.8997489	-1.362819	1.490201	7	1.959048	0.802506	45.52679	7.523204	9.175754
5.38	0.4721925	0.002975464	8.327974	7	2.512197	1.21822	33.32308	19.76748	7.650646
5.4	0.6863707	0.002975464	8.950341	7	2.563249	1.477502	9.639558	15.15679	1.593694
5.42	-0.05440237	-0.3384733	4.771025	7	2.512521	2.253751	-8.881399	11.14152	1.971128
5.44	-0.3094392	-0.4750528	3.426486	7	2.205838	2.333916	-0.6747091	-13.78977	6.79887
5.46	-0.3905541	-0.6799221	3.133107	7	1.907729	1.745588	13.45429	-11.17908	7.666318
5.48	0.4922684	0.3444233	7.199925	7	2.178876	1.823857	10.46403	1.721678	7.276601
5.5	-0.7705768	-1.08966	0.8312526	7	1.998387	1.676548	5.603015	2.332365	3.377322
5.52	0.4452938	0.2761335	6.847598	7	2.079817	1.819459	17.0454	6.103358	9.810186
5.54	0.01433495	0.002975464	4.157904	7	2.499392	2.271897	-6.380544	3.324731	3.36945
5.56	0.4350826	0.002975464	6.232398	7	1.995192	1.833388	8.686026	-1.789773	7.028522
5.58	-0.2200538	0.002975464	2.420338	7	2.487635	2.61146	-12.75893	6.546105	4.196723
5.6	-0.1390858	-0.3384733	3.033074	7	2.055056	2.187364	7.314444	-4.889009	8.878286
5.62	-0.6881593	-0.4067631	0.2004625	7	2.534975	2.678161	-2.860163	-0.5378641	7.324996
5.64	1.000132	0.6175833	8.765702	7	2.237174	1.953116	17.88887	-0.07984875	10.63907
5.66	0.2871772	0.2761335	4.488712	7	2.679312	2.472888	-15.66082	9.202594	1.247142
5.68	0.5327809	0.3444233	5.560669	7	2.267406	2.497606	-5.632025	4.973587	6.891285
5.7	0.8112926	1.23219	6.101478	7	2.815925	3.355762	-27.92549	3.920151	5.26004
5.72	0.4322319	0.002975464	4.212178	7	1.824145	2.144383	-4.991565	-14.32412	5.632972
5.74	0.4606993	0.6858721	3.862292	7	2.08927	2.440682	-9.769679	1.431601	6.252347
5.76	0.5332153	0.2761335	4.165463	7	1.677028	1.726969	5.957659	-5.576032	6.733212
5.78	0.2800698	0.4127131	2.553355	7	2.01299	2.075588	-1.984803	-0.6752688	5.618079
5.8	1.321046	1.300479	7.378251	7	2.136088	2.179962	-0.1242299	1.584273	7.536219
5.82	1.176348	0.9590311	6.086932	7	2.012493	1.964579	-9.328283	-1.499696	2.632991
5.84	0.7398989	0.6858721	3.511585	7	1.836234	2.089165	-9.533186	1.065189	4.155534
5.86	0.1904252	0.3444233	0.6467959	7	1.836246	2.221227	-4.513852	-1.774505	6.558568
5.88	1.199029	1.300479	5.508867	7	2.010365	2.172594	3.503422	-9.698169	9.107462
5.9	1.343392	1.02732	5.905394	7	1.837208	1.599791	1.817951	0.3018307	3.943884
5.92	0.7592781	0.5492926	2.750138	7	1.673622	1.57745	0.5070124	3.645342	3.516083
5.94	-0.04885235	0.3444233	-1.392048	7	2.112835	2.483388	-6.707079	3.614807	6.584115
5.96	1.591064	1.300479	7.058502	7	1.808275	1.65015	20.3775	-5.789772	11.0358
5.98	1.183544	0.9590311	4.540611	7	2.045704	1.582068	-1.374159	-0.446261	1.495162
6	0.923912	0.5492926	3.267954	7	1.632305	1.43735	7.989498	8.347631	4.890526
6.02	0.7403462	1.23219	1.861406	7	2.430398	2.726735	-14.13961	3.70641	5.640251
6.04	1.178333	0.9590311	4.223261	7	1.979726	2.106855	3.952375	-12.53786	8.057684
6.06	1.475934	1.573638	5.240342	7	2.304981	2.368956	-9.896529	1.156792	4.866146
6.08	2.615255	2.188245	10.43123	7	1.851412	1.767138	-4.14107	2.286563	4.441764
6.1	1.691317	1.846797	4.713417	7	2.062122	2.463093	-34.30406	-0.8126734	-1.135717
6.12	2.918497	2.597983	10.27423	7	1.248326	1.727826	-9.542467	-2.049314	5.623123
6.14	3.075301	3.144301	9.537442	7	1.381333	1.795344	-31.65627	-13.28596	-1.280694
6.16	3.202585	2.666272	9.23592	7	0.3245934	0.6793527	-11.82047	-12.88901	0.08807373
6.18	2.529849	3.21259	4.20515	7	1.022031	1.978279	-40.29379	-7.056948	-0.9698544
6.2	2.074391	2.461404	1.340388	7	0.713914	1.912263	-21.82933	-23.19435	4.970011
6.22	4.120862	4.168647	10.72226	7	0.6243342	1.079452	-2.230628	-10.93481	6.716468
6.24	3.91574	3.554038	8.415923	7	0.3491957	0.2833183	-13.44506	-0.6294672	-3.646233
6.26	3.152318	3.144301	3.589183	7	0.1543451	0.5722885	-14.84354	15.26366	-1.249569
6.28	3.388312	3.827197	3.824476	7	0.4924568	1.199234	-14.88909	-2.095116	3.252513
6.3	4.154538	4.441804	6.654392	7	0.7199535	1.297851	-16.87047	-18.36992	2.831868
6.32	4.453266	3.895488	7.49944	7	-0.1070288	-0.116773	1.673149	1.156792	-0.08096886
6.34	3.995354	4.510095	3.779603	7	0.6482995	1.165426	-28.59831	3.996487	-2.087768
6.36	5.227558	5.124701	9.08392	7	0.1909061	0.7168457	-10.8053	-3.866108	2.72132
6.38	5.484552	5.739308	8.665871	7	0.5091927	1.076965	-36.08109	-7.560765	-3.619835
6.4	5.50185	5.397861	7.519063	7	-0.1489421	0.6320223	-28.65331	-1.545498	-2.433337
6.42	4.644748	4.783254	2.201703	7	-0.5029881	0.3247595	-22.32279	-5.408092	-2.094401
6.44	6.43084	6.695365	9.845253	7	-0.3564686	0.3036284	-12.55931	-14.72107	2.497129
6.46	6.170256	6.012467	7.087255	7	-0.6189039	-0.3265808	-21.20015	-15.17908	-5.777062
6.48	5.599567	5.739308	3.075168	7	-0.7951957	-0.1286138	-19.50326	9.309464	-3.100379
6.5	6.267176	6.695365	5.21693	7	-0.5192029	0.2546369	-17.90449	-1.163818	0.4218798
6.52	7.154666	7.309972	8.27914	7	-0.4653029	0.08670501	-21.40348	-11.60657	-2.024667
6.54	6.89114	6.968522	5.5733	7	-0.6558861	-0.0222845	-28.88845	-11.78977	-5.224851
6.56	6.414747	6.695365	2.136569	7	-0.8370832	0.07019559	-24.72715	4.286563	-2.622688
6.58	8.319996	8.470897	10.35801	7	-0.8614989	-0.2488251	-14.25607	-3.805039	0.2470293
6.6	7.196388	7.241681	3.271899	7	-1.012599	-0.495586	-31.19281	-5.072215	-8.662048
6.62	5.998342	6.080756	-3.07033	7	-1.61964	-0.8499447	-4.544602	-5.301222	-1.334748
6.64	6.46547	7.036813	-1.128082	7	-1.030014	-0.5373561	6.840984	2.836181	3.456829
6.66	7.43053	7.583131	3.22092	7	-0.6109997	-0.6630324	7.761986	-4.980612	1.02018
6.68	6.970566	6.763654	0.5932457	7	-0.6939116	-0.9536145	4.645267	-9.102749	-3.346025
6.7	7.738602	7.309972	4.226211	7	-1.005813	-1.451691	18.85164	14.88198	-0.7228851
6.72	7.314551	7.309972	1.38255	7	-0.5974441	-0.8992383	-2.225638	16.16442	-5.05867
6.74	7.134028	7.309972	0.08060157	7	-0.4236638	-0.2100602	-6.355171	2.317098	-1.409389
6.76	7.183592	7.241681	0.1734508	7	-0.4728698	-0.2984411	-0.1432617	-7.270688	-0.01509094
6.78	6.013082	6.012467	-5.376057	7	-0.6218709	-0.592374	8.59291	-12.24779	-0.4441872
6.8	7.275053	6.968522	1.440428	7	-0.7734175	-1.308758	36.41505	-2.278322	4.653983
6.82	7.074886	6.968522	0.2026981	7	-0.1675466	-0.9538732	12.7622	6.943051	-3.221756
6.84	7.455071	7.036813	2.195629	7	-0.3624485	-0.9607193	17.02704	4.866715	-0.8661385
6.86	7.205341	6.968522	0.7785754	7	-0.2912826	-0.7818687	7.158713	16.25603	-3.03048
6.88	7.106719	6.968522	0.2357377	7	-0.310109	-0.5501634	6.270326	4.194959	-1.213555
6.9	7.143592	7.036813	0.3832353	7	-0.3033346	-0.512013	6.788193	-4.919543	-0.6558275
6.92	7.17037	7.036813	0.4802914	7	-0.3165169	-0.5545672	7.202523	-9.240154	-0.8332834
6.94	7.462068	7.036813	1.993675	7	-0.6363307	-1.122629	16.87825	0.2560288	-0.9598885
6.96	7.139549	7.036813	0.1233517	7	-0.4205262	-0.8014616	5.757534	-0.3546584	-2.936074
6.98	7.220175	7.036813	0.5243316	7	-0.5129373	-0.7761134	10.7542	0.1949605	-0.614418
7	7.11207	7.036813	-0.1092559	7	-0.3908466	-0.6558954	7.530743	-1.408093	-1.256663
7.02	7.233195	7.036813	0.5321678	7	-0.4632927	-0.7771723	11.97201	0.4239677	-0.4883747
7.04	7.085345	6.968522	-0.2479812	7	-0.3717225	-0.6938155	8.907132	-0.09511635	-1.327381
7.06	7.164031	7.036813	0.1739545	7	-0.3418618	-0.6287146	10.15537	0.6071739	-0.4140244
7.08	7.217708	7.036813	0.4554434	7	-0.3456956	-0.6934339	10.43532	-0.4767954	-0.8734379
7.1	7.11525	6.968522	-0.05761504	7	-0.3166853	-0.6344619	8.725352	0.2102272	-1.160008
7.12	7.120146	6.968522	0.01931131	7	-0.325116	-0.6233974	10.05299	-0.1561846	-0.5720434
7.14	7.085126	6.968522	-0.1276969	7	-0.268315	-0.5627018	8.926476	-0.1256507	-0.6967173
7.16	7.087105	6.968522	-0.06681043	7	-0.2348707	-0.5115358	8.730992	0.2254948	-0.4827204
7.18	7.243627	7.036813	0.7698635	7	-0.290432	-0.6367873	10.81436	-0.04931482	-0.5140495
7.2	7.134915	6.968522	0.2017002	7	-0.2715237	-0.6074477	7.836699	0.04228869	-1.427584
7.22	7.14744	6.968522	0.30022	7	-0.3239999	-0.6224515	9.49577	-0.03404721	-0.7347965
7.24	7.147304	6.968522	0.3137077	7	-0.3426253	-0.6722499	9.968527	-0.1714523	-0.908143
7.26	7.074631	6.968522	-0.06635076	7	-0.273361	-0.5518971	7.748686	0.04228869	-0.942811
7.28	7.161491	7.036813	0.3816416	7	-0.258669	-0.5174515	8.281462	-0.01878046	-0.4589777
7.3	7.114769	6.968522	0.1557418	7	-0.2666427	-0.5433322	7.734204	-0.1103831	-0.9173708
7.32	7.176465	7.036813	0.4630139	7	-0.2686766	-0.5350803	7.961343	0.05755544	-0.6695185
7.34	7.217995	7.036813	0.6559988	7	-0.3120683	-0.6111078	8.371767	-0.03404721	-0.9824419
7.36	7.273232	7.105102	0.8636699	7	-0.3256618	-0.6194268	7.475672	-0.03404721	-1.202453
7.38	7.106987	6.968522	-0.01312017	7	-0.3452582	-0.5890559	6.371368	0.1186246	-1.385362
7.4	7.101177	6.968522	-0.01203072	7	-0.3783659	-0.6132543	9.165133	-0.1256507	-0.4887419
7.42	7.082839	6.968522	-0.08865219	7	-0.3351203	-0.6107646	9.351021	-0.03404721	-0.6172018
7.44	7.276614	7.105102	0.8797911	7	-0.3315557	-0.6628748	10.51203	0.07282305	-0.5390291
7.46	7.258147	7.105102	0.6949759	7	-0.2887837	-0.6079032	6.758887	-0.1256507	-1.54329
7.48	7.130614	6.968522	0.0489015	7	-0.3498215	-0.6020085	7.238132	-0.03404721	-1.204788
7.5	7.090628	6.968522	-0.1268826	7	-0.35593	-0.5978785	8.786945	-0.003512851	-0.605547
7.52	7.153919	7.036813	0.2000411	7	-0.3156715	-0.5896071	9.23136	0.02702108	-0.4994526
7.54	7.20087	7.036813	0.4393705	7	-0.3180344	-0.6330924	9.366619	-0.003512851	-0.8312569
7.56	7.148701	6.968522	0.1911857	7	-0.3445596	-0.6693437	9.450558	0.04228869	-1.071726
7.58	7.197882	7.036813	0.434521	7	-0.3388523	-0.6560693	9.626739	-0.1103831	-0.8332052
7.6	7.120382	6.968522	0.04556817	7	-0.3294552	-0.6360783	8.770213	0.01175433	-1.079992
7.62	7.10668	6.968522	0.007555008	7	-0.3209478	-0.6071299	9.392519	-0.03404721	-0.6570892
7.64	7.14256	6.968522	0.2326401	7	-0.3376384	-0.6669637	10.74847	-0.06458157	-0.6390495
7.66	7.112142	6.968522	0.0891068	7	-0.2942396	-0.6209544	9.360959	-0.04931482	-0.9137506
7.68	7.141728	6.968522	0.2764767	7	-0.3096102	-0.6361473	10.17206	-0.01878046	-0.6985874
7.7	7.123105	6.968522	0.1937985	7	-0.2884769	-0.612053	9.203943	-0.003512851	-0.9124098
7.72	7.137399	6.968522	0.2913957	7	-0.3014789	-0.6193168	9.590003	0.05755544	-0.7798481
7.74	7.19302	7.036813	0.5534214	7	-0.2841612	-0.5987019	8.722446	-0.07984875	-0.8889256
7.76	7.21469	7.036813	0.6343148	7	-0.3089435	-0.6186181	8.238414	-0.06458157	-1.107203
7.78	7.211081	7.036813	0.5774828	7	-0.3405482	-0.6357547	8.009659	-0.01878046	-1.175798
7.8	7.221596	7.036813	0.5965686	7	-0.3887939	-0.6891715	8.834669	-0.03404721	-1.125208
7.82	7.091333	6.968522	-0.09358346	7	-0.3635454	-0.627033	7.618975	-0.03404721	-1.199547
7.84	7.049982	6.900233	-0.2358651	7	-0.3985139	-0.6727889	10.71572	0.04228869	-0.4713907
7.86	7.085707	6.968522	-0.02747929	7	-0.3256306	-0.6394442	10.6746	0.05755544	-0.4643421
7.88	7.175996	7.036813	0.4301246	7	-0.2685891	-0.597055	9.655405	0.0880898	-0.6464024
7.9	7.266464	7.105102	0.8414496	7	-0.2487392	-0.5671787	7.789808	-0.01878046	-1.036832
7.92	7.213149	7.036813	0.5338551	7	-0.2936814	-0.5771208	6.686708	-0.03404721	-1.361583
7.94	7.085822	6.968522	-0.1177933	7	-0.3057396	-0.5229096	6.322415	-0.06458157	-1.027132
7.96	7.09397	6.968522	-0.03238487	7	-0.3316329	-0.5617363	8.870541	-0.1409175	-0.3764782
7.98	7.102135	6.968522	0.03998876	7	-0.314543	-0.6007997	9.547718	-0.03404721	-0.5712156
8	7.178504	7.036813	0.4260715	7	-0.2833783	-0.5899285	9.20808	0.07282305	-0.6623297
8.02	7.183921	7.036813	0.4306003	7	-0.2662584	-0.5625206	7.706134	-0.003512851	-1.019093
8.04	7.207292	7.036813	0.5375179	7	-0.3048951	-0.5903301	8.049409	-0.003512851	-0.9568586
8.06	7.217763	7.036813	0.5671408	7	-0.3486018	-0.6473347	8.485855	-0.06458157	-1.087158
8.08	7.075791	6.968522	-0.1756557	7	-0.3137652	-0.5579436	6.730475	0.02702108	-1.150168
8.1	7.107821	6.968522	0.03807741	7	-0.3463545	-0.5972851	9.681855	0.01175433	-0.3420429
8.12	7.072429	6.968522	-0.1268134	7	-0.2813517	-0.5577198	8.594837	-0.09511635	-0.680294
8.14	7.191149	7.036813	0.4980879	7	-0.2826405	-0.5840136	9.70283	-0.06458157	-0.4533901
8.16	7.128373	6.968522	0.1838133	7	-0.2780876	-0.5919496	8.274329	-0.03404721	-1.110293
8.18	7.191267	7.036813	0.5003031	7	-0.2863616	-0.5751065	8.566809	-0.01878046	-0.7347488
8.2	7.199557	7.036813	0.5166113	7	-0.2989064	-0.593825	7.902915	0.02702108	-1.059986
8.22	7.090608	6.968522	-0.04465252	7	-0.2904251	-0.5364599	6.802756	0.05755544	-1.054069
8.24	7.104692	6.968522	0.06703645	7	-0.3172752	-0.5645719	8.911851	-0.03404721	-0.454833
8.26	7.226434	7.105102	0.6443066	7	-0.2679845	-0.5458307	8.045532	0.05755544	-0.6560783
8.28	7.136846	6.968522	0.1908916	7	-0.3070377	-0.5916282	7.633568	-0.04931482	-1.182441
8.3	7.113024	6.968522	0.09132671	7	-0.3270555	-0.5930165	8.69931	-0.1409175	-0.7264032
8.32	7.081557	6.968522	-0.05373967	7	-0.2910351	-0.5543375	8.362753	-0.01878046	-0.6763916
8.34	7.242828	7.105102	0.7431033	7	-0.270001	-0.5529581	8.649023	-0.04931482	-0.5087833
8.36	7.135479	6.968522	0.1899856	7	-0.2954797	-0.589026	7.374852	0.04228869	-1.303329
8.38	7.211908	7.036813	0.5794127	7	-0.3447062	-0.6323451	9.262518	-0.003512851	-0.7099171
8.4	7.102951	6.968522	0.007689416	7	-0.3225248	-0.604698	7.69585	-0.04931482	-1.186537
8.42	7.16041	6.968522	0.3451297	7	-0.3918601	-0.7021433	11.08087	0.0880898	-0.5557594
8.44	7.110617	6.968522	0.08185154	7	-0.3400293	-0.6698888	9.533712	-0.04931482	-1.042932
8.46	7.170744	7.036813	0.3753648	7	-0.3009824	-0.5999403	9.06048	-0.01878046	-0.7073851
8.48	7.154009	7.036813	0.2607867	7	-0.2547588	-0.5242428	7.025409	-0.03404721	-0.9686956
8.5	7.196529	7.036813	0.4786255	7	-0.2952801	-0.561606	8.032557	-0.03404721	-0.7619076
8.52	7.174973	7.036813	0.3409064	7	-0.2932172	-0.5572956	7.147069	-0.003512851	-1.028218
8.54	7.153506	7.036813	0.2111117	7	-0.2860003	-0.5172826	6.721696	-0.09511635	-0.8595028
8.56	7.177221	7.036813	0.3300056	7	-0.3128417	-0.557901	7.813824	-0.03404721	-0.7170248
8.58	7.072618	6.968522	-0.1963776	7	-0.2879679	-0.5208483	6.952347	0.05755544	-0.8890409
8.6	7.101164	6.968522	0.004901111	7	-0.3090035	-0.559255	9.304249	0.01175433	-0.3287668
8.62	7.115858	6.968522	0.1156517	7	-0.2981075	-0.6036614	9.726164	0.02702108	-0.623641
8.64	7.126086	6.968522	0.1971413	7	-0.2892593	-0.6095981	9.657031	-0.003512851	-0.7401562
8.66	7.188581	7.036813	0.505541	7	-0.2664132	-0.5804082	8.778137	-0.03404721	-0.8073568
8.68	7.127506	6.968522	0.200523	7	-0.2789343	-0.5735121	7.902112	0.04228869	-1.066488
8.7	7.179595	7.036813	0.4557923	7	-0.281634	-0.5529859	8.065421	0.01175433	-0.7284479
8.72	7.107385	6.968522	0.08998317	7	-0.2867025	-0.5513361	7.428887	-0.03404721	-0.9885178
8.74	7.17306	7.036813	0.4200042	7	-0.2916558	-0.5503719	8.219894	0.01175433	-0.6019516
8.76	7.187272	7.036813	0.4670496	7	-0.297339	-0.5768325	7.759061	0.05755544	-0.9631233
8.78	7.022882	6.900233	-0.3426548	7	-0.300541	-0.543829	7.259406	-0.003512851	-0.9953089
8.8	7.067681	6.968522	-0.06844693	7	-0.2762477	-0.508306	8.862546	-0.04931482	-0.1743927
8.82	7.253713	7.105102	0.8561993	7	-0.2554674	-0.5579867	9.003351	-0.03404721	-0.5004263
8.84	7.215906	7.036813	0.6187785	7	-0.2771612	-0.5871794	7.007056	0.05755544	-1.412695
8.86	7.208141	7.036813	0.5493389	7	-0.330722	-0.5990943	7.433777	0.05755544	-1.103603
8.88	7.099783	6.968522	-0.01423663	7	-0.3418772	-0.5854239	7.242438	-0.03404721	-1.072709
8.9	7.196184	7.036813	0.4806357	7	-0.376691	-0.6527597	9.873268	-0.07984875	-0.5181961
8.92	7.184232	7.036813	0.3777164	7	-0.3476809	-0.656233	8.584407	-0.03404721	-1.128824
8.94	7.012226	6.900233	-0.4702678	7	-0.3244527	-0.5769477	7.846849	-0.003512851	-0.9743652
8.96	7.177875	7.036813	0.4099849	7	-0.3261454	-0.6084893	10.73115	-0.03404721	-0.1002598
8.98	7.328862	7.173392	1.089834	7	-0.2704178	-0.6071913	8.112394	-0.003512851	-1.084867
9	7.217834	7.036813	0.473471	7	-0.3165547	-0.604919	6.268648	0.07282305	-1.641115
9.02	7.162939	7.036813	0.1692822	7	-0.339657	-0.5581117	6.670712	-0.1256507	-0.9747
9.04	7.087831	6.968522	-0.1888423	7	-0.3556366	-0.5812467	8.082561	0.04228869	-0.7065983
9.06	7.148812	7.036813	0.1338375	7	-0.3249522	-0.5816482	9.14539	-0.09511635	-0.4186258
9.08	7.077567	6.968522	-0.2050021	7	-0.2793662	-0.5468312	8.127026	0.04228869	-0.7746849
9.1	7.191428	7.036813	0.410575	7	-0.2926461	-0.5860856	9.871193	0.01175433	-0.3821516
9.12	7.122852	6.968522	0.07768124	7	-0.2807071	-0.5948002	8.508651	-0.1103831	-1.057531
9.14	7.193606	7.036813	0.4489152	7	-0.2883878	-0.5856369	9.065769	0.05755544	-0.6627169
9.16	7.182457	7.036813	0.3709012	7	-0.2739728	-0.5654813	7.601986	-0.06458157	-1.049781
9.18	7.211306	7.036813	0.514197	7	-0.3201051	-0.6078107	8.443726	-0.03404721	-0.9086647
9.2	7.259162	7.105102	0.6990415	7	-0.3193303	-0.6053483	7.56951	0.07282305	-1.096734
9.22	7.139021	6.968522	0.08654326	7	-0.3732357	-0.6485251	7.951945	-0.06458157	-1.251994
9.24	7.185287	7.036813	0.3187566	7	-0.3849771	-0.6637051	9.593384	-0.07984875	-0.6808825
9.26	7.12789	7.036813	-0.01017377	7	-0.3030857	-0.5621856	7.269053	0.01175433	-0.9868574
9.28	7.164781	7.036813	0.1934655	7	-0.3071011	-0.5569862	8.405073	-0.01878046	-0.5528746
9.3	7.140614	7.036813	0.06315351	7	-0.2627362	-0.5111363	7.133346	-0.03404721	-0.801136
9.32	7.167711	7.036813	0.2194907	7	-0.2726597	-0.5207815	7.824028	0.01175433	-0.6089478
9.34	7.110075	6.968522	-0.03688347	7	-0.2890151	-0.5552229	8.177186	-0.03404721	-0.7906942
9.36	7.192701	7.036813	0.4056651	7	-0.3031881	-0.5952237	9.449197	0.04228869	-0.549758
9.38	7.180026	7.036813	0.3229432	7	-0.2793057	-0.5772017	7.878304	-0.03404721	-1.037971
9.4	7.304313	7.105102	0.9330521	7	-0.3385057	-0.654516	9.226738	-0.07984875	-0.8848333
9.42	7.103961	6.968522	-0.1177987	7	-0.3222953	-0.5968066	6.450825	-0.03404721	-1.559808
9.44	7.225282	7.105102	0.4855831	7	-0.3248674	-0.5556201	8.258727	-0.01878046	-0.4094067
9.46	7.092143	6.968522	-0.1868784	7	-0.3148637	-0.5692704	7.269674	-0.01878046	-1.08704
9.48	7.170505	7.036813	0.2394003	7	-0.3242651	-0.5825878	9.317425	-0.03404721	-0.3809175
9.5	7.064564	6.968522	-0.2864677	7	-0.2617535	-0.5196641	7.352875	-0.003512851	-0.8869677
9.52	7.092987	6.968522	-0.07183844	7	-0.266898	-0.5200346	9.133499	-0.03404721	-0.2675362
9.54	7.075821	6.968522	-0.1164607	7	-0.2169828	-0.4873316	8.183538	-0.03404721	-0.5425272
9.56	7.184362	7.036813	0.4673805	7	-0.2194105	-0.5066819	8.718585	-0.003512851	-0.4349766
9.58	7.12846	6.968522	0.2024066	7	-0.2344314	-0.5293311	7.576883	-0.03404721	-1.02257
9.6	7.20379	7.036813	0.5909684	7	-0.2697288	-0.5546093	8.367234	-0.06458157	-0.7081957
9.62	7.118378	6.968522	0.1521733	7	-0.2807564	-0.5578064	7.270344	0.01175433	-1.129396
9.64	7.124792	6.968522	0.2125559	7	-0.3191687	-0.588658	8.903749	-0.06458157	-0.6527033
9.66	7.171616	7.036813	0.4279481	7	-0.2926537	-0.5772722	8.333518	0.01175433	-0.7869644
9.68	7.135701	6.968522	0.2528052	7	-0.3223841	-0.6165113	8.632801	-0.003512851	-0.9723415
9.7	7.116634	6.968522	0.1648312	7	-0.3248213	-0.6127595	8.938478	-0.003512851	-0.8182735
9.72	7.081358	6.968522	-0.009481847	7	-0.2826827	-0.549308	8.12811	-0.03404721	-0.7445459
9.74	7.099051	6.968522	0.1108068	7	-0.2750275	-0.5437573	8.753064	0.02702108	-0.5278797
9.76	7.10043	6.968522	0.1384576	7	-0.256023	-0.5360326	8.42048	-0.07984875	-0.6651945
9.78	7.145086	6.968522	0.3976068	7	-0.2912596	-0.6011975	9.581165	-0.01878046	-0.6680822
9.8	7.118628	6.968522	0.2594557	7	-0.274955	-0.5809168	8.365172	-0.04931482	-0.9730206
9.82	7.145122	6.968522	0.4111297	7	-0.3110527	-0.6175283	9.355836	-0.01878046	-0.779665
9.84	7.122512	6.968522	0.2875041	7	-0.3031441	-0.6075981	8.61333	-0.07984875	-0.9757633
9.86	7.101794	6.968522	0.1795672	7	-0.2875907	-0.5625187	8.13162	-0.01878046	-0.8213549
9.88	7.216492	7.036813	0.7529593	7	-0.3225419	-0.6299917	9.51147	-0.07984875	-0.6914616
9.9	7.147729	6.968522	0.3755724	7	-0.3403739	-0.6617194	8.440594	0.01175433	-1.32462
9.92	7.183684	7.036813	0.5185698	7	-0.3355136	-0.6177051	8.325912	-0.01878046	-0.9164181
9.94	7.164968	7.036813	0.3726255	7	-0.3143324	-0.5755761	7.139523	-0.1256507	-1.060423
9.96	7.111591	6.968522	0.1041681	7	-0.342366	-0.5936571	8.02773	-0.06458157	-0.8722839
9.98	7.111886	6.968522	0.1227467	7	-0.3519236	-0.6267856	9.382471	-0.1103831	-0.6552105
10	7.105217	6.968522	0.09944844	7	-0.3268556	-0.6229627	9.420483	-0.04931482	-0.733429
10.02	7.151814	7.036813	0.3165909	7	-0.2686565	-0.5494567	8.215532	0.01175433	-0.705267
10.04	7.094032	6.968522	0.03331769	7	-0.255822	-0.5152609	7.346917	0.02702108	-0.8566113
10.06	7.186781	7.036813	0.513804	7	-0.276683	-0.5463663	8.548235	-0.03404721	-0.5344296
10.08	7.175262	7.036813	0.4208025	7	-0.2626185	-0.5368678	6.942086	-0.06458157	-1.06115
10.1	7.11538	6.968522	0.1271996	7	-0.2989503	-0.548425	7.434683	-0.003512851	-0.9022617
10.12	7.166203	7.036813	0.3750787	7	-0.2966347	-0.5489917	7.987635	-0.01878046	-0.6416368
10.14	7.103136	6.968522	0.05878133	7	-0.2987213	-0.5598902	7.698053	-0.06458157	-0.911932
10.16	7.190292	7.036813	0.503279	7	-0.3169461	-0.5959549	9.071174	-0.04931482	-0.5885477
10.18	7.137634	6.968522	0.2349109	7	-0.3347622	-0.6436104	8.809975	-0.03404721	-1.089568
10.2	7.126856	6.968522	0.1930565	7	-0.3452759	-0.6454991	9.495712	-0.07984875	-0.8184061
10.22	7.141815	7.036813	0.2376609	7	-0.2755672	-0.5475701	7.75921	-0.06458157	-0.8077621
10.24	7.109304	6.968522	0.09377807	7	-0.2887006	-0.5532073	8.119645	0.01175433	-0.7668314
10.26	7.178485	7.036813	0.4428822	7	-0.2858338	-0.5627653	8.524994	-0.03404721	-0.6396122
10.28	7.208804	7.036813	0.57727	7	-0.3087618	-0.6117374	8.397023	0.01175433	-0.9998512
10.3	7.190823	7.036813	0.4487396	7	-0.3158925	-0.5985249	7.545142	-0.06458157	-1.134445
10.32	7.203537	7.036813	0.4909148	7	-0.3542006	-0.6328541	8.335514	-0.003512851	-0.9802256
10.34	7.09909	6.968522	-0.05016828	7	-0.3472453	-0.6093166	7.803757	-0.04931482	-1.070681
10.36	7.137432	7.036813	0.1387085	7	-0.3083546	-0.5474924	8.166332	-0.01878046	-0.5185137
10.38	7.258151	7.105102	0.7237775	7	-0.310702	-0.5980967	8.645614	-0.04931482	-0.7147436
10.4	7.18252	7.036813	0.2979351	7	-0.3070718	-0.5843297	6.821661	0.01175433	-1.316784
10.42	7.117166	6.968522	-0.008653879	7	-0.3512981	-0.6017357	8.329441	-0.003512851	-0.8260651
10.44	7.143628	7.036813	0.1219904	7	-0.3099655	-0.5636966	8.358914	-0.01878046	-0.5973463
10.46	7.07416	6.968522	-0.2061579	7	-0.2760406	-0.5252522	7.770278	-0.04931482	-0.7202091
10.48	7.21059	7.105102	0.4802833	7	-0.2345323	-0.4815634	7.823112	-0.06458157	-0.3596687
10.5	7.082869	6.968522	-0.1550272	7	-0.2215139	-0.4599033	5.994053	-0.03404721	-1.027737
10.52	7.146255	6.968522	0.2460037	7	-0.3106076	-0.5782224	9.845434	-0.01878046	-0.3159275
10.54	7.109342	6.968522	0.07351422	7	-0.282443	-0.5884749	8.796018	-0.03404721	-0.881609
10.56	7.268301	7.105102	0.8587297	7	-0.2809321	-0.5910103	9.057663	-0.003512851	-0.6554298
10.58	7.214888	7.036813	0.5428021	7	-0.3022487	-0.6121634	7.225514	0.02702108	-1.440846
10.6	7.192379	7.036813	0.4012066	7	-0.3359973	-0.5969363	7.447042	-0.03404721	-1.062345
10.62	7.105481	6.968522	-0.03590763	7	-0.3541892	-0.6055163	7.987541	-0.03404721	-0.9472027
10.64	7.106238	6.968522	0.001149535	7	-0.3607127	-0.6325353	9.772991	-0.03404721	-0.5469542
10.66	7.247489	7.105102	0.6858938	7	-0.3184487	-0.6320567	9.555485	-0.09511635	-0.6584749
10.68	7.10847	6.968522	-0.03342319	7	-0.2985863	-0.5886962	7.297397	-0.003512851	-1.319055
10.7	7.173428	7.036813	0.3111373	7	-0.3093565	-0.5677742	8.739746	-0.06458157	-0.5109663
10.72	7.085794	6.968522	-0.1235083	7	-0.2800518	-0.5427794	7.579437	0.04228869	-0.9128332
10.74	7.162425	7.036813	0.28562	7	-0.2723995	-0.5292896	8.53756	-0.01878046	-0.4261694
10.76	7.214056	7.036813	0.550609	7	-0.3020572	-0.6125869	8.968115	0.04228869	-0.8641052
10.78	7.124762	6.968522	0.09849733	7	-0.3101054	-0.6049292	8.042857	-0.09511635	-1.147639
10.8	7.12745	6.968522	0.1464019	7	-0.3378937	-0.6257993	9.595432	0.04228869	-0.6636953
10.82	7.169949	7.036813	0.347574	7	-0.2975139	-0.5956255	8.801582	-0.04931482	-0.7784653
10.84	7.20098	7.036813	0.4928604	7	-0.3074613	-0.6112341	8.618406	-0.1103831	-0.9351149
10.86	7.213198	7.036813	0.5340773	7	-0.3350363	-0.642232	8.604544	-0.09511635	-1.073632
10.88	7.193576	7.036813	0.4017028	7	-0.342464	-0.6321575	8.080049	-0.01878046	-1.123557
10.9	7.101518	6.968522	-0.06349397	7	-0.3438765	-0.6045406	8.023808	-0.01878046	-0.9796438
10.92	7.163252	7.036813	0.2549176	7	-0.3289393	-0.5940816	9.080406	-0.003512851	-0.5218105
10.94	7.07255	6.968522	-0.1980534	7	-0.2784961	-0.5381881	7.580198	-0.09511635	-0.8782768
10.96	7.091419	6.968522	-0.04640919	7	-0.2765261	-0.5312753	8.991727	0.04228869	-0.35495
10.98	7.107364	6.968522	0.07880425	7	-0.2626104	-0.5559168	9.233705	-0.09511635	-0.5537701
11	7.054934	6.900233	-0.1194435	7	-0.2689435	-0.5764292	9.552971	-0.04931482	-0.6734304
11.02	7.208811	7.036813	0.682232	7	-0.2676701	-0.6031067	10.31408	0.01175433	-0.4777222
11.04	7.231836	7.036813	0.7639302	7	-0.2782957	-0.6315701	8.481062	0.01175433	-1.291397
11.06	7.224081	7.036813	0.6821005	7	-0.3184203	-0.6267632	7.740158	-0.01878046	-1.297314
11.08	7.13652	6.968522	0.221872	7	-0.3621187	-0.639753	7.957263	-0.03404721	-1.201039
11.1	7.116507	6.968522	0.126625	7	-0.3786992	-0.6535174	9.325365	-0.04931482	-0.77281
11.12	7.0881	6.968522	-0.01545072	7	-0.3368772	-0.6174743	9.091804	0.01175433	-0.7443743
11.14	7.094341	6.968522	0.03873283	7	-0.3058712	-0.5899241	9.321982	0.02702108	-0.5867357
11.16	7.185945	7.036813	0.5026304	7	-0.2862543	-0.5946482	9.339795	0.02702108	-0.6390944
11.18	7.153125	6.968522	0.3433204	7	-0.3148107	-0.6419896	9.068983	-0.04931482	-1.090429
11.2	7.34503	7.173392	1.237364	7	-0.3079885	-0.6265587	8.493391	0.05755544	-0.9251604
11.22	7.126868	6.968522	0.0768733	7	-0.3297157	-0.6026787	5.762749	-0.1256507	-1.79251
11.24	7.090628	6.968522	-0.08211547	7	-0.3642534	-0.5763077	8.244602	-0.03404721	-0.5486536
11.26	7.076597	6.968522	-0.1290726	7	-0.3328708	-0.5863054	9.080786	-0.3241236	-0.5078173
11.28	7.064243	6.968522	-0.1632271	7	-0.2707058	-0.53168	8.649577	0.1338913	-0.4888563
11.3	7.208037	7.036813	0.5978571	7	-0.2887952	-0.6060551	10.29606	-0.1409175	-0.4171152
11.32	7.194447	7.036813	0.4928312	7	-0.2613002	-0.5845953	7.715382	-0.03404721	-1.232783
11.34	7.136343	6.968522	0.2108849	7	-0.3055976	-0.5863452	8.009072	0.01175433	-1.014975
11.36	7.241745	7.105102	0.7022126	7	-0.2917627	-0.5612189	7.800656	-0.04931482	-0.757226
11.38	7.200764	7.036813	0.4571522	7	-0.323018	-0.5992179	7.179536	0.103357	-1.237047
11.4	7.27851	7.105102	0.8029316	7	-0.3682104	-0.6461698	8.230834	-0.1409175	-0.9837341
11.42	7.098679	6.968522	-0.1412617	7	-0.3657495	-0.6186528	6.848906	-0.03404721	-1.39133
11.44	7.064957	6.968522	-0.2784999	7	-0.3520643	-0.5687379	8.663735	0.01175433	-0.4116497
11.46	7.211051	7.105102	0.4498805	7	-0.2935651	-0.5602395	9.001595	-0.01878046	-0.3503656
11.48	7.116262	6.968522	-0.01577616	7	-0.2935891	-0.5837616	8.012407	0.05755544	-1.071561
11.5	7.124611	6.968522	0.07808435	7	-0.3203087	-0.6073222	9.71048	-0.01878046	-0.566247
11.52	7.099667	6.968522	-0.02048922	7	-0.2852948	-0.5838326	9.112284	-0.003512851	-0.7280178
11.54	7.115924	6.968522	0.1063074	7	-0.2786641	-0.5808858	9.541131	0.04228869	-0.590414
11.56	7.088573	6.968522	-0.007654786	7	-0.2333966	-0.5190499	8.1992	-0.03404721	-0.7215662
11.58	7.132707	6.968522	0.2683847	7	-0.2613809	-0.5592887	9.388668	-0.1103831	-0.5334473
11.6	7.182616	7.036813	0.5081522	7	-0.2368011	-0.5391579	8.011369	-0.003512851	-0.8498602
11.62	7.19108	7.036813	0.5277315	7	-0.25007	-0.5268921	7.000558	-0.06458157	-1.019691
11.64	7.139801	6.968522	0.2764422	7	-0.3112018	-0.5800135	7.777199	-0.04931482	-1.000382
11.66	7.11074	6.968522	0.1363232	7	-0.3244284	-0.5898845	8.403574	-0.01878046	-0.7990036
11.68	7.08029	6.968522	-0.01167381	7	-0.2917024	-0.547339	8.095479	-0.07984875	-0.6914158
11.7	7.074202	6.968522	-0.02064157	7	-0.2578957	-0.5054045	8.01123	-0.04931482	-0.5249538
11.72	7.155726	6.968522	0.4423645	7	-0.3128351	-0.6266044	10.42761	-0.03404721	-0.5006275
11.74	7.173223	6.968522	0.535151	7	-0.3386881	-0.705933	10.40798	-0.06458157	-1.062248
11.76	7.180205	7.036813	0.5158542	7	-0.2905571	-0.6060315	7.982137	-0.09511635	-1.155558
11.78	7.213095	7.036813	0.6524832	7	-0.3276064	-0.6220404	8.255098	0.02702108	-1.030051
11.8	7.225873	7.105102	0.6273253	7	-0.2920714	-0.5443525	6.034969	-0.06458157	-1.190733
11.82	7.146482	7.036813	0.1778478	7	-0.299872	-0.4972726	5.316617	-0.04931482	-1.080469
11.84	7.160155	7.036813	0.240782	7	-0.3362891	-0.5397793	7.258044	-0.01878046	-0.6211138
11.86	7.080323	6.968522	-0.155445	7	-0.330559	-0.5605546	7.65833	-0.01878046	-0.7807827
11.88	7.077325	6.968522	-0.1322587	7	-0.3119488	-0.5556935	8.913432	0.01175433	-0.4085188
11.9	7.011213	6.900233	-0.4003839	7	-0.2783959	-0.5473114	9.241344	0.01175433	-0.476119
11.92	7.068662	6.968522	-0.05313355	7	-0.2152737	-0.4889858	9.200123	-0.09511635	-0.205616
11.94	7.192601	7.036813	0.598043	7	-0.2039535	-0.5174924	8.941318	-0.003512851	-0.5177002
11.96	7.176728	7.036813	0.486528	7	-0.1825342	-0.4643435	6.039358	-0.003512851	-1.134743
11.98	7.141006	6.968522	0.3281431	7	-0.2632438	-0.5148136	7.115467	0.01175433	-0.8954124
12	7.200102	7.036813	0.6128417	7	-0.3027004	-0.5729445	8.035103	-0.07984875	-0.7985592
12.02	7.191466	7.036813	0.5235471	7	-0.3158872	-0.5914047	7.330014	-0.003512851	-1.130526
12.04	7.068249	6.968522	-0.1241183	7	-0.2936472	-0.5097175	6.107046	-0.06458157	-1.024688
12.06	7.099299	6.968522	0.07467133	7	-0.3274744	-0.5581634	8.919073	0.01175433	-0.3365107
12.08	7.018344	6.900233	-0.2937482	7	-0.2998253	-0.5708823	8.943503	-0.04931482	-0.6565084
12.1	7.0659	6.900233	0.03241366	7	-0.3204208	-0.6392344	11.52125	-0.03404721	-0.2814045
12.12	7.135126	6.968522	0.403012	7	-0.2808144	-0.6469756	10.78373	-0.06458157	-0.7013779
12.14	7.205629	7.036813	0.7289773	7	-0.250488	-0.5975636	8.767737	-0.03404721	-1.017632
12.16	7.214305	7.036813	0.7275628	7	-0.2717824	-0.5788677	7.304524	-0.09511635	-1.245919
12.18	7.15898	6.968522	0.434491	7	-0.3461159	-0.6331282	8.020093	-0.003512851	-1.192267
12.2	7.168817	7.036813	0.4352095	7	-0.3338493	-0.594079	7.613712	0.01175433	-0.9550591
12.22	7.153573	6.968522	0.3593043	7	-0.3966764	-0.6911796	9.506707	-0.01878046	-0.9476376
12.24	7.093138	6.968522	0.03110385	7	-0.3563625	-0.6401371	8.68648	-0.03404721	-0.9718237
12.26	7.159529	7.036813	0.3507566	7	-0.3210676	-0.5949761	8.881979	-0.1561846	-0.6113768
12.28	7.101773	6.968522	0.05727476	7	-0.3034748	-0.5819413	8.132875	-0.003512851	-0.9314079
12.3	7.111015	6.968522	0.13194	7	-0.3097513	-0.5869758	9.136812	-0.003512851	-0.6066618
12.32	7.114341	6.968522	0.1682128	7	-0.2990961	-0.5977284	9.229006	0.07282305	-0.7200899
12.34	7.098369	6.968522	0.09994113	7	-0.2690709	-0.5556191	8.47804	0.01175433	-0.7529039
12.36	7.13499	6.968522	0.31836	7	-0.2928668	-0.5962568	9.512128	-0.01878046	-0.642705
12.38	7.103343	6.968522	0.1578512	7	-0.2619287	-0.5553474	8.123112	0.01175433	-0.8999252
12.4	7.113679	6.968522	0.2313618	7	-0.2693016	-0.5468395	8.469742	0.04228869	-0.6730804
12.42	7.191559	7.036813	0.6116088	7	-0.271087	-0.5634977	8.368386	-0.01878046	-0.7568312
12.44	7.121778	6.968522	0.2441113	7	-0.2837444	-0.5635502	7.334827	-0.04931482	-1.128235
12.46	7.215529	7.036813	0.7099934	7	-0.3347549	-0.6239844	9.084433	-0.01878046	-0.726593
12.48	7.09703	6.968522	0.07068688	7	-0.3074239	-0.5788782	6.931301	-0.03404721	-1.274888
12.5	7.199959	7.036813	0.5915341	7	-0.3503416	-0.6219679	9.318429	-0.01878046	-0.5549202
12.52	7.175666	7.036813	0.4125758	7	-0.3213156	-0.609741	7.567066	-0.003512851	-1.182935
12.54	7.167594	7.036813	0.337763	7	-0.3193917	-0.5695638	7.311861	-0.01878046	-0.936161
12.56	7.180837	7.036813	0.3836256	7	-0.3373888	-0.5948584	7.946284	-0.003512851	-0.8596745
12.58	7.087111	6.968522	-0.09555125	7	-0.3247548	-0.5713497	7.530744	-0.07984875	-0.9426889
12.6	7.041369	6.900233	-0.2563518	7	-0.3517336	-0.6172155	10.02704	0.01175433	-0.4535017
12.62	7.170781	7.036813	0.4109026	7	-0.3013092	-0.6172134	10.41286	-0.03404721	-0.3981037
12.64	7.18304	7.036813	0.4454781	7	-0.2584877	-0.5785251	8.113413	0.02702108	-1.056998
12.66	7.199335	7.036813	0.5130827	7	-0.2799922	-0.5667393	7.722552	0.04228869	-0.9838829
12.68	7.109557	6.968522	0.05838603	7	-0.2955372	-0.5537568	7.229866	-0.04931482	-1.039575
12.7	7.260774	7.105102	0.8022524	7	-0.3176092	-0.5903625	8.724566	-0.003512851	-0.5745115
12.72	7.127787	6.968522	0.1059033	7	-0.3343219	-0.6216402	7.407331	0.05755544	-1.381354
12.74	7.106392	6.968522	0.02130044	7	-0.3524083	-0.6099384	9.000256	-0.06458157	-0.647768
12.76	7.092179	6.968522	-0.0298931	7	-0.3224498	-0.6018885	9.261966	0.01175433	-0.6358166
12.78	7.177361	7.036813	0.4059962	7	-0.2960044	-0.5972562	9.437607	-0.01878046	-0.5871773
12.8	7.092882	6.968522	-0.02172112	7	-0.2588242	-0.5397364	7.483175	-0.01878046	-1.016048
12.82	7.093236	6.968522	0.02069116	7	-0.2595471	-0.5105155	8.24408	-0.03404721	-0.5003204
12.84	7.236513	7.036813	0.7719367	7	-0.3160991	-0.6452319	10.45038	0.02702108	-0.5665998
12.86	7.107306	6.968522	0.08386016	7	-0.2738376	-0.5796772	7.103188	-0.06458157	-1.407227
12.88	7.131117	6.968522	0.2418034	7	-0.3224525	-0.5952136	9.249493	-0.01878046	-0.580102
12.9	7.102815	6.968522	0.1030054	7	-0.2973522	-0.5864311	8.616399	0.05755544	-0.8329287
12.92	7.112469	6.968522	0.1744197	7	-0.2946711	-0.5819922	9.052609	-0.07984875	-0.6621647
12.94	7.125625	6.968522	0.2603403	7	-0.2971026	-0.6026819	9.299976	-0.03404721	-0.7459097
12.96	7.163127	7.036813	0.4231145	7	-0.2526168	-0.5373039	7.732381	-0.003512851	-0.8368254
12.98	7.130198	6.968522	0.2665683	7	-0.2874773	-0.5652708	7.961213	-0.06458157	-0.9227228
13	7.187322	7.036813	0.5382993	7	-0.296226	-0.5740224	8.201241	0.01175433	-0.7835712
13.02	7.116573	6.968522	0.1695579	7	-0.3076669	-0.5811141	7.631271	-0.03404721	-1.066733
13.04	7.103015	6.968522	0.1138596	7	-0.3148458	-0.5732266	8.447586	0.01175433	-0.6842089
13.06	7.102545	6.968522	0.1261299	7	-0.3046637	-0.5801864	8.831594	0.02702108	-0.6654339
13.08	7.171287	7.036813	0.4597623	7	-0.278263	-0.5630617	8.459236	-0.003512851	-0.6896334
13.1	7.119148	6.968522	0.1953702	7	-0.2869585	-0.5693393	7.846352	-0.03404721	-0.9980125
13.12	7.105282	6.968522	0.1397331	7	-0.2920468	-0.5561297	8.263622	-0.04931482	-0.7124767
13.14	7.089447	6.968522	0.0717842	7	-0.2711957	-0.5316906	8.042942	-0.003512851	-0.6744585
13.16	7.179249	7.036813	0.5240552	7	-0.2686271	-0.5454349	8.44144	-0.04931482	-0.5908766
13.18	7.177398	7.036813	0.4773283	7	-0.257815	-0.5316874	6.883374	-0.04931482	-1.05213
13.2	7.177317	7.036813	0.4484234	7	-0.2788454	-0.522303	6.66573	0.05755544	-0.9420271
13.22	7.183144	7.036813	0.451584	7	-0.3111048	-0.5555282	7.133935	0.01175433	-0.914793
13.24	7.148048	7.036813	0.2333353	7	-0.2969441	-0.5214266	6.346391	-0.06458157	-0.9521542
13.26	7.15063	7.036813	0.229715	7	-0.3015324	-0.5167583	6.896136	-0.03404721	-0.7102022
13.28	7.178022	7.036813	0.3601781	7	-0.3249802	-0.5739442	7.966565	-0.01878046	-0.7373428
13.3	7.133011	6.968522	0.1455618	7	-0.361432	-0.6469803	9.030482	-0.06458157	-0.9209261
13.32	7.080535	6.968522	-0.1131716	7	-0.3190702	-0.5868337	8.543968	-0.07984875	-0.7631521
13.34	7.168456	7.036813	0.3432632	7	-0.2977191	-0.5788437	9.264696	-0.1256507	-0.478159
13.36	7.127593	6.968522	0.1521362	7	-0.3015269	-0.6090183	8.850078	0.02702108	-0.9515629
13.38	7.201519	7.036813	0.5275556	7	-0.309889	-0.6192006	9.350681	-0.03404721	-0.741827
13.4	7.10436	6.968522	0.02675664	7	-0.2872509	-0.5734335	7.581907	0.02702108	-1.133597
13.42	7.109942	6.968522	0.09180528	7	-0.3043796	-0.5701475	8.944469	-0.003512851	-0.5598364
13.44	7.118005	6.968522	0.1601744	7	-0.302237	-0.6007527	9.399231	-0.003512851	-0.6800518
13.46	7.129711	6.968522	0.2430755	7	-0.3031415	-0.6191673	9.617197	-0.09511635	-0.760457
13.48	7.182125	7.036813	0.4900221	7	-0.2736267	-0.5806293	8.541033	-0.03404721	-0.8456554
13.5	7.141301	6.968522	0.2897607	7	-0.305232	-0.6069101	8.453127	-0.07984875	-1.037062
13.52	7.099544	6.968522	0.08186948	7	-0.2928079	-0.5622367	8.035361	-0.04931482	-0.8408499
13.54	7.127097	6.968522	0.2509295	-7	-0.3175102	-0.6057706	-59.22302	0.02702108	-19.20133
13.56	7.351761	7.173392	1.316068	-7	-1.682434	-0.6428246	-71.08666	-0.03404721	-16.24315
13.58	6.517858	7.105102	-3.508588	-7	-2.475972	-0.539831	-88.31599	-2.873742	-16.99271
13.6	5.900528	7.036813	-7.09204	-7	-3.030038	-0.3895285	-84.97911	-9.514963	-11.76881
13.62	5.825731	7.036813	-7.741405	-7	-3.435353	-0.8717732	-69.18797	-22.4768	-8.633812
13.64	5.61098	6.968522	-9.117773	-7	-3.380525	-1.022112	-64.86722	-32.66	-8.872748
13.66	6.275993	7.105102	-5.807536	-7	-3.792213	-1.988976	-42.89699	-44.47679	-7.792511
13.68	3.431024	3.895488	-19.13608	-7	-4.578979	-3.382602	-19.54489	-45.53023	-12.13795
13.7	3.173692	3.827197	-18.59626	-7	-4.628294	-4.020837	31.65205	-17.46916	-0.03360176
13.72	3.167548	3.827197	-16.99257	-7	-3.602674	-4.010424	38.84079	18.34763	-2.462371
13.74	3.721992	3.895488	-12.50378	-7	-2.911959	-3.841941	40.37949	6.286563	-3.757238
13.76	4.117274	3.758908	-8.967903	-7	-2.753778	-4.067178	37.02329	20.13389	-7.659595
13.78	6.436909	6.353915	2.759183	-7	-2.010401	-3.014971	1.991077	28.48503	-10.53403
13.8	7.125501	6.763654	5.368544	-7	-2.258633	-2.559774	-43.72631	9.904882	-20.25942
13.82	6.168209	6.149047	-0.3683144	-7	-3.162733	-2.194759	-66.55959	-2.873742	-20.9654
13.84	4.752889	5.19299	-7.803947	-7	-4.152954	-2.442361	-52.94038	-9.118017	-14.68357
13.86	5.021601	5.739308	-6.616969	-7	-4.482303	-2.977744	-27.19351	-21.31649	-8.282809
13.88	3.047384	3.895488	-16.18181	-7	-4.400153	-3.238824	-19.64519	-30.5684	-10.74187
13.9	4.781007	5.19299	-6.679149	-7	-4.424721	-4.002933	22.11897	-36.7516	-1.604707
13.92	5.768287	5.67102	-1.819228	-7	-4.117128	-4.769566	12.10576	-10.50733	-12.6555
13.94	5.171507	5.397861	-5.260005	-7	-3.717979	-3.794734	-18.85312	17.40107	-16.92944
13.96	3.316161	3.758908	-14.05694	-7	-3.912127	-3.225615	-16.30188	2.958319	-12.16628
13.98	3.656519	4.578383	-11.62414	-7	-3.388534	-2.556802	-3.7833	-4.537864	-3.553516
14	3.49705	3.758908	-11.33451	-7	-3.419575	-3.321647	10.69449	-5.20962	-6.237382
14.02	3.737041	3.758908	-9.075613	-7	-3.392521	-3.781851	20.60532	12.46977	-6.910213
14.04	3.620595	3.554038	-8.767286	-7	-3.27042	-3.884649	18.29803	21.88961	-9.30208
14.06	3.143385	3.21259	-10.25398	-7	-3.070548	-3.51616	12.67541	15.90488	-9.239977
14.08	3.007701	2.871142	-9.731999	-7	-3.219008	-3.750457	23.29086	4.988853	-7.245615
14.1	2.697342	2.597983	-10.1599	-7	-3.121457	-3.822824	24.87695	2.485037	-7.957827
14.12	1.086629	1.300479	-16.75202	-7	-2.790431	-3.25019	21.02822	3.98122	-7.295776
14.14	1.768152	2.256536	-11.77562	-7	-2.055964	-2.37348	26.00329	2.118624	-0.1985407
14.16	1.007993	0.8907404	-13.71907	-7	-2.026927	-2.821633	29.14268	6.423967	-4.770687
14.18	1.76719	1.02732	-7.856236	-7	-2.531994	-3.957141	56.43797	19.01938	-2.509815
14.2	0.8992432	0.6858721	-10.95841	-7	-1.939305	-3.353198	30.20926	12.42397	-9.072257
14.22	0.3875582	0.5492926	-12.05536	-7	-1.441449	-2.086058	18.45809	16.07282	-4.377253
14.24	0.3812784	0.2761335	-10.34495	-7	-1.458726	-2.11299	25.49557	-9.499697	-2.279919
14.26	0.5439849	0.2761335	-8.015686	-7	-1.472597	-2.374403	26.6442	-3.31649	-3.826364
14.28	0.6336772	0.2761335	-6.340878	-7	-1.530567	-2.487756	22.1954	3.172059	-5.766705
14.3	-1.478525	-1.431108	-15.4469	-7	-1.435081	-1.902122	10.53662	10.13389	-6.889315
14.32	-1.430297	-1.362819	-13.05621	-7	-1.469192	-1.882748	37.6906	6.637707	2.995729
14.34	-1.561542	-1.704267	-11.74265	-7	-1.184446	-2.267802	43.24244	0.2560288	-0.04657936
14.36	-1.445158	-1.704267	-9.35481	-7	-0.8688205	-2.140732	40.89476	0.8361816	-1.021105
14.38	-2.989828	-3.001771	-15.16986	-7	-0.4632233	-1.414086	26.88409	19.27893	-2.722107
14.4	-3.067093	-3.070061	-13.16583	-7	-0.2651249	-1.055447	40.34651	14.91251	4.215234
14.42	-3.7267	-3.34322	-14.42054	-7	0.6358096	-0.06565666	22.21968	11.24839	2.292287
14.44	-2.564543	-3.411509	-5.977839	-7	-0.1002396	-1.493596	56.15577	6.591907	5.065257
14.46	-5.180093	-4.777303	-17.4476	-7	1.045457	0.2032838	4.968586	17.87435	-4.228752
14.48	-3.426515	-3.684668	-6.10772	-7	0.682676	0.04838966	41.1755	14.60717	10.03523
14.5	-5.572939	-5.118752	-15.26334	-7	1.647545	1.1347	-4.884519	12.13389	-2.159513
14.52	-4.967519	-5.460199	-9.318457	-7	0.7063746	0.1393826	42.23295	-3.621834	9.554392
14.54	-6.585516	-5.460199	-15.97313	-7	2.497691	2.442624	-14.70266	10.92778	2.141522
14.56	-5.353137	-5.869938	-6.821864	-7	1.39577	0.9808475	37.39647	-4.629467	12.01128
14.58	-6.134597	-5.733358	-9.3538	-7	2.379935	1.859684	-5.054706	19.08046	1.209885
14.6	-6.861135	-7.4406	-10.33707	-7	1.288371	0.7802432	27.25272	-1.118017	6.202579
14.62	-7.525749	-6.484545	-12.23162	-7	2.778503	2.918304	-11.52934	19.53847	6.181928
14.64	-6.570672	-6.825994	-5.100571	-7	2.099587	1.900685	18.56048	-5.469162	10.48114
14.66	-7.278072	-7.099152	-7.272312	-7	2.486148	2.189726	-6.934386	16.02702	2.590095
14.68	-6.96074	-7.50889	-3.751353	-7	1.572394	1.140135	18.65515	8.89725	6.335338
14.7	-8.819094	-7.918628	-12.09202	-7	2.710857	3.042765	-26.46479	15.24839	2.044863
14.72	-7.723374	-8.123497	-4.242276	-7	1.580034	1.56205	27.50896	-6.705802	12.77925
14.74	-9.509116	-8.806395	-12.02581	-7	2.656488	2.641621	-12.47265	0.4087006	2.999635
14.76	-8.212996	-9.079553	-2.938802	-7	1.27159	0.5932037	50.4529	2.500303	12.98929
14.78	-10.83465	-9.830739	-15.08315	-7	3.090621	2.899598	-15.13767	8.881983	1.597582
14.8	-9.354378	-10.37706	-4.452747	-7	1.422416	0.6164029	67.38869	3.996487	17.13882
14.82	-10.76802	-9.69416	-10.76907	-7	3.785622	3.262333	-11.31817	8.042288	3.438154
14.84	-9.541138	-10.37706	-2.006597	-7	2.478856	1.824475	40.36916	-3.988245	13.90419
14.86	-10.54625	-10.1039	-6.17068	-7	3.646955	3.1851	-11.51124	10.63771	3.371904
14.88	-9.998188	-10.78679	-1.36034	-7	2.405605	1.883779	26.64639	-4.110383	10.30033
14.9	-11.21656	-10.44535	-6.864388	-7	3.681417	3.775326	-24.55143	9.904882	4.139544
14.92	-9.196499	-10.1039	4.976238	-7	2.209043	1.809865	27.58531	-6.736337	12.29818
14.94	-11.44556	-10.7185	-6.339709	-7	3.455463	3.6214	-41.03807	8.744578	-1.542053
14.96	-9.794098	-10.78679	3.722336	-7	1.51511	1.392977	31.4051	2.652975	12.95167
14.98	-13.02683	-11.81114	-12.43438	-7	3.27321	3.757788	-40.46981	-1.896643	-0.1489277
15	-10.91969	-11.74285	0.5707026	-7	1.475092	1.368186	52.81616	-4.751605	19.35881
15.02	-12.07487	-11.4014	-5.065673	-7	3.206334	2.728486	-9.192665	3.339998	2.602892
15.04	-10.38582	-11.4014	4.932169	-7	1.907554	1.150365	38.82895	-9.591299	11.35358
15.06	-12.48115	-11.46969	-5.923351	-7	3.739473	3.906804	-41.65767	5.355266	-0.5058193
15.08	-10.28061	-11.4014	6.764301	-7	1.711601	1.493722	34.53133	-1.408093	14.10667
15.1	-12.53465	-11.4014	-5.247723	-7	3.623183	4.008735	-50.92162	-2.446261	-1.792875
15.12	-10.28502	-11.74285	7.773427	-7	1.025535	0.730353	44.8036	0.6529754	14.10313
15.14	-13.24093	-11.74285	-8.049036	-7	3.513537	4.020212	-56.32638	-2.904276	-3.106411
15.16	-10.17079	-11.67456	9.241486	-7	0.7968545	0.5090806	55.8194	-0.2325206	17.27914
15.18	-13.33069	-11.67456	-7.920699	-7	3.700798	4.143671	-62.70432	-4.751605	-4.860752
15.2	-9.551823	-10.7185	12.43526	-7	1.354952	1.45501	36.81494	-2.446261	17.63499
15.22	-11.90261	-10.65022	-1.095773	-7	3.565084	4.097545	-73.43939	-4.904276	-6.991224
15.24	-9.732485	-11.12824	10.83056	-7	0.6708667	0.9468546	22.72062	-4.736337	11.32415
15.26	-11.38314	-10.1039	0.6532421	-7	2.68609	3.481021	-66.85176	-6.492062	-5.067555
15.28	-9.079649	-10.37706	12.67389	-7	0.09648502	0.3465924	20.01278	-2.797406	8.922272
15.3	-11.90205	-10.37706	-3.522219	-7	2.243416	3.346283	-74.89647	-8.446261	-7.229582
15.32	-10.82377	-11.74285	3.13646	-7	-0.2980261	0.3752412	30.65838	-2.324124	12.89818
15.34	-12.50515	-10.78679	-6.439866	-7	2.234625	3.0991	-41.42098	-10.78214	1.355463
15.36	-10.6587	-10.78679	3.6935	-7	1.348952	1.928535	15.37896	9.507937	14.23448
15.38	-11.90972	-10.7185	-3.282008	-7	3.008958	3.752719	-45.15363	20.24076	1.734013
15.4	-9.95898	-9.830739	6.795784	-7	2.438053	3.350018	-16.73439	-11.53023	11.49032
15.42	-11.9355	-11.05995	-3.609908	-7	3.050481	4.247554	-59.98206	18.63771	0.2628384
15.44	-10.10032	-10.1039	6.08598	-7	2.002729	3.101528	-12.87866	-12.72107	12.45461
15.46	-8.243139	-10.1039	15.42223	-7	-0.1248748	-1.31074	35.14671	18.77511	0.7039919
15.48	-10.76613	-11.33311	1.603374	-7	-0.09355381	-0.9470741	-4.930058	-18.36992	-11.04975
15.5	-8.856708	-10.44535	11.30338	-7	-1.824696	-3.024792	65.23135	15.15679	4.063924
15.52	-10.33611	-10.37706	2.286281	-7	-0.5147502	-1.634219	9.233113	-20.09512	-8.977368
15.54	-8.919325	-9.48929	8.789639	-7	-0.7857903	-1.423147	30.87376	-26.46152	2.27312
15.56	-10.00748	-9.421001	1.754404	-7	0.5872577	0.612908	-24.08164	-4.263055	-5.317962
15.58	-10.86647	-10.7185	-2.502652	-7	0.2118313	0.8601395	-2.81223	-32.7516	3.956005
15.6	-11.09547	-10.7185	-3.384884	-7	0.5258844	0.8504181	11.32658	1.721678	7.093706
15.62	-9.385509	-9.762449	5.462422	-7	0.4442331	-0.1789917	34.56422	-24.53786	7.42872
15.64	-9.027893	-10.7185	7.518415	-7	-0.7343754	-2.710676	57.72272	21.67587	-2.271695
15.66	-8.371025	-9.48929	9.995417	-7	-0.6792525	-2.627563	41.7785	9.645342	-5.49972
15.68	-9.711885	-10.37706	2.497177	-7	-0.5994435	-1.779653	18.84332	17.69114	-7.396938
15.7	-10.16384	-10.37706	0.0303266	-7	-0.4828537	-0.9814695	24.41502	-20.18672	0.8326731
15.72	-9.998202	-10.44535	1.014529	-7	-0.5104746	-1.363598	40.70841	-15.66763	2.961778
15.74	-10.12391	-10.44535	0.3942739	-7	-0.07702786	-1.131905	36.16297	-24.85847	1.276129
15.76	-10.23724	-10.44535	-0.06340313	-7	0.3900332	-0.4927598	29.31269	7.385799	2.173994
15.78	-10.00379	-10.44535	1.417642	-7	0.4737131	-0.4757993	32.84843	3.752212	3.051772
15.8	-10.99303	-11.4014	-3.018891	-7	0.5440825	-0.3993682	30.78779	11.34	1.531466
15.82	-9.84176	-10.1039	3.100492	-7	0.9263917	0.02450699	34.07201	4.179692	6.130901
15.84	-10.76266	-11.05995	-1.280589	-7	1.199681	0.3481746	15.48601	7.49267	0.1331787
15.86	-10.59618	-11.05995	0.2608557	-7	0.9454039	0.2356207	30.1046	5.752212	5.404258
15.88	-9.836416	-9.762449	3.875851	-7	1.738845	1.18521	6.0118	5.813281	3.356366
15.9	-9.709676	-10.7185	4.890041	-7	0.7454815	-0.1295283	22.35759	3.798013	1.014416
15.92	-10.79093	-10.65022	-0.8684987	-7	1.32923	1.09955	-7.215476	9.172059	-0.8123436
15.94	-10.41459	-10.78679	1.540562	-7	0.7666339	0.5874886	19.31685	-1.988246	6.222383
15.96	-10.76425	-10.78679	-0.1640079	-7	1.114435	0.7426685	9.561602	-4.140917	2.667748
15.98	-11.25401	-11.74285	-1.845864	-7	0.6519284	0.07247758	30.19337	4.439235	4.866422
16	-11.92683	-11.74285	-4.670415	-7	1.351617	0.8799469	21.49294	2.500303	5.683484
16.02	-11.35396	-11.67456	-0.7674882	-7	1.368528	0.5897873	39.24699	6.088089	9.126106
16.04	-11.34033	-11.67456	-0.07621217	-7	1.736798	0.6683246	29.33013	4.668243	4.748936
16.06	-11.15837	-11.67456	1.484698	-7	1.72424	0.7148236	27.75611	16.95832	4.760065
16.08	-11.62412	-11.67456	-0.5419745	-7	2.191293	1.629643	6.70932	1.98122	3.471126
16.1	-11.33604	-11.81114	1.646503	-7	1.779237	1.245564	20.25509	4.515571	6.599351
16.12	-10.49784	-10.78679	5.820943	-7	1.979067	1.350067	8.43598	-3.42336	3.94869
16.14	-10.26414	-10.7185	6.672839	-7	1.756359	1.311693	-4.504158	4.866715	0.4286623
16.16	-10.40239	-10.7185	5.520661	-7	1.412023	1.359904	-11.98818	-2.675269	0.06949902
16.18	-10.7457	-10.7185	3.293828	-7	1.279925	1.640462	-17.41999	-7.011146	1.365428
16.2	-9.368672	-9.69416	9.629255	-7	0.7863967	0.8975189	-2.236725	-15.13328	3.645341
16.22	-10.87955	-11.12824	1.395003	-7	0.4571693	0.4917842	-12.37389	-9.087482	-3.511991
16.24	-10.96737	-10.99166	0.8690227	-7	0.1992828	0.4520748	9.026656	0.2407616	4.805375
16.26	-11.06378	-10.99166	0.2695744	-7	0.4729392	0.3672005	13.76571	-15.95771	4.260884
16.28	-9.398852	-9.69416	8.249591	-7	0.6110696	0.06673244	20.31145	10.68351	4.646306
16.3	-9.74618	-9.762449	5.436868	-7	1.130861	0.8556128	-16.20535	0.6224411	-3.560256
16.32	-10.33002	-10.65022	2.297903	-7	0.4642448	0.6315559	-3.891281	8.546105	0.700736
16.34	-10.75284	-10.65022	-0.01599193	-7	0.5053616	0.7131543	1.356887	-17.16382	3.036714
16.36	-10.49032	-10.7185	1.464318	-7	0.2912119	0.07368556	21.09757	-3.392826	5.019386
16.38	-10.54237	-10.7185	1.167633	-7	0.5262166	-0.01290368	19.8089	-1.056948	2.657174
16.4	-10.41622	-10.7185	1.880514	-7	0.6000804	-0.02398317	22.46049	5.370532	3.039682
16.42	-11.48195	-11.67456	-3.11304	-7	0.7223327	0.1705272	20.37206	0.6682426	2.251417
16.44	-11.50224	-11.67456	-2.441025	-7	0.8530449	0.2548771	35.09805	2.775113	7.361795
16.46	-11.45506	-11.67456	-1.505707	-7	1.244589	0.3234741	35.60824	-0.2935893	6.247025
16.48	-11.25315	-11.74285	0.263541	-7	1.361256	0.2235754	37.9989	1.202593	5.559135
16.5	-11.10467	-11.74285	1.626718	-7	1.378429	0.1032418	36.25751	14.2713	3.933131
16.52	-11.39299	-11.67456	0.4953533	-7	1.763249	0.8431939	18.91169	7.49267	2.843254
16.54	-11.38691	-11.74285	1.040254	-7	1.724905	1.066691	18.78522	8.19496	4.908482
16.56	-11.35503	-11.67456	1.583554	-7	1.742818	1.125115	15.80822	-1.514963	4.509219
16.58	-10.39172	-10.78679	6.416193	-7	1.740697	1.111114	11.84214	0.3018307	4.218931
16.6	-10.35673	-10.78679	6.186388	-7	1.602814	1.123691	-4.046784	0.958319	-0.3383255
16.62	-10.21806	-10.65022	6.449059	-7	1.152907	0.9839075	-5.113821	-0.3241236	0.4928417
16.64	-10.6769	-10.78679	3.582255	-7	0.9986951	1.1286	-11.8825	-2.889009	0.09141731
16.66	-10.52704	-10.65022	3.981222	-7	0.709044	0.9033654	-1.92995	-13.13328	3.041328
16.68	-10.49104	-10.65022	3.75617	-7	0.569234	0.544356	2.497401	-8.782139	2.044209
16.7	-10.43775	-10.7185	3.706082	-7	0.3691407	0.1532213	9.783287	-8.76687	1.927813
16.72	-10.68683	-10.7185	2.046652	-7	0.5746735	0.4200595	4.802911	2.179693	1.519965
16.74	-10.35453	-10.65022	3.57854	-7	0.4015242	0.09324831	16.06082	-0.7974062	3.306391
16.76	-11.63096	-11.67456	-2.810726	-7	0.5846351	0.3139829	10.63712	-0.9348108	1.215285
16.78	-11.69846	-11.74285	-2.523774	-7	0.6749697	0.38104	29.92106	1.569006	7.770601
16.8	-11.57872	-11.67456	-1.36069	-7	1.119143	0.3987785	32.73642	-0.9042764	6.77585
16.82	-11.24766	-11.67456	0.9152837	-7	1.273463	0.2437788	35.93415	5.584273	5.730726
16.84	-9.935236	-10.37706	7.416201	-7	1.64776	0.5594972	21.86568	17.03465	3.539396
16.86	-9.867345	-10.37706	7.215393	-7	1.64027	0.9121346	-4.0965	10.34763	-2.141991
16.88	-10.12654	-10.37706	5.345536	-7	1.379224	1.383556	-16.44851	5.385799	-0.88517
16.9	-11.77498	-11.74285	-2.916562	-7	0.9938108	1.47168	-12.90321	-8.537864	1.325842
16.92	-11.80088	-11.81114	-2.36341	-7	0.6574017	0.8592809	21.40052	-18.72107	9.201221
16.94	-10.54502	-10.78679	4.143025	-7	0.9038684	0.2149236	31.88976	-8.201986	7.189146
16.96	-10.36575	-10.78679	4.7793	-7	1.147297	0.2338009	15.08806	4.866715	0.4172983
16.98	-11.42997	-11.67456	-0.5317127	-7	1.122127	0.7238004	5.700928	17.90488	0.5455008
17	-11.87947	-11.67456	-2.455348	-7	1.413842	1.46615	7.32021	-0.2172534	6.194112
17.02	-11.41922	-11.67456	0.5334363	-7	1.259052	0.8556925	26.67355	-7.682902	8.144785
17.04	-11.33213	-11.74285	1.387744	-7	1.321212	0.4623785	26.91489	1.141525	4.467792
17.06	-11.37026	-11.67456	1.460292	-7	1.518584	0.7578331	19.57012	11.98122	3.739841
17.08	-11.66761	-11.74285	0.1958736	-7	1.813028	1.391134	8.723351	4.988853	4.113733
17.1	-11.38093	-11.67456	2.056459	-7	1.675151	1.260349	15.27132	1.49267	5.968956
17.12	-11.39051	-11.67456	2.20847	-7	1.682016	1.181036	11.1535	-1.240154	3.927615
17.14	-11.46378	-11.67456	1.990168	-7	1.689783	1.334302	7.429397	2.19496	4.02367
17.16	-11.40988	-11.67456	2.43654	-7	1.569764	1.238883	9.29141	-1.347024	4.451452
17.18	-10.52624	-10.7185	6.584807	-7	1.689369	1.370077	2.563931	-0.6600016	3.952765
17.2	-10.43486	-10.78679	6.524134	-7	1.470681	1.241987	-8.217199	0.5613723	0.1409292
17.22	-10.42786	-10.7185	5.995748	-7	1.098017	1.135294	-10.0156	-0.446261	0.5249882
17.24	-10.6821	-10.7185	4.088631	-7	0.9504534	1.226104	-13.34071	-8.76687	0.9124985
17.26	-10.57377	-10.65022	4.170681	-7	0.6934309	0.9640085	-4.936506	-11.5913	2.74469
17.28	-10.67093	-10.78679	3.263803	-7	0.5326738	0.6088802	0.7013468	-9.072214	2.10728
17.3	-10.48149	-10.65022	3.83858	-7	0.4381253	0.3377998	7.482928	-1.331757	2.596279
17.32	-11.66909	-11.67456	-2.200392	-7	0.5124317	0.4466708	6.732625	-1.743971	1.601889
17.34	-11.81628	-11.74285	-2.478983	-7	0.6693197	0.5606197	24.02489	0.5461052	7.552504
17.36	-11.64727	-11.74285	-1.095873	-7	1.003117	0.4006066	32.00174	0.5461052	7.172724
17.38	-10.10962	-10.44535	6.64683	-7	1.41179	0.449987	27.51742	13.17206	5.645821
17.4	-10.03209	-10.37706	6.452559	-7	1.700119	0.9793115	-3.675856	15.12626	-1.662764
17.42	-11.07811	-11.33311	1.071307	-7	1.325439	1.32136	-9.918421	7.27893	-0.1290321
17.44	-10.37822	-10.37706	4.40351	-7	1.24067	1.443263	-1.826883	-12.24779	5.338753
17.46	-10.12095	-10.44535	5.357345	-7	0.941512	0.7832731	0.3035502	-11.17908	1.632277
17.48	-10.21857	-10.30877	4.287073	-7	0.9418797	0.9537717	-8.068683	3.080456	0.4562893
17.5	-10.31931	-10.44535	3.400685	-7	0.7082894	0.8409094	-4.063471	-3.881375	1.74107
17.52	-11.83734	-11.74285	-4.117791	-7	0.6203557	0.8660033	0.400243	-2.583666	2.283142
17.54	-11.7916	-11.74285	-3.153126	-7	0.6042747	0.5664207	29.13173	-8.12565	9.46208
17.56	-11.71877	-11.67456	-2.218571	-7	1.181552	0.5808427	30.73769	-0.03404721	7.374611
17.58	-11.1897	-11.67456	1.167591	-7	1.232977	0.1780087	39.81884	1.859083	6.634847
17.6	-9.915938	-10.44535	7.50224	-7	1.580144	0.3482881	25.31934	20.6377	3.094398
17.62	-10.12583	-10.44535	5.851656	-7	1.836885	1.20079	-9.211087	11.5232	-2.401286
17.64	-10.20084	-10.37706	5.0426	-7	1.557025	1.697322	-17.16472	12.95832	0.7065802
17.66	-10.43139	-10.37706	3.425301	-7	1.358109	1.833865	-20.70133	-6.72107	1.705798
17.68	-11.7405	-11.67456	-2.980591	-7	0.9302328	1.48161	-8.353107	-16.5684	3.299759
17.7	-11.74853	-11.67456	-2.406097	-7	0.7870032	0.9646146	19.55824	-12.32412	8.979107
17.72	-11.42324	-11.67456	-0.1769841	-7	0.8656766	0.2244267	34.71984	-5.224887	7.258343
17.74	-11.37002	-11.67456	0.4830379	-7	1.196846	0.2519274	30.72815	1.049922	4.540012
17.76	-11.23217	-11.67456	1.591055	-7	1.307402	0.339958	29.12873	16.24076	4.2396
17.78	-11.57754	-11.67456	0.05673015	-7	1.763526	1.135999	12.39933	8.423967	3.356374
17.8	-11.16874	-11.67456	2.646255	-7	1.456584	0.7916878	23.94843	1.416334	5.769874
17.82	-11.52151	-11.67456	0.9759087	-7	1.763465	1.211862	8.376299	-0.8584749	2.782644
17.84	-11.20706	-11.60627	2.904051	-7	1.511994	1.031052	16.30869	1.339998	5.223625
17.86	-11.40313	-11.67456	2.013195	-7	1.549247	1.055668	9.672325	-2.553131	3.012938
17.88	-11.30058	-11.67456	2.731101	-7	1.349346	0.8845163	14.66395	0.698777	4.225818
17.9	-11.49698	-11.67456	1.768618	-7	1.462787	1.07519	8.498641	-1.056948	3.308864
17.92	-11.49801	-11.74285	1.937526	-7	1.37624	1.037486	12.15814	0.8209144	4.564946
17.94	-11.39335	-11.67456	2.578025	-7	1.336253	0.8954929	14.00146	-0.2630549	4.260414
17.96	-11.50772	-11.74285	2.058779	-7	1.374409	0.9492484	11.30725	-0.2935893	3.570134
17.98	-11.52876	-11.67456	2.000784	-7	1.466824	1.157293	8.926618	0.362899	4.225608
18	-11.40564	-11.67456	2.72583	-7	1.380693	1.015175	11.93173	0.04228869	4.421681
18.02	-11.55088	-11.74285	2.017783	-7	1.428593	1.082848	8.573762	-0.3546584	3.584349
18.04	-11.48892	-11.67456	2.390138	-7	1.428117	1.138605	9.412239	0.0880898	4.44855
18.06	-11.50046	-11.67456	2.353133	-7	1.456936	1.167704	7.909086	0.1491589	4.060564
18.08	-11.50906	-11.74285	2.383534	-7	1.383496	1.075343	9.807538	-0.1561846	4.177173
18.1	-11.56386	-11.74285	2.141668	-7	1.408689	1.108382	8.92947	-0.003512851	4.065901
18.12	-11.5644	-11.74285	2.195117	-7	1.418684	1.131235	9.333502	0.2254948	4.357059
18.14	-11.63424	-11.81114	1.91936	-7	1.430943	1.138991	9.379158	-0.01878046	4.302494
18.16	-11.46675	-11.67456	2.813225	-7	1.431246	1.103864	10.62817	-0.2172534	4.592783
18.18	-11.52793	-11.74285	2.507034	-7	1.43807	1.099533	8.348648	0.07282305	3.672183
18.2	-11.43633	-11.67456	2.976798	-7	1.384148	1.064083	9.413156	0.02702108	4.0797
18.22	-11.46332	-11.67456	2.790936	-7	1.378967	1.069715	7.634492	-0.1561846	3.562745
18.24	-11.53345	-11.74285	2.432728	-7	1.33093	1.056545	8.262836	-0.07984875	3.813339
18.26	-11.50068	-11.67456	2.575155	-7	1.343587	1.077311	8.568417	0.1491589	4.125503
18.28	-11.40761	-11.60627	2.994294	-7	1.343296	1.051963	8.530758	0.02702108	3.968013
18.3	-11.56218	-11.74285	2.184255	-7	1.341354	1.077428	7.111166	-0.04931482	3.54588
18.32	-11.51068	-11.67456	2.448748	-7	1.340043	1.100379	8.769886	0.02702108	4.396905
18.34	-11.61631	-11.81114	1.963238	-7	1.320361	1.03012	9.82016	0.1186246	4.061873
18.36	-11.55947	-11.74285	2.29784	-7	1.345711	1.032305	11.15553	-0.186719	4.497752
18.38	-11.58144	-11.74285	2.202277	-7	1.421344	1.106202	9.25122	0.04228869	4.125072
18.4	-11.46785	-11.67456	2.797778	-7	1.419625	1.101504	9.706993	0.07282305	4.324269
18.42	-11.43567	-11.67456	2.941746	-7	1.390764	1.04906	8.860853	-0.09511635	3.72541
18.44	-11.52054	-11.74285	2.502191	-7	1.353103	1.046558	8.271362	-0.003512851	3.613766
18.46	-11.46845	-11.67456	2.750128	-7	1.331131	1.039352	9.193218	0.01175433	4.062094
18.48	-11.56016	-11.74285	2.270199	-7	1.342764	1.058595	8.247887	0.04228869	3.768716
18.5	-11.51304	-11.67456	2.499107	-7	1.36831	1.109335	8.580977	-0.03404721	4.280164
18.52	-11.57275	-11.74285	2.206535	-7	1.381516	1.114951	8.19657	0.05755544	4.042629
18.54	-11.47584	-11.67456	2.710505	-7	1.366279	1.076136	9.646952	-0.04931482	4.35164
18.56	-11.47959	-11.67456	2.660512	-7	1.38257	1.076905	8.207293	0.01175433	3.791999
18.58	-11.44571	-11.67456	2.820189	-7	1.333056	1.02716	9.10701	-0.04931482	3.902423
18.6	-11.50447	-11.67456	2.473287	-7	1.363815	1.092044	7.240685	0.01175433	3.692672
18.62	-11.51137	-11.67456	2.424074	-7	1.364697	1.129009	7.558942	0.02702108	4.111139
18.64	-11.5793	-11.74285	2.100204	-7	1.362674	1.120773	8.090088	0.04228869	4.14095
18.66	-11.48098	-11.67456	2.620521	-7	1.34939	1.063747	10.00233	-0.01878046	4.438148
18.68	-11.47739	-11.67456	2.617388	-7	1.369144	1.052944	8.812541	0.04228869	3.843855
18.7	-11.54947	-11.74285	2.264916	-7	1.359955	1.072138	8.602877	0.01175433	3.899971
18.72	-11.50396	-11.67456	2.496933	-7	1.381374	1.107903	8.78482	-0.04931482	4.25629
18.74	-11.48129	-11.67456	2.605751	-7	1.381248	1.090113	8.572639	-0.003512851	4.024971
18.76	-11.51517	-11.74285	2.458969	-7	1.330629	1.018861	9.633464	-0.06458157	3.926739
18.78	-11.46252	-11.67456	2.716267	-7	1.327901	1.003345	9.990116	-0.01878046	4.018797
18.8	-11.47387	-11.67456	2.626559	-7	1.343341	1.026443	8.820908	-0.06458157	3.747556
18.82	-11.47365	-11.67456	2.608237	-7	1.334676	1.039253	8.778275	-0.03404721	3.883839
18.84	-11.50529	-11.67456	2.421071	-7	1.358751	1.090143	7.855989	-0.03404721	3.897132
18.86	-11.46156	-11.67456	2.649302	-7	1.317375	1.027152	9.561402	-0.03404721	4.120212
18.88	-11.4758	-11.67456	2.553609	-7	1.324754	1.01694	9.012589	-0.03404721	3.812308
18.9	-11.56862	-11.74285	2.093051	-7	1.338584	1.061638	8.652941	0.01175433	3.926519
18.92	-11.48847	-11.67456	2.520281	-7	1.343094	1.052512	10.10837	-0.09511635	4.39878
18.94	-11.49466	-11.67456	2.474547	-7	1.382336	1.076533	8.649166	-0.01878046	3.919587
18.96	-11.47896	-11.67456	2.556473	-7	1.375322	1.084785	8.689245	-0.03404721	4.035113
18.98	-11.54914	-11.74285	2.224132	-7	1.3622	1.075529	8.733711	-0.07984875	3.952497
19	-11.4498	-11.67456	2.751103	-7	1.327083	1.005364	10.74018	-0.01878046	4.279389
19.02	-11.54727	-11.74285	2.252571	-7	1.353443	1.028039	8.971054	-0.04931482	3.670777
19.04	-11.47569	-11.67456	2.626212	-7	1.351281	1.046817	9.903126	0.01175433	4.243998
19.06	-11.4648	-11.67456	2.665236	-7	1.354966	1.030506	9.178947	-0.09511635	3.837679
19.08	-11.46607	-11.67456	2.641346	-7	1.344989	1.036945	8.843502	-0.03404721	3.829505
19.1	-11.54936	-11.74285	2.228393	-7	1.335373	1.047476	8.772306	-0.03404721	3.862128
19.12	-11.53244	-11.74285	2.357006	-7	1.307873	0.9987729	10.8301	-0.003512851	4.270148
19.14	-11.49953	-11.67456	2.508627	-7	1.368879	1.049064	9.522146	-0.003512851	4.055278
19.16	-11.54986	-11.74285	2.274304	-7	1.374784	1.070835	9.081223	-0.03404721	3.974318
19.18	-11.52202	-11.74285	2.461232	-7	1.343313	1.020138	10.6811	0.01175433	4.230486
19.2	-11.47197	-11.67456	2.701929	-7	1.372618	1.03485	9.714994	-0.01878046	3.979889
19.22	-11.47242	-11.67456	2.674895	-7	1.381889	1.068853	8.422374	0.01175433	3.790953
19.24	-11.5307	-11.74285	2.392919	-7	1.345318	1.050779	8.846654	-0.003512851	3.87251
19.26	-11.50215	-11.67456	2.52399	-7	1.370025	1.09269	8.602415	-0.06458157	4.125802
19.28	-11.4866	-11.67456	2.589479	-7	1.372303	1.089705	8.388098	-0.04931482	4.009663
19.3	-11.531	-11.74285	2.383557	-7	1.335341	1.040026	9.216887	-0.04931482	3.952432
19.32	-11.51557	-11.67456	2.443899	-7	1.381712	1.107945	8.34573	-0.06458157	4.11399
19.34	-11.63749	-11.81114	1.876853	-7	1.376829	1.112467	8.633542	0.02702108	4.098799
19.36	-11.55665	-11.74285	2.349783	-7	1.376253	1.082364	10.775	-0.04931482	4.652669
19.38	-11.63729	-11.81114	1.988485	-7	1.422951	1.107424	9.431517	-0.03404721	4.107109
19.4	-11.60018	-11.81114	2.267046	-7	1.405391	1.078264	11.21206	-0.06458157	4.543479
19.42	-11.44972	-11.67456	3.03272	-7	1.427182	1.055485	10.59896	-0.04931482	4.20899
19.44	-11.45052	-11.67456	2.976801	-7	1.434862	1.091917	7.647865	-0.06458157	3.492981
19.46	-11.50827	-11.74285	2.674689	-7	1.362388	1.070187	7.923749	-0.003512851	3.672346
19.48	-11.53396	-11.74285	2.537774	-7	1.323912	1.041305	8.865492	-0.003512851	3.93997
19.5	-11.48181	-11.67456	2.765073	-7	1.330657	1.038396	9.026368	0.04228869	4.021746
19.52	-11.5158	-11.67456	2.533475	-7	1.375401	1.112988	7.067573	0.01175433	3.783401
19.54	-11.55551	-11.74285	2.341668	-7	1.340898	1.090807	8.337374	0.01175433	4.093126
19.56	-11.56729	-11.74285	2.295387	-7	1.345383	1.075661	9.156141	0.02702108	4.218316
19.58	-11.4732	-11.67456	2.766646	-7	1.347721	1.037788	9.964968	0.02702108	4.2299
19.6	-11.62095	-11.81114	2.03267	-7	1.358984	1.054744	8.717003	-0.003512851	3.730287
19.62	-11.50128	-11.67456	2.647904	-7	1.383913	1.100596	9.703035	-0.04931482	4.512096
19.64	-11.4784	-11.67456	2.735828	-7	1.401948	1.092612	8.295842	0.01175433	3.871105
19.66	-11.55196	-11.74285	2.362058	-7	1.387778	1.114306	7.707725	0.02702108	3.846177
19.68	-11.47155	-11.67456	2.768594	-7	1.358853	1.077941	9.121175	0.01175433	4.236398
19.7	-11.53729	-11.74285	2.427715	-7	1.345246	1.043774	8.66407	-0.003512851	3.767787
19.72	-11.49956	-11.67456	2.597579	-7	1.365099	1.089702	8.546808	-0.06458157	4.11808
19.74	-11.50905	-11.67456	2.518165	-7	1.391659	1.13009	7.428369	-0.04931482	3.955219
19.76	-11.57691	-11.74285	2.186359	-7	1.386193	1.146537	7.562096	0.01175433	4.081242
19.78	-11.63186	-11.81114	1.97642	-7	1.361866	1.102959	9.52495	-0.003512851	4.401873
19.8	-11.5547	-11.74285	2.414619	-7	1.378452	1.066891	10.80853	0.05755544	4.529903
19.82	-11.55967	-11.74285	2.400843	-7	1.425641	1.101404	9.204008	-0.03404721	4.056908
19.84	-11.48136	-11.67456	2.79187	-7	1.439008	1.1368	8.533375	0.05755544	4.156059
19.86	-11.43495	-11.67456	3.007152	-7	1.387493	1.068284	8.517009	-0.06458157	3.805422
19.88	-11.45838	-11.67456	2.837054	-7	1.359557	1.064661	7.515029	-0.03404721	3.581333
19.9	-11.46667	-11.67456	2.753356	-7	1.319819	1.048532	7.924972	0.02702108	3.775892
19.92	-11.51322	-11.67456	2.465078	-7	1.337581	1.095173	7.112201	0.04228869	3.820891
19.94	-11.53209	-11.67456	2.341914	-7	1.35911	1.142874	7.136967	0.01175433	4.130016
19.96	-11.52378	-11.67456	2.374828	-7	1.371956	1.145891	7.618917	-0.01878046	4.245919
19.98	-11.59538	-11.74285	2.031948	-7	1.388949	1.158127	7.654278	-0.07984875	4.191195
20	-11.50061	-11.67456	2.538158	-7	1.388634	1.126535	9.23637	-0.003512851	4.533214
20.02	-11.49201	-11.67456	2.568938	-7	1.409518	1.119	8.076536	0.02702108	3.971312
20.04	-11.48309	-11.67456	2.606561	-7	1.397185	1.123153	7.864799	-0.01878046	3.995292
20.06	-11.49434	-11.67456	2.534201	-7	1.392388	1.13274	7.447433	0.02702108	3.96417
20.08	-11.63066	-11.81114	1.89268	-7	1.361439	1.111316	8.296136	-0.07984875	4.049468
20.1	-11.5049	-11.67456	2.556745	-7	1.380067	1.105644	9.954596	-0.07984875	4.645232
20.12	-11.49605	-11.67456	2.581139	-7	1.420601	1.119291	8.087948	-0.01878046	3.928868
20.14	-11.52067	-11.74285	2.485055	-7	1.367558	1.06934	9.056313	-0.003512851	3.993322
20.16	-11.50742	-11.74285	2.579115	-7	1.320713	0.9900255	10.52949	-0.03404721	4.04065
20.18	-11.57558	-11.74285	2.22313	-7	1.376937	1.075197	8.642103	-0.04931482	3.87915
20.2	-11.46141	-11.67456	2.813771	-7	1.355814	1.044998	10.19915	0.02702108	4.322039
20.22	-11.4659	-11.67456	2.751219	-7	1.368821	1.042768	8.517273	0.05755544	3.671416
20.24	-11.44332	-11.67456	2.842853	-7	1.323144	1.010854	9.071994	-0.07984875	3.802496
20.26	-11.56221	-11.74285	2.218886	-7	1.333344	1.055357	7.921931	0.04228869	3.673155
20.28	-11.51397	-11.67456	2.45873	-7	1.352533	1.099958	8.761377	-0.003512851	4.333111
20.3	-11.49992	-11.67456	2.514931	-7	1.372419	1.096375	8.3651	-0.06458157	4.061669
20.32	-11.63322	-11.81114	1.884821	-7	1.362868	1.096079	8.632372	-0.09511635	4.024616
20.34	-11.47835	-11.67456	2.704151	-7	1.359839	1.056474	10.91596	-0.03404721	4.638907
20.36	-11.46668	-11.67456	2.734542	-7	1.387822	1.045908	8.94116	-0.04931482	3.739892
20.38	-11.57758	-11.81114	2.215135	-7	1.330461	1.010298	9.701435	-0.03404721	3.799133
20.4	-11.61088	-11.74285	2.056653	-7	1.409181	1.145803	8.453962	0.04228869	4.273149
20.42	-11.57123	-11.74285	2.3055	-7	1.421168	1.146513	9.319858	0.04228869	4.502522
20.44	-11.54333	-11.74285	2.481713	-7	1.420778	1.110598	9.440004	0.02702108	4.233552
20.46	-11.45874	-11.67456	2.903842	-7	1.414196	1.090168	9.107884	-0.04931482	4.064633
20.48	-11.60655	-11.81114	2.170585	-7	1.393943	1.097469	7.92344	0.04228869	3.664182
20.5	-11.61277	-11.81114	2.204156	-7	1.35976	1.076908	10.21269	-0.01878046	4.437105
20.52	-11.6002	-11.81114	2.321658	-7	1.359363	1.02072	11.25616	-0.03404721	4.309147
20.54	-11.45827	-11.67456	3.023886	-7	1.392408	1.027835	10.60334	0.02702108	4.159805
20.56	-11.44391	-11.67456	3.037571	-7	1.393968	1.045124	8.255407	-0.03404721	3.50438
20.58	-11.52787	-11.74285	2.582208	-7	1.355185	1.06825	7.576167	0.0880898	3.584702
20.6	-11.56142	-11.74285	2.402988	-7	1.339791	1.084991	8.271591	-0.1714523	4.047113
20.62	-11.50221	-11.67456	2.673555	-7	1.357188	1.090931	8.538588	0.07282305	4.185089
20.64	-11.64017	-11.81114	1.988287	-7	1.362285	1.100384	8.056115	-0.04931482	3.903311
20.66	-11.49267	-11.67456	2.74654	-7	1.36623	1.087845	10.00324	-0.003512851	4.600649
20.68	-11.46595	-11.67456	2.841675	-7	1.3779	1.054035	8.613069	-0.03404721	3.77199
20.7	-11.5427	-11.74285	2.437777	-7	1.360811	1.075326	7.959197	-0.04931482	3.734894
20.72	-11.4959	-11.67456	2.653769	-7	1.363535	1.099249	8.362924	0.04228869	4.153484
20.74	-11.49119	-11.67456	2.643446	-7	1.367952	1.09624	7.825932	0.01175433	3.91836
20.76	-11.4735	-11.67456	2.708337	-7	1.341792	1.066064	8.318166	0.103357	3.945186
20.78	-11.63061	-11.81114	1.932369	-7	1.329288	1.065029	8.369747	-0.09511635	3.84781
20.8	-11.50849	-11.67456	2.564266	-7	1.354097	1.081845	10.03973	-0.06458157	4.607692
20.82	-11.46646	-11.67456	2.757118	-7	1.365148	1.037628	9.335991	-0.04931482	3.919762
20.84	-11.48639	-11.67456	2.619539	-7	1.382337	1.089504	7.779572	0.01175433	3.760384
20.86	-11.5721	-11.74285	2.190118	-7	1.378011	1.129487	7.531753	-0.1561846	3.960605
20.88	-11.57419	-11.74285	2.215648	-7	1.37266	1.121921	8.923006	-0.01878046	4.392766
20.9	-11.5611	-11.74285	2.315642	-7	1.381876	1.092826	9.566628	0.02702108	4.311771
20.92	-11.54352	-11.74285	2.434471	-7	1.385554	1.070977	9.834929	-0.04931482	4.194511
20.94	-11.48951	-11.67456	2.693755	-7	1.418967	1.111799	8.652933	-0.01878046	4.074254
20.96	-11.46261	-11.67456	2.810941	-7	1.398511	1.098075	8.138925	0.02702108	3.87748
20.98	-11.2568	-11.46969	3.735708	-7	1.391952	1.099269	6.966836	-0.01878046	3.778084
21	-11.45329	-11.67456	2.649639	-7	1.320507	1.068174	4.892487	-0.03404721	2.895593
21.02	-11.50585	-11.67456	2.35557	-7	1.265763	1.076445	7.183347	-0.04931482	4.018229
21.04	-11.62815	-11.74285	1.736705	-7	1.306575	1.111716	7.611279	-0.5073298	4.182826
21.06	-11.59523	-11.74285	1.969016	-7	1.322832	1.079283	10.47909	0.3018307	4.775814
21.08	-11.50362	-11.67456	2.455684	-7	1.380871	1.06373	10.48714	-0.2325206	4.435493
21.1	-11.466	-11.67456	2.651213	-7	1.397416	1.058861	9.514277	0.07282305	3.975003
21.12	-11.54182	-11.74285	2.286848	-7	1.393318	1.085917	8.574742	0.1796929	3.833007
21.14	-11.45331	-11.67456	2.757111	-7	1.359211	1.044776	10.06957	0.05755544	4.237566
21.16	-11.46998	-11.67456	2.645014	-7	1.371761	1.050912	8.508993	-0.1561846	3.707856
21.18	-11.47152	-11.67456	2.622641	-7	1.354463	1.063893	8.447344	0.04228869	3.88489
21.2	-11.56828	-11.74285	2.138723	-7	1.357552	1.092858	8.038298	0.1491589	3.90279
21.22	-11.45383	-11.60627	2.697637	-7	1.395576	1.144566	8.222214	-0.07984875	4.397429
21.24	-11.49707	-11.67456	2.459922	-7	1.399093	1.136681	7.118065	-0.01878046	3.843213
21.26	-11.5032	-11.74285	2.477333	-7	1.305395	1.010039	10.10141	0.04228869	4.122755
21.28	-11.52079	-11.67456	2.359791	-7	1.373549	1.088563	8.299268	-0.003512851	3.963638
21.3	-11.49963	-11.67456	2.469329	-7	1.382617	1.113786	8.415988	-0.04931482	4.166716
21.32	-11.51237	-11.67456	2.396626	-7	1.407384	1.149058	7.54328	0.04228869	4.056314
21.34	-11.63395	-11.81114	1.846343	-7	1.381225	1.129257	8.513762	-0.03404721	4.170136
21.36	-11.49105	-11.67456	2.611027	-7	1.388739	1.097631	10.41153	-0.06458157	4.676154
21.38	-11.49661	-11.67456	2.561102	-7	1.43842	1.129626	7.872277	0.05755544	3.851913
21.4	-11.56307	-11.74285	2.247809	-7	1.426281	1.167222	7.481454	0.1338913	4.021543
21.42	-11.47324	-11.67456	2.722825	-7	1.393608	1.1165	9.020344	0.05755544	4.350216
21.44	-11.5427	-11.74285	2.375085	-7	1.383034	1.087276	8.266126	-0.2477877	3.813576
21.46	-11.56595	-11.74285	2.279373	-7	1.383742	1.115155	8.646786	-0.003512851	4.188036
21.48	-11.45186	-11.67456	2.868589	-7	1.352433	1.034733	10.26145	0.04228869	4.269933
21.5	-11.4775	-11.67456	2.690247	-7	1.379121	1.062559	7.986225	-0.09511635	3.615991
21.52	-11.52845	-11.74285	2.440847	-7	1.332387	1.044853	8.828132	-0.1256507	3.888012
21.54	-11.62176	-11.81114	2.008416	-7	1.321817	1.034433	9.757538	-0.003512851	4.08708
21.56	-11.52119	-11.74285	2.565846	-7	1.306424	0.9631301	12.26933	0.0880898	4.475779
21.58	-11.46572	-11.67456	2.811919	-7	1.362927	0.9899677	10.21687	-0.1256507	3.823716
21.6	-11.48221	-11.67456	2.683969	-7	1.394326	1.08133	7.908072	-0.07984875	3.678897
21.62	-11.46116	-11.67456	2.771757	-7	1.356274	1.069521	8.341686	0.07282305	3.905036
21.64	-11.42837	-11.67456	2.915518	-7	1.290849	0.9700991	9.602071	-0.2325206	3.78744
21.66	-11.54624	-11.74285	2.289423	-7	1.294148	0.9938277	8.627102	-0.09511635	3.571012
21.68	-11.65263	-11.81114	1.791546	-7	1.311756	1.051134	9.582779	0.103357	4.221824
21.7	-11.7051	-11.81114	1.590638	-7	1.407732	1.161077	9.495801	-0.1561846	4.67847
21.72	-11.48426	-11.67456	2.76811	-7	1.431155	1.109052	11.41299	0.01175433	4.912865
21.74	-11.54627	-11.74285	2.452413	-7	1.474655	1.134534	8.021296	-0.09511635	3.691329
21.76	-11.43727	-11.67456	3.018202	-7	1.416364	1.102343	9.14478	0.1644257	4.164762
21.78	-11.61292	-11.81114	2.133276	-7	1.40342	1.113837	7.305518	-0.03404721	3.552422
21.8	-11.44623	-11.67456	2.997904	-7	1.342075	1.043128	10.53003	-0.09511635	4.502612
21.82	-11.47947	-11.67456	2.760002	-7	1.378313	1.060277	7.638404	-0.04931482	3.501608
21.84	-11.49227	-11.74285	2.701657	-7	1.287475	0.9779822	9.763422	-0.03404721	3.856649
21.86	-11.47406	-11.67456	2.74339	-7	1.302056	0.988986	9.245925	-0.04931482	3.800968
21.88	-11.5	-11.67456	2.558135	-7	1.332757	1.052642	7.993751	0.04228869	3.773455
21.9	-11.59995	-11.74285	2.043273	7	1.363065	1.13207	76.0379	-0.01878046	22.59047
21.92	-11.52433	-11.74285	2.48521	7	2.674623	1.009358	91.43526	-0.1409175	19.94065
21.94	-10.79774	-11.74285	6.644863	7	3.512866	0.945442	103.673	1.798013	19.03865
21.96	-10.32872	-11.74285	9.432899	7	4.08851	0.9711257	98.91457	11.50794	14.67299
21.98	-10.02703	-11.67456	11.27182	7	4.326958	1.165593	90.38853	19.09572	12.37443
22	-10.05324	-11.60627	11.27276	7	4.506285	1.629246	76.83693	28.10336	11.09377
22.02	-10.46875	-11.67456	9.258032	7	4.782522	2.465616	61.39264	26.33236	11.78792
22.04	-10.86287	-11.67456	7.444145	7	5.18319	3.460256	49.60975	20.5003	14.54762
22.06	-9.43266	-10.65022	14.75006	7	5.053588	3.169923	58.77267	8.347631	16.98693
22.08	-9.859347	-10.7185	11.98433	7	5.458717	3.841617	25.0665	11.59954	9.406685
22.1	-9.823492	-11.12824	12.20469	7	4.653376	3.294263	41.49101	12.66824	13.58894
22.12	-9.8169	-10.03561	11.32963	7	5.483463	4.679109	10.20878	8.637708	12.48074
22.14	-9.203813	-10.44535	14.29343	7	4.516447	3.482825	35.69668	-7.163818	14.69518
22.16	-9.02988	-9.421001	13.95187	7	5.089556	4.292755	6.465866	2.500303	10.40659
22.18	-8.694828	-9.762449	15.00244	7	4.277765	3.509049	21.11147	2.240762	11.8766
22.2	-9.93114	-10.17219	7.852449	7	4.575203	4.232553	2.228933	-1.026414	9.857837
22.22	-9.855972	-10.44535	8.244882	7	4.089494	3.696711	33.21598	0.4850365	17.54921
22.24	-9.348901	-9.762449	10.35798	7	4.498414	3.625761	33.00262	-4.492063	15.64585
22.26	-8.01175	-9.079553	16.52158	7	4.267538	2.887518	40.524	2.805647	13.54028
22.28	-7.494861	-8.396656	17.72226	7	4.414729	3.137956	14.47149	12.62244	6.96034
22.3	-8.421766	-9.079553	11.88881	7	4.176153	3.66776	-0.6953697	3.70641	6.648314
22.32	-8.189308	-8.533236	12.10725	7	4.033923	3.962027	5.887371	-8.751605	12.7197
22.34	-7.663335	-8.123497	13.70595	7	3.925673	3.625594	9.671738	-21.71344	11.92435
22.36	-7.048107	-7.850338	15.68044	7	3.527529	2.899601	16.1538	-2.629467	9.886314
22.38	-5.022856	-5.733358	23.73332	7	3.591424	2.911664	1.831263	-0.5989329	7.284737
22.4	-6.753386	-6.825994	12.6269	7	3.830562	4.165026	-45.2552	-1.240154	-0.4972668
22.42	-7.834571	-7.850338	6.333685	7	3.040246	4.164609	-15.30801	-7.637101	11.98273
22.44	-7.797062	-7.50889	5.876858	7	3.221563	3.865324	7.270976	-21.39282	16.39896
22.46	-4.739704	-5.869938	20.53721	7	2.523794	1.497849	51.00487	-0.9348108	15.66066
22.48	-4.46821	-5.32362	19.57632	7	2.991455	1.614354	3.827839	9.874351	-1.051445
22.5	-6.008704	-6.552835	10.23812	7	2.638364	2.478321	-10.64747	25.08045	1.546812
22.52	-6.53691	-6.211386	6.421319	7	2.969683	3.627002	-8.672134	-6.324123	10.89141
22.54	-4.001131	-4.435854	18.03436	7	2.734634	2.610305	18.72327	-18.50733	14.29319
22.56	-3.477383	-4.504144	18.81013	7	2.328944	1.412017	6.359373	-5.927177	1.295412
22.58	-3.905091	-4.026116	14.32884	7	2.660552	2.756545	-26.9947	5.324731	0.546979
22.6	-4.108743	-4.162696	11.62855	7	2.337924	3.076247	-22.53794	-14.29359	5.930376
22.62	-4.090113	-3.752957	10.05641	7	2.544985	3.461282	-24.47817	-23.31649	7.872004
22.64	-3.638906	-3.752957	11.10365	7	2.191989	2.746847	-6.519329	-17.49969	9.099712
22.66	-1.982918	-2.318874	17.65725	7	2.107348	2.115858	-2.604397	-2.263055	6.855622
22.68	-1.652903	-2.045715	17.02514	7	2.004615	2.025078	-22.81946	1.477403	-0.2341223
22.7	-1.821697	-2.045715	14.04229	7	1.623409	2.184625	-28.87526	-1.392826	0.7004042
22.72	-3.038627	-2.045715	5.746492	7	2.386731	4.026175	-56.97168	-15.91191	3.275611
22.74	-0.8866423	-0.6799221	15.12158	7	1.893598	3.251157	-21.13009	-18.72107	12.27097
22.76	-0.3288748	-0.4067631	15.69149	7	1.773532	2.372578	-33.76144	-11.19435	0.9489698
22.78	-0.2051057	-0.2701836	14.12371	7	1.373205	2.253697	-37.82289	5.156792	0.3651896
22.8	1.137633	0.9590311	18.46487	7	0.8767315	1.695293	-31.03074	-11.49969	1.442411
22.82	1.428588	0.9590311	17.33404	7	0.1255774	0.6666706	-30.02482	-6.171452	-3.852012
22.84	1.155458	1.02732	13.3814	7	-0.2910944	0.4991193	-30.39928	-12.7058	-3.60618
22.86	0.3040607	1.02732	6.702856	7	0.1498598	1.582999	-41.63573	-1.835574	-0.4674816
22.88	1.216759	1.23219	9.871721	7	-0.4038992	0.5336722	-2.608107	-21.07221	6.045518
22.9	1.52433	1.23219	9.830237	7	-0.5559091	-0.5826777	9.00354	-16.6142	0.6563768
22.92	3.035588	2.529693	15.4996	7	-0.5802584	-1.037888	13.83349	-6.034047	-0.2874937
22.94	2.783329	2.461404	11.93855	7	-0.3895711	-0.6642513	-10.39953	10.4087	-6.583556
22.96	2.929562	2.871142	10.65268	7	-0.3924845	-0.03660962	-15.1807	0.9277847	-2.540092
22.98	3.822158	4.168647	12.75023	7	0.06330842	0.8057086	-31.21143	-3.179085	-1.591784
23	3.243323	3.076011	8.135696	7	-0.5617077	0.1507682	-23.62066	-17.71344	-3.456072
23.02	3.377687	3.485749	7.258044	7	-0.7121343	-0.0199826	-11.58252	-9.576033	0.156703
23.04	5.044289	4.851542	13.81199	7	-0.8071677	-0.6455495	-1.235272	-5.560764	0.0222826
23.06	5.353169	4.919833	13.1605	7	-1.016617	-1.119732	-13.17016	-4.079848	-7.382017
23.08	6.123091	5.466149	14.86946	7	-1.688913	-1.754673	-5.960731	3.034655	-6.808332
23.1	5.933691	5.739308	11.3945	7	-1.746284	-1.533616	-20.70556	-2.889009	-9.506735
23.12	4.975054	4.783254	4.899969	7	-2.268166	-1.800265	-6.756905	-9.270689	-6.091928
23.14	6.283579	6.353915	9.683447	7	-2.046661	-1.800359	6.897041	-15.05695	-0.9050589
23.16	7.602121	7.65142	13.79874	7	-1.473248	-1.437847	-14.5993	-23.05695	-6.663725
23.18	6.308091	6.080756	5.43866	7	-1.90677	-1.542893	-21.7952	-23.42336	-10.26484
23.2	7.732388	7.583131	10.89785	7	-2.223752	-1.847866	0.2382334	7.736944	-2.299912
23.22	6.875059	7.241681	4.465899	7	-1.653046	-1.162407	-27.33967	2.714045	-9.179211
23.24	7.717217	7.583131	7.421137	7	-2.157758	-1.662794	-0.761694	-7.667635	-2.054205
23.26	7.329523	7.309972	4.014665	7	-2.086331	-1.955689	-3.953598	-5.652368	-6.610533
23.28	6.996613	6.968522	1.432731	7	-2.155275	-2.025393	8.078307	-1.499696	-3.494964
23.3	7.543216	7.583131	3.285972	7	-1.845268	-1.962067	14.43522	1.523205	-1.773589
23.32	7.51639	7.309972	2.414567	7	-1.737539	-2.1382	15.51163	0.9735862	-4.067587
23.34	8.162346	7.924579	4.84779	7	-1.579	-2.054967	15.78411	9.996486	-3.438824
23.36	9.652303	9.358663	10.87311	7	-1.32235	-1.826076	1.296763	8.057555	-6.024424
23.38	8.821673	8.470897	5.251822	7	-1.590252	-1.702373	-18.38832	5.401067	-11.60193
23.4	9.190619	9.085504	5.877015	7	-1.92449	-1.562255	-11.02467	2.332365	-5.605874
23.42	8.076552	8.197738	-0.7027	7	-2.014835	-1.575616	-12.22549	-3.20962	-6.943602
23.44	9.824934	9.904979	7.069053	7	-1.955453	-1.694046	4.441866	-9.652369	-0.7111187
23.46	8.873244	8.675765	1.268648	7	-2.073333	-2.184928	-4.970168	-11.19435	-9.362597
23.48	7.869256	7.787999	-3.942221	7	-2.371079	-2.295581	14.37575	-10.00351	-3.527848
23.5	7.942881	7.924579	-3.415567	7	-2.180954	-2.550253	35.594	-1.881376	0.5884514
23.52	8.861352	8.744054	1.051785	7	-1.566543	-2.449088	35.07917	1.782747	-0.8376713
23.54	10.31504	9.70011	7.751368	7	-1.396574	-2.608505	25.995	10.62244	-5.126036
23.56	8.483562	8.197738	-2.068179	7	-1.287042	-1.87165	-4.339391	22.56137	-11.40423
23.58	8.054352	8.129447	-4.030074	7	-1.382683	-1.26056	10.95756	14.71404	-0.5118952
23.6	8.661345	9.017213	-1.085547	7	-0.7449306	-0.7555401	7.725725	-1.80504	0.7370157
23.62	9.515744	9.290372	3.065854	7	-0.775906	-1.148547	9.021423	-10.6142	-1.91679
23.64	9.282133	8.539186	1.859008	7	-1.452689	-2.178683	16.22565	3.401067	-6.090576
23.66	8.485818	8.470897	-2.409146	7	-1.207601	-1.496833	4.21672	19.50794	-5.368408
23.68	8.322762	8.470897	-3.117403	7	-1.017712	-1.01877	8.722802	6.866715	-0.6536694
23.7	8.296845	8.470897	-3.056179	7	-0.7042953	-0.7890995	9.101076	-7.576032	-0.1056633
23.72	8.644114	8.539186	-1.015628	7	-0.6699154	-0.9947912	14.86932	-9.423361	-0.07787132
23.74	8.661414	8.402606	-0.7199908	7	-0.7033688	-1.227439	14.36782	5.920151	-2.262287
23.76	8.076404	7.924579	-3.347879	7	-0.6885897	-1.098658	12.19627	11.99648	-2.479624
23.78	7.81922	7.856288	-4.160961	7	-0.5048406	-0.7690158	14.59466	5.538471	0.2829142
23.8	7.871758	7.856288	-3.332987	7	-0.3143221	-0.6889018	17.70365	2.011755	1.127685
23.82	8.009966	7.856288	-2.106581	7	-0.1990968	-0.7357433	18.17358	4.943051	0.3538761
23.84	8.055146	7.856288	-1.455366	7	-0.1142831	-0.6746077	14.47932	7.004119	-0.7098293
23.86	7.932036	7.787999	-1.712016	7	-0.04487282	-0.4726453	9.287152	9.065188	-1.050115
23.88	7.928274	7.856288	-1.410851	7	0.0170202	-0.2553278	5.883676	4.744579	-0.4498091
23.9	8.599158	8.470897	2.022736	7	0.03560096	-0.2232014	2.804482	0.2254948	-0.4918499
23.92	8.755527	8.470897	2.628994	7	-0.1871544	-0.4432681	-4.305764	0.4850365	-3.696156
23.94	8.555516	8.470897	1.299513	7	-0.3439777	-0.2785612	-12.04157	0.3934334	-4.04715
23.96	8.385173	8.402606	0.2197088	7	-0.5576071	-0.2775636	-10.38217	-0.8890092	-2.497755
23.98	8.292972	8.402606	-0.4300954	7	-0.6404413	-0.338508	-7.389681	-3.743971	-1.612393
24	8.38098	8.470897	-0.1413531	7	-0.6781484	-0.4665445	-3.501554	-6.278322	-1.177791
24.02	7.579584	7.583131	-3.971088	7	-0.8490539	-0.7618963	3.451245	-8.308856	-1.688446
24.04	8.488248	8.402606	0.7792502	7	-0.8526256	-1.075713	18.67313	-5.560764	1.766591
24.06	8.491057	8.470897	0.5134814	7	-0.4862927	-0.8631938	2.62629	2.347631	-3.549557
24.08	8.656308	8.402606	1.280687	7	-0.7067412	-0.959499	5.26759	0.6377087	-2.554426
24.1	8.621052	8.470897	0.8776388	7	-0.7589002	-0.9637873	1.540574	11.92015	-3.48449
24.12	8.311766	8.402606	-0.9115764	7	-0.6393905	-0.5757037	-4.997564	4.515571	-2.98517
24.14	8.45296	8.539186	-0.2955347	7	-0.6372697	-0.4855904	-1.704065	-3.270688	-0.9686127
24.16	9.344587	9.358663	3.753058	7	-0.5471847	-0.5250898	-4.548609	-7.545497	-1.749797
24.18	9.548488	9.358663	4.119089	7	-0.7597423	-0.7643231	-12.87353	-10.29359	-5.686123
24.2	9.74867	9.358663	4.508302	7	-1.372113	-1.366058	-6.684729	-2.736337	-5.869997
24.22	7.480638	7.856288	-7.274017	7	-1.246122	-0.6865674	-19.77384	2.133891	-6.808746
24.24	9.062119	9.358663	0.7832934	7	-1.23993	-0.7579673	12.63574	-4.675269	5.272091
24.26	9.344947	9.358663	1.715877	7	-0.9178472	-1.152317	0.1475158	-12.47679	-4.101968
24.28	8.703909	8.470897	-1.550227	7	-1.239862	-1.389634	3.889058	-16.18672	-4.509882
24.3	8.090689	7.856288	-4.221704	7	-1.555399	-1.835924	21.69178	3.630075	-1.548957
24.32	7.638913	7.924579	-6.141463	7	-0.9263905	-1.18975	19.18989	8.622441	0.2978859
24.34	7.778831	7.856288	-4.736371	7	-0.5636771	-0.9896406	26.26256	-0.9348108	2.498962
24.36	8.277183	7.856288	-1.473084	7	-0.582883	-1.537737	35.81086	2.744578	1.041941
24.38	8.279757	7.856288	-1.038601	7	-0.4072176	-1.490676	26.66422	17.69114	-2.403716
24.4	8.167578	7.924579	-1.299484	7	-0.2027537	-0.9476262	15.53383	12.95832	-2.263351
24.42	8.83854	8.744054	2.049558	7	0.05184925	-0.3707721	3.815021	8.027021	-1.375437
24.44	8.943275	8.744054	2.354914	7	-0.05399573	-0.2596799	-8.587921	-0.2935893	-4.077218
24.46	7.953404	7.787999	-2.510833	7	-0.5001277	-0.4026382	-7.471642	-0.2325206	-3.878135
24.48	7.740658	7.856288	-3.271535	7	-0.5916103	-0.3858684	4.016643	-3.148551	0.7919378
24.5	7.716513	7.787999	-3.021315	7	-0.4987358	-0.5750228	11.27052	-6.01878	1.070382
24.52	7.925965	7.787999	-1.56204	7	-0.4775021	-0.8690717	17.76694	-3.148551	0.60291
24.54	7.968873	7.924579	-1.172971	7	-0.2035445	-0.6215531	9.949427	4.958318	-1.018208
24.56	7.177297	7.036813	-4.595821	7	-0.2995535	-0.6153167	11.79944	5.126258	-0.9433346
24.58	7.850491	7.787999	-0.745357	7	-0.1517576	-0.5285668	18.74126	5.798014	2.456999
24.6	7.064224	6.968522	-4.234125	7	-0.008209735	-0.4565761	10.17974	-0.522597	-1.491304
24.62	8.088306	7.856288	1.362148	7	-0.04417631	-0.5270616	19.75497	7.645342	2.474083
24.64	7.957767	7.856288	0.5995047	7	0.2415552	-0.2103577	-1.643515	4.591907	-3.345008
24.66	8.2263	7.787999	2.10477	7	-0.2712548	-0.5887324	6.089412	1.950685	-1.582715
24.68	7.81346	7.856288	-0.2335902	7	-0.1053096	-0.1489408	-9.008183	1.630075	-3.465943
24.7	7.830728	7.787999	-0.1062473	7	-0.3396754	-0.1983296	-2.110665	-6.232521	-0.5133123
24.72	7.84869	7.787999	-0.02952668	7	-0.4548628	-0.4639048	1.592316	-8.522597	-0.9884176
24.74	8.110968	7.856288	1.282313	7	-0.69648	-0.9403743	9.33006	-6.308856	-1.259146
24.76	7.752932	7.787999	-0.7468246	7	-0.4857551	-0.6152694	-0.8164505	3.126258	-2.948318
24.78	7.789305	7.787999	-0.5517305	7	-0.5150776	-0.512957	3.448646	-1.789773	-0.5118198
24.8	7.876418	7.856288	-0.1452759	7	-0.4710745	-0.5673035	4.123278	-1.576032	-0.9028587
24.82	7.759674	7.71971	-0.7274364	7	-0.4546611	-0.5694644	3.691058	0.103357	-1.333288
24.84	7.89818	7.856288	-0.02701986	7	-0.429208	-0.5518799	4.879009	0.3323647	-0.7383337
24.86	7.98621	7.924579	0.3450209	7	-0.3951033	-0.544837	2.796292	-0.4157267	-1.474634
24.88	7.914206	7.856288	-0.08128676	7	-0.4105767	-0.5061585	1.015703	-0.2019866	-1.755443
24.9	7.909359	7.856288	-0.1336607	7	-0.4564443	-0.5209605	2.154231	-0.2477877	-1.274555
24.92	7.928521	7.856288	-0.06168491	7	-0.5006503	-0.6048127	3.629297	-0.186719	-1.291438
24.94	7.804039	7.787999	-0.7159193	7	-0.4645376	-0.5485507	2.497023	0.05755544	-1.444597
24.96	7.824702	7.787999	-0.5695549	7	-0.4714917	-0.5634508	4.857011	0.103357	-0.7518177
24.98	7.88512	7.856288	-0.2693573	7	-0.4135697	-0.5447521	4.256287	0.1491589	-0.9947996
25	7.916914	7.856288	-0.1166502	7	-0.4030854	-0.5424088	3.617815	-0.07984875	-1.25207
25.02	7.919939	7.856288	-0.1178674	7	-0.4093896	-0.5352606	2.986869	-0.1409175	-1.372223
25.04	7.995621	7.924579	0.2221009	7	-0.4279703	-0.5487302	2.887794	-0.1409175	-1.347198
25.06	7.893183	7.856288	-0.3467804	7	-0.4228545	-0.5046617	1.061378	0.05755544	-1.689871
25.08	7.908327	7.856288	-0.2666697	7	-0.4697292	-0.5391452	3.141112	-0.01878046	-1.06072
25.1	7.915499	7.856288	-0.240609	7	-0.482926	-0.5982459	3.933512	-0.03404721	-1.242889
25.12	7.877528	7.856288	-0.457525	7	-0.4398069	-0.5388752	2.834237	0.0880898	-1.310148
25.14	7.850951	7.787999	-0.5486597	7	-0.4720427	-0.586722	4.659032	0.01175433	-1.04581
25.16	7.901452	7.856288	-0.2864242	7	-0.4385326	-0.5784209	4.698001	-0.06458157	-1.035528
25.18	7.889172	7.856288	-0.3598529	7	-0.391838	-0.5169136	3.062264	-0.07984875	-1.286383
25.2	8.019112	7.924579	0.2908926	7	-0.4354482	-0.5818695	4.327908	-0.1561846	-1.13343
25.22	8.017584	7.924579	0.217075	7	-0.4546656	-0.6116364	2.718837	-0.003512851	-1.838454
25.24	7.863418	7.787999	-0.5689729	7	-0.5059522	-0.6145722	2.914676	-0.03404721	-1.712258
25.26	7.942931	7.924579	-0.1944497	7	-0.4718302	-0.5560701	3.601483	-0.3393908	-0.9625349
25.28	7.899984	7.856288	-0.4238861	7	-0.4619958	-0.5717288	3.257139	0.3018307	-1.362291
25.3	7.898094	7.856288	-0.4252148	7	-0.4564787	-0.5624553	3.814886	-0.07984875	-1.123219
25.32	7.848974	7.787999	-0.6307946	7	-0.4689021	-0.6005913	4.810486	0.103357	-1.144667
25.34	7.91087	7.856288	-0.2951782	7	-0.4440017	-0.5961408	5.28166	-0.01878046	-0.9805431
25.36	7.894951	7.856288	-0.3810659	7	-0.3932344	-0.53473	3.435144	-0.09511635	-1.320646
25.38	8.06589	7.992867	0.447827	7	-0.3987539	-0.5364249	3.441305	-0.09511635	-1.143449
25.4	7.925049	7.856288	-0.3074466	7	-0.4209251	-0.5350502	1.152826	-0.01878046	-1.965438
25.42	7.929785	7.856288	-0.2664487	7	-0.4922533	-0.5799966	3.715182	-0.04931482	-1.135108
25.44	7.881586	7.856288	-0.5255932	7	-0.4602396	-0.5584432	3.108632	-0.1561846	-1.302106
25.46	7.986477	7.924579	-0.0006822348	7	-0.4704356	-0.5936043	4.484111	-0.01878046	-1.018737
25.48	7.959102	7.924579	-0.1953977	7	-0.4257686	-0.5428362	2.114012	-0.03404721	-1.599616
25.5	7.972811	7.924579	-0.1496589	7	-0.4439407	-0.5287853	2.382439	0.04228869	-1.306023
25.52	7.927416	7.856288	-0.372861	7	-0.4908226	-0.5975831	3.532179	-0.01878046	-1.372619
25.54	7.848041	7.856288	-0.7828086	7	-0.4283912	-0.4969051	2.290016	-0.03404721	-1.21399
25.56	7.902681	7.856288	-0.4541191	7	-0.4482463	-0.5457218	4.6787	-0.003512851	-0.7463961
25.58	7.900002	7.856288	-0.4501867	7	-0.4173417	-0.5537785	4.077617	-0.03404721	-1.168685
25.6	7.901893	7.856288	-0.4182946	7	-0.4000669	-0.5260426	3.71563	-0.09511635	-1.134658
25.62	7.830308	7.787999	-0.7313049	7	-0.3947437	-0.5087603	3.571034	-0.03404721	-1.140202
25.64	7.791027	7.787999	-0.8705754	7	-0.3476922	-0.4328901	3.239655	-0.04931482	-0.8132944
25.66	7.928907	7.856288	-0.1072828	7	-0.3713736	-0.5122502	5.216667	-0.003512851	-0.6377745
25.68	7.949562	7.856288	-0.001125515	7	-0.3788745	-0.560908	3.894153	-0.1103831	-1.463485
25.7	7.920928	7.856288	-0.1624163	7	-0.3823903	-0.5120144	2.425121	0.01175433	-1.506913
25.72	7.980719	7.924579	0.1058202	7	-0.3972692	-0.4951436	2.166915	-0.07984875	-1.285818
25.74	7.919836	7.856288	-0.2267047	7	-0.4358266	-0.5275792	1.917613	-0.01878046	-1.547977
25.76	7.817633	7.787999	-0.7286392	7	-0.4510039	-0.5149869	2.562139	-0.003512851	-1.224113
25.78	7.879084	7.856288	-0.398194	7	-0.4350096	-0.5180712	3.992022	-0.03404721	-0.7614079
25.8	7.859757	7.787999	-0.4581314	7	-0.4524797	-0.5966074	4.903133	-0.03404721	-1.14325
25.82	7.910505	7.856288	-0.1991583	7	-0.4229959	-0.5735956	4.541301	-0.06458157	-1.119975
25.84	7.845572	7.787999	-0.5104536	7	-0.4139533	-0.5533361	3.723727	0.01175433	-1.350931
25.86	7.902092	7.856288	-0.2146356	7	-0.3983305	-0.5195211	3.850029	-0.03404721	-1.002212
25.88	7.933613	7.856288	-0.05726632	7	-0.4149094	-0.5587088	3.768474	0.1491589	-1.292293
25.9	7.925162	7.856288	-0.1199446	7	-0.4246662	-0.556554	3.103685	-0.06458157	-1.44599
25.92	7.842963	7.787999	-0.5262898	7	-0.4417353	-0.5485817	3.143064	-0.03404721	-1.360735
25.94	7.920371	7.856288	-0.123576	7	-0.4573852	-0.5824523	4.701837	-0.01878046	-0.9653234
25.96	7.845922	7.787999	-0.4977093	7	-0.445141	-0.5865667	3.855673	-0.09511635	-1.431633
25.98	7.953922	7.924579	0.01710594	7	-0.4002537	-0.5116162	3.283643	-0.03404721	-1.02338
26	7.842916	7.787999	-0.54025	7	-0.4143907	-0.5219263	2.458358	-0.03404721	-1.501178
26.02	7.83578	7.787999	-0.5335665	7	-0.4352032	-0.5318623	4.116986	0.05755544	-0.9187145
26.04	7.828312	7.787999	-0.5388505	7	-0.4137618	-0.5374316	4.335391	0.07282305	-0.9946127
26.06	7.903086	7.856288	-0.1530353	7	-0.3853872	-0.520466	4.085175	-0.01878046	-0.9872971
26.08	7.92169	7.856288	-0.07141274	7	-0.3832471	-0.5208091	3.071226	0.01175433	-1.346387
26.1	7.924482	7.856288	-0.07392669	7	-0.4050028	-0.5228631	2.695081	-0.1256507	-1.382145
26.12	7.947179	7.856288	0.02804476	7	-0.4590931	-0.588255	3.622406	-0.06458157	-1.370405
26.14	7.816538	7.787999	-0.6522937	7	-0.437003	-0.5293768	2.190256	-0.01878046	-1.526064
26.16	7.820231	7.787999	-0.5926789	7	-0.4455103	-0.5263076	4.160485	-0.03404721	-0.7949467
26.18	7.97932	7.924579	0.1922927	7	-0.4205993	-0.5612482	4.517602	0.1186246	-0.9354439
26.2	7.993954	7.924579	0.1956097	7	-0.4076695	-0.5512809	2.148983	0.02702108	-1.721194
26.22	8.005955	7.856288	0.2453648	7	-0.5389251	-0.700039	4.611516	0.05755544	-1.630857
26.24	7.950954	7.924579	-0.1364138	7	-0.4801418	-0.5885061	1.730094	-0.2172534	-1.819619
26.26	7.873483	7.856288	-0.5556886	7	-0.4790193	-0.5281975	1.940689	0.01175433	-1.329156
26.28	7.938028	7.924579	-0.2509167	7	-0.4601027	-0.5203641	2.952696	-0.06458157	-0.9355202
26.3	7.893364	7.856288	-0.4815654	7	-0.4567167	-0.5490181	2.996494	-0.07984875	-1.283182
26.32	7.904131	7.856288	-0.409575	7	-0.463299	-0.5701683	4.114756	0.103357	-1.060095
26.34	7.89187	7.856288	-0.4659708	7	-0.4341588	-0.5517977	3.713563	-0.1103831	-1.17899
26.36	7.891548	7.856288	-0.4523948	7	-0.4123459	-0.5228834	3.53256	0.04228869	-1.098605
26.38	7.972968	7.924579	-0.04832351	7	-0.3992348	-0.5182466	3.369491	-0.1256507	-1.095693
26.4	8.001678	7.924579	0.06880084	7	-0.4219358	-0.553123	2.801187	-0.03404721	-1.483396
26.42	7.850969	7.787999	-0.6796301	7	-0.4593528	-0.5620766	2.677258	-0.04931482	-1.583021
26.44	7.885577	7.856288	-0.4786617	7	-0.4512303	-0.5404801	4.138345	-0.01878046	-0.8475742
26.46	7.899437	7.856288	-0.3950271	7	-0.4288757	-0.5547994	4.086409	0.01175433	-1.10385
26.48	8.029027	7.992867	0.2113349	7	-0.3826119	-0.5028484	2.716674	0.01175433	-1.175846
26.5	7.912402	7.856288	-0.3991573	7	-0.4060687	-0.4998938	1.242407	-0.04931482	-1.710642
26.52	7.904156	7.856288	-0.4187259	7	-0.4484136	-0.5184596	3.027775	0.07282305	-1.054178
26.54	7.884041	7.856288	-0.5126771	7	-0.4327964	-0.5223487	3.147799	-0.04931482	-1.119439
26.56	7.951218	7.924579	-0.1842852	7	-0.4043373	-0.4987561	2.98384	0.07282305	-1.028268
26.58	7.974848	7.924579	-0.08868831	7	-0.4060591	-0.5099699	2.346124	-0.04931482	-1.340121
26.6	7.966151	7.924579	-0.1649562	7	-0.4121409	-0.494002	1.637601	-0.06458157	-1.410694
26.62	7.994551	7.924579	-0.03798562	7	-0.4634565	-0.5561671	2.791588	-0.07984875	-1.312705
26.64	7.970668	7.924579	-0.2009435	7	-0.4669052	-0.5601751	2.268979	-0.1256507	-1.503873
26.66	8.002103	7.924579	-0.05948514	7	-0.5150617	-0.6271726	3.823285	0.07282305	-1.331786
26.68	7.955977	7.924579	-0.3426214	7	-0.4835069	-0.5854166	2.538841	-0.04931482	-1.555382
26.7	7.984504	7.924579	-0.2074323	7	-0.508521	-0.6140772	3.921082	-0.003512851	-1.226212
26.72	7.892632	7.856288	-0.6740828	7	-0.4899659	-0.5993422	3.461732	-0.03404721	-1.429425
26.74	7.976349	7.924579	-0.2363611	7	-0.4868115	-0.6108716	4.992374	-0.03404721	-0.9486046
26.76	7.909621	7.856288	-0.5654638	7	-0.4646791	-0.6102334	4.092099	-0.07984875	-1.443778
26.78	7.907928	7.856288	-0.5365982	7	-0.4573057	-0.5902942	4.778903	-0.003512851	-1.073794
26.8	7.92178	7.856288	-0.4290688	7	-0.4502522	-0.6080312	5.189976	-0.07984875	-1.122797
26.82	7.92865	7.856288	-0.3650686	7	-0.4418159	-0.611447	5.056073	0.01175433	-1.236055
26.84	7.929853	7.856288	-0.3351957	7	-0.4368503	-0.6035971	4.773509	-0.06458157	-1.283339
26.86	7.838275	7.787999	-0.7559605	7	-0.4207094	-0.5605375	4.101683	-0.03404721	-1.292359
26.88	8.003083	7.924579	0.103548	7	-0.428331	-0.5898657	5.590606	0.02702108	-0.8353643
26.9	8.027876	7.924579	0.1907415	7	-0.4353454	-0.6295555	3.832851	-0.07984875	-1.7403
26.92	8.014211	7.924579	0.07444742	7	-0.4641074	-0.6098579	2.850435	-0.09511635	-1.75536
26.94	7.840366	7.787999	-0.7979492	7	-0.4906162	-0.5851708	2.732225	0.01175433	-1.613362
26.96	7.868813	7.856288	-0.6243979	7	-0.4645652	-0.543183	4.297384	-0.03404721	-0.7567539
26.98	7.908669	7.856288	-0.3927434	7	-0.4499511	-0.5894845	5.048733	-0.01878046	-0.9869022
27	7.844439	7.856288	-0.7237551	7	-0.3513563	-0.4479306	2.083079	-0.003512851	-1.238068
27.02	7.867661	7.787999	-0.5117629	7	-0.4180885	-0.5367204	5.096486	0.103357	-0.76085
27.04	7.848119	7.787999	-0.5592465	7	-0.4019442	-0.5606229	4.907454	-0.03404721	-1.095008
27.06	7.820637	7.787999	-0.6521129	7	-0.3585659	-0.4918446	3.953817	-0.03404721	-1.023455
27.08	7.822875	7.787999	-0.582039	7	-0.3351623	-0.4533373	3.749193	0.04228869	-0.868618
27.1	7.82801	7.787999	-0.5016378	7	-0.3201503	-0.4372857	3.417129	-0.003512851	-0.9082041
27.12	7.946797	7.856288	0.1314976	7	-0.3562937	-0.5086781	4.329725	-0.04931482	-0.9545889
27.14	7.86131	7.787999	-0.3043773	7	-0.3659169	-0.5078913	2.430305	0.02702108	-1.614508
27.16	7.925398	7.856288	0.01910818	7	-0.3987933	-0.5097146	3.240091	-0.1561846	-1.102332
27.18	7.924758	7.856288	-0.01680365	7	-0.4159954	-0.5358829	2.588049	0.07282305	-1.462467
27.2	7.984621	7.924579	0.2243989	7	-0.4291674	-0.5310422	2.180543	-0.003512851	-1.408649
27.22	7.988282	7.924579	0.1659527	7	-0.4568664	-0.548386	1.544352	0.0880898	-1.644312
27.24	8.00405	7.924579	0.1787996	7	-0.515964	-0.6087427	2.440604	-0.01878046	-1.582633
27.26	7.856093	7.856288	-0.6376363	7	-0.4819227	-0.5245431	0.7705112	-0.03404721	-1.66468
27.28	7.877378	7.856288	-0.515457	7	-0.502871	-0.5463771	3.629884	-0.01878046	-0.7999506
27.3	7.882448	7.856288	-0.4887597	7	-0.4721675	-0.5746004	4.077978	-0.04931482	-1.052047
27.32	7.894428	7.856288	-0.4198592	7	-0.4454521	-0.566242	4.15449	-0.1256507	-1.093321
27.34	7.960982	7.924579	-0.1049422	7	-0.4066845	-0.5275863	3.296798	-0.06458157	-1.157463
27.36	7.942376	7.856288	-0.1932619	7	-0.4488931	-0.5858606	3.667561	-0.003512851	-1.424853
27.38	7.993018	7.924579	0.03316492	7	-0.4555413	-0.5885412	3.55577	-0.07984875	-1.361461
27.4	7.922036	7.856288	-0.344332	7	-0.4718159	-0.5941232	3.050641	0.0880898	-1.586876
27.42	7.90599	7.856288	-0.4205326	7	-0.4800155	-0.5866382	3.872273	-0.01878046	-1.201623
27.44	7.823924	7.787999	-0.8019723	7	-0.4652658	-0.5770681	4.197587	-0.01878046	-1.165281
27.46	7.975071	7.924579	-0.02688667	7	-0.4400164	-0.5812792	5.274363	0.05755544	-0.7955894
27.48	7.988775	7.924579	6.991625e-05	7	-0.4105555	-0.5687302	3.02767	-0.03404721	-1.597045
27.5	7.924775	7.856288	-0.3289461	7	-0.4405077	-0.5551637	2.710413	-0.003512851	-1.525171
27.52	7.815606	7.787999	-0.8490248	7	-0.4404763	-0.5202269	3.011834	-0.06458157	-1.195024
27.54	7.909701	7.856288	-0.3240434	7	-0.450734	-0.5702446	5.390611	-0.003512851	-0.6914968
27.56	7.907186	7.856288	-0.3357862	7	-0.4114122	-0.5657456	4.029107	0.01175433	-1.304647
27.58	7.917456	7.856288	-0.271376	7	-0.4102934	-0.5461685	3.787994	0.0880898	-1.222861
27.6	7.946226	7.856288	-0.1110446	7	-0.4448503	-0.5985025	4.485495	-0.186719	-1.271256
27.62	7.884814	7.856288	-0.4450157	7	-0.3996541	-0.5130229	2.344265	-0.003512851	-1.462709
27.64	8.036085	7.924579	0.3288728	7	-0.4771471	-0.6248012	5.141568	0.04228869	-1.034695
27.66	7.995432	7.924579	0.04364127	7	-0.4576229	-0.6114975	2.399936	-0.003512851	-1.933233
27.68	7.922175	7.856288	-0.3464095	7	-0.4972464	-0.5963288	2.846789	0.0880898	-1.54433
27.7	7.89173	7.856288	-0.5041081	7	-0.4942556	-0.5849965	3.622936	-0.2172534	-1.195309
27.72	7.976879	7.924579	-0.08768037	7	-0.4846772	-0.6095979	4.516665	-0.01878046	-1.077402
27.74	7.807306	7.787999	-0.9414232	7	-0.4410498	-0.5449522	2.66144	0.04228869	-1.52855
27.76	7.904781	7.856288	-0.3894186	7	-0.453956	-0.5640811	5.482282	-0.1103831	-0.5981321
27.78	7.841704	7.787999	-0.6701587	7	-0.4252973	-0.5835665	4.698771	0.103357	-1.256101
27.8	7.80927	7.787999	-0.7806699	7	-0.3754402	-0.4970841	4.143785	0.1491589	-0.9298849
27.82	7.819992	7.787999	-0.6558139	7	-0.3464539	-0.4684049	4.286175	-0.03404721	-0.7731953
27.84	7.873371	7.787999	-0.309928	7	-0.3706875	-0.5374998	5.392371	0.103357	-0.8784113
27.86	7.86643	7.787999	-0.3093683	7	-0.364698	-0.541024	4.420575	0.04228869	-1.252616
27.88	7.912759	7.856288	-0.0761297	7	-0.3449402	-0.4851519	3.151281	-0.06458157	-1.197672
27.9	8.022226	7.924579	0.4452056	7	-0.3870232	-0.5326114	3.021749	-0.003512851	-1.363926
27.92	7.969905	7.856288	0.1348902	7	-0.4603022	-0.6042179	2.497398	-0.003512851	-1.884074
27.94	8.01523	7.924579	0.2970663	7	-0.510685	-0.6327012	3.121381	-0.06458157	-1.580797
27.96	7.965756	7.924579	-0.05145311	7	-0.4976876	-0.5874854	1.516655	0.04228869	-1.794905
27.98	7.802131	7.787999	-0.8896674	7	-0.5063002	-0.5455351	1.999977	-0.01878046	-1.402837
28	7.79005	7.787999	-0.8997428	7	-0.4894341	-0.5456123	4.608996	0.02702108	-0.6090593
28.02	7.792733	7.787999	-0.8345062	7	-0.4219503	-0.5329542	5.004343	-0.1256507	-0.7038889
28.04	7.810232	7.787999	-0.6855201	7	-0.3643111	-0.4966083	4.758323	-0.09511635	-0.7607279
28.06	7.931846	7.856288	-0.02876148	7	-0.3592463	-0.5294656	5.116467	-0.07984875	-0.8691988
28.08	7.957191	7.856288	0.09421945	7	-0.3756383	-0.5606353	3.749208	-0.07984875	-1.516868
28.1	7.938572	7.856288	-0.02293614	7	-0.3999437	-0.539574	2.641654	0.05755544	-1.578053
28.12	7.952791	7.856288	0.03641969	7	-0.4618338	-0.5934466	3.57607	-0.09511635	-1.422276
28.14	7.837118	7.787999	-0.5618647	7	-0.4633296	-0.5716037	2.872009	-0.09511635	-1.537843
28.16	7.901237	7.856288	-0.2327731	7	-0.4638506	-0.568326	4.35211	0.01175433	-0.9232779
28.18	8.001205	7.924579	0.2316726	7	-0.4612179	-0.6162128	4.244456	-0.1103831	-1.312911
28.2	7.92049	7.856288	-0.2252528	7	-0.4588308	-0.5901628	2.509362	-0.03404721	-1.772891
28.22	7.903282	7.856288	-0.325448	7	-0.4721878	-0.5637924	3.164312	-0.06458157	-1.257495
28.24	7.981738	7.924579	0.03882095	7	-0.4746351	-0.5912108	3.782056	0.02702108	-1.19559
28.26	7.824767	7.787999	-0.7626232	7	-0.4623698	-0.5638725	2.60164	0.02702108	-1.589787
28.28	7.87856	7.856288	-0.4648023	7	-0.4466617	-0.5304947	4.206089	-0.01878046	-0.7503529
28.3	8.000898	7.924579	0.1440445	7	-0.4487182	-0.6048591	4.814884	-0.04931482	-1.106806
28.32	7.866429	7.787999	-0.5355591	7	-0.4607644	-0.6153619	3.556249	0.07282305	-1.733989
28.34	7.964941	7.924579	-0.05392686	7	-0.4371382	-0.551862	3.879567	-0.09511635	-1.012332
28.36	7.880328	7.856288	-0.5063953	7	-0.4003938	-0.4965843	1.816823	-0.1103831	-1.499015
28.38	7.920197	7.856288	-0.273037	7	-0.4467141	-0.5440075	3.974485	-0.01878046	-0.9604282
28.4	7.920029	7.856288	-0.2722857	7	-0.449762	-0.5853691	4.009151	-0.06458157	-1.288723
28.42	7.896227	7.856288	-0.3986653	7	-0.4264913	-0.5430262	3.243293	0.01175433	-1.291181
28.44	7.971291	7.924579	-0.036717	7	-0.4168033	-0.5276486	3.227525	-0.03404721	-1.129449
28.46	7.958457	7.924579	-0.1481048	7	-0.3954144	-0.4877274	1.464376	0.05755544	-1.485968
28.48	7.899579	7.856288	-0.4442244	7	-0.4288689	-0.4944332	1.951814	0.07282305	-1.303601
28.5	7.886107	7.856288	-0.4979541	7	-0.4369571	-0.5072231	2.92542	-0.186719	-1.041765
28.52	7.902606	7.856288	-0.3939345	7	-0.4427492	-0.5473534	3.908844	0.01175433	-1.031971
28.54	7.839788	7.787999	-0.6718968	7	-0.4433196	-0.5686498	4.272875	0.103357	-1.175025
28.56	7.914551	7.856288	-0.2623417	7	-0.4328428	-0.5781583	5.19641	-0.07984875	-0.9094887
28.58	7.926939	7.856288	-0.1974894	7	-0.4179316	-0.5836521	4.272713	-0.03404721	-1.343153
28.6	7.919271	7.856288	-0.2386255	7	-0.4134347	-0.5529833	3.488964	0.04228869	-1.360598
28.62	7.926282	7.856288	-0.1991951	7	-0.4320588	-0.5625946	3.687276	-0.04931482	-1.283804
28.64	7.957075	7.924579	-0.08593905	7	-0.3977484	-0.5017393	2.206462	0.04228869	-1.333816
28.66	7.997757	7.924579	0.09031704	7	-0.4382785	-0.5439039	2.590354	-0.1103831	-1.381134
28.68	8.022885	7.992867	0.1275549	7	-0.4174237	-0.4925469	0.7046007	-0.03404721	-1.586304
28.7	7.909313	7.856288	-0.4642498	7	-0.4788187	-0.5313555	1.433873	-0.003512851	-1.555214
28.72	7.915959	7.924579	-0.4583379	7	-0.4489119	-0.4784582	1.806203	-0.01878046	-1.025046
28.74	7.888074	7.856288	-0.5791799	7	-0.4644177	-0.5332995	3.21041	-0.003512851	-1.05015
28.76	7.87925	7.856288	-0.6013511	7	-0.4413984	-0.5336235	3.718346	-0.06458157	-0.9944153
28.78	7.889746	7.856288	-0.5184134	7	-0.4188556	-0.530502	4.000454	-0.1256507	-0.9863558
28.8	7.995577	7.924579	0.02422863	7	-0.4218829	-0.5701531	4.493761	0.01175433	-1.068851
28.82	8.021284	7.924579	0.1250941	7	-0.4444968	-0.6127708	3.628309	0.01175433	-1.621502
28.84	7.985829	7.924579	-0.1034775	7	-0.4474097	-0.5667375	2.175215	0.103357	-1.691692
28.86	8.010077	7.924579	-0.001662195	7	-0.5058488	-0.6207703	3.548758	-0.06458157	-1.413978
28.88	7.846145	7.787999	-0.8198847	7	-0.5257137	-0.6403808	3.720343	-0.2172534	-1.593044
28.9	7.837588	7.856288	-0.8433341	7	-0.4475395	-0.5202454	3.839243	0.103357	-0.8006868
28.92	7.82167	7.787999	-0.8448675	7	-0.4314033	-0.5491101	5.218097	-0.186719	-0.7643776
28.94	7.878108	7.856288	-0.5157405	7	-0.3642534	-0.5014696	4.590647	-0.1103831	-0.8032913
28.96	7.955145	7.856288	-0.07672662	7	-0.3925874	-0.5745682	5.280735	0.01175433	-1.073149
28.98	7.961895	7.856288	-0.03545916	7	-0.414751	-0.6072518	4.422429	-0.01878046	-1.526889
29	8.01615	7.924579	0.2052348	7	-0.4302631	-0.5945365	3.582897	0.103357	-1.529469
29.02	7.945224	7.856288	-0.1784896	7	-0.4701706	-0.6089319	2.998514	0.02702108	-1.737691
29.04	7.919724	7.856288	-0.3153227	7	-0.4935667	-0.6073138	3.748906	-0.04931482	-1.348505
29.06	7.934965	7.856288	-0.2349098	7	-0.5180337	-0.6622398	5.088144	-0.06458157	-1.255531
29.08	7.911185	7.856288	-0.3700586	7	-0.4903629	-0.6399634	4.488056	-0.09511635	-1.399776
29.1	7.846162	7.787999	-0.6669382	7	-0.4867815	-0.628413	4.983526	-0.1256507	-1.238712
29.12	7.876992	7.856288	-0.4969799	7	-0.4224189	-0.5505567	4.473926	0.05755544	-0.9620695
29.14	7.863181	7.856288	-0.5586691	7	-0.3536742	-0.4566959	2.696518	-0.01878046	-1.08986
29.16	7.8317	7.787999	-0.6529117	7	-0.3683149	-0.4662363	3.458557	0.04228869	-0.9328585
29.18	7.972803	7.924579	0.06890291	7	-0.3531932	-0.4751568	3.595088	0.103357	-0.8614626
29.2	7.973889	7.924579	0.02837397	7	-0.3389662	-0.4496562	1.049837	0.02702108	-1.569571
29.22	7.966736	7.924579	-0.04608466	7	-0.3689634	-0.4234608	0.3725806	0.05755544	-1.421416
29.24	7.822622	7.787999	-0.7549751	7	-0.4224965	-0.4557498	1.176025	0.02702108	-1.332404
29.26	7.863414	7.856288	-0.5215665	7	-0.4185802	-0.4612463	3.029755	-0.06458157	-0.6798792
29.28	7.894456	7.856288	-0.3484222	7	-0.4111402	-0.5119281	3.553685	0.02702108	-0.9865532
29.3	7.914859	7.856288	-0.2367466	7	-0.4153885	-0.5400737	3.665156	-0.1103831	-1.174806
29.32	7.993196	7.924579	0.1318561	7	-0.4197057	-0.5540974	3.377439	0.02702108	-1.287808
29.34	7.871775	7.787999	-0.4757982	7	-0.4655286	-0.5961764	3.244717	0.02702108	-1.643273
29.36	7.818764	7.787999	-0.7143375	7	-0.4546123	-0.5512071	3.969148	-0.06458157	-1.04862
29.38	7.986388	7.924579	0.133081	7	-0.4435555	-0.5882946	5.219696	0.1186246	-0.8390579
29.4	8.003904	7.924579	0.1618563	7	-0.4294549	-0.5962044	3.027375	-0.04931482	-1.724745
29.42	8.027205	7.924579	0.2320151	7	-0.4858637	-0.6272674	3.19782	0.05755544	-1.664446
29.44	7.835851	7.787999	-0.7545106	7	-0.4988378	-0.5937068	2.330663	-0.2630549	-1.763409
29.46	7.879434	7.856288	-0.5118878	7	-0.4907273	-0.5695026	4.527818	0.1186246	-0.7646856
29.48	7.82425	7.787999	-0.7557468	7	-0.4617984	-0.5890491	4.74061	-0.1409175	-1.096865
29.5	7.861261	7.856288	-0.5489739	7	-0.3844996	-0.4966492	3.954948	0.01175433	-0.8537235
29.52	7.863215	7.787999	-0.4734987	7	-0.4074006	-0.55653	5.009589	-0.003512851	-1.001023
29.54	7.853144	7.787999	-0.4775956	7	-0.3970072	-0.5575757	4.828335	0.04228869	-1.110617
29.56	7.904624	7.856288	-0.2053547	7	-0.3622735	-0.5069562	3.836914	-0.1409175	-1.084085
29.58	7.910911	7.856288	-0.1754792	7	-0.3548321	-0.4793188	2.606455	0.04228869	-1.295391
29.6	8.016421	7.924579	0.3375191	7	-0.4034715	-0.5350323	3.165888	-0.09511635	-1.266757
29.62	7.941105	7.856288	-0.08559513	7	-0.4444825	-0.5692836	2.079721	-0.09511635	-1.808786
29.64	7.940304	7.856288	-0.103325	7	-0.5058569	-0.6168537	3.719818	-0.03404721	-1.362471
29.66	7.958946	7.924579	-0.07506077	7	-0.4726328	-0.5769459	2.697882	-0.2783225	-1.435521
29.68	7.943176	7.924579	-0.2155964	7	-0.4446601	-0.5145884	1.558965	0.1644257	-1.427301
29.7	7.877485	7.856288	-0.5576532	7	-0.4519748	-0.5025285	1.953396	-0.09511635	-1.247963
29.72	7.885632	7.856288	-0.4976491	7	-0.4591437	-0.5313871	3.528747	0.04228869	-0.9352884
29.74	7.892509	7.856288	-0.4497768	7	-0.4419473	-0.5502418	3.894339	-0.04931482	-1.063424
29.76	8.000761	7.924579	0.09213555	7	-0.4515464	-0.6008008	4.654955	-0.1103831	-1.120803
29.78	8.048234	7.924579	0.2961867	7	-0.4991099	-0.6917433	4.633999	-0.03404721	-1.689693
29.8	7.914202	7.856288	-0.4303212	7	-0.4867774	-0.6186363	2.514232	-0.06458157	-1.906239
29.82	7.952365	7.924579	-0.2595809	7	-0.4742952	-0.5550031	3.177194	-0.1714523	-1.107353
29.84	7.940304	7.856288	-0.3072672	7	-0.5188955	-0.654497	4.778833	0.05755544	-1.308907
29.86	7.906817	7.856288	-0.4789955	7	-0.4949515	-0.6358311	4.536214	-0.1714523	-1.340831
29.88	7.914548	7.856288	-0.421647	7	-0.483597	-0.629586	5.096325	-0.09511635	-1.157911
29.9	7.912542	7.856288	-0.4179179	7	-0.4586357	-0.6130496	4.81452	-0.03404721	-1.233256
29.92	7.850372	7.787999	-0.6846434	7	-0.4542534	-0.6066754	5.017107	-0.1561846	-1.215828
29.94	7.797891	7.787999	-0.899501	7	-0.3872129	-0.5058398	4.15242	0.1186246	-0.9508486
29.96	7.815021	7.787999	-0.7315353	7	-0.3538156	-0.4740219	4.638649	0.02702108	-0.6754198
29.98	8.020008	7.924579	0.3354446	7	-0.3654059	-0.5518053	5.500675	-0.003512851	-0.835207
30	7.889441	7.787999	-0.3244217	7	-0.3867945	-0.5706356	2.958795	0.1796929	-1.913721
30.02	7.870961	7.787999	-0.3749984	7	-0.4367073	-0.5680311	4.369534	-0.1103831	-1.153487
30.04	7.894047	7.856288	-0.266282	7	-0.3998422	-0.5244967	3.458553	-0.2172534	-1.166893
30.06	7.846271	7.787999	-0.4821165	7	-0.4125527	-0.5323163	3.560595	0.02702108	-1.226717
30.08	7.965947	7.924579	0.09920704	7	-0.3862031	-0.501379	3.256663	-0.01878046	-1.015626
30.1	7.916332	7.856288	-0.1802869	7	-0.397459	-0.5085139	1.89837	0.01175433	-1.572249
30.12	7.935907	7.856288	-0.08208945	7	-0.4566134	-0.5624188	3.389804	0.01175433	-1.245112
30.14	7.86012	7.856288	-0.5071436	7	-0.4048458	-0.4755361	1.357322	-0.07984875	-1.420977
30.16	7.857936	7.787999	-0.4653405	7	-0.4729782	-0.5651016	4.463847	0.04228869	-0.9125252
30.18	7.88242	7.856288	-0.3508505	7	-0.4220107	-0.5406704	3.755636	-0.003512851	-1.095598
30.2	7.866374	7.787999	-0.3960072	7	-0.4507289	-0.594766	4.79587	-0.06458157	-1.168356
30.22	7.855823	7.787999	-0.4214497	7	-0.446226	-0.603392	5.062506	-0.03404721	-1.167982
30.24	7.841545	7.787999	-0.4692647	7	-0.420243	-0.5715306	4.670287	-0.06458157	-1.14733
30.26	7.980488	7.924579	0.2081004	-7	-0.3864537	-0.5357778	-64.72673	-0.01878046	-19.65778
30.28	7.900412	7.856288	-0.241559	-7	-1.739773	-0.4758362	-79.10027	-0.4309943	-17.10219
30.3	7.184273	7.856288	-4.339348	-7	-2.610136	-0.4734122	-90.36491	-3.072215	-16.24354
30.32	6.691648	7.856288	-7.256444	-7	-3.173059	-0.4849972	-86.12128	-13.6829	-11.98683
30.34	6.345209	7.856288	-9.378904	-7	-3.278625	-0.4465021	-81.48087	-26.66	-9.538366
30.36	8.324695	9.222083	0.04230165	-7	-3.778628	-1.619422	-57.98993	-42.72107	-7.791685
30.38	7.735757	8.402606	-3.907322	-7	-4.210688	-2.498274	-69.59271	-48.52259	-18.34595
30.4	7.033642	7.583131	-7.745612	-7	-5.115265	-3.329005	-46.1778	-41.80504	-14.27194
30.42	8.057095	8.470897	-3.041514	-7	-5.577387	-4.468711	-19.52571	-16.88901	-11.83454
30.44	7.166145	7.856288	-8.262688	-7	-5.316935	-4.399892	-32.91067	-0.5531313	-17.88038
30.46	6.476204	7.241681	-11.70999	-7	-5.320247	-4.165376	-19.86567	-0.09511635	-12.29077
30.48	8.244036	9.017213	-3.206384	-7	-4.814393	-4.022336	-14.20526	-2.6142	-9.510989
30.5	8.102264	8.470897	-4.549588	-7	-4.742235	-4.210072	-31.233	-4.064581	-18.12389
30.52	7.074128	7.309972	-9.679198	-7	-5.312111	-4.550801	-20.59856	-1.530231	-16.17089
30.54	6.817121	7.51484	-10.84078	-7	-5.125957	-4.304652	-12.06618	0.6224411	-11.72419
30.56	6.445161	7.036813	-12.23655	-7	-4.936318	-4.388409	-2.837731	-3.514963	-10.91413
30.58	5.878279	6.353915	-14.19188	-7	-4.756461	-4.50615	8.554235	-11.7287	-9.81539
30.6	6.661187	6.968522	-9.416502	-7	-4.421214	-4.59538	18.24075	-11.49969	-8.159081
30.62	6.598472	6.422206	-8.928098	-7	-4.478809	-5.141312	19.03556	-1.118017	-13.01019
30.64	5.99106	6.080756	-11.24403	-7	-4.259593	-4.703343	10.75619	15.18732	-13.32375
30.66	5.635654	5.739308	-11.98376	-7	-4.20687	-4.517404	16.14825	19.41633	-10.43585
30.68	5.177033	5.397861	-13.15504	-7	-3.934463	-4.268147	16.71712	6.454502	-9.675017
30.7	5.222533	5.124701	-11.52057	-7	-3.994812	-4.627666	30.06926	0.8667156	-8.205837
30.72	4.943142	4.783254	-11.62519	-7	-3.868989	-4.785248	31.10331	4.546105	-10.0671
30.74	5.85296	5.739308	-6.204906	-7	-3.517628	-4.443519	24.58873	6.943051	-9.647202
30.76	4.10564	4.510095	-14.28181	-7	-2.895539	-3.126781	-10.2769	11.35526	-14.37438
30.78	4.157365	4.168647	-12.30976	-7	-3.387998	-3.411496	19.83697	1.569006	-4.542338
30.8	3.485548	3.827197	-14.34199	-7	-2.930704	-3.241372	13.74083	1.110991	-7.50683
30.82	2.529895	2.461404	-16.98339	-7	-3.16837	-3.716918	35.05477	-0.4309943	-4.796333
30.84	2.200817	2.597983	-16.66685	-7	-2.396786	-3.051564	33.90857	13.44687	-2.665691
30.86	2.423331	2.597983	-13.53475	-7	-1.838611	-2.656729	32.46576	10.97359	-2.267492
30.88	0.7132716	1.300479	-20.05435	-7	-0.9920803	-1.355409	8.080179	19.96595	-4.642132
30.9	0.8670303	1.300479	-16.60109	-7	-0.7208738	-0.8677801	22.906	19.04992	3.577891
30.92	-0.7113408	0.3444233	-22.12592	-7	0.4487321	0.6021903	-5.478964	16.04229	0.2595739
30.94	0.3267934	0.3444233	-13.66013	-7	0.01687953	-0.248097	31.78096	16.88198	7.834164
30.96	0.1937985	0.3444233	-12.1728	-7	0.5229662	-0.2147656	9.41774	23.5232	-1.41275
30.98	0.5932408	0.3444233	-8.07515	-7	0.2012867	-0.3988065	9.086518	28.25603	-1.175735
31	-0.8181592	0.3444233	-14.09773	-7	1.427539	2.081923	-48.91896	17.49267	-4.682348
31.02	-1.157802	-1.02137	-13.2117	-7	0.2668248	1.128621	-9.849133	0.103357	4.411166
31.04	-1.728021	-1.02137	-14.16812	-7	0.5628503	1.124241	-13.5262	-5.621833	2.211946
31.06	-1.02941	-1.362819	-8.292925	-7	-0.3242126	-0.573213	22.7636	5.172059	3.876473
31.08	-3.243827	-2.728612	-17.65125	-7	0.2901554	0.1600731	-4.310832	7.859082	-3.098433
31.1	-2.789449	-3.070061	-12.43679	-7	-0.4551214	-0.8984629	45.16058	13.3858	7.908918
31.12	-2.04555	-1.772556	-7.258634	-7	0.6037242	-0.3004186	19.0425	-4.873742	1.144875
31.14	-2.913043	-3.411509	-9.639523	-7	0.1185956	-0.7682165	19.7971	11.96595	-2.155467
31.16	-4.059685	-3.684668	-13.64185	-7	0.6121352	0.3834381	4.94821	3.59954	0.5820169
31.18	-4.261605	-4.026116	-12.42037	-7	0.6752241	0.5445627	17.43157	-3.224887	5.746612
31.2	-4.4892	-4.435854	-11.37448	-7	0.7919527	0.2850182	22.88373	-5.041681	4.571569
31.22	-4.853293	-4.777303	-11.1238	-7	1.050051	0.4725913	20.01431	9.416334	3.891957
31.24	-5.096441	-5.18704	-10.18452	-7	1.071241	0.4179972	23.68147	8.652975	4.373993
31.26	-4.094137	-4.094406	-3.679746	-7	1.453264	0.7895772	13.08855	10.4545	3.857511
31.28	-5.967907	-6.074806	-11.41611	-7	1.268649	0.8980893	-2.015445	6.423967	-1.574793
31.3	-6.630193	-6.484545	-12.49754	-7	1.07364	1.056027	17.09812	2.057555	7.123383
31.32	-6.215147	-5.801648	-8.634393	-7	1.696986	1.473614	14.03966	-6.553131	7.856562
31.34	-6.205246	-6.484545	-6.663683	-7	1.457544	0.8071544	20.60264	6.943051	4.788957
31.36	-6.606807	-6.757704	-7.057417	-7	1.493711	0.8572234	14.49718	14.30183	3.017732
31.38	-7.399868	-7.50889	-9.225902	-7	1.399777	0.9208641	16.5558	2.79038	4.122473
31.4	-6.391256	-6.757704	-2.524018	-7	1.220384	0.4186287	30.62288	1.767479	6.616875
31.42	-7.505949	-7.4406	-7.093432	-7	1.715136	1.136759	0.72154	0.2407616	-0.207159
31.44	-6.607639	-6.825994	-1.290404	-7	1.428933	1.101409	13.06732	3.401067	6.019773
31.46	-7.93637	-7.918628	-6.977459	-7	1.514583	1.2737	-4.585744	-9.545497	0.04727173
31.48	-7.070396	-7.099152	-1.516227	-7	1.348595	1.283262	8.850098	4.637708	6.71928
31.5	-6.62891	-6.825994	1.1799	-7	1.312256	0.9414279	-1.261706	-11.28595	1.005009
31.52	-8.731302	-8.738104	-8.500365	-7	1.036361	1.119232	-9.476215	9.569006	-1.0498
31.54	-8.816689	-8.533236	-7.519808	-7	0.9940326	1.273621	14.21713	-12.12565	9.008884
31.56	-8.216827	-8.191787	-3.345247	-7	1.223224	0.8218822	22.54256	-6.278322	7.313246
31.58	-7.536204	-7.782049	0.7654364	-7	1.393243	0.6737827	14.78102	12.05756	3.180168
31.6	-8.940967	-8.738104	-5.744065	-7	1.770286	1.680661	-12.92167	9.935417	-0.2784252
31.62	-8.280397	-8.396656	-1.323006	-7	1.332709	1.388006	9.962814	-1.835574	7.600853
31.64	-9.626192	-9.48929	-7.186874	-7	1.49668	1.414142	-0.2830622	-10.93481	2.418619
31.66	-7.873464	-8.191787	2.622056	-7	1.177024	0.7694299	25.77731	-12.15618	8.910011
31.68	-9.28758	-9.147842	-4.22866	-7	1.736814	1.407189	-10.94888	8.866715	-1.708627
31.7	-8.526694	-8.942973	0.6179545	-7	1.023294	0.8193941	18.28913	-2.430994	6.878061
31.72	-9.307985	-9.011263	-3.114569	-7	1.659622	1.560435	-9.63377	14.68351	0.9148045
31.74	-8.992443	-9.079553	-0.7609882	-7	1.335435	1.399366	5.151693	-19.42336	6.032549
31.76	-10.6029	-10.1039	-8.198219	-7	1.816966	2.13853	-12.10185	13.12626	3.185006
31.78	-9.798069	-10.1039	-2.568574	-7	1.133447	0.975189	32.50774	-11.60657	11.53549
31.8	-8.927138	-8.806395	2.023094	-7	1.984524	1.371408	7.703848	12.46977	4.245088
31.82	-9.436706	-10.1039	0.1923547	-7	1.314903	0.664978	11.691	-4.430994	1.09895
31.84	-8.81997	-8.806395	3.270047	-7	1.647757	1.415341	-3.329478	21.32473	2.784918
31.86	-9.889306	-10.03561	-1.792082	-7	1.339317	1.363936	-8.751801	-7.606566	0.5163641
31.88	-10.09321	-10.03561	-2.226412	-7	1.16903	1.365156	3.830643	-1.759238	5.760022
31.9	-9.059166	-9.147842	3.221252	-7	1.222883	1.016118	10.09454	-9.179085	5.728383
31.92	-8.779659	-9.147842	4.496666	-7	1.086918	0.6347262	1.505009	-4.736337	0.1718493
31.94	-8.891241	-9.147842	3.646626	-7	0.8909321	0.7301145	-6.654455	3.416334	-0.7381897
31.96	-9.207316	-9.147842	1.724014	-7	0.8674955	1.115806	-13.79892	-0.8432077	0.3631535
31.98	-7.941536	-8.055207	7.566807	-7	0.653164	0.8395407	-7.366889	-11.25542	2.487426
32	-7.983817	-8.123497	6.374637	-7	0.4951745	0.655957	-22.82981	-8.843206	-3.714514
32.02	-7.86756	-8.123497	6.161501	-7	-0.1173028	0.2355706	-15.94216	-5.728703	-2.114626
32.04	-9.776593	-9.421001	-3.962684	-7	-0.1192964	0.629181	-22.62433	-7.896643	-2.542888
32.06	-9.470118	-9.48929	-1.910715	-7	-0.640995	-0.2761611	23.54071	-13.4997	7.553896
32.08	-9.687522	-9.421001	-2.924052	-7	0.0815192	-0.2008046	19.71936	-12.53786	3.444197
32.1	-9.024666	-9.557581	1.014933	-7	-0.1433269	-1.031302	42.70604	1.126258	4.762341
32.12	-8.141426	-8.123497	4.906971	-7	0.8667031	0.02564466	10.5078	7.87435	-0.04513741
32.14	-8.6036	-9.147842	2.524249	-7	0.4690496	-0.09055066	5.141387	14.01175	-2.335601
32.16	-9.258103	-9.147842	-0.9052856	-7	0.6753507	0.717227	-5.644413	1.584273	0.1643362
32.18	-8.959734	-9.147842	0.8900114	-7	0.3548174	0.294251	12.13066	-2.812673	4.026517
32.2	-8.981598	-9.147842	0.831628	-7	0.4138781	0.05194387	11.54385	-8.476795	1.463657
32.22	-8.853765	-9.079553	1.530607	-7	0.4074211	0.004961707	12.74331	5.538471	1.572056
32.24	-9.922318	-10.1039	-3.465061	-7	0.340717	-0.01356311	13.77863	0.5155708	0.84484
32.26	-10.02208	-10.1039	-3.24343	-7	0.4306977	0.03345187	28.27752	-0.5683985	5.782536
32.28	-9.954114	-10.1039	-2.213999	-7	0.7550594	0.01302827	31.38704	0.3934334	5.099328
32.3	-9.637726	-10.1039	0.08813953	-7	0.8149498	-0.2333951	35.81728	7.32473	4.18409
32.32	-9.945203	-10.1039	-1.080586	-7	1.303191	0.4662378	17.85148	11.17206	1.919808
32.34	-9.70904	-10.1039	0.7234328	-7	1.19227	0.4928308	21.83621	7.462135	4.084069
32.36	-9.820365	-10.03561	0.4757246	-7	1.371543	0.774928	11.19911	1.3858	2.273941
32.38	-8.768064	-9.147842	5.816559	-7	1.28315	0.7378932	9.988741	2.408701	3.123998
32.4	-8.751984	-9.147842	5.482107	-7	1.13403	0.7100974	-6.922647	-1.438627	-2.05838
32.42	-8.919755	-9.147842	4.201335	-7	0.817807	0.8661433	-12.78586	0.8056473	-1.08167
32.44	-9.024098	-9.147842	3.286107	-7	0.4903324	0.7178073	-9.758959	-10.38519	0.2752905
32.46	-9.043907	-9.147842	2.8327	-7	0.2383066	0.4043302	-3.523707	-11.95771	0.8717899
32.48	-7.930929	-8.123497	7.719943	-7	0.1389803	0.07756989	-0.06035852	-6.064581	0.889576
32.5	-7.785505	-8.123497	7.412805	-7	-0.08413444	-0.2313316	-10.24702	-3.942444	-4.267146
32.52	-8.033139	-8.191787	5.161888	-7	-0.3520076	-0.1472758	-14.4554	-2.049314	-3.806627
32.54	-8.201756	-8.191787	3.469707	-7	-0.5396221	-0.1532577	-10.54863	-13.56076	-1.716971
32.56	-8.117776	-8.123497	3.196882	-7	-0.6721718	-0.4099678	-2.091531	-9.91191	-0.4949217
32.58	-8.05019	-8.123497	2.913801	-7	-0.7248043	-0.6906327	3.813289	-4.782139	-0.826479
32.6	-9.158744	-9.147842	-2.848612	-7	-0.7140127	-0.7101171	8.04454	-2.766872	-0.9965496
32.62	-9.186296	-9.147842	-2.683211	-7	-0.5716422	-0.7481308	27.28402	0.1644257	4.408808
32.64	-9.048706	-9.216132	-1.605393	-7	-0.2674482	-0.996029	35.76117	1.507937	3.45925
32.66	-8.83939	-9.079553	-0.2580922	-7	0.151137	-0.7894495	32.30087	14.83618	2.164382
32.68	-9.711735	-10.03561	-4.004498	-7	0.2910184	-0.6033378	30.06054	13.06519	1.155029
32.7	-8.446615	-8.738104	2.773291	-7	0.6168033	-0.3130113	34.10106	10.01175	5.125372
32.72	-8.466893	-8.806395	2.591553	-7	0.9476319	0.0372971	10.40683	3.141525	-1.540123
32.74	-9.318151	-9.830739	-1.228231	-7	0.4866685	-0.07567029	14.13958	0.698777	-0.225976
32.76	-9.712843	-9.69416	-2.778284	-7	0.7152315	0.4353468	13.96992	7.401067	3.386801
32.78	-8.667737	-8.874683	2.804377	-7	0.8191977	0.3045341	20.81327	-7.087482	5.069044
32.8	-8.407678	-8.738104	3.951186	-7	0.9315671	0.289041	5.499648	-1.026414	-0.6170101
32.82	-8.490582	-8.874683	3.381811	-7	0.6540838	0.3005314	0.3056688	5.401067	-1.053752
32.84	-8.834404	-8.806395	1.349061	-7	0.7227861	0.8026068	-9.996311	10.3171	-0.343358
32.86	-9.8866	-10.03561	-3.502563	-7	0.2386348	0.362155	5.9648	-11.6829	2.059238
32.88	-10.18122	-10.1039	-4.310935	-7	0.3380579	0.229295	22.76117	-4.049314	6.106624
32.9	-8.980187	-9.216132	2.189123	-7	0.56989	-0.1727428	33.89321	-9.224886	6.31504
32.92	-8.751842	-9.147842	3.285645	-7	0.8477378	-0.1190163	16.43605	4.485036	-0.4118204
32.94	-8.679599	-9.079553	3.538186	-7	0.7753776	0.1760046	6.790726	13.90488	-0.6420612
32.96	-10.30494	-10.1039	-4.562265	-7	1.02194	1.141248	-10.53882	9.828547	-0.4840822
32.98	-8.791175	-9.011263	3.551841	-7	0.6412791	0.5668282	20.81144	-8.430994	8.323723
33	-9.104852	-9.079553	1.630849	-7	1.124333	0.7940428	-5.549398	-5.789772	-1.019611
33.02	-8.327124	-9.079553	5.72594	-7	0.2427265	-0.2442985	17.78445	-1.988246	2.08033
33.04	-9.477601	-9.079553	-0.7688153	-7	1.053595	1.138957	-21.95362	5.630074	-3.122406
33.06	-8.552558	-9.079553	4.224388	-7	0.08215404	0.06277883	16.28341	-6.354657	5.042891
33.08	-9.517583	-9.147842	-1.17906	-7	0.8203048	0.8840073	-14.24711	-2.308856	-1.705885
33.1	-8.556275	-9.079553	4.000293	-7	0.003262341	-0.1747969	21.18968	-6.308856	4.991559
33.12	-9.822634	-9.147842	-2.995316	-7	1.163142	1.378133	-22.13469	3.965952	-1.781814
33.14	-8.365044	-9.147842	5.029726	-7	-0.09954077	-0.3703243	31.57879	-2.308856	7.123514
33.16	-9.87167	-9.147842	-3.301408	-7	1.318609	1.387572	-24.49261	4.240762	-3.273086
33.18	-8.189311	-9.147842	5.970107	-7	-0.1804908	-0.556083	36.55273	-1.194353	7.544455
33.2	-10.72095	-10.17219	-7.159696	-7	1.016259	0.8809029	-15.51963	3.859082	-4.424951
33.22	-9.278605	-10.03561	1.420534	-7	-0.1745864	-0.6256123	51.49382	-6.247787	10.96682
33.24	-10.66926	-10.1039	-5.692443	-7	1.38849	0.8685815	1.591347	4.454502	-0.4117012
33.26	-9.322024	-10.1039	2.300058	-7	0.5293892	-0.2576561	46.84993	-13.28596	9.118382
33.28	-11.39834	-10.1039	-8.511766	-7	2.807836	2.999689	-33.72306	12.33236	-0.6456156
33.3	-9.177904	-10.1039	4.366353	-7	1.119777	0.8574819	41.05293	1.3858	13.99241
33.32	-9.54431	-8.738104	1.61201	-7	2.95747	2.868988	-37.34158	9.70641	-1.945041
33.34	-6.850956	-8.738104	15.75535	-7	0.319211	-0.4903492	30.73727	2.515571	4.472606
33.36	-9.030247	-8.738104	2.957788	-7	1.346359	1.274765	-52.41216	9.553739	-12.85449
33.38	-9.681838	-10.03561	-0.02894521	-7	-0.1466997	0.6778225	-5.841679	-15.31649	3.243529
33.4	-11.22483	-10.03561	-8.048968	-7	0.9692572	2.080066	-24.61763	0.9277847	3.826731
33.42	-9.143638	-9.216132	3.145955	-7	0.4818205	0.738762	26.88255	-17.97298	12.68667
33.44	-12.34667	-10.17219	-13.65883	-7	3.293771	4.634608	-68.74343	15.81328	-0.5704298
33.46	-9.643697	-10.03561	2.007514	-7	1.498328	2.273255	29.45872	8.546105	20.64821
33.48	-11.28445	-10.1039	-6.46646	-7	3.341198	3.774815	-41.51999	3.59954	0.9672031
33.5	-8.446959	-10.03561	9.515335	-7	0.8229715	0.2014694	49.47954	5.950686	12.83095
33.52	-10.43322	-10.1039	-1.30611	-7	2.160091	1.636147	-28.10715	-0.6752688	-7.046845
33.54	-8.651544	-10.1039	8.616997	-7	0.05045056	-0.6214571	41.94324	12.48504	7.175398
33.56	-10.86874	-10.1039	-3.589153	-7	1.711807	1.680947	-33.13115	-9.606565	-5.91713
33.58	-7.361109	-9.079553	14.80829	-7	-0.6474729	-1.507916	57.70646	-3.514963	9.543808
33.6	-10.06872	-9.079553	-0.9680147	-7	1.669533	1.61791	-56.65063	-9.881375	-12.91888
33.62	-7.413756	-9.147842	13.05371	-7	-1.231221	-1.572756	46.00804	-0.2325206	7.687681
33.64	-10.45883	-9.079553	-4.394015	-7	1.24019	1.716133	-59.97331	-1.637101	-11.15141
33.66	-8.598802	-9.216132	5.622024	-7	-0.5590965	0.0292567	24.09081	2.546105	10.73897
33.68	-10.90896	-9.079553	-7.401982	-7	1.949081	3.089082	-60.44589	-4.797406	-3.120014
33.7	-8.537717	-9.079553	5.556973	-7	0.2315774	0.8299562	23.84583	4.576639	13.63725
33.72	-10.78162	-9.147842	-6.856174	-7	2.506652	3.490762	-61.41165	-6.354657	-3.004918
33.74	-8.147014	-9.079553	7.621057	-7	0.3453149	0.6504005	29.31296	7.981219	13.21946
33.76	-8.628966	-8.123497	3.865262	-7	1.641843	1.601187	-35.34842	-14.44626	-5.236014
33.78	-7.163877	-8.123497	11.03516	-7	0.05072939	0.01484883	2.592087	17.66061	1.320746
33.8	-10.55415	-9.216132	-7.407195	-7	1.516828	2.801338	-71.62152	12.57664	-7.798901
33.82	-8.518744	-8.191787	3.29717	-7	0.5776063	2.109523	-6.989533	-12.04931	13.6128
33.84	-8.852942	-8.123497	0.8128591	-7	1.343263	2.135088	-36.81671	-5.682902	0.07972527
33.86	-9.387651	-9.421001	-1.511839	-7	0.5161801	1.250094	-9.688919	-25.77451	3.820667
33.88	-9.993532	-8.191787	-5.247857	-7	2.37924	4.018707	-56.07926	8.149158	4.792828
33.9	-8.19631	-8.123497	4.351172	-7	1.461347	2.517509	-12.2636	-6.598932	10.75138
33.92	-8.26378	-8.123497	3.522622	-7	1.46972	1.902162	-30.4653	11.21786	-0.7042332
33.94	-7.88889	-8.191787	5.194081	-7	0.6196938	1.034565	-15.61995	9.309464	0.824748
33.96	-9.80278	-9.147842	-4.863068	-7	0.9626783	1.931026	-38.10448	23.73694	-1.707642
33.98	-9.487082	-9.079553	-2.711827	-7	0.6262874	1.630936	-3.199761	-15.11802	9.140965
34	-8.663804	-8.123497	1.286535	-7	1.258573	1.697789	-9.986841	0.3323647	5.502679
34.02	-7.811154	-8.055207	5.452407	-7	0.9016644	0.9075723	-5.062574	-12.44626	1.970766
34.04	-7.934146	-8.123497	4.311257	-7	0.6742899	0.7153565	-16.31961	20.3171	-2.436375
34.06	-8.15253	-8.191787	2.761577	-7	0.3655668	0.7362827	-16.80715	0.2407616	-0.9731274
34.08	-8.426732	-8.123497	0.9012352	-7	0.4184961	1.051587	-20.35563	-1.820307	0.3955936
34.1	-8.133299	-8.123497	2.191772	-7	0.07993141	0.5038593	-5.338954	-16.76687	2.266195
34.12	-9.491255	-9.421001	-4.494935	-7	-0.06825279	0.1599039	0.03355622	-8.156184	0.1962967
34.14	-9.422165	-9.421001	-3.462388	-7	-0.1540274	-0.22981	27.48819	-4.690536	6.514166
34.16	-9.614785	-9.421001	-3.963288	-7	0.5297675	0.08335151	23.03134	-0.9958795	4.394111
34.18	-9.006719	-9.352711	-0.1545467	-7	0.5666053	-0.2524413	34.93857	4.820915	5.334969
34.2	-7.905356	-8.191787	5.292062	-7	1.057948	0.1019731	16.43567	12.88198	1.253269
34.22	-7.598537	-8.123497	6.43785	-7	0.908291	0.2362016	-2.444224	9.752211	-3.166448
34.24	-7.993524	-8.123497	3.835281	-7	0.7912174	0.8499678	-21.29833	3.416334	-3.544901
34.26	-8.139551	-8.191787	2.730193	-7	0.366298	0.8166834	-16.7858	-10.26305	-0.3019123
34.28	-8.101136	-8.123497	2.554806	-7	0.06729078	0.4294382	-9.315335	-18.62947	0.3999825
34.3	-9.469501	-9.48929	-4.177786	-7	-0.2622148	-0.02116391	1.611802	-7.866108	0.07578754
34.32	-9.609968	-9.421001	-4.338996	-7	-0.1104769	-0.05622028	22.34128	-5.866108	6.150965
34.34	-8.161902	-8.123497	3.029961	-7	0.4737253	-0.04404807	24.07521	0.5613723	5.517803
34.36	-7.632035	-8.123497	5.437689	-7	0.4969179	-0.3430255	11.23404	6.668242	-1.661891
34.38	-7.944174	-8.123497	3.335186	-7	0.5831184	0.3100423	-9.848355	15.44687	-3.49041
34.4	-9.24675	-9.147842	-3.200992	-7	0.4108422	0.7702128	-11.88187	-1.301223	-0.5767336
34.42	-9.22869	-9.079553	-2.624713	-7	0.2860133	0.59084	9.733508	-9.072214	5.899138
34.44	-8.974316	-9.147842	-0.8422539	-7	0.247997	-0.1359599	23.85702	-9.91191	4.437751
34.46	-9.018925	-9.147842	-0.7735134	-7	0.5463254	-0.04821256	19.09392	6.469769	2.161286
34.48	-8.972105	-9.147842	-0.200294	-7	0.7062186	0.168296	16.63904	9.81328	2.444387
34.5	-9.125712	-9.147842	-0.7263889	-7	0.9885135	0.6376799	7.524127	3.049922	2.113429
34.52	-8.878899	-9.079553	0.8710989	-7	0.9135439	0.5834913	10.63797	3.675876	3.166442
34.54	-8.942085	-9.147842	0.7614872	-7	0.8895677	0.5260503	6.998611	-1.759238	1.536813
34.56	-8.073834	-8.260077	4.971444	-7	0.9325823	0.636531	2.354647	1.141525	1.863865
34.58	-7.728041	-8.123497	6.233875	-7	0.6550999	0.3633142	-6.760389	-0.1256507	-2.081774
34.6	-7.964925	-8.191787	4.416324	-7	0.3509556	0.4109518	-15.1669	-0.9348108	-3.070881
34.62	-8.09441	-8.191787	3.239641	-7	0.00898494	0.3095102	-11.72476	-7.377558	-1.117533
34.64	-9.599373	-9.421001	-4.388428	-7	-0.1331068	0.3307117	-7.448178	-13.95771	-0.322155
34.66	-9.770679	-9.48929	-4.698546	-7	-0.05989277	0.2475065	17.46675	-9.713436	6.917154
34.68	-9.684316	-9.421001	-3.736302	-7	0.5160467	0.3000333	22.30085	-2.629467	6.223714
34.7	-7.764825	-8.123497	6.124856	-7	0.694988	-0.1431111	29.10415	12.04229	5.296162
34.72	-7.673518	-8.123497	6.012421	-7	0.8793116	0.03282857	-1.986519	17.2484	-4.600766
34.74	-8.815935	-9.147842	0.1485403	-7	0.4242015	0.318785	-8.072957	14.62244	-3.166891
34.76	-9.494851	-9.079553	-3.234366	-7	0.6788213	1.192931	-9.998936	-12.79741	2.75331
34.78	-8.910116	-9.079553	0.2530327	-7	0.2800545	0.2770916	18.25434	-10.5684	6.211928
34.8	-9.053968	-9.147842	-0.3339635	-7	0.5193738	0.08549087	12.99024	-0.9042764	1.556942
34.82	-9.111108	-9.147842	-0.4173186	-7	0.7205458	0.4266494	9.769729	12.24076	2.454476
34.84	-8.89677	-9.147842	0.9626474	-7	0.6323695	0.2224024	14.69781	0.9125175	2.774621
34.86	-9.04202	-9.147842	0.3319941	-7	0.8012707	0.4406576	6.868782	4.133892	1.257462
34.88	-8.918045	-9.147842	1.172571	-7	0.6852553	0.3648366	10.16439	0.3476318	2.294804
34.9	-7.885209	-8.123497	6.076188	-7	0.7588089	0.360733	4.711909	-0.4615282	1.354878
34.92	-7.873471	-8.191787	5.522159	-7	0.6024252	0.3511892	-10.63278	0.3781666	-3.26334
34.94	-7.859135	-8.123497	5.000996	-7	0.1924421	0.2825143	-11.9113	-0.2935893	-2.197516
34.96	-8.25183	-8.191787	2.366848	-7	0.08391292	0.4618927	-16.84879	-2.751605	-1.855567
34.98	-9.413522	-9.421001	-3.38218	-7	-0.3591707	0.03510997	0.14079	-14.73634	0.7628918
35	-9.642477	-9.421001	-4.12433	-7	-0.1919279	-0.06689768	19.31953	-10.46153	5.557987
35.02	-8.217354	-8.464945	3.289341	-7	-0.0103685	-0.695138	34.84834	-11.6371	5.533124
35.04	-9.102086	-9.421001	-1.122861	-7	0.2611204	-0.6210238	17.15935	2.133891	-2.358491
35.06	-7.631389	-8.123497	6.278543	-7	0.1757936	-0.6147877	26.40255	17.26366	2.844941
35.08	-8.276193	-8.123497	2.199975	-7	0.9403023	0.653425	-18.00711	9.70641	-4.853453
35.1	-7.698825	-8.123497	5.006458	-7	0.1903673	0.2313639	0.008617401	-5.42336	1.118231
35.12	-9.344058	-9.011263	-3.631115	-7	0.4887511	0.8751223	-20.37749	-1.988246	-2.62565
35.14	-7.934246	-8.123497	3.724102	-7	-0.04482536	0.1200671	16.04407	-15.69817	6.744196
35.16	-9.355993	-9.079553	-3.676006	-7	0.5074036	0.501537	-8.755302	0.01175433	-2.179477
35.18	-8.80189	-9.079553	-0.2165816	-7	-0.0100247	-0.1321482	25.24757	-5.743971	6.256295
35.2	-9.84886	-9.079553	-5.582528	-7	1.281948	1.417727	-10.70894	14.56137	1.37454
35.22	-8.820548	-9.079553	0.5231426	-7	0.7673047	0.6578791	22.97698	-5.6371	8.502449
35.24	-9.959112	-9.147842	-5.264418	-7	2.068558	2.297889	-22.50703	19.08046	1.110626
35.26	-8.648962	-9.147842	2.420534	-7	1.072258	1.004093	20.39651	-2.736337	9.105783
35.28	-11.05765	-10.1039	-9.605646	-7	2.372214	2.826285	-32.86504	23.95068	-0.3033876
35.3	-8.990063	-9.147842	2.112872	-7	1.582073	1.909377	18.96272	-2.12565	14.20776
35.32	-11.47172	-10.17219	-10.34608	-7	3.253229	4.012236	-48.425	18.51557	0.5255089
35.34	-9.037769	-9.147842	3.33041	-7	2.240011	2.897244	8.45356	-11.83557	16.16378
35.36	-12.79236	-10.1039	-16.08053	-7	5.235123	7.375018	-107.8672	20.3171	0.31919
35.38	-9.319695	-9.147842	3.529955	-7	3.381103	5.338637	-11.49544	-12.41573	25.12914
35.4	-12.07536	-10.1039	-10.55038	-7	5.246631	7.187828	-99.21127	15.08046	1.675476
35.42	-8.528525	-9.147842	9.071064	-7	2.742731	3.977087	-2.205252	-9.988244	19.81606
35.44	-9.738702	-9.147842	2.112872	-7	3.449973	4.147951	-67.80644	12.75984	-3.886966
35.46	-8.347694	-9.147842	9.464176	-7	1.354342	2.069134	-15.63339	-6.079849	5.871281
35.48	-9.670485	-9.079553	1.647952	-7	1.787213	2.762671	-57.69526	-0.5683985	-4.028434
35.5	-7.601109	-8.123497	11.69901	-7	0.3042332	1.019833	-9.55613	-12.79741	5.354012
35.52	-8.41528	-8.123497	5.886078	-7	0.6117845	1.250146	-48.02189	-4.598933	-7.086103
35.54	-8.961448	-9.48929	2.894026	-7	-0.9263911	-0.2841295	-4.249529	-10.24779	-0.002743721
35.56	-10.32228	-9.48929	-4.65485	-7	-0.1208926	0.714509	-16.93848	0.3323647	0.5662241
35.58	-8.787951	-8.464945	2.962413	-7	0.02413505	0.5152664	10.89416	-33.14855	8.510155
35.6	-7.798984	-8.464945	7.545508	-7	-0.3690835	-1.097268	21.44976	6.210227	-0.2494621
35.62	-7.647727	-8.464945	7.532137	-7	-0.7412558	-1.709532	16.68126	3.248395	-5.404057
35.64	-8.758575	-8.464945	0.8101652	-7	-0.03412607	0.01795304	-17.70861	7.523204	-5.43914
35.66	-8.08822	-8.464945	4.047707	-7	-0.7384727	-0.6896396	14.65281	-17.13328	2.570072
35.68	-7.385676	-7.50889	6.594515	-7	-0.4170395	-0.7571752	3.358925	-17.5455	-2.263601
35.7	-6.724533	-7.577179	9.115427	-7	-1.149117	-1.810601	14.3098	1.477403	-4.440644
35.72	-8.407828	-8.396656	-0.3982347	-7	-0.867951	-0.958905	-10.41018	-3.408093	-7.760305
35.74	-8.234865	-8.396656	0.4124051	-7	-1.257229	-1.190165	20.6564	-8.950078	2.485719
35.76	-8.401111	-8.464945	-0.6267154	-7	-0.9331722	-1.387673	24.06338	-18.98061	0.1661062
35.78	-8.986482	-9.48929	-3.068763	-7	-1.144567	-2.031058	44.25216	7.431602	1.029812
35.8	-8.029679	-8.191787	1.755094	-7	-0.3985348	-1.485546	40.80287	-0.06458157	2.582839
35.82	-7.664001	-8.123497	3.413727	-7	-0.05067998	-1.217067	25.97332	11.64534	-1.85266
35.84	-8.692136	-9.147842	-1.595118	-7	-0.1367728	-0.9470917	18.8139	7.309463	-2.777568
35.86	-8.906448	-9.147842	-2.187934	-7	-0.112364	-0.7060544	28.31182	0.1796929	2.492676
35.88	-8.805651	-9.147842	-1.147476	-7	0.008197486	-0.8734012	35.09836	-1.133284	2.765528
35.9	-9.75809	-10.1039	-5.134229	-7	0.148327	-0.8328364	35.96154	5.87435	1.592595
35.92	-8.708548	-8.806395	0.6615903	-7	0.7732236	-0.1321767	34.1028	10.91252	5.69752
35.94	-8.350931	-8.806395	2.686335	-7	0.9673873	-0.07972145	19.83565	2.759845	0.3476477
35.96	-8.219485	-8.738104	3.417483	-7	0.8149859	0.04040449	10.43007	8.347631	-0.8817873
35.98	-9.369987	-9.69416	-2.082678	-7	0.5606828	0.1702819	5.696593	9.126258	-1.17038
36	-9.742227	-9.762449	-3.348575	-7	0.5580928	0.4009302	16.27792	-2.430994	4.472339
36.02	-9.803761	-9.830739	-2.964523	-7	0.7713737	0.3696658	22.96291	-2.72107	5.382051
36.04	-8.395256	-8.806395	4.488873	-7	0.8519591	-0.01844685	28.96313	-4.797406	4.915787
36.06	-8.493088	-8.806395	3.69783	-7	1.138533	0.3822434	0.5689001	11.46214	-2.557837
36.08	-8.174954	-8.738104	5.196425	-7	0.5927826	0.1804199	3.660699	11.4774	-0.4939375
36.1	-9.00303	-8.738104	0.4451739	-7	0.9907907	1.235416	-23.23366	4.546105	-2.228689
36.12	-9.984481	-10.1039	-3.900618	-7	0.2670546	0.6628008	3.412725	-11.83557	3.591574
36.14	-10.54628	-10.1039	-6.135939	-7	0.7118115	0.9484781	11.13367	-8.919542	6.64509
36.16	-8.749638	-9.079553	3.561206	-7	0.6347406	0.005966783	36.9045	-8.858475	8.711832
36.18	-8.824539	-9.079553	2.942708	-7	1.133212	0.2494002	6.59165	11.09572	-1.829181
36.2	-8.682807	-9.147842	3.674843	-7	0.7871854	0.3248942	5.913583	17.2942	0.2067204
36.22	-9.858253	-9.147842	-2.717981	-7	1.688959	2.231014	-32.69761	13.53847	-0.5349617
36.24	-8.911478	-9.079553	2.56227	-7	0.8950858	1.348272	2.606445	-17.07221	7.554079
36.26	-9.195462	-9.147842	0.9728842	-7	1.023388	1.058221	-8.281109	-3.392826	0.7379255
36.28	-8.766438	-9.079553	3.227143	-7	0.5568343	0.4763019	5.799988	-6.797406	2.781052
36.3	-9.661101	-9.079553	-1.745207	-7	1.327531	1.754315	-24.84308	11.84381	-0.1382141
36.32	-8.834747	-9.079553	2.802604	-7	0.6040561	0.856694	6.854099	-6.751604	6.167903
36.34	-9.654531	-9.079553	-1.739942	-7	1.388346	1.78013	-23.48706	0.9277847	0.2159557
36.36	-7.515449	-8.191787	9.212278	-7	0.340448	0.1895989	16.94341	1.294197	6.103132
36.38	-9.531923	-9.147842	-1.833572	-7	1.08233	1.249026	-34.19804	4.897251	-6.641412
36.4	-7.577135	-8.260077	8.223647	-7	-0.2132223	-0.1529339	19.03687	1.431601	6.450824
36.42	-8.839154	-8.191787	0.5426831	-7	0.9619849	1.26786	-38.10502	-1.453895	-6.045202
36.44	-7.758945	-8.123497	5.911127	-7	-0.08918494	0.3644983	0.1195364	-11.49969	3.989018
36.46	-8.981708	-8.123497	-1.338544	-7	0.9164868	1.732149	-42.18063	4.958318	-3.247929
36.48	-8.605654	-8.191787	0.5096362	-7	0.5896652	1.738227	-19.66062	-24.78214	5.707047
36.5	-11.08803	-8.055207	-13.11102	-7	3.538015	6.445722	-107.5129	11.30946	2.781947
36.52	-8.13276	-8.191787	3.450098	-7	1.411389	3.23499	-1.343321	-10.43099	20.42604
36.54	-8.9224	-8.191787	-1.008825	-7	2.236639	2.92846	-44.69709	18.46977	-0.6584377
36.56	-7.368667	-8.123497	7.331866	-7	0.6112999	0.8453867	4.41745	4.927784	5.739644
36.58	-9.998441	-9.147842	-6.530902	-7	1.545066	2.321343	-48.53671	9.523203	-4.86077
36.6	-7.04479	-8.123497	9.288288	-7	-0.486894	-0.5588182	40.41371	-0.6905359	11.18129
36.62	-8.990197	-8.191787	-1.894692	-7	1.233299	1.265714	-40.57008	-3.179085	-8.554172
36.64	-6.968045	-8.191787	8.896	-7	-0.832719	-1.085095	34.30198	-0.5073298	6.097398
36.66	-9.439264	-8.191787	-5.047105	-7	1.229803	1.752284	-51.91875	-1.69817	-8.151964
36.68	-7.824183	-8.123497	3.711914	-7	-0.07123956	0.6076392	11.69221	-15.19435	9.477751
36.7	-9.847594	-8.123497	-7.503495	-7	2.057793	3.322881	-62.20118	5.080456	-2.119598
36.72	-7.678977	-8.191787	4.532825	-7	0.312088	0.9715772	17.38843	-11.05695	12.4013
36.74	-9.294086	-8.123497	-4.45572	-7	1.959139	2.667492	-49.30078	4.164426	-3.097692
36.76	-6.747558	-8.123497	9.430653	-7	-0.4527624	-0.7070836	38.92146	2.759845	8.867411
36.78	-9.22919	-8.191787	-4.424447	-7	1.45971	1.72887	-49.78857	-2.82794	-8.975575
36.8	-6.824532	-8.191787	8.694813	-7	-0.9689068	-1.202985	43.78099	7.843814	8.694168
36.82	-9.323351	-8.123497	-5.336897	-7	1.218087	1.509677	-47.04626	-8.12565	-8.661921
36.84	-6.992381	-8.191787	7.42223	-7	-0.9828584	-1.149557	44.11008	4.546105	9.30337
36.86	-10.75737	-9.079553	-12.61674	-7	1.596774	2.273723	-54.30893	-4.919543	-7.545148
36.88	-7.208939	-8.191787	6.887075	-7	-0.4904379	-0.4826878	56.51023	1.049922	16.82539
36.9	-10.43636	-9.147842	-10.20084	-7	1.926064	2.019915	-41.95604	-4.82794	-7.36344
36.92	-7.106252	-8.123497	7.988788	-7	0.06867862	-0.1538393	47.95144	-5.408092	14.15305
36.94	-8.835489	-8.191787	-1.763507	-7	1.753195	1.483592	-35.38904	-13.6371	-7.794206
36.96	-7.071546	-8.191787	7.837204	-7	-0.114822	-0.3795233	25.93447	-1.682902	5.648562
36.98	-9.817219	-9.147842	-6.659257	-7	1.02747	1.237526	-33.28138	-14.64473	-6.742383
37	-7.844547	-9.216132	4.735742	-7	-1.179299	-1.775178	63.34489	8.973586	10.23445
37.02	-9.674378	-9.147842	-5.119464	-7	0.5894377	-0.1347834	-0.8328323	-15.33176	-5.415936
37.04	-8.109262	-9.079553	3.767371	-7	-0.5046327	-1.39069	53.94614	-17.04168	7.35985
37.06	-8.834551	-9.147842	-0.08335853	-7	0.1861669	-1.068749	22.3128	0.3323647	-3.816817
37.08	-8.29297	-9.079553	3.0336	-7	-0.2462094	-1.341687	38.68567	-5.820306	1.49291
37.1	-9.193437	-9.147842	-1.71366	-7	0.5328325	-0.1349635	7.581774	13.26366	-2.294144
37.12	-9.722552	-10.1039	-3.517503	-7	0.1216558	-0.356108	29.26285	-4.293589	3.881268
37.14	-9.110226	-8.806395	-0.2994939	-7	1.074642	0.6642095	14.36506	12.92778	4.798262
37.16	-8.384844	-8.874683	3.669696	-7	0.8589041	0.1551536	18.2865	-4.751605	2.537765
37.18	-9.854692	-9.762449	-3.637639	-7	1.227192	1.02749	-7.892257	21.18732	-1.488313
37.2	-8.304344	-8.464945	4.495005	-7	0.9955356	0.9308919	11.46564	13.96595	6.976692
37.22	-9.45353	-9.421001	-1.389434	-7	1.214201	1.109646	-12.72515	12.75984	-1.846099
37.24	-8.993515	-9.421001	1.508368	-7	0.4743932	0.3503149	16.45398	-2.644734	5.055486
37.26	-9.691849	-9.421001	-2.072572	-7	1.072619	1.002257	-4.440306	13.01939	0.8858757
37.28	-9.156339	-9.48929	1.191331	-7	0.6071128	0.3809443	18.76828	-8.598933	5.452168
37.3	-9.52	-9.079553	-0.8797057	-7	1.491385	1.499806	-11.52194	11.46214	1.245
37.32	-7.494462	-8.055207	9.34551	-7	0.8258157	0.5458515	10.49664	-4.201986	4.771219
37.34	-9.116154	-9.011263	0.4013807	-7	1.156207	1.21991	-31.87348	13.23313	-6.380793
37.36	-8.680226	-9.079553	2.866861	-7	0.1027304	0.4146392	5.262936	-2.232521	4.202862
37.38	-8.992655	-8.123497	0.3614087	-7	1.274957	1.927214	-33.16049	3.233128	-0.04905033
37.4	-9.336023	-9.421001	-0.9797972	-7	0.473588	1.081134	-5.095371	-19.39283	4.148002
37.42	-10.67823	-9.48929	-7.793096	-7	1.609268	2.684977	-30.20559	8.988853	4.122601
37.44	-9.481489	-9.421001	-0.7102854	-7	1.062798	1.561698	14.85987	-6.568398	12.14882
37.46	-9.979836	-9.421001	-3.092994	-7	1.953212	2.106839	-12.78618	11.21786	3.299917
37.48	-8.937599	-9.421001	2.964906	-7	1.182495	0.9740393	16.7065	13.08046	7.10663
37.5	-10.03768	-9.48929	-2.771868	-7	2.099644	2.281366	-25.4429	17.12626	-0.1197014
37.52	-8.893407	-9.48929	3.815494	-7	0.9604437	0.917304	16.14751	3.294197	7.566139
37.54	-10.07106	-9.48929	-2.485562	-7	1.91495	2.150591	-27.25267	0.8209144	-0.8005962
37.56	-8.628253	-9.48929	5.591086	-7	0.4649058	0.2419293	25.68877	-0.8890092	7.457016
37.58	-10.24374	-9.48929	-3.246675	-7	1.800281	2.023406	-32.44108	0.2865631	-2.953862
37.6	-7.613392	-8.533236	10.48022	-7	0.3106871	0.1066457	26.2331	-2.12565	8.452162
37.62	-9.104018	-8.464945	1.482823	-7	1.639239	1.836674	-48.1652	-2.598933	-7.855857
37.64	-9.070374	-9.830739	2.257041	-7	-0.2022088	0.1696156	9.575306	-9.377558	4.252271
37.66	-10.50385	-9.69416	-5.367498	-7	0.8288207	1.359801	-18.08246	3.156792	0.6524105
37.68	-9.230379	-8.806395	1.269882	-7	1.023834	1.613144	1.675806	-27.07221	9.480839
37.7	-11.06014	-8.874683	-8.7636	-7	3.479473	5.273736	-78.42218	11.34	2.152815
37.72	-8.07839	-8.738104	7.630214	-7	1.309202	2.13645	12.3436	4.103357	15.91486
37.74	-9.682917	-8.738104	-1.454988	-7	2.651815	3.329534	-59.99986	12.74458	-4.377945
37.76	-8.929912	-10.1039	3.620839	-7	0.1047915	0.3148729	22.46064	9.309464	7.851435
37.78	-11.49621	-10.1039	-9.829364	-7	1.979109	2.770034	-41.34554	-1.91191	-1.055146
37.8	-8.048502	-9.011263	8.817658	-7	0.2224177	0.03551698	48.87574	-1.988246	15.27496
37.82	-10.14148	-9.147842	-2.972485	-7	2.317687	2.334113	-46.61907	-3.759238	-7.153032
37.84	-7.249114	-9.011263	12.62111	-7	-0.4290326	-1.032107	48.14145	3.233128	8.868164
37.86	-10.49446	-9.147842	-5.505389	-7	2.010962	2.414774	-64.95559	-5.545497	-11.01882
37.88	-6.899624	-8.123497	13.31588	-7	-0.4201919	-0.2774858	34.614	-0.8584749	11.94831
37.9	-9.813447	-8.191787	-3.57747	-7	2.137156	3.038786	-83.32026	-4.644734	-11.35143
37.92	-8.339369	-9.48929	5.068033	-7	-0.8011065	-0.1553135	27.27065	-5.453894	10.53709
37.94	-10.04215	-8.396656	-4.966917	-7	1.614989	2.520765	-52.62703	1.019387	-3.257405
37.96	-7.655813	-8.464945	7.791702	-7	-0.2132717	0.05250728	26.3246	0.1796929	10.32091
37.98	-9.758713	-8.464945	-4.175829	-7	1.768546	2.462078	-55.91276	-7.087482	-5.969409
38	-7.259675	-8.464945	9.287279	-7	-0.5704038	-0.5487249	34.79847	11.04992	9.557173
38.02	-9.491661	-8.464945	-3.402239	-7	1.275482	1.610901	-47.02056	-8.415727	-8.022265
38.04	-7.348375	-8.738104	8.319273	-7	-1.13612	-1.421363	46.04102	3.355265	8.149733
38.06	-10.14533	-8.806395	-7.165505	-7	1.217256	1.57615	-45.11475	-9.087482	-7.831507
38.08	-7.853446	-8.738104	5.485556	-7	-0.6108834	-0.5910195	42.72173	3.950685	11.61486
38.1	-8.094904	-7.4406	2.89788	-7	1.117512	0.8887056	-24.53445	17.85908	-4.885165
38.12	-9.132088	-8.806395	-2.391923	-7	0.9486258	1.772509	-27.40775	-17.65237	0.7113791
38.14	-7.861231	-8.806395	4.741999	-7	-0.6255732	-0.9084191	34.50778	16.53084	5.981596
38.16	-9.132233	-8.738104	-2.320229	-7	0.4785379	0.2124233	-8.687112	-25.40809	-3.963682
38.18	-7.967598	-8.738104	4.094054	-7	-0.5232206	-1.035731	35.98768	2.408701	4.979777
38.2	-9.575624	-8.874683	-4.623114	-7	0.9225488	0.8713778	-16.97869	1.507937	-3.409059
38.22	-7.714737	-7.850338	5.031801	-7	0.5576	0.6721249	12.57135	-11.94244	7.680431
38.24	-8.261816	-7.782049	1.452036	-7	1.424421	1.656159	-32.55559	7.477403	-3.141276
38.26	-7.564475	-7.782049	4.884621	-7	0.6317478	1.116426	-13.3569	-14.7516	2.394498
38.28	-10.09589	-7.850338	-9.106697	-7	2.847326	5.065428	-96.2745	16.69878	-2.019533
38.3	-9.665615	-9.079553	-5.494896	-7	1.48557	3.725291	-23.82736	-18.50733	15.59816
38.32	-10.38102	-9.079553	-8.5524	-7	2.364701	3.818186	-34.1026	8.607173	8.840569
38.34	-9.035997	-9.079553	-0.4376307	-7	1.617748	2.094703	10.92155	-10.87374	12.61103
38.36	-7.318854	-7.782049	8.241659	-7	1.488563	0.8524088	6.812769	19.18732	2.792871
38.38	-7.004289	-7.850338	9.257731	-7	0.8247553	0.1340573	-8.878241	18.92779	-5.536407
38.4	-9.048015	-8.806395	-1.726429	-7	0.8764048	1.445552	-40.53434	26.88198	-6.070042
38.42	-7.934005	-7.850338	3.832429	-7	0.2711323	1.097795	-8.107145	-11.95771	5.989568
38.44	-8.096232	-7.782049	2.2922	-7	0.5485184	1.031929	-23.49129	-15.24015	-1.081763
38.46	-8.902509	-9.079553	-1.585533	-7	-0.1876342	0.1936582	-1.330087	-19.36229	0.9991684
38.48	-9.963183	-9.079553	-6.909327	-7	0.6790751	1.416492	-12.62837	6.622441	3.690714
38.5	-9.065838	-9.079553	-1.487964	-7	0.375782	0.4839559	24.96022	-14.90427	9.588354
38.52	-9.510215	-9.011263	-3.58709	-7	1.386351	1.275476	-1.557424	7.630075	2.716522
38.54	-8.584296	-9.079553	1.908375	-7	0.8005122	0.3520947	24.6398	8.668242	6.21709
38.56	-9.648605	-9.147842	-3.53301	-7	1.800894	1.767119	-16.81784	16.28656	-0.2667017
38.58	-8.569279	-9.147842	2.805306	-7	0.8303795	0.617465	20.86833	3.538471	7.142498
38.6	-8.662264	-8.191787	1.751552	-7	1.861949	1.87386	-24.03547	0.8361816	-0.7489901
38.62	-6.942366	-8.123497	10.64428	7	0.2177534	-0.2640331	85.43428	-0.4004595	20.97921
38.64	-8.63113	-8.123497	0.7758667	7	2.550561	1.46442	33.47024	0.4850365	6.959494
38.66	-5.588386	-7.235731	16.42596	7	1.643428	-0.4094049	103.0019	-1.056948	19.08947
38.68	-6.606601	-7.167441	9.766869	7	3.252529	1.032362	33.86428	12.71404	0.4543533
38.7	-5.637482	-7.235731	14.44898	7	2.341444	0.5126873	63.6713	16.28656	10.06521
38.72	-7.11608	-7.099152	5.703082	7	3.757519	2.768296	7.055725	6.19496	3.882403
38.74	-6.678869	-8.396656	8.757953	7	2.01138	0.5656021	77.01575	-0.06458157	14.98474
38.76	-8.684428	-8.464945	-1.720229	7	3.748408	2.572673	31.29448	10.65297	8.665091
38.78	-5.774161	-7.577179	14.06332	7	2.540021	0.3660164	105.5977	8.133891	21.2587
38.8	-7.464583	-7.577179	4.527526	7	4.603594	2.669	19.92533	17.46214	2.42985
38.82	-7.281475	-8.806395	6.623482	7	3.289114	1.727788	70.01847	20.71404	15.84043
38.84	-8.623216	-7.850338	-0.5708032	7	5.590312	4.953222	3.134754	8.286563	11.54218
38.86	-4.589283	-6.484545	20.66506	7	3.875683	2.186019	76.56129	-3.42336	21.98238
38.88	-8.669658	-8.191787	-1.177645	7	5.906003	5.189137	-37.91694	21.41633	-2.291985
38.9	-5.815674	-7.167441	14.36168	7	3.860497	3.446113	53.32735	12.16442	24.43839
38.92	-8.694463	-7.50889	-1.391455	7	6.294681	6.485733	-47.12658	5.324731	4.926942
38.94	-5.953997	-7.782049	14.0681	7	3.473206	2.856337	67.35452	4.546105	25.11968
38.96	-8.022799	-6.825994	2.035566	7	6.298322	6.196268	-43.28677	-5.469162	4.602453
38.98	-3.698637	-5.801648	24.48182	7	3.49847	2.606352	56.62135	0.3476318	21.59545
39	-7.527411	-6.552835	2.76505	7	5.841382	5.983471	-74.56221	-8.263055	-5.349548
39.02	-5.308474	-6.825994	14.82604	7	2.867525	3.130504	38.32767	9.401067	21.78619
39.04	-6.979977	-6.143096	4.64907	7	4.746221	4.937752	-35.77993	-14.23252	4.443177
39.06	-4.575322	-6.484545	17.32878	7	2.14117	1.33891	61.07205	4.469769	17.71914
39.08	-5.857843	-5.733358	8.911903	7	3.721492	2.915051	-11.11301	-13.27069	0.4948225
39.1	-5.59722	-6.552835	10.08442	7	2.57496	2.166347	29.24043	12.74458	11.85214
39.12	-6.192759	-5.869938	5.969627	7	3.688904	3.545121	-2.441477	-16.59893	8.593694
39.14	-4.445995	-6.484545	15.26845	7	1.539687	0.001540661	77.01912	5.034654	13.99656
39.16	-5.374013	-5.733358	9.052254	7	2.858027	1.29951	20.70269	-2.705803	0.9541302
39.18	-4.100258	-5.050462	14.7283	7	2.486408	1.427202	35.69409	4.042287	9.482336
39.2	-5.495555	-5.801648	6.579964	7	2.971135	2.282932	4.366448	5.920151	2.964685
39.22	-5.016956	-5.528489	8.679939	7	2.645816	2.243801	27.47729	-14.30886	12.1924
39.24	-4.62574	-4.777303	9.717567	7	3.249584	2.713364	11.9943	-3.087482	8.923634
39.26	-3.711006	-4.435854	13.5386	7	2.943345	2.259179	17.41846	-17.30122	8.484743
39.28	-3.580637	-3.684668	12.60606	7	3.474327	3.263817	-15.87745	12.56137	4.22788
39.3	-2.905921	-3.411509	14.73644	7	2.905833	3.009485	-11.5259	-4.156184	6.360302
39.32	-4.598362	-4.094406	4.719223	7	3.382534	4.300632	-43.23236	-0.01878046	3.637132
39.34	-3.705522	-3.752957	8.794444	7	2.676069	3.562173	-2.461948	-13.37756	14.61432
39.36	-3.68626	-3.479798	7.841648	7	3.066638	3.428576	-12.1213	-4.110383	8.494715
39.38	-2.341681	-3.070061	13.92619	7	2.28827	2.04351	15.03653	-8.01878	9.668084
39.4	-1.518374	-1.431108	15.88174	7	3.098257	3.082291	-28.07701	15.20259	2.128247
39.42	-1.532068	-2.045715	14.22175	7	2.258807	2.66857	-27.34524	2.546105	1.775993
39.44	-2.338911	-1.704267	8.176384	7	2.67803	3.991396	-53.35284	1.339998	2.802643
39.46	0.2479813	0.002975464	19.55191	7	1.821744	2.772653	-19.71081	-20.6142	9.48435
39.48	-0.00606212	0.002975464	15.56511	7	1.826419	2.557799	-52.72122	-13.39282	-3.809542
39.5	-0.6993744	-1.02137	10.41947	7	0.6311455	1.697727	-29.21673	-11.60657	0.9159622
39.52	0.6048243	0.6858721	14.85176	7	0.534459	1.330347	-17.08082	3.034655	4.223242
39.54	0.2723365	0.6858721	10.72285	7	0.9670759	1.896832	-40.46904	-28.15618	-1.263305
39.56	1.618672	0.9590311	15.88999	7	-0.2334174	0.1922071	-0.09029484	-4.843207	3.296577
39.58	0.6468458	1.300479	8.307952	7	0.7685884	1.583337	-44.5382	-5.820306	-4.275516
39.6	0.6215326	0.3444233	7.194315	7	-0.2799837	0.5249497	-0.9768825	-18.35466	4.683403
39.62	1.233691	1.641927	8.528377	7	0.4240458	0.8807405	-8.248443	-1.759238	3.310617
39.64	2.029035	1.846797	11.05115	7	0.3246423	0.4672225	-2.337616	-17.24015	2.002635
39.66	2.25205	2.188245	10.4086	7	0.4671929	0.6411477	-14.55007	14.13389	-1.152107
39.68	2.695692	2.529693	10.99325	7	0.2569022	0.5771576	-14.10168	-6.430993	-0.3964138
39.7	3.741603	3.758908	14.10643	7	0.3652985	0.8221722	-25.72548	-0.3241236	-1.4618
39.72	3.062913	2.871142	8.886049	7	-0.1629705	0.4445747	-28.48037	-9.469162	-4.522371
39.74	3.306954	3.144301	8.665024	7	-0.706009	-0.1255799	-8.211435	-7.04168	0.1538458
39.76	3.472898	3.485749	7.887208	7	-0.6473333	-0.3322904	-6.119242	-14.53786	-1.047045
39.78	4.026058	3.895488	9.143804	7	-0.6866649	-0.5504784	-0.8736902	-7.347024	-0.7969522
39.8	4.840786	4.510095	11.54409	7	-0.8013816	-0.9166315	-0.03229952	-2.003513	-2.681751
39.82	4.96491	4.783254	10.22564	7	-0.7564367	-0.7137383	-13.2614	0.5461052	-5.541983
39.84	4.954573	5.124701	8.257171	7	-0.5985438	-0.02565008	-24.97379	-2.476795	-4.140709
39.86	5.343706	5.32957	8.62059	7	-0.8879017	-0.270849	-16.72784	-10.76687	-2.145879
39.88	4.582059	4.783254	3.37894	7	-0.8922123	-0.2359286	-18.54674	-10.6142	-3.355969
39.9	6.635223	6.353915	12.37986	7	-1.267179	-1.110359	8.019252	-4.843207	1.493799
39.92	5.733934	5.67102	5.995086	7	-1.031092	-1.018205	-18.67432	-5.606566	-8.977993
39.94	6.537128	6.422206	8.630894	7	-1.311538	-0.9481771	-5.634581	4.500303	-1.927947
39.96	6.785678	7.036813	7.95495	7	-0.9050077	-0.4509267	-24.75491	-1.957711	-5.536455
39.98	7.42563	7.241681	9.590326	7	-1.368725	-0.9037007	-16.2289	-9.713436	-4.424129
40	6.223113	6.080756	2.295226	7	-1.811483	-1.417998	-11.94181	-10.5684	-6.921877
40.02	6.489406	6.627074	2.707349	7	-1.801502	-1.418658	6.068285	-4.110383	-0.3756819
40.04	7.211111	7.309972	5.194573	7	-1.4111	-1.422459	5.736649	-7.285955	-1.858213
40.06	6.304636	6.012467	0.08026278	7	-1.651488	-1.897671	12.19372	3.217861	-4.514502
40.08	7.602983	7.583131	5.77979	7	-1.264346	-1.549853	16.7974	7.355266	0.01111889
40.1	8.290674	8.129447	7.901595	7	-0.9103817	-1.295113	-3.493352	1.065189	-5.941457
40.12	7.541261	7.241681	3.18177	7	-1.266068	-1.291963	-9.13295	7.004119	-7.371258
40.14	7.00273	7.036813	-0.1024207	7	-1.407942	-1.13372	-0.8074101	-0.6905359	-2.795734
40.16	6.841595	7.036813	-1.246963	7	-1.212078	-1.036293	7.722516	-6.369925	-0.1391058
40.18	7.632352	7.583131	2.419481	7	-1.042881	-1.274251	16.78414	-9.087482	0.533267
40.2	7.926741	7.583131	3.43205	7	-1.030849	-1.610564	14.00579	10.59191	-3.533891
40.22	7.46997	7.51484	0.5251423	7	-0.6811797	-0.8585408	-2.809494	16.13389	-4.519108
40.24	8.123378	8.197738	3.285047	7	-0.5534166	-0.4418621	-3.413933	9.401067	-0.9890585
40.26	8.060137	8.129447	2.303558	7	-0.4757775	-0.2955576	-13.74873	0.8514488	-3.783275
40.28	7.446157	7.309972	-0.9136618	7	-0.9432044	-0.7274895	-2.376499	-4.873742	-2.50319
40.3	7.240121	7.309972	-1.955846	7	-0.9526366	-0.8594733	8.256877	0.6071739	0.007377625
40.32	8.109193	8.129447	2.190223	7	-0.6944754	-0.8936944	11.64347	-0.9348108	0.5325623
40.34	8.384046	8.197738	3.106528	7	-0.6035261	-0.9565175	2.129173	1.813281	-3.703333
40.36	8.402699	8.197738	2.717421	7	-0.7382311	-0.8955135	-2.909822	4.393434	-4.267369
40.38	7.235754	7.241681	-3.283221	7	-0.8795456	-0.7472647	-3.879277	6.149158	-3.803175
40.4	7.005777	7.241681	-4.158269	7	-0.7733575	-0.5545847	10.03628	-1.759238	2.065039
40.42	7.07096	7.241681	-3.456073	7	-0.448449	-0.5813848	16.48218	-5.499696	2.370229
40.44	8.298565	8.129447	2.827823	7	-0.2400721	-0.789397	19.3336	-0.950078	1.538426
40.46	7.624021	7.309972	-0.5833399	7	-0.2561705	-0.8360973	4.932455	10.65297	-4.688817
40.48	7.371951	7.309972	-1.664757	7	-0.2767058	-0.4299792	5.795381	13.84381	-0.6843519
40.5	8.105529	8.266026	1.839346	7	0.08986098	0.0610175	-1.958843	5.798014	0.3813763
40.52	7.286459	7.309972	-2.255954	7	0.01415323	0.1198637	-9.967941	-3.652368	-2.678964
40.54	8.299808	8.129447	2.931786	7	-0.3094602	-0.3064269	6.18848	-4.339391	1.700517
40.56	9.050091	9.017213	5.900692	7	-0.06659997	-0.1838515	-14.07673	2.408701	-4.167257
40.58	8.976033	8.744054	4.754388	7	-0.5096456	-0.3163702	-22.15777	-1.896643	-6.307605
40.6	8.733865	8.744054	2.755843	7	-0.8691763	-0.3338282	-23.33562	2.408701	-5.090674
40.62	8.378349	8.675765	0.2813685	7	-0.9642977	-0.2037582	-22.51165	-4.919543	-3.345681
40.64	7.482433	7.924579	-4.420611	7	-0.990959	-0.1596459	-14.52956	-11.49969	-1.155905
40.66	7.562782	7.924579	-3.783144	7	-0.9313138	-0.4229557	5.74132	-18.93481	3.026933
40.68	7.849018	7.924579	-2.08006	7	-0.7705031	-0.8929095	16.01203	-18.23252	1.53364
40.7	9.527307	9.017213	6.249376	7	-0.8945363	-1.696919	25.09429	14.57664	-0.5147686
40.72	8.233389	8.197738	-0.9121936	7	-0.466	-0.8661869	-12.68581	22.97359	-9.15288
40.74	7.23134	7.51484	-5.704001	7	-0.5260956	-0.03731468	-6.721581	10.56137	-0.4771366
40.76	7.05782	7.583131	-6.060946	7	-0.1736097	0.2948811	2.75107	-2.369925	3.998721
40.78	7.557606	7.583131	-2.815493	7	-0.1545389	-0.2998748	18.82633	-12.47679	4.106972
40.8	7.953329	7.51484	-0.2459958	7	-0.3153997	-1.101754	26.26561	-6.690536	0.3760872
40.82	7.65245	7.51484	-1.56656	7	0.0008193254	-0.6337174	10.34158	27.18732	-2.363235
40.84	7.437642	7.583131	-2.412283	7	0.3215466	0.2109097	-0.8524094	21.98122	-0.2237539
40.86	7.178078	7.583131	-3.449212	7	0.7066242	1.016831	-11.80923	-0.5683985	1.242653
40.88	7.528004	7.583131	-1.169221	7	0.5071481	0.7234397	-2.236991	-12.5226	2.905699
40.9	7.864372	7.583131	0.8777161	7	0.1419402	-0.06732041	4.987942	-10.58366	0.3288736
40.92	7.774242	7.51484	0.5286792	7	-0.06283325	-0.3560995	2.542431	11.64534	-1.98308
40.94	7.582561	7.583131	-0.4585431	7	-0.02435292	-0.0619926	-3.648823	7.477403	-1.53573
40.96	8.139357	8.197738	2.152194	7	0.03395018	0.1350298	-6.442786	-2.354658	-0.2800884
40.98	8.200507	8.129447	2.144876	7	-0.1262877	-0.02048227	-11.72744	-4.308856	-2.749749
41	8.121463	8.061158	1.449477	7	-0.3973046	-0.1743188	-11.0451	-3.377559	-2.608545
41.02	7.101534	7.241681	-3.692258	7	-0.5484611	-0.1689387	-8.886232	-4.369925	-2.084476
41.04	7.98587	8.129447	0.7973853	7	-0.52026	-0.3059482	6.351278	-5.972978	2.826413
41.06	8.992812	9.017213	5.219901	7	-0.2184603	-0.3333597	-6.632546	-5.163818	-2.265852
41.08	9.431141	9.085504	6.610642	7	-0.5986493	-0.6681624	-14.81086	4.317098	-6.115755
41.1	8.988161	9.017213	3.349988	7	-0.7742331	-0.3355815	-29.41096	3.187326	-7.381042
41.12	8.754325	9.017213	1.386868	7	-1.004101	-0.1426567	-26.94481	-4.873742	-3.81048
41.14	7.498983	7.924579	-5.156998	7	-1.16135	-0.2289692	-18.13143	-16.09511	-2.248306
41.16	7.456275	7.787999	-4.983504	7	-1.241415	-0.6950345	10.92747	-21.05695	3.669794
41.18	7.770098	7.856288	-3.026796	7	-0.9863936	-1.224419	23.99806	-22.58366	2.240139
41.2	9.540201	8.812345	5.992802	7	-1.221217	-2.377184	40.03795	6.19496	-0.1400013
41.22	7.369967	7.309972	-5.238816	7	-0.6402435	-1.345113	-1.199315	31.67587	-9.736561
41.24	9.070124	9.017213	3.40541	7	-0.6238885	-0.7649176	16.19529	19.96595	3.205293
41.26	7.732798	7.51484	-3.316315	7	-0.6592277	-1.075297	1.915406	-0.3088564	-6.048433
41.28	7.581291	7.583131	-3.613722	7	-0.709314	-0.798049	15.02036	-8.034047	1.198555
41.3	7.545519	7.583131	-3.361311	7	-0.4459365	-0.7751536	17.56964	-13.4997	0.9960442
41.32	9.447089	9.085504	6.169646	7	-0.3593443	-1.098581	21.14304	-17.89664	0.7904978
41.34	8.636222	7.65142	2.036065	7	-1.091326	-2.19201	15.90441	-0.6447344	-8.7124
41.36	7.702857	7.51484	-2.703427	7	-1.074459	-1.491581	10.30664	25.69114	-4.559643
41.38	7.277348	7.583131	-4.666609	7	-0.6129706	-0.6076841	8.389743	14.4087	0.3373795
41.4	8.265159	8.470897	0.4039244	7	-0.172271	-0.2714887	9.436636	-4.308856	2.478267
41.42	7.675862	7.583131	-2.363039	7	-0.1614383	-0.4063091	1.97353	-13.30122	-2.437074
41.44	7.752449	7.51484	-1.489993	7	-0.4487346	-0.7213289	15.20748	-17.19435	0.6755743
41.46	8.252056	7.51484	1.500285	7	-0.9994467	-1.935345	34.2007	-0.3241236	-0.7156906
41.48	8.619929	8.402606	2.921634	7	-0.4976305	-1.340249	11.35134	18.05755	-4.498519
41.5	6.985965	6.900233	-5.166372	7	-0.5190474	-0.7331082	-0.06199932	5.996487	-4.857393
41.52	7.171335	7.105102	-3.526795	7	-0.6873978	-0.8293724	24.15145	3.019387	3.631634
41.54	8.404163	8.470897	2.57952	7	-0.04288767	-0.5559949	13.76362	-2.430994	1.05827
41.56	8.780959	8.470897	4.120791	7	-0.03698692	-0.5281902	-2.590499	-6.736337	-4.358266
41.58	9.02133	8.470897	4.950985	7	-0.6314476	-0.9616982	-2.577789	11.76748	-5.202914
41.6	8.4567	8.402606	1.446471	7	-0.713533	-0.6118682	-15.78637	11.96595	-6.221276
41.62	8.172331	8.470897	-0.4567533	7	-0.6753732	-0.08809769	-17.47846	-2.003513	-2.362722
41.64	7.199473	7.51484	-5.250274	7	-0.7794909	-0.1621093	-7.966067	-14.24779	-0.5366049
41.66	7.493754	7.583131	-3.252813	7	-0.9067345	-0.7683337	18.26679	-20.55313	3.729426
41.68	8.45167	8.197738	1.717346	7	-0.7946405	-1.43934	25.97315	-17.36229	0.6685972
41.7	9.590907	9.017213	6.973047	7	-0.7829573	-1.761829	16.30412	21.00412	-4.501536
41.72	7.650409	7.51484	-3.212146	7	-0.7171893	-0.9970327	-11.27446	21.99648	-9.328444
41.74	7.284694	7.583131	-4.740575	7	-0.699477	-0.2781981	3.110664	9.996486	1.83507
41.76	7.104929	7.583131	-5.282901	7	-0.1870736	0.06276843	4.51903	-5.377559	2.751279
41.78	8.255955	8.197738	0.9139552	7	-0.1336413	-0.3826877	16.69731	-13.97298	3.402689
41.8	7.606739	7.309972	-2.061821	7	-0.2196084	-0.7651196	9.202986	-12.47679	-3.120301
41.82	8.364344	8.129447	1.908039	7	-0.265814	-0.6899102	13.16936	23.4316	0.2060089
41.84	8.054836	8.197738	0.01121956	7	0.1710002	0.06135771	-12.18239	21.18732	-3.835776
41.86	7.861722	8.129447	-1.041694	7	0.2249199	0.6894364	-18.32437	1.813281	-0.8135834
41.88	7.02669	7.241681	-4.854144	7	-0.01183161	0.5286636	-10.54761	-8.812674	0.4914341
41.9	8.126307	8.197738	0.9778686	7	-0.1011668	0.06423181	6.645636	-13.5913	3.929007
41.92	8.084163	7.787999	0.8135126	7	-0.3087251	-0.6642303	4.848004	-13.5913	-2.521981
41.94	8.195537	7.787999	1.425675	7	-0.6701331	-1.085734	10.95292	17.87435	-2.301181
41.96	8.596595	8.744054	2.820176	7	-0.1920095	-0.2763624	-9.41515	19.11099	-3.233974
41.98	8.395251	8.744054	1.146875	7	0.07409552	0.5956899	-29.22511	-0.4615282	-3.736924
42	7.843367	7.856288	-1.592857	7	-0.5405222	0.08491032	-14.30726	-12.44626	-1.305387
42.02	6.869507	6.968522	-6.028386	7	-0.8659266	-0.5059123	4.84147	-15.51496	0.5904646
42.04	7.701195	7.856288	-1.475823	7	-0.6062617	-0.6948761	20.5598	-18.30886	4.115647
42.06	8.305045	7.924579	1.713107	7	-0.6073636	-1.363499	22.82322	-8.843206	-0.9336348
42.08	7.23832	6.968522	-3.440218	7	-0.5743932	-1.19868	12.98742	24.07282	-4.124969
42.1	6.882408	6.968522	-4.708538	7	-0.330409	-0.5701998	16.56633	22.01175	1.444984
42.12	7.512142	7.787999	-1.286209	7	0.3116173	0.1123414	8.968998	5.935418	2.702713
42.14	7.904846	7.924579	0.7902619	7	0.5371021	0.3442048	-2.418204	-6.339391	-0.1203012
42.16	8.147759	7.787999	2.148385	7	0.1040784	-0.1306411	-0.2842112	-11.40809	-1.561502
42.18	8.362886	7.856288	3.176909	7	-0.4371723	-0.8102925	4.479492	-2.003513	-3.03162
42.2	7.953374	7.856288	0.7469438	7	-0.4481907	-0.5551324	-6.508879	3.736944	-4.369647
42.22	7.812177	7.856288	-0.1476341	7	-0.5272553	-0.3460515	-4.759166	-3.31649	-1.57738
42.24	7.863036	7.856288	0.01353902	7	-0.6272475	-0.54103	1.069351	-7.011146	-0.8440676
42.26	9.473701	9.290372	7.488579	7	-0.6208128	-0.8237199	1.964106	-9.453894	-1.314919
42.28	9.746375	9.358663	7.695208	7	-0.8519878	-1.086392	-16.83645	-7.056948	-8.848555
42.3	7.987302	7.924579	-1.830083	7	-1.322795	-0.8726398	-22.8922	1.248395	-8.526825
42.32	7.561357	7.787999	-3.929237	7	-1.601726	-0.9820068	4.058561	-4.583665	0.8308191
42.34	7.567986	7.856288	-3.780957	7	-1.25752	-1.170723	16.15682	-12.24779	1.601049
42.36	7.796174	7.856288	-2.40051	7	-0.9143224	-1.256302	21.87861	-16.40046	0.9849501
42.38	8.299417	7.924579	0.4068302	7	-0.9149805	-1.706204	29.00559	-8.751605	-0.5123501
42.4	8.238905	7.856288	0.1510307	7	-0.7939147	-1.675689	21.26021	27.32473	-3.522305
42.42	9.094617	9.017213	3.994723	7	-0.3495194	-0.8525912	4.106745	26.66824	-2.878239
42.44	7.181212	7.241681	-5.636929	7	-0.352556	-0.2797946	-12.9809	15.09572	-5.894351
42.46	6.885371	7.309972	-6.46701	7	-0.2604983	0.2553174	4.36074	0.1491589	4.337939
42.48	7.202229	7.378261	-4.127646	7	-0.06029153	-0.1189604	17.25703	-10.85847	4.536948
42.5	7.619428	7.378261	-1.367268	7	-0.04074284	-0.6582379	23.52773	-17.02641	1.877158
42.52	9.486683	8.812345	7.982405	7	-0.1725599	-1.250269	23.13951	-13.45389	-0.9416647
42.54	7.717761	7.309972	-1.258355	7	-0.2538567	-0.8775254	-9.539482	33.04992	-10.12354
42.56	8.006479	8.197738	0.09944594	7	-0.2049368	0.113776	-6.972592	29.44687	0.34653
42.58	7.607269	8.129447	-2.176881	7	0.2347905	0.8067868	-22.47361	11.21786	-1.119997
42.6	6.632577	7.241681	-6.729823	7	0.3467593	1.27326	-20.7233	-10.29359	1.836679
42.62	7.1086	7.241681	-3.460406	7	0.008266091	0.4088556	9.936104	-25.31649	6.33067
42.64	8.157713	7.856288	2.179147	7	-0.09620726	-0.6180675	19.29437	-29.14855	1.875082
42.66	8.661321	7.856288	4.712073	7	-0.5673285	-1.579023	19.7164	-20.21725	-4.010156
42.68	7.996631	7.856288	0.8554708	7	-0.3251268	-0.7410448	-6.395336	30.4545	-6.595211
42.7	8.694422	8.744054	3.855096	7	-0.2860575	-0.1182347	-10.55712	28.25603	-1.696307
42.72	9.349277	9.83669	5.869691	7	0.255217	0.9112782	-41.53244	9.691143	-4.571652
42.74	7.47171	7.787999	-3.960644	7	-0.3081083	0.9148686	-44.14721	-24.62947	-5.352646
42.76	7.838338	7.856288	-1.693199	7	-1.207918	-0.3837929	4.206967	-41.98824	4.205033
42.78	9.728066	9.358663	7.369466	7	-1.363622	-1.813995	19.98933	-42.52259	-0.3065462
42.8	10.9926	9.290372	12.97778	7	-2.691149	-4.372483	38.49645	-0.8737421	-10.067
42.82	7.581441	7.856288	-5.662651	7	-1.74628	-2.007648	-24.06378	20.4087	-16.8541
42.84	7.771665	7.924579	-4.315526	7	-2.141201	-1.634113	22.89232	10.62244	4.095503
42.86	7.505078	7.924579	-5.570403	7	-1.305672	-1.490118	21.2569	-3.957711	0.6305361
42.88	8.170508	7.924579	-1.666253	7	-1.211249	-1.941691	39.16637	-11.86611	2.105357
42.9	8.343425	7.924579	-0.5368738	7	-0.9453661	-2.098929	33.80536	-8.950078	-2.38923
42.92	7.694029	7.241681	-3.328396	7	-0.90747	-1.945143	30.60801	29.12626	-3.132667
42.94	8.374925	8.197738	0.3147758	7	-0.4931877	-1.318115	25.64347	30.5919	-0.115797
42.96	7.277513	7.51484	-5.090361	7	0.1720128	-0.1208169	-2.593958	16.3629	-3.326894
42.98	7.567657	7.583131	-2.899288	7	0.06625663	0.04014231	11.46166	-0.446261	3.428389
43	7.761419	7.583131	-1.393319	7	0.04345191	-0.3822241	14.01502	-9.163818	0.8030262
43.02	8.092818	7.583131	0.7370729	7	-0.276866	-0.9996766	20.73854	-9.576033	-0.6554899
43.04	7.914735	7.583131	-0.02834415	7	-0.2676775	-0.9349049	11.91894	22.39343	-2.989522
43.06	7.589236	7.51484	-1.533516	7	-0.1608364	-0.4531546	4.61969	16.57664	-1.794015
43.08	7.376139	7.583131	-2.451713	7	0.1203361	0.1744267	-2.328646	1.049922	0.07368279
43.1	7.570994	7.583131	-1.136747	7	0.06046797	0.07212584	3.342347	-9.6371	1.385859
43.12	7.881192	7.583131	0.7078787	7	-0.2160153	-0.5493952	10.88495	-11.51496	-0.08838558
43.14	9.485599	9.017213	8.323407	7	-0.341906	-0.9601767	7.952323	7.843814	-2.219892
43.16	9.37615	9.085504	6.608918	7	-0.3673323	-0.6211659	-23.46021	5.691143	-9.691435
43.18	8.207477	8.197738	0.05523399	7	-0.8550411	-0.2597925	-28.17107	0.6071739	-6.865108
43.2	7.704316	8.129447	-2.75505	7	-0.9701748	-0.05133496	-16.12001	-6.705802	-0.4854069
43.22	7.687834	8.061158	-2.839891	7	-0.9050027	-0.3258499	-1.356517	-15.5455	1.616615
43.24	7.93925	8.061158	-1.478267	7	-0.8145721	-0.7411296	9.199902	-21.20962	1.025775
43.26	8.62707	8.129447	2.14237	7	-1.173103	-1.798641	25.95392	-5.453894	-0.757349
43.28	7.696539	7.583131	-2.669826	7	-0.8628836	-1.418905	9.654161	27.6606	-5.10415
43.3	7.49533	7.583131	-3.40279	7	-0.6472626	-0.8094389	13.35767	17.32473	0.3889542
43.32	7.166652	7.51484	-4.75002	7	-0.07646343	-0.1114933	5.864369	0.0880898	1.047045
43.34	7.560349	7.51484	-2.139303	7	-0.06587114	-0.3070028	16.66674	-10.17145	2.895931
43.36	8.002645	7.583131	0.5409523	7	-0.2266349	-0.9441799	21.81382	-6.751604	0.00372982
43.38	7.872686	7.583131	0.01062083	7	-0.143465	-0.8024192	10.86392	18.33236	-2.770412
43.4	8.597678	8.402606	3.481179	7	-0.06816003	-0.4581628	3.120637	11.5232	-1.695445
43.42	7.526321	7.583131	-2.104065	7	0.0009199008	0.06447291	-15.51304	-0.2172534	-4.771783
43.44	7.558993	7.583131	-1.629402	7	-0.3213934	-0.02720361	0.7229131	-8.675269	1.528192
43.46	7.57826	7.583131	-1.343188	7	-0.3336577	-0.3716232	5.767075	-14.15618	0.3352299
43.48	7.980886	7.583131	0.9565889	7	-0.6741875	-1.14209	19.31393	0.5766395	-0.1315317
43.5	7.482346	7.583131	-1.713623	7	-0.2096667	-0.4881671	0.4809382	8.851447	-3.001544
43.52	7.447355	7.51484	-1.687747	7	-0.1602025	-0.142926	3.10901	0.5919067	0.52808
43.54	9.389354	9.290372	7.631046	7	-0.005915649	-0.2164564	0.5553667	2.027021	0.4427261
43.56	9.32348	8.948924	6.355592	7	-0.2895133	-0.4757156	-22.3275	-2.736337	-8.665783
43.58	9.226342	9.017213	4.96892	7	-0.863257	-0.4784424	-24.90475	3.843815	-6.652649
43.6	8.800657	9.017213	1.869597	7	-1.048347	-0.283675	-29.19863	-0.5836657	-5.51106
43.62	8.632996	9.017213	0.3132873	7	-1.151474	-0.2220261	-23.22543	-8.461528	-2.558808
43.64	7.78076	8.197738	-4.210175	7	-1.216423	-0.391579	-13.34815	-17.6371	-1.516455
43.66	8.068395	8.197738	-2.525431	7	-1.381734	-1.085941	13.98633	-24.46152	2.385894
43.68	8.312307	8.061158	-1.079654	7	-1.427231	-1.957202	27.94547	-12.64473	-0.4998503
43.7	7.457252	7.583131	-5.239796	7	-0.8491072	-1.306347	15.33657	20.3171	-2.514918
43.72	7.576927	7.51484	-3.960688	7	-0.7144486	-1.160897	28.14429	14.10336	2.286483
43.74	6.999263	6.968522	-6.118477	7	-0.347284	-0.9888351	26.04965	11.23313	0.6406631
43.76	7.079614	7.036813	-4.795043	7	0.0009237826	-0.6579494	29.46963	4.591907	3.11472
43.78	7.212492	7.036813	-3.279811	7	0.2928981	-0.5210363	26.56096	13.12626	1.962196
43.8	7.09559	6.968522	-3.145037	7	0.5859085	-0.10018	16.71003	9.889616	0.8862963
43.82	8.213923	7.924579	2.869325	7	0.6470392	0.003278837	12.82858	11.76748	1.453169
43.84	7.098699	6.968522	-2.548424	7	0.6666881	0.3754963	-9.879877	6.714043	-4.149314
43.86	7.107617	6.968522	-1.866485	7	0.2481757	0.2907056	4.835382	2.393434	2.2693
43.88	6.688353	7.036813	-3.706804	7	0.6703476	0.8333649	-7.426265	-0.3546584	1.013119
43.9	6.922524	7.036813	-1.970945	7	0.6093836	0.784019	0.3904006	-9.102749	3.53073
43.92	7.421257	7.105102	1.003309	7	0.2581879	-0.04855171	10.62496	-0.003512851	1.60304
43.94	8.566143	8.470897	6.269375	7	0.5235911	0.2269425	-7.767249	5.660609	-1.725945
43.96	8.661682	8.470897	5.936758	7	0.2858045	0.3888381	-28.25803	6.378166	-6.118743
43.98	7.471758	7.583131	-0.5643262	7	-0.1693868	0.6091219	-34.37027	1.126258	-5.098288
44	7.214569	7.583131	-1.959308	7	-0.4585096	0.5231498	-17.38524	-8.369925	1.34264
44.02	7.137309	7.583131	-2.405494	7	-0.3220996	0.355503	-9.47542	-16.26306	1.844915
44.04	8.851935	8.948924	5.80465	7	-0.2282553	-0.03570554	-2.458644	-22.99588	1.924025
44.06	8.684767	8.129447	4.438425	7	-0.8416723	-1.142118	-4.532152	6.973586	-6.542965
44.08	8.69279	9.017213	3.364633	7	-0.4457546	-0.01902407	-27.65259	18.83618	-5.353352
44.1	7.656476	8.197738	-2.455035	7	-0.4076455	0.6607995	-35.56425	4.332364	-3.452976
44.12	6.877943	7.309972	-6.054173	7	-0.7514048	0.2849134	-9.869487	-14.4768	2.465587
44.14	6.951612	7.241681	-5.086181	7	-0.7207825	-0.3906592	15.25356	-20.17145	4.825398
44.16	8.918861	8.812345	4.794288	7	-0.4025192	-0.918991	22.15417	-20.06458	2.874022
44.18	9.889749	9.017213	9.059654	7	-0.7818521	-1.871641	11.34267	18.80565	-7.080301
44.2	7.363587	7.309972	-4.236804	7	-0.7465168	-0.8140284	-20.99222	27.24839	-10.98962
44.22	6.471199	7.241681	-8.38135	7	-0.4446731	0.5469089	-9.034589	10.04229	3.395586
44.24	7.554206	8.129447	-2.496758	7	0.02411121	0.5087946	6.58007	-10.14092	7.047412
44.26	7.79291	7.856288	-1.026141	7	0.2086512	0.08195049	2.934385	-17.60657	0.7516165
44.28	8.401348	7.992867	2.290901	7	-0.1683914	-0.5873216	10.72445	-18.6142	-0.4174089
44.3	8.509633	7.856288	2.850956	7	-0.676474	-1.383957	13.44397	22.62244	-4.028722
44.32	8.563923	8.744054	2.382445	7	-0.122778	-0.1996645	-14.88625	27.20259	-4.788675
44.34	8.346656	8.812345	0.6371176	7	0.1630157	0.881696	-33.61491	5.645341	-3.114058
44.36	7.586732	7.924579	-3.197023	7	-0.1861518	0.7859011	-25.4629	-13.04168	-0.6565056
44.38	7.828009	7.856288	-1.617768	7	-0.6994059	-0.2253334	3.179407	-30.67527	2.659831
44.4	7.995287	7.856288	-0.6194965	7	-0.8164315	-1.02284	13.46342	-37.45389	-0.2103014
44.42	8.86756	8.402606	3.694522	7	-1.008443	-1.682376	21.48317	-24.32412	-1.645059
44.44	8.277236	7.856288	0.4587803	7	-1.080728	-1.777521	11.09524	30.94305	-6.299156
44.46	7.903638	7.856288	-1.526638	7	-0.9534938	-1.198365	8.499386	27.15679	-2.728168
44.48	7.895667	7.924579	-1.524223	7	-0.7825811	-0.9543484	10.64224	9.27893	-0.6672106
44.5	7.329178	7.924579	-4.478972	7	0.04126668	0.2967386	-9.775554	-10.90428	-0.7278872
44.52	8.069345	7.924579	-0.2118979	7	-0.3303242	-0.3416693	13.37481	-26.07985	3.232121
44.54	8.426278	7.787999	1.863505	7	-0.7894182	-1.584416	23.76844	-26.24779	-1.946278
44.56	8.62969	7.787999	2.94501	7	-1.26017	-2.390035	29.96552	11.96595	-4.469338
44.58	7.902594	7.856288	-1.117679	7	-0.7458549	-1.318689	5.053267	29.87435	-5.883937
44.6	8.156882	8.197738	0.06738016	7	-0.5872973	-0.6791198	4.970629	10.85145	-0.7626219
44.62	7.185534	7.241681	-4.603678	7	-0.542674	-0.5754025	3.121335	-2.690536	-1.917608
44.64	7.358736	7.241681	-3.080235	7	-0.6979197	-0.9350991	24.06989	-10.93481	2.811777
44.66	7.377682	7.309972	-2.583683	7	-0.3617556	-0.9494822	22.06209	-15.5455	0.4915142
44.68	7.744077	7.241681	-0.1831999	7	-0.5334995	-1.431836	31.5879	-11.36229	0.2625599
44.7	8.593762	8.129447	4.01056	7	-0.3557512	-1.383945	21.52193	25.98122	-2.415445
44.72	7.97299	7.583131	0.6885151	7	-0.3869606	-1.053489	3.742855	23.21786	-6.049747
44.74	7.437668	7.583131	-2.08421	7	-0.1905877	-0.1251951	-5.646395	10.72931	-2.026448
44.76	7.402958	7.583131	-2.072916	7	-0.1361001	0.08876811	-0.9604161	-2.812673	1.14046
44.78	7.60996	7.583131	-0.7855852	7	-0.2057664	-0.2469729	6.20869	-10.06458	0.9705906
44.8	7.841779	7.583131	0.5587605	7	-0.3799646	-0.7313187	11.55398	-12.01878	-0.5711956
44.82	7.918081	7.51484	1.032421	7	-0.6120332	-1.161779	14.82841	11.78275	-2.12044
44.84	7.425478	7.583131	-1.650446	7	-0.1664539	-0.3080817	-3.039285	8.500303	-2.753532
44.86	7.605937	7.583131	-0.5632761	7	-0.2671585	-0.2559686	4.620519	0.9735862	0.7291822
44.88	7.684193	7.65142	-0.138526	7	-0.2162974	-0.3462046	3.271128	-1.530231	-0.6621656
44.9	9.383138	9.085504	7.931743	7	-0.2952965	-0.6391039	3.516985	-0.6447344	-0.998848
44.92	9.262952	9.085504	6.160002	7	-0.2831012	-0.3628907	-27.14067	4.103357	-9.060923
44.94	8.230717	8.129447	0.3927861	7	-0.9467508	-0.362252	-24.72093	0.2865631	-6.207767
44.96	8.765615	9.085504	2.399112	7	-0.9799219	-0.2311638	-16.52234	-3.42336	-0.9341631
44.98	8.777153	9.017213	1.703548	7	-0.9686511	-0.4043231	-18.68998	-9.576033	-3.467718
45	8.110306	8.197738	-1.916319	7	-1.285646	-0.7989876	-8.031848	-17.6829	-2.882225
45.02	8.116576	8.197738	-1.886848	7	-1.389094	-1.194713	9.45365	-18.14092	0.04640102
45.04	7.499615	7.51484	-4.726659	7	-1.300886	-1.496179	18.63335	3.874349	-0.8122902
45.06	7.35973	7.446551	-4.928	7	-0.9432697	-1.321239	26.85176	2.332365	1.630724
45.08	7.704029	7.583131	-2.634353	7	-0.613703	-1.33753	31.70031	9.248395	1.641932
45.1	6.916475	6.900233	-5.970469	7	-0.1562062	-0.8307762	20.99439	10.59191	-0.6255798
45.12	7.092347	7.036813	-4.181454	7	0.09093711	-0.4766585	26.65705	11.84381	3.386528
45.14	6.908006	6.900233	-4.337554	7	0.5013393	-0.1036911	18.10865	8.164426	1.651948
45.16	7.623991	7.105102	0.1486366	7	0.2375219	-0.6314542	29.36821	7.110991	2.476826
45.18	7.092647	6.968522	-2.205809	7	0.6111312	-0.06321769	6.09885	18.13389	-2.255969
45.2	6.986396	6.968522	-2.209836	7	0.6506515	0.4797907	2.867851	6.89725	1.280915
45.22	6.944839	6.968522	-1.934715	7	0.6836784	0.6096644	0.5839444	-0.1714523	1.58166
45.24	7.86381	7.583131	2.972427	7	0.4333313	0.143329	6.425444	-2.201986	1.551471
45.26	7.691426	7.583131	1.853912	7	0.4735674	0.3103274	-12.50738	4.4087	-3.498667
45.28	7.617942	7.583131	1.330896	7	0.2120599	0.4663329	-14.7796	-0.4309943	-1.583189
45.3	8.122571	8.197738	3.445023	7	0.09976105	0.4678295	-17.22138	-4.751605	-1.051264
45.32	8.178092	8.197738	3.151604	7	-0.1398978	0.2764713	-21.84455	-9.972978	-3.142074
45.34	8.365069	8.197738	3.600278	7	-0.6864141	-0.3365053	-12.95699	-10.01878	-2.833012
45.36	8.634905	8.744054	4.058602	7	-0.7025185	-0.300861	-19.2592	-4.01878	-3.910511
45.38	7.779222	7.856288	-0.7581969	7	-1.016785	-0.4841224	-16.6934	-7.240154	-4.30753
45.4	7.644845	7.856288	-1.607441	7	-1.129822	-0.6346276	-1.273087	-9.453894	0.105135
45.42	7.460629	7.787999	-2.65459	7	-0.8196645	-0.5521161	1.740914	-10.99588	0.1567831
45.44	7.862483	7.787999	-0.4698325	7	-0.8802902	-1.027786	16.16484	-0.5073298	1.065899
45.46	7.835819	7.924579	-0.7527554	7	-0.4637619	-0.7224686	5.682898	5.645341	-1.712446
45.48	8.129261	7.924579	0.7834705	7	-0.5750273	-0.8729202	10.52337	5.59954	-0.9152832
45.5	7.782897	7.856288	-1.114164	7	-0.3035915	-0.4344778	-1.793003	4.68351	-2.649374
45.52	7.959181	7.856288	-0.103384	7	-0.4646736	-0.5342381	5.755749	-0.7210703	-0.2113028
45.54	7.821357	7.856288	-0.8416759	7	-0.3273377	-0.4130426	0.5943111	-0.3088564	-1.54779
45.56	7.96811	7.856288	-0.01025337	7	-0.4493141	-0.5687163	5.776944	0.8972503	-0.5724678
45.58	7.840282	7.787999	-0.6526878	7	-0.4131493	-0.5685248	3.369804	-0.09511635	-1.624659
45.6	7.826515	7.787999	-0.6648876	7	-0.4078546	-0.5169736	4.320194	0.8819832	-0.8767376
45.62	7.801777	7.787999	-0.7424173	7	-0.3554658	-0.4635462	3.640349	-0.4767954	-0.8928843
45.64	7.902127	7.856288	-0.1943369	7	-0.340956	-0.4652661	4.032591	0.05755544	-0.7638044
45.66	7.878439	7.787999	-0.2758291	7	-0.3762511	-0.5328354	3.900295	-0.09511635	-1.305318
45.68	8.016926	7.924579	0.4024946	7	-0.3975759	-0.5577704	3.962479	-0.1103831	-1.215526
45.7	7.908213	7.787999	-0.1598982	7	-0.4680753	-0.6356853	3.435965	0.1644257	-1.891928
45.72	7.91757	7.856288	-0.1391702	7	-0.4752911	-0.5964568	3.681407	-0.07984875	-1.332616
45.74	7.886744	7.856288	-0.331334	7	-0.4452046	-0.5451539	2.6869	0.02702108	-1.372534
45.76	7.903369	7.856288	-0.2547291	7	-0.4530858	-0.5507736	3.424518	0.02702108	-1.142553
45.78	7.917857	7.856288	-0.1917382	7	-0.4622608	-0.5851104	3.854171	-0.1256507	-1.2551
45.8	7.925863	7.856288	-0.1651386	7	-0.4719413	-0.6086838	4.073431	0.01175433	-1.340993
45.82	7.82829	7.787999	-0.6551092	7	-0.4549022	-0.5696997	3.440676	-0.09511635	-1.382543
45.84	7.978757	7.924579	0.09772703	7	-0.4461522	-0.5728078	4.677131	-0.01878046	-0.869668
45.86	7.883676	7.856288	-0.4272077	7	-0.3955549	-0.5076715	1.645461	0.0880898	-1.664573
45.88	8.00361	7.924579	0.1763453	7	-0.4515832	-0.5580328	3.832528	-0.06458157	-1.012805
45.9	7.903164	7.856288	-0.3734859	7	-0.4403053	-0.5498866	1.943125	-0.06458157	-1.715654
45.92	7.915027	7.856288	-0.3029722	7	-0.4785933	-0.571442	3.775586	0.01175433	-1.098795
45.94	7.834147	7.787999	-0.690411	7	-0.475392	-0.591608	4.116811	-0.1103831	-1.256762
45.96	7.959592	7.924579	-0.06547292	7	-0.4340212	-0.5587561	4.468573	0.01175433	-0.887105
45.98	7.990365	7.924579	0.04918534	7	-0.4212425	-0.5655822	3.019441	-0.01878046	-1.510422
46	7.844192	7.787999	-0.6796814	7	-0.4459888	-0.5480123	2.548586	-0.003512851	-1.563952
46.02	7.925803	7.856288	-0.2296895	7	-0.4828224	-0.6030298	5.336535	0.02702108	-0.8302355
46.04	7.870613	7.787999	-0.4849117	7	-0.4874021	-0.6636659	5.399724	-0.01878046	-1.396719
46.06	7.887947	7.856288	-0.3993554	7	-0.4256942	-0.5677209	4.30437	0.04228869	-1.144347
46.08	7.912184	7.856288	-0.2664082	7	-0.4123188	-0.5507774	4.02008	-0.06458157	-1.167047
46.1	7.969771	7.924579	-0.005183816	7	-0.384651	-0.5072448	2.717988	-0.07984875	-1.278937
46.12	7.939753	7.856288	-0.1600881	7	-0.4345906	-0.5559664	2.924683	-0.01878046	-1.477282
46.14	7.940011	7.856288	-0.1591318	7	-0.4801805	-0.6090983	3.999454	-0.06458157	-1.34478
46.16	7.978129	7.924579	-0.01295	7	-0.4631489	-0.5899101	3.31518	0.01175433	-1.403636
46.18	7.936206	7.924579	-0.2878855	7	-0.4164465	-0.4915073	1.11855	-0.003512851	-1.524242
46.2	7.932272	7.924579	-0.3358108	7	-0.4100184	-0.4433142	1.074438	0.02702108	-1.16156
46.22	7.835788	7.787999	-0.7757261	7	-0.4655069	-0.5292494	3.127174	-0.01878046	-1.118835
46.24	7.822402	7.787999	-0.7794456	7	-0.4627151	-0.5657024	5.081309	-0.1103831	-0.7805271
46.26	7.968894	7.924579	-0.03345084	7	-0.4124716	-0.5659385	5.11492	-0.07984875	-0.8502579
46.28	7.874476	7.787999	-0.4858204	7	-0.4269072	-0.5977948	4.11209	-0.003512851	-1.571928
46.3	7.838689	7.787999	-0.6212265	7	-0.4206236	-0.5512151	4.425795	-0.003512851	-1.078514
46.32	7.874275	7.787999	-0.3773631	7	-0.4446749	-0.6140683	6.074609	0.02702108	-0.9474564
46.34	7.911721	7.856288	-0.1907514	7	-0.3931818	-0.5665787	4.425853	-0.04931482	-1.250093
46.36	8.025641	7.924579	0.3627141	7	-0.415777	-0.5916159	4.219496	0.02702108	-1.347999
46.38	8.001329	7.924579	0.1639961	7	-0.4189755	-0.5589579	1.714172	-0.04931482	-1.890105
46.4	7.928741	7.856288	-0.2301885	7	-0.4775372	-0.5662346	2.159496	-0.003512851	-1.599809
46.42	7.870998	7.856288	-0.5440492	7	-0.4643414	-0.5220619	2.222846	0.01175433	-1.251954
46.44	7.886487	7.856288	-0.4540062	7	-0.4659217	-0.5441725	3.685217	0.02702108	-0.9510822
46.46	7.811984	7.787999	-0.8006165	7	-0.4403117	-0.5394217	3.740976	0.04228869	-1.104268
46.48	7.916845	7.856288	-0.2284522	7	-0.4421641	-0.5814585	5.592084	0.04228869	-0.7551641
46.5	7.966547	7.924579	-0.01805642	7	-0.379368	-0.5299991	3.047494	-0.01878046	-1.390459
46.52	8.004551	7.924579	0.1432016	7	-0.4101281	-0.53689	2.544703	0.01175433	-1.478144
46.54	7.913857	7.856288	-0.340371	7	-0.4369352	-0.5301669	1.776713	0.01175433	-1.626171
46.56	7.910913	7.856288	-0.346135	7	-0.4747785	-0.5601124	3.46113	-0.04931482	-1.128406
46.58	7.886166	7.856288	-0.4769655	7	-0.4520786	-0.5507168	3.315082	-0.03404721	-1.205124
46.6	7.948432	7.924579	-0.1828675	7	-0.416782	-0.5115972	2.993995	-0.01878046	-1.067803
46.62	7.815691	7.787999	-0.8311745	7	-0.4110432	-0.4936207	2.327914	-0.003512851	-1.340085
46.64	7.891266	7.856288	-0.4022191	7	-0.4147871	-0.5050185	4.299022	-0.01878046	-0.6675234
46.66	7.92067	7.856288	-0.2367199	7	-0.4111254	-0.5564994	4.202249	-0.04931482	-1.167248
46.68	7.914101	7.856288	-0.2687289	7	-0.4025255	-0.5371552	3.367198	0.01175433	-1.319714
46.7	7.849089	7.787999	-0.562656	7	-0.4226997	-0.5426002	3.667415	0.01175433	-1.24782
46.72	7.830992	7.787999	-0.6081964	7	-0.4154526	-0.5325632	4.314921	0.07282305	-0.9684019
46.74	7.853203	7.787999	-0.4423266	7	-0.4178074	-0.5674357	5.255108	-0.06458157	-0.9405241
46.76	7.818614	7.787999	-0.5915856	7	-0.3634356	-0.4999421	3.714517	-0.04931482	-1.132863
46.78	8.029058	7.924579	0.4825948	7	-0.4006864	-0.5737174	5.281195	0.0880898	-0.8990421
46.8	8.009892	7.924579	0.2973768	7	-0.3897148	-0.5559784	1.628059	0.1949605	-2.027137
46.82	7.919249	7.787999	-0.1548918	7	-0.5201312	-0.6521043	3.68757	-0.1103831	-1.697616
46.84	7.972877	7.924579	0.05101159	7	-0.5009546	-0.6174784	3.484653	-0.09511635	-1.371626
46.86	7.900574	7.856288	-0.3595402	7	-0.4926281	-0.5958186	2.725445	-0.003512851	-1.57756
46.88	7.957929	7.924579	-0.1084397	7	-0.4786449	-0.5673026	3.2292	-0.04931482	-1.150786
46.9	7.841118	7.787999	-0.6890602	7	-0.4951488	-0.6021051	3.597371	0.07282305	-1.427739
46.92	7.813371	7.787999	-0.7855766	7	-0.4720603	-0.5754063	4.866763	0.04228869	-0.8766842
46.94	7.899943	7.856288	-0.318818	7	-0.4330797	-0.5805819	5.483575	-0.01878046	-0.8255568
46.96	7.967371	7.924579	-0.009240389	7	-0.3731292	-0.5241244	3.271684	0.04228869	-1.296663
46.98	7.903934	7.856288	-0.3415034	-7	-0.3732698	-0.4761055	-66.984	0.2712964	-20.08126
47	7.892224	7.856288	-0.3884454	-7	-1.764997	-0.4598289	-78.03289	-0.2325206	-16.49981
47.02	7.171857	7.856288	-4.495821	-7	-2.602779	-0.4797047	-89.85712	-2.079849	-16.18137
47.04	6.710369	7.924579	-7.276747	-7	-3.095337	-0.3805539	-87.56091	-7.652368	-11.88052
47.06	6.669176	7.924579	-7.784467	-7	-3.498683	-0.8513596	-74.16254	-20.59893	-9.468301
47.08	6.562594	7.924579	-8.667698	-7	-3.525151	-1.066606	-69.71431	-34.29359	-9.741974
47.1	8.514599	9.222083	0.5967917	-7	-4.006385	-2.223833	-49.584	-48.01878	-9.17874
47.12	3.451001	3.827197	-24.03701	-7	-5.17799	-3.76703	-37.36215	-48.36992	-19.42507
47.14	7.788806	8.470897	-1.529066	-7	-5.069217	-4.258835	29.05883	-29.7287	4.1726
47.16	7.100673	8.675765	-6.578642	-7	-2.714595	-2.032106	-68.26837	13.78275	-20.77271
47.18	5.24634	5.19299	-14.61113	-7	-4.521811	-3.27042	-20.92112	4.08809	-11.31502
47.2	4.343305	5.124701	-17.87647	-7	-4.429837	-3.602849	4.951298	-3.041681	-5.611353
47.22	7.990781	8.470897	0.7232329	-7	-3.673155	-3.755936	14.57246	-9.850841	-3.257442
47.24	7.403372	7.241681	-2.724092	-7	-3.635421	-4.033558	-27.52471	-9.606565	-21.73824
47.26	6.916309	6.422206	-4.907036	-7	-4.900682	-4.785223	-8.418282	10.01175	-16.52929
47.28	6.013482	6.968522	-9.93614	-7	-4.141175	-3.262611	-36.15156	21.96595	-15.42642
47.3	4.198607	5.124701	-18.21375	-7	-4.195471	-2.850264	-22.14069	2.347631	-9.205755
47.32	7.528424	8.402606	-1.265064	-7	-3.554499	-2.775523	-4.105606	-22.53786	-1.525922
47.34	5.082025	5.124701	-13.13469	-7	-3.924175	-3.777844	-22.38692	-33.89664	-18.81281
47.36	6.990213	6.627074	-2.674517	-7	-4.847878	-4.951628	25.50985	-18.78214	-6.278408
47.38	4.709902	5.124701	-14.06208	-7	-4.186924	-4.358564	-11.94951	12.89725	-18.68858
47.4	6.91025	7.036813	-2.493926	-7	-4.295746	-4.233354	14.83246	0.6071739	-5.650147
47.42	5.512362	5.397861	-9.336025	-7	-4.3685	-4.770265	-3.33708	2.378166	-18.11993
47.44	4.011738	3.758908	-15.46579	-7	-5.131182	-5.392969	29.66504	0.7751129	-10.5324
47.46	3.353023	3.758908	-17.31429	-7	-4.466273	-4.974177	41.7142	3.630075	-5.813291
47.48	5.811826	5.739308	-3.936145	-7	-3.778208	-5.009561	50.54046	-2.873742	-4.057282
47.5	4.564558	4.441804	-9.73933	-7	-3.158545	-4.30821	7.227687	16.10336	-17.19452
47.52	4.224296	4.373515	-10.46828	-7	-3.087318	-3.265738	4.612165	24.27129	-9.263738
47.54	2.890707	3.144301	-15.74651	-7	-3.085122	-3.118279	8.047935	10.14916	-8.15601
47.56	2.582675	2.871142	-15.4392	-7	-2.955106	-3.137625	26.70888	-10.91954	-2.763344
47.58	2.831266	2.871142	-12.39886	-7	-2.673269	-3.436633	35.98001	7.019387	-3.417516
47.6	2.475966	1.915086	-12.17173	-7	-2.939964	-4.311986	49.0035	18.43924	-6.306386
47.62	1.736859	1.915086	-14.33526	-7	-2.101455	-3.124032	28.42662	25.32473	-6.648186
47.64	1.523626	1.915086	-13.69612	-7	-1.397598	-1.882869	16.79376	13.15679	-3.01587
47.66	0.7045127	0.8907404	-15.68779	-7	-1.236632	-1.632188	17.2055	8.500303	-2.527922
47.68	1.037576	1.02732	-11.84327	-7	-1.199728	-1.819475	28.56665	10.02702	-0.004640579
47.7	0.7981174	0.9590311	-11.38904	-7	-0.7200545	-1.352805	11.75916	13.73695	-3.72152
47.72	-0.1064088	0.002975464	-13.96263	-7	-0.7134587	-1.030446	8.72061	17.41633	-2.865437
47.74	-0.07923645	0.002975464	-11.77839	-7	-0.7369415	-1.077176	17.95592	9.569006	0.3211946
47.76	-0.1730354	0.002975464	-10.57896	-7	-0.4313764	-0.841634	9.327267	12.92778	-1.712146
47.78	-1.179529	-1.362819	-13.49334	-7	-0.8209216	-1.310584	19.08755	11.18733	-1.993138
47.8	-1.847759	-1.362819	-14.91564	-7	-0.2313052	-0.4307346	12.27374	5.27893	0.9099884
47.82	-1.46246	-1.362819	-10.83409	-7	-0.1376313	-0.558062	23.09947	0.5003036	3.235215
47.84	-3.271802	-3.070061	-17.64521	-7	0.1034828	-0.3376039	14.54286	6.256028	-0.6860514
47.86	-3.286104	-3.13835	-14.94444	-7	0.1907929	-0.2731166	36.11179	13.32473	7.034456
47.88	-4.765419	-4.504144	-19.53827	-7	0.7174087	-0.01081545	32.23646	8.469769	4.133355
47.9	-4.756635	-4.435854	-16.42629	-7	1.328888	0.6192406	39.7789	23.75221	9.660049
47.92	-5.027102	-4.504144	-15.13519	-7	2.365662	1.726244	18.03287	10.94305	7.176064
47.94	-4.52269	-4.777303	-9.706745	-7	2.158995	1.330555	27.08437	20.74458	7.800308
47.96	-5.436003	-6.074806	-11.50076	-7	1.607478	0.4065546	31.24785	20.11863	2.785826
47.98	-5.515561	-5.118752	-9.976404	-7	2.452168	1.959089	4.711461	15.34	4.99397
48	-6.567581	-6.552835	-12.77385	-7	2.215593	1.989472	6.00129	11.40107	5.386314
48.02	-6.980745	-6.757704	-12.34939	-7	2.276526	2.133515	12.23417	-7.469162	8.68581
48.04	-5.818449	-6.074806	-4.33581	-7	2.095502	1.414244	24.44697	1.416334	8.651768
48.06	-7.83097	-7.850338	-12.54562	-7	2.211525	1.676623	1.318508	-0.522597	0.7697792
48.08	-6.589503	-6.757704	-4.208051	-7	1.924061	1.527567	24.37826	9.339998	10.41615
48.1	-7.368113	-7.304021	-6.807687	-7	2.299019	1.809598	-2.35294	3.00412	1.675143
48.12	-7.816815	-8.191787	-7.073789	-7	1.597529	1.237385	17.07226	-7.011146	5.876782
48.14	-8.115405	-7.50889	-7.430589	-7	2.478151	2.516339	-7.588053	9.49267	5.639326
48.16	-7.884149	-8.191787	-4.454561	-7	1.826162	1.60079	14.47835	-13.62183	7.589312
48.18	-9.249309	-8.806395	-10.02144	-7	2.378612	2.401845	-7.647897	3.278929	4.012689
48.2	-9.419888	-9.421001	-8.726413	-7	1.987109	1.976331	19.7677	-0.7210703	10.93609
48.22	-9.510157	-9.079553	-7.649447	-7	2.701121	2.511275	8.041391	1.217861	8.89456
48.24	-8.215737	-8.806395	0.5366411	-7	2.152144	1.359464	28.40514	3.370533	8.911716
48.26	-9.642731	-9.421001	-5.903572	-7	2.816604	2.466429	-14.84135	13.03465	0.2882786
48.28	-7.817906	-8.123497	4.282135	-7	2.257869	2.171556	4.987419	5.339998	8.918774
48.3	-9.476649	-9.079553	-3.941204	-7	2.715854	3.042946	-39.86695	-0.1409175	-1.818198
48.32	-9.762569	-10.1039	-3.857463	-7	1.386911	1.848491	5.373112	-10.6142	8.435848
48.34	-11.03866	-10.03561	-9.588961	-7	2.454986	3.121734	-19.25586	-0.3088564	6.424393
48.36	-10.17945	-10.1039	-3.62641	-7	2.064004	2.333277	16.81879	-18.44626	13.55372
48.38	-11.30325	-10.1039	-8.694671	-7	3.621406	4.218796	-31.08233	11.5232	6.399724
48.4	-9.352161	-10.03561	2.951975	-7	2.239567	2.123307	25.37099	1.904884	14.0169
48.42	-10.89231	-10.1039	-4.786006	-7	3.562271	3.773859	-39.77463	16.71404	0.2227898
48.44	-9.571039	-10.1039	3.18995	-7	2.191462	2.448861	6.620107	6.500303	11.06419
48.46	-10.28573	-9.147842	-1.013746	-7	3.669669	4.525975	-59.20251	7.21786	1.204362
48.48	-7.763316	-8.191787	11.87143	-7	2.269965	3.038149	-22.63019	-15.56077	8.476606
48.5	-10.31112	-9.352711	-2.095595	-7	2.900467	4.378619	-87.4751	5.691143	-6.044091
48.52	-9.518401	-9.69416	2.612411	-7	0.9955578	2.551597	-17.69762	-17.62183	10.46244
48.54	-10.14336	-8.738104	-1.504806	-7	2.307928	3.855537	-60.12029	-1.163818	2.46726
48.56	-8.896321	-9.147842	5.152357	-7	0.9295985	1.87762	-9.059996	-18.21725	8.443888
48.58	-10.81698	-9.079553	-5.632446	-7	2.703681	4.416389	-76.30424	10.53084	-0.5904064
48.6	-9.288918	-9.48929	3.036612	-7	1.010231	2.248983	-1.989765	-10.03405	13.1151
48.62	-10.04707	-8.533236	-1.840639	-7	2.759464	4.09059	-63.7069	-0.7974062	1.132571
48.64	-6.639148	-7.850338	15.65925	-7	0.423516	0.6162244	13.24685	-1.42336	8.801949
48.66	-10.0306	-9.079553	-3.189636	-7	1.736665	2.571676	-76.7728	-0.4767954	-12.23722
48.68	-6.356427	-7.167441	15.2804	-7	-0.3744877	0.3755082	9.342314	0.4087006	10.1738
48.7	-9.225081	-7.50889	-1.778603	-7	1.83909	3.35434	-101.0179	-4.751605	-12.29954
48.72	-7.515653	-7.918628	7.082469	-7	-0.4862873	1.142985	-11.08533	-4.308856	9.236216
48.74	-10.76968	-8.191787	-11.06929	-7	2.12954	4.622644	-101.5249	-4.064581	-3.959662
48.76	-6.906609	-7.167441	9.238929	-7	0.03956431	1.595165	9.169784	-3.163818	18.01673
48.78	-10.07758	-7.577179	-8.71829	-7	3.024262	5.083626	-111.0171	-1.743971	-7.16079
48.8	-7.430469	-7.713759	5.761225	-7	0.6130704	2.40456	-6.331241	-11.53023	16.01047
48.82	-8.807508	-6.825994	-2.834702	-7	2.817583	4.672111	-93.6195	-7.087482	-3.154608
48.84	-4.921555	-5.733358	16.77271	-7	0.4031619	1.490959	-12.52848	-4.446261	9.266235
48.86	-9.281916	-7.4406	-7.382322	-7	2.171819	4.28143	-122.5867	-4.797406	-14.123
48.88	-5.994606	-6.484545	9.829514	-7	-0.6089642	1.255581	-2.996109	7.431602	14.38477
48.9	-9.251945	-7.850338	-7.975605	-7	0.8128472	2.237817	-70.64259	-7.118016	-8.343654
48.92	-5.963169	-6.757704	9.287433	-7	-1.30789	-0.7386291	32.90007	8.057555	12.12267
48.94	-7.94323	-6.825994	-2.441999	-7	0.6409739	1.082406	-50.82725	-11.34702	-9.784507
48.96	-5.976456	-7.167441	8.041052	-7	-1.609622	-1.638281	34.25641	4.912518	5.471781
48.98	-7.103593	-5.801648	0.2796988	-7	0.6703421	1.19578	-54.23763	-7.31649	-8.98967
49	-7.13841	-7.50889	0.46579	-7	-0.8583225	-0.06805265	-2.017198	8.866715	2.570662
49.02	-8.897782	-7.50889	-8.918188	-7	0.5572938	1.765914	-37.5341	3.477403	-0.2062292
49.04	-6.980569	-6.484545	1.174753	-7	0.4555712	1.419938	-0.5854797	-14.91954	10.7471
49.06	-7.371296	-6.484545	-1.363728	-7	1.485628	2.242624	-40.75173	-0.6752688	-0.7603817
49.08	-6.219614	-6.484545	4.676617	-7	0.4694303	1.023546	-10.61831	-5.6371	3.620279
49.1	-7.505021	-6.484545	-2.669147	-7	1.420939	2.56349	-58.99409	16.22549	-3.811417
49.12	-6.689743	-6.484545	1.677396	-7	0.5342798	1.819037	-24.44081	-11.04168	5.56795
49.14	-7.813696	-6.552835	-4.591775	-7	1.454477	3.014898	-59.59979	5.309464	-0.3861361
49.16	-6.708726	-6.416255	1.35411	-7	0.6562155	1.985802	-21.61996	-18.88901	7.38903
49.18	-7.868125	-6.552835	-5.041732	-7	1.686811	3.230234	-61.10948	14.19496	-0.238884
49.2	-6.568572	-6.484545	2.072005	-7	0.6228245	1.8024	-15.39391	-6.201986	7.894281
49.22	-7.998946	-6.416255	-5.891915	-7	2.080394	3.733247	-71.771	18.80565	-1.233905
49.24	-6.449491	-6.416255	2.631301	-7	0.7556611	2.088068	-16.89246	-8.812674	9.240414
49.26	-7.851104	-6.416255	-5.159242	-7	2.021173	3.593031	-70.30034	17.33999	-1.699922
49.28	-5.361895	-5.050462	7.396605	-7	1.195858	2.716704	-34.05583	-16.14092	8.440691
49.3	-8.260617	-6.416255	-8.310659	-7	2.522252	4.878941	-107.6465	19.73694	-5.684378
49.32	-7.308207	-6.825994	-2.396095	-7	0.8918191	3.277328	-32.49141	-17.11802	13.06207
49.34	-8.778994	-6.757704	-10.08224	-7	2.433619	4.710063	-75.43932	15.20259	3.789062
49.36	-5.647598	-5.460199	6.416086	-7	1.332343	2.76055	-16.36454	-22.64473	13.50978
49.38	-4.167789	-5.39191	13.36805	-7	-0.1404239	-0.7280117	-4.170368	23.59954	-5.399513
49.4	-5.314152	-5.801648	6.207271	-7	-0.6686501	-0.7341214	-33.79211	-0.3393908	-13.16749
49.42	-6.269196	-5.801648	0.3135693	-7	-0.7704944	0.4065894	-41.29694	21.50794	-5.233953
49.44	-6.416798	-5.801648	-1.006752	-7	-0.8687997	0.4632719	-26.54594	-29.30122	0.5864096
49.46	-5.885491	-6.074806	1.583582	-7	-1.581319	-1.231342	9.640276	-24.91954	1.02671
49.48	-6.583938	-6.143096	-2.532888	-7	-0.9133524	-0.7086056	-6.761716	-18.88901	-3.337584
49.5	-6.076303	-6.143096	0.09905756	-7	-1.118688	-1.090078	14.73166	0.2407616	1.416287
49.52	-6.53581	-6.484545	-2.303731	-7	-0.8188226	-1.0608	9.051419	-8.217254	-2.176104
49.54	-5.96916	-6.143096	0.6590477	-7	-0.8242862	-1.196073	19.24953	1.065189	0.4711685
49.56	-6.227993	-6.143096	-0.8694538	-7	-0.3560154	-0.6559918	2.256469	-3.957711	-2.877631
49.58	-6.030339	-6.211386	0.245778	-7	-0.5221016	-0.7322897	9.091356	0.1186246	-0.5688353
49.6	-6.145356	-6.074806	-0.4795335	-7	-0.2648093	-0.3830738	-0.9356049	-5.087482	-1.976277
49.62	-5.95626	-6.074806	0.5067799	-7	-0.4122888	-0.5014004	3.588337	0.530838	-0.7938461
49.64	-6.045109	-6.143096	0.001105905	-7	-0.4587711	-0.5995893	2.108317	-2.324124	-1.987113
49.66	-6.115164	-6.143096	-0.3942227	-7	-0.459094	-0.5223977	1.689163	-0.6905359	-1.446372
49.68	-5.753062	-5.801648	1.293327	-7	-0.4460777	-0.5332305	2.11451	-2.247788	-1.050774
49.7	-5.657898	-5.733358	1.491565	-7	-0.4545936	-0.5384579	-3.095257	-1.499696	-2.757876
49.72	-5.755085	-5.801648	0.7435285	-7	-0.5528014	-0.5018072	-5.241354	-0.5683985	-2.786032
49.74	-5.799531	-5.801648	0.3103762	-7	-0.6498499	-0.5334718	-3.580062	-4.461528	-2.038743
49.76	-5.77783	-5.733358	0.2021359	-7	-0.6585373	-0.5462399	-2.738277	-2.873742	-1.763474
49.78	-5.814799	-5.801648	-0.140349	-7	-0.6978534	-0.628323	-0.7970577	-4.400459	-1.755314
49.8	-5.800672	-5.801648	-0.1882363	-7	-0.7161865	-0.7036581	1.552835	-0.003512851	-1.557816
49.82	-5.80039	-5.801648	-0.2960002	-7	-0.6906536	-0.725859	2.295447	-1.133284	-1.654485
49.84	-5.812833	-5.801648	-0.4491442	-7	-0.6392453	-0.6807584	2.101041	-0.2172534	-1.607647
49.86	-5.373122	-5.460199	1.599102	-7	-0.6555686	-0.7846309	3.822773	0.2712964	-1.463415
49.88	-6.785409	-6.825994	-5.309807	-7	-0.7734623	-0.82696	1.908942	-0.1103831	-3.597213
49.9	-6.928162	-6.825994	-5.33768	-7	-0.7447843	-0.7854657	21.47263	-0.5531313	3.295282
49.92	-6.825957	-6.825994	-4.147122	-7	-0.4171211	-0.9373328	28.04806	-2.660002	2.602205
49.94	-6.687043	-6.825994	-2.816429	-7	-0.0947134	-0.8398591	26.5121	12.51557	1.365879
49.96	-6.620858	-6.825994	-1.928206	-7	0.1367362	-0.6076585	20.74427	12.59191	0.3558025
49.98	-6.747675	-6.825994	-2.122814	-7	0.3998303	-0.1078255	10.19676	11.04992	-0.06032181
50	-6.649976	-6.825994	-1.124102	-7	0.3589148	-0.0247448	9.744963	-0.2477877	0.7827578
50.02	-6.734997	-6.825994	-1.20228	-7	0.4093925	0.1239455	3.871258	1.355265	-0.04859066
50.04	-6.483123	-6.757704	0.4342252	-7	0.1628833	-0.1619498	8.530884	0.5003036	0.4016018
50.06	-6.586867	-6.825994	0.08350027	-7	0.04207897	-0.3127168	5.3919	-1.240154	-1.364396
50.08	-6.726344	-6.825994	-0.4983799	-7	0.01411764	-0.1700955	2.604333	0.1491589	-0.850913
50.1	-6.705933	-6.757704	-0.2838863	-7	-0.004163608	-0.1068473	2.488326	0.1338913	-0.1244688
50.12	-5.246031	-5.460199	6.683801	-7	-0.03203516	-0.2900955	1.533879	-1.728704	-0.3030376
50.14	-5.274985	-5.460199	5.593945	-7	-0.0840503	-0.1530711	-23.0216	-0.01878046	-7.193276
50.16	-5.319718	-5.460199	4.565242	-7	-0.5988287	-0.1583017	-24.48817	0.4545025	-5.244037
50.18	-5.611032	-5.460199	2.252597	-7	-0.8461766	-0.1525133	-25.88452	-3.285956	-4.469676
50.2	-6.146906	-5.801648	-1.006377	-7	-0.9685451	-0.1229243	-20.81742	-21.42336	-2.404674
50.22	-6.01153	-5.801648	-0.5537598	-7	-1.136909	-0.5702059	-3.148862	-10.99588	0.3849363
50.24	-5.752427	-5.733358	0.5012327	-7	-1.155853	-1.092003	6.068838	-7.621833	-0.9681311
50.26	-5.497473	-5.528489	1.398146	-7	-1.028513	-1.171953	4.961268	0.02702108	-2.498816
50.28	-6.889429	-6.894283	-5.482292	-7	-1.082403	-1.13351	5.697187	6.393433	-3.406178
50.3	-5.565428	-5.460199	1.258297	-7	-0.7911189	-0.9383376	19.57764	0.8209144	3.327192
50.32	-6.417961	-6.484545	-3.007442	-7	-0.561191	-0.9680821	6.462253	-0.4920626	-3.852343
50.34	-6.239201	-6.484545	-1.62925	-7	-0.7688527	-1.150297	22.44049	1.339998	0.9839811
50.36	-6.581563	-6.416255	-3.22132	-7	-0.1999146	-0.5348879	8.464007	8.149158	-1.018191
50.38	-6.079789	-6.484545	-0.1270413	-7	-0.5226741	-1.083415	25.25299	-2.50733	1.324696
50.4	-6.084569	-6.143096	-0.1898368	-7	-0.09133201	-0.6457706	7.685594	5.27893	-2.393404
50.42	-5.789042	-6.143096	1.443488	-7	-0.3297885	-0.7793266	10.51832	1.034655	-1.451697
50.44	-7.634532	-7.50889	-7.503049	-7	-0.172427	-0.2189098	-2.0895	1.446869	-3.187211
50.46	-7.437347	-7.50889	-5.359428	-7	-0.4364483	-0.5812069	31.25647	0.2254948	6.284338
50.48	-7.465456	-7.4406	-4.726927	-7	0.09975404	-0.5936492	28.77886	-3.91191	2.893813
50.5	-5.788355	-6.211386	4.133823	-7	0.2786853	-0.7524868	30.35334	4.836182	2.686707
50.52	-5.366294	-5.733358	5.737149	-7	0.5870248	-0.2572409	-5.307311	15.34	-5.929189
50.54	-5.250539	-5.801648	5.85095	-7	-0.04370761	-0.2907538	-13.40245	11.67588	-5.929863
50.56	-7.545209	-7.167441	-6.012995	-7	-0.02404967	0.6944155	-33.85775	-2.186719	-5.899791
50.58	-5.704315	-5.801648	3.561226	-7	-0.7129944	-0.2525753	12.60195	-19.16382	6.598021
50.6	-5.940874	-5.801648	1.650597	-7	-0.247109	-0.3224447	-13.09185	-19.36229	-4.980434
50.62	-5.059247	-5.869938	5.996719	-7	-1.335962	-1.721117	16.55964	-3.194353	-2.024248
50.64	-7.421068	-7.099152	-6.416122	-7	-0.7896429	-0.7118121	-14.74422	-0.7210703	-7.874066
50.66	-6.938664	-7.167441	-3.13523	-7	-1.436118	-1.442903	35.4314	-0.7668718	5.701457
50.68	-7.277545	-6.825994	-4.800553	-7	-0.2951015	-0.6832964	14.89736	-12.87374	0.2699585
50.7	-5.536015	-6.757704	4.857026	-7	-1.347534	-2.750025	61.50579	4.881982	3.064922
50.72	-6.568486	-6.825994	-0.799153	-7	-0.4541711	-1.790678	15.12657	7.385799	-8.511777
50.74	-7.39938	-7.782049	-4.34303	-7	-0.7348272	-1.343124	26.01335	15.03465	-0.7813663
50.76	-8.281418	-7.782049	-8.228835	-7	0.1801587	0.0102275	13.12053	-5.667635	2.306361
50.78	-5.311127	-6.484545	7.741182	-7	-0.7669296	-2.177184	65.31683	-1.301223	7.019121
50.8	-5.871057	-6.416255	4.127569	-7	-0.02106681	-1.628544	8.047371	3.095723	-10.95176
50.82	-6.695082	-7.50889	0.2085752	-7	-0.8549312	-1.588938	17.07267	22.68351	-4.832519
50.84	-7.927669	-7.50889	-6.005314	-7	-0.1624626	-0.1359819	-1.075104	-7.255421	-1.495546
50.86	-7.074769	-7.4406	-0.8526828	-7	-0.6443242	-1.036272	36.05225	-17.71344	5.555263
50.88	-7.239083	-7.372311	-1.509343	-7	-0.1227495	-0.9623739	21.58834	-2.461528	-1.074873
50.9	-5.187511	-5.733358	8.611476	-7	-0.1184199	-1.059524	22.59786	9.843814	0.375864
50.92	-7.051258	-7.235731	-1.317701	-7	0.0594243	-0.3602638	-17.04435	4.927784	-9.644177
50.94	-6.747324	-6.894283	0.4202894	-7	-0.4477855	-0.254011	5.397798	5.675876	1.813274
50.96	-7.199926	-6.757704	-2.146707	-7	0.1433007	0.409609	-12.01623	-19.08748	-0.965065
50.98	-6.129601	-6.894283	3.732283	-7	-0.9263219	-1.362702	28.96788	5.263662	2.385927
51	-7.950065	-7.782049	-5.614808	-7	-0.2966155	-0.6403156	-0.61447	-4.965345	-5.334882
51.02	-7.916465	-7.918628	-4.608345	-7	-0.4279507	-0.5113209	26.13311	10.5461	5.260427
51.04	-6.15566	-6.143096	4.210739	-7	0.2350664	-0.3904096	20.08163	-13.11802	3.231012
51.06	-7.083565	-7.50889	-0.4274068	-7	0.09757754	-0.5591643	3.275532	19.64534	-5.027756
51.08	-7.160498	-7.167441	-0.6911615	-7	0.1357467	0.05911404	2.003803	6.836182	0.2823944
51.1	-7.123787	-7.167441	-0.351808	-7	0.1131472	0.02550576	3.54399	-4.950078	0.6391497
51.12	-8.056977	-8.191787	-4.506132	-7	-0.1045321	-0.2710271	10.57974	1.584273	0.2719078
51.14	-6.205651	-6.484545	4.985323	-7	-0.08931914	-0.6397957	25.25468	-0.07984875	4.122416
51.16	-7.401468	-7.782049	-1.115802	-7	-0.08702052	-0.7925994	4.603244	-0.6905359	-5.81297
51.18	-7.451849	-7.782049	-0.9532819	-7	-0.4224199	-0.7992114	20.14618	2.439235	1.103732
51.2	-8.957129	-8.738104	-8.018581	-7	0.03159849	-0.1786998	11.4824	9.401067	0.2745056
51.22	-7.359641	-7.50889	0.7982327	-7	0.1128951	-0.4037605	36.30958	-17.16382	7.815615
51.24	-8.362601	-8.464945	-3.888482	-7	0.6054036	-0.1695904	12.49465	9.370531	-1.758896
51.26	-7.903562	-8.396656	-0.6644554	-7	0.237244	-0.4857965	32.29513	-2.568398	4.120982
51.28	-8.3206	-8.191787	-2.535844	-7	0.9706213	0.4265821	6.627973	20.39343	0.2190266
51.3	-7.636842	-8.123497	1.578991	-7	0.5505834	-0.03211252	21.658	-6.064581	3.43224
51.32	-8.39715	-8.123497	-2.287869	-7	1.249887	1.080171	-11.0571	16.02702	-1.193969
51.34	-8.78088	-9.216132	-3.146011	-7	0.4072887	0.2461292	18.27798	-5.087482	4.225477
51.36	-9.609739	-9.147842	-6.728273	-7	1.15502	1.128239	4.258449	7.87435	3.841484
51.38	-8.847808	-9.147842	-1.66897	-7	0.8318151	0.3763323	32.16998	-7.682902	8.289223
51.4	-9.218819	-9.079553	-3.0554	-7	1.559525	1.008819	7.951908	11.14152	2.301986
51.42	-8.45345	-9.079553	1.735724	-7	0.9975128	0.2651623	27.00155	7.752212	5.038465
51.44	-9.350998	-9.079553	-2.703867	-7	1.786917	1.513989	-10.49308	16.74458	-0.3918571
51.46	-8.569302	-9.147842	2.117208	-7	0.9228346	0.6033745	19.20065	-0.4920626	5.857556
51.48	-8.505878	-8.123497	1.980386	-7	1.820251	1.779552	-20.31333	2.973586	-0.1624985
51.5	-7.523173	-8.123497	6.998837	-7	0.8598977	0.7928138	-2.559694	-5.972978	1.841298
51.52	-7.759456	-7.235731	4.571058	-7	1.558845	2.154998	-48.70298	3.614807	-4.049933
51.54	-8.100158	-8.464945	2.815089	-7	0.2010185	0.9627825	-19.94531	-7.682902	0.2657728
51.56	-8.175849	-7.50889	1.577988	-7	0.6549922	1.642002	-34.417	-6.766871	0.4045448
51.58	-8.63445	-8.806395	-0.5544369	-7	-0.2646038	0.3202704	-3.242792	-19.43863	2.141976
51.6	-9.527825	-8.806395	-5.169489	-7	0.4122958	1.070342	-11.47948	-0.3851923	2.671462
51.62	-7.757987	-7.850338	4.02087	-7	0.1859895	0.2183498	18.99888	-5.652368	7.664061
51.64	-9.089871	-8.806395	-2.9701	-7	0.8236054	0.7674023	-13.11971	5.446868	-2.722803
51.66	-8.498837	-8.806395	0.6296461	-7	0.2028216	0.1547427	18.63935	8.500303	5.655044
51.68	-9.721898	-8.874683	-5.703056	-7	1.452071	1.800765	-20.44343	4.759846	0.7097597
51.7	-7.7058	-8.806395	5.630892	-7	-0.1459883	-0.7643261	47.02984	0.8667156	8.901569
51.72	-7.92794	-7.577179	3.41462	-7	1.309155	0.750527	-18.23632	4.973587	-5.30388
51.74	-6.084231	-7.4406	12.6282	-7	-0.3782443	-1.092798	20.30416	6.622441	-0.1391363
51.76	-8.306344	-7.4406	-0.4040956	-7	1.057282	1.607564	-62.16265	2.561373	-11.27015
51.78	-7.541214	-7.4406	3.346381	-7	0.02380398	1.325928	-20.66575	-25.6371	5.092609
51.8	-8.875259	-7.50889	-4.341433	-7	1.15549	2.757862	-58.238	-10.06458	-0.7156839
51.82	-8.573108	-8.874683	-1.799227	-7	-0.4267548	0.4155936	12.28872	-15.5455	8.503605
51.84	-9.263211	-7.4406	-6.079	-7	1.884038	3.097814	-46.30845	12.01175	2.732882
51.86	-6.632166	-7.50889	8.094749	-7	0.1081369	0.1693071	26.00405	5.813281	9.837341
51.88	-9.371368	-8.533236	-6.488677	-7	1.461107	1.810496	-45.00114	16.25603	-7.474462
51.9	-7.980773	-8.533236	1.685961	-7	-0.06558055	0.2507806	25.63111	18.95832	10.13983
51.92	-8.452058	-7.235731	-1.643441	-7	1.885839	2.395399	-40.07276	1.767479	-1.106024
51.94	-7.142076	-8.464945	6.001198	-7	-0.3747599	-0.6983852	31.30269	-1.743971	5.29397
51.96	-7.475134	-7.167441	3.196159	-7	0.7078842	0.4373878	-20.41174	8.683509	-5.627967
51.98	-7.777621	-8.464945	1.900364	-7	-0.4966491	-0.5853699	8.707401	-12.46153	-0.5879889
52	-9.644693	-8.464945	-7.996505	-7	0.8990941	1.749999	-32.56032	-4.568398	-0.8195782
52.02	-7.367651	-7.4406	4.084942	-7	0.2783374	0.6905786	17.4655	-29.46916	10.90747
52.04	-10.47585	-8.806395	-12.11527	-7	2.326943	3.461004	-61.267	-1.759238	-3.199641
52.06	-8.358713	-8.806395	0.4342141	-7	0.5725187	1.190541	30.96435	0.8361816	16.54284
52.08	-9.567945	-8.806395	-5.669858	-7	1.962819	1.992149	-18.95202	-4.339391	0.1565924
52.1	-7.873885	-8.806395	4.146526	-7	0.5563868	0.05148137	36.29068	7.828547	8.693499
52.12	-7.394913	-7.50889	5.887643	-7	1.295325	0.5361789	-6.837788	-2.675269	-3.39638
52.14	-6.513555	-7.50889	9.980496	-7	0.2005925	-0.3887391	2.109135	19.27893	-3.149603
52.16	-7.51987	-7.50889	3.731807	-7	0.3423631	0.4956031	-33.07245	-13.75924	-7.858153
52.18	-5.994232	-7.50889	11.34101	-7	-1.865799	-2.399886	32.0159	-13.5455	-0.3888779
52.2	-7.377533	-7.50889	2.819311	-7	-1.315826	-1.845525	-7.079757	-24.17145	-11.2709
52.22	-6.737979	-7.50889	5.616247	-7	-2.242315	-2.6911	31.12902	-2.064582	-1.419879
52.24	-7.696706	-7.50889	-0.3101203	-7	-1.395282	-1.752756	5.149963	-27.60656	-6.207123
52.26	-7.058136	-7.50889	2.746443	-7	-1.759611	-2.245804	33.73697	-33.75924	0.6644545
52.28	-9.886156	-8.533236	-12.11407	-7	0.2407212	0.7651445	-24.18434	6.164425	-3.762831
52.3	-6.896166	-7.099152	3.90229	-7	-0.3665809	-0.3102306	42.12735	-5.392826	13.67407
52.32	-8.354624	-8.191787	-3.679796	-7	0.5698631	-0.04589541	-2.311751	16.4545	-4.951585
52.34	-8.436734	-9.079553	-2.900856	-7	-0.3389208	-0.872337	37.59193	3.767479	4.641564
52.36	-7.874511	-7.850338	0.09215482	-7	0.4512424	-0.3408367	22.95636	19.70641	2.182519
52.38	-8.16263	-8.738104	-0.7646713	-7	0.1836565	-0.7337296	26.51433	-7.850841	0.1090927
52.4	-8.484529	-8.396656	-2.160202	-7	0.7621559	0.296964	8.935995	26.4087	0.8935728
52.42	-9.207047	-9.48929	-4.813932	-7	0.46299	0.03494373	22.26772	3.095723	3.237262
52.44	-7.933071	-7.986918	2.001763	-7	0.9023995	0.3071554	22.16294	16.88198	5.426773
52.46	-8.549753	-9.079553	-0.6313989	-7	0.6730659	-0.1529769	15.50507	4.30183	-1.065468
52.48	-9.838224	-10.03561	-6.23457	-7	0.5680885	0.1144457	18.83542	15.44687	1.908344
52.5	-8.769095	-8.806395	-0.130555	-7	0.9021057	0.3695591	28.63133	7.27893	7.460043
52.52	-9.416278	-9.830739	-2.642087	-7	0.891097	-0.005732253	23.51442	-2.82794	1.27186
52.54	-8.070709	-8.533236	4.527009	-7	0.9198347	0.003464393	27.11589	4.607174	4.165715
52.56	-8.12146	-8.464945	3.982772	-7	1.139995	0.3958847	-1.208897	13.12626	-2.918471
52.58	-8.868261	-9.421001	0.488739	-7	0.4416559	0.1000658	4.990005	-2.247788	-1.108715
52.6	-9.775947	-9.421001	-3.964248	-7	0.8631316	1.077523	-5.522785	0.3476318	1.976119
52.62	-9.323907	-9.421001	-0.9893222	-7	0.6082783	0.5649748	18.78319	-18.30886	6.932552
52.64	-9.410278	-9.421001	-1.103302	-7	0.9387723	0.539795	12.48224	-2.034047	3.029134
52.66	-8.867857	-9.48929	2.213346	-7	0.4865486	-0.2956046	29.3306	3.339998	3.57554
52.68	-9.584251	-9.48929	-1.438796	-7	1.143666	0.6854957	1.427738	11.63007	-0.3812103
52.7	-9.036575	-9.421001	1.829375	-7	0.7488015	0.373881	18.30931	7.309463	4.595497
52.72	-8.166265	-8.123497	5.687173	-7	1.31663	0.9973989	-6.146983	-0.9195436	0.6749859
52.74	-8.857863	-9.48929	2.263934	-7	0.4685913	0.1892302	-0.3134861	2.256029	-2.010248
52.76	-9.578084	-9.48929	-1.413297	-7	0.5260112	0.65665	-3.327546	-2.812673	0.9413614
52.78	-9.475084	-9.421001	-0.6422533	-7	0.5072284	0.5919551	8.934523	-5.972978	4.681665
52.8	-9.18908	-9.48929	1.099329	-7	0.3475555	-0.09069586	20.79929	-12.49206	3.420434
52.82	-9.314729	-9.48929	0.5301766	-7	0.561267	0.02485429	14.28761	5.767479	1.214778
52.84	-9.242545	-9.48929	1.063418	-7	0.5709128	0.09276479	15.39788	2.485037	2.128761
52.86	-9.338009	-9.48929	0.6674359	-7	0.7076614	0.2968962	10.47886	1.431601	1.60111
52.88	-9.134161	-9.421001	1.846186	-7	0.6126446	0.1777713	13.87038	0.4850365	2.263624
52.9	-9.191334	-9.421001	1.564814	-7	0.6462958	0.2148408	9.485714	-0.9806119	0.9746227
52.92	-7.863978	-8.123497	7.778477	-7	0.7267033	0.3254286	4.510695	0.3476318	1.461385
52.94	-7.716256	-8.123497	7.63659	-7	0.5132913	0.2195506	-13.32064	0.2865631	-4.507272
52.96	-7.884173	-8.191787	5.941465	-7	0.01978718	0.16749	-16.77935	-0.6142001	-3.811844
52.98	-9.711275	-9.48929	-3.646009	-7	-0.1539002	0.4978369	-18.61547	-11.69817	-2.300399
53	-9.649227	-9.48929	-2.912101	-7	-0.4043798	0.03556012	17.46556	-17.75924	7.0483
53.02	-9.506962	-9.48929	-1.873425	-7	-0.07830712	-0.4646071	28.37397	-14.11038	4.722548
53.04	-9.027262	-9.421001	0.9167415	-7	0.03654805	-0.8906423	36.92125	7.59954	3.34055
53.06	-7.723405	-8.191787	7.153975	-7	0.397587	-0.7317135	24.70005	14.24076	0.3284597
53.08	-8.854402	-9.147842	1.037067	-7	0.5484615	-0.04084012	-3.785069	13.95068	-5.240667
53.1	-8.929832	-9.147842	0.7809436	-7	0.2232975	0.1413315	8.125226	-0.2935893	1.990669
53.12	-9.282909	-9.147842	-1.034464	-7	0.5200235	0.4871143	2.42466	-11.6829	1.664915
53.14	-8.759421	-9.147842	1.936765	-7	0.1459061	-0.2449723	22.2282	0.103357	3.750503
53.16	-9.039184	-9.147842	0.4314513	-7	0.4658124	-0.02874541	9.862356	0.7293113	-0.0571022
53.18	-8.978181	-9.147842	0.8556911	-7	0.4760961	0.1474329	11.7085	9.70641	2.022269
53.2	-8.965808	-9.079553	0.9483903	-7	0.593466	0.2811856	8.293747	-2.889009	1.553521
53.22	-8.948153	-9.079553	1.08607	-7	0.6239777	0.3671333	6.81405	2.332365	1.649619
53.24	-8.914469	-9.216132	1.401951	-7	0.425163	0.06206469	12.13324	-0.5836657	1.60153
53.26	-9.030088	-9.147842	0.8055584	-7	0.5416454	0.2293456	7.485039	-0.5683985	1.049003
53.28	-8.956909	-9.147842	1.255704	-7	0.4883987	0.1960234	10.01179	0.8056473	1.865738
53.3	-8.849093	-9.079553	1.811221	-7	0.4522502	0.08410553	10.47165	-0.4615282	1.319586
53.32	-8.882038	-9.079553	1.593756	-7	0.4589247	0.1203846	7.920645	-0.09511635	0.7508373
53.34	-8.97087	-9.147842	1.139021	-7	0.4274839	0.154137	7.777922	0.5155708	1.069872
53.36	-8.89661	-9.079553	1.512284	-7	0.3970113	0.1107596	9.508949	-0.2172534	1.514689
53.38	-8.979548	-9.147842	1.079784	-7	0.4067727	0.1072102	8.655311	-0.1561846	1.063075
53.4	-8.995652	-9.147842	1.017722	-7	0.4180408	0.1400195	9.340384	-0.01878046	1.524324
53.42	-8.914081	-9.079553	1.430323	-7	0.438148	0.1326212	9.691753	0.01175433	1.560352
53.44	-8.966293	-9.147842	1.171002	-7	0.4377779	0.1218333	8.994234	-0.04931482	1.143695
53.46	-8.883962	-9.079553	1.587479	-7	0.4181381	0.09768685	9.926016	-0.1561846	1.431077
53.48	-8.893088	-9.079553	1.502154	-7	0.4254123	0.1025215	8.559309	0.0880898	0.9767609
53.5	-9.040871	-9.216132	0.7810107	-7	0.3993222	0.1142874	8.783488	-0.07984875	1.114677
53.52	-8.948679	-9.147842	1.301216	-7	0.3640432	0.03823717	12.03224	-0.1714523	1.812521
53.54	-8.880466	-9.079553	1.619177	-7	0.4019618	0.02037602	10.86007	-0.1409175	1.160584
53.56	-8.853937	-9.079553	1.718565	-7	0.3860635	0.01259251	10.08916	0.103357	0.9032526
53.58	-8.883217	-9.079553	1.519262	-7	0.3849811	0.0534316	8.796144	-0.2325206	0.8298168
53.6	-8.951998	-9.147842	1.168388	-7	0.3493099	0.04152684	9.555257	-0.04931482	1.07126
53.62	-8.97755	-9.147842	1.049697	-7	0.3575101	0.04850516	10.37644	-0.2325206	1.372478
53.64	-8.895907	-9.079553	1.458416	-7	0.3771826	0.03675574	10.97575	-0.2019866	1.454766
53.66	-8.89063	-9.079553	1.454468	-7	0.4015542	0.05323722	9.665693	-0.06458157	1.029219
53.68	-8.952946	-9.147842	1.146628	-7	0.3838448	0.05822867	9.719532	-0.01878046	1.090075
53.7	-8.84998	-9.079553	1.676147	-7	0.3399556	-0.02333542	11.81143	-0.2172534	1.387742
53.72	-8.918283	-9.079553	1.268923	-7	0.4095998	0.07208911	8.51219	-0.04931482	0.7669926
53.74	-8.992027	-9.216132	0.9602423	-7	0.3282529	-0.0007765256	11.36168	0.04228869	1.314628
53.76	-8.961268	-9.147842	1.143731	-7	0.3557028	-0.007229933	12.14655	-0.03404721	1.487249
53.78	-9.996054	-10.1039	-3.694957	-7	0.3617118	0.07192228	13.04978	0.01175433	1.283356
53.8	-9.027292	-9.147842	1.551464	-7	0.5217266	0.08175341	25.71994	0.103357	6.082601
53.82	-8.875744	-9.147842	2.297946	-7	0.761603	0.04959923	13.52293	0.1186246	0.4782639
53.84	-8.453465	-9.011263	4.428143	-7	0.4645373	-0.2279724	15.49903	7.309463	0.3500748
53.86	-10.16675	-10.03561	-4.235638	-7	0.8091463	0.7143131	-6.934319	3.70641	-1.880168
53.88	-9.375282	-9.147842	0.1179852	-7	0.9537131	1.189764	8.003895	0.2712964	7.701855
53.9	-8.990123	-9.079553	2.135451	-7	1.057861	0.8193825	4.626166	-4.843207	2.864552
53.92	-8.628262	-9.079553	3.994582	-7	0.6997411	0.2699226	8.320917	7.767478	1.082856
53.94	-10.29795	-10.03561	-4.443363	-7	1.054777	1.201586	-13.42089	8.485036	-0.963397
53.96	-8.995415	-9.147842	2.630457	-7	0.6734789	0.7177804	17.94048	0.2560288	8.3687
53.98	-9.097335	-9.147842	1.900333	-7	1.015127	0.6612196	-0.3612768	-5.759238	0.05041027
54	-8.78094	-9.079553	3.470476	-7	0.7299997	0.5205374	3.607039	9.110991	1.617526
54.02	-9.274289	-9.011263	0.5789136	-7	1.130185	1.338757	-17.36662	-1.453895	-0.161272
54.04	-8.583083	-9.011263	4.215032	-7	0.3684914	0.3645699	8.093643	0.5919067	3.608089
54.06	-9.365274	-9.147842	-0.1752739	-7	0.7827929	0.8830767	-13.3556	-5.331757	-1.228665
54.08	-8.978476	-9.079553	1.871895	-7	0.4396498	0.6140323	4.134251	3.110991	4.022354
54.1	-9.247289	-9.147842	0.3386016	-7	0.6479155	0.6823614	-2.839748	-8.858475	1.17094
54.12	-8.883979	-9.079553	2.23402	-7	0.4095174	0.3061204	8.687381	5.446868	2.986168
54.14	-10.19663	-10.1039	-4.200631	-7	0.5755695	0.5411548	1.532516	-3.988245	0.5695763
54.16	-10.04565	-10.03561	-2.715885	-7	0.5472118	0.4518257	23	3.294197	7.282824
54.18	-9.930194	-10.1039	-1.511721	-7	0.7546537	0.1065879	28.38452	-3.133284	5.017899
54.2	-9.992295	-10.17219	-1.280677	-7	1.065614	0.3285182	23.6618	13.23313	3.78846
54.22	-9.917662	-10.03561	-0.4354972	-7	1.378996	0.7874931	16.28091	8.317098	3.978848
54.24	-8.733788	-9.079553	5.640311	-7	1.43031	0.7930931	12.37731	3.538471	3.671495
54.26	-8.852916	-9.147842	4.664831	-7	1.429314	1.039174	-10.83237	1.141525	-2.062707
54.28	-8.906779	-9.147842	4.111484	-7	1.016234	1.116336	-13.24088	-1.148551	-0.1292
54.3	-8.97148	-9.147842	3.470666	-7	0.6195057	0.8111816	-9.781313	-15.13328	0.3782301
54.32	-7.784019	-8.123497	8.778675	-7	0.2415788	0.1954667	-2.175615	-8.430994	0.6933413
54.34	-9.427379	-9.421001	-0.2193779	-7	0.1851169	0.4135717	-20.92971	-9.087482	-5.104567
54.36	-9.470941	-9.352711	-0.433121	-7	-0.1015764	0.4099676	2.944258	-3.774505	4.383284
54.38	-9.486208	-9.421001	-0.4998674	-7	0.02445949	0.01147483	12.66761	-17.24015	3.436579
54.4	-9.164549	-9.352711	1.210413	-7	0.08178644	-0.3388158	21.45939	14.53084	3.075622
54.42	-9.363448	-9.421001	0.1489126	-7	0.4424528	-0.009101123	12.46789	3.3858	1.025548
54.44	-9.018968	-9.147842	1.900317	-7	0.5839328	0.2256064	12.07582	12.14916	2.530215
54.46	-9.012624	-9.147842	1.832543	-7	0.7045212	0.3849829	4.842036	3.049922	0.8611441
54.48	-8.975037	-9.147842	1.970792	-7	0.63776	0.4307036	3.89435	-0.1409175	1.257936
54.5	-9.007165	-9.147842	1.727587	-7	0.5847685	0.4264079	2.857308	-0.1256507	1.141291
54.52	-8.037926	-8.191787	6.167284	-7	0.6175311	0.4444583	0.1657069	0.4392349	1.397015
54.54	-9.190526	-9.352711	0.06009513	-7	0.4115829	0.4032679	-10.21448	-0.3393908	-2.939642
54.56	-9.45323	-9.421001	-1.11019	-7	0.213869	0.450682	4.628644	0.0880898	3.411126
54.58	-9.715821	-9.48929	-2.266708	-7	0.5215128	0.599292	6.884183	-2.995879	3.875104
54.6	-9.162097	-9.421001	0.9527845	-7	0.3696826	-0.02664563	24.10136	-12.99588	5.001367
54.62	-9.363207	-9.421001	-0.02074701	-7	0.7770778	0.2682585	10.86004	6.210227	1.134616
54.64	-9.071052	-9.421001	1.73693	-7	0.6102514	0.1034232	17.64791	3.462136	2.784523
54.66	-9.534512	-9.352711	-0.7020609	-7	1.160118	0.9927362	-3.658422	8.027021	0.7934427
54.68	-8.991674	-9.421001	2.459528	-7	0.6247633	0.3275567	16.33359	-2.01878	4.240515
54.7	-9.56314	-9.48929	-0.5181801	-7	1.020313	0.8060815	-2.210306	0.6377087	0.233922
54.72	-8.982295	-9.352711	2.721027	-7	0.5935547	0.3173304	15.10334	2.225494	4.055175
54.74	-9.434598	-9.421001	0.2901814	-7	0.9128507	0.6763304	-1.255598	-0.8279405	0.0857563
54.76	-9.018664	-9.352711	2.587136	-7	0.5452904	0.2962439	12.39433	0.530838	3.242357
54.78	-9.341049	-9.421001	0.8370657	-7	0.7115911	0.448624	2.381826	-1.835574	0.3471928
54.8	-9.282507	-9.48929	1.258718	-7	0.5360343	0.3337221	9.527652	0.5766395	2.522459
54.82	-9.314239	-9.421001	1.088541	-7	0.6212302	0.3658229	7.409506	-1.743971	1.780485
54.84	-9.353699	-9.48929	0.9470534	-7	0.6247537	0.3857116	8.046906	0.8056473	2.057679
54.86	-9.352503	-9.48929	1.018537	-7	0.6417249	0.3857759	8.643543	-0.2019866	2.182471
54.88	-9.31438	-9.421001	1.231794	-7	0.7131439	0.4700986	7.011683	-0.1103831	2.104963
54.9	-9.257428	-9.421001	1.552107	-7	0.6904274	0.4370759	7.20672	0.1491589	1.989768
54.92	-9.332796	-9.48929	1.197473	-7	0.6701534	0.4266896	6.453989	0.1186246	1.671678
54.94	-9.3561	-9.48929	1.121213	-7	0.6618554	0.4453415	6.956393	-0.1256507	2.057161
54.96	-9.350771	-9.421001	1.144041	-7	0.7413201	0.5638547	4.962188	0.05755544	2.117973
54.98	-9.322705	-9.421001	1.304022	-7	0.7505392	0.5901504	4.6891	0.07282305	2.20095
55	-9.317706	-9.421001	1.336494	-7	0.7487869	0.5929479	4.175907	0.02702108	2.063364
55.02	-9.299158	-9.421001	1.43931	-7	0.7168912	0.5565621	4.621315	-0.09511635	2.056967
55.04	-9.36844	-9.48929	1.111172	-7	0.6861193	0.5212128	4.945155	0.1338913	1.932449
55.06	-9.388457	-9.48929	1.044401	-7	0.6851161	0.5234661	5.754507	-0.04931482	2.239094
55.08	-9.36762	-9.48929	1.192425	-7	0.6790125	0.4823557	6.830404	-0.03404721	2.275781
55.1	-9.277903	-9.421001	1.649941	-7	0.6806181	0.4461306	6.985006	-0.09511635	2.091096
55.12	-9.253914	-9.421001	1.745904	-7	0.6579329	0.4098949	6.247032	0.04228869	1.637345
55.14	-9.273635	-9.421001	1.605258	-7	0.6406971	0.4258787	5.361879	0.07282305	1.56702
55.16	-9.323327	-9.421001	1.309882	-7	0.6586692	0.5000584	4.192065	-0.07984875	1.732008
55.18	-9.332548	-9.421001	1.246968	-7	0.6631382	0.5296444	4.504097	0.02702108	2.066989
55.2	-9.339911	-9.421001	1.198524	-7	0.6815844	0.5467256	4.47622	0.05755544	2.110607
55.22	-9.442474	-9.557581	0.7439486	-7	0.6453992	0.484735	6.208786	-0.03404721	2.159603
55.24	-9.298124	-9.421001	1.506477	-7	0.6562065	0.4419412	8.059364	-0.07984875	2.534712
55.26	-9.293315	-9.421001	1.504073	-7	0.6968597	0.45724	5.833987	0.0880898	1.712856
55.28	-9.331862	-9.48929	1.329907	-7	0.6516662	0.4333408	6.36355	0.07282305	1.818539
55.3	-9.281992	-9.421001	1.572141	-7	0.6467317	0.4279992	6.575528	-0.03404721	1.962013
55.32	-9.286376	-9.421001	1.519528	-7	0.6496037	0.4353244	5.68995	-0.09511635	1.71158
55.34	-9.360569	-9.48929	1.148011	7	0.6318397	0.4406241	74.49391	-0.03404721	20.38307
55.36	-9.273733	-9.48929	1.641215	7	1.898265	0.2511858	90.39629	0.7598457	17.55273
55.38	-8.46216	-9.352711	6.14076	7	2.774019	0.2557625	100.6497	12.72931	16.5678
55.4	-6.821537	-8.055207	14.17243	7	3.644622	0.7011176	83.92609	19.92015	11.94443
55.42	-7.598912	-9.147842	10.08391	7	3.666293	0.9855346	60.53468	31.90488	4.940681
55.44	-8.23643	-9.147842	6.85918	7	3.916639	2.148909	48.83948	24.34763	9.990573
55.46	-8.385655	-9.421001	6.556862	7	3.77693	2.079149	60.69942	3.859082	13.73338
55.48	-8.832614	-9.48929	4.627859	7	4.285324	2.657969	52.74398	11.67588	13.57344
55.5	-7.321223	-8.396656	12.48913	7	4.339094	2.459334	61.98669	8.149158	16.00666
55.52	-8.883667	-9.69416	4.646307	7	4.673707	3.017707	33.25489	18.13389	7.949143
55.54	-7.659969	-8.806395	11.29639	7	4.216073	2.674904	58.9826	13.76748	17.03324
55.56	-8.933934	-9.147842	4.539329	7	5.219087	4.080235	15.56705	21.24839	9.371171
55.58	-7.184069	-8.191787	13.65627	7	4.639223	3.551396	43.43333	-10.5684	18.09251
55.6	-8.147698	-8.464945	8.113194	7	5.297268	4.418513	1.045645	18.74458	7.844128
55.62	-6.72955	-7.782049	15.16098	7	4.407709	3.640269	27.68853	-9.514963	15.17581
55.64	-8.787348	-8.123497	3.562078	7	5.823546	6.101382	-38.94778	20.28656	6.85271
55.66	-7.26198	-7.50889	11.37733	7	5.018614	5.625269	2.700705	-17.45389	21.23264
55.68	-7.80825	-6.484545	7.054948	7	6.839368	8.056885	-66.13338	9.507937	11.53608
55.7	-6.720048	-7.50889	12.85955	7	4.858477	5.637275	-5.90167	-14.88901	18.86934
55.72	-6.696194	-6.416255	11.64713	7	5.356596	5.914187	-36.31065	20.89725	10.12586
55.74	-6.722108	-7.50889	11.25001	7	3.93143	4.214758	-1.644329	-4.812673	12.46051
55.76	-7.572727	-6.825994	5.730516	7	4.929983	5.771622	-34.71173	20.3171	10.92205
55.78	-6.245531	-6.416255	12.04731	7	4.322761	4.94646	-2.715487	-17.7745	17.71395
55.8	-6.118299	-5.801648	11.31474	7	4.924455	5.43241	-31.85328	6.729311	9.836275
55.82	-4.704291	-5.39191	17.49551	7	3.883983	4.123072	-8.538817	-1.514963	11.64908
55.84	-6.896666	-6.143096	4.72924	7	4.716208	5.832748	-60.22628	8.775111	4.080602
55.86	-4.5304	-4.845592	16.08741	7	3.535829	4.514746	-4.008296	-13.31649	18.67995
55.88	-6.033933	-5.733358	6.995105	7	3.971437	4.593091	-37.95879	-8.186719	4.587425
55.9	-4.617486	-5.460199	13.80778	7	2.529792	2.693705	19.91157	-16.21725	14.74815
55.92	-6.433042	-5.18704	2.772327	7	4.491874	5.368927	-50.41088	5.645341	5.050555
