0	9.461198	9.017213	44.19753	-7	0.6715127	0.1161722	-26.91784	-0.1119852	-0.304327
0.02	10.86482	9.63182	44.56822	-7	-0.2203566	0.02473206	-116.2771	-0.2341222	-30
0.04	9.250254	8.744054	30.19205	-7	-2.402016	0.2871703	-151.3198	0.3154958	-30
0.06	8.465702	9.290372	20.62204	-7	-3.887562	0.3237561	-184.5486	-0.2951914	-30
0.08	6.656188	8.402606	6.902719	-7	-5.265666	0.2186028	-172.4866	-2.295191	-21.49764
0.1	5.799514	8.402606	-1.054792	-7	-5.545996	0.1428809	-139.6939	-8.966946	-10.2397
0.12	7.282884	9.83669	3.107211	-7	-5.102703	-0.2901528	-109.3914	-39.15015	-4.964101
0.14	6.54757	8.129447	-2.921673	-7	-5.415251	-1.880321	-82.75446	-50.89061	-11.22769
0.16	7.602387	8.812345	0.527956	-7	-5.54384	-2.979833	-45.52712	-35.31809	-7.256981
0.18	7.568185	8.539186	-1.487656	-7	-5.279794	-3.573903	-40.29616	-16.46313	-12.80106
0.2	10.3776	11.33906	10.07059	-7	-4.603652	-3.102474	-48.80238	-8.554733	-11.80437
0.22	7.781843	8.402606	-4.936905	-7	-4.947433	-3.248014	-73.22823	-7.531832	-23.67909
0.24	8.372247	9.290372	-3.018183	-7	-5.338914	-3.225458	-39.05699	-9.226488	-8.962717
0.26	6.928841	8.129447	-11.11902	-7	-4.925156	-3.192513	-40.0176	-17.44023	-12.72049
0.28	8.360432	9.017213	-4.110938	-7	-4.992435	-3.874765	-3.794377	-28.12725	-5.198029
0.3	8.81828	9.017213	-2.441908	-7	-4.859173	-4.700012	-5.259809	-24.08145	-13.75331
0.32	8.519811	8.470897	-4.349642	-7	-5.113716	-5.082464	-2.916833	-6.050916	-15.77413
0.34	8.127745	8.744054	-6.902491	-7	-4.574435	-4.081378	-18.11158	14.42237	-14.44013
0.36	7.85825	8.129447	-8.125141	-7	-4.793308	-4.320591	-4.736551	9.033052	-11.73106
0.38	8.655146	9.358663	-4.551866	-7	-4.115258	-3.602534	-16.851	0.1475568	-11.33321
0.4	8.586001	8.812345	-5.103385	-7	-4.286788	-3.840712	-20.97087	-0.9974812	-14.69201
0.42	7.777861	8.197738	-9.163671	-7	-4.414007	-3.722745	-23.01787	2.4529	-14.37394
0.44	8.100341	8.470897	-7.313838	-7	-4.584729	-3.983273	-9.01496	0.8651143	-10.63406
0.46	7.092098	7.241681	-11.8128	-7	-4.87087	-4.670038	1.290009	-0.6463361	-13.19738
0.48	8.277168	8.744054	-5.691453	-7	-4.386664	-4.25525	3.0704	1.399466	-9.360054
0.5	6.022264	6.422206	-16.37282	-7	-4.253995	-4.039484	-10.45974	5.185724	-15.55369
0.52	6.212672	6.831944	-14.11486	-7	-4.046314	-3.611668	11.57835	3.735343	-4.655459
0.54	6.329575	6.763654	-12.39132	-7	-3.581375	-3.698367	11.98399	2.651373	-7.552974
0.56	5.232864	5.124701	-16.10172	-7	-3.87791	-4.388123	26.371	2.162824	-9.106716
0.58	4.220522	5.056413	-19.54544	-7	-2.820544	-2.917776	12.7917	20.92618	-5.79715
0.6	6.054066	6.149047	-8.502579	-7	-2.63715	-3.178574	30.18968	14.37656	-1.556973
0.62	5.770961	5.739308	-8.93644	-7	-2.290301	-3.055001	-0.2724242	16.84985	-12.74512
0.64	5.890817	5.807599	-7.326768	-7	-2.57269	-2.785432	-7.941226	21.27732	-11.13262
0.66	4.547855	5.397861	-13.476	-7	-2.038045	-1.285084	-42.43536	14.43763	-12.45072
0.68	5.290565	5.19299	-8.184254	-7	-3.199208	-2.668577	-2.043662	-11.53183	-5.145569
0.7	3.583402	3.895488	-15.6275	-7	-3.258279	-3.065322	-8.561066	-20.92114	-11.80236
0.72	2.323483	2.529693	-19.7305	-7	-3.678069	-3.573287	25.13954	3.368931	-4.157988
0.74	2.519087	3.485749	-17.03812	-7	-2.41221	-2.46424	19.78492	-3.028015	-1.045046
0.76	2.239191	2.256536	-16.06843	-7	-2.397655	-3.056371	33.67546	9.017785	-2.99318
0.78	1.014027	2.188245	-20.45325	-7	-0.8137711	-0.7783062	-5.963861	19.62847	-3.993764
0.8	2.289468	2.256536	-11.3688	-7	-1.249923	-1.523273	24.55083	20.4987	2.317486
0.82	0.8874897	0.8907404	-16.28199	-7	-1.178058	-1.826136	8.948227	14.72771	-7.220286
0.84	1.700745	1.983377	-10.30933	-7	-0.9057107	-1.143078	6.931448	20.74298	-1.429646
0.86	-0.107663	0.6175833	-17.7208	-7	-0.3470591	-0.03239661	-25.63132	1.979618	-6.811705
0.88	0.7983091	0.5492926	-10.54764	-7	-1.424714	-1.426585	19.89191	5.292594	2.037754
0.9	-0.3379731	0.2761335	-14.82636	-7	-0.6599879	-0.7123655	-12.34501	-7.989847	-6.286954
0.92	0.04139804	0.3444233	-11.01425	-7	-0.8129627	-0.5748056	-2.399738	16.02542	-0.54597
0.94	-1.607221	-1.08966	-17.40595	-7	-0.6854681	-0.3672841	-12.77163	-6.615801	-4.281471
0.96	-1.367072	-1.362819	-13.61701	-7	-1.279439	-1.3145	23.77331	7.521603	2.778722
0.98	-2.245616	-1.362819	-16.3654	-7	-0.1471521	-0.1159885	-5.336816	-3.623435	-1.795244
1	-2.704765	-1.704267	-16.58554	-7	0.5388024	1.193114	-16.07231	21.06359	2.496677
1.02	-2.251624	-1.704267	-12.08444	-7	0.5766566	1.056376	-9.440479	-2.829542	3.673928
1.04	-2.38302	-2.045715	-10.86627	-7	0.5168733	0.7807842	-15.33214	18.01015	-0.480979
1.06	-2.876686	-2.387164	-11.64439	-7	0.5023308	1.035	-23.825	10.05595	-1.062881
1.08	-3.906074	-3.684668	-14.59533	-7	-0.08945239	0.3942558	-8.000816	4.987251	0.3934717
1.1	-4.706534	-4.162696	-16.35109	-7	-0.01132128	0.3631303	2.547768	-1.638703	3.140848
1.12	-5.138739	-4.435854	-16.21196	-7	0.4781964	0.733624	5.765719	3.109389	5.042396
1.14	-5.278561	-4.777303	-14.50094	-7	0.8298651	0.8539996	9.341368	9.017785	5.442784
1.16	-5.555915	-5.118752	-13.59016	-7	1.195242	1.127243	4.452865	7.017785	4.298305
1.18	-5.82822	-5.460199	-12.68272	-7	1.399934	1.38876	0.5972939	14.34603	4.226584
1.2	-6.176193	-5.869938	-12.18919	-7	1.463114	1.495694	-1.322406	11.5216	4.092668
1.22	-6.470555	-6.143096	-11.5293	-7	1.530838	1.626056	-3.396567	10.5903	4.265716
1.24	-5.771598	-5.39191	-6.39226	-7	1.760624	1.929974	-11.84282	7.964351	4.24056
1.26	-5.523	-5.801648	-3.664654	-7	1.082933	0.9829969	-9.329447	1.460534	-0.04264259
1.28	-6.621058	-6.484545	-8.049759	-7	0.8418058	1.100791	-22.01815	1.826946	-2.546397
1.3	-5.926051	-5.733358	-3.496373	-7	0.5486152	0.9968988	-12.55647	-2.799008	2.448304
1.32	-7.289909	-6.552835	-9.669981	-7	0.9348556	1.752744	-37.67251	-12.6158	-2.140386
1.34	-7.5182	-7.167441	-9.230662	-7	0.3661793	1.247711	-9.919083	-15.7303	5.077595
1.36	-8.708492	-7.782049	-13.84205	-7	0.9316961	1.75131	-16.3739	-4.966947	3.971431
1.38	-5.603424	-5.733358	3.071175	-7	0.5459518	0.4741463	18.5281	-7.837175	9.164845
1.4	-6.9606	-6.484545	-3.94897	-7	1.382079	1.475912	-44.80576	8.361297	-8.420992
1.42	-7.039766	-7.4406	-3.124417	-7	-0.09101924	0.4167643	-8.56852	8.575036	0.8691769
1.44	-9.174794	-8.123497	-13.28213	-7	0.6625692	1.677164	-34.60113	9.796411	-1.171298
1.46	-8.54243	-7.850338	-8.561344	-7	0.5977455	1.616309	-2.095875	-20.69213	10.03515
1.48	-10.14464	-8.396656	-15.72575	-7	2.269518	3.617227	-43.63601	1.32313	4.646083
1.5	-7.987395	-8.123497	-2.637912	-7	1.169858	1.626666	17.53544	-6.707404	13.73089
1.52	-8.413581	-7.782049	-4.404755	-7	2.168946	2.294402	-30.40163	20.75824	-0.9123421
1.54	-7.439403	-8.464945	1.974189	-7	0.3571414	0.04184973	14.59744	8.513968	2.866161
1.56	-9.50321	-8.191787	-8.772689	-7	2.005542	2.850517	-59.12313	19.39946	-4.928528
1.58	-9.751757	-9.079553	-8.589235	-7	1.411091	2.997111	-28.76546	-23.02802	8.520627
1.6	-12.36615	-10.03561	-20.69558	-7	3.120421	5.493518	-68.26282	2.223892	7.568189
1.62	-9.617858	-8.738104	-4.613189	-7	2.7182	4.394974	-9.397713	-19.69977	21.48096
1.64	-11.03422	-9.421001	-11.04276	-7	4.190441	5.636801	-69.14874	26.4529	4.144826
1.66	-10.6866	-10.44535	-6.99502	-7	2.90442	4.292127	-23.3917	9.85748	13.12841
1.68	-11.24862	-10.1039	-8.709983	-7	3.591066	4.880892	-46.2797	23.90328	7.936233
1.7	-9.455007	-10.03561	2.130219	-7	2.008555	2.282487	5.902115	4.559771	10.92156
1.72	-10.26262	-9.762449	-1.919198	-7	2.67095	3.009818	-41.46323	24.17809	-1.348393
1.74	-9.450944	-9.830739	2.947223	-7	1.44714	1.920342	-14.01433	3.323129	4.51796
1.76	-11.12498	-9.762449	-5.971376	-7	2.655334	4.121984	-71.16814	1.597938	-1.206163
1.78	-10.23099	-9.830739	-0.621882	-7	1.698767	3.328421	-31.97498	-25.15015	9.750228
1.8	-10.95621	-9.830739	-4.346292	-7	2.306838	3.861931	-56.56166	-11.25702	3.191412
1.82	-9.922405	-10.1039	1.731289	-7	0.9956254	1.886397	-9.71385	-16.24939	7.882292
1.84	-11.49351	-10.1039	-6.621052	-7	2.309371	3.689615	-60.03239	8.620839	0.280899
1.86	-9.620405	-10.1039	3.930633	-7	0.6236175	1.284229	7.900381	-3.257023	10.46989
1.88	-9.89451	-9.147842	1.61957	-7	1.729059	2.246295	-42.41762	-4.554733	-2.301837
1.9	-7.906452	-9.147842	11.79391	-7	-0.3239134	-0.4945737	10.85554	3.124656	1.782835
1.92	-11.36197	-10.44535	-6.849786	-7	0.8087426	1.600877	-58.46207	-5.333359	-10.37726
1.94	-9.265574	-9.421001	4.248957	-7	-0.4275858	0.4587162	10.71776	-22.21885	10.3327
1.96	-11.03098	-9.48929	-5.797656	-7	1.507036	2.647553	-56.84409	-19.01275	-3.087694
1.98	-8.703138	-9.762449	6.979207	-7	-0.7317132	-0.5966547	32.65474	-8.402061	9.302539
2	-11.14306	-9.830739	-6.534992	-7	1.338614	1.914054	-48.91568	-3.318092	-6.535472
2.02	-8.221669	-9.830739	9.468967	-7	-1.342866	-1.835858	57.66018	2.468167	9.769151
2.04	-10.72491	-9.830739	-4.565949	-7	0.7702175	0.5497611	-31.61272	-3.730305	-9.86752
2.06	-7.106376	-8.806395	14.30618	-7	-1.543411	-2.437824	59.0107	1.017786	7.162498
2.08	-10.80345	-9.69416	-6.238815	-7	0.8072637	0.8389385	-53.33481	3.353664	-14.81214
2.1	-8.348362	-9.762449	7.312672	-7	-1.781179	-2.013402	54.86259	2.162824	9.365806
2.12	-11.01941	-9.762449	-7.494047	-7	0.6444514	0.7412477	-32.34082	-11.13488	-7.93895
2.14	-8.755024	-9.762449	5.056892	-7	-1.0864	-1.42626	51.77746	5.979617	9.864244
2.16	-10.20108	-9.830739	-2.941712	-7	0.3189679	-0.3029396	-1.849973	-10.81427	-5.443077
2.18	-8.601517	-9.762449	5.834515	-7	-0.9734731	-1.958044	51.43169	6.880381	4.456434
2.2	-8.911835	-8.396656	2.898153	-7	0.7605585	0.2521714	-16.75774	-8.997481	-6.092595
2.22	-7.751848	-8.533236	8.510658	-7	-0.3040879	-0.5772644	5.91494	5.139923	-0.7633266
2.24	-9.064519	-8.533236	0.6124678	-7	0.4688118	0.9489871	-41.7757	-14.32572	-7.306058
2.26	-8.346589	-8.533236	4.067086	-7	-0.4865029	0.1932438	-8.382612	-31.08908	1.994464
2.28	-11.82618	-9.421001	-14.52189	-7	1.882125	4.136004	-86.57614	4.62084	-2.769681
2.3	-9.65497	-9.421001	-1.900834	-7	0.3963233	2.031147	9.680863	-20.70741	18.47212
2.32	-9.799019	-9.48929	-2.402699	-7	0.9031569	0.9316461	-0.3945971	17.27733	2.832882
2.34	-8.893108	-9.421001	2.736912	-7	0.3242468	-0.1537647	22.15508	-9.944045	3.884905
2.36	-8.937922	-9.147842	2.298486	-7	0.568064	0.001428604	3.439981	23.35366	-1.880669
2.38	-8.728192	-9.079553	3.259137	-7	0.2905059	-0.02885285	3.20696	5.85748	-0.7438984
2.4	-9.988161	-10.1039	-2.973035	-7	0.1250258	0.04742274	-0.3804216	19.13992	-1.691595
2.42	-10.19499	-10.17219	-3.443583	-7	0.0545612	0.03555286	17.61791	-9.928779	4.607601
2.44	-8.620687	-8.738104	4.508513	-7	0.3922597	-0.1449114	22.01829	4.66664	4.585007
2.46	-8.18958	-8.806395	6.291728	-7	0.2427893	-0.6308778	9.707126	-5.241756	-3.268493
2.48	-9.662484	-9.830739	-1.390414	-7	0.1822384	-0.01311633	-7.643598	17.03305	-4.642613
2.5	-9.826717	-9.69416	-1.985329	-7	0.137942	0.3784182	4.959278	-1.333359	3.48812
2.52	-9.951312	-9.762449	-2.348671	-7	0.4056681	0.4289605	8.636334	-10.41733	3.71845
2.54	-9.362449	-9.69416	1.075713	-7	0.2040474	-0.2883385	25.31486	-8.783741	4.108334
2.56	-9.773004	-9.762449	-0.9698457	-7	0.6938588	0.2224672	8.166848	11.67427	0.2837105
2.58	-9.497602	-9.69416	0.7389367	-7	0.6350762	0.29085	13.49477	6.483435	3.055002
2.6	-10.04923	-9.762449	-2.016961	-7	1.195425	1.181331	-6.345968	6.101755	1.313575
2.62	-9.476673	-9.762449	1.400583	-7	0.7544482	0.6047297	12.72824	0.1780916	4.892645
2.64	-9.95952	-9.762449	-1.056497	-7	1.214582	1.15277	-6.512113	1.475801	0.9655428
2.66	-8.344548	-8.738104	7.120727	-7	0.7941397	0.5548636	8.590088	2.849847	4.180402
2.68	-9.029305	-8.806395	2.792426	-7	1.299847	1.440855	-32.13163	2.895648	-4.410357
2.7	-9.880885	-10.17219	-1.148397	-7	0.2584789	0.7293463	-7.271512	1.353664	1.229993
2.72	-10.86512	-10.03561	-6.062619	-7	0.9604155	1.778529	-16.30732	-7.226488	4.154595
2.74	-8.771807	-9.147842	5.079991	-7	0.3184406	0.1962311	28.10678	-10.38679	9.474029
2.76	-9.31859	-9.079553	1.616774	-7	1.207575	0.9345651	-14.95601	4.910915	-2.976323
2.78	-8.474393	-9.011263	5.886683	-7	0.4052027	0.2791601	4.858383	13.96435	1.991298
2.8	-11.02142	-10.03561	-7.494551	-7	1.489844	2.34103	-43.81905	6.101755	-2.991976
2.82	-8.725516	-9.011263	4.859192	-7	0.4012272	0.8743588	18.92248	-12.24939	11.97469
2.84	-10.07125	-9.147842	-2.740777	-7	1.823071	2.300526	-39.00939	-4.173053	-2.355992
2.86	-8.235633	-9.079553	7.169029	-7	0.2030332	0.21667	19.74881	-0.1425196	7.271307
2.88	-10.04575	-9.216132	-2.930775	-7	1.519119	1.952102	-40.93197	0.04068658	-4.644174
2.9	-8.279198	-9.079553	6.599053	-7	-0.09987009	-0.01424634	21.88924	2.193358	7.471999
2.92	-10.30679	-9.079553	-4.757314	-7	1.697192	2.404227	-49.2101	2.147557	-4.229847
2.94	-8.45849	-9.079553	5.355246	-7	0.09937704	0.4636573	18.824	-0.4020616	9.538452
2.96	-10.50933	-9.147842	-5.963622	-7	1.966856	2.82368	-51.56179	3.964351	-2.874086
2.98	-8.650385	-9.079553	4.310676	-7	0.5281719	1.074548	13.54414	-8.173054	10.88455
3	-10.276	-9.079553	-4.666597	-7	2.123316	2.926012	-47.90728	6.498701	-1.524899
3.02	-8.288981	-9.147842	6.326015	-7	0.2852345	0.4296284	23.36097	1.811679	9.620312
3.04	-10.54292	-9.079553	-6.127184	-7	2.360954	3.229815	-58.94728	5.445266	-3.767831
3.06	-8.376177	-9.147842	5.920087	-7	0.3984156	0.8062106	21.01557	5.246793	11.54462
3.08	-10.98956	-9.147842	-8.379515	-7	2.82766	4.050354	-71.29935	0.2238927	-3.174517
3.1	-7.963552	-9.147842	8.399847	-7	0.1829582	0.4486456	35.58886	2.590305	14.3638
3.12	-11.12784	-9.147842	-8.995525	-7	3.05308	4.148808	-78.87692	-2.142519	-5.985137
3.14	-8.233068	-9.147842	7.128707	-7	0.550945	1.178807	25.09764	0.498702	15.38547
3.16	-10.2249	-9.079553	-3.96201	-7	2.329645	2.914281	-52.37708	-7.730305	-4.190276
3.18	-8.064294	-9.147842	7.920865	-7	0.1692539	0.2292951	26.74873	-3.547099	9.570332
3.2	-10.26981	-9.147842	-4.347334	-7	1.942677	2.492951	-49.47673	-7.012748	-5.027017
3.22	-8.294879	-9.147842	6.498081	-7	0.08562309	0.2717296	25.10583	8.66664	9.814421
3.24	-9.765108	-9.147842	-1.790011	-7	1.282385	1.418185	-26.88533	-9.394428	-3.574862
3.26	-8.108915	-9.079553	7.117364	-7	-0.249961	-0.5618625	31.66857	9.170457	6.455134
3.28	-9.788005	-9.147842	-2.321482	-7	1.092294	1.129978	-24.74748	-9.653969	-4.482558
3.3	-8.267833	-9.216132	5.987845	-7	-0.3991929	-0.7417787	35.97567	12.4987	6.838147
3.32	-11.5885	-10.1039	-11.50773	-7	1.811186	2.461429	-42.23888	9.781144	-3.544171
3.34	-9.336623	-9.147842	1.01845	-7	1.232877	1.992749	18.16026	-13.10435	16.67128
3.36	-10.34471	-9.147842	-4.424764	-7	2.928741	3.572011	-39.82851	12.25443	2.449969
3.38	-9.063654	-9.079553	2.817425	-7	2.181128	2.864834	-9.789268	-18.78374	10.13395
3.4	-9.653984	-9.147842	-0.3055568	-7	2.579328	3.243759	-37.70936	15.70481	2.062044
3.42	-8.917407	-9.147842	3.828439	-7	1.635323	2.182676	-11.94383	-3.318092	6.209455
3.44	-9.628032	-9.147842	-0.1045356	-7	1.965637	2.671431	-34.86667	24.75824	1.20823
3.46	-9.179101	-9.147842	2.357857	-7	1.360839	2.072436	-14.32431	-6.249389	5.901878
3.48	-9.70011	-9.079553	-0.6108367	-7	1.80487	2.643539	-32.3215	11.70481	2.728104
3.5	-9.027209	-9.079553	2.999692	-7	1.168095	1.74808	-7.673216	-10.27992	6.318565
3.52	-11.01638	-10.37706	-6.933574	-7	1.594468	2.356375	-25.5886	8.391831	1.894597
3.54	-10.32071	-10.37706	-2.234229	-7	0.954492	1.291143	23.80871	-4.08145	12.44203
3.56	-10.97041	-10.37706	-5.118283	-7	2.013337	1.993757	2.92001	5.109388	6.306632
3.58	-9.769302	-10.37706	2.103252	-7	1.38391	0.7237741	38.37077	1.842213	10.24467
3.6	-10.5147	-10.37706	-1.519843	-7	2.26709	1.661432	2.73208	18.26969	2.1408
3.62	-10.06597	-10.44535	1.519104	-7	1.890031	1.493812	16.74977	7.643739	7.242667
3.64	-9.66263	-9.079553	3.103529	-7	3.010206	3.163986	-25.20463	9.628472	3.933388
3.66	-9.871604	-10.37706	2.579386	-7	1.938432	2.08929	-7.859396	-11.74557	4.049634
3.68	-10.95501	-10.37706	-2.890431	-7	2.393644	3.083863	-27.82265	4.712443	3.948135
3.7	-9.384662	-9.421001	5.355211	-7	1.931413	2.377938	-1.429317	-8.066183	10.15697
3.72	-9.70168	-9.48929	3.248196	-7	2.232973	2.528928	-27.21708	-4.478397	1.171213
3.74	-8.895247	-9.421001	7.27247	-7	1.229014	1.385056	-3.753556	2.971984	4.138658
3.76	-10.40401	-9.48929	-1.305257	-7	2.218011	3.185399	-50.40588	0.4834348	-0.7969327
3.78	-8.18396	-8.533236	9.884162	-7	1.04468	1.702452	-2.615164	-12.27992	9.250724
3.8	-10.23175	-9.69416	-1.385792	-7	1.590438	2.284353	-43.35725	-8.340992	-3.605524
3.82	-8.21611	-8.806395	8.915552	-7	0.2405003	0.5651376	15.02972	-4.722672	8.799011
3.84	-9.712777	-8.806395	-0.05939722	-7	1.632003	2.244001	-44.53086	2.422366	-3.583018
3.86	-10.43904	-10.17219	-3.286872	-7	0.9684637	2.089119	-12.534	-17.76084	7.304384
3.88	-13.20817	-10.1039	-17.60031	-7	4.027098	6.793011	-83.74116	9.475801	9.359232
3.9	-9.915305	-9.079553	0.7166159	-7	3.398333	5.389166	-8.887988	-24.20359	26.45484
3.92	-7.457163	-9.079553	13.81325	-7	1.59829	0.4239483	33.47372	31.67427	6.167065
3.94	-7.749845	-9.011263	11.42702	-7	1.010667	-0.444351	3.61705	9.277328	-8.296518
3.96	-8.896253	-9.079553	4.590649	-7	0.9622341	0.9549921	-24.29795	27.84221	-5.175225
3.98	-9.055636	-9.079553	3.315094	-7	0.5259161	1.072031	-11.58828	-14.41733	2.291041
4	-8.126592	-8.191787	7.237752	-7	0.4053981	0.6201869	-2.811382	-15.82191	2.900259
4.02	-9.019727	-9.48929	2.336381	-7	-0.1736319	-0.3587859	6.444811	-23.04328	-1.43641
4.04	-8.605577	-8.464945	3.746588	-7	0.2273693	0.2425008	5.786766	-3.257023	2.850297
4.06	-8.178152	-8.396656	5.322495	-7	0.215373	-0.02386437	8.612234	-15.97458	1.41082
4.08	-8.683272	-8.738104	2.200476	-7	0.3717709	0.2539731	0.07468426	-1.470764	-0.3574681
4.1	-8.736448	-8.806395	1.720498	-7	0.3296947	0.3092224	8.250461	-5.302824	2.922016
4.12	-8.939448	-8.806395	0.4716681	-7	0.665826	0.641271	5.267124	-5.089084	3.065897
4.14	-7.69421	-7.850338	6.411955	-7	0.7522187	0.5025477	10.94394	0.4681676	4.413516
4.16	-7.723643	-7.850338	5.476229	-7	0.9528657	0.7385026	-9.907109	0.5903046	-1.670461
4.18	-8.959906	-9.011263	-0.919824	-7	0.6532102	0.9263103	-10.23675	4.483435	-0.1289773
4.2	-9.465128	-9.147842	-3.210418	-7	0.745855	1.202579	2.822547	-10.58527	6.094673
4.22	-9.18918	-9.079553	-1.342906	-7	0.9002582	0.8735204	19.17887	-2.386794	7.986799
4.24	-8.980389	-9.079553	0.08894336	-7	1.16232	0.6718648	21.82096	7.384198	5.753896
4.26	-9.103775	-9.079553	-0.2870107	-7	1.614058	1.201276	10.87265	20.84984	4.440144
4.28	-8.951082	-9.079553	0.8746039	-7	1.690312	1.360953	10.63534	12.43763	5.390182
4.3	-8.224222	-8.191787	4.413129	-7	2.053431	1.866438	-3.435244	7.582672	4.399928
4.32	-7.963069	-8.123497	5.427043	-7	1.919977	1.926694	-15.76887	4.956717	1.496909
4.34	-8.033919	-8.123497	4.661044	-7	1.604547	1.938988	-22.71416	-1.684504	0.870707
4.36	-7.195707	-7.099152	8.042209	-7	1.473377	2.065822	-29.24836	-5.27229	1.712995
4.38	-8.433138	-8.464945	1.31436	-7	0.8654283	1.583799	-30.22689	-10.84481	-1.579313
4.4	-8.799254	-8.533236	-0.6142427	-7	0.5623841	1.411628	-11.0495	-11.10435	4.841617
4.42	-8.877457	-8.533236	-1.010354	-7	0.7321376	1.223144	-0.0320282	-3.134886	5.987544
4.44	-7.540936	-7.50889	5.473028	-7	0.9185844	0.9007	7.755171	-13.4555	6.013536
4.46	-7.270367	-7.4406	6.143852	-7	1.021136	0.813509	-8.063283	11.72007	-0.6477776
4.48	-7.28183	-7.50889	5.458316	-7	0.717479	0.7972077	-12.41779	7.323129	-0.8843036
4.5	-7.97955	-7.4406	1.100489	-7	1.14566	1.935282	-33.98283	9.170457	-0.2642369
4.52	-7.595579	-7.50889	2.867052	-7	0.6428251	1.402958	-12.44221	-15.39443	4.653189
4.54	-9.242571	-8.806395	-5.417253	-7	0.7702805	1.453859	-14.72185	-6.218855	2.040435
4.56	-8.756477	-8.806395	-2.101081	-7	0.3612713	0.5153041	28.13728	-9.577633	10.30121
4.58	-9.40273	-8.874683	-5.060882	-7	1.431464	1.274599	10.86116	7.002519	5.684683
4.6	-8.217321	-8.806395	1.951351	-7	0.9825576	0.1799958	43.94491	-0.2799238	9.513088
4.62	-7.556376	-7.50889	4.860824	-7	2.044719	1.222957	4.294013	20.42237	1.643196
4.64	-6.904524	-7.4406	7.877923	-7	1.673548	1.220988	-5.150297	9.109388	0.3184481
4.66	-8.145816	-7.782049	0.9188569	-7	2.0192	2.573118	-42.25104	17.26206	-2.414669
4.68	-7.42386	-7.50889	4.574823	-7	1.18367	1.960169	-15.86478	-15.74557	5.638796
4.7	-9.129831	-8.738104	-4.121624	-7	1.21843	1.964059	-24.7822	-10.02038	0.9880166
4.72	-7.639557	-7.850338	3.844268	-7	0.5705746	0.7963259	18.88506	-16.64633	9.829527
4.74	-8.633718	-7.782049	-1.877186	-7	1.928375	2.324385	-28.61825	7.307862	0.4569793
4.76	-7.164172	-7.850338	6.104454	-7	0.6777828	0.6331944	19.36442	-1.104351	7.857754
4.78	-8.813912	-7.782049	-3.129115	-7	2.226922	2.810287	-43.23759	14.36129	-1.760967
4.8	-7.282904	-7.850338	5.314639	-7	0.8076262	1.129463	13.70096	-8.264656	9.609051
4.82	-8.961815	-7.850338	-3.957336	-7	2.318529	3.067089	-45.29064	12.25443	-0.7764258
4.84	-6.516001	-6.416255	8.410662	-7	1.759175	2.629351	-13.72321	-14.15779	10.49452
4.86	-9.484768	-6.416255	-8.538606	-7	4.977099	7.936182	-143.457	16.01015	-2.870319
4.88	-8.766003	-8.123497	-3.302871	-7	2.788532	6.021039	-55.80555	-14.41733	18.51809
4.9	-10.32897	-8.191787	-10.9801	-7	3.972171	6.795554	-83.23163	11.46053	10.26342
4.92	-8.920828	-8.123497	-2.4585	-7	3.209619	5.308113	-29.91357	-21.47076	19.06454
4.94	-7.475316	-8.123497	5.729916	-7	1.963234	1.966143	8.544932	28.46817	9.038166
4.96	-7.673755	-8.123497	4.585764	-7	1.691252	1.255591	-5.312439	12.62084	-0.3429589
4.98	-8.545321	-8.123497	-0.1639419	-7	2.079792	2.621627	-30.73947	32.05595	1.21821
5	-8.203383	-8.123497	1.799843	-7	1.601102	2.270742	-12.19292	-10.18832	6.792456
5.02	-6.955636	-7.167441	7.759763	-7	1.300221	1.376686	-4.705822	-10.78374	4.176262
5.04	-6.491118	-7.099152	9.344383	-7	0.7009914	0.4221969	-7.385701	-6.539465	-2.072963
5.06	-7.22411	-7.099152	4.48391	-7	0.811065	1.230227	-31.94568	-2.478397	-3.830194
5.08	-7.599115	-7.50889	2.115318	-7	0.3292766	1.123421	-18.60986	-17.85244	1.547514
5.1	-6.231764	-6.143096	8.117751	-7	0.2833876	0.7341386	-9.169075	-24.81427	3.156356
5.12	-7.508479	-7.850338	1.180999	-7	-0.299184	-0.231271	-4.994196	-15.24175	-3.294361
5.14	-8.068417	-7.782049	-1.867687	-7	-0.1006656	0.2621951	3.914139	-4.356259	3.131002
5.16	-8.179692	-7.850338	-2.334148	-7	0.3193199	0.4788982	12.99255	-13.91351	5.785053
5.18	-7.79046	-7.713759	-0.1431338	-7	0.6708029	0.4262156	20.11935	3.552137	6.023558
5.2	-7.643064	-7.782049	0.7932013	-7	0.9217666	0.401463	18.20835	5.979617	3.75418
5.22	-7.853259	-7.782049	-0.1794963	-7	1.361837	1.072826	5.100258	17.88802	3.016009
5.24	-7.850437	-7.850338	0.1294454	-7	1.460461	1.355497	4.033748	6.4529	4.561987
5.26	-7.841255	-7.782049	0.3955974	-7	1.616282	1.585485	-0.4497932	3.185725	4.407836
5.28	-7.849963	-7.850338	0.6083462	-7	1.614231	1.629671	-1.46072	0.8193123	4.411542
5.3	-7.762743	-7.782049	1.244614	-7	1.585995	1.607877	-1.966941	1.185725	4.321984
5.32	-7.837667	-7.782049	0.9676032	-7	1.630751	1.737318	-6.395041	2.498702	3.77873
5.34	-7.871121	-7.850338	0.961052	-7	1.544383	1.705861	-5.266294	0.1322897	4.261767
5.36	-7.745631	-7.713759	1.66805	-7	1.514033	1.658509	-5.065736	-0.2799238	4.268261
5.38	-7.805671	-7.782049	1.400127	-7	1.469339	1.618708	-6.473311	-0.2646566	3.597439
5.4	-7.856632	-7.850338	1.221072	-7	1.371053	1.529913	-4.445564	-0.2035879	3.928648
5.42	-7.763681	-7.713759	1.688422	-7	1.380268	1.527929	-4.454603	-0.6463361	4.047162
5.44	-7.845593	-7.850338	1.309554	-7	1.311337	1.426315	-3.623589	-0.8295422	3.607059
5.46	-8.021813	-7.986918	0.512989	-7	1.286532	1.412638	-2.112527	-0.2341222	3.963676
5.48	-7.889346	-7.850338	1.269173	-7	1.319093	1.398686	0.4661555	-0.08145043	4.725097
5.5	-7.851333	-7.850338	1.49826	-7	1.361744	1.373508	-0.5603551	-0.1730539	3.93553
5.52	-7.753524	-7.782049	1.996868	-7	1.360913	1.371881	-1.238732	0.1170225	3.780622
5.54	-7.813354	-7.782049	1.641357	-7	1.409095	1.493597	-5.019127	0.3154958	3.332983
5.56	-7.760822	-7.782049	1.910971	-7	1.325173	1.434536	-3.256037	-0.02038214	3.827948
5.58	-7.851408	-7.850338	1.441015	-7	1.290885	1.390472	-3.342928	-0.6158017	3.502384
5.6	-7.907871	-7.850338	1.158704	-7	1.316998	1.455512	-3.256345	-0.127252	3.972635
5.62	-7.87179	-7.850338	1.381834	-7	1.307176	1.408153	-1.270914	-0.127252	4.267407
5.64	-7.843195	-7.850338	1.552438	-7	1.306523	1.348507	-0.499083	-0.1425196	4.001848
5.66	-7.788154	-7.782049	1.808671	-7	1.344274	1.383829	-1.610874	0.02541983	3.828327
5.68	-7.783327	-7.782049	1.801396	-7	1.353098	1.416276	-2.875548	-0.2493898	3.633615
5.7	-7.8923	-7.850338	1.240481	-7	1.370892	1.494527	-4.200938	-0.09671804	3.696139
5.72	-7.76102	-7.782049	1.9325	-7	1.304984	1.389857	-0.883449	-0.1425196	4.308838
5.74	-8.075518	-8.055207	0.4029499	-7	1.313221	1.385925	-1.968338	-0.2035879	3.526606
5.76	-7.791663	-7.782049	1.905069	-7	1.330242	1.378199	2.108454	-0.09671804	5.095644
5.78	-7.839351	-7.850338	1.644542	-7	1.394084	1.375637	-1.2668	-0.1425196	3.513494
5.8	-7.704356	-7.782049	2.333027	-7	1.327884	1.314845	0.2686722	0.3460302	3.912287
5.82	-7.833246	-7.850338	1.630553	-7	1.346447	1.36864	-2.75469	-0.5241987	3.188561
5.84	-7.800736	-7.782049	1.7686	-7	1.353025	1.449639	-2.634976	-0.06618368	3.991036
5.86	-7.826089	-7.782049	1.599362	-7	1.388079	1.506309	-3.94539	-0.3409925	3.860636
5.88	-7.794652	-7.782049	1.749928	-7	1.36272	1.477728	-2.884896	-0.1425196	4.084207
5.9	-7.868723	-7.850338	1.377733	-7	1.355318	1.458481	-2.749637	-0.1577863	3.907739
5.92	-7.778673	-7.782049	1.840831	-7	1.337361	1.410629	-0.904318	-0.1119852	4.281352
5.94	-7.797468	-7.782049	1.707463	-7	1.375002	1.436517	-2.494471	-0.1119852	3.774617
5.96	-7.729152	-7.713759	2.007087	-7	1.389038	1.478317	-3.00812	-0.1119852	3.973118
5.98	-7.807996	-7.782049	1.571029	-7	1.393186	1.509302	-4.268289	-0.1730539	3.703784
6	-7.903816	-7.850338	1.108076	-7	1.393696	1.550409	-3.647005	-0.1425196	4.183577
6.02	-7.876123	-7.850338	1.312455	-7	1.379114	1.490745	-0.9598779	-0.1730539	4.636073
6.04	-7.803056	-7.782049	1.69479	-7	1.422705	1.47918	-1.044482	-0.1425196	4.36742
6.06	-7.818605	-7.850338	1.650065	-7	1.398117	1.421782	-0.6599315	0.02541983	4.023377
6.08	-7.83986	-7.850338	1.56629	-7	1.405089	1.43764	-0.832574	-0.2493898	4.073923
6.1	-7.750608	-7.782049	2.024773	-7	1.395679	1.411038	-0.2008181	-0.1425196	4.184515
6.12	-7.782452	-7.782049	1.823184	-7	1.431626	1.470242	-2.548882	0.01015222	3.727804
6.14	-7.695375	-7.713759	2.226059	-7	1.408837	1.473398	-2.338279	-0.06618368	4.019785
6.16	-7.709151	-7.713759	2.081862	-7	1.402638	1.482915	-3.84914	-0.2341222	3.617486
6.18	-7.739844	-7.713759	1.859629	-7	1.397874	1.531166	-4.593191	-0.1119852	3.806533
6.2	-7.793326	-7.782049	1.577116	-7	1.352741	1.485712	-3.086381	-0.2646566	4.047586
6.22	-7.900187	-7.850338	1.0566	-7	1.37125	1.501718	-2.290834	-0.3257257	4.274406
6.24	-7.935297	-7.918628	0.9800272	-7	1.363722	1.441298	0.9428473	-0.1730539	4.780898
6.26	-7.885917	-7.850338	1.292909	-7	1.452724	1.477909	1.064632	0.2086256	4.77953
6.28	-7.821745	-7.850338	1.686559	-7	1.475609	1.45131	1.347625	-0.03564932	4.517115
6.3	-7.894097	-7.918628	1.384984	-7	1.500109	1.4828	0.07826477	-0.09671804	4.161077
6.32	-7.644408	-7.713759	2.662297	-7	1.479873	1.439999	1.231685	-0.1577863	4.53721
6.34	-7.777555	-7.850338	1.955958	-7	1.457266	1.42068	-1.87397	-0.2035879	3.261333
6.36	-7.80375	-7.850338	1.836908	-7	1.402484	1.435271	-0.7046198	-0.2035879	4.069323
6.38	-7.672173	-7.713759	2.454633	-7	1.394644	1.402848	-0.2401157	-0.3257257	4.150816
6.4	-7.747116	-7.782049	2.008402	-7	1.391066	1.409899	-2.028421	-0.3257257	3.530197
6.42	-7.881385	-7.850338	1.311848	-7	1.413907	1.515727	-2.697299	0.01015222	4.029969
6.44	-7.774825	-7.782049	1.876371	-7	1.393057	1.460727	0.3327924	-0.1425196	4.750412
6.46	-7.853924	-7.850338	1.476809	-7	1.434291	1.463327	-0.7471787	-0.2188555	4.106775
6.48	-7.876527	-7.850338	1.395996	-7	1.479712	1.540836	-0.728106	-0.06618368	4.560689
6.5	-7.783445	-7.782049	1.891216	-7	1.508704	1.545643	-0.3267682	0.1475568	4.670696
6.52	-7.716102	-7.782049	2.240236	-7	1.472112	1.455275	0.1001324	-0.1577863	4.197679
6.54	-7.803827	-7.850338	1.792715	-7	1.455178	1.454539	-0.9125294	-0.3409925	3.85247
6.56	-7.702316	-7.713759	2.267183	-7	1.474646	1.511293	-1.173808	-0.09671804	4.336977
6.58	-7.676657	-7.713759	2.335078	-7	1.458572	1.489127	-2.12661	0.01015222	3.888788
6.6	-7.820718	-7.850338	1.596357	-7	1.412275	1.472584	-1.969472	-0.3562597	3.854104
6.62	-7.861066	-7.850338	1.420512	-7	1.414968	1.490377	-0.256438	-0.3409925	4.576907
6.64	-7.781798	-7.782049	1.836169	-7	1.45018	1.477046	0.7821232	-0.02038214	4.709433
6.66	-7.745256	-7.782049	2.019172	-7	1.465716	1.450022	0.5106664	-0.06618368	4.289652
6.68	-7.764002	-7.782049	1.905981	-7	1.495256	1.504345	-0.8992237	-0.3715273	4.137495
6.7	-7.846141	-7.850338	1.51306	-7	1.50274	1.550671	-1.201111	-0.1730539	4.316096
6.72	-7.831006	-7.850338	1.646961	-7	1.489932	1.523113	0.566491	-0.05091607	4.735073
6.74	-7.739952	-7.782049	2.124913	-7	1.497655	1.47771	1.119219	-0.05091607	4.567352
6.76	-7.776541	-7.850338	1.957473	-7	1.472327	1.426249	0.9655226	-0.1730539	4.10147
6.78	-7.799179	-7.850338	1.860857	-7	1.469324	1.441573	1.05932	-0.2035879	4.287316
6.8	-7.731318	-7.782049	2.198728	-7	1.478164	1.445406	1.170673	-0.06618368	4.397504
6.82	-7.706273	-7.782049	2.302817	-7	1.460926	1.412166	0.8525496	-0.1425196	4.077723
6.84	-7.81416	-7.850338	1.742179	-7	1.470242	1.464375	-0.3565266	-0.2035879	3.994626
6.86	-7.727682	-7.782049	2.188323	-7	1.446214	1.436474	1.563214	-0.1730539	4.599972
6.88	-7.781281	-7.850338	1.918309	-7	1.434662	1.384946	1.546207	-0.127252	4.107651
6.9	-7.824618	-7.850338	1.706682	-7	1.470383	1.451386	1.179979	-0.1577863	4.386996
6.92	-7.796126	-7.850338	1.88952	-7	1.46912	1.429386	2.480583	-0.2035879	4.631865
6.94	-7.753284	-7.782049	2.091173	-7	1.530228	1.487817	1.032521	-0.1883207	4.430366
6.96	-7.794597	-7.850338	1.900917	-7	1.523551	1.493359	0.7063608	-0.09671804	4.308566
6.98	-7.763985	-7.850338	2.095303	-7	1.478613	1.42552	2.443737	-0.09671804	4.526565
7	-7.708816	-7.782049	2.35412	-7	1.491508	1.417005	1.902299	-0.2188555	4.29045
7.02	-7.776522	-7.850338	2.004121	-7	1.482782	1.425477	1.167828	-0.1577863	4.069911
7.04	-7.719097	-7.782049	2.281696	-7	1.480849	1.438624	1.675598	-0.1425196	4.450591
7.06	-7.824532	-7.850338	1.732432	-7	1.518956	1.504621	-0.02550536	-0.09671804	4.172844
7.08	-7.638968	-7.713759	2.663702	-7	1.489403	1.454298	2.185489	-0.1119852	4.788427
7.1	-7.633305	-7.713759	2.608262	-7	1.494365	1.429643	0.01318574	-0.127252	3.80287
7.12	-7.706396	-7.782049	2.19408	-7	1.450426	1.433748	-0.09791684	-0.1119852	3.929846
7.14	-7.797032	-7.850338	1.74106	-7	1.419996	1.417113	1.344573	-0.1883207	4.336108
7.16	-7.851631	-7.850338	1.4839	-7	1.478921	1.483111	1.711621	-0.1425196	4.739312
7.18	-7.800613	-7.850338	1.805726	-7	1.491766	1.440866	3.840302	-0.1119852	5.009122
7.2	-7.866926	-7.918628	1.535241	-7	1.536779	1.449479	3.496934	-0.1119852	4.653076
7.22	-7.690773	-7.782049	2.469843	-7	1.552414	1.43044	4.663535	-0.2188555	4.970106
7.24	-7.852417	-7.918628	1.671997	-7	1.59858	1.496073	1.410969	-0.1577863	4.044455
7.26	-7.755498	-7.850338	2.231617	-7	1.561055	1.481827	3.703839	-0.1883207	4.973202
7.28	-7.699945	-7.782049	2.492603	-7	1.591466	1.486837	1.975451	-0.1119852	4.368494
7.3	-7.740011	-7.850338	2.293784	-7	1.5468	1.460208	1.742538	-0.2188555	4.192149
7.32	-7.771715	-7.850338	2.134752	-7	1.532388	1.472641	1.816621	-0.1425196	4.404593
7.34	-7.686803	-7.782049	2.551223	-7	1.510909	1.43117	2.823335	-0.127252	4.570253
7.36	-7.684445	-7.782049	2.514942	-7	1.505165	1.412007	1.965056	-0.1730539	4.133644
7.38	-7.776404	-7.850338	2.029223	-7	1.497921	1.442437	1.53945	-0.1425196	4.202889
7.4	-7.710465	-7.782049	2.351291	-7	1.494664	1.438261	2.841754	-0.2035879	4.702013
7.42	-7.714091	-7.782049	2.295456	-7	1.519876	1.44715	1.979224	-0.2341222	4.350647
7.44	-7.703541	-7.782049	2.326783	-7	1.515757	1.450522	2.143882	-0.1883207	4.446115
7.46	-7.724786	-7.782049	2.189775	-7	1.537101	1.486946	1.451892	-0.2035879	4.417813
7.48	-7.728054	-7.782049	2.160165	-7	1.547879	1.511562	1.502496	-0.09671804	4.587941
7.5	-7.769384	-7.850338	1.979929	-7	1.521765	1.462912	2.777723	-0.1730539	4.62969
7.52	-7.723721	-7.782049	2.211238	-7	1.55557	1.484731	2.903554	-0.1577863	4.777564
7.54	-7.627053	-7.713759	2.668391	-7	1.569241	1.475702	2.49705	-0.09671804	4.566129
7.56	-7.696781	-7.782049	2.281549	-7	1.56514	1.491931	1.034871	-0.1730539	4.142342
7.58	-7.691455	-7.782049	2.30829	-7	1.526637	1.470384	2.322619	-0.08145043	4.57939
7.6	-7.74201	-7.850338	2.076481	-7	1.486019	1.391259	3.849238	-0.127252	4.515725
7.62	-7.852338	-7.918628	1.567256	-7	1.513883	1.420005	4.321913	-0.1577863	4.703701
7.64	-7.726912	-7.782049	2.231412	-7	1.5837	1.476057	4.93375	-0.127252	5.217498
7.66	-7.812458	-7.918628	1.859391	-7	1.591787	1.446	4.495158	-0.1730539	4.582592
7.68	-7.747254	-7.850338	2.24611	-7	1.606022	1.462205	5.239714	-0.1119852	4.9962
7.7	-7.638323	-7.782049	2.804631	-7	1.600163	1.414077	5.05137	-0.2035879	4.622852
7.72	-7.569856	-7.713759	3.084196	-7	1.597179	1.424826	2.922891	-0.1577863	4.097517
7.74	-7.737981	-7.850338	2.198358	-7	1.565425	1.470715	1.178488	-0.05091607	3.899438
7.76	-7.772364	-7.850338	2.045509	-7	1.53812	1.488649	3.053465	-0.1730539	4.831318
7.78	-7.773195	-7.850338	2.067041	-7	1.550302	1.460773	4.266271	-0.08145043	4.929614
7.8	-7.686806	-7.782049	2.504811	-7	1.576552	1.446668	4.675057	-0.1577863	4.888147
7.82	-7.735708	-7.850338	2.263146	-7	1.57984	1.436159	4.025693	-0.1577863	4.465718
7.84	-7.662519	-7.782049	2.630933	-7	1.574608	1.433408	4.592222	-0.1119852	4.742829
7.86	-7.736692	-7.850338	2.250597	-7	1.576915	1.438304	3.681746	-0.2035879	4.376814
7.88	-7.767719	-7.850338	2.110403	-7	1.595641	1.493143	3.780495	-0.1119852	4.797442
7.9	-7.781894	-7.850338	2.064697	-7	1.632519	1.536843	3.672016	-0.1119852	4.954903
7.92	-7.746449	-7.850338	2.28876	-7	1.629946	1.505966	4.685086	-0.2035879	5.033014
7.94	-7.71661	-7.850338	2.471172	-7	1.615857	1.451301	5.223516	-0.2035879	4.804286
7.96	-7.661512	-7.782049	2.729201	-7	1.635538	1.473395	4.162147	-0.06618368	4.626798
7.98	-7.623802	-7.782049	2.895348	-7	1.591981	1.425189	4.190033	-0.1425196	4.425729
8	-7.685061	-7.782049	2.52384	-7	1.613606	1.500645	2.065845	-0.09671804	4.262872
8.02	-7.652391	-7.782049	2.675323	-7	1.557443	1.45241	3.822683	-0.08145043	4.706278
8.04	-7.673686	-7.782049	2.525988	-7	1.558404	1.439102	3.574049	-0.1883207	4.495493
8.06	-7.675144	-7.782049	2.491954	-7	1.555462	1.439423	4.023471	-0.1119852	4.654819
8.08	-7.595679	-7.713759	2.846076	-7	1.557648	1.421335	4.376226	-0.1425196	4.677828
8.1	-7.739158	-7.850338	2.104447	-7	1.554397	1.42711	3.664031	-0.1119852	4.322349
8.12	-7.688607	-7.782049	2.369479	-7	1.567005	1.451987	5.21979	-0.1730539	5.084323
8.14	-7.77644	-7.850338	1.938496	-7	1.622297	1.499247	4.222088	-0.1119852	4.789093
8.16	-7.820218	-7.918628	1.809625	-7	1.624506	1.493504	6.120416	-0.1425196	5.277873
8.18	-7.805961	-7.918628	1.981251	-7	1.652161	1.468313	7.475382	-0.127252	5.377072
8.2	-7.807278	-7.918628	2.057401	-7	1.710205	1.503495	6.917742	-0.2188555	5.208176
8.22	-7.672191	-7.850338	2.812437	-7	1.695791	1.444611	7.960627	0.1322897	5.20197
8.24	-7.719531	-7.918628	2.611277	-7	1.670036	1.397355	6.837508	0.758244	4.458724
8.26	-7.630867	-7.850338	3.08278	-7	1.610321	1.337456	7.990863	3.888015	4.718204
8.28	-7.76005	-7.850338	2.364797	-7	1.711395	1.532357	2.948331	0.2696943	4.226464
8.3	-7.731023	-7.850338	2.53695	-7	1.681433	1.564557	4.363008	2.147557	5.129643
8.32	-7.686267	-7.850338	2.779947	-7	1.631654	1.452793	5.93709	-0.9669468	4.927218
8.34	-7.742523	-7.850338	2.465709	-7	1.673356	1.51467	4.107468	0.5903046	4.643895
8.36	-7.732482	-7.850338	2.52501	-7	1.668082	1.531272	4.773466	0.02541983	5.033722
8.38	-7.762529	-7.850338	2.36655	-7	1.708427	1.584431	3.811997	-0.2799238	4.968906
8.4	-7.748546	-7.850338	2.455698	-7	1.71493	1.595303	4.274534	-0.1577863	5.180514
8.42	-7.676572	-7.782049	2.803297	-7	1.735559	1.603978	3.872347	-0.08145043	5.097248
8.44	-7.650142	-7.782049	2.906174	-7	1.718035	1.57982	3.342435	-0.05091607	4.785787
8.46	-7.760269	-7.850338	2.326076	-7	1.725033	1.635815	2.021126	-0.2341222	4.709375
8.48	-7.689411	-7.782049	2.682362	-7	1.713103	1.634853	3.481739	-0.08145043	5.335314
8.5	-7.680146	-7.782049	2.699588	-7	1.719058	1.611288	3.057205	-0.08145043	4.945628
8.52	-7.755152	-7.850338	2.319583	-7	1.714233	1.622421	2.991535	-0.2035879	4.953636
8.54	-7.657965	-7.713759	2.770936	-7	1.769228	1.700735	2.427133	-0.1425196	5.340548
8.56	-7.745519	-7.850338	2.337831	-7	1.740153	1.65459	2.542957	-0.09671804	4.934493
8.58	-7.735692	-7.850338	2.427629	-7	1.704672	1.599631	4.72315	-0.1425196	5.367854
8.6	-7.673004	-7.782049	2.737196	-7	1.728195	1.58448	4.784762	-0.1730539	5.219795
8.62	-7.743822	-7.850338	2.380327	-7	1.745638	1.610642	3.790121	-0.1425196	4.932832
8.64	-7.701963	-7.782049	2.588522	-7	1.781654	1.679683	3.480577	-0.1119852	5.336606
8.66	-7.702885	-7.782049	2.571056	-7	1.811612	1.720921	2.369087	-0.1425196	5.164308
8.68	-7.609107	-7.713759	3.019516	-7	1.800382	1.70904	2.495283	-0.02038214	5.23729
8.7	-7.680756	-7.782049	2.623635	-7	1.784282	1.704008	1.359515	0.07122137	4.799829
8.72	-7.694385	-7.782049	2.548068	-7	1.760735	1.706432	2.229117	-0.1577863	5.231926
8.74	-7.753944	-7.850338	2.273215	-7	1.736605	1.657542	3.563191	-0.2493898	5.284548
8.76	-7.68624	-7.782049	2.627919	-7	1.750165	1.637694	4.74316	-0.08145043	5.522609
8.78	-7.782488	-7.918628	2.19596	-7	1.725565	1.566138	5.68037	-0.127252	5.155508
8.8	-7.659004	-7.782049	2.838927	-7	1.754163	1.574867	6.590912	-0.03564932	5.569183
8.82	-7.702651	-7.850338	2.625787	-7	1.763871	1.560556	5.501374	-0.127252	4.932662
8.84	-7.808397	-7.918628	2.134522	-7	1.784334	1.630873	5.018572	-0.09671804	5.202096
8.86	-7.743853	-7.850338	2.513872	-7	1.810778	1.658321	6.010493	-0.08145043	5.731719
8.88	-7.733674	-7.850338	2.592124	-7	1.846051	1.672941	5.063097	-0.127252	5.358954
8.9	-7.696451	-7.850338	2.816345	-7	1.822745	1.639196	5.559402	0.01015222	5.346185
8.92	-7.712863	-7.850338	2.739412	-7	1.827087	1.651729	4.645881	0.3612973	5.130161
8.94	-7.628245	-7.782049	3.155896	-7	1.804743	1.63107	4.972206	1.43	5.255926
8.96	-7.691153	-7.782049	2.772049	-7	1.854728	1.735413	1.789555	2.605572	4.844306
8.98	-7.666139	-7.782049	2.885477	-7	1.813931	1.72983	2.826982	0.4529004	5.342216
9	-7.717256	-7.782049	2.583394	-7	1.848088	1.78807	1.402433	2.162824	5.197725
9.02	-7.734968	-7.850338	2.527447	-7	1.790697	1.712528	3.856365	-0.4173284	5.555962
9.04	-7.817872	-7.850338	2.108414	-7	1.872565	1.812837	2.405008	0.3154958	5.536377
9.06	-7.606469	-7.713759	3.191022	-7	1.863919	1.759607	4.651676	0.3460302	6.027315
9.08	-7.735625	-7.850338	2.522617	-7	1.871169	1.740943	2.448047	-0.3257257	4.90399
9.1	-7.774846	-7.850338	2.353109	-7	1.878596	1.811226	2.934533	0.2696943	5.651902
9.12	-7.711537	-7.782049	2.684501	-7	1.911159	1.833153	3.116192	-0.2951914	5.823857
9.14	-7.763311	-7.850338	2.446586	-7	1.91996	1.832839	2.622098	-0.09671804	5.517646
9.16	-7.763886	-7.850338	2.485915	-7	1.920977	1.839193	3.282438	-0.05091607	5.792493
9.18	-7.716323	-7.850338	2.775925	-7	1.884986	1.751157	4.935531	-0.2341222	5.757385
9.2	-7.812358	-7.918628	2.326387	-7	1.903362	1.766715	4.096879	-0.127252	5.43749
9.22	-7.676622	-7.782049	3.027523	-7	1.925842	1.794387	4.679114	-0.08145043	5.935615
9.24	-7.654275	-7.782049	3.109608	-7	1.933724	1.786527	2.996029	-0.1119852	5.250736
9.26	-7.634695	-7.782049	3.180962	-7	1.885811	1.757848	3.003628	-0.2493898	5.239752
9.28	-7.729132	-7.850338	2.684092	-7	1.8565	1.753094	2.734605	-0.2035879	5.170143
9.3	-7.763116	-7.850338	2.518183	-7	1.859692	1.77967	3.580054	-0.127252	5.672286
9.32	-7.783971	-7.850338	2.425892	-7	1.902976	1.819898	3.6436	-0.127252	5.822206
9.34	-7.765727	-7.850338	2.551227	-7	1.92859	1.827132	4.206158	-0.2035879	5.937417
9.36	-7.665858	-7.782049	3.062209	-7	1.940576	1.802699	4.446939	-0.1577863	5.822274
9.38	-7.684413	-7.782049	2.930597	-7	1.975589	1.85885	2.070559	-0.2341222	5.331826
9.4	-7.706799	-7.850338	2.841732	-7	1.904559	1.79609	3.585156	-0.2035879	5.559499
9.42	-7.816045	-7.918628	2.321521	-7	1.900091	1.794802	3.913937	-0.1883207	5.602799
9.44	-7.693251	-7.782049	2.95104	-7	1.937154	1.823004	4.771065	-0.1119852	6.122612
9.46	-7.749551	-7.850338	2.663871	-7	1.96766	1.840825	3.204516	-0.08145043	5.500064
9.48	-7.644071	-7.782049	3.205709	-7	1.936552	1.802829	4.547276	-0.09671804	5.857728
9.5	-7.621112	-7.782049	3.287338	-7	1.90583	1.737374	4.12344	-0.09671804	5.290091
9.52	-7.748734	-7.850338	2.609452	-7	1.920545	1.813061	2.441216	-0.1577863	5.227343
9.54	-7.73587	-7.850338	2.704679	-7	1.88947	1.791055	4.740633	-0.1577863	5.96234
9.56	-7.743972	-7.850338	2.675466	-7	1.913502	1.777671	4.991976	-0.08145043	5.80409
9.58	-7.740014	-7.850338	2.714414	-7	1.93871	1.793914	5.093147	-0.09671804	5.846985
9.6	-7.722712	-7.850338	2.826112	-7	1.947674	1.787221	5.36923	-0.1577863	5.830711
9.62	-7.803971	-7.918628	2.455207	-7	1.967599	1.816017	4.894332	-0.127252	5.736697
9.64	-7.708115	-7.850338	2.989102	-7	1.95947	1.785249	6.536659	-0.005114531	6.147206
9.66	-7.623084	-7.782049	3.396745	-7	1.974156	1.762627	5.454392	0.7887784	5.591151
9.68	-7.718988	-7.850338	2.882679	-7	1.986115	1.829096	3.137403	3.552137	5.244348
9.7	-7.780645	-7.850338	2.569365	-7	2.019185	1.949165	2.273399	0.07122137	5.842497
9.72	-7.68888	-7.782049	3.041348	-7	2.019556	1.939436	3.361911	0.1170225	6.200887
9.74	-6.289438	-6.484545	9.574512	-7	2.095872	1.892224	-0.4904177	0.4529004	5.691602
9.76	-6.210775	-6.484545	8.996294	-7	1.972752	1.918305	-21.68104	3.017786	-0.7027552
9.78	-6.363706	-6.484545	7.305266	-7	1.567774	2.056112	-28.06087	0.7887784	0.3468578
9.8	-6.644731	-6.484545	5.015675	-7	1.320444	2.138406	-29.07739	-1.562367	1.912869
9.82	-7.209543	-6.825994	1.573664	-7	1.235985	2.222925	-25.0499	-17.27229	3.916606
9.84	-6.821373	-6.757704	3.317193	-7	0.8948374	1.465449	-1.294721	-11.25702	6.966284
9.86	-6.84482	-6.757704	2.786384	-7	1.042033	1.193989	0.2747035	-9.257023	4.273211
9.88	-6.775661	-6.825994	2.896701	-7	1.055725	1.054319	5.794358	1.674274	4.649906
9.9	-7.942395	-7.782049	-2.889261	-7	1.278059	1.364207	3.682339	8.254427	4.295449
9.92	-8.055715	-7.850338	-2.842437	-7	1.522104	1.56906	19.52044	2.575037	10.12121
9.94	-7.993029	-7.850338	-1.894746	-7	2.030963	1.707554	22.34859	4.376564	9.720568
9.96	-7.461572	-7.782049	1.500655	-7	2.119544	1.370731	29.92311	3.765877	8.959346
9.98	-7.641362	-7.782049	0.9389449	-7	2.558195	1.874506	13.10768	19.30786	5.57611
10	-7.388184	-7.713759	2.692669	-7	2.4813	1.965986	13.11857	14.71244	6.919373
10.02	-8.078406	-7.782049	-0.6666461	-7	3.069989	3.106475	-12.56568	11.07885	5.327951
10.04	-7.551158	-7.782049	2.651249	-7	2.593877	2.636329	5.420969	-0.2493898	9.703272
10.06	-7.894495	-7.782049	1.059416	-7	2.850772	2.884488	-8.787283	-0.8753437	5.903513
10.08	-6.591722	-6.825994	7.654984	-7	2.58208	2.558818	-1.550474	3.460533	8.058336
10.1	-6.747605	-6.757704	6.208291	-7	2.683658	2.836805	-27.61816	2.590305	1.288944
10.12	-6.916603	-7.099152	5.076089	-7	2.023742	2.534927	-21.77238	0.6208394	3.500536
10.14	-6.029868	-5.801648	8.604526	-7	2.084836	2.770892	-29.82367	-6.417328	4.185106
10.16	-7.561343	-7.50889	0.4823371	-7	1.541329	2.354827	-30.49813	-14.5242	0.7935336
10.18	-7.964016	-7.782049	-1.289615	-7	1.109244	1.882831	-0.6361794	-7.86771	8.589635
10.2	-7.27892	-6.825994	1.994327	-7	1.700704	2.0444	2.451916	-11.30282	9.228056
10.22	-6.445602	-6.825994	6.139017	-7	1.441383	1.100321	13.92778	0.6971753	5.953705
10.24	-5.642454	-5.801648	9.267194	-7	1.762834	1.440712	-7.330639	8.391831	1.392518
10.26	-7.517052	-7.4406	-0.633626	-7	1.668577	2.069747	-26.1247	10.75824	-1.076509
10.28	-6.882468	-6.484545	2.458467	-7	1.691796	2.512682	-10.57322	-8.356259	9.162565
10.3	-7.066029	-6.484545	1.131152	-7	2.209019	2.935722	-24.34562	-16.60053	5.533324
10.32	-4.827738	-5.460199	12.20953	-7	1.271082	1.218524	8.153044	-1.455497	7.29023
10.34	-6.118266	-5.801648	4.276581	-7	1.912967	2.235589	-43.80492	4.437633	-4.986995
10.36	-6.198041	-6.143096	3.551733	-7	1.184727	2.177944	-23.81606	7.094121	4.396004
10.38	-7.225023	-6.552835	-2.027687	-7	1.462214	2.562808	-28.84701	-9.821908	4.15795
10.4	-4.88968	-5.528489	9.869358	-7	0.3710616	0.3489419	25.58147	-6.539465	9.721959
10.42	-5.534173	-5.32362	5.209486	-7	1.265967	1.101944	-22.24144	-3.837176	-4.104501
10.44	-5.710092	-5.869938	3.912685	-7	0.718527	1.124113	-10.52532	10.22389	1.96464
10.46	-6.9703	-6.143096	-3.007585	-7	1.426278	2.397342	-30.21955	-11.82191	2.588834
10.48	-5.905787	-6.074806	2.814752	-7	0.6896024	1.085215	15.17035	-9.424961	10.04224
10.5	-6.85407	-6.416255	-2.212241	-7	1.459172	1.576482	-6.728253	-9.424961	2.666353
10.52	-6.37572	-6.484545	0.7267374	-7	1.207126	1.206978	16.70962	15.41473	8.448159
10.54	-6.001625	-5.39191	2.150914	-7	2.337767	2.501361	-15.08743	-2.493664	4.780149
10.56	-5.189727	-5.460199	6.218267	-7	1.860471	1.962201	-8.124779	19.64374	4.588788
10.58	-6.24631	-5.869938	0.4118462	-7	2.149638	2.741869	-35.66383	-2.997481	0.2388709
10.6	-5.853825	-5.801648	2.5503	-7	1.557961	2.312173	-14.03108	8.300228	6.83112
10.62	-6.659641	-6.143096	-1.6585	-7	1.850638	2.608355	-24.99672	-15.80664	3.871166
10.64	-5.175921	-5.118752	5.813869	-7	1.572819	2.060753	-5.23015	11.10939	8.370519
10.66	-5.280583	-5.118752	4.583119	-7	1.774484	2.10875	-27.4118	-7.669237	0.244077
10.68	-5.533523	-5.460199	2.965435	-7	1.380734	2.06964	-25.4572	14.57504	2.077912
10.7	-6.265202	-5.801648	-0.9639182	-7	1.399539	2.348246	-27.26273	-16.6616	3.409846
10.72	-4.876893	-4.777303	5.835325	-7	1.130189	1.711283	-7.037632	-1.211222	7.222874
10.74	-4.604178	-4.777303	6.501076	-7	0.941471	1.03333	-14.27732	-8.417328	-0.3163841
10.76	-5.34685	-5.118752	2.029475	-7	0.9753679	1.568837	-28.24405	7.964351	-0.9606471
10.78	-4.273585	-4.094406	6.744488	-7	0.8063169	1.527673	-19.49472	-13.92878	3.687646
10.8	-4.170005	-4.094406	6.239871	-7	0.6655385	1.22644	-28.78904	-9.226488	-1.518098
10.82	-4.602192	-4.435854	3.240104	-7	0.3688763	1.191825	-29.3206	-0.8753437	-1.029222
10.84	-5.189611	-4.777303	-0.2266757	-7	0.2730786	1.259151	-23.1815	-4.325725	1.618753
10.86	-5.172266	-4.709013	-0.3829176	-7	0.3638315	1.198272	-11.39752	-10.37153	4.598438
10.88	-4.032314	-3.821247	4.888843	-7	0.5266821	0.8954858	-5.146441	-8.814275	4.213976
10.9	-5.162454	-5.118752	-1.070665	-7	0.437436	0.6803085	-12.11042	0.758244	-1.31074
10.92	-5.108258	-5.050462	-0.6013314	-7	0.2486098	0.5186983	6.676062	6.437632	4.659655
10.94	-5.595611	-5.118752	-3.052392	-7	0.8805184	1.133055	-3.057577	5.063587	3.499074
10.96	-3.870562	-4.094406	5.772687	-7	0.7043489	0.4979224	15.60827	-3.424962	6.311443
10.98	-4.179287	-4.094406	3.486146	-7	1.203368	1.06213	-19.34441	6.575037	-3.066067
11	-3.861768	-4.094406	4.795621	-7	0.6521493	0.9020489	-13.36755	5.704808	0.2858093
11.02	-4.694368	-4.094406	-0.1366007	-7	1.103267	1.953057	-39.22977	3.109389	-1.442882
11.04	-4.230059	-4.026116	2.111448	-7	0.6201233	1.557892	-19.593	-14.57	4.159307
11.06	-4.636431	-4.162696	-0.3273013	-7	0.7915391	1.610286	-26.98098	-5.638702	1.07947
11.08	-3.88092	-4.094406	3.535666	-7	0.08442728	0.4301774	0.6165009	-8.46313	3.609644
11.1	-4.666585	-4.094406	-1.066946	-7	0.7607077	1.286441	-26.31367	5.292594	-1.34383
11.12	-4.286562	-4.367564	1.074371	-7	0.162508	0.5976375	-0.07641172	-1.684504	4.044641
11.14	-4.816445	-4.367564	-1.841847	-7	0.6563346	1.049976	-13.90693	0.2544275	0.8967433
11.16	-4.493559	-4.504144	0.08951774	-7	0.3670031	0.5993093	4.040303	-0.9669468	4.231536
11.18	-4.794753	-4.435854	-1.503268	-7	0.8429245	1.060318	-8.805189	1.628473	1.666875
11.2	-4.348039	-4.435854	1.038812	-7	0.5858164	0.6566365	3.991441	2.880381	3.709715
11.22	-4.770703	-4.367564	-1.259105	-7	1.118892	1.391344	-16.39859	2.575037	0.7349286
11.24	-4.364414	-4.435854	1.098553	-7	0.7297064	0.9705386	-2.091097	2.987251	3.728716
11.26	-4.670669	-4.367564	-0.5702931	-7	1.03696	1.34868	-16.294	-0.8295422	0.8616428
11.28	-4.48566	-4.435854	0.5480943	-7	0.7822779	1.135167	-8.007191	2.376564	2.9856
11.3	-4.718355	-4.435854	-0.6657741	-7	0.9439704	1.346675	-15.52122	-1.104351	1.54399
11.32	-4.602727	-4.435854	0.04540497	-7	0.8346219	1.266657	-10.86772	1.781145	2.975492
11.34	-4.510761	-4.367564	0.5271981	-7	0.8021495	1.134248	-10.91225	-1.211222	2.074037
11.36	-4.588471	-4.435854	0.1311109	-7	0.7688565	1.120984	-12.41669	0.5139696	1.554022
11.38	-4.512351	-4.367564	0.5115463	-7	0.7071403	1.073256	-11.27227	0.02541983	1.939849
11.4	-4.492119	-4.367564	0.5734552	-7	0.6450441	0.9793707	-11.21106	-0.3715273	1.463805
11.42	-4.622964	-4.435854	-0.1316923	-7	0.6414764	1.029366	-12.75811	-0.2188555	1.330793
11.44	-4.643431	-4.435854	-0.2260673	-7	0.6304792	1.051881	-11.51444	0.02541983	2.01661
11.46	-4.663983	-4.435854	-0.3222437	-7	0.6670284	1.078625	-11.69816	-0.09671804	2.01549
11.48	-3.226772	-3.13835	6.464457	-7	0.7155654	0.9859682	-13.2121	-0.1577863	2.051377
11.5	-3.433794	-3.411509	4.584229	-7	0.59074	0.9846259	-33.90292	-0.2646566	-4.72309
11.52	-5.004964	-4.777303	-3.488939	-7	0.08483046	1.055799	-31.44423	-0.127252	-2.412398
11.54	-5.661449	-4.777303	-6.577375	-7	0.3604464	1.660591	-20.62741	-13.5013	5.236751
11.56	-4.903072	-4.777303	-2.015093	-7	0.05432966	0.4437651	14.64516	-13.57763	7.933096
11.58	-4.925358	-4.777303	-1.886678	-7	0.4790978	0.2730311	8.614431	3.918549	2.278623
11.6	-4.772704	-4.777303	-0.7766231	-7	0.6247389	0.4142443	7.63918	17.99488	2.46771
11.62	-5.245607	-4.777303	-3.052585	-7	1.263695	1.486836	-13.83238	6.559771	1.488552
11.64	-4.701606	-4.777303	0.265003	-7	0.8996973	1.053133	1.178299	3.628473	4.597665
11.66	-4.943392	-4.777303	-0.8401453	-7	1.097874	1.21814	-11.57659	-2.005115	0.8466954
11.68	-4.815951	-4.777303	0.07463391	-7	0.9109877	1.157212	-8.301395	5.139923	2.41597
11.7	-4.924253	-4.777303	-0.3648925	-7	0.9094691	1.197913	-12.62335	-5.195954	1.397364
11.72	-4.978683	-4.777303	-0.5222248	-7	0.884375	1.294899	-13.97684	0.7124425	1.970796
11.74	-4.884647	-4.777303	0.09593046	-7	0.734668	1.090466	-10.45134	-1.150153	2.158404
11.76	-4.98354	-4.777303	-0.3797823	-7	0.7630984	1.142684	-13.78416	-0.5241987	1.394031
11.78	-4.982188	-4.777303	-0.3071347	-7	0.7257894	1.160963	-13.24666	0.2391599	1.950133
11.8	-4.92426	-4.777303	0.04975176	-7	0.6383442	1.015918	-11.20961	-0.1119852	1.827982
11.82	-4.891113	-4.709013	0.1920986	-7	0.6384137	1.010127	-12.76581	-0.4936643	1.362466
11.84	-5.009393	-4.777303	-0.4261842	-7	0.6512395	1.100037	-15.0988	-0.1730539	1.230898
11.86	-5.013797	-4.777303	-0.416961	-7	0.6239154	1.110313	-13.91129	0.05595376	1.87576
11.88	-4.996799	-4.777303	-0.3033173	-7	0.6028259	1.051425	-13.00524	-0.1577863	1.784776
11.9	-5.016129	-4.777303	-0.3943187	-7	0.6209177	1.069681	-13.79622	-0.3562597	1.601908
11.92	-5.043678	-4.777303	-0.5246224	-7	0.6533123	1.138851	-14.91368	-0.2341222	1.682478
11.94	-5.11052	-4.845592	-0.8087586	-7	0.6538097	1.159177	-14.82112	-0.05091607	1.817794
11.96	-5.026175	-4.777303	-0.3342979	-7	0.6500038	1.132676	-13.76244	-0.06618368	2.064569
11.98	-5.002869	-4.777303	-0.2039284	-7	0.6417727	1.093551	-14.48812	-0.1425196	1.531278
12	-5.015116	-4.777303	-0.2697847	-7	0.6320284	1.111133	-15.56309	-0.1883207	1.389681
12.02	-5.060287	-4.845592	-0.4633051	-7	0.5673732	1.048854	-14.52683	-0.127252	1.4496
12.04	-5.025025	-4.777303	-0.2884636	-7	0.5692453	1.051853	-14.57496	-0.08145043	1.556956
12.06	-5.028338	-4.777303	-0.3227613	-7	0.572983	1.062937	-15.46548	-0.2035879	1.344739
12.08	-5.00421	-4.777303	-0.2064785	-7	0.5326551	1.019753	-14.91541	-0.2035879	1.364536
12.1	-5.111934	-4.845592	-0.7562938	-7	0.5364497	1.049125	-15.95876	-0.1883207	1.1812
12.12	-5.050402	-4.777303	-0.4362221	-7	0.5372449	1.063622	-15.03479	-0.09671804	1.714489
12.14	-5.050367	-4.777303	-0.452932	-7	0.5555248	1.069982	-16.09534	-0.127252	1.327791
12.16	-5.051692	-4.777303	-0.470601	-7	0.5536538	1.090145	-16.64258	-0.1577863	1.339273
12.18	-4.993314	-4.709013	-0.2158557	-7	0.5599837	1.113911	-17.47894	-0.1425196	1.329748
12.2	-5.055284	-4.777303	-0.5547794	-7	0.5321307	1.104392	-18.21804	-0.1425196	1.059065
12.22	-5.041792	-4.777303	-0.484869	-7	0.4755995	1.044534	-16.64056	-0.1730539	1.363927
12.24	-5.103011	-4.777303	-0.827058	-7	0.5162159	1.105856	-18.19692	-0.386794	1.186414
12.26	-5.033066	-4.777303	-0.4482672	-7	0.4509524	1.006713	-15.57138	-0.2188555	1.534329
12.28	-5.090405	-4.777303	-0.7743124	-7	0.4990758	1.057657	-17.742	-0.1119852	1.020927
12.3	-5.052227	-4.777303	-0.5682712	-7	0.4630388	1.026743	-16.44115	-0.1119852	1.375794
12.32	-5.09232	-4.777303	-0.7939149	-7	0.4956869	1.070865	-18.013	-0.2035879	1.081637
12.34	-4.963177	-4.709013	-0.1487919	-7	0.4404338	0.9905453	-16.32396	-0.1883207	1.315889
12.36	-5.149136	-4.845592	-1.115124	-7	0.4520638	1.025597	-18.80586	-0.3104581	0.57023
12.38	-5.050508	-4.777303	-0.5816249	-7	0.393055	0.9697341	-15.59522	-0.127252	1.559484
12.4	-5.108806	-4.777303	-0.9149016	-7	0.4598389	1.031596	-18.26648	-1.012748	0.8769755
12.42	-5.120657	-4.845592	-0.9259796	-7	0.4040833	0.977092	-16.30553	-2.218855	1.261075
12.44	-5.117255	-4.777303	-0.9212317	-7	0.4672777	1.053085	-17.94417	-1.959313	1.161405
12.46	-5.026964	-4.777303	-0.4381384	-7	0.4002994	0.9440812	-16.05712	-2.493664	1.181935
12.48	-5.076421	-4.777303	-0.7293185	-7	0.4231142	0.9800974	-18.45082	-0.1577863	0.5933766
12.5	-5.055987	-4.777303	-0.6303902	-7	0.3761283	0.9581662	-17.65484	-0.127252	0.9164958
12.52	-5.081869	-4.777303	-0.7897426	-7	0.3724106	0.9620781	-18.37897	-1.379161	0.7390857
12.54	-5.06215	-4.777303	-0.6986511	-7	0.3328822	0.9174826	-17.44362	-1.440229	0.8710732
12.56	-5.006454	-4.709013	-0.4720311	-7	0.3337458	0.910598	-18.05484	-3.562366	0.6951613
12.58	-4.906394	-4.709013	-0.005496144	-7	0.2125917	0.7235289	-15.76022	-1.516565	0.4377379
12.6	-4.991167	-4.709013	-0.5552125	-7	0.2257481	0.7709771	-18.66304	-3.928779	-0.1775284
12.62	-5.056231	-4.777303	-0.9198428	-7	0.1676622	0.7588037	-17.27148	-1.27229	0.3945236
12.64	-5.039618	-4.777303	-0.8463673	-7	0.1199964	0.6621151	-14.76038	-4.753206	0.6390901
12.66	-5.05862	-4.777303	-0.9727145	-7	0.1424446	0.6516786	-14.8093	-1.302825	0.422451
12.68	-5.025604	-4.777303	-0.8096683	-7	0.128124	0.6084392	-13.66579	-0.127252	0.5016646
12.7	-5.01585	-4.777303	-0.77679	-7	0.1254867	0.5782261	-13.66924	-0.5394658	0.2546806
12.72	-5.045385	-4.777303	-0.9528217	-7	0.1539972	0.6320701	-14.90517	-0.2035879	0.1756105
12.74	-5.004044	-4.777303	-0.7369031	-7	0.1133229	0.5782642	-13.61708	0.05595376	0.3486567
12.76	-5.022657	-4.777303	-0.8550669	-7	0.1177963	0.5768672	-14.45661	-0.06618368	0.0428772
12.78	-5.023419	-4.777303	-0.8709983	-7	0.1061291	0.5802757	-14.45584	-0.2799238	0.1413398
12.8	-5.12451	-4.845592	-1.375142	-7	0.1207943	0.6232865	-15.22995	-0.4173284	0.1107626
12.82	-4.926368	-4.709013	-0.3635722	-7	0.07323326	0.5268134	-12.53164	-0.1119852	0.5933323
12.84	-4.948843	-4.709013	-0.5639256	-7	0.1003063	0.539474	-15.85034	-0.1730539	-0.5444212
12.86	-5.033035	-4.777303	-1.024089	-7	0.06795736	0.5843225	-16.51198	-0.2799238	-0.2877831
12.88	-5.022096	-4.777303	-0.9672692	-7	0.01144762	0.5225819	-14.54772	-0.3715273	0.1298318
12.9	-5.143348	-4.845592	-1.581221	-7	0.04228863	0.5606844	-15.38996	-1.531832	-0.04768944
12.92	-4.964829	-4.777303	-0.6217203	-7	-0.05127035	0.3783545	-10.54777	-1.608168	0.5469141
12.94	-4.958906	-4.709013	-0.6801425	-7	0.02564812	0.428409	-14.43088	-0.2341222	-0.6135454
12.96	-5.023148	-4.777303	-1.036652	-7	0.009842962	0.4874746	-15.5242	-0.1425196	-0.4670315
12.98	-5.082469	-4.845592	-1.309498	-7	-0.04565217	0.4405661	-13.92071	-1.898245	-0.1302581
13	-5.126999	-4.845592	-1.511949	-7	-0.01951373	0.4658392	-13.75	-2.218855	0.03496838
13.02	-4.89694	-4.709013	-0.3369719	-7	-0.07173668	0.325495	-10.92527	-2.936412	0.1939459
13.04	-4.969863	-4.709013	-0.8188646	-7	0.00688529	0.4324253	-16.42175	0.2238927	-1.108656
13.06	-5.024697	-4.777303	-1.114085	-7	-0.0486595	0.4675445	-16.10947	0.3154958	-0.4950924
13.08	-4.987572	-4.777303	-0.9197639	-7	-0.137232	0.3358737	-13.38997	-0.4936643	-0.2741127
13.1	-5.060511	-4.777303	-1.336177	-7	-0.0935522	0.3897025	-15.20458	-0.8753437	-0.6192865
13.12	-5.055195	-4.777303	-1.310023	-7	-0.0915398	0.4151708	-14.58443	-0.5394658	-0.1927042
13.14	-5.037018	-4.777303	-1.21522	-7	-0.09678078	0.3829829	-14.11181	-0.7837407	-0.2829447
13.16	-5.053071	-4.777303	-1.306862	-7	-0.07558894	0.4099979	-14.97961	-0.2035879	-0.435338
13.18	-5.036622	-4.777303	-1.217173	-7	-0.08936313	0.398071	-14.66428	-0.1883207	-0.3553219
13.2	-5.192905	-4.913882	-1.959778	-7	-0.09321469	0.4089284	-14.95669	-0.6005346	-0.4949303
13.22	-5.019457	-4.777303	-1.02773	-7	-0.1212054	0.3377876	-11.98443	-0.1577863	0.2122717
13.24	-5.004594	-4.777303	-0.9768511	-7	-0.1077874	0.2984895	-13.91149	-0.3104581	-0.8409805
13.26	-4.9305	-4.709013	-0.6527285	-7	-0.131251	0.3084862	-14.89058	-0.2493898	-0.868216
13.28	-5.03193	-4.777303	-1.223106	-7	-0.1498389	0.3453198	-16.92041	-0.4936643	-1.20948
13.3	-5.025359	-4.777303	-1.199377	-7	-0.2154295	0.3033006	-15.14962	-1.257023	-0.6378298
13.32	-5.043692	-4.777303	-1.32079	-7	-0.2262221	0.2728401	-14.9771	-0.7532063	-0.7816925
13.34	-5.040017	-4.777303	-1.320026	-7	-0.2377899	0.252376	-14.45484	-1.852443	-0.7207708
13.36	-5.081632	-4.845592	-1.512904	-7	-0.2767419	0.1823404	-13.18108	-0.2799238	-0.7881594
13.38	-5.055423	-4.777303	-1.397355	-7	-0.2351232	0.2279355	-13.74856	-0.2341222	-0.6901321
13.4	-5.022021	-4.777303	-1.235387	-7	-0.2416177	0.2075261	-13.71305	-0.1577863	-0.8220072
13.42	-5.035486	-4.777303	-1.327744	-7	-0.2337	0.2292906	-14.79955	-0.1119852	-1.02704
13.44	-5.018163	-4.777303	-1.248599	-7	-0.266406	0.2021232	-14.36396	-0.2188555	-0.9443102
13.46	-5.026873	-4.777303	-1.31555	-7	-0.2815412	0.1871792	-14.66224	-1.043283	-1.087807
13.48	-5.10114	-4.845592	-1.68294	-7	-0.3052472	0.1745226	-14.38828	-1.730306	-1.061006
13.5	-5.041227	-4.777303	-1.379158	-7	-0.3042046	0.1679874	-13.58956	-0.3104581	-0.7555656
13.52	-4.987367	-4.709013	-1.162506	-7	-0.2640763	0.2089881	-15.42291	-0.2188555	-1.125139
13.54	-4.981579	-4.709013	-1.191889	-7	-0.2690407	0.2405992	-16.91098	-0.09671804	-1.321643
13.56	-5.023965	-4.777303	-1.422668	-7	-0.3416844	0.1772619	-16.04701	-0.127252	-1.297225
13.58	-4.980351	-4.709013	-1.248908	-7	-0.3613821	0.1546433	-15.65098	-0.2035879	-1.163299
13.6	-4.996705	-4.709013	-1.396771	-7	-0.357399	0.168068	-16.67512	-0.2493898	-1.407062
13.62	-5.076439	-4.777303	-1.82202	-7	-0.3713912	0.1826796	-16.6602	-0.1577863	-1.283691
13.64	-5.120098	-4.777303	-2.044775	-7	-0.3371334	0.2441677	-16.69622	-1.837176	-0.9184189
13.66	-5.128638	-4.845592	-2.019773	-7	-0.3757584	0.1534791	-14.12805	-3.65397	-0.7345133
13.68	-5.059657	-4.777303	-1.646326	-7	-0.353437	0.122687	-13.73236	-0.7532063	-0.8835278
13.7	-5.037979	-4.777303	-1.532954	-7	-0.3472664	0.1105778	-14.57145	-0.6616033	-1.295364
13.72	-4.968684	-4.709013	-1.215121	-7	-0.350582	0.1241264	-15.626	-0.3409925	-1.417274
13.74	-5.016624	-4.777303	-1.47871	-7	-0.4075606	0.07947376	-16.05429	-0.1730539	-1.741392
13.76	-4.951541	-4.709013	-1.188898	-7	-0.4605173	0.03096067	-15.2485	-0.1577863	-1.526823
13.78	-4.997188	-4.709013	-1.502106	-7	-0.4503449	0.06906735	-17.23063	-0.9669468	-1.90295
13.8	-5.054451	-4.777303	-1.808805	-7	-0.5012897	0.04388066	-16.15861	-1.745573	-1.586297
13.82	-5.086085	-4.777303	-1.979382	-7	-0.496084	0.04762684	-15.60246	-2.035649	-1.380713
13.84	-4.994319	-4.777303	-1.484262	-7	-0.5780458	-0.1251162	-12.03396	-2.173054	-1.278078
13.86	-5.077555	-4.777303	-1.955651	-7	-0.5002	-0.03942892	-15.10784	0.08648812	-1.941019
13.88	-5.03079	-4.777303	-1.69963	-7	-0.5336383	-0.05975771	-13.51131	0.04068658	-1.409583
13.9	-5.039496	-4.777303	-1.75497	-7	-0.5262394	-0.07184354	-14.16316	-0.4173284	-1.761252
13.92	-5.061095	-4.777303	-1.874955	-7	-0.5087386	-0.0244768	-15.06646	-0.4020616	-1.727265
13.94	-5.091024	-4.777303	-2.031884	-7	-0.4769549	0.04777749	-16.18386	0.04068658	-1.618937
13.96	-5.040751	-4.777303	-1.749748	-7	-0.5211275	-0.01900239	-14.66765	-0.005114531	-1.462793
13.98	-5.064356	-4.777303	-1.881182	-7	-0.5099379	-0.01281844	-15.81619	-0.2493898	-1.836781
14	-5.078803	-4.777303	-1.9569	-7	-0.506007	0.02340395	-16.36065	-0.2799238	-1.709764
14.02	-5.055745	-4.777303	-1.829389	-7	-0.5375406	-0.01793574	-15.63585	-0.05091607	-1.658073
14.04	-5.04403	-4.777303	-1.773005	-7	-0.5673687	-0.06938989	-15.363	-0.005114531	-1.85415
14.06	-5.039514	-4.777303	-1.761784	-7	-0.596875	-0.1069226	-15.20136	-0.127252	-1.96747
14.08	-5.076264	-4.777303	-1.975491	-7	-0.5839744	-0.06647076	-16.30013	-0.3257257	-2.034776
14.1	-5.088761	-4.777303	-2.048464	-7	-0.579527	-0.03398371	-16.50789	-0.09671804	-1.832883
14.12	-5.048155	-4.709013	-1.881998	-7	-0.5407493	0.02904361	-17.74811	-0.1119852	-1.799206
14.14	-5.014956	-4.709013	-1.745759	-7	-0.5640612	0.00658362	-18.00785	-0.127252	-1.963983
14.16	-5.070611	-4.777303	-2.039326	-7	-0.6161516	-0.04643526	-17.71342	-0.2493898	-2.14251
14.18	-5.101665	-4.777303	-2.203467	-7	-0.6281905	-0.04461313	-17.32953	-0.1577863	-1.920371
14.2	-5.124389	-4.777303	-2.320842	-7	-0.6076946	-0.01630081	-17.49198	-0.1730539	-1.819863
14.22	-5.063714	-4.777303	-1.985598	-7	-0.655305	-0.1134451	-15.45056	-0.5547334	-1.738346
14.24	-5.122624	-4.777303	-2.310092	-7	-0.5992771	-0.04252403	-17.824	-2.111985	-2.183901
14.26	-5.161331	-4.845592	-2.456589	-7	-0.6306938	-0.05622061	-16.62493	-0.8600766	-1.818
14.28	-5.136816	-4.845592	-2.275032	-7	-0.6627036	-0.1357952	-14.88722	-1.806641	-1.751728
14.3	-4.977274	-4.709013	-1.486584	-7	-0.6664637	-0.1926771	-14.82568	-1.287558	-2.026699
14.32	-5.016694	-4.777303	-1.728751	-7	-0.7121038	-0.2457026	-16.33237	-0.9669468	-2.848457
14.34	-5.069516	-4.777303	-2.04017	-7	-0.731275	-0.1957311	-17.29122	-0.05091607	-2.618022
14.36	-5.007756	-4.709013	-1.778163	-7	-0.7538687	-0.2014064	-16.92766	-0.722672	-2.336788
14.38	-5.101469	-4.777303	-2.301992	-7	-0.7527951	-0.1794577	-18.22095	-2.279924	-2.665888
14.4	-5.138992	-4.777303	-2.506817	-7	-0.7365716	-0.1168593	-18.1382	-2.264657	-2.161197
14.42	-5.02225	-4.777303	-1.877467	-7	-0.843821	-0.3268448	-13.82249	-2.508932	-2.007054
14.44	-5.060528	-4.777303	-2.116869	-7	-0.824947	-0.3496452	-15.43166	-1.531832	-2.830925
14.46	-4.976387	-4.709013	-1.734885	-7	-0.8468682	-0.3587229	-15.07866	0.1322897	-2.590276
14.48	-4.930891	-4.709013	-1.566071	-7	-0.9131467	-0.4617412	-14.71721	-1.089084	-3.035832
14.5	-4.979339	-4.709013	-1.907447	-7	-0.9222783	-0.434142	-16.34023	-0.8906109	-3.285436
14.52	-5.000652	-4.709013	-2.084631	-7	-0.9421247	-0.4105075	-16.30506	-0.2951914	-2.962625
14.54	-5.108141	-4.777303	-2.664444	-7	-0.928921	-0.3674378	-16.66583	-1.073817	-2.854381
14.56	-5.107212	-4.777303	-2.644446	-7	-0.9227041	-0.3666293	-15.03109	-2.722672	-2.323108
14.58	-5.044393	-4.777303	-2.29508	-7	-0.9510149	-0.479427	-12.87055	-1.806641	-2.439303
14.6	-5.015444	-4.777303	-2.144388	-7	-0.9677284	-0.5562794	-12.50923	-0.9058781	-2.898782
14.62	-5.095472	-4.777303	-2.583254	-7	-0.8916279	-0.4178757	-15.62402	-0.2799238	-3.103468
14.64	-5.026241	-4.777303	-2.195129	-7	-0.9514921	-0.4818545	-13.37221	-0.2493898	-2.598407
14.66	-5.051306	-4.777303	-2.336515	-7	-0.9398487	-0.4865639	-14.61979	-0.1425196	-3.103003
14.68	-5.031599	-4.777303	-2.231203	-7	-0.9741898	-0.5151778	-14.00742	-0.1883207	-2.963238
14.7	-5.036266	-4.777303	-2.265988	-7	-0.9915113	-0.5387157	-14.20489	-0.127252	-3.135363
14.72	-5.058113	-4.777303	-2.393643	-7	-0.9894495	-0.515245	-14.84315	-0.1425196	-3.142319
14.74	-5.079407	-4.777303	-2.512728	-7	-0.9772224	-0.4751494	-15.43418	-0.2493898	-3.04051
14.76	-5.058748	-4.777303	-2.401011	-7	-0.9988725	-0.5045444	-14.73686	-0.1577863	-2.945517
14.78	-5.05345	-4.777303	-2.379096	-7	-1.012502	-0.5342354	-14.73199	-0.2035879	-3.124366
14.8	-5.05429	-4.777303	-2.392459	-7	-1.025334	-0.5459942	-14.85223	-0.2188555	-3.19189
14.82	-5.098355	-4.777303	-2.637756	-7	-0.9933797	-0.4752977	-16.33962	-0.1425196	-3.2213
14.84	-5.086537	-4.777303	-2.56962	-7	-1.003537	-0.4705012	-15.89468	-0.09671804	-2.969593
14.86	-5.175754	-4.845592	-2.997879	-7	-0.9910393	-0.4467411	-16.47803	-1.959313	-3.092994
14.88	-4.991399	-4.709013	-2.051862	-7	-1.022011	-0.5174904	-14.43879	-1.730306	-2.687871
14.9	-5.028724	-4.777303	-2.271155	-7	-1.057335	-0.5983617	-15.7277	-3.65397	-3.732178
14.92	-5.092304	-4.777303	-2.628575	-7	-1.050043	-0.5169314	-17.18475	0.4376337	-3.527032
14.94	-4.93862	-4.709013	-1.858825	-7	-1.154581	-0.6718756	-13.94398	-0.4631299	-3.175807
14.96	-5.038997	-4.709013	-2.483173	-7	-1.089422	-0.5722508	-18.37347	-2.661603	-4.111005
14.98	-5.086187	-4.845592	-2.684111	-7	-1.226988	-0.7050397	-14.3572	-1.486031	-3.398828
15	-5.051824	-4.709013	-2.573381	-7	-1.155248	-0.6359227	-15.67096	-2.692137	-3.405965
15.02	-5.039937	-4.777303	-2.514174	-7	-1.206674	-0.72366	-14.19954	-1.791374	-3.512789
15.04	-5.047822	-4.777303	-2.571884	-7	-1.220437	-0.7590772	-14.00027	-0.2951914	-3.675754
15.06	-5.057542	-4.777303	-2.638333	-7	-1.220001	-0.7556803	-14.10833	-0.03564932	-3.675831
15.08	-5.025823	-4.777303	-2.479371	-7	-1.256017	-0.8171687	-13.00028	0.04068658	-3.653546
15.1	-4.900862	-4.640723	-1.928863	-7	-1.240605	-0.8138067	-14.12211	-0.2188555	-3.90098
15.12	-3.536024	-3.34322	4.334196	-7	-1.158795	-0.7806032	-20.23661	-0.3409925	-4.487207
15.14	-3.523224	-3.411509	3.387316	-7	-1.334372	-0.7675356	-40.86148	-0.06618368	-10.61723
15.16	-3.625926	-3.411509	1.950819	-7	-1.834025	-0.7848966	-43.87227	-0.3104581	-9.304227
15.18	-4.090516	-3.479798	-1.309668	-7	-1.99435	-0.5806116	-47.88338	-3.65397	-8.183483
15.2	-5.385363	-4.777303	-7.923898	-7	-2.413974	-0.9590926	-30.28313	-20.49366	-5.155259
15.22	-5.312458	-4.709013	-7.204307	-7	-2.4551	-1.494098	-0.2819262	-14.31046	0.5446692
15.24	-5.230451	-4.777303	-6.460788	-7	-2.060297	-1.809203	9.062447	-18.02038	-1.20881
15.26	-3.004327	-3.070061	4.551214	-7	-1.813389	-2.201213	13.93656	2.422366	-2.196018
15.28	-4.232483	-4.435854	-2.092708	-7	-1.837819	-2.180148	-14.38152	13.81168	-13.22307
15.3	-4.193103	-4.094406	-2.001759	-7	-2.046748	-1.714796	-9.292435	14.86511	-5.861987
15.32	-4.521124	-4.026116	-3.950202	-7	-1.722199	-1.162153	-20.29308	6.147557	-6.257649
15.34	-5.350182	-5.118752	-7.658226	-7	-2.040332	-1.495566	-5.570084	-15.45549	-4.005034
15.36	-5.500458	-5.050462	-7.83525	-7	-1.794436	-1.442855	5.505863	-3.65397	-0.8764839
15.38	-4.918436	-4.777303	-4.320918	-7	-1.608927	-1.746951	14.92416	-7.699771	-0.952467
15.4	-4.814628	-4.777303	-3.482945	-7	-1.34524	-1.687397	6.412805	4.483435	-4.595276
15.42	-4.379447	-4.435854	-1.125532	-7	-1.304255	-1.545001	0.6083236	13.64374	-5.026276
15.44	-4.086225	-3.957827	0.07017463	-7	-1.124537	-1.057545	-17.57601	8.94145	-7.132217
15.46	-5.210594	-5.118752	-5.441579	-7	-1.507361	-1.057051	-20.86259	3.185725	-7.720655
15.48	-5.224548	-4.709013	-5.286239	-7	-1.423477	-0.6790265	-15.17584	-3.394428	-2.270312
15.5	-4.416662	-4.094406	-1.19121	-7	-1.350226	-0.8903876	-11.85309	-8.066183	-2.610556
15.52	-5.005174	-5.050462	-3.961149	-7	-1.742336	-1.549512	-9.290581	-3.012748	-6.761835
15.54	-6.571285	-6.143096	-11.22888	-7	-1.697963	-1.198914	-6.413826	4.498701	-4.174294
15.56	-6.299743	-5.801648	-8.839259	-7	-1.434137	-1.094768	14.49192	1.017786	2.991595
15.58	-5.711093	-5.460199	-5.13878	-7	-0.9576666	-1.203382	14.72138	-0.1883207	0.1753244
15.6	-6.402594	-6.484545	-7.64577	-7	-0.9603715	-1.39211	13.20853	7.903282	-3.191938
15.62	-5.918283	-5.869938	-4.386327	-7	-0.7407582	-1.102763	14.28547	20.22389	-0.4448433
15.64	-5.552069	-5.460199	-2.188975	-7	-0.3922328	-0.6839928	-2.148878	5.628473	-3.452847
15.66	-6.683879	-6.484545	-7.302523	-7	-0.3867798	-0.1953643	-15.5017	4.971984	-4.86396
15.68	-5.871494	-5.801648	-2.479566	-7	-0.6663394	-0.4378367	0.3147527	-1.134886	0.7659569
15.7	-6.846855	-6.757704	-6.796482	-7	-0.730422	-0.6855213	-6.297538	-2.005115	-4.396659
15.72	-6.339071	-6.484545	-3.383576	-7	-1.112739	-1.227876	14.32864	2.025419	0.2103939
15.74	-6.212909	-5.801648	-2.759938	-7	-0.3883164	-0.4008219	-10.99244	-3.257023	-3.748868
15.76	-6.68066	-6.825994	-4.457155	-7	-0.901859	-0.8357638	-2.303146	3.353664	-3.31832
15.78	-6.949443	-6.552835	-5.44027	-7	-0.6010926	-0.3024623	-8.992092	-4.218855	-1.895976
15.8	-5.911415	-5.869938	0.106406	-7	-0.7157836	-0.6141918	-1.261052	-1.27229	-0.5603313
15.82	-7.023374	-6.894283	-5.299805	-7	-0.7251572	-0.5706547	-15.66619	0.3918317	-6.215314
15.84	-8.104492	-7.850338	-9.779517	-7	-0.9845605	-0.5311247	0.03658366	2.544503	-0.3274679
15.86	-8.010443	-7.50889	-8.309969	-7	-0.5790188	-0.3381214	11.34933	-7.37916	3.709861
15.88	-8.10768	-8.191787	-7.472432	-7	-0.6442307	-1.07523	27.49979	1.277328	2.214119
15.9	-8.043713	-7.782049	-6.279231	-7	0.06788975	-0.3957066	15.30465	12.01015	1.158953
15.92	-8.610522	-8.396656	-8.031288	-7	0.4239248	0.1984227	6.095398	13.44526	0.8140802
15.94	-8.217089	-8.055207	-4.939857	-7	0.6179318	0.485562	6.925671	11.26206	3.239139
15.96	-7.693953	-7.850338	-1.483752	-7	0.528833	0.1709039	4.548031	9.002519	0.5220547
15.98	-8.362465	-8.396656	-4.217031	-7	0.4616076	0.3321922	-8.258659	8.66664	-2.550837
16	-8.183934	-8.055207	-2.707911	-7	0.3832976	0.5789486	-7.807975	0.2849615	0.7690792
16.02	-9.330532	-9.079553	-7.690636	-7	0.3246284	0.6627161	-11.34145	-4.203588	-0.5396109
16.04	-8.987029	-8.806395	-4.918536	-7	0.193412	0.431647	6.77843	-2.340992	4.704766
16.06	-8.659059	-8.464945	-2.701616	-7	0.4984255	0.4315137	0.5855651	-2.08145	1.608368
16.08	-9.390496	-9.421001	-5.538544	-7	0.3221803	0.256083	0.7804132	10.30023	-0.09050179
16.1	-9.325742	-9.079553	-4.453833	-7	0.5229869	0.6133426	1.611787	1.292595	2.91447
16.12	-10.20865	-10.1039	-7.800802	-7	0.4729299	0.4698226	5.721317	0.2849615	2.115272
16.14	-9.976273	-9.830739	-5.472524	-7	0.6242333	0.4932768	16.12088	1.903282	5.580587
16.16	-9.443577	-9.421001	-2.011043	-7	0.923999	0.5179669	11.35072	2.407099	3.298176
16.18	-10.35615	-10.30877	-5.771237	-7	1.04848	0.8453313	-0.9525772	11.55214	0.4001169
16.2	-10.53849	-10.30877	-5.641085	-7	1.158344	1.271289	2.213001	2.971984	4.837716
16.22	-9.953483	-10.03561	-1.731161	-7	1.057092	0.8405949	10.85108	0.1322897	4.948247
16.24	-9.931344	-10.03561	-1.068008	-7	1.114338	0.7837325	1.39137	5.445266	1.096251
16.26	-10.15597	-10.1039	-1.755669	-7	1.1532	1.154441	-8.06369	5.155191	1.005026
16.28	-10.06748	-9.830739	-1.002535	-7	1.250123	1.572022	-15.26378	3.063587	2.200523
16.3	-9.79284	-9.762449	0.6569074	-7	0.9948251	1.302364	-13.43137	-3.394428	1.874968
16.32	-9.928962	-9.762449	-0.003109753	-7	0.9232056	1.340325	-20.47136	-3.028015	0.2627459
16.34	-8.902081	-8.806395	4.873854	-7	0.7595999	1.225146	-20.75256	-0.5394658	1.194274
16.36	-10.25426	-10.1039	-2.1427	-7	0.4578708	1.103538	-31.50874	-1.852443	-3.622143
16.38	-10.51641	-10.1039	-3.21372	-7	0.2442522	1.178148	-15.42715	-6.173053	3.597139
16.4	-10.66943	-10.1039	-3.755332	-7	0.5271416	1.24321	-11.24093	-4.707405	4.148825
16.42	-10.20896	-10.17219	-0.9353975	-7	0.3244633	0.507163	6.916549	-15.79137	4.697359
16.44	-10.50332	-10.1039	-2.367805	-7	0.8854721	1.060982	-9.138931	9.445267	1.428691
16.46	-9.993401	-10.1039	0.6314795	-7	0.5838791	0.6273546	4.127137	2.971984	3.586951
16.48	-10.52991	-10.1039	-2.14521	-7	1.123914	1.407763	-18.07955	10.71244	0.284852
16.5	-9.982769	-10.1039	1.044994	-7	0.6402538	0.8568617	-0.05131006	-0.4020616	3.947783
16.52	-9.154997	-8.738104	4.546995	-7	1.268457	1.607094	-26.40307	1.445267	0.2284184
16.54	-9.498776	-9.762449	2.652386	-7	0.4773046	0.8745706	-22.40822	-3.37916	-2.258002
16.56	-10.11041	-9.69416	-0.813298	-7	0.5087765	1.350539	-30.13465	-0.2799238	-0.6768494
16.58	-10.03537	-9.762449	-0.4266422	-7	0.2263358	1.03486	-14.96872	-5.898244	2.957049
16.6	-10.38408	-10.1039	-2.128485	-7	0.2102754	0.7365594	-8.80352	-15.11962	2.038123
16.62	-10.16228	-10.03561	-0.8039451	-7	0.169022	0.407687	3.472733	0.5139696	3.550745
16.64	-10.25433	-10.03561	-1.222177	-7	0.4724707	0.5685991	-0.9621515	-0.6310693	1.911136
16.66	-9.786036	-9.69416	1.1752	-7	0.5970888	0.6606997	-0.6048725	3.04832	2.598577
16.68	-9.843033	-9.830739	0.8292981	-7	0.6177815	0.6605198	-6.444771	1.704809	0.3220167
16.7	-9.791091	-9.762449	1.037102	-7	0.5477756	0.7125437	-7.342808	-0.3104581	0.9141045
16.72	-9.887288	-9.762449	0.4426182	-7	0.5610774	0.8281819	-10.56813	-0.9211453	0.7692099
16.74	-8.739367	-8.738104	5.804632	-7	0.5069996	0.7029518	-9.70101	0.3460302	1.475516
16.76	-10.16677	-10.1039	-1.699059	-7	0.3315364	0.7023805	-22.91328	-0.7379391	-3.871713
16.78	-10.31144	-10.03561	-2.225159	-7	0.1499851	0.8062838	-5.624948	-0.2035879	3.906577
16.8	-10.49184	-10.03561	-2.994864	-7	0.5152602	0.9638043	-4.296526	-8.173054	3.872316
16.82	-9.719586	-10.03561	1.394965	-7	0.08331823	-0.1522396	21.07761	-0.4631299	4.736403
16.84	-10.10809	-9.830739	-0.8117793	-7	0.8188695	0.6529949	-4.906324	7.628472	-0.3787193
16.86	-9.706743	-9.830739	1.428939	-7	0.605321	0.5813011	3.499684	9.613205	2.845866
16.88	-10.10224	-9.762449	-0.7574729	-7	1.064235	1.301163	-15.91944	-0.6310693	0.4171
16.9	-9.608686	-9.762449	1.971252	-7	0.6075453	0.778687	-0.3400817	3.139923	3.347845
16.92	-9.9297	-9.69416	0.1166699	-7	0.8854578	1.122268	-14.98761	-4.585267	0.1422186
16.94	-10.18888	-10.17219	-0.9425852	-7	0.5752675	0.8958374	-4.777637	5.674275	2.538866
16.96	-10.26694	-10.1039	-1.154652	-7	0.6455611	0.8590447	-0.9405313	-5.944046	3.274975
16.98	-10.16561	-10.1039	-0.4150821	-7	0.6890433	0.7365342	3.492484	4.284961	3.462157
17	-10.1116	-10.1039	0.03212493	-7	0.7661122	0.6944873	3.498416	-0.1730539	2.703074
17.02	-10.09007	-10.03561	0.2385605	-7	0.9049976	0.879191	-0.4530038	1.674274	2.381936
17.04	-10.06313	-10.1039	0.5310936	-7	0.8554758	0.8349425	0.3662221	1.53687	2.43251
17.06	-9.737959	-9.69416	2.090303	-7	0.9683139	0.9985183	-4.450446	-0.9516796	2.199907
17.08	-9.704463	-9.69416	2.090442	-7	0.9409052	1.07226	-10.56698	0.3154958	0.8974323
17.1	-9.639225	-9.69416	2.278445	-7	0.7167666	0.9169971	-9.173036	-0.3257257	1.121846
17.12	-9.827308	-9.762449	1.132637	-7	0.6363223	0.9139971	-10.79369	-1.211222	0.8631296
17.14	-10.21329	-10.03561	-0.8413502	-7	0.6092861	0.9957682	-8.779736	0.1475568	2.036246
17.16	-10.29553	-10.1039	-1.102637	-7	0.6355557	0.953984	-1.331689	0.1780916	3.943752
17.18	-10.22941	-10.1039	-0.5817853	-7	0.7445646	0.8531084	3.267278	-0.2035879	4.032635
17.2	-8.797849	-8.738104	6.256082	-7	1.051629	0.9953221	-2.483979	2.544503	3.456452
17.22	-9.656841	-9.762449	1.541566	-7	0.900034	0.9858942	-19.65282	6.025419	-3.027105
17.24	-10.01566	-9.830739	-0.3259059	-7	0.7167703	1.292518	-14.90386	-1.134886	2.142724
17.26	-8.90332	-8.738104	4.910095	-7	0.7520674	1.155407	-9.886072	-11.24175	3.785069
17.28	-10.20454	-10.1039	-1.842361	-7	0.6151558	1.0028	-18.47901	0.6971753	-1.560074
17.3	-10.37324	-10.1039	-2.396657	-7	0.5083486	1.068833	-1.378159	-1.226489	5.352457
17.32	-10.50441	-10.1039	-2.800725	-7	0.894142	1.208786	0.918416	-10.79901	5.3915
17.34	-9.841644	-10.03561	1.038029	-7	0.7034956	0.4679183	18.76538	-3.97458	5.896645
17.36	-9.636911	-9.69416	1.998205	-7	1.058366	0.6497148	5.395565	7.552136	1.635166
17.38	-9.556995	-9.69416	2.350238	-7	1.054485	0.8670759	-1.324737	14.25443	1.275287
17.4	-10.99079	-10.78679	-4.617185	-7	1.14115	1.401468	-10.12961	9.414732	1.232832
17.42	-10.91354	-10.7185	-3.426764	-7	1.083644	1.365833	11.13809	-0.9516796	8.533846
17.44	-9.815266	-9.69416	2.34803	-7	1.518275	1.313888	10.13985	-1.669237	6.845682
17.46	-9.400617	-9.830739	4.49297	-7	1.307178	0.7866535	5.280159	-0.2646566	1.416799
17.48	-9.438253	-9.69416	4.029197	-7	1.19687	0.9595178	-7.145647	15.23153	-0.4791365
17.5	-9.963296	-9.762449	1.035729	-7	1.315208	1.698442	-21.87001	2.773511	0.3884554
17.52	-10.10391	-10.03561	0.4257377	-7	0.9642962	1.477086	-10.03577	-5.424962	3.844143
17.54	-10.34741	-10.1039	-0.7552852	-7	1.034528	1.444442	-7.345282	-14.96694	4.034773
17.56	-8.882706	-9.079553	6.502204	-7	0.8212901	0.7659968	6.834391	-4.218855	5.157978
17.58	-10.2795	-10.37706	-0.7974095	-7	0.802518	0.723754	-10.01479	-0.3409925	-2.474776
17.6	-10.51994	-10.44535	-1.679145	-7	0.6441391	0.8965492	6.271038	3.399465	5.284204
17.62	-10.89279	-10.44535	-3.326677	-7	1.22399	1.440555	1.937367	-1.394428	5.680183
17.64	-10.17304	-10.44535	0.9813288	-7	0.9554655	0.6261874	25.23473	-7.669237	7.67997
17.66	-10.51152	-10.44535	-0.6066538	-7	1.517708	1.089874	7.000508	9.811678	2.808985
17.68	-9.958592	-10.37706	2.648743	-7	1.211932	0.7117141	19.20277	9.765877	5.221965
17.7	-10.82973	-10.37706	-1.901714	-7	2.086278	2.130614	-15.27584	10.98725	1.72247
17.72	-8.922239	-9.421001	8.013968	-7	1.383149	1.213906	12.10246	-0.03564932	7.592391
17.74	-9.651376	-9.421001	3.445664	-7	1.981631	2.074182	-33.18451	-0.6158017	-3.116584
17.76	-8.83123	-9.421001	7.497537	-7	0.7873378	1.013911	-5.319609	3.43	2.922696
17.78	-10.21583	-9.421001	-0.5426145	-7	1.621505	2.524343	-47.67668	-3.470763	-2.245612
17.8	-9.634815	-9.762449	2.647871	-7	0.5768531	1.406042	-4.808769	-16.35626	7.092074
17.82	-10.59705	-9.762449	-2.718899	-7	1.418593	2.254139	-28.4336	-6.99748	2.344989
17.84	-8.058016	-8.738104	10.25517	-7	0.2971622	0.2176715	22.81964	-3.27229	8.506973
17.86	-11.9499	-10.1039	-10.69788	-7	2.697964	3.986498	-77.93777	7.521603	-6.160375
17.88	-9.602303	-10.1039	2.802293	-7	0.6051314	1.531691	27.36208	4.178092	18.16207
17.9	-11.16614	-10.1039	-5.534942	-7	2.290695	2.682093	-27.99435	2.468167	1.23536
17.92	-9.062936	-9.079553	5.575459	-7	1.859775	2.270756	3.694998	-15.27229	11.63276
17.94	-10.93001	-9.079553	-4.92658	-7	4.040793	5.595793	-85.78339	10.04069	-0.3076963
17.96	-8.442875	-9.147842	8.695002	-7	1.688369	2.700161	-4.212877	3.872748	13.37273
17.98	-10.28651	-9.079553	-1.781944	-7	3.007502	4.251146	-74.3387	9.552136	-3.027522
18	-9.841158	-10.37706	1.539233	-7	0.8947534	1.908991	-1.85499	-5.760839	9.772227
18.02	-12.156	-10.37706	-10.52622	-7	2.734945	4.285333	-54.41457	8.773511	3.85883
18.04	-9.513356	-9.421001	3.90295	-7	1.868061	2.801603	9.715498	-13.18069	17.85579
18.06	-12.02059	-9.48929	-9.776861	-7	4.870659	6.841782	-98.82643	12.16282	1.572726
18.08	-8.671576	-9.421001	8.820137	-7	2.209432	3.347726	5.112049	-0.3104581	19.22207
18.1	-10.61597	-9.352711	-2.082012	-7	3.772624	4.879507	-77.53393	5.094121	-2.749462
18.12	-8.301151	-9.48929	10.56904	-7	1.043399	1.549942	9.88175	6.742976	10.97009
18.14	-10.89643	-9.48929	-3.964733	-7	2.829669	4.000119	-74.57887	-4.249389	-4.776941
18.16	-7.375207	-8.396656	14.28378	-7	0.473204	0.9993091	16.12527	2.651373	12.49259
18.18	-9.97669	-8.396656	-1.112743	-7	2.671327	3.918638	-90.77555	-7.104351	-8.941192
18.2	-8.226044	-9.69416	8.746535	-7	-0.7104312	-0.1378756	25.74481	-0.2493898	9.867907
18.22	-11.82054	-9.830739	-10.88235	-7	1.927246	3.24246	-65.02247	-6.692137	-4.296902
18.24	-7.92357	-8.806395	9.952102	-7	-0.1722657	0.1522801	48.34527	1.124656	18.33535
18.26	-10.41044	-8.806395	-4.356384	-7	2.6206	3.168663	-61.36768	-2.737939	-6.221831
18.28	-7.773153	-8.874683	9.870974	-7	0.3110267	0.5199037	27.77739	-5.608168	11.84641
18.3	-9.890643	-8.806395	-2.249609	-7	2.112808	2.64253	-52.52646	-9.165421	-5.460493
18.32	-8.888995	-10.17219	4.079308	-7	-0.4014716	-0.4475868	39.84324	2.575037	9.33116
18.34	-11.15865	-10.17219	-7.881941	-7	1.380131	1.4964	-13.28129	-13.7303	-0.2732043
18.36	-8.848847	-10.1039	5.261259	-7	-0.2698433	-1.198689	73.67324	5.094121	13.61242
18.38	-11.09744	-9.967319	-6.868807	-7	2.389197	1.964318	-16.95596	-0.6005346	-2.265963
18.4	-9.494687	-10.1039	2.573249	-7	1.374032	1.072854	38.03809	19.84221	13.23086
18.42	-9.713207	-8.806395	0.7734203	-7	3.252693	3.273103	-29.10009	19.6132	2.194561
18.44	-9.852584	-10.1039	0.8168105	-7	2.367368	2.761697	-10.78625	-8.875343	6.60465
18.46	-9.214057	-8.806395	3.822926	-7	2.740755	3.286752	-26.05138	21.53687	5.971693
18.48	-10.25248	-10.1039	-1.178996	-7	2.348295	3.074558	-28.39911	-12.79901	3.650243
18.5	-10.43023	-10.03561	-1.631103	-7	2.206837	3.078315	-16.26104	9.323129	8.686611
18.52	-9.190844	-9.147842	4.783349	-7	2.056155	2.363425	-2.81235	-6.661602	8.820831
18.54	-9.209066	-9.147842	4.285755	-7	2.174054	2.35964	-20.77735	3.04832	2.105326
18.56	-8.79076	-9.011263	6.11521	-7	1.638803	1.938369	-14.99388	9.002519	3.198568
18.58	-9.737045	-9.147842	0.6434379	-7	2.058346	2.956216	-41.08184	5.414732	1.069417
18.6	-9.09214	-9.079553	3.925317	-7	1.347843	2.17699	-12.91028	-11.34863	7.307766
18.62	-9.50936	-9.147842	1.364979	-7	1.555594	2.180202	-22.37188	-6.417328	2.99194
18.64	-7.823669	-8.123497	9.479679	-7	0.9917354	1.184247	-0.06266022	-7.257023	5.781985
18.66	-9.589511	-9.079553	-0.4080179	-7	1.58254	2.190483	-40.14848	6.132288	-3.140026
18.68	-8.984624	-9.147842	2.888916	-7	0.6515976	1.303162	2.273716	-5.27229	7.890455
18.7	-9.998386	-9.147842	-2.752421	-7	1.65278	2.364652	-24.73124	-4.707405	3.059842
18.72	-8.842275	-9.079553	3.546103	-7	0.9609492	1.19389	15.14027	-14.03565	9.6443
18.74	-10.26382	-9.147842	-4.219491	-7	2.500814	3.18954	-36.09138	11.76588	2.066243
18.76	-8.735762	-9.147842	4.330832	-7	1.38743	1.674038	15.6935	-3.134886	11.69094
18.78	-10.26833	-9.079553	-4.044292	-7	3.028627	3.780536	-45.39976	13.87275	1.497423
18.8	-8.682039	-9.147842	4.889183	-7	1.675661	2.106658	9.9696	-2.860076	12.08276
18.82	-11.55628	-10.1039	-9.928789	-7	3.360428	4.477227	-55.22995	15.36893	1.384584
18.84	-9.594909	-9.079553	1.068038	-7	2.911931	4.228168	-8.28616	-15.97458	18.52237
18.86	-11.30097	-9.147842	-7.966189	-7	5.140875	7.102298	-86.01031	19.93381	6.294679
18.88	-9.497072	-9.147842	2.449285	-7	3.899145	5.73238	-33.02608	-15.04328	18.29048
18.9	-10.06317	-9.147842	-0.4537907	-7	4.319815	5.773544	-63.77837	20.4071	6.329823
18.92	-8.782295	-9.147842	6.665265	-7	2.758121	3.703765	-21.26273	2.315496	10.39452
18.94	-10.03438	-9.079553	-0.3523874	-7	3.46481	4.799445	-65.43966	18.55977	1.813429
18.96	-7.988847	-8.123497	9.966557	-7	2.247137	3.398726	-25.46046	-2.279924	10.2555
18.98	-9.03852	-8.123497	3.282302	-7	2.918773	4.355756	-75.21983	-1.363893	-1.498797
19	-7.395865	-8.123497	11.4566	-7	0.8192778	1.755228	-14.30244	-5.745572	6.63273
19.02	-10.51066	-9.557581	-5.353886	-7	1.528773	2.840918	-58.21027	-3.882977	-3.939211
19.04	-8.162286	-8.464945	6.916942	-7	0.1847071	0.9664251	20.03301	-17.82191	13.98832
19.06	-9.728333	-8.874683	-2.030624	-7	1.561055	1.998567	-28.89513	-9.684504	-0.9666033
19.08	-7.436747	-7.782049	9.476233	-7	0.8162345	1.033484	12.90404	-16.23412	9.558308
19.1	-10.09343	-9.147842	-4.884699	-7	2.076635	2.796219	-47.17757	0.7887784	-3.337741
19.12	-8.541203	-9.147842	3.939361	-7	0.4963529	0.8356739	28.81643	-4.264657	12.92467
19.14	-9.637785	-8.123497	-2.754561	-7	2.838552	3.575922	-45.38118	-1.409695	1.522175
19.16	-7.645047	-8.464945	8.068336	-7	1.139686	1.296716	18.49012	-4.722672	10.91078
19.18	-9.45227	-8.533236	-2.042873	-7	2.557827	3.103226	-45.99395	7.903282	-2.080237
19.2	-7.758173	-8.738104	7.337715	-7	0.6315255	0.6892914	25.61292	9.353663	10.19003
19.22	-9.461945	-7.850338	-2.763831	-7	3.022388	3.971588	-63.10641	0.5292363	-1.705517
19.24	-7.15675	-7.713759	9.360401	-7	1.324739	2.042416	1.073799	-8.600534	11.45302
19.26	-9.389253	-8.123497	-3.140526	-7	2.785075	3.989678	-69.10712	-0.2951914	-2.903871
19.28	-6.032722	-7.167441	14.28211	-7	0.398579	0.7406672	20.51292	0.2238927	11.82778
19.3	-8.679127	-7.235731	-1.240727	-7	2.514392	3.564265	-82.48721	-4.447863	-8.78359
19.32	-6.239288	-7.50889	11.66512	-7	-0.3778377	0.1732167	20.05625	0.4529004	9.977777
19.34	-7.584518	-6.143096	2.449634	-7	1.835975	2.822984	-70.84616	-4.982214	-6.760339
19.36	-6.524504	-7.782049	8.217628	-7	-0.9053829	-0.4875422	17.44716	-1.348626	5.337231
19.38	-8.936757	-7.850338	-5.242972	-7	0.6193007	1.336043	-34.72686	-7.699771	-3.878264
19.4	-6.013128	-6.825994	9.859855	-7	-0.792929	-0.9038888	44.00433	-13.05855	11.12898
19.42	-7.735829	-6.825994	-0.5210891	-7	1.173725	1.229385	-34.79502	-7.944046	-6.687016
19.44	-7.233344	-7.167441	2.077358	-7	0.6098845	1.340063	-5.76572	7.292595	6.251266
19.46	-8.079796	-7.099152	-2.756773	-7	1.610587	2.571605	-33.99177	-15.18069	2.569611
19.48	-7.019805	-7.4406	3.217825	-7	0.5005308	0.7720713	15.16676	-29.48603	8.366898
19.5	-8.790289	-7.4406	-6.36836	-7	2.270441	3.14957	-43.27201	14.65137	0.704987
19.52	-7.203732	-7.4406	2.631747	-7	1.18538	1.72052	12.73713	3.506335	12.36722
19.54	-6.664533	-5.869938	4.379229	-7	2.520876	2.941756	-37.16332	20.43763	1.564065
19.56	-5.304863	-5.801648	10.82284	-7	1.447629	1.833358	-23.88794	1.017786	1.623002
19.58	-6.220827	-5.801648	4.813556	-7	1.589925	2.605593	-63.10892	26.74298	-5.491642
19.6	-5.971889	-5.869938	5.430144	-7	0.5855533	2.005	-41.37537	-7.577633	1.459983
19.62	-8.634673	-7.50889	-8.477655	-7	0.8892679	2.773234	-55.88686	1.216259	-0.269042
19.64	-8.084565	-7.50889	-4.788128	-7	0.3515655	1.783087	3.813002	-25.48603	13.82012
19.66	-6.713208	-6.074806	1.964846	-7	1.267246	1.599776	0.3611755	0.2849615	8.162594
19.68	-5.978494	-6.416255	5.612459	-7	0.8839293	0.5398039	5.107845	-11.92878	1.778926
19.7	-6.345143	-6.416255	3.22839	-7	0.9745392	0.9155978	-14.80507	16.17809	-2.060379
19.72	-7.664922	-7.782049	-3.141184	-7	0.4388664	0.721108	-3.970497	10.52924	0.8896213
19.74	-8.203949	-7.782049	-5.345481	-7	0.7305642	1.110457	7.267095	-4.707405	6.731692
19.76	-6.313994	-6.484545	4.548009	-7	0.7966769	0.3854054	28.16503	-10.64633	8.658664
19.78	-6.49174	-6.825994	3.380682	-7	1.033191	0.2785486	5.220199	-0.09671804	-1.69013
19.8	-6.485152	-6.825994	3.307974	-7	0.8012736	0.4769982	2.284242	14.86511	0.255115
19.82	-7.379163	-6.894283	-1.558297	-7	1.387235	1.807423	-23.18692	6.086488	0.3627434
19.84	-6.762403	-6.825994	1.871001	-7	0.8921025	1.265727	0.2917153	-12.24939	6.061759
19.86	-7.082229	-6.825994	0.07929361	-7	1.205533	1.444769	-12.28155	-8.203588	1.84201
19.88	-6.13264	-6.825994	5.196467	-7	0.2488548	-0.08503288	19.95504	2.315496	4.059188
19.9	-7.239716	-6.825994	-1.021278	-7	1.116127	1.161074	-18.35234	3.033053	-2.210976
19.92	-6.645451	-6.825994	2.246284	-7	0.5857362	0.7773954	6.069947	2.758244	5.255367
19.94	-7.231171	-6.825994	-1.004501	-7	1.168022	1.423978	-14.34569	-7.37916	1.140842
19.96	-4.795143	-5.460199	11.15509	-7	0.3701614	0.05167216	16.3053	0.01015222	5.062708
19.98	-7.444644	-7.167441	-3.059644	-7	0.9318869	1.070211	-34.623	-1.119619	-8.13391
20	-7.122198	-7.235731	-0.8069056	-7	0.07820189	0.6213003	10.95703	4.391832	7.522654
20.02	-7.814085	-7.167441	-4.326635	-7	0.9694104	1.274566	-4.529131	-11.51656	3.676007
20.04	-4.673624	-5.801648	11.92485	-7	-0.1705043	-1.129771	48.64286	0.8345799	7.812592
20.06	-7.621487	-7.235731	-3.98072	-7	1.147041	0.7454308	-28.51518	8.422366	-10.12862
20.08	-5.503684	-5.869938	6.968795	-7	0.3205549	0.4844737	15.34993	15.3842	8.19603
20.1	-6.702633	-5.869938	-0.2430038	-7	1.625927	2.133396	-44.87073	-2.005115	-4.221776
20.12	-5.062215	-6.143096	8.486361	-7	-0.3674391	-0.3828498	19.50324	1.567404	4.939712
20.14	-7.097069	-6.074806	-3.116453	-7	1.175081	1.79542	-47.8417	-3.226489	-6.200298
20.16	-7.591803	-7.50889	-4.735832	-7	0.1879084	1.17036	0.1685729	-17.25702	7.543215
20.18	-8.958984	-7.50889	-11.29834	-7	1.658958	2.778918	-20.36633	1.216259	7.450058
20.2	-6.116785	-6.143096	4.054026	-7	1.339172	1.478758	26.26839	-15.07382	14.95453
20.22	-10.17463	-7.4406	-17.08917	-7	4.722302	6.56108	-99.93163	29.68954	-1.561442
20.24	-7.74622	-7.50889	-2.306007	-7	2.951001	4.807705	-3.946129	18.60557	24.16587
20.26	-10.04528	-7.50889	-13.80834	-7	5.579509	7.720594	-93.65126	7.781144	6.55863
20.28	-6.387895	-7.4406	7.223279	-7	2.609709	3.325727	20.84493	0.4376337	21.5832
20.3	-8.508717	-7.50889	-3.974844	-7	4.113974	4.670133	-65.57285	13.91855	-3.015007
20.32	-6.841709	-7.50889	5.676613	-7	2.127172	2.798126	-4.404764	16.5903	11.24012
20.34	-8.395982	-7.50889	-2.658793	-7	3.029808	3.962305	-56.68459	-4.554733	-0.4506865
20.36	-5.018	-6.484545	15.06758	-7	0.5058463	0.3384759	26.21776	5.720076	9.634562
20.38	-7.470543	-6.552835	0.7089424	-7	2.145223	2.66456	-71.31434	-6.447863	-11.01542
20.4	-5.193132	-6.484545	12.4894	-7	-0.5285501	-0.1828743	14.67714	-3.547099	6.352838
20.42	-7.888469	-6.825994	-2.883708	-7	0.9677254	1.797271	-58.262	-11.37916	-8.709937
20.44	-4.981173	-5.801648	11.83582	-7	-0.8757114	-0.4826223	22.34546	-12.15779	8.774437
20.46	-6.755427	-5.801648	0.8492532	-7	0.7465222	1.304796	-52.23201	-23.07382	-8.908415
20.48	-5.350436	-6.074806	7.886248	-7	-0.9718876	-0.5285217	10.8352	2.23916	4.297546
20.5	-7.113674	-6.143096	-2.441759	-7	0.3568245	1.093104	-39.50579	-16.57	-5.220623
20.52	-5.599547	-6.484545	5.67015	-7	-1.357067	-1.355124	35.6037	-5.241756	6.573422
20.54	-7.445374	-6.484545	-4.751475	-7	0.397121	0.5950608	-21.28562	-14.78374	-4.290628
20.56	-5.445077	-5.528489	5.430999	-7	0.02379134	0.2616756	15.32136	-25.66924	7.974647
20.58	-6.488604	-5.32362	-1.104031	-7	1.714895	2.463123	-51.00397	9.277328	-3.404694
20.6	-5.494389	-5.460199	3.997863	-7	0.8388562	1.847682	-21.06903	-14.29519	5.342248
20.62	-6.486164	-5.39191	-1.855909	-7	1.692882	3.086809	-59.45914	22.17809	-0.9056063
20.64	-5.667008	-5.460199	2.42938	-7	0.8168389	2.125622	-26.10546	-16.89061	6.121665
20.66	-6.732196	-6.484545	-2.918486	-7	0.5090483	1.293991	-21.74398	21.94908	0.5875626
20.68	-6.792294	-6.552835	-2.794848	-7	0.2917021	0.8731814	0.9877958	-6.386794	5.61176
20.7	-6.928525	-6.552835	-3.183038	-7	0.6857636	0.9264955	2.842642	23.06358	4.729249
20.72	-6.650901	-6.416255	-1.412157	-7	0.9917014	1.066165	4.660113	-6.921144	5.178502
20.74	-6.358922	-6.484545	0.4533229	-7	0.9406821	0.7163147	8.330872	20.22389	3.518868
20.76	-6.139105	-6.484545	1.827749	-7	0.7296733	0.2864479	10.64389	0.4070989	1.642559
20.78	-6.615432	-6.484545	-0.626269	-7	1.078552	1.011818	-7.444468	11.12466	0.235271
20.8	-6.230678	-6.484545	1.650052	-7	0.6599495	0.585005	6.55349	-2.402061	3.335092
20.82	-6.782542	-6.552835	-1.209013	-7	1.032404	1.126073	-10.0315	-3.424962	0.6025167
20.84	-6.291749	-6.552835	1.649357	-7	0.5543612	0.5134443	8.979254	-2.921145	4.043495
20.86	-6.629597	-6.552835	-0.1296982	-7	0.8186708	0.7355936	-3.361698	-4.203588	0.5603676
20.88	-6.192443	-6.416255	2.237293	-7	0.5352173	0.4101007	6.922225	-1.440229	2.767581
20.9	-6.512373	-6.416255	0.4289405	-7	0.7965851	0.7797033	-6.929221	-1.791374	0.05667543
20.92	-6.353384	-6.484545	1.345754	-7	0.5297621	0.5660186	1.631608	-0.9974812	2.316838
20.94	-6.615654	-6.484545	-0.07685852	-7	0.7155698	0.816825	-5.87436	-2.905878	1.081005
20.96	-6.426993	-6.484545	0.9914911	-7	0.551262	0.6169856	1.840269	-0.9974812	2.744159
20.98	-6.486387	-6.416255	0.6143664	-7	0.6861497	0.7237957	-3.180039	-1.363893	1.407794
21	-6.571912	-6.484545	0.1912489	-7	0.7299183	0.8762004	-4.604636	1.04832	1.95329
21.02	-6.568311	-6.484545	0.261018	-7	0.743122	0.9061106	-3.816096	-0.6921376	2.419644
21.04	-6.580976	-6.484545	0.2377146	-7	0.7867539	0.9457176	-4.483292	0.1170225	2.328701
21.06	-6.220341	-6.143096	1.97176	-7	0.8410291	0.9896877	-5.936131	0.162824	2.377836
21.08	-6.139226	-6.143096	2.196974	-7	0.7703834	0.9170278	-10.01448	-0.3104581	0.7029076
21.1	-6.221295	-6.143096	1.55715	-7	0.7009081	1.002661	-13.73279	-0.3104581	0.5536661
21.12	-6.256267	-6.143096	1.200872	-7	0.5913615	0.9841866	-12.87024	-1.104351	1.227859
21.14	-6.312701	-6.143096	0.7413219	-7	0.556531	0.9723101	-12.34578	-3.195954	1.462693
21.16	-6.232538	-6.143096	1.039339	-7	0.4433185	0.7732699	-7.70362	-2.844809	1.825368
21.18	-6.370649	-6.211386	0.2053263	-7	0.4855059	0.7885928	-8.722547	-1.745573	1.301744
21.2	-6.329084	-6.211386	0.3770609	-7	0.4622934	0.7345507	-5.193238	0.3154958	2.112035
21.22	-6.243597	-6.143096	0.7323593	-7	0.4982758	0.687969	-4.612745	-0.3257257	1.785053
21.24	-6.294957	-6.143096	0.3663218	-7	0.597831	0.8262156	-7.857754	-0.2341222	1.385918
21.26	-6.260988	-6.143096	0.4986883	-7	0.5946413	0.8525897	-7.21246	-0.005114531	1.835536
21.28	-6.154757	-6.074806	0.9709911	-7	0.5707861	0.7858208	-6.598747	-0.06618368	1.653996
21.3	-6.223044	-6.143096	0.5528312	-7	0.5471228	0.7613373	-7.593049	-0.4325956	1.131832
21.32	-6.214448	-6.074806	0.5120916	-7	0.5761579	0.850037	-8.522072	-0.2646566	1.536517
21.34	-6.327059	-6.211386	-0.06166542	-7	0.5414734	0.8163692	-7.50713	-0.09671804	1.57819
21.36	-6.229678	-6.074806	0.3968465	-7	0.5886394	0.8610857	-6.998782	-0.1119852	2.07814
21.38	-6.163206	-6.074806	0.6940475	-7	0.571963	0.7886958	-6.76291	-0.1425196	1.592558
21.4	-6.238805	-6.143096	0.2758301	-7	0.5570829	0.7828911	-7.556097	-0.2188555	1.263623
21.42	-6.192677	-6.074806	0.471249	-7	0.5595038	0.8096473	-7.268108	-0.1119852	1.672274
21.44	-6.250978	-6.143096	0.1582367	-7	0.5465703	0.7882771	-7.316529	-0.005114531	1.444702
21.46	-6.258998	-6.143096	0.1208231	-7	0.5419883	0.7849168	-6.463317	-0.2035879	1.729556
21.48	-6.282722	-6.143096	-0.001026154	-7	0.5801938	0.8249642	-6.972644	-0.2493898	1.718876
21.5	-6.29564	-6.211386	-0.006500572	-7	0.5403856	0.7482797	-4.935342	-0.05091607	1.847891
21.52	-6.247558	-6.143096	0.2497849	-7	0.5732763	0.7554247	-5.140055	-0.08145043	1.771582
21.54	-6.226553	-6.143096	0.3603289	-7	0.5788769	0.7529358	-5.738616	-0.1730539	1.521071
21.56	-6.15889	-6.074806	0.6700935	-7	0.5815797	0.7689846	-6.687406	-0.1577863	1.419178
21.58	-6.234756	-6.143096	0.2592495	-7	0.5627916	0.7834204	-7.970375	-0.1425196	1.126159
21.6	-6.254222	-6.143096	0.1589686	-7	0.5401042	0.7941589	-7.363736	-0.06618368	1.548318
21.62	-6.204193	-6.074806	0.3799084	-7	0.5582049	0.8118013	-7.656576	-0.06618368	1.602381
21.64	-6.274715	-6.143096	0.007964015	-7	0.5625249	0.82995	-8.479643	-0.2188555	1.375226
21.66	-6.267673	-6.143096	0.06170386	-7	0.5438001	0.8142053	-7.252831	-0.1577863	1.749729
21.68	-6.282981	-6.143096	-0.01137429	-7	0.5663266	0.8259398	-7.568127	-0.1577863	1.637684
21.7	-6.264449	-6.143096	0.1018049	-7	0.5630028	0.8120089	-7.049233	-0.2035879	1.709488
21.72	-6.266763	-6.143096	0.09771836	-7	0.5726175	0.8154297	-7.430366	-0.1730539	1.568061
21.74	-6.277366	-6.143096	0.05025136	-7	0.586215	0.8453348	-8.007797	-0.127252	1.573329
21.76	-6.251234	-6.143096	0.2019428	-7	0.560501	0.808471	-7.283611	-0.1730539	1.62852
21.78	-6.276628	-6.143096	0.06717461	-7	0.5765027	0.8341268	-8.302784	-0.1730539	1.438028
21.8	-6.264081	-6.143096	0.1421505	-7	0.5589703	0.8238003	-7.854392	-0.1119852	1.591892
21.82	-6.202286	-6.074806	0.4254254	-7	0.5661019	0.8274448	-8.430667	-0.1577863	1.484564
21.84	-6.241446	-6.143096	0.2166142	-7	0.5199092	0.7759956	-8.358059	-0.1730539	1.20553
21.86	-6.276414	-6.143096	0.02726597	-7	0.5132601	0.7926418	-8.402773	-0.1730539	1.380106
21.88	-6.287541	-6.143096	-0.03006631	-7	0.5180642	0.8037095	-8.13657	-0.2341222	1.546358
21.9	-6.525323	-6.347965	-1.151712	-7	0.5376588	0.848361	-8.16304	-0.1577863	1.580966
21.92	-6.290766	-6.143096	0.1235259	-7	0.5570868	0.8158853	-4.537152	-0.1883207	2.688271
21.94	-6.328201	-6.211386	-0.04329765	-7	0.604697	0.7928105	-7.026948	-0.09671804	1.319789
21.96	-6.244527	-6.143096	0.3987667	-7	0.5958547	0.8160342	-7.301291	0.08648812	1.571645
21.98	-6.285033	-6.143096	0.1631022	-7	0.6239161	0.892277	-10.19016	-0.2799238	1.136031
22	-6.179642	-6.074806	0.6739085	-7	0.5631087	0.8522848	-9.393408	-0.1577863	1.451087
22.02	-6.292477	-6.143096	0.0466277	-7	0.5549808	0.8772755	-11.6013	-0.09671804	0.8893356
22.04	-6.264221	-6.143096	0.1934768	-7	0.4732054	0.8034518	-8.954569	-0.2035879	1.551148
22.06	-6.235295	-6.074806	0.2759013	-7	0.4949414	0.8065365	-9.78041	-0.8295422	1.280244
22.08	-6.234101	-6.074806	0.2214779	-7	0.4969645	0.8260533	-10.47924	0.08648812	1.19907
22.1	-6.223915	-6.074806	0.2251469	-7	0.4727369	0.8064677	-10.18507	-0.03564932	1.24468
22.12	-6.196258	-6.074806	0.3240185	-7	0.4234413	0.7286039	-9.031129	-0.2493898	1.196008
22.14	-6.225841	-6.074806	0.1108838	-7	0.4276305	0.7364845	-9.694552	-0.1730539	1.020271
22.16	-6.256532	-6.074806	-0.09378922	-7	0.4507332	0.7941806	-10.25025	-0.03564932	1.219527
22.18	-6.243448	-6.074806	-0.04858387	-7	0.4481645	0.7878308	-9.531389	-0.08145043	1.413576
22.2	-6.2934	-6.143096	-0.2906313	-7	0.430863	0.7433667	-8.64881	-0.2951914	1.320932
22.22	-6.278548	-6.074806	-0.2340833	-7	0.4985229	0.8312646	-9.6396	-0.2799238	1.507925
22.24	-6.341015	-6.143096	-0.5279332	-7	0.5307306	0.881116	-10.27675	-0.1119852	1.479301
22.26	-6.308081	-6.143096	-0.3022518	-7	0.5164296	0.8460484	-8.686171	-0.08145043	1.785275
22.28	-6.283714	-6.143096	-0.138382	-7	0.5084002	0.7904098	-8.219069	-0.2341222	1.503215
22.3	-6.292224	-6.143096	-0.161063	-7	0.5192803	0.8022368	-8.942018	-0.2188555	1.318789
22.32	-6.344768	-6.211386	-0.3710822	-7	0.4906701	0.7758775	-8.339192	-0.1883207	1.359563
22.34	-6.37312	-6.211386	-0.4605693	-7	0.5067751	0.798885	-8.21688	-0.1883207	1.53785
22.36	-6.210419	-6.074806	0.3721617	-7	0.5163326	0.7794109	-7.850234	-0.1577863	1.620384
22.38	-6.304917	-6.211386	-0.09107289	-7	0.4677582	0.7085978	-8.724311	-0.127252	0.7811794
22.4	-6.348505	-6.211386	-0.2835962	-7	0.4506418	0.7354961	-8.357367	-0.1883207	1.246817
22.42	-6.226372	-6.074806	0.3101149	-7	0.4752096	0.7577879	-8.620133	-0.2188555	1.408678
22.44	-6.284365	-6.143096	-0.01550984	-7	0.471957	0.7650447	-10.34713	-0.1730539	0.8187919
22.46	-6.284587	-6.143096	-0.02135837	-7	0.4347908	0.7559959	-9.63161	-0.1577863	1.175049
22.48	-6.322663	-6.143096	-0.2359887	-7	0.452772	0.7911707	-10.42965	-0.2188555	1.130717
22.5	-6.323981	-6.143096	-0.242847	-7	0.4564452	0.8075463	-10.15197	-0.2646566	1.350924
22.52	-6.25319	-6.074806	0.08835721	-7	0.471703	0.8136179	-10.39825	-0.127252	1.330546
22.54	-6.232727	-6.074806	0.1500328	-7	0.4581383	0.7949581	-11.10747	-0.09671804	0.9933476
22.56	-6.254014	-6.074806	-0.009590983	-7	0.4519943	0.8221168	-12.10872	-0.1119852	0.9278569
22.58	-6.252683	-6.074806	-0.03877223	-7	0.4236739	0.8096255	-11.73344	-0.1730539	1.088252
22.6	-6.256763	-6.074806	-0.096771	-7	0.4064491	0.7878254	-11.4758	-0.03564932	1.071202
22.62	-6.264663	-6.074806	-0.172059	-7	0.4021416	0.7838743	-11.38509	-0.1119852	1.088202
22.64	-6.341578	-6.143096	-0.5622318	-7	0.3996085	0.7866879	-11.11164	-0.09671804	1.132288
22.66	-6.333514	-6.143096	-0.4900055	-7	0.3952851	0.7621311	-9.493662	-0.06618368	1.487234
22.68	-6.260818	-6.074806	-0.1274048	-7	0.4278105	0.7585909	-9.586882	-0.127252	1.347574
22.7	-6.330919	-6.143096	-0.4806368	-7	0.4502528	0.7933413	-10.9801	-0.127252	0.9841003
22.72	-6.321906	-6.143096	-0.3990766	-7	0.4364777	0.792633	-10.04944	-0.1883207	1.368556
22.74	-6.304253	-6.143096	-0.2808679	-7	0.4229431	0.7473729	-9.460606	-0.2341222	1.245605
22.76	-6.394018	-6.211386	-0.6978065	-7	0.4358649	0.7700869	-10.07139	-0.1730539	1.09871
22.78	-6.236206	-6.074806	0.1184883	-7	0.4336168	0.7508188	-8.875761	-0.1730539	1.523474
22.8	-6.324693	-6.143096	-0.3542225	-7	0.4657396	0.7940298	-11.81088	-0.1425196	0.6690059
22.82	-6.336745	-6.143096	-0.3982334	-7	0.453227	0.8405432	-11.59807	-0.05091607	1.221264
22.84	-6.35619	-6.143096	-0.4855902	-7	0.4664637	0.8646835	-11.99085	-0.2341222	1.24258
22.86	-6.337149	-6.143096	-0.3642966	-7	0.4519739	0.8403913	-11.32769	-0.5241987	1.331302
22.88	-6.417015	-6.211386	-0.7323684	-7	0.4546736	0.8432591	-11.59159	-0.2951914	1.177482
22.9	-6.281418	-6.074806	-0.04174757	-7	0.4728144	0.8568996	-11.13443	-0.03564932	1.539685
22.92	-6.221111	-6.074806	0.2341739	-7	0.4328377	0.771995	-11.60808	-0.02038214	0.8338795
22.94	-6.25815	-6.143096	0.02820104	-7	0.3393401	0.6692747	-10.94143	-0.1883207	0.5501194
22.96	-6.363221	-6.143096	-0.5525077	-7	0.3724242	0.7720551	-12.75266	-0.2951914	0.6899576
22.98	-6.37931	-6.143096	-0.6315194	-7	0.3874803	0.8248731	-12.09014	-0.2799238	1.30087
23	-6.313533	-6.143096	-0.2686877	-7	0.3454237	0.7133224	-9.687346	-0.1730539	1.341072
23.02	-6.305417	-6.143096	-0.2344449	-7	0.3421182	0.6626096	-9.787565	-0.1425196	0.8827496
23.04	-6.333509	-6.143096	-0.3941564	-7	0.3667126	0.7132643	-10.89603	-0.2341222	0.8342323
23.06	-6.284056	-6.074806	-0.1768419	-7	0.3982328	0.7779406	-11.8371	-0.1577863	1.013
23.08	-6.300568	-6.074806	-0.3060845	-7	0.4270552	0.8439226	-13.70959	-0.1883207	0.8138447
23.1	-6.270442	-6.074806	-0.1712188	-7	0.3853655	0.8121887	-13.0013	-0.1883207	0.9839525
23.12	-6.34795	-6.143096	-0.572065	-7	0.3581134	0.7827006	-12.95566	-0.1883207	0.7979975
23.14	-6.306772	-6.074806	-0.3821054	-7	0.3708775	0.8073815	-12.59409	-0.1425196	1.16405
23.16	-6.208343	-6.006517	0.06648207	-7	0.366008	0.7728539	-12.66097	-0.2188555	0.9434977
23.18	-6.277624	-6.074806	-0.3369632	-7	0.3492723	0.7691801	-13.94317	-0.1883207	0.4754705
23.2	-6.370321	-6.143096	-0.8043358	-7	0.3245839	0.7836772	-13.242	-0.2341222	0.8839178
23.22	-6.377303	-6.143096	-0.8083823	-7	0.3231862	0.7643726	-11.55556	-0.3257257	1.295683
23.24	-6.388638	-6.143096	-0.8402344	-7	0.3685056	0.78516	-11.62124	-0.6768704	1.229953
23.26	-6.270194	-6.074806	-0.2207107	-7	0.3680521	0.7422106	-10.67051	-0.3562597	1.260555
23.28	-6.254178	-6.074806	-0.1651734	-7	0.3676249	0.7222128	-12.10106	-0.2646566	0.6072416
23.3	-6.361348	-6.143096	-0.7175053	-7	0.3708385	0.7889788	-13.639	-0.2341222	0.5818939
23.32	-6.361312	-6.143096	-0.6826854	-7	0.3450339	0.7825146	-12.16966	-1.424962	1.160097
23.34	-6.222189	-6.074806	0.03656542	-7	0.2819099	0.6303714	-9.715591	-2.524199	1.059546
23.36	-6.350125	-6.143096	-0.653565	-7	0.3210305	0.6861582	-12.77366	0.3460302	0.2429695
23.38	-6.318111	-6.143096	-0.46003	-7	0.2660338	0.651642	-10.43825	-0.08145043	1.009053
23.4	-6.352077	-6.143096	-0.6385409	-7	0.2943422	0.6653113	-11.26062	-1.745573	0.7170238
23.42	-6.260783	-6.074806	-0.1854392	-7	0.2906625	0.6539029	-10.70955	-0.4936643	0.9072943
23.44	-6.329038	-6.143096	-0.5462811	-7	0.2873768	0.6503943	-11.85015	-0.4325956	0.4245234
23.46	-6.36119	-6.143096	-0.7046944	-7	0.2967822	0.701896	-11.96667	-0.2341222	0.7982883
23.48	-6.270765	-6.074806	-0.2514923	-7	0.2894509	0.6738104	-11.17643	-0.5241987	0.9427624
23.5	-6.314091	-6.143096	-0.4757325	-7	0.2606114	0.6192573	-11.39318	-0.3409925	0.4517298
23.52	-6.267331	-6.074806	-0.2667256	-7	0.2599804	0.6347965	-11.48129	-0.1577863	0.6551571
23.54	-6.356114	-6.143096	-0.7347748	-7	0.2694559	0.6688989	-12.64588	-0.3104581	0.4301653
23.56	-6.271247	-6.074806	-0.3081888	-7	0.2477652	0.6457149	-11.20755	-0.2341222	0.909791
23.58	-6.353683	-6.143096	-0.7407767	-7	0.2597095	0.6508903	-12.37046	-0.08145043	0.4191103
23.6	-6.346723	-6.143096	-0.6815622	-7	0.242114	0.6418862	-11.08713	-0.1577863	0.8665733
23.62	-6.318134	-6.143096	-0.5148726	-7	0.2198362	0.5713379	-9.944821	-0.127252	0.7488527
23.64	-6.334262	-6.143096	-0.5982773	-7	0.2376857	0.5830886	-10.65249	-0.1730539	0.5297413
23.66	-6.343353	-6.143096	-0.6384778	-7	0.2514166	0.6168001	-11.06054	-0.1883207	0.6234922
23.68	-6.348464	-6.143096	-0.6546372	-7	0.2627749	0.6397061	-11.37798	-0.05091607	0.665329
23.7	-6.250199	-6.074806	-0.1653191	-7	0.2445638	0.6011741	-10.86798	-0.2341222	0.6796503
23.72	-6.336303	-6.143096	-0.6263634	-7	0.2450042	0.6177742	-12.59289	-0.1577863	0.1606331
23.74	-6.278886	-6.074806	-0.3548024	-7	0.2323927	0.6378338	-12.1249	-0.2341222	0.6504946
23.76	-6.388564	-6.143096	-0.9338337	-7	0.2634595	0.7010082	-13.96863	-0.4783975	0.3442106
23.78	-6.372311	-6.143096	-0.8176387	-7	0.2417018	0.690749	-12.20893	-0.3715273	0.9608679
23.8	-6.370373	-6.143096	-0.7895184	-7	0.2534828	0.6679935	-12.01572	-0.06618368	0.7719278
23.82	-6.357869	-6.143096	-0.7057987	-7	0.2560431	0.6568174	-11.82936	-0.1425196	0.7279587
23.84	-6.337767	-6.143096	-0.5856792	-7	0.2409267	0.6229365	-11.48439	-0.1730539	0.628768
23.86	-6.310676	-6.143096	-0.4364031	-7	0.2036068	0.5586408	-10.81697	-0.2341222	0.4845524
23.88	-6.430067	-6.211386	-1.034048	-7	0.2256304	0.6141876	-12.2737	-0.127252	0.2958517
23.9	-6.273985	-6.074806	-0.2393135	-7	0.2173147	0.6035938	-10.78998	-0.127252	0.9217758
23.92	-6.342601	-6.143096	-0.6170702	-7	0.2275252	0.6022418	-12.86446	-0.127252	0.0735054
23.94	-6.28336	-6.074806	-0.345135	-7	0.2152949	0.6299053	-12.78897	-0.1883207	0.4949141
23.96	-6.38459	-6.143096	-0.8870927	-7	0.2295865	0.677186	-14.43486	-0.2035879	0.2002916
23.98	-6.360122	-6.143096	-0.7383853	-7	0.185899	0.6350115	-12.31514	-0.2035879	0.7690411
24	-6.370911	-6.143096	-0.7934174	-7	0.196285	0.6149344	-12.36527	-0.1577863	0.5289679
24.02	-6.365966	-6.143096	-0.7610574	-7	0.2005444	0.6149551	-12.18768	-0.1730539	0.5700741
24.04	-6.234091	-6.006517	-0.1476598	-7	0.2308782	0.6434513	-13.14839	-0.08145043	0.5157337
24.06	-6.294255	-6.074806	-0.5124399	-7	0.2209505	0.6603239	-15.22362	-0.1883207	-0.07608128
24.08	-6.353894	-6.143096	-0.8116852	-7	0.1513393	0.6191488	-13.77433	-0.2493898	0.3226147
24.1	-6.387831	-6.143096	-0.9809517	-7	0.1483623	0.6091524	-12.95735	-0.386794	0.5349703
24.12	-6.378357	-6.143096	-0.915413	-7	0.1522241	0.5852975	-11.92645	-1.913512	0.6547499
24.14	-6.368725	-6.143096	-0.852181	-7	0.1665512	0.5722959	-11.7122	-0.2951914	0.5421
24.16	-6.372848	-6.143096	-0.863065	-7	0.1897282	0.5958595	-12.22581	-0.4783975	0.4624414
24.18	-6.387918	-6.143096	-0.9290547	-7	0.2191249	0.6477709	-13.09448	-0.1883207	0.482173
24.2	-6.34746	-6.143096	-0.6925187	-7	0.1881545	0.5991837	-12.04498	0.04068658	0.5699234
24.22	-6.321236	-6.143096	-0.5477964	-7	0.1499138	0.5229508	-11.49653	-0.127252	0.2868748
24.24	-6.358729	-6.143096	-0.7559426	-7	0.1627195	0.5588545	-12.80852	-0.2341222	0.1054583
24.26	-6.414973	-6.211386	-1.00642	-7	0.1279358	0.5374938	-11.84302	-0.1119852	0.339345
24.28	-6.370775	-6.143096	-0.7743577	-7	0.1488428	0.5523506	-11.61818	-0.1119852	0.5359526
24.3	-6.25885	-6.074806	-0.2307673	-7	0.1353952	0.5015396	-11.478	-0.1119852	0.2889252
24.32	-6.418038	-6.211386	-1.051115	-7	0.1290848	0.5253653	-13.36041	-0.1119852	-0.2715168
24.34	-6.3699	-6.143096	-0.7927098	-7	0.1181325	0.5504562	-11.94193	-0.1425196	0.5786171
24.36	-6.390509	-6.143096	-0.9116225	-7	0.1571296	0.5834781	-13.17046	-1.898245	0.2597771
24.38	-6.341281	-6.143096	-0.645017	-7	0.118702	0.5263578	-11.81909	-0.3409925	0.407567
24.4	-6.374661	-6.143096	-0.8357353	-7	0.1426481	0.55643	-13.24025	-0.4936643	0.07904625
24.42	-6.347351	-6.143096	-0.6901748	-7	0.1089632	0.5246413	-12.26938	-0.3104581	0.2996092
24.44	-6.395708	-6.143096	-0.9598216	-7	0.1463321	0.585714	-13.9094	-0.9516796	0.1015739
24.46	-6.328665	-6.143096	-0.5960117	-7	0.07918818	0.4902425	-11.51563	-0.3104581	0.4088745
24.48	-6.311012	-6.074806	-0.5689604	-7	0.1223391	0.5335637	-13.65575	-0.2646566	-0.05718517
24.5	-6.314666	-6.074806	-0.6392277	-7	0.1249485	0.5828235	-14.81504	-0.1883207	-0.03215408
24.52	-6.440078	-6.211386	-1.254504	-7	0.07391997	0.547298	-13.90726	-0.06618368	0.05069542
24.54	-6.344689	-6.074806	-0.7852829	-7	0.1054792	0.5792508	-13.17959	-0.1425196	0.5984249
24.56	-6.395365	-6.143096	-1.050759	-7	0.121891	0.5776689	-14.10486	-0.1730539	0.09840584
24.58	-6.408816	-6.143096	-1.106957	-7	0.1350071	0.614999	-14.0715	-0.1425196	0.3761206
24.6	-6.258872	-6.074806	-0.3360055	-7	0.07021203	0.4791315	-11.63403	-0.5241987	0.417738
24.62	-6.387187	-6.143096	-1.035337	-7	0.1074698	0.5347846	-14.8672	-0.1730539	-0.4499292
24.64	-6.397532	-6.143096	-1.074485	-7	0.09249741	0.5787947	-13.942	-0.08145043	0.3292942
24.66	-6.380677	-6.143096	-0.9721845	-7	0.078385	0.5313234	-12.96067	-1.195955	0.3185053
24.68	-6.404549	-6.143096	-1.094927	-7	0.1096153	0.5647898	-13.82585	0.2544275	0.1683836
24.7	-6.262338	-6.074806	-0.3692125	-7	0.05317432	0.4603458	-11.79058	-0.02038214	0.3073702
24.72	-6.285208	-6.074806	-0.5536613	-7	0.05951159	0.4599559	-14.1016	-0.2799238	-0.5028229
24.74	-6.411528	-6.143096	-1.227839	-7	0.07226165	0.5649735	-15.71998	-0.3104581	-0.2714005
24.76	-6.394175	-6.143096	-1.111942	-7	0.03558673	0.5324531	-13.36944	-1.409695	0.4241066
24.78	-6.419181	-6.143096	-1.236076	-7	0.07308692	0.5459826	-13.80947	0.05595376	0.2098131
24.8	-6.376851	-6.143096	-0.9906095	-7	0.05679557	0.5007763	-12.49436	-0.2646566	0.3382244
24.82	-6.3714	-6.143096	-0.955213	-7	0.06083155	0.4789377	-12.76876	-0.3409925	0.03919315
24.84	-6.41263	-6.143096	-1.170348	-7	0.1037701	0.5622876	-14.43153	-0.06618368	0.001009941
24.86	-6.399628	-6.143096	-1.08159	-7	0.1001022	0.5766571	-14.09915	-0.2035879	0.2615986
24.88	-6.300576	-6.074806	-0.5870595	-7	0.07896304	0.523664	-13.63303	-0.3715273	0.1504364
24.9	-6.338869	-6.143096	-0.7924681	-7	0.0242115	0.4463676	-13.74776	-0.5852674	-0.3722725
24.92	-6.362075	-6.143096	-0.921814	-7	-0.007424548	0.4320854	-13.36049	-0.5700002	-0.1959648
24.94	-6.299777	-6.074806	-0.6440842	-7	-0.01599856	0.4166961	-13.09728	-0.1730539	-0.1096983
24.96	-6.370243	-6.143096	-1.030256	-7	-0.02763434	0.4089188	-13.72805	-0.1119852	-0.4187231
24.98	-6.414932	-6.143096	-1.268281	-7	-0.003167123	0.4752259	-13.99218	-0.1425196	-0.04389095
25	-6.343839	-6.074806	-0.9240316	-7	0.02227968	0.497336	-13.76522	-0.7379391	0.1822643
25.02	-6.427751	-6.211386	-1.312226	-7	-0.0234119	0.4134048	-12.81521	-0.03564932	-0.1775255
25.04	-6.288491	-6.074806	-0.6096162	-7	-0.03323938	0.3713405	-11.42832	-0.3409925	0.1518316
25.06	-6.311905	-6.074806	-0.793512	-7	0.007206634	0.4180327	-14.28417	-0.2799238	-0.6061487
25.08	-6.381837	-6.143096	-1.156697	-7	-0.01736952	0.4498139	-14.46541	0.01015222	-0.3486109
25.1	-6.40444	-6.143096	-1.262431	-7	-0.02017039	0.4619213	-13.84062	-0.6616033	-0.009573936
25.12	-6.341059	-6.143096	-0.9080927	-7	-0.0780077	0.3367547	-11.25412	-2.402061	0.05666924
25.14	-6.387661	-6.143096	-1.165362	-7	-0.03447074	0.3744399	-12.96729	0.1475568	-0.4018307
25.16	-6.320368	-6.143096	-0.7967618	-7	-0.0971366	0.284943	-10.68426	-0.08145043	-0.1019869
25.18	-6.382673	-6.143096	-1.145083	-7	-0.04780817	0.3478411	-12.98743	-0.4631299	-0.5657015
25.2	-6.333717	-6.074806	-0.9250317	-7	-0.01460877	0.4346647	-13.80054	-0.1119852	-0.158597
25.22	-6.313011	-6.074806	-0.8504491	-7	-0.02143776	0.4315777	-14.42161	0.01015222	-0.3634138
25.24	-6.449373	-6.211386	-1.517642	-7	-0.05935636	0.4103969	-14.16671	-0.1883207	-0.4379101
25.26	-6.37622	-6.143096	-1.109225	-7	-0.08567819	0.3596238	-11.66738	-0.2646566	0.1889
25.28	-6.3935	-6.143096	-1.203613	-7	-0.04397419	0.3739809	-12.91505	-0.1730539	-0.3126354
25.3	-6.363376	-6.143096	-1.033444	-7	-0.05943699	0.3565415	-12.31989	-0.05091607	-0.1856632
25.32	-6.362231	-6.143096	-1.027406	-7	-0.06440736	0.342166	-12.64	-0.4325956	-0.3882046
25.34	-6.377805	-6.143096	-1.111855	-7	-0.05905294	0.3669741	-13.25942	-0.3104581	-0.3995514
25.36	-6.411953	-6.143096	-1.291854	-7	-0.02920696	0.435829	-14.36201	-0.7379391	-0.3111811
25.38	-6.367946	-6.143096	-1.043363	-7	-0.06824228	0.3786216	-12.85967	-0.4020616	-0.1078396
25.4	-6.433349	-6.211386	-1.348118	-7	-0.08929861	0.3315738	-12.64929	-0.09671804	-0.4207554
25.42	-6.376856	-6.143096	-1.050689	-7	-0.08298418	0.3356441	-12.12087	-0.1577863	-0.1432266
25.44	-6.351728	-6.143096	-0.9278287	-7	-0.09391837	0.2993913	-12.30165	-0.1577863	-0.465704
25.46	-6.287253	-6.074806	-0.6471518	-7	-0.09622644	0.3050107	-13.14731	-0.1425196	-0.5999908
25.48	-6.383547	-6.143096	-1.177738	-7	-0.09622133	0.3525843	-14.94731	-0.127252	-0.8725672
25.5	-6.336928	-6.074806	-0.9750015	-7	-0.09935835	0.3912176	-14.6184	-0.2341222	-0.3167028
25.52	-6.379829	-6.143096	-1.202949	-7	-0.1334929	0.3351765	-14.109	-1.363893	-0.5526295
25.54	-6.369212	-6.143096	-1.14503	-7	-0.1682887	0.276707	-12.589	0.2696943	-0.3731651
25.56	-6.359651	-6.143096	-1.101444	-7	-0.1830704	0.2247706	-11.86096	-0.2188555	-0.5064306
25.58	-6.375345	-6.143096	-1.196007	-7	-0.1667007	0.2405276	-12.29851	-0.4783975	-0.5957088
25.6	-6.395088	-6.143096	-1.304795	-7	-0.1378908	0.2925818	-12.95749	-0.1883207	-0.5046263
25.62	-6.446864	-6.211386	-1.527288	-7	-0.1485374	0.2806071	-12.20694	-0.03564932	-0.3864498
25.64	-6.287504	-6.074806	-0.720526	-7	-0.1494503	0.2381784	-11.10255	-0.2341222	-0.2050762
25.66	-6.287227	-6.074806	-0.7819824	-7	-0.1315298	0.2504756	-13.66373	-0.2799238	-1.052516
25.68	-6.402087	-6.143096	-1.396901	-7	-0.1248235	0.3474623	-15.48272	-0.1730539	-0.9288025
25.7	-6.433161	-6.143096	-1.544441	-7	-0.1196785	0.4021928	-14.94119	-0.4020616	-0.2847157
25.72	-6.411228	-6.143096	-1.40579	-7	-0.1264965	0.3632445	-13.70327	-0.8295422	-0.1728563
25.74	-6.331301	-6.074806	-1.013674	-7	-0.1121796	0.3444849	-13.83193	-0.1577863	-0.3651218
25.76	-6.402241	-6.143096	-1.383753	-7	-0.1080391	0.3629788	-15.17717	0.1322897	-0.7612314
25.78	-6.347519	-6.143096	-1.071754	-7	-0.1885514	0.2563353	-12.4587	-0.08145043	-0.3685389
25.8	-6.388985	-6.143096	-1.301351	-7	-0.1703795	0.26087	-13.59877	-0.2951914	-0.7939796
25.82	-6.430442	-6.143096	-1.519502	-7	-0.1300936	0.3536989	-14.69132	-0.1730539	-0.5460691
25.84	-6.42378	-6.143096	-1.466611	-7	-0.1182299	0.3774033	-14.4184	-0.05091607	-0.3042326
25.86	-6.335076	-6.143096	-0.9768221	-7	-0.195981	0.2215801	-11.73916	-0.08145043	-0.3751059
25.88	-6.306269	-6.074806	-0.8870876	-7	-0.1697716	0.2355315	-13.76525	-0.2188555	-0.9724131
25.9	-6.420996	-6.211386	-1.457058	-7	-0.2267182	0.2058837	-13.45849	-0.2188555	-1.011612
25.92	-6.433346	-6.143096	-1.528133	-7	-0.1797745	0.300375	-13.9615	-0.1119852	-0.4883881
25.94	-6.40972	-6.143096	-1.394984	-7	-0.1682451	0.3009176	-13.5647	-0.1119852	-0.4108458
25.96	-6.373	-6.143096	-1.194443	-7	-0.1884033	0.2450431	-12.87726	-0.2035879	-0.5663004
25.98	-6.3729	-6.143096	-1.200044	-7	-0.1952865	0.2284183	-13.26954	-0.1883207	-0.8035355
26	-6.288293	-6.074806	-0.802608	-7	-0.2189894	0.1975115	-13.08648	-0.09671804	-0.8041639
26.02	-6.406023	-6.143096	-1.447419	-7	-0.1968149	0.266828	-15.57547	-0.09671804	-1.228288
26.04	-6.376592	-6.143096	-1.280351	-7	-0.2549256	0.2209237	-13.19335	-0.06618368	-0.5318918
26.06	-6.366378	-6.074806	-1.28178	-7	-0.1944153	0.2839672	-15.00944	-0.2493898	-0.8050737
26.08	-6.408275	-6.143096	-1.4942	-7	-0.2086336	0.2857653	-14.85739	-0.1119852	-0.7572241
26.1	-6.386279	-6.143096	-1.363214	-7	-0.2426869	0.2260193	-13.28155	-0.1425196	-0.5737305
26.12	-6.490219	-6.211386	-1.869351	-7	-0.2155834	0.2552425	-14.00324	-0.1883207	-0.7750483
26.14	-6.418068	-6.143096	-1.468904	-7	-0.1960047	0.2740796	-12.94295	-0.09671804	-0.2597561
26.16	-6.409397	-6.143096	-1.417643	-7	-0.165124	0.2846997	-14.05047	-0.1730539	-0.6938553
26.18	-6.331947	-6.074806	-1.043129	-7	-0.1575442	0.3064418	-14.82866	-0.2035879	-0.7139664
26.2	-6.404492	-6.143096	-1.426373	-7	-0.1714689	0.3208499	-16.23322	-0.1119852	-1.071719
26.22	-6.404636	-6.143096	-1.414706	-7	-0.2123273	0.3003371	-15.14407	-0.2188555	-0.6684637
26.24	-6.408007	-6.143096	-1.430274	-7	-0.2275099	0.2663602	-14.7198	-0.2188555	-0.7396898
26.26	-6.423049	-6.143096	-1.511051	-7	-0.2179412	0.2796012	-14.99213	-0.1730539	-0.7584381
26.28	-6.374218	-6.074806	-1.294365	-7	-0.1840199	0.3320536	-15.89809	-0.1119852	-0.6865978
26.3	-6.455189	-6.143096	-1.717053	-7	-0.1648477	0.3858945	-17.34341	-0.09671804	-0.884037
26.32	-6.43663	-6.143096	-1.59294	-7	-0.1933059	0.3622431	-15.83459	-0.1425196	-0.4340706
26.34	-6.373823	-6.074806	-1.29309	-7	-0.1766891	0.3542647	-16.2147	-0.1119852	-0.625082
26.36	-6.423747	-6.143096	-1.548359	-7	-0.1976739	0.3333311	-16.61519	-0.127252	-0.9228144
26.38	-6.371974	-6.074806	-1.306446	-7	-0.1993393	0.3466992	-16.54634	-0.1577863	-0.6803398
26.4	-6.386871	-6.074806	-1.423695	-7	-0.1850069	0.3771086	-17.90456	-0.1577863	-0.94275
26.42	-6.526387	-6.211386	-2.099284	-7	-0.2127064	0.3795848	-17.46987	-0.1119852	-0.8020306
26.44	-6.46387	-6.143096	-1.738122	-7	-0.213556	0.3593132	-15.36563	-0.1425196	-0.169775
26.46	-6.442369	-6.143096	-1.610557	-7	-0.1956352	0.3245926	-15.48723	-0.1119852	-0.6045046
26.48	-6.406358	-6.143096	-1.407381	-7	-0.218857	0.2764745	-14.97506	-0.1577863	-0.7331572
26.5	-6.441278	-6.143096	-1.595223	-7	-0.194514	0.3236788	-16.55788	-0.1883207	-0.9654961
26.52	-6.433825	-6.143096	-1.54615	-7	-0.2094285	0.3303933	-16.30059	-0.1730539	-0.7389956
26.54	-6.409113	-6.143096	-1.410432	-7	-0.2456601	0.2694713	-15.49226	-0.127252	-0.812295
26.56	-6.43292	-6.143096	-1.545593	-7	-0.240361	0.2811306	-16.28087	-0.2035879	-0.9943609
26.58	-6.412738	-6.143096	-1.439597	-7	-0.2724042	0.2453699	-15.41961	-0.127252	-0.8525858
26.6	-6.451387	-6.143096	-1.65716	-7	-0.2459641	0.288844	-16.63824	-0.127252	-1.008538
26.62	-6.425248	-6.143096	-1.515438	-7	-0.271751	0.2613205	-15.59934	-0.1119852	-0.7686834
26.64	-6.43392	-6.143096	-1.569252	-7	-0.2677201	0.2546661	-15.95815	-0.127252	-0.9635077
26.66	-6.442623	-6.143096	-1.619861	-7	-0.261562	0.2741509	-16.24304	-0.08145043	-0.9159613
26.68	-6.378776	-6.074806	-1.327709	-7	-0.2476049	0.295058	-16.71493	-0.1883207	-0.8742895
26.7	-6.401921	-6.143096	-1.451679	-7	-0.3021712	0.2200445	-16.18198	-0.2035879	-1.165012
26.72	-6.442944	-6.143096	-1.678174	-7	-0.3016936	0.2413766	-16.5392	-0.1425196	-1.090692
26.74	-6.454873	-6.143096	-1.741449	-7	-0.2951798	0.2603266	-16.3103	-0.08145043	-0.8771725
26.76	-6.44927	-6.143096	-1.707954	-7	-0.2899516	0.255029	-15.98647	-0.09671804	-0.8394804
26.78	-6.406929	-6.143096	-1.478564	-7	-0.3237603	0.1802698	-14.72334	-0.1425196	-0.8980646
26.8	-6.470557	-6.143096	-1.829286	-7	-0.2643636	0.2719052	-17.09987	-0.1577863	-1.186765
26.82	-6.365326	-6.074806	-1.302401	-7	-0.2829464	0.2616335	-16.12966	-0.127252	-0.7717552
26.84	-6.375826	-6.074806	-1.4085	-7	-0.2729149	0.2719033	-17.95137	-0.127252	-1.345041
26.86	-6.412318	-6.074806	-1.641797	-7	-0.26103	0.3485344	-19.3611	-0.1577863	-1.204625
26.88	-6.469597	-6.143096	-1.923719	-7	-0.2982442	0.3271609	-18.3628	-0.3257257	-0.9519548
26.9	-6.532018	-6.143096	-2.235271	-7	-0.2471504	0.4042349	-18.98192	-1.119619	-0.7330656
26.92	-6.451631	-6.143096	-1.767359	-7	-0.2936059	0.2969703	-15.92487	-1.486031	-0.4118261
26.94	-6.517581	-6.143096	-2.109451	-7	-0.2082008	0.3854104	-18.69102	-0.2799238	-0.9893999
26.96	-6.377701	-6.143096	-1.326127	-7	-0.3274518	0.1983278	-14.31802	-0.1577863	-0.5574646
26.98	-6.40316	-6.143096	-1.477604	-7	-0.3328518	0.1425022	-15.78744	-0.4478627	-1.50059
27	-6.468421	-6.143096	-1.836331	-7	-0.2974927	0.2583792	-17.77471	-0.4783975	-1.32203
27.02	-6.49995	-6.211386	-1.947761	-7	-0.3494985	0.2097118	-15.83407	-2.417328	-0.9148884
27.04	-6.366072	-6.074806	-1.286074	-7	-0.3407657	0.1765421	-15.30077	-3.27229	-0.8904972
27.06	-6.302975	-6.074806	-1.013378	-7	-0.3920292	0.07599614	-15.47312	-0.3715273	-1.57771
27.08	-6.392538	-6.143096	-1.51789	-7	-0.4347455	0.06163419	-16.38659	-0.6158017	-1.875801
27.1	-6.38692	-6.074806	-1.551994	-7	-0.4190914	0.1359338	-16.91134	-0.1730539	-1.387282
27.12	-6.458713	-6.143096	-1.939046	-7	-0.4203158	0.1490769	-16.93571	-0.005114531	-1.364759
27.14	-6.414467	-6.143096	-1.694356	-7	-0.4687703	0.05647005	-14.18803	-1.05855	-1.007781
27.16	-6.442922	-6.143096	-1.855985	-7	-0.4320562	0.06682856	-14.98162	-1.531832	-1.366556
27.18	-6.371289	-6.143096	-1.46952	-7	-0.4880743	-0.03605056	-12.62005	-1.05855	-1.193974
27.2	-6.419453	-6.143096	-1.746124	-7	-0.4458979	0.006773848	-14.5601	-0.5241987	-1.677944
27.22	-6.398853	-6.143096	-1.636282	-7	-0.4644797	0.004304041	-13.81456	-0.1119852	-1.354156
27.24	-6.397527	-6.143096	-1.636291	-7	-0.4698398	-0.01481755	-13.86223	-0.2188555	-1.506854
27.26	-6.394161	-6.143096	-1.625514	-7	-0.4799404	-0.02673109	-13.76528	-0.2493898	-1.524093
27.28	-6.405078	-6.143096	-1.692409	-7	-0.476563	-0.0159825	-14.10746	-0.127252	-1.557856
27.3	-6.413538	-6.143096	-1.742402	-7	-0.4709821	0.002127115	-14.32986	-0.06618368	-1.49868
27.32	-6.431166	-6.143096	-1.838189	-7	-0.4508948	0.04029006	-14.91534	-0.06618368	-1.458848
27.34	-6.354816	-6.074806	-1.472971	-7	-0.4422957	0.05053814	-15.01595	-0.2188555	-1.359587
27.36	-6.371143	-6.074806	-1.606469	-7	-0.4200305	0.09601277	-16.97978	-0.1425196	-1.734996
27.38	-6.513652	-6.211386	-2.303492	-7	-0.4488584	0.1116584	-16.79546	-0.1883207	-1.557311
27.4	-6.442279	-6.143096	-1.899304	-7	-0.4654453	0.07288707	-14.361	-0.09671804	-0.8968153
27.42	-6.405528	-6.143096	-1.698337	-7	-0.4732552	-0.005929209	-13.88942	-0.1730539	-1.388894
27.44	-6.411417	-6.143096	-1.733305	-7	-0.4656636	0.001216793	-14.65359	-0.1883207	-1.616461
27.46	-6.418962	-6.143096	-1.774145	-7	-0.4652452	0.0224795	-15.08226	-0.1425196	-1.570738
27.48	-6.442884	-6.143096	-1.901141	-7	-0.447599	0.06772168	-15.90003	-0.1730539	-1.532071
27.5	-6.429148	-6.143096	-1.819789	-7	-0.4607596	0.0569097	-15.41341	-0.1425196	-1.392774
27.52	-6.354319	-6.074806	-1.466186	-7	-0.4625174	0.04021263	-15.60963	-0.08145043	-1.506877
27.54	-6.349667	-6.074806	-1.492281	-7	-0.4751315	0.03508162	-16.74384	-0.127252	-1.870277
27.56	-6.458789	-6.143096	-2.073164	-7	-0.4763867	0.09148202	-17.88795	-0.1883207	-1.834972
27.58	-6.378186	-6.074806	-1.671741	-7	-0.5036483	0.06356332	-16.09763	-0.3257257	-1.250135
27.6	-6.458519	-6.143096	-2.09549	-7	-0.4924954	0.05865461	-16.97617	-0.2341222	-1.730911
27.62	-6.432951	-6.143096	-1.939344	-7	-0.5252767	0.01352215	-15.03129	-0.1119852	-1.303061
27.64	-6.465042	-6.143096	-2.104935	-7	-0.4845606	0.04510008	-15.96877	-0.2493898	-1.541651
27.66	-6.443933	-6.143096	-1.974137	-7	-0.4847599	0.04271447	-15.36097	-0.1883207	-1.35547
27.68	-6.442199	-6.143096	-1.953158	-7	-0.474544	0.04194407	-15.67895	-0.1425196	-1.51563
27.7	-6.436378	-6.143096	-1.910509	-7	-0.4767144	0.04168662	-15.78229	-0.127252	-1.535884
27.72	-6.419762	-6.143096	-1.813372	-7	-0.4986404	0.008862743	-15.42694	-0.1119852	-1.587064
27.74	-6.367741	-6.074806	-1.583489	-7	-0.487297	0.0271457	-16.38155	-0.1425196	-1.713055
27.76	-6.443459	-6.143096	-1.986266	-7	-0.4974453	0.04856421	-17.47682	-0.1883207	-1.926358
27.78	-6.514739	-6.211386	-2.307477	-7	-0.5339983	0.02955846	-16.079	-0.09671804	-1.514195
27.8	-6.483582	-6.143096	-2.13501	-7	-0.4918	0.06639861	-15.94541	-0.1883207	-1.262999
27.82	-6.427674	-6.143096	-1.827893	-7	-0.507295	0.005333722	-15.11071	-0.2646566	-1.441677
27.84	-6.443341	-6.143096	-1.916477	-7	-0.4897728	0.02542291	-16.41137	-0.1119852	-1.785277
27.86	-6.320412	-6.074806	-1.305909	-7	-0.5482129	-0.05556798	-15.09132	-0.1577863	-1.668203
27.88	-6.418199	-6.143096	-1.850016	-7	-0.5597746	-0.05494843	-17.04827	-0.1119852	-2.343334
27.9	-6.468998	-6.143096	-2.126369	-7	-0.5551039	0.01996904	-17.25495	-0.2799238	-1.770816
27.92	-6.505074	-6.143096	-2.314315	-7	-0.5152529	0.0882586	-17.68003	-1.134886	-1.513347
27.94	-6.313434	-6.006517	-1.369013	-7	-0.5251419	0.03447001	-16.36783	-3.043283	-1.327253
27.96	-6.341435	-6.143096	-1.520557	-7	-0.6470048	-0.1812702	-15.00614	-1.16542	-2.324628
27.98	-6.408377	-6.074806	-1.947522	-7	-0.5872434	-0.04100307	-17.89925	-0.4783975	-2.267327
28	-6.48937	-6.143096	-2.367927	-7	-0.5810392	0.02654797	-17.83137	-1.424962	-1.77314
28.02	-6.321351	-6.074806	-1.493822	-7	-0.6707123	-0.1573363	-13.47371	-4.615801	-1.38341
28.04	-6.501902	-6.143096	-2.474524	-7	-0.5638564	-0.02504238	-18.16755	-0.2951914	-2.423197
28.06	-6.319689	-6.074806	-1.512815	-7	-0.6627355	-0.1460451	-13.42688	-0.6768704	-1.309032
28.08	-6.338695	-6.074806	-1.672613	-7	-0.6489048	-0.1915108	-15.4239	-1.501298	-2.447266
28.1	-6.49464	-6.143096	-2.500897	-7	-0.5904938	-0.02203129	-18.13308	0.3002286	-2.248748
28.12	-6.428161	-6.143096	-2.105313	-7	-0.6556772	-0.1051946	-14.29325	-0.06618368	-1.355833
28.14	-6.491889	-6.211386	-2.387155	-7	-0.6576324	-0.1783732	-13.78065	-0.6463361	-1.893593
28.16	-6.332727	-6.074806	-1.574058	-7	-0.6541541	-0.2127216	-12.61782	-0.2799238	-1.643657
28.18	-6.364992	-6.143096	-1.75415	-7	-0.6776433	-0.2711593	-13.7176	-0.1883207	-2.495432
28.2	-6.390453	-6.143096	-1.896153	-7	-0.695517	-0.2495608	-14.01056	-0.1119852	-2.303949
28.22	-6.329125	-6.074806	-1.621072	-7	-0.7028744	-0.2495797	-14.01561	-0.2188555	-2.178464
28.24	-6.408099	-6.143096	-2.050179	-7	-0.7094465	-0.2399312	-14.99039	-0.3715273	-2.474327
28.26	-6.44777	-6.143096	-2.25693	-7	-0.6920303	-0.1788496	-15.0616	-0.3104581	-2.044036
28.28	-6.356588	-6.074806	-1.803772	-7	-0.6913391	-0.2014048	-14.15431	-0.6616033	-1.855201
28.3	-6.351562	-6.074806	-1.819769	-7	-0.6797796	-0.2027516	-15.41175	-1.928779	-2.35136
28.32	-6.274951	-6.074806	-1.444831	-7	-0.776715	-0.3382915	-13.22465	-0.1119852	-2.316373
28.34	-6.314519	-6.074806	-1.716274	-7	-0.7890682	-0.3537304	-14.46587	-0.4173284	-2.800796
28.36	-6.437844	-6.143096	-2.373595	-7	-0.7765754	-0.2746426	-15.28006	-0.2951914	-2.52708
28.38	-6.444057	-6.143096	-2.383436	-7	-0.7721091	-0.2622028	-13.61159	-0.4631299	-1.876935
28.4	-6.435073	-6.143096	-2.313992	-7	-0.7433506	-0.2745623	-13.03836	-2.142519	-1.937855
28.42	-6.372293	-6.143096	-1.956307	-7	-0.7702717	-0.3637207	-11.39592	-1.257023	-2.031644
28.44	-6.416117	-6.143096	-2.187084	-7	-0.7175374	-0.3002193	-13.53271	-0.127252	-2.451984
28.46	-6.375659	-6.143096	-1.950762	-7	-0.7504128	-0.3286805	-12.42062	-0.1577863	-2.157784
28.48	-6.430232	-6.211386	-2.190173	-7	-0.7845665	-0.3902863	-11.9466	-0.6768704	-2.441991
28.5	-6.405914	-6.143096	-2.062696	-7	-0.751462	-0.3366826	-12.53441	0.01015222	-2.237535
28.52	-6.248417	-6.074806	-1.268661	-7	-0.8176743	-0.463981	-10.79709	-0.1883207	-2.351542
28.54	-6.303462	-6.074806	-1.640579	-7	-0.7929558	-0.4118732	-14.38458	-0.2646566	-3.221838
28.56	-6.383839	-6.143096	-2.073581	-7	-0.8366777	-0.379713	-14.27086	-0.2341222	-2.763736
28.58	-6.455775	-6.143096	-2.456798	-7	-0.7998583	-0.2943091	-14.81447	-1.547099	-2.374901
28.6	-6.391353	-6.143096	-2.092945	-7	-0.8422441	-0.3871498	-11.8925	-0.9058781	-1.994932
28.62	-6.396707	-6.143096	-2.123615	-7	-0.8208189	-0.4123445	-12.3388	-2.325725	-2.471139
28.64	-6.343174	-6.074806	-1.882404	-7	-0.7837324	-0.356118	-13.41245	0.3918317	-2.439652
28.66	-6.231405	-6.074806	-1.323924	-7	-0.8899111	-0.5284854	-11.13712	-0.1119852	-2.655543
28.68	-6.374023	-6.143096	-2.108869	-7	-0.8816072	-0.4909887	-13.74516	-0.4936643	-3.321655
28.7	-6.428704	-6.143096	-2.396052	-7	-0.8653862	-0.3932042	-13.5995	-0.09671804	-2.489921
28.72	-6.341663	-6.074806	-1.963068	-7	-0.8569191	-0.4105301	-12.50199	-0.5394658	-2.23164
28.74	-6.452944	-6.211386	-2.500425	-7	-0.8728791	-0.4576189	-12.42283	-0.03564932	-2.710817
28.76	-6.357377	-6.143096	-1.975404	-7	-0.9052571	-0.5268631	-9.869131	-0.2493898	-2.200085
28.78	-6.372732	-6.143096	-2.06689	-7	-0.8709407	-0.5201795	-11.37554	-0.2646566	-2.817945
28.8	-6.407092	-6.143096	-2.249262	-7	-0.8298241	-0.4222506	-12.93663	-0.1730539	-2.687484
28.82	-6.387855	-6.143096	-2.131937	-7	-0.8401536	-0.4210651	-12.46689	-0.005114531	-2.463504
28.84	-6.362558	-6.143096	-1.989635	-7	-0.8682121	-0.4771705	-11.87305	-0.1730539	-2.608273
28.86	-6.389025	-6.143096	-2.1346	-7	-0.8561034	-0.4520825	-12.89977	-0.2341222	-2.786595
28.88	-6.392673	-6.143096	-2.150499	-7	-0.8603525	-0.4357246	-12.92363	-0.1577863	-2.624411
28.9	-6.311471	-6.074806	-1.76199	-7	-0.8701364	-0.4575029	-12.77061	-0.06618368	-2.625631
28.92	-6.312069	-6.074806	-1.818009	-7	-0.878209	-0.4600076	-14.04698	-0.1119852	-3.036611
28.94	-6.396696	-6.143096	-2.267836	-7	-0.9040749	-0.4463136	-14.3413	-0.1577863	-2.966931
28.96	-6.355935	-6.074806	-2.087886	-7	-0.8964218	-0.4205586	-13.91198	-0.1425196	-2.543727
28.98	-6.358254	-6.074806	-2.136968	-7	-0.8790129	-0.4059794	-14.65786	-0.1883207	-2.758616
29	-6.397892	-6.143096	-2.327587	-7	-0.916785	-0.4520653	-13.61151	-0.127252	-2.706472
29.02	-6.402658	-6.143096	-2.336431	-7	-0.9275537	-0.4837897	-12.58713	-0.127252	-2.578258
29.04	-6.414001	-6.143096	-2.384456	-7	-0.9052241	-0.4727787	-12.67869	-0.2493898	-2.621037
29.06	-6.447216	-6.143096	-2.545234	-7	-0.8486052	-0.3877903	-13.93622	-0.1730539	-2.580619
29.08	-6.410758	-6.143096	-2.320046	-7	-0.8555568	-0.403211	-13.05445	-0.2035879	-2.381967
29.1	-6.413358	-6.143096	-2.315607	-7	-0.8418806	-0.400518	-13.7131	-0.1577863	-2.641273
29.12	-6.305385	-6.074806	-1.76833	-7	-0.8749121	-0.4547111	-13.03941	-0.2646566	-2.63222
29.14	-6.40704	-6.143096	-2.311824	-7	-0.8692893	-0.4221295	-15.29986	-0.1883207	-3.214193
29.16	-6.345541	-6.074806	-2.014421	-7	-0.8916098	-0.4061481	-14.57688	-0.09671804	-2.624226
29.18	-6.400127	-6.143096	-2.298223	-7	-0.9243438	-0.4570906	-14.50561	-0.1730539	-2.965418
29.2	-6.403042	-6.143096	-2.304976	-7	-0.9516656	-0.4892599	-13.35435	-0.2646566	-2.714237
29.22	-6.376436	-6.074806	-2.208474	-7	-0.9022232	-0.4298298	-14.59319	-0.06618368	-2.769782
29.24	-6.348275	-6.074806	-2.090789	-7	-0.9091475	-0.4331996	-14.79625	-0.127252	-2.838087
29.26	-6.451537	-6.211386	-2.579556	-7	-0.9744097	-0.51669	-13.48814	-0.1883207	-2.968587
29.28	-6.371359	-6.074806	-2.191078	-7	-0.9328269	-0.467535	-13.47447	-0.1119852	-2.557946
29.3	-6.438161	-6.143096	-2.537912	-7	-0.9031324	-0.4298238	-14.91542	-0.1883207	-2.952195
29.32	-6.418824	-6.143096	-2.409703	-7	-0.9219917	-0.4430566	-13.74341	-0.03564932	-2.573698
29.34	-6.367256	-6.074806	-2.168205	-7	-0.89044	-0.4199506	-14.68132	-0.2035879	-2.754742
29.36	-6.451973	-6.211386	-2.555086	-7	-0.952181	-0.4980758	-13.70982	-0.1883207	-2.971542
29.38	-6.401577	-6.143096	-2.277477	-7	-0.9640801	-0.5241451	-12.53858	-0.1883207	-2.64435
29.4	-6.391035	-6.143096	-2.224481	-7	-0.9643392	-0.5509266	-12.82561	-0.2035879	-2.971113
29.42	-6.348017	-6.074806	-2.047295	-7	-0.9346731	-0.4948589	-14.28468	-0.127252	-3.030252
29.44	-6.412128	-6.143096	-2.386873	-7	-0.9490522	-0.478278	-15.1	-0.1577863	-3.172292
29.46	-6.366602	-6.074806	-2.181927	-7	-0.9456981	-0.4481024	-15.10744	-0.3104581	-2.834334
29.48	-6.418938	-6.143096	-2.452101	-7	-0.9697379	-0.4794758	-15.05666	-1.562367	-3.057018
29.5	-6.435764	-6.143096	-2.530494	-7	-0.9738153	-0.476172	-14.5113	-3.547099	-2.816323
29.52	-6.408988	-6.143096	-2.375889	-7	-0.995313	-0.5324527	-13.25164	-2.829542	-2.774668
29.54	-6.317346	-6.143096	-1.884947	-7	-1.090226	-0.7255065	-10.27959	-1.959313	-2.986851
29.56	-6.369501	-6.074806	-2.243896	-7	-0.9886315	-0.5747418	-14.79865	-0.2646566	-3.602541
29.58	-6.411602	-6.143096	-2.459822	-7	-1.015346	-0.5384384	-14.41116	0.1322897	-3.110226
29.6	-6.372376	-6.143096	-2.241203	-7	-1.075759	-0.6436176	-12.06975	-0.4783975	-2.934702
29.62	-6.384862	-6.143096	-2.318408	-7	-1.076219	-0.6760997	-12.20013	-2.768473	-3.25544
29.64	-6.295334	-6.074806	-1.895074	-7	-1.093487	-0.7113435	-11.62039	0.1780916	-3.196469
29.66	-6.327532	-6.143096	-2.082664	-7	-1.148965	-0.7980785	-11.30604	-0.2035879	-3.658992
29.68	-6.31461	-6.074806	-2.0806	-7	-1.129864	-0.7445022	-12.27939	-0.386794	-3.520579
29.7	-6.439526	-6.143096	-2.754422	-7	-1.079655	-0.6261057	-14.33918	-0.3715273	-3.516734
29.72	-6.45767	-6.211386	-2.778901	-7	-1.131826	-0.6910639	-11.04428	-0.005114531	-2.799434
29.74	-6.298871	-6.074806	-1.973249	-7	-1.1228	-0.7699912	-9.688282	-0.2035879	-2.904414
29.76	-6.436523	-6.211386	-2.671804	-7	-1.10581	-0.7597371	-11.71367	-0.2493898	-3.755136
29.78	-6.429327	-6.143096	-2.625405	-7	-1.052431	-0.6310024	-12.34934	-0.1119852	-3.011567
29.8	-6.300081	-6.074806	-1.966929	-7	-1.068516	-0.6854653	-11.50081	-0.2646566	-3.039474
29.82	-6.386947	-6.143096	-2.433503	-7	-1.058668	-0.6621461	-13.7773	-0.06618368	-3.732749
29.84	-6.272825	-6.074806	-1.858173	-7	-1.133888	-0.7408396	-11.59259	-0.08145043	-3.216198
29.86	-6.449825	-6.211386	-2.76939	-7	-1.141528	-0.7438778	-13.13634	-0.5547334	-3.887495
29.88	-6.419259	-6.143096	-2.598722	-7	-1.12783	-0.6882007	-11.91714	-0.1425196	-2.961176
29.9	-6.436724	-6.143096	-2.688054	-7	-1.071196	-0.6379868	-13.03205	-0.7074048	-3.182272
29.92	-6.41788	-6.143096	-2.570144	-7	-1.056815	-0.6187939	-12.95671	-0.1577863	-3.060899
29.94	-6.375709	-6.143096	-2.330513	-7	-1.086129	-0.6822724	-12.12822	-0.1425196	-3.186893
29.96	-6.351638	-6.143096	-2.202319	-7	-1.124972	-0.7528131	-11.72509	-0.127252	-3.4661
29.98	-6.383921	-6.143096	-2.386619	-7	-1.121355	-0.7278352	-12.82991	-0.2188555	-3.627634
30	-6.381481	-6.143096	-2.377649	-7	-1.142308	-0.7324458	-12.44629	-0.1883207	-3.42819
30.02	-6.425257	-6.143096	-2.61949	-7	-1.108645	-0.6699182	-13.71819	-0.1883207	-3.47176
30.04	-6.340551	-6.074806	-2.208128	-7	-1.10899	-0.6647888	-13.32066	-0.1883207	-3.205802
30.06	-6.309158	-6.074806	-2.088437	-7	-1.137082	-0.7183051	-13.64435	-0.2341222	-3.645054
30.08	-6.382647	-6.143096	-2.483734	-7	-1.176184	-0.7425663	-13.76257	-0.1730539	-3.781888
30.1	-6.496435	-6.211386	-3.04185	-7	-1.176575	-0.7094957	-13.32637	-0.2035879	-3.418662
30.12	-6.353763	-6.074806	-2.316017	-7	-1.154893	-0.716047	-11.81256	-0.1883207	-2.901298
30.14	-6.351004	-6.074806	-2.350227	-7	-1.108472	-0.687187	-14.15992	-0.1425196	-3.679553
30.16	-6.411401	-6.143096	-2.657187	-7	-1.12727	-0.6646849	-14.48422	-0.09671804	-3.581453
30.18	-6.410565	-6.143096	-2.63362	-7	-1.152358	-0.6903285	-13.34969	-0.2799238	-3.289139
30.2	-6.427646	-6.143096	-2.713933	-7	-1.135992	-0.6820665	-13.57649	-0.1577863	-3.369085
30.22	-6.416351	-6.143096	-2.638479	-7	-1.135856	-0.6884565	-13.19571	-0.127252	-3.294041
30.24	-6.386249	-6.143096	-2.466711	-7	-1.160283	-0.7440004	-12.42232	-0.2646566	-3.393204
30.26	-6.406035	-6.143096	-2.572849	-7	-1.148113	-0.7273984	-13.32418	-0.2646566	-3.604916
30.28	-6.342813	-6.074806	-2.278006	-7	-1.139593	-0.7002211	-13.81551	-0.1577863	-3.485244
30.3	-6.494461	-6.211386	-3.036409	-7	-1.143815	-0.6730745	-14.95113	-0.2341222	-3.77601
30.32	-6.342281	-6.074806	-2.252831	-7	-1.167106	-0.705165	-12.72089	-0.2035879	-3.008371
30.34	-6.424658	-6.143096	-2.698316	-7	-1.14189	-0.6952845	-14.91503	-0.3257257	-3.873254
30.36	-6.417663	-6.143096	-2.647408	-7	-1.16716	-0.6915802	-13.93314	-2.493664	-3.376783
30.38	-6.445808	-6.143096	-2.79253	-7	-1.14233	-0.6620361	-14.65447	0.2238927	-3.478971
30.4	-6.31012	-6.074806	-2.101871	-7	-1.195219	-0.7608494	-12.66831	-0.02038214	-3.324633
30.42	-6.406472	-6.143096	-2.629251	-7	-1.189354	-0.7557232	-14.76772	-0.8753437	-4.097348
30.44	-6.265809	-6.006517	-1.968034	-7	-1.21153	-0.7528815	-14.01744	-0.03564932	-3.533081
30.46	-6.414137	-6.143096	-2.766727	-7	-1.227174	-0.7570581	-15.72813	-0.7990079	-4.240966
30.48	-6.423699	-6.211386	-2.754361	-7	-1.347143	-0.9064783	-10.98314	-1.470764	-3.427347
30.5	-6.55907	-6.211386	-3.446554	-7	-1.225197	-0.767059	-13.44099	-0.3409925	-3.632141
30.52	-6.333973	-6.074806	-2.268583	-7	-1.227805	-0.8111092	-10.5333	-1.562367	-2.863371
30.54	-6.356806	-6.143096	-2.399368	-7	-1.233177	-0.8867337	-12.13446	-0.3104581	-4.128629
30.56	-6.351327	-6.143096	-2.374885	-7	-1.276367	-0.9050935	-11.84066	-0.2493898	-3.963577
30.58	-6.391153	-6.143096	-2.601066	-7	-1.271037	-0.8720607	-12.82584	-0.4325956	-4.022915
30.6	-6.331582	-6.074806	-2.334763	-7	-1.267128	-0.8472058	-12.98131	-0.982214	-3.788805
30.62	-6.330948	-6.074806	-2.383651	-7	-1.268872	-0.8407115	-14.00384	-1.470764	-4.069905
30.64	-6.34329	-6.074806	-2.493877	-7	-1.27893	-0.8208725	-14.51329	-2.096718	-4.016397
30.66	-6.221432	-6.074806	-1.879819	-7	-1.43098	-1.065969	-10.11366	-1.257023	-3.921845
30.68	-6.436463	-6.211386	-3.012743	-7	-1.430419	-1.072733	-11.83655	-0.5089315	-4.725194
30.7	-6.419543	-6.143096	-2.922875	-7	-1.397355	-0.9872483	-10.44476	0.07122137	-3.581606
30.72	-6.345202	-6.074806	-2.57044	-7	-1.334482	-0.9568062	-10.9694	-0.4936643	-3.730894
30.74	-6.319464	-6.143096	-2.421723	-7	-1.393782	-1.074857	-9.503267	-0.1730539	-4.068264
30.76	-6.378373	-6.143096	-2.742847	-7	-1.36051	-1.019007	-11.14728	-0.4020616	-4.288972
30.78	-6.384465	-6.143096	-2.764874	-7	-1.352968	-0.9800804	-10.99628	-0.1577863	-3.931357
30.8	-6.377367	-6.143096	-2.715676	-7	-1.349735	-0.9862512	-10.78775	-0.005114531	-3.92795
30.82	-6.37802	-6.143096	-2.710207	-7	-1.341476	-0.9806572	-11.02601	-0.1119852	-3.995922
30.84	-6.452541	-6.211386	-3.051026	-7	-1.339783	-0.9675332	-11.13277	-0.2188555	-4.003841
30.86	-6.386976	-6.143096	-2.688599	-7	-1.326428	-0.9583986	-10.47121	-0.2035879	-3.672853
30.88	-6.30175	-6.074806	-2.278967	-7	-1.309911	-0.9632107	-11.50385	-0.06618368	-4.058848
30.9	-6.335151	-6.143096	-2.457907	-7	-1.362304	-1.01393	-11.85475	-0.005114531	-4.441262
30.92	-6.233099	-6.006517	-2.014286	-7	-1.366789	-0.9892291	-12.63634	-0.02038214	-4.283996
30.94	-6.34682	-6.143096	-2.627924	-7	-1.432342	-1.045815	-12.93879	-0.06618368	-4.725901
30.96	-6.360719	-6.143096	-2.702057	-7	-1.487708	-1.096138	-10.78292	-0.06618368	-4.152067
30.98	-6.106557	-5.801648	-1.593292	-7	-1.36244	-0.9501265	-14.08991	0.162824	-4.191409
31	-6.069954	-5.869938	-1.574233	-7	-1.433319	-1.016847	-16.0601	0.07122137	-5.202353
31.02	-6.053852	-5.801648	-1.704052	-7	-1.483051	-0.9841968	-17.9705	-0.1730539	-5.228065
31.04	-7.227276	-6.894283	-7.397076	-7	-1.628186	-1.00325	-15.2229	-1.730306	-5.097626
31.06	-7.325771	-6.825994	-7.330463	-7	-1.503273	-0.9150823	0.2412643	-4.737939	0.4098864
31.08	-5.375068	-5.118752	2.426523	-7	-1.099324	-1.058807	2.302819	-1.638703	-0.08373165
31.1	-6.506094	-6.484545	-3.442305	-7	-1.119279	-1.08418	-20.49686	9.368931	-9.677341
31.12	-6.762554	-6.552835	-4.443	-7	-1.383723	-0.8558832	-11.08326	10.51397	-3.153792
31.14	-7.642702	-7.50889	-8.173156	-7	-1.652148	-1.377708	3.84705	-10.92114	-2.475574
31.16	-6.308817	-6.143096	-1.106287	-7	-1.381724	-1.487857	15.04812	-0.005114531	0.758563
31.18	-7.07476	-7.167441	-4.685669	-7	-1.313578	-1.69205	3.943791	0.1780916	-6.431985
31.2	-6.908266	-6.825994	-3.471821	-7	-1.215308	-1.308834	5.729275	10.39183	-2.438233
31.22	-6.762479	-6.484545	-2.668933	-7	-0.8225913	-0.7728887	-7.150127	-6.096717	-3.58643
31.24	-8.059741	-7.850338	-8.56381	-7	-0.9364552	-0.6414063	-7.952669	4.178092	-3.801638
31.26	-5.930802	-6.074806	2.612709	-7	-1.181566	-1.325336	16.91144	-2.218855	2.135272
31.28	-7.673286	-7.50889	-6.239259	-7	-0.8114784	-0.9371812	-17.31326	1.307862	-9.635694
31.3	-7.388527	-7.099152	-4.273536	-7	-0.9076524	-0.4366612	-4.038165	12.19336	0.3310089
31.32	-7.531814	-7.304021	-4.586255	-7	-0.8246447	-0.6274961	-3.968583	-16.84481	-1.949361
31.34	-7.526829	-6.825994	-4.478189	-7	-0.1592612	0.4110882	-21.77234	13.36893	-1.526433
31.36	-8.162242	-7.850338	-6.953153	-7	-0.3968952	0.2298096	-14.75179	-0.1730539	-0.8300896
31.38	-6.537429	-6.143096	1.35075	-7	-0.160253	0.3048439	-12.98455	8.712442	1.473179
31.4	-7.33672	-7.4406	-2.533003	-7	-0.6176463	-0.403048	-20.58493	-1.363893	-6.647197
31.42	-7.481163	-7.235731	-3.087923	-7	-0.807087	-0.2358078	-16.95587	4.117023	-2.602735
31.44	-8.53785	-8.191787	-7.89261	-7	-0.9310949	-0.3412647	-11.37898	4.758244	-2.155978
31.46	-8.106621	-7.850338	-4.98046	-7	-0.9652648	-0.6702249	8.918589	-11.19595	2.480366
31.48	-8.365407	-7.850338	-5.928655	-7	-0.3075978	-0.146422	-5.057316	2.651373	-0.9067879
31.5	-7.283543	-7.50889	0.1460406	-7	-0.6693569	-0.8714304	12.05887	2.880381	0.7492847
31.52	-8.745257	-8.464945	-6.986454	-7	-0.2742009	-0.2558024	-13.94589	11.27733	-5.69704
31.54	-8.20431	-8.123497	-3.459258	-7	-0.537243	-0.3201104	6.227353	2.468167	2.38984
31.56	-9.768334	-9.147842	-10.69788	-7	0.05978447	0.4124039	-12.26849	2.666641	-1.594413
31.58	-8.977381	-9.147842	-5.168641	-7	-0.5198078	-0.606385	29.28702	-8.982214	6.485821
31.6	-9.226941	-8.738104	-5.937825	-7	0.5108157	0.2400782	1.101381	6.819312	-0.1057978
31.62	-7.817466	-8.806395	2.357062	-7	-0.6044072	-1.554595	37.66425	3.964351	2.016746
31.64	-8.587503	-8.533236	-1.752237	-7	0.1667072	-0.4875735	-7.849373	15.00252	-7.293109
31.66	-9.039437	-9.352711	-3.31164	-7	-0.4622339	-0.5785199	5.195373	0.9414502	-1.491214
31.68	-8.675535	-8.055207	-1.61691	-7	0.3627546	0.6983914	-17.58369	2.193358	-0.3387222
31.7	-8.056697	-8.123497	1.632958	-7	-0.02516713	0.2327797	-12.87893	-20.41733	-1.041376
31.72	-8.469428	-8.123497	-0.7942784	-7	0.1157516	0.6889679	-32.81713	1.75061	-4.408751
31.74	-9.042573	-9.147842	-3.227423	-7	-0.7572731	-0.1874427	-10.16096	-5.898244	-1.330982
31.76	-8.396605	-9.079553	0.6236894	-7	-1.768807	-2.18529	30.87045	-2.386794	0.2353745
31.78	-11.09238	-10.1039	-13.0251	-7	-0.2928243	-0.04400861	-14.8746	-5.684504	-4.992087
31.8	-9.877369	-8.806395	-6.097902	-7	0.572234	1.495112	-1.311337	0.1170225	10.32154
31.82	-10.2735	-9.830739	-7.150239	-7	0.896832	1.18838	-4.821207	-3.501298	3.457458
31.84	-7.86737	-8.464945	5.762924	-7	0.2346552	-0.3211153	23.73107	0.3612973	4.949542
31.86	-8.996567	-9.421001	-0.06039548	-7	0.1789552	-0.5201159	-8.869668	14.07122	-8.604308
31.88	-10.08522	-10.44535	-4.811005	-7	-0.5714797	-0.6640069	7.501918	18.01015	-1.691411
31.9	-10.36213	-9.147842	-6.286821	-7	0.8999788	1.65859	-23.98732	0.3460302	2.47094
31.92	-9.875347	-10.1039	-2.67549	-7	0.07225233	0.2525688	12.72073	-11.39443	5.357954
31.94	-10.49527	-10.1039	-5.380549	-7	0.6607672	0.691531	-4.189673	2.193358	0.7030611
31.96	-9.690838	-9.830739	-0.5517451	-7	0.395546	0.2601223	12.44064	13.61321	4.235959
31.98	-10.39608	-9.830739	-4.055104	-7	1.222451	1.436648	-21.3259	6.559771	-0.8890047
32	-8.995577	-9.421001	3.63589	-7	0.3756142	0.3614827	6.926	6.590304	3.976356
32.02	-10.21293	-9.48929	-3.034996	-7	1.307362	1.840093	-42.94614	-1.470764	-4.521452
32.04	-8.940624	-9.48929	4.000105	-7	-0.1144726	0.2236474	2.983385	4.712443	3.898637
32.06	-9.912621	-9.421001	-1.523968	-7	0.4985224	0.9232885	-32.18855	-9.516565	-4.704228
32.08	-8.410211	-9.557581	6.598184	-7	-1.366276	-1.707549	29.02029	1.857481	1.9792
32.1	-10.9508	-10.44535	-6.876464	-7	-0.3598912	-0.3690401	-18.44195	-9.684504	-8.321901
32.12	-8.381438	-9.48929	6.863289	-7	-1.881392	-2.576575	57.47784	-1.455497	6.654314
32.14	-10.62866	-10.37706	-5.215333	-7	-0.5680211	-1.353447	0.3414812	-9.791373	-9.564205
32.16	-9.07192	-10.44535	3.705711	-7	-2.126491	-3.363729	71.51157	-3.348626	4.446344
32.18	-11.32004	-10.44535	-8.35452	-7	0.1487892	-0.4654189	-3.705103	-5.562366	-6.808139
32.2	-8.522209	-10.44535	7.358688	-7	-2.060998	-3.740038	93.08456	-3.531832	8.016553
32.22	-10.76579	-10.37706	-4.915015	-7	0.1405103	-1.23792	4.211578	2.727709	-10.79882
32.24	-8.767143	-10.44535	6.361105	-7	-1.644285	-3.209765	75.39835	-5.012748	4.656835
32.26	-10.82447	-10.37706	-4.847259	-7	0.2763466	-0.7212815	-1.711666	-4.783741	-8.912906
32.28	-8.485233	-10.37706	8.175055	-7	-1.838933	-3.464771	79.95605	-2.371527	5.053838
32.3	-11.0465	-10.37706	-5.858608	-7	0.4146262	-0.4539093	-11.93062	-5.898244	-10.6582
32.32	-6.721843	-9.079553	16.89195	-7	-2.234043	-4.090487	90.09465	4.742976	6.572828
32.34	-10.38641	-10.1039	-3.472127	-7	-0.196119	-1.413017	-23.34983	-9.226488	-19.58338
32.36	-7.474946	-10.1039	12.40963	-7	-3.528064	-5.306757	99.93565	3.368931	4.41361
32.38	-10.54018	-10.1039	-4.812397	-7	-1.128437	-2.504531	2.20293	-6.279923	-15.83895
32.4	-8.363497	-10.03561	7.019928	-7	-2.921189	-4.44355	87.06927	8.23916	4.601653
32.42	-9.764163	-9.762449	-1.18487	-7	-1.205255	-2.799696	25.14275	-12.4326	-10.11378
32.44	-8.173402	-8.738104	6.547258	-7	-1.204242	-2.216762	37.42646	-29.08908	0.2100239
32.46	-9.71762	-9.69416	-1.925829	-7	-0.483468	-1.072327	-1.627536	8.788778	-7.836624
32.48	-10.7302	-10.7185	-6.414381	-7	-0.6723663	-0.6413416	17.10106	-20.73794	1.901257
32.5	-9.475986	-9.48929	0.3171297	-7	-0.3244675	-0.8097256	33.60937	16.08649	5.793771
32.52	-10.37415	-10.44535	-3.913478	-7	0.1545	-0.5514369	17.13351	-12.34099	-1.168082
32.54	-10.21081	-10.37706	-2.375932	-7	0.2339298	-0.3116443	26.43499	25.84221	3.802496
32.56	-10.43624	-10.1039	-3.226279	-7	1.082452	0.7879574	4.590889	15.49107	2.218557
32.58	-10.26479	-10.78679	-1.329306	-7	0.4990529	-0.07235819	26.51254	13.59794	4.142223
32.6	-11.23666	-11.67456	-5.215638	-7	0.3503473	-0.5362472	32.04845	17.75061	1.744745
32.62	-9.901373	-10.37706	2.224914	-7	0.4773011	-0.6629096	43.61797	12.97198	5.65579
32.64	-10.01869	-10.1039	1.474925	-7	1.280094	0.3781387	5.334722	13.23153	-1.787021
32.66	-10.59098	-11.05995	-0.8361008	-7	0.7816661	0.3317522	9.41255	5.109388	0.5166531
32.68	-11.14602	-10.78679	-3.375714	-7	1.313184	1.413291	-5.619888	10.83458	2.768405
32.7	-10.51743	-10.7185	0.4845948	-7	0.9665043	0.8471003	13.36036	-16.63107	6.035213
32.72	-11.98645	-11.67456	-6.438128	-7	1.432009	1.455705	-4.906357	3.765877	1.772771
32.74	-11.208	-11.67456	-1.177336	-7	0.7336131	0.3311273	36.69798	0.7277097	9.517243
32.76	-11.44603	-11.4014	-1.978834	-7	1.465595	0.7531394	16.40354	11.26206	3.1626
32.78	-10.36463	-11.4014	4.375537	-7	0.6422083	-0.5802251	44.25659	1.475801	5.002902
32.8	-10.99123	-10.99166	0.8883582	-7	1.541061	0.7411946	0.3642164	18.68191	-2.066577
32.82	-9.470284	-10.03561	8.500369	-7	1.081436	0.5998483	8.990788	-3.806641	3.075521
32.84	-11.82854	-11.05995	-4.141792	-7	2.067768	2.699975	-50.38842	2.697175	-4.713875
32.86	-11.18073	-11.4014	0.09314167	-7	0.7881328	1.535125	5.47518	-15.24175	9.890395
32.88	-13.04175	-11.4014	-9.556775	-7	2.635	3.893204	-46.703	-3.409695	3.823558
32.9	-11.47195	-11.33311	-0.3128507	-7	1.862403	2.717657	7.16193	-19.01275	15.51122
32.92	-12.09287	-11.33311	-3.313348	-7	2.833391	3.31273	-25.86583	20.4071	4.792109
32.94	-11.01135	-11.4014	3.06901	-7	1.913601	2.037821	7.020519	1.689542	9.221213
32.96	-11.58542	-11.33311	0.1074346	-7	2.350255	2.476895	-20.14956	24.86511	1.937995
32.98	-11.08247	-11.4014	3.108607	-7	1.630149	1.766379	-0.2530632	3.994884	5.970441
33	-11.94578	-11.33311	-1.510765	-7	2.318654	2.88907	-30.37384	13.68954	2.385143
33.02	-11.4017	-11.74285	1.952125	-7	1.337794	1.632812	6.413317	-9.745572	8.147084
33.04	-12.88221	-11.67456	-5.820225	-7	2.771569	3.683788	-39.88346	4.34603	3.522655
33.06	-11.1781	-11.81114	4.014298	-7	1.304659	1.458054	25.34374	-0.6921376	13.08295
33.08	-11.7167	-11.74285	1.141622	-7	1.797784	1.347546	-0.1531857	3.292595	1.235353
33.1	-10.78918	-11.74285	6.284534	-7	0.7906806	0.02163237	30.89739	7.582672	5.112495
33.12	-12.55979	-11.67456	-3.413206	-7	2.382633	2.622158	-31.78782	1.04832	-1.020342
33.14	-9.994948	-10.65022	9.964231	-7	1.212323	1.207943	19.57505	-8.066183	10.90638
33.16	-11.68647	-10.78679	0.111269	-7	2.684385	3.22149	-54.87172	-7.86771	-4.08376
33.18	-9.630066	-11.05995	11.16655	-7	0.1319439	0.03134894	28.19348	-0.1883207	8.263988
33.2	-11.61792	-10.99166	-0.2740679	-7	1.435705	1.605257	-35.62748	-6.127252	-5.779021
33.22	-8.285933	-10.03561	16.74099	-7	-0.9621553	-1.739277	52.63947	-5.86771	7.663937
33.24	-11.71836	-11.4014	-2.296987	-7	0.3944188	-0.05280864	-25.81488	-6.707404	-12.49647
33.26	-8.708007	-10.37706	13.2921	-7	-1.794711	-2.729748	71.31892	-5.562366	8.855099
33.28	-12.46843	-11.60627	-7.257781	-7	0.4750893	0.04506373	-18.79158	-7.37916	-10.13906
33.3	-9.252669	-10.7185	9.958026	-7	-1.409711	-2.407356	83.99899	-1.440229	13.32136
33.32	-10.64972	-9.762449	0.966723	-7	1.373303	0.6056918	-17.5248	-5.150153	-7.298521
33.34	-8.405211	-10.17219	12.73715	-7	-0.7951761	-1.905226	55.22409	-4.447863	5.238698
33.36	-9.821906	-10.1039	4.151101	-7	0.06359255	-1.028317	2.095434	-10.50893	-9.14068
33.38	-9.197227	-11.4014	7.945432	-7	-2.376102	-4.145979	82.37251	-1.302825	1.05811
33.4	-10.77093	-10.44535	-1.333174	-7	-0.3668081	-1.586243	21.53893	-8.508931	-5.77179
33.42	-9.380303	-10.51364	6.060152	-7	-1.150317	-2.549296	69.7706	-17.28756	5.596236
33.44	-11.69749	-10.44535	-6.775806	-7	1.585832	1.352445	-17.77245	-3.928779	-3.373062
33.46	-9.056685	-10.44535	7.85852	-7	-0.2486752	-1.18433	69.15387	3.704809	12.62816
33.48	-10.46125	-10.44535	0.01395088	-7	1.143546	-0.06710196	8.919994	-5.318092	-4.780008
33.5	-9.476827	-10.37706	5.437059	-7	0.3651705	-0.5619885	39.81968	13.72007	5.203864
33.52	-10.89728	-10.44535	-2.277288	-7	1.640933	1.33	-9.271313	9.613205	-1.183117
33.54	-9.860709	-10.37706	3.584575	-7	0.9177161	0.625959	26.4148	-7.577633	8.302708
33.56	-11.79067	-11.26482	-6.137576	-7	1.909518	1.906307	-9.554117	12.98725	1.383209
33.58	-10.09914	-10.37706	3.270374	-7	1.467792	1.297009	29.32642	-8.234122	12.45663
33.6	-11.73354	-11.4014	-4.7856	-7	2.315793	2.086231	-5.713652	19.13992	2.062839
33.62	-11.20637	-11.33311	-1.023857	-7	2.013385	1.934712	21.33886	-1.913512	11.50949
33.64	-10.15141	-10.1039	4.395965	-7	2.609682	2.182503	6.051369	26.83458	7.136444
33.66	-9.748549	-10.1039	6.316479	-7	2.449259	2.105264	-7.758951	-2.402061	2.572799
33.68	-11.20205	-11.26482	-0.9215999	-7	2.169227	2.408573	-19.7895	30.66664	1.217713
33.7	-11.55568	-10.99166	-2.385748	-7	2.386783	3.231087	-16.84204	1.033053	8.797243
33.72	-11.42061	-11.12824	-1.112197	-7	2.367413	2.898474	-3.402511	-0.7532063	10.32482
33.74	-9.744843	-10.03561	7.509434	-7	2.139314	1.918856	10.14489	-8.203588	8.798371
33.76	-10.32167	-10.1039	3.886199	-7	2.692052	2.802026	-30.62174	13.49107	-0.0765996
33.78	-9.858128	-10.1039	6.109403	-7	1.926703	2.395138	-16.50512	13.88801	4.923936
33.8	-10.57399	-10.1039	1.847827	-7	2.202024	3.028845	-37.2786	3.414732	2.127339
33.82	-11.31489	-11.33311	-1.44287	-7	1.379881	2.156734	-7.618984	-14.26466	7.017026
33.84	-12.31681	-11.4014	-6.232371	-7	2.169581	3.059648	-12.77948	-5.653969	9.218582
33.86	-10.13471	-10.37706	5.49218	-7	1.766587	1.677368	28.99574	-6.99748	14.36983
33.88	-10.58981	-10.37706	2.690039	-7	2.662436	2.355315	-13.2152	11.39946	1.547172
33.9	-9.659587	-10.44535	7.646286	-7	1.629636	1.283375	12.67525	16.86511	5.91691
33.92	-11.27633	-10.37706	-1.403226	-7	2.922908	3.557654	-45.10611	10.66664	0.07284689
33.94	-9.087553	-9.421001	9.783935	-7	1.868511	2.432119	-2.053287	-13.25702	11.07688
33.96	-11.08328	-9.421001	-1.860344	-7	3.782379	5.372572	-87.48512	-2.050916	-1.548201
33.98	-10.72816	-10.78679	0.870096	-7	1.967418	3.631426	-20.61869	-11.42496	12.95847
34	-12.65206	-10.7185	-9.172776	-7	3.653678	5.685271	-64.78353	8.4529	7.851023
34.02	-10.06059	-9.762449	4.835233	-7	2.849452	4.180459	-5.941513	-17.86771	19.55414
34.04	-12.17446	-9.762449	-6.894106	-7	5.465626	7.660668	-104.1431	24.68191	3.849294
34.06	-9.770854	-9.762449	6.43389	-7	3.550867	5.476286	-29.95945	4.223892	19.14176
34.08	-11.85248	-10.7185	-4.36506	-7	4.188374	5.855275	-73.84494	16.5445	3.439197
34.1	-10.53922	-10.78679	3.427166	-7	2.487237	3.664093	-5.596985	-3.730305	15.7193
34.12	-12.7811	-10.7185	-8.492919	-7	4.643564	6.528198	-78.50005	11.3384	5.683307
34.14	-9.315164	-9.762449	10.18127	-7	2.794682	3.78988	5.454635	-4.67687	20.28135
34.16	-10.98898	-9.830739	0.503058	-7	4.302178	5.3342	-75.46751	15.26206	-1.022379
34.18	-7.624427	-8.806395	17.70486	-7	1.811025	2.302404	-0.3327904	-0.6768704	11.3757
34.2	-10.96926	-10.03561	-0.9740806	-7	2.881584	4.007102	-83.52298	2.025419	-8.526073
34.22	-8.791086	-9.079553	10.05473	-7	1.120817	2.496512	-11.15182	-10.44786	12.54968
34.24	-12.49618	-10.44535	-9.982648	-7	3.107986	5.234536	-88.21413	-4.096718	-1.118838
34.26	-9.82246	-10.44535	5.0806	-7	0.7207051	1.759742	33.99575	-6.936412	21.37155
34.28	-11.13909	-10.44535	-2.195485	-7	2.176317	2.169499	-11.90258	-6.432595	2.231762
34.3	-9.539405	-10.44535	6.644868	-7	1.005501	0.4407437	42.65932	-2.768473	11.18234
34.32	-11.06193	-10.30877	-1.825074	-7	2.713234	2.611469	-20.45519	-0.3257257	0.598217
34.34	-8.963909	-10.37706	9.72996	-7	0.8329226	0.0245384	51.42615	2.620839	11.34668
34.36	-10.66373	-10.51364	0.3308034	-7	2.034575	1.324278	-5.700784	-8.829542	-2.594173
34.38	-8.852775	-10.44535	10.19959	-7	0.243382	-0.9635699	60.8294	7.353664	8.750273
34.4	-10.76497	-10.37706	-0.5438247	-7	1.902104	1.208411	-7.54439	-11.33336	-3.39378
34.42	-8.777943	-10.44535	10.30977	-7	-0.01231873	-1.261131	67.73061	-4.585267	9.684788
34.44	-9.455087	-9.421001	5.476653	-7	1.518682	0.3768405	4.049667	-10.46313	-3.756444
34.46	-6.586153	-9.421001	20.19659	-7	-1.325865	-3.669748	88.442	0.3460302	3.235917
34.48	-8.925809	-9.48929	6.218831	-7	-0.09842034	-1.939554	8.640706	-10.84481	-14.63898
34.5	-8.449672	-9.762449	8.329415	-7	-1.309803	-2.451733	53.82115	-17.48603	1.651564
34.52	-10.58883	-9.762449	-3.778353	-7	0.6668738	0.4418757	-3.579626	-17.83718	-2.295978
34.54	-8.368723	-8.874683	7.617453	-7	0.1884912	-0.2581323	46.61199	-20.72267	11.68772
34.56	-10.61386	-10.03561	-4.398078	-7	1.6938	1.402533	-7.966331	-8.325726	-1.275838
