0	0.7542406	0.6858721	3.546663	0	0.01388201	-0.05707707	-0.7988621	-0.05809075	0
0.02	0.7191811	0.6175833	2.885386	0	-0.05247217	-0.05911741	-11.71809	-0.1038927	-3.502584
0.04	0.676571	0.6858721	2.204685	0	-0.2190391	0.07163423	-14.70528	-0.6077092	-2.487365
0.06	0.417115	0.6175833	0.4606426	0	-0.2577405	0.2405889	-17.3619	-9.325266	-1.833703
0.08	0.7680329	0.6858721	2.021341	0	-0.6491614	-0.3680426	-2.33177	-9.126792	-0.1233856
0.1	0.7621226	0.6858721	1.593885	0	-0.744777	-0.7261755	-1.367053	-8.119159	-2.473002
0.12	0.6657965	0.6175833	0.7775958	0	-0.8080947	-0.7913188	0.5497353	-2.3329	-2.220409
0.14	-0.3641959	-0.3384733	-4.30204	0	-0.8806748	-0.8366042	6.091558	-1.004656	-1.60775
0.16	-0.4127788	-0.2701836	-4.105489	0	-0.6860666	-0.7629016	20.78607	-2.210763	3.128812
0.18	-0.3059743	-0.3384733	-3.058278	0	-0.3840899	-0.8964833	26.84219	-1.676412	2.404837
0.2	-0.08507931	-0.3384733	-1.436046	0	-0.1895577	-0.9868324	28.70899	2.231985	1.284694
0.22	0.3662056	0.07126522	1.060137	0	0.05658504	-0.789493	21.12762	11.54496	-0.2232839
0.24	0.2598566	0.07126522	0.5397075	0	0.2616078	-0.2937774	5.326075	11.39229	-2.215873
0.26	0.1038168	0.002975464	-0.1488412	0	0.2385955	0.06265084	-0.2711887	8.399923	-0.932969
0.28	0.05851013	0.002975464	-0.2489935	0	0.1574207	0.1163653	-0.153132	-1.539007	0.02308837
0.3	0.2164921	0.2761335	0.5127883	0	0.2408486	0.2847754	-4.066763	-1.386335	0.1353167
0.32	0.576365	0.3444233	2.309996	0	-0.06251383	-0.1678421	1.334846	-0.07335836	-0.4239992
0.34	-1.041104	-1.02137	-5.591799	0	-0.1684909	-0.1073591	-3.089535	-0.8672513	-2.492862
0.36	-1.33094	-1.08966	-6.235906	0	-0.09730692	0.07293677	16.96882	0.5983976	5.501862
0.38	-1.162725	-1.02137	-4.566886	0	0.2993954	-0.03258441	24.91554	-1.645877	5.429991
0.4	-0.5480765	-1.02137	-0.5854249	0	0.208702	-0.7612165	37.28857	1.697634	3.711726
0.42	-0.5738902	-1.08966	-0.2057686	0	0.3184023	-0.8539892	28.55901	15.88084	-0.546348
0.44	-0.59633	-0.9530802	0.03750062	0	0.4533196	-0.409546	18.77198	11.94191	-0.3598999
0.46	-0.9817644	-0.9530802	-1.687723	0	0.8149517	0.471335	2.009585	4.354122	-0.02676249
0.48	0.8543397	0.3444233	7.62095	0	0.4396244	-0.07932222	13.66311	-6.775648	2.561693
0.5	1.484347	1.300479	9.527658	0	0.7359164	0.427307	-27.48466	-4.363434	-7.150651
0.52	0.6240348	0.002975464	4.580195	0	-0.4653293	-0.2422945	-23.40673	-1.951221	-7.392286
0.54	-0.4767873	0.002975464	-1.695545	0	-0.3983346	0.5569364	-30.80849	-6.989388	-3.105086
0.56	0.1012731	0.002975464	1.250938	0	-1.095513	-0.5990238	7.969993	-26.10389	3.20723
0.58	0.2353259	0.002975464	1.619807	0	-1.171531	-1.500993	16.02766	-14.4245	-1.591844
0.6	0.3343819	0.002975464	1.821736	0	-1.202035	-1.765972	20.20122	-0.760381	-2.421155
0.62	-0.1531097	-0.133604	-0.9831291	0	-0.7974942	-1.14539	9.321518	2.58313	-2.896269
0.64	0.2309122	0.002975464	0.9614553	0	-0.8573626	-1.25255	20.60676	-0.5161061	0.3357014
0.66	0.5831151	0.4127131	2.391924	0	-0.5845857	-1.12597	12.71503	-3.340533	-2.101177
0.68	-0.7029243	-1.08966	-3.801373	0	-0.9077376	-1.40869	17.79999	1.468627	-3.179722
0.7	-0.9659771	-1.02137	-4.546122	0	-0.7335938	-1.192084	31.54171	-1.584808	2.671956
0.72	-1.055919	-0.9530802	-4.445093	0	-0.08830566	-0.7095156	29.03255	-1.233664	2.947659
0.74	0.6767251	0.3444233	4.526875	0	0.2179339	-0.7413529	30.54968	7.575497	3.223907
0.76	-0.310551	-0.7482109	-0.4323943	0	0.2742077	-0.5953997	5.715493	11.08695	-5.520484
0.78	-0.6402044	-0.7482109	-1.761628	0	0.2073474	0.005273834	6.750122	14.27779	0.5048396
0.8	-1.030758	-0.6799221	-3.495397	0	0.6765831	0.8043742	-3.59016	-7.493206	1.835032
0.82	-0.1957331	-0.7482109	1.464915	0	-0.02832586	-0.4789954	26.50933	-2.760381	4.15729
0.84	-0.4839182	-0.6799221	0.02425122	0	0.2609545	-0.3975774	9.60533	0.1403826	-2.024307
0.86	-0.7311887	-0.6799221	-1.111616	0	0.4837257	0.3386366	0.426113	12.8274	0.2251085
0.88	-1.052714	-0.7482109	-2.543377	0	0.7935382	1.019671	-7.704442	-3.645877	1.83187
0.9	-0.8956701	-0.6799221	-1.400683	0	0.8642011	1.147428	-4.649033	3.270153	3.715753
0.92	-0.2468351	-0.7482109	2.358275	0	0.2208809	-0.1286199	15.7079	1.010611	2.559276
0.94	-0.3274003	-0.6799221	1.89555	0	0.151585	-0.4070658	7.587014	8.781603	-2.051783
0.96	-0.3764972	-0.6799221	1.60533	0	-0.02703103	-0.3918615	6.843459	2.857939	-1.248719
0.98	-0.6028165	-0.6799221	0.3453012	0	0.02280398	-0.1451313	1.901252	-3.997022	-0.9723641
1	-0.6646572	-0.6799221	0.01790914	0	0.0420192	-0.001346871	2.761006	-5.14206	0.4687358
1.02	0.5114057	0.2761335	5.644226	0	-0.03544776	-0.3051511	6.900406	-6.775648	0.7488455
1.04	0.2368347	0.3444233	3.375836	0	0.3183084	0.3667661	-22.59472	-0.4550374	-5.048622
1.06	0.4121803	0.2761335	3.802064	0	-0.2022533	0.1919427	-14.98538	-1.73748	-1.628936
1.08	-1.047291	-1.02137	-3.639724	0	-0.574984	-0.1609428	-9.510351	-14.22603	-2.611077
1.1	-1.172204	-1.02137	-3.850133	0	-0.6779905	-0.4235422	16.25896	-1.52374	4.338472
1.12	-0.9023959	-0.9530802	-2.0737	0	-0.4621654	-0.8978723	28.8371	-5.783281	3.441568
1.14	0.03399035	0.2761335	2.34322	0	0.480457	0.04586822	7.365369	13.86557	1.265
1.16	-0.3437105	-0.6799221	0.5440797	0	0.2257433	-0.1469506	2.952586	12.62893	-1.981431
1.18	-0.7055492	-0.7482109	-1.147818	0	0.1990946	0.1220432	1.351612	12.35412	-0.03095233
1.2	-0.539221	-0.6799221	-0.05257821	0	0.05344997	-0.1099591	10.09873	-0.5466405	1.73107
1.22	-0.8185117	-0.6799221	-1.426832	0	0.3853608	0.3004662	-0.04988956	-2.256564	0.2944022
1.24	-0.4762727	-0.6799221	0.6103459	0	0.1524054	-0.04219691	11.06523	-0.6840451	2.1785
1.26	-0.7241371	-0.7482109	-0.5910965	0	0.3263065	0.1007853	2.661616	-0.02755682	-0.2916054
1.28	-0.6420968	-0.7482109	0.02376574	0	0.2496831	0.09905519	6.335767	1.086947	1.318396
1.3	-0.6674666	-0.6799221	-0.04002262	0	0.3586999	0.2228239	2.197298	-0.01228922	0.5851658
1.32	-0.4891114	-0.6799221	0.9986449	0	0.1950652	-0.007672027	6.617059	-0.3481672	0.8755898
1.34	-0.5241292	-0.6116323	0.7748313	0	0.2391975	0.05334007	1.715118	-0.05809075	-0.3389134
1.36	-0.6883715	-0.7482109	-0.02307531	0	0.1972798	0.1308124	0.8898251	0.1556493	0.1030318
1.38	-0.6717113	-0.6799221	0.1023892	0	0.2068295	0.1816593	1.845052	-0.4245031	0.9236382
1.4	-0.7034444	-0.6799221	-0.03740107	0	0.2701739	0.2546678	0.4188536	-0.01228922	0.7689962
1.42	-0.5534586	-0.6799221	0.8065062	0	0.1447874	0.03032947	5.056941	0.3083211	0.9885042
1.44	-0.6158134	-0.6799221	0.4605787	0	0.1782345	0.03989032	2.147263	-0.3176328	-0.05225636
1.46	-0.6828414	-0.6799221	0.1081347	0	0.2260535	0.1945058	0.2404329	0.1709169	0.4191697
1.48	-0.6332929	-0.6799221	0.3976905	0	0.1834298	0.1416507	2.298602	-0.05809075	0.8574576
1.5	-0.6766378	-0.6799221	0.1706533	0	0.2284812	0.1873512	0.6374067	0.03351232	0.4813147
1.52	0.5547563	0.4127131	5.999706	0	0.2309805	0.08059318	0.4041452	0.2167185	0.7864436
1.54	0.4414233	0.2761335	4.666501	0	0.1548703	0.1149613	-18.09651	-0.2260297	-5.012886
1.56	0.331402	0.2761335	3.471531	0	-0.1871998	0.2097481	-19.65736	-0.05809075	-3.062395
1.58	-1.273182	-0.9530802	-4.794535	0	-0.3252231	0.4178705	-19.51472	-6.210763	-2.04768
1.6	-1.025328	-0.9530802	-2.984929	0	-0.7001533	-0.3361155	18.30905	-15.75275	5.973418
1.62	-1.061051	-1.02137	-2.833554	0	-0.3549885	-0.7378674	23.746	-5.554274	2.527785
1.64	-0.4980371	-1.02137	0.5353854	0	-0.4985529	-1.455735	39.60229	1.896107	2.274888
1.66	-0.769374	-1.08966	-0.6814191	0	-0.1146974	-1.151456	25.79248	11.60603	-1.646676
1.68	-0.828627	-1.02137	-0.7326475	0	0.1471851	-0.5347451	19.1417	10.44573	0.2929971
1.7	0.1994306	0.3444233	4.080768	0	0.819593	0.5206475	-1.951252	-0.02755682	0.7626804
1.72	-0.5737827	-0.9530802	0.2632251	0	0.3137073	0.1295135	-5.193787	-0.1496943	-2.954304
1.74	-0.8971962	-1.02137	-1.130314	0	0.0249726	0.03941858	4.090963	-0.7756482	0.8689892
1.76	-1.106737	-0.9530802	-2.023119	0	0.2405597	0.2686786	3.67571	-4.455037	1.815444
1.78	-0.7862397	-1.08966	0.0515703	0	-0.05344516	-0.4127571	20.45201	-2.3329	2.790168
1.8	-0.9652947	-1.02137	-0.7581932	0	0.2664631	-0.1833958	10.60497	0.06404668	0.04875481
1.82	-1.068545	-1.02137	-1.095652	0	0.5058321	0.3214655	5.003523	5.422824	1.379304
1.84	-1.099695	-1.08966	-0.9710425	0	0.5904433	0.4809511	4.359156	1.361757	2.05983
1.86	-0.8826975	-0.9530802	0.3577498	0	0.5997612	0.4349981	5.079856	2.399924	2.056605
1.88	-0.9246275	-1.02137	0.2912669	0	0.5873791	0.4142917	1.804377	1.560229	0.7848015
1.9	-0.8774841	-0.9530802	0.6313341	0	0.5448338	0.4514216	0.5981866	3.590764	1.037883
1.92	-0.8499134	-1.08966	0.9331433	0	0.2855979	0.08950615	5.813639	-0.5771748	0.7801991
1.94	-1.037401	-1.02137	-0.04259512	0	0.4173243	0.3334013	-0.6072984	-0.02755682	0.2401182
1.96	-0.9488401	-1.02137	0.5080286	0	0.3283308	0.2792333	3.272433	0.3541227	1.508923
1.98	-0.9980015	-1.08966	0.3269357	0	0.2882236	0.1580441	3.912458	-0.1954954	0.8013548
2	-0.9360936	-0.9530802	0.629737	0	0.3609638	0.2731116	1.919318	0.7968709	0.9596491
2.02	-0.8999407	-1.02137	0.852096	0	0.2714819	0.1445227	3.638581	-0.1038927	0.7657212
2.04	-0.9700155	-1.02137	0.4788285	0	0.2918949	0.1931573	1.724544	-0.1496943	0.4630307
2.06	-1.078123	-1.08966	-0.0346311	0	0.3090359	0.2753971	1.433445	0.2014509	0.9158241
2.08	-1.009646	-1.08966	0.4056085	0	0.249471	0.15405	5.260036	0.125115	1.443679
2.1	-0.9643216	-1.02137	0.6394477	0	0.3005688	0.1549909	3.935947	-0.1038927	0.8494598
2.12	-1.075468	-1.08966	0.0895154	0	0.3618113	0.2845248	1.270378	0.04877907	0.6921292
2.14	-0.9009691	-0.9530802	0.9921201	0	0.3487136	0.2790011	2.730718	0.06404668	1.36801
2.16	-0.8537726	-0.9530802	1.189142	0	0.3112588	0.1917629	1.629802	-0.08862512	0.4197056
2.18	-1.008375	-1.02137	0.3500799	0	0.3341001	0.3139307	-1.441477	0.1861837	0.2604302
2.2	-1.008064	-1.08966	0.4180105	0	0.2147211	0.1833167	3.272808	0.1709169	1.213236
2.22	-1.101555	-1.08966	-0.04948446	0	0.2915581	0.2446061	1.903269	-0.1038927	0.9245889
2.24	-0.9853728	-1.02137	0.5799487	0	0.3000763	0.2296484	3.78621	0.1861837	1.460577
2.26	-0.8766294	-0.9530802	1.103385	0	0.3101949	0.1799706	2.932157	0.002977535	0.7695609
2.28	-0.8662374	-0.9530802	1.095373	0	0.2894607	0.178634	1.255461	0.09458104	0.2916059
2.3	-0.9867891	-1.02137	0.4403569	0	0.2811809	0.2487658	-0.2418646	0.01824514	0.3577078
2.32	-0.9658442	-1.02137	0.5606414	0	0.2217125	0.1884868	2.516674	0.2167185	1.055004
2.34	-1.005879	-1.02137	0.3387431	0	0.2603727	0.2076386	1.827867	-0.1191595	0.8026605
2.36	-0.955041	-0.9530802	0.5694644	0	0.3130482	0.2826482	1.178456	0.002977535	1.053486
2.38	-1.035716	-1.08966	0.2026708	0	0.2737176	0.2176143	2.246553	0.06404668	0.8600463
2.4	-1.013852	-1.08966	0.3784677	0	0.2346359	0.1312619	4.80802	0.2014509	1.173486
2.42	-1.018247	-1.02137	0.3451212	0	0.334619	0.2423054	2.289279	0.03351232	0.8928626
2.44	-0.9413602	-1.02137	0.768021	0	0.3014119	0.1950073	3.551991	0.1709169	1.056912
2.46	-0.8627427	-0.9530802	1.131394	0	0.2903535	0.1573208	2.704533	-0.1191595	0.5874986
2.48	-0.9006412	-0.9530802	0.8667064	0	0.3008861	0.2239218	0.163149	-0.02755682	0.2601955
2.5	-1.061522	-1.08966	0.05927446	0	0.2684523	0.2601371	0.3237248	0.1861837	0.6198635
2.52	-1.133662	-1.157949	-0.215163	0	0.2378056	0.2141526	3.601446	-0.04282358	1.398753
2.54	-1.009764	-1.02137	0.4490832	0	0.3070373	0.2194763	4.357735	-0.01228922	1.533712
2.56	-0.9496305	-1.02137	0.7662333	0	0.3252449	0.1862378	3.551588	0.125115	0.8703943
2.58	-0.9428008	-1.02137	0.7932871	0	0.319145	0.1971025	2.385221	-0.01228922	0.6039442
2.6	-0.9662055	-1.02137	0.6580229	0	0.314591	0.2358939	1.372053	-0.08862512	0.628539
2.62	-0.9255304	-0.9530802	0.8214633	0	0.3282349	0.2885779	0.4697871	0.06404668	0.8027166
2.64	-0.9134909	-0.9530802	0.8368422	0	0.3092223	0.281173	0.02653939	0.04877907	0.6758737
2.66	-0.9123585	-0.9530802	0.7962179	0	0.278924	0.2593045	0.126891	-0.07335836	0.6661116
2.68	-1.000973	-1.02137	0.325601	0	0.2627653	0.2587735	0.2099032	0.09458104	0.683758
2.7	-0.9844241	-1.02137	0.4273202	0	0.2316466	0.2026091	2.540787	-0.02755682	1.131865
2.72	-0.9269009	-0.9530802	0.6889604	0	0.2674991	0.2013977	2.232212	-0.01228922	0.9234533
2.74	-1.04775	-1.08966	0.09909631	0	0.2611658	0.1965436	2.071971	0.03351232	0.6802357
2.76	-0.9219358	-0.9530802	0.7398173	0	0.2833151	0.2157078	3.136234	0.04877907	1.269566
2.78	-0.9671212	-1.02137	0.5044973	0	0.2909579	0.1975453	1.999191	-0.1038927	0.5980381
2.8	-0.9723845	-1.02137	0.4901577	0	0.2822152	0.2110695	2.353146	0.07931343	0.8806882
2.82	-0.975028	-1.02137	0.4867073	0	0.2837557	0.2073782	2.461797	0.04877907	0.8799995
2.84	-0.908882	-0.9530802	0.8016737	0	0.298737	0.2204391	2.096492	-0.05809075	0.8812099
2.86	-1.044029	-1.08966	0.1360305	0	0.2858161	0.2230636	1.476926	0.002977535	0.5873264
2.88	-1.069673	-1.08966	0.06522781	0	0.2909785	0.248053	2.904565	0.04877907	1.270081
2.9	-0.9565893	-1.02137	0.6819441	0	0.286983	0.1752019	4.534277	0.06404668	1.28952
2.92	-1.027168	-1.08966	0.3447274	0	0.3081952	0.1797156	2.987738	-0.02755682	0.6212882
2.94	-1.003181	-1.08966	0.5217073	0	0.2744303	0.1499103	4.467178	0.002977535	1.032016
2.96	-0.8941624	-0.9530802	1.038433	0	0.318034	0.1874081	2.916866	0.01824514	0.7988514
2.98	-0.8698521	-0.9530802	1.10446	0	0.3017172	0.1927551	1.274561	-0.01228922	0.3634925
3	-1.032827	-1.08966	0.2693023	0	0.2618531	0.2120766	0.6649085	-0.01228922	0.3572533
3.02	-0.9662682	-1.02137	0.6247129	0	0.2231635	0.1683608	3.436038	-0.07335836	1.193218
3.04	-1.00452	-1.02137	0.4019745	0	0.280182	0.2089876	1.800518	0.03351232	0.7149282
3.06	-1.027339	-1.02137	0.2818881	0	0.3291058	0.3050725	0.9365672	0.01824514	1.011117
3.08	-0.8944511	-0.9530802	0.9585905	0	0.3003291	0.2360733	2.567288	0.01824514	1.176071
3.1	-0.9423643	-1.02137	0.6960714	0	0.2711799	0.1727977	1.826708	0.002977535	0.4341947
3.12	-0.9690883	-1.02137	0.5496845	0	0.2564089	0.1896701	1.989449	0.01824514	0.7151264
3.14	-1.04681	-1.08966	0.1808575	0	0.2465892	0.1828552	2.654012	-0.02755682	0.8453408
3.16	-0.9578203	-1.02137	0.6575656	0	0.2384795	0.1351245	4.50724	-0.01228922	1.180196
3.18	-0.9877432	-1.02137	0.4829917	0	0.2985155	0.1926913	2.2768	-0.07335836	0.6331612
3.2	-1.052678	-1.08966	0.1883595	0	0.3016948	0.2355917	2.307539	0.06404668	0.9119151
3.22	-0.8558336	-0.9530802	1.198702	0	0.2600386	0.1342306	4.693226	0.002977535	1.20832
3.24	-0.960741	-1.02137	0.6121657	0	0.2934068	0.1725457	1.161023	0.01824514	0.1052483
3.26	-0.887525	-0.9530802	0.9566134	0	0.2602897	0.1926584	2.076444	-0.164961	0.8343989
3.28	-0.939194	-1.08966	0.7195627	0	0.1348744	-0.01148202	4.863944	-0.05809075	0.4421866
3.3	-0.9801044	-1.02137	0.4690907	0	0.1927922	0.0749083	3.428765	-0.3176328	0.5293592
3.32	-1.019978	-1.02137	0.2471173	0	0.2646998	0.2036117	2.109118	0.1098478	0.8398082
3.34	-0.9441466	-1.02137	0.6652858	0	0.2289983	0.126847	4.461729	0.07931343	1.125551
3.36	-1.037282	-1.08966	0.2076372	0	0.2576887	0.139036	3.272836	-0.1038927	0.6099311
3.38	-0.9822139	-1.02137	0.5076424	0	0.287542	0.1927008	3.586078	0.1403826	1.121595
3.4	-0.9511064	-1.02137	0.675838	0	0.2896522	0.1688461	3.364634	0.03351232	0.8242581
3.42	-0.9837151	-1.02137	0.4987255	0	0.3220432	0.23617	1.639393	0.002977535	0.6731107
3.44	-0.9898982	-1.02137	0.4747879	0	0.3269229	0.2770711	1.41514	-0.02755682	0.9289793
3.46	-0.879868	-0.9530802	1.024161	0	0.2914173	0.2094631	2.504791	0.09458104	0.9655926
3.48	-0.9263546	-1.02137	0.7672127	0	0.2433588	0.1343282	2.221177	-0.04282358	0.3692021
3.5	-0.8127588	-0.8165007	1.220483	0	0.3142514	0.2771828	-0.4620717	-0.01228922	0.6197446
3.52	-0.984831	-1.02137	0.3125239	0	0.2653924	0.2688873	-1.15131	0.1098478	0.2810948
3.54	-0.9844143	-1.02137	0.3420504	0	0.204701	0.2029969	2.323304	-0.02755682	1.18341
3.56	-1.034518	-1.02137	0.08523054	0	0.2679481	0.2388396	1.737879	-0.1496943	0.9899034
3.58	-0.9257256	-0.9530802	0.6478918	0	0.2855058	0.2277701	2.925019	0.3388555	1.278615
3.6	-0.9536353	-1.02137	0.5175008	0	0.2729323	0.1709451	2.701609	-0.164961	0.6791039
3.62	-1.001806	-1.02137	0.2777517	0	0.3084289	0.2481515	1.615935	-0.04282358	0.8177315
3.64	-1.062357	-1.08966	0.03172944	0	0.3061748	0.2576244	2.457913	0.1098478	1.110004
3.66	-1.032896	-1.08966	0.2633117	0	0.2915126	0.1963294	4.452791	-0.02755682	1.327182
3.68	-0.9600932	-1.02137	0.6588213	0	0.3218222	0.1860353	3.998752	-0.08862512	1.027063
3.7	-0.9498817	-1.02137	0.7132496	0	0.3313015	0.2041934	2.61754	0.09458104	0.6734387
3.72	-0.9034948	-1.02137	0.9612626	0	0.2631572	0.1262845	3.66454	0.002977535	0.686624
3.74	-0.9638523	-1.02137	0.6181446	0	0.2802637	0.1776298	1.659274	-0.04282358	0.386886
3.76	-0.9809308	-1.02137	0.5225134	0	0.2759375	0.2206385	1.738477	0.09458104	0.8088344
3.78	-0.9858676	-1.02137	0.4943206	0	0.2786224	0.2238957	1.953772	0.03351232	0.8955849
3.8	-0.9709834	-1.02137	0.573647	0	0.2696344	0.1976768	2.558585	-0.05809075	0.9128171
3.82	-0.9157456	-0.9530802	0.8163599	0	0.2952841	0.2222746	1.734691	0.07931343	0.8066002
3.84	-0.9483168	-1.02137	0.6427951	0	0.255537	0.1759453	2.018551	0.04877907	0.6020984
3.86	-0.9960301	-1.02137	0.385587	0	0.2731798	0.2239596	1.453486	0.002977535	0.7495602
3.88	-1.059844	-1.08966	0.1018706	0	0.2665582	0.2210809	2.51157	0.06404668	1.02646
3.9	-1.006225	-1.02137	0.3970489	0	0.3075995	0.2456907	2.921477	0.002977535	1.264184
3.92	-0.9577127	-1.02137	0.6631113	0	0.3042011	0.1998373	3.204668	-0.04282358	0.9696991
3.94	-0.953955	-1.02137	0.6805836	0	0.3019668	0.1942421	2.510562	-0.04282358	0.7009629
3.96	-0.9622359	-1.02137	0.6331136	0	0.2946498	0.2080487	2.078904	0.01824514	0.7152672
3.98	-0.9563917	-1.02137	0.6615196	0	0.2724511	0.1886725	2.43784	0.002977535	0.779013
4	-0.9903853	-1.02137	0.4722202	0	0.2938425	0.2316946	1.483394	0.01824514	0.7303726
4.02	-0.9833809	-1.02137	0.5128047	0	0.2888755	0.2361556	1.984053	0.002977535	0.9591292
4.04	-0.9351023	-1.02137	0.7713634	0	0.2419996	0.1400112	3.603714	0.002977535	0.8966619
4.06	-0.9214593	-1.02137	0.8279314	0	0.2122582	0.07184453	3.931079	0.04877907	0.5640099
4.08	-0.9058903	-0.9530802	0.8412675	0	0.2539206	0.1505282	2.01323	-0.01228922	0.4849872
4.1	-1.004258	-1.02137	0.3109169	0	0.2791644	0.2410541	0.5168373	-0.02755682	0.5510182
4.12	-1.004737	-1.02137	0.3249093	0	0.2761244	0.2574971	1.793536	-0.02755682	1.135373
4.14	-0.9251463	-0.9530802	0.7154077	0	0.2955316	0.2407978	2.063695	0.01824514	1.066226
4.16	-0.9496222	-1.02137	0.5948311	0	0.2627952	0.1758362	2.366193	0.03351232	0.6716787
4.18	-1.065275	-1.08966	0.03099494	0	0.2788522	0.2240635	1.874358	0.002977535	0.7707947
4.2	-1.008003	-1.02137	0.3557174	0	0.3082295	0.2592522	2.867819	0.04877907	1.353877
4.22	-1.086652	-1.08966	-0.004022401	0	0.3595974	0.3073413	1.596823	0.002977535	1.004269
4.24	-1.045838	-1.08966	0.2873339	0	0.3439534	0.2756379	3.460876	0.002977535	1.434334
4.26	-0.973859	-1.02137	0.675707	0	0.3713891	0.2669978	2.764245	-0.04282358	1.08222
4.28	-0.8588584	-0.9530802	1.239209	0	0.3425556	0.2198479	2.314009	0.09458104	0.7455536
4.3	-0.9083315	-1.02137	0.9564008	0	0.2732524	0.1570823	1.55534	-0.02755682	0.2050464
4.32	-1.045828	-1.08966	0.2485965	0	0.2546989	0.2068425	1.069679	-0.08862512	0.4964028
4.34	-1.063955	-1.08966	0.1924022	0	0.2482194	0.2105246	2.970326	0.09458104	1.205282
4.36	-0.9844843	-1.02137	0.6046028	0	0.277534	0.1898221	3.615863	-0.02755682	1.180299
4.38	-1.062196	-1.08966	0.2202309	0	0.3199264	0.2370288	2.019511	-0.08862512	0.7546815
4.4	-0.9361194	-1.02137	0.8922862	0	0.2786038	0.1702607	4.263431	0.2014509	1.214674
4.42	-1.012336	-1.08966	0.5037534	0	0.2803687	0.1489106	2.819331	-0.04282358	0.454529
4.44	-0.982978	-1.02137	0.6405705	0	0.3051619	0.2254576	2.261938	0.06404668	0.9013513
4.46	-0.9667677	-1.02137	0.7105929	0	0.3005817	0.2214493	1.996727	0.03351232	0.7945554
4.48	-1.036009	-1.08966	0.3713767	0	0.2824605	0.2123354	2.036144	-0.04282358	0.7343749
4.5	-0.9679519	-1.02137	0.7200943	0	0.2756059	0.1964048	3.063258	-0.02755682	1.064309
4.52	-1.022281	-1.08966	0.4533037	0	0.2644115	0.1616935	2.8982	0.1403826	0.6752968
4.54	-0.9459419	-1.02137	0.8391875	0	0.2511484	0.1380809	3.853016	-0.07335836	0.9442462
4.56	-0.9795483	-1.02137	0.6264473	0	0.2916816	0.1954009	1.706694	-0.05809075	0.5198476
4.58	-0.9735532	-1.02137	0.6439408	0	0.2825506	0.219992	1.857462	0.06404668	0.8235212
4.6	-0.9655017	-1.02137	0.6720365	0	0.2673916	0.1955491	2.185382	-0.01228922	0.7944394
4.62	-0.9572563	-1.02137	0.6993392	0	0.2495048	0.1648928	2.574542	0.002977535	0.7457606
4.64	-0.9484742	-0.9530802	0.6792285	0	0.3116126	0.2678219	0.4182188	0.06404668	0.6940744
4.66	-0.9687833	-1.02137	0.5734574	0	0.2687601	0.2295318	1.412581	-0.02755682	0.8077135
4.68	-0.9227903	-0.9530802	0.7681783	0	0.2787789	0.2345796	1.314266	0.002977535	0.8568267
4.7	-0.9605799	-0.9530802	0.5181262	0	0.3257846	0.3191047	-0.7383995	0.01824514	0.6625855
4.72	-0.9690039	-1.02137	0.4961348	0	0.2581154	0.2392772	1.607335	0.002977535	0.9953284
4.74	-1.024711	-1.02137	0.2058171	0	0.2978495	0.2777972	0.8893148	-0.01228922	0.9016154
4.76	-0.9942611	-1.02137	0.391302	0	0.291343	0.2544023	2.376005	0.1403826	1.223804
4.78	-0.9445231	-1.02137	0.6700997	0	0.2612078	0.1569576	3.735456	0.04877907	0.9803962
4.8	-0.9698403	-1.02137	0.5319496	0	0.2851367	0.1803712	2.472332	0.01824514	0.6463057
4.82	-0.9770459	-1.02137	0.4997351	0	0.2918048	0.2154649	2.244647	-0.01228922	0.841665
4.84	-0.9705101	-1.02137	0.5423813	0	0.2871181	0.2092228	2.468451	-0.04282358	0.8860371
4.86	-1.065794	-1.08966	0.08589712	0	0.3073121	0.2496058	1.810218	-0.04282358	0.8356076
4.88	-1.06357	-1.08966	0.1609728	0	0.3142752	0.2583355	3.123021	0.07931343	1.323187
4.9	-0.885421	-0.9530802	1.070614	0	0.3215359	0.2032975	3.803292	0.06404668	1.206768
4.92	-0.8580734	-0.9530802	1.154526	0	0.3098631	0.1741109	1.673488	-0.07335836	0.2883236
4.94	-0.8728814	-0.9530802	1.016612	0	0.2698337	0.1909287	0.6473004	0.03351232	0.2886674
4.96	-1.029269	-1.08966	0.2224686	0	0.2120955	0.1703889	1.294825	-0.2107625	0.4477321
4.98	-1.032967	-1.02137	0.2027542	0	0.2562497	0.2435094	1.957215	0.04877907	1.184123
5	-0.9987986	-1.02137	0.3946298	0	0.2769655	0.2222114	2.836983	0.125115	1.180146
5.02	-1.04305	-1.08966	0.2127811	0	0.2805063	0.1935117	3.240926	0.1403826	0.9601375
5.04	-1.040717	-1.08966	0.2787359	0	0.2913448	0.1903984	3.972361	-0.02755682	1.131038
5.06	-0.9638636	-1.02137	0.6878455	0	0.317427	0.1944724	3.744975	-0.01228922	1.048654
5.08	-0.9822879	-1.02137	0.5810357	0	0.357774	0.2630444	1.435217	0.03351232	0.6686569
5.1	-1.029784	-1.08966	0.3792184	0	0.3209217	0.2543871	2.00865	0.01824514	0.8838384
5.12	-0.9818303	-1.02137	0.6311684	0	0.3278128	0.2609406	2.174428	0.04877907	1.058427
5.14	-0.8687567	-0.9530802	1.177405	0	0.2978821	0.1942823	2.474317	0.09458104	0.8077867
5.16	-0.8524472	-0.9530802	1.192196	0	0.2537543	0.1420296	1.518002	-0.01228922	0.2472155
5.18	-0.9635299	-1.02137	0.5748677	7	0.2260451	0.1709658	34.9662	-0.01228922	9.544816
5.2	-0.9375215	-1.02137	0.7060804	7	0.8402182	0.08203664	43.82446	0.2167185	8.577988
5.22	-0.4489683	-0.9530802	3.378421	7	1.187955	-0.09493433	52.46813	15.36176	8.14589
5.24	-0.6046376	-1.02137	2.637354	7	1.789019	0.4616866	38.70664	21.39229	5.242694
5.26	0.8676913	0.3444233	9.760213	7	2.178226	0.9938703	30.25082	21.19382	6.723732
5.28	-0.4217668	-0.9530802	3.004024	7	2.189932	1.343644	6.798975	9.850306	0.1267471
5.3	-0.8288279	-1.08966	1.243803	7	2.024999	1.73622	17.20637	10.27779	7.768594
5.32	0.3138033	0.002975464	6.958947	7	2.167686	1.568968	23.37121	-10.3787	9.058344
5.34	0.1376035	0.002975464	5.537113	7	2.600402	2.143194	-2.383182	8.705267	3.186153
5.36	0.2390889	0.002975464	5.789428	7	2.400804	2.347191	-2.881292	8.018244	5.709061
5.38	-0.4607232	-0.2701836	1.944144	7	2.607617	2.930065	-14.93098	-4.409235	5.381789
5.4	1.021793	0.6858721	9.25453	7	2.135743	2.164048	7.375194	2.354123	9.660674
5.42	0.7922633	0.4127131	7.380958	7	1.996592	1.700292	-6.258553	0.2319852	1.338209
5.44	0.538398	0.2761335	5.587215	7	1.682413	1.723114	-4.153039	9.132748	3.593265
5.46	0.6369857	0.3444233	5.677896	7	1.380248	1.317237	6.144288	-11.93595	5.062685
5.48	0.1684436	0.002975464	2.974488	7	1.366552	1.213712	7.859277	-6.500839	4.336308
5.5	0.1800809	0.002975464	2.940653	7	1.376212	1.124826	17.83544	-1.386335	6.813041
5.52	0.5790967	0.6175833	4.558866	7	1.893264	1.608256	9.496345	-0.4550374	6.360714
5.54	0.9457523	0.6858721	6.077363	7	1.915428	1.583255	7.057786	0.6594667	5.148983
5.56	0.6440491	0.3444233	4.282815	7	1.788527	1.512012	4.11742	2.552596	3.691398
5.58	0.5207009	0.2761335	3.541778	7	1.653162	1.44653	9.441977	1.606031	5.491729
5.6	1.451732	1.300479	7.718682	7	1.854895	1.583149	6.451215	-1.355801	5.915669
5.62	1.18841	0.8907404	5.823715	7	1.758394	1.522047	-3.551612	-1.813816	1.861413
5.64	0.8974983	0.6858721	4.027338	7	1.521043	1.523504	0.1741614	0.03351232	4.015674
5.66	0.1405074	0.2761335	0.06786281	7	1.677761	1.866587	-0.5438962	-1.432137	5.474429
5.68	1.409792	1.23219	6.398419	7	1.616494	1.458462	17.40356	-7.722212	9.376587
5.7	1.196953	0.8907404	4.910233	7	1.706813	1.221541	5.384957	-0.7756482	2.313123
5.72	1.063853	0.6858721	4.100702	7	1.448621	1.119278	10.81667	3.239619	4.235129
5.74	0.06176305	0.3444233	-1.125414	7	1.965344	2.066617	-3.58548	8.842671	4.694639
5.76	1.697844	1.300479	7.310695	7	1.600061	1.297588	25.05464	-5.493205	10.52734
5.78	0.9192009	1.02732	2.755167	7	2.289151	2.013061	-10.85149	2.598397	0.9193554
5.8	2.439124	1.641927	10.37104	7	1.366402	0.9524752	19.23852	3.544962	7.002735
5.82	0.9739416	1.300479	1.936725	7	2.180143	2.26218	-28.48862	10.87321	-2.028156
5.84	0.9950009	0.9590311	2.17416	7	1.611444	2.18382	-2.426224	-15.32526	8.315515
5.86	1.171103	1.573638	2.671531	7	2.116136	2.522896	-10.61169	1.621299	6.808982
5.88	1.422901	1.300479	3.90893	7	1.846215	1.998502	0.06774235	-16.30236	6.686846
5.9	1.587252	1.983377	4.122031	7	2.428882	2.809618	-20.13085	14.91901	4.9235
5.92	1.688986	1.641927	4.437145	7	2.071268	2.50212	-13.74763	0.1556493	5.591541
5.94	2.201873	2.256536	6.46655	7	2.022792	2.405023	-16.33862	5.438092	4.872095
5.96	2.579773	2.871142	7.36543	7	2.233566	2.89568	-33.9533	-2.22603	2.849092
5.98	2.492545	2.529693	6.182318	7	1.746421	2.579634	-32.08554	1.514428	2.557465
6	2.213433	2.256536	4.200666	7	1.253906	2.038918	-21.84706	-4.729846	3.349004
6.02	2.794704	2.871142	6.409903	7	1.073255	1.629755	-12.35305	-5.645877	4.57808
6.04	3.589358	3.485749	9.343539	7	0.9406712	1.193827	-13.21751	-6.928319	1.751721
6.06	4.118329	4.032067	10.53261	7	0.8408852	1.179576	-25.12152	-1.325266	-1.387924
6.08	4.054263	3.895488	8.810454	7	0.3658352	0.9159433	-27.2089	-4.729846	-2.407223
6.1	4.40639	4.578383	8.970527	7	0.2627716	1.085122	-31.21151	-11.90542	-1.074677
6.12	4.076262	3.895488	6.168892	7	-0.4280155	0.2056665	-16.56707	-19.75274	-1.489174
6.14	4.197079	4.441804	5.47598	7	-0.3170529	0.3122636	-14.45953	-16.76038	0.1559839
6.16	3.626467	3.758908	1.788905	7	-0.4019449	0.09716585	-6.117661	-12.91305	0.4135923
6.18	4.285146	4.510095	4.31755	7	-0.1314238	0.1890432	2.103441	-6.119159	3.410633
6.2	4.936703	5.124701	6.483675	7	0.3125503	0.4808164	-9.441312	0.1861837	0.3906164
6.22	4.754178	4.714963	4.67837	7	0.1927228	0.4612295	-13.82926	4.231986	-1.412963
6.24	5.521965	5.466149	7.560867	7	0.04743035	0.3406019	-10.12154	1.758703	0.3052406
6.26	4.857263	4.783254	3.317595	7	-0.1661111	0.1157111	-14.20445	-3.63061	-2.976432
6.28	6.004411	5.807599	8.208716	7	-0.469377	-0.313266	1.122119	0.01824514	1.097874
6.3	5.392415	5.397861	3.947882	7	-0.3418592	-0.2109407	-14.87429	-4.531373	-4.692992
6.32	6.220802	6.080756	7.184143	7	-0.6173221	-0.384804	-2.65534	-0.3481672	-0.06377602
6.34	5.401634	5.739308	1.864527	7	-0.2142839	0.2483547	-23.40363	-4.409235	-4.096929
6.36	6.469547	6.422206	6.508009	7	-0.5631368	-0.1245493	-3.1221	-9.645876	1.834427
6.38	6.259468	6.149047	4.449574	7	-0.6451907	-0.5597243	-8.670164	-4.516106	-3.911681
6.4	7.154304	6.968522	7.885796	7	-0.8323131	-0.7539406	-3.021294	1.544963	-1.915136
6.42	6.719005	6.695365	4.44611	7	-0.8070695	-0.6258446	-16.15557	-3.264198	-5.859521
6.44	6.455216	6.422206	2.369283	7	-1.107886	-0.7322155	-5.475555	-4.561907	-2.203793
6.46	5.749668	6.080756	-1.736852	7	-0.858222	-0.4267966	-4.339025	-7.676412	-0.9138508
6.48	5.890382	6.012467	-1.057881	7	-0.8176164	-0.6637758	14.56763	-7.981754	2.955286
6.5	7.794453	7.583131	7.933624	7	-0.5605322	-1.079926	19.13403	4.079314	1.412076
6.52	7.133855	6.763654	3.738974	7	-0.5365858	-1.073494	-4.257523	12.55259	-7.723953
6.54	6.83491	6.763654	1.693334	7	-0.6651134	-0.5693693	-4.287879	11.48389	-2.752663
6.56	6.41418	6.695365	-0.8605112	7	-0.429949	-0.07978731	-7.622847	-0.2260297	-0.9114017
6.58	6.288413	6.422206	-1.48349	7	-0.456049	-0.2069869	4.269458	-14.53137	1.672492
6.6	7.483857	7.309972	4.334384	7	-0.4593436	-0.7348589	14.97986	-20.76038	1.729488
6.62	8.520907	7.856288	8.823119	7	-0.7336093	-1.520641	11.05581	-17.27946	-4.522805
6.64	9.129927	8.197738	10.73625	7	-1.36612	-2.207842	5.31727	19.78924	-8.981121
6.66	7.538258	7.309972	1.512109	7	-1.506222	-1.586121	-15.48751	18.53733	-11.00454
6.68	6.792378	7.309972	-2.852255	7	-1.2561	-0.4868831	-11.38536	4.888473	-1.342843
6.7	6.865392	7.309972	-2.612593	7	-1.001241	-0.4625782	4.007536	-10.74511	2.627328
6.72	7.783693	7.924579	1.773295	7	-0.6908589	-0.7193805	10.6196	-26.16496	1.68917
6.74	6.565949	6.149047	-4.002812	7	-1.096795	-1.591939	20.43491	-30.57717	-2.924385
6.76	7.145768	6.080756	-0.1302252	7	-1.980931	-3.330055	67.93739	3.102214	2.303842
6.78	6.689769	7.241681	-3.001918	7	-0.01942301	-0.9241976	12.17309	31.8503	-3.598399
6.8	7.161125	7.309972	-0.4393851	7	0.398529	0.2159351	5.92242	17.16328	1.994069
6.82	6.963855	6.763654	-1.064039	7	0.2416626	-0.04202519	6.152506	2.842672	-0.1043949
6.84	7.139674	6.627074	0.3324156	7	-0.2521487	-0.8113761	21.04775	-1.309999	0.5668917
6.86	6.780664	6.695365	-1.375744	7	0.02764513	-0.4493906	9.166294	13.48389	-1.444242
6.88	6.777521	6.763654	-1.152833	7	0.1643154	-0.0530079	7.443865	5.193817	0.8561678
6.9	6.467823	6.490495	-2.386836	7	0.2762111	0.1329607	5.038213	5.560229	0.8044538
6.92	6.796248	6.627074	-0.3043376	7	0.1640729	-0.1200394	13.55264	-0.6993123	2.230781
6.94	6.763397	6.627074	-0.279201	7	0.2604735	-0.125283	7.968925	5.682366	-0.11168
6.96	7.000923	6.763654	1.086095	7	0.1588022	-0.2021653	8.762798	6.079313	0.1898136
6.98	6.718988	6.763654	-0.3974929	7	0.3752	0.2599653	-4.178242	5.77397	-1.158193
7	6.835172	6.763654	0.3296285	7	0.2118934	0.22857	0.4025302	-2.897785	0.9170885
7.02	6.64908	6.627074	-0.5297347	7	0.176862	0.1603289	-0.6836107	-0.6840451	0.0008964539
7.04	6.732284	6.558785	0.09886038	7	-0.04622537	-0.1834913	7.815482	-0.5008389	0.9078407
7.06	6.669867	6.695365	-0.2336761	7	0.1349189	0.00218074	2.073136	1.102214	-0.0862112
7.08	8.501528	8.266026	8.492551	7	0.1215352	-0.1523545	2.086402	0.7663365	0.5329351
7.1	7.478045	7.309972	2.515485	7	0.01336575	-0.002202064	-25.41337	-0.2870984	-8.152983
7.12	7.466072	7.378261	2.118076	7	-0.5479313	-0.06872547	-11.69345	0.4304586	-1.255562
7.14	6.13188	6.353915	-4.676646	7	-0.63925	-0.1628751	-8.177868	-4.485571	-1.689583
7.16	6.252903	6.422206	-3.604404	7	-0.684361	-0.4639238	17.88086	-12.14969	4.770201
7.18	7.194001	7.241681	1.17535	7	-0.2270101	-0.6253716	19.48924	-17.37107	2.624629
7.2	7.834195	7.241681	4.328422	7	-0.4428684	-1.305953	20.41394	10.21672	-2.043526
7.22	6.281504	6.353915	-3.710756	7	-0.0522699	-0.2979198	-6.308187	19.97244	-5.232864
7.24	7.018588	7.309972	0.09183621	7	0.1860675	0.4711894	0.8764391	6.155649	3.895503
7.26	7.330649	7.309972	1.575504	7	0.2204647	0.1812605	-2.753369	-7.829082	-0.09876347
7.28	8.632418	8.197738	7.708882	7	-0.1575661	-0.4551188	1.149868	-12.76038	-1.401516
7.3	9.671278	8.948924	11.76066	7	-0.7050703	-1.206247	-8.963873	12.09458	-7.770706
7.32	8.349458	8.197738	3.69819	7	-0.9823213	-0.7032126	-34.76823	4.690001	-11.67902
7.34	7.32056	7.787999	-2.194068	7	-1.167175	-0.01078001	-27.96919	-7.111526	-2.999811
7.36	6.372758	7.036813	-6.933062	7	-1.095984	-0.01593944	-8.210286	-20.4703	2.239483
7.38	6.64477	7.036813	-5.042562	7	-0.9031861	-0.5424144	19.6318	-26.95885	5.988491
7.4	7.246865	6.968522	-1.415718	7	-0.8769599	-1.591058	38.81161	-27.18786	3.015148
7.42	6.727256	6.012467	-3.264675	7	-1.056876	-2.424358	48.47503	16.98007	-1.267556
7.44	8.38385	8.197738	4.870837	7	-0.1703077	-1.378954	30.61922	21.46863	0.2670774
7.46	6.601251	6.353915	-4.043367	7	0.02228433	-0.6724887	1.377818	15.83504	-6.776951
7.48	6.417663	6.353915	-4.192249	7	-0.1371407	-0.2796127	18.64538	8.567864	3.365745
7.5	7.173713	7.173392	-0.03470682	7	0.2415652	-0.2168617	17.88882	-2.500839	2.887204
7.52	8.027507	7.309972	4.484683	7	-0.1554399	-1.112215	23.32319	1.148016	-0.9935789
7.54	8.608954	8.197738	6.716671	7	-0.01294518	-0.7498198	-1.391952	20.7816	-5.686164
7.56	8.405576	8.197738	4.832169	7	-0.172197	-0.1968527	-21.45407	7.529696	-6.885567
7.58	7.070165	7.241681	-2.297457	7	-0.4612741	0.2145087	-25.30651	-10.05809	-4.362693
7.6	7.005941	7.241681	-2.480863	7	-0.7415156	-0.0814001	-0.9931698	-23.43213	2.645862
7.62	5.983903	6.080756	-7.034246	7	-0.8284693	-0.7502306	16.46613	-27.32526	1.6856
7.64	6.707129	6.080756	-2.263547	7	-1.311443	-2.279479	60.10347	7.957177	5.479233
7.66	7.844316	7.856288	3.111362	7	0.001234889	-1.252281	26.71321	21.43809	-1.007339
7.68	8.199318	7.924579	4.449338	7	0.3172607	-0.395065	-1.131963	9.025878	-4.589026
7.7	8.391089	7.856288	5.05943	7	-0.2283603	-0.568669	-4.531388	18.7358	-4.671805
7.72	7.178311	7.241681	-1.472811	7	-0.2885159	-0.03748246	-19.01302	16.07931	-5.301143
7.74	8.667244	9.017213	5.367877	7	-0.08992234	0.5182885	-16.32332	-7.172595	1.649773
7.76	6.734011	7.036813	-4.697711	7	-0.1831644	0.5175371	-30.64757	-20.21076	-5.317492
7.78	6.978871	7.036813	-2.879702	7	-0.7962536	-0.2194679	10.29877	-26.07336	5.108014
7.8	7.381449	7.036813	-0.4600298	7	-1.015318	-1.55637	30.77259	-13.06572	1.473841
7.82	6.930088	7.036813	-2.753565	7	-0.3389299	-0.8662909	13.06022	8.613664	-1.782109
7.84	7.358227	7.036813	-0.1624564	7	-0.4688739	-1.044796	25.42746	14.96481	1.40009
7.86	6.880932	7.036813	-2.551946	7	0.1628148	-0.2123817	4.002425	18.20145	-1.620956
7.88	7.014634	7.036813	-1.50319	7	0.2316968	0.1244636	6.630375	6.277786	1.828834
7.9	7.051101	7.036813	-1.03567	7	0.3194489	0.149567	4.065765	-1.890152	0.7901602
7.92	8.560405	8.402606	6.306283	7	0.381039	0.1235491	-0.1620672	2.506794	0.5411434
7.94	7.83865	7.583131	2.194548	7	0.1141827	0.03026421	-19.47521	2.445725	-6.515298
7.96	7.670676	7.583131	1.144979	7	-0.3548059	0.00375637	-11.72732	1.697634	-1.762254
7.98	7.395828	7.583131	-0.5165538	7	-0.374525	0.03631666	-11.37039	-1.691679	-1.228787
8	7.37894	7.583131	-0.7288917	7	-0.3696584	0.01478492	-6.054788	-9.432136	0.3063736
8.02	7.493858	7.583131	-0.2135263	7	-0.3844382	-0.2055714	-0.6378083	-15.4016	0.2351608
8.04	7.380376	7.036813	-0.5383474	7	-0.829367	-1.095867	15.68128	-3.096259	-0.5404825
8.06	6.430456	6.968522	-5.399601	7	-0.001333117	0.1312652	-5.283886	6.36939	-0.991972
8.08	7.206975	7.036813	-0.8055913	7	-0.3287917	-0.4665609	22.83	-2.088625	4.868977
8.1	6.670424	7.105102	-3.535254	7	0.5648135	0.4577599	-5.336681	-0.05809075	-0.8144388
8.12	7.706124	7.036813	2.422822	7	-0.2908046	-0.8059216	27.58735	7.178549	3.316251
8.14	7.136837	6.968522	-0.5474503	7	0.03811444	-0.5978417	5.049716	15.91137	-4.003916
8.16	6.813797	6.968522	-2.059053	7	0.2722325	0.2940677	-2.834291	3.148016	-0.01725769
8.18	7.087436	6.968522	-0.3198729	7	0.06314734	-0.01626092	7.817418	-1.829083	1.901161
8.2	7.104693	6.968522	-0.07969624	7	0.05107637	-0.2211488	6.418943	-2.638243	-0.2387209
8.22	7.140362	6.968522	0.2298787	7	-0.02434614	-0.2938655	6.701439	3.77397	-0.3709211
8.24	7.023938	7.036813	-0.3611378	7	0.1152744	-0.002105698	-0.04731631	1.606031	-0.666338
8.26	8.642286	8.470897	7.347186	7	0.106656	-0.07063328	-0.8660924	-0.1954954	0.2491083
8.28	7.724535	7.583131	2.023867	7	-0.03964987	0.004212648	-24.1405	-0.5466405	-7.384987
8.3	7.627546	7.583131	1.270556	7	-0.5447091	-0.06223846	-11.79159	0.2014509	-1.298944
8.32	7.32524	7.583131	-0.6256502	7	-0.4816321	-0.009721532	-12.23225	-4.913053	-1.291704
8.34	7.409812	7.583131	-0.348966	7	-0.5205446	-0.1477631	-3.687847	-11.2184	0.4995003
8.36	7.555836	7.583131	0.2634432	7	-0.5503795	-0.4633498	2.096115	-15.05046	-0.2141771
8.38	7.221958	6.968522	-1.256835	7	-0.8500769	-1.085826	13.49004	3.117481	-1.120291
8.4	6.752979	6.968522	-3.54773	7	-0.4078663	-0.5143675	7.847269	8.751068	-0.1689148
8.42	6.796433	7.036813	-3.022478	7	-0.03261758	-0.05480987	9.071723	-2.012289	2.433923
8.44	7.255569	7.105102	-0.3047191	7	-0.03860638	-0.4015096	16.54888	-1.844351	2.008755
8.46	7.146243	6.968522	-0.6447511	7	0.05818757	-0.4194218	10.19391	8.720534	-0.8956442
8.48	7.279246	7.036813	0.2587897	7	-0.02636993	-0.4399198	11.18705	9.132748	-0.1951771
8.5	7.048657	7.036813	-0.849386	7	0.159315	-0.06493899	1.406199	3.117481	-1.07988
8.52	7.072994	6.968522	-0.4943304	7	0.04665312	-0.08062963	5.077929	-0.6229764	0.5063248
8.54	6.966265	6.968522	-0.9019501	7	0.1266993	0.02097191	2.05791	-0.4855718	0.02963257
8.56	7.088725	7.036813	-0.1267454	7	0.1016435	0.0009598359	3.648895	0.980077	0.6174297
8.58	7.647525	7.583131	2.550995	7	0.1656577	0.02688222	-0.499637	0.03351232	-0.1786709
8.6	7.67556	7.51484	2.414715	7	0.02082531	-0.05749178	-7.405699	0.3388555	-2.635154
8.62	7.599409	7.583131	1.686901	7	-0.1046452	0.07195902	-11.82081	-0.6229764	-2.27969
8.64	7.540502	7.583131	1.090518	7	-0.2610357	0.03910743	-10.8257	-4.424503	-1.474319
8.66	7.392242	7.583131	0.04079759	7	-0.2434544	0.1487298	-12.05686	-7.080991	-1.042386
8.68	7.008849	7.105102	-1.859733	7	-0.4168193	-0.0891602	-3.558423	-4.302365	-0.03337669
8.7	6.986911	7.036813	-1.777898	7	-0.4707645	-0.389628	7.947828	-1.935953	1.412549
8.72	6.993348	7.036813	-1.583709	7	-0.2969503	-0.4503777	10.37707	2.033512	0.8398342
8.74	7.029138	6.968522	-1.177246	7	-0.1917897	-0.4754235	12.18542	4.231986	0.609868
8.76	6.976077	6.968522	-1.265405	7	0.01076221	-0.2575048	8.277386	4.308321	0.2056694
8.78	7.125741	7.036813	-0.3018954	7	0.06123618	-0.2003936	8.312569	5.758702	0.5559769
8.8	7.022864	7.036813	-0.7281356	7	0.2246623	0.06681972	1.091984	3.606031	-0.3257599
8.82	7.080277	7.036813	-0.2694875	7	0.1858968	0.1156023	1.612294	0.04877907	0.4797087
8.84	7.156054	7.036813	0.2461004	7	0.07861906	-0.05617801	3.09397	-0.3023656	0.04401016
8.86	7.697373	7.583131	2.813168	7	0.07738349	-0.08408605	0.05174589	0.5067945	-0.5134373
8.88	7.744487	7.583131	2.706162	7	-0.04911736	-0.135019	-7.596833	-0.5161061	-2.930158
8.9	7.769928	7.583131	2.509076	7	-0.3642439	-0.3190921	-6.407588	-0.3023656	-2.583342
8.92	7.498137	7.583131	0.7116482	7	-0.3708724	-0.1266469	-11.51104	-1.859617	-2.586192
8.94	7.515735	7.51484	0.6062282	7	-0.5846255	-0.343679	-3.03064	-5.691678	-0.7021389
8.96	8.369118	8.402606	4.32834	7	-0.4832108	-0.4031089	-4.266451	-6.775648	-1.080766
8.98	7.077082	7.036813	-2.43023	7	-0.6885064	-0.5371462	-9.544766	-7.905418	-4.805086
9	6.951468	6.968522	-2.767179	7	-0.9271512	-0.7601957	12.97301	1.056413	1.960865
9.02	6.710735	6.968522	-3.800267	7	-0.4478785	-0.539651	12.24067	-1.63061	1.282669
9.04	7.05564	6.968522	-1.61276	7	-0.3455898	-0.7311464	22.38585	-4.3329	2.460108
9.06	7.141398	7.036813	-0.948347	7	-0.04738351	-0.6082968	15.93372	5.98771	-0.0176239
9.08	7.368374	7.036813	0.4823153	7	-0.1188732	-0.7263414	17.2241	5.102214	-0.25599
9.1	7.179677	7.036813	-0.3933638	7	0.04014994	-0.4080421	6.982239	12.24725	-1.654572
9.12	7.068081	6.968522	-0.7693103	7	0.03740273	-0.1870385	5.488776	1.224352	-0.2738113
9.14	7.042349	6.968522	-0.7049463	7	0.03858481	-0.1431804	5.692872	0.3083211	0.2124653
9.16	8.64333	8.470897	6.964076	7	0.1339107	-0.1643745	2.042151	-0.5313733	0.1912575
9.18	7.743582	7.583131	1.80495	7	0.01692202	-0.01952962	-22.01668	1.254886	-7.242075
9.2	7.664487	7.583131	1.207158	7	-0.4925078	-0.08641653	-10.04671	-0.6382436	-1.256042
9.22	7.369717	7.583131	-0.6022421	7	-0.4484182	-0.04861092	-10.77671	-4.317633	-1.367154
9.24	7.412625	7.583131	-0.5140936	7	-0.4664081	-0.1237629	-3.780357	-11.00465	0.3619642
9.26	7.648828	7.583131	0.619496	7	-0.6019742	-0.5929666	5.205834	-15.06572	-0.08586216
9.28	7.349893	6.968522	-0.7160847	7	-0.9812071	-1.377507	17.61587	2.033512	-1.652099
9.3	6.521371	7.036813	-4.999327	7	-0.130042	-0.05991215	-2.368592	9.010611	-0.9404678
9.32	6.991494	7.105102	-2.1166	7	-0.08840056	-0.0418148	13.40963	-3.157327	4.303786
9.34	7.241697	7.036813	-0.486851	7	-0.08020677	-0.5545433	16.89478	-0.6840451	0.8898525
9.36	7.457055	7.036813	0.871491	7	-0.2306681	-0.9212289	19.12709	5.636565	-0.7700729
9.38	7.949211	7.856288	3.033815	7	0.121578	-0.3318982	1.726848	13.43809	-2.158925
9.4	7.242846	7.241681	-0.7080909	7	0.1299514	0.1594699	-12.43723	2.384657	-3.492553
9.42	9.176693	9.017213	8.514151	7	-0.07940765	-0.0115546	-4.893977	-2.867251	0.7843733
9.44	9.271619	9.017213	7.74268	7	-0.2880425	-0.2566862	-29.69373	-6.790915	-8.776123
9.46	9.2227	8.948924	6.401437	7	-1.050879	-0.5490321	-28.25861	-2.684045	-7.235481
9.48	6.954796	7.241681	-5.560585	7	-1.422382	-0.4717658	-26.96367	-2.897785	-6.409647
9.5	7.223926	7.856288	-4.138743	7	-1.286533	-0.3333482	3.226019	-15.58481	5.045488
9.52	5.855228	6.149047	-10.27797	7	-1.132071	-0.999144	21.17879	-24.77565	2.29284
9.54	6.210409	6.080756	-7.100239	7	-1.040136	-1.746631	58.08845	-19.98175	7.702067
9.56	7.145388	7.241681	-1.888049	7	0.2038773	-1.0172	39.82272	25.6671	3.257889
9.58	6.925658	6.422206	-2.207002	7	0.3263575	-0.9043566	30.36024	22.96481	-0.65242
9.6	8.429832	8.197738	5.354184	7	0.7986619	-0.06418684	11.53908	26.12511	0.3281727
9.62	6.854823	6.695365	-2.547323	7	0.7521611	0.5138378	-17.74708	13.91138	-6.129709
9.64	6.603526	6.627074	-3.170525	7	0.3387492	0.675667	-1.182934	-0.9588539	2.972198
9.66	8.08812	8.197738	4.216877	7	0.5678735	0.5968601	-2.039081	-12.36343	2.911568
9.68	7.91603	7.241681	3.324389	7	-0.2150462	-0.646476	1.061802	-4.592442	-4.271755
9.7	7.421443	7.309972	0.5296768	7	-0.3193842	-0.3654041	-6.694311	18.79687	-3.684657
9.72	5.883392	6.422206	-7.132663	7	0.01006985	0.6206992	-15.3182	-0.9893887	-0.6844101
9.74	7.240372	7.241681	0.3150056	7	-0.2751977	-0.1142977	20.31019	-17.01992	7.304279
9.76	8.100946	7.924579	4.32624	7	0.0353433	-0.5262015	6.804927	-21.37107	-1.535274
9.78	7.333437	7.036813	0.2834485	7	-0.1900019	-0.4784508	-4.205961	16.15565	-4.870508
9.8	6.362047	6.968522	-4.73312	7	0.3374806	0.9372779	-20.09962	14.27779	-0.4839993
9.82	6.61228	7.036813	-3.041062	7	0.3760869	1.037914	-5.260747	-5.981755	5.2289
9.84	6.797438	6.968522	-1.737863	7	0.4347978	0.6241578	-0.04982042	-15.58481	3.002904
9.86	7.247808	6.900233	0.9623517	7	0.03586733	-0.2826253	13.57427	-10.57717	1.592034
9.88	7.146457	7.036813	0.4211435	7	0.1832888	-0.1588608	2.14084	21.39229	-1.642017
9.9	6.993199	7.036813	-0.3526103	7	0.2680784	0.2707261	-4.58419	15.49916	-0.5635757
9.92	6.82265	7.036813	-1.185258	7	0.4046077	0.6673028	-9.674535	12.09458	0.5209923
9.94	6.671473	6.968522	-1.825233	7	0.5235636	0.9409251	-11.55679	-0.3023656	1.603915
9.96	7.568278	7.583131	2.721516	7	0.3852986	0.5795754	-4.181605	-10.04282	2.371197
9.98	7.93203	7.583131	4.290663	7	-0.01301321	-0.1741163	-4.76386	-0.3023656	-2.442893
10	7.476022	7.583131	1.404146	7	0.05466229	0.3173052	-21.51148	6.109848	-4.09253
10.02	7.472347	7.583131	1.092776	7	-0.212631	0.3306476	-15.36737	-2.760381	-0.6305389
10.04	7.36105	7.583131	0.2016149	7	-0.2436178	0.2639166	-14.33788	-6.500839	-0.7343645
10.06	7.47798	7.583131	0.5894654	7	-0.3847034	-0.01191808	-6.918752	-11.72221	-0.001379967
10.08	7.684198	7.583131	1.446637	7	-0.6056617	-0.5435717	1.352154	-8.851984	-0.8033094
10.1	7.461382	7.583131	-0.02521056	7	-0.4295034	-0.3293779	-5.440986	2.628932	-2.113465
10.12	6.946054	6.968522	-2.511438	7	-0.5775033	-0.4402424	2.723252	-1.126793	-0.417326
10.14	6.710559	6.968522	-3.49315	7	-0.2968479	-0.1793455	6.130138	-0.6229764	1.643275
10.16	6.954561	6.968522	-1.865003	7	-0.2014776	-0.3758263	15.41509	-0.1496943	2.55021
10.18	7.126853	7.036813	-0.7404724	7	-0.01959549	-0.4353019	13.69413	2.980077	0.6458454
10.2	7.080813	6.968522	-0.7589944	7	0.0974741	-0.27863	8.820303	6.690001	-0.2768402
10.22	6.988691	6.968522	-1.030314	7	0.2215714	0.01814953	3.800846	8.125115	0.04412174
10.24	7.076809	6.968522	-0.3352884	7	0.15645	-0.02613894	5.601999	-0.1802286	0.6153431
10.26	7.013564	6.968522	-0.5120222	7	0.1990619	0.0463113	2.095148	0.7358026	-0.09448147
10.28	7.721947	7.583131	2.993388	7	0.1532844	-0.02414444	2.064148	-0.1038927	0.2862263
10.3	7.641634	7.583131	2.208526	7	0.1783486	0.141074	-12.09276	0.2625196	-3.171975
10.32	7.682677	7.583131	2.147242	7	-0.1304929	0.0666084	-10.7042	0.002977535	-1.841964
10.34	7.489548	7.583131	0.8128923	7	-0.2104834	0.1189896	-13.65058	-2.561908	-1.970961
10.36	7.561506	7.583131	0.9588064	7	-0.4308466	-0.1283294	-6.410749	-6.897786	-0.6359692
10.38	7.543768	7.65142	0.5612119	7	-0.4112588	-0.1796316	-6.6791	-6.164961	-1.210418
10.4	7.637545	7.65142	0.8151066	7	-0.5041425	-0.351957	-2.443048	-2.622976	-0.8861713
10.42	6.936507	7.036813	-2.737835	7	-0.5041776	-0.3460792	-1.802286	-0.1802286	-1.405306
10.44	6.862203	6.968522	-2.813938	7	-0.4807119	-0.4025296	10.48196	0.3083211	2.040899
10.46	6.952537	7.036813	-2.093947	7	-0.2187287	-0.4087461	13.01939	-0.1344267	1.628287
10.48	7.070276	6.968522	-1.180578	7	-0.1107187	-0.4906622	14.92987	4.58313	0.9206629
10.5	7.155354	7.036813	-0.5332657	7	0.03079167	-0.3851089	11.33478	7.117481	0.04029465
10.52	7.00013	7.036813	-1.186929	7	0.2703546	0.0677104	1.899386	6.262519	-0.3448544
10.54	7.188065	7.105102	-0.01192242	7	0.2070054	0.07827415	3.836828	0.5373288	0.8090887
10.56	7.055349	6.968522	-0.5237418	7	0.1621704	0.01771189	1.574955	0.002977535	-0.383112
10.58	8.66484	8.470897	7.194868	7	0.1542538	-0.07624965	0.2171082	0.1861837	0.2568283
10.6	7.765908	7.583131	2.021975	7	-0.02101578	-0.03522153	-22.55283	0.1098478	-7.347742
10.62	7.625974	7.65142	1.024133	7	-0.4158278	0.09228958	-14.38053	-0.1344267	-1.422914
10.64	7.407929	7.583131	-0.3578225	7	-0.4985237	-0.04759518	-10.37241	-5.218396	-0.9704533
10.66	7.387459	7.583131	-0.6307197	7	-0.4809842	-0.1206855	-4.877914	-11.69168	0.1086226
10.68	7.542783	7.583131	0.06889719	7	-0.523798	-0.4072727	2.001552	-15.84435	0.07946587
10.7	8.789327	8.470897	5.961657	7	-0.7063722	-1.028803	9.256927	4.354122	-0.9545612
10.72	6.935185	7.036813	-3.811909	7	-0.5070707	-0.4725748	-15.37497	6.980077	-7.1994
10.74	6.734381	6.968522	-4.391966	7	-0.6405677	-0.2026897	7.504233	-3.829083	3.441231
10.76	6.578774	6.968522	-4.804616	7	-0.1360815	-0.04041316	9.466507	-8.989388	3.038631
10.78	7.367458	6.968522	-0.1153224	7	-0.4292819	-1.037591	32.63313	3.56023	3.537994
10.8	6.951068	6.968522	-2.1245	7	0.1888392	-0.4429856	9.611985	16.04878	-1.994333
10.82	7.297352	7.241681	-0.09875652	7	0.3125749	0.03283506	7.553238	13.7587	1.173826
10.84	7.131743	7.309972	-0.9154356	7	0.6547314	0.6497071	-9.076283	3.911374	-0.6199503
10.86	9.053836	9.017213	8.30197	7	0.6543663	0.7512349	-13.03891	-7.325266	1.016236
10.88	8.35837	7.856288	4.217238	7	-0.1202498	-0.1135988	-24.16518	0.07931343	-7.954884
10.9	7.717709	7.924579	0.3946985	7	-0.3457461	0.3882708	-28.49901	1.361757	-3.724651
10.92	7.27373	7.787999	-2.158998	7	-0.3454137	0.6565381	-23.71897	-9.600075	0.02588749
10.94	6.592434	6.968522	-5.303279	7	-0.5007814	0.2562551	-5.923079	-21.15733	2.223022
10.96	6.135057	6.080756	-6.6277	7	-0.8568373	-0.8608904	27.81639	-22.53137	4.527266
10.98	6.347952	6.080756	-4.54876	7	-0.7371832	-1.624203	48.81164	8.980076	4.455811
11	8.495764	8.266026	6.166106	7	0.1386327	-1.143548	33.01017	14.17092	1.730804
11.02	7.953683	7.378261	3.088594	7	0.170427	-0.8418969	0.7115879	22.72053	-7.910332
11.04	7.344136	7.241681	-0.1320558	7	0.05021127	0.01696078	-9.880625	22.17091	-3.482093
11.06	7.017371	7.309972	-1.822964	7	0.1599709	0.598976	-13.09795	6.964809	0.1046991
11.08	7.146074	7.378261	-1.063905	7	0.1544091	0.5713573	-7.284154	-6.729846	1.91828
11.1	6.196421	6.353915	-5.377674	7	0.05424328	0.3294053	-1.686846	-18.45504	0.9329624
11.12	8.999268	8.812345	8.634311	7	0.03720406	-0.2276854	15.43562	-16.34817	5.006823
11.14	8.8616	8.675765	6.73905	7	0.2905664	-0.02235753	-28.5565	13.33122	-9.549374
11.16	8.054624	7.787999	2.152201	7	-0.5590839	-0.07515091	-25.42896	3.804504	-5.923763
11.18	7.883003	7.924579	0.8695046	7	-0.9932599	-0.4117468	-11.73882	8.109849	-1.860149
11.2	7.074661	7.856288	-3.766498	7	-0.3724465	0.5261179	-25.29165	-2.424503	-1.424419
11.22	6.301413	6.968522	-7.288174	7	-0.2556023	0.7436436	-10.28129	-20.22603	3.707109
11.24	6.849195	6.968522	-3.704051	7	-0.4046572	-0.2347958	21.46259	-24.31763	6.580596
11.26	6.364493	6.080756	-5.232903	7	-0.4579836	-1.168328	33.73988	8.170916	1.7871
11.28	8.575912	7.924579	6.239704	7	-0.3971627	-1.7318	45.63538	15.42282	2.946947
11.3	7.658159	7.309972	1.142467	7	0.114099	-0.9578125	0.6455469	26.18618	-8.748827
11.32	7.171366	7.378261	-1.423651	7	0.3383393	0.5219291	-13.76048	16.20145	-1.702385
11.34	6.065189	6.422206	-6.510022	7	0.3208891	0.8843305	-10.46544	0.2319852	1.489695
11.36	7.985813	8.197738	3.363736	7	0.4711332	0.7040995	4.443352	-10.2871	6.446095
11.38	7.273827	7.105102	-0.2708265	7	0.3387298	0.1838984	-10.37939	-16.54664	-3.842403
11.4	7.553104	7.036813	1.498969	7	-0.4599226	-0.6804751	12.81153	4.751069	0.3710327
11.42	6.189802	6.968522	-5.706251	7	0.591232	1.018383	-24.42513	14.75107	-2.483044
11.44	6.635718	6.968522	-2.834856	7	0.4370338	1.090921	-1.864132	-5.065724	6.399725
11.46	7.417904	7.51484	1.268508	7	0.5550132	0.6074841	-0.7650392	-13.56954	2.677148
11.48	8.022385	7.583131	4.286025	7	0.115812	-0.2158598	2.011916	-10.31763	-1.331189
11.5	7.859517	7.583131	3.055765	7	-0.1048902	-0.2942936	-8.807217	20.49153	-4.500978
11.52	7.174319	7.583131	-0.9251511	7	0.1889539	0.7608932	-27.27352	9.377023	-2.940104
11.54	7.132105	7.583131	-1.252645	7	0.1605559	1.056578	-21.27888	-9.203128	1.729431
11.56	7.880274	8.129447	2.275688	7	0.1029857	0.6939355	-14.56374	-18.91305	1.737021
11.58	7.225632	7.309972	-1.167781	7	-0.1213477	0.2895277	-15.6203	-23.47794	-2.105445
11.6	7.744447	7.241681	1.758277	7	-0.9973215	-1.121961	18.20532	7.590765	1.240268
11.62	7.143283	7.241681	-1.579122	7	-0.55368	-0.7965048	2.618026	13.89611	-3.267009
11.64	7.018729	7.309972	-2.215699	7	-0.2009315	-0.04121068	0.03838062	1.865573	0.7225924
11.66	7.281097	7.309972	-0.7004904	7	-0.179657	-0.199274	7.017708	-7.41687	1.525319
11.68	7.583548	7.309972	0.9733659	7	-0.3447968	-0.7244635	13.00691	-6.638243	-0.2285166
11.7	7.465288	7.309972	0.3095631	7	-0.2655589	-0.6327926	6.031794	7.346488	-2.135873
11.72	7.403074	7.378261	-0.06356621	7	-0.1760306	-0.3103212	1.614781	2.201451	-1.165903
11.74	7.352137	7.378261	-0.3424958	7	-0.120178	-0.1313301	-0.4812843	-1.233664	-0.5954475
11.76	7.345184	7.309972	-0.318116	7	-0.180395	-0.2048101	1.918095	-3.096259	-0.2210016
11.78	7.356641	7.241681	-0.167828	7	-0.2856482	-0.4225705	5.840827	0.09458104	-0.3510742
11.8	7.373525	7.309972	-0.07354331	7	-0.2467097	-0.4180989	5.024126	0.6289319	-0.6743259
11.82	7.32439	7.241681	-0.2795649	7	-0.2535236	-0.4211496	5.125752	0.01824514	-0.7195902
11.84	7.376967	7.309972	0.007053941	7	-0.230881	-0.3933491	5.078382	0.2472528	-0.5126762
11.86	7.378727	7.309972	0.0173336	7	-0.2116135	-0.3687476	3.928306	0.002977535	-0.7816467
11.88	7.306715	7.241681	-0.3150791	7	-0.2200502	-0.3494716	3.688859	-0.02755682	-0.7346249
11.9	7.391576	7.309972	0.1438913	7	-0.2403621	-0.387174	5.114507	-0.05809075	-0.3912573
11.92	7.307654	7.241681	-0.2691795	7	-0.2250011	-0.3765594	3.785152	-0.05809075	-0.9024019
11.94	7.421231	7.378261	0.2873387	7	-0.1922863	-0.309589	3.420964	0.002977535	-0.4307184
11.96	7.409566	7.309972	0.2193841	7	-0.2389339	-0.3829478	3.34851	0.04877907	-0.9575644
11.98	7.356014	7.309972	-0.07880527	7	-0.2294335	-0.3289162	2.238418	0.1098478	-0.8981905
12	7.36344	7.309972	-0.03887698	7	-0.2497066	-0.3392109	3.21663	0.1556493	-0.5603209
12.02	7.363506	7.309972	-0.04346022	7	-0.2505743	-0.3588813	3.452641	-0.01228922	-0.647706
12.04	7.279507	7.241681	-0.4484785	7	-0.238642	-0.3372905	3.296538	-0.04282358	-0.655611
12.06	7.272646	7.241681	-0.4327632	7	-0.220463	-0.3187587	4.29652	0.002977535	-0.2446213
12.08	7.297218	7.241681	-0.2528958	7	-0.2074881	-0.3460603	5.056769	0.03351232	-0.2899828
12.1	7.230391	7.173392	-0.5224562	7	-0.1888425	-0.338923	4.80369	0.1556493	-0.484458
12.12	7.367238	7.309972	0.2000936	7	-0.1554273	-0.3093573	4.885913	-0.02755682	-0.1876297
12.14	7.401611	7.309972	0.3613864	7	-0.1592199	-0.3284958	3.264579	0.125115	-0.8848972
12.16	7.393496	7.309972	0.2930742	7	-0.1876263	-0.3143499	2.209267	-0.02755682	-0.9715252
12.18	7.378722	7.309972	0.1889258	7	-0.2216914	-0.316348	2.053074	-0.05809075	-0.8678236
12.2	7.371508	7.309972	0.1249023	7	-0.2514816	-0.339061	2.480654	0.03351232	-0.7723093
12.22	7.365369	7.309972	0.06604205	7	-0.2665783	-0.3588262	2.862876	-0.02755682	-0.7419119
12.24	7.319081	7.241681	-0.1569661	7	-0.3068693	-0.4247153	4.325599	0.07931343	-0.7119675
12.26	7.270678	7.241681	-0.3958027	7	-0.2647669	-0.3763506	4.110099	0.06404668	-0.5656595
12.28	7.316569	7.309972	-0.1662333	7	-0.1931611	-0.2882237	3.398404	-0.02755682	-0.3129454
12.3	7.371798	7.309972	0.1225572	7	-0.1960744	-0.3179848	3.630795	-0.01228922	-0.4927931
12.32	7.340999	7.241681	-0.008458376	7	-0.2441735	-0.3944993	4.28754	0.04877907	-0.7842855
12.34	7.373949	7.309972	0.1430255	7	-0.2313374	-0.3696913	3.835135	0.002977535	-0.6884174
12.36	7.385815	7.309972	0.1831228	7	-0.2412467	-0.3772044	3.5124	-0.02755682	-0.8174496
12.38	7.137923	7.105102	-1.020406	7	-0.2381096	-0.3267455	2.899663	-0.05809075	-0.8486881
12.4	7.344024	7.309972	0.07779178	7	-0.2167447	-0.3235075	5.974152	0.04877907	0.3715639
12.42	7.347385	7.309972	0.06472361	7	-0.1401486	-0.2886898	2.65995	-0.01228922	-0.8276701
12.44	7.332108	7.241681	0.0197351	7	-0.1962393	-0.3212339	3.461413	0.5067945	-0.6556292
12.46	7.435375	7.378261	0.4973687	7	-0.1821086	-0.2993741	2.582288	-0.01228922	-0.6501064
12.48	7.305612	7.241681	-0.1754661	7	-0.2131764	-0.3056197	1.511544	0.1098478	-1.086115
12.5	7.343991	7.309972	0.01312104	7	-0.2227359	-0.2842085	2.617078	-0.08862512	-0.3875961
12.52	7.309989	7.309972	-0.1903584	7	-0.1744647	-0.2258978	1.115116	-0.3634343	-0.6266069
12.54	7.29389	7.241681	-0.231637	7	-0.2210851	-0.2884686	3.126337	0.1098478	-0.3575821
12.56	7.29078	7.241681	-0.2173249	7	-0.2229746	-0.3290204	3.974312	-0.07335836	-0.4080896
12.58	7.295378	7.241681	-0.1667026	7	-0.2121438	-0.3387924	4.243931	0.2014509	-0.4538832
12.6	7.239576	7.173392	-0.3934829	7	-0.2175424	-0.3575979	4.737799	-0.02755682	-0.5068665
12.62	7.245192	7.241681	-0.3440159	7	-0.1347532	-0.2389994	3.2349	-0.05809075	-0.294178
12.64	7.374572	7.309972	0.3308446	7	-0.1386481	-0.2640216	3.723731	0.1098478	-0.2528763
12.66	7.307296	7.241681	-0.01554298	7	-0.1445311	-0.265225	1.896453	-0.08862512	-0.9314528
12.68	7.384652	7.309972	0.3701338	7	-0.1868816	-0.2871137	2.822181	-0.01228922	-0.5102539
12.7	7.438326	7.378261	0.5650343	7	-0.1878677	-0.2878921	1.295657	0.06404668	-0.9395895
12.72	7.433495	7.378261	0.4534755	7	-0.2168381	-0.2779743	0.2191013	0.04877907	-1.079824
12.74	7.248607	7.241681	-0.5149794	7	-0.2345897	-0.2332191	-0.3031816	0.09458104	-0.9486151
12.76	7.333119	7.309972	-0.06942303	7	-0.2687928	-0.2917635	3.313392	-0.2260297	0.01174355
12.78	7.224175	7.241681	-0.6285591	7	-0.1968476	-0.2478429	1.695645	0.01824514	-0.5933962
12.8	7.27703	7.241681	-0.2954794	7	-0.2122217	-0.2862742	4.371916	0.5678632	0.03941631
12.82	7.29792	7.241681	-0.1527589	7	-0.1961004	-0.3343935	4.552117	-0.2412969	-0.3962059
12.84	7.324405	7.241681	0.01469621	7	-0.2044406	-0.3655197	4.827489	0.1403826	-0.5317211
12.86	7.393024	7.309972	0.3491293	7	-0.1987003	-0.363646	4.094448	-0.02755682	-0.7010765
12.88	7.430012	7.378261	0.4618467	7	-0.1668217	-0.2855659	1.415666	0.03351232	-0.9967451
12.9	7.440736	7.378261	0.4483438	7	-0.2023363	-0.2737686	0.615504	0.2472528	-0.9967546
12.92	7.272749	7.241681	-0.421017	7	-0.2391465	-0.2656782	0.4422883	-0.1191595	-0.9704065
12.94	7.302575	7.309972	-0.2667391	7	-0.2266586	-0.2371249	2.136392	0.06404668	-0.1229982
12.96	7.333516	7.309972	-0.1079366	7	-0.2140351	-0.2808877	2.810406	-0.01228922	-0.3495245
12.98	7.369661	7.309972	0.07731572	7	-0.2273166	-0.3343743	3.471395	-0.01228922	-0.5334253
13	7.308619	7.241681	-0.2156349	7	-0.2444942	-0.3655502	3.639553	0.06404668	-0.7471075
13.02	7.359895	7.309972	0.0443394	7	-0.2298373	-0.3476752	3.957727	-0.05809075	-0.4670105
13.04	7.274508	7.241681	-0.3807676	7	-0.2000808	-0.3032983	2.713264	0.01824514	-0.7335205
13.06	7.366752	7.309972	0.109462	7	-0.2105269	-0.3189796	4.14502	0.09458104	-0.2526903
13.08	7.374547	7.309972	0.1322282	7	-0.2019295	-0.3354381	3.089254	-0.05809075	-0.7945881
13.1	7.467765	7.378261	0.5668063	7	-0.2330508	-0.3670116	3.276142	-0.02755682	-0.7707663
13.12	7.424654	7.378261	0.2623154	7	-0.21662	-0.3093885	0.6939742	0.002977535	-1.219954
13.14	7.345141	7.309972	-0.1665213	7	-0.249521	-0.285863	1.05342	-0.01228922	-0.821929
13.16	7.306212	7.309972	-0.3717431	7	-0.2324715	-0.2524547	1.59289	-0.2260297	-0.4315863
13.18	7.318165	7.309972	-0.2960206	7	-0.2169355	-0.2618433	2.609215	0.01824514	-0.2549343
13.2	7.28401	7.241681	-0.4192647	7	-0.226367	-0.3170172	3.822272	0.04877907	-0.3694811
13.22	7.376657	7.309972	0.0808886	7	-0.2273199	-0.3666167	5.054106	0.01824514	-0.2937717
13.24	7.380636	7.309972	0.09157389	7	-0.208963	-0.3659765	3.707349	-0.1496943	-0.8323793
13.26	7.388366	7.309972	0.1269845	7	-0.2261287	-0.3623637	3.518492	0.125115	-0.7796297
13.28	7.281163	7.241681	-0.4072411	7	-0.2141628	-0.3121586	2.540272	0.002977535	-0.8094997
13.3	7.350433	7.309972	-0.03356904	7	-0.2119422	-0.303691	3.795236	0.01824514	-0.2369976
13.32	7.366585	7.309972	0.04517177	7	-0.2027765	-0.3253925	3.258488	0.04877907	-0.6544809
13.34	7.371564	7.309972	0.06467977	7	-0.2100637	-0.3244361	2.975343	0.3083211	-0.7058287
13.36	7.442422	7.378261	0.3869896	7	-0.2172906	-0.3291206	2.712884	-0.05809075	-0.7145529
13.38	7.308012	7.241681	-0.2947726	7	-0.2515963	-0.3503291	2.333826	0.125115	-1.028606
13.4	7.436519	7.378261	0.3407063	7	-0.2649389	-0.3663221	4.045389	-0.07335836	-0.3501787
13.42	7.344006	7.309972	-0.1713676	7	-0.2294164	-0.3302966	1.801478	0.03351232	-1.057759
13.44	7.395527	7.309972	0.1106923	7	-0.2933847	-0.4025704	4.533808	-0.01228922	-0.4577961
13.46	7.361399	7.309972	-0.08671066	7	-0.2665158	-0.3962696	3.535639	0.002977535	-0.8661947
13.48	7.356463	7.309972	-0.1150279	7	-0.2542006	-0.3638784	3.599128	0.1098478	-0.6284676
13.5	7.344214	7.309972	-0.1789202	7	-0.2274271	-0.3287795	3.169331	0.04877907	-0.6024227
13.52	7.352461	7.309972	-0.1263597	7	-0.2179279	-0.3188436	3.320411	0.01824514	-0.51577
13.54	7.268741	7.241681	-0.5178884	-7	-0.1974409	-0.286113	-65.83372	0.01824514	-19.15612
13.56	7.355555	7.309972	-0.03807339	-7	-1.569002	-0.2996163	-75.99393	0.002977535	-15.55278
13.58	6.544355	7.241681	-4.594053	-7	-2.354539	-0.2541086	-90.10993	-3.706946	-15.7802
13.6	6.103335	7.241681	-7.161985	-7	-2.942882	-0.2864985	-83.90988	-11.50847	-10.92194
13.62	7.544687	8.812345	-0.7904639	-7	-3.067123	-0.5117098	-79.6571	-23.23366	-8.887322
13.64	6.897554	7.924579	-4.990124	-7	-3.524746	-1.100102	-87.30632	-38.57717	-15.58427
13.66	7.280649	7.924579	-3.552068	-7	-4.555056	-2.378546	-56.88425	-49.26419	-11.44176
13.68	7.367949	7.924579	-3.858716	-7	-5.088665	-3.561252	-43.34435	-49.12679	-14.57198
13.7	7.55963	7.924579	-3.601013	-7	-5.57526	-4.481034	-28.24582	-38.95885	-15.18962
13.72	6.678056	6.422206	-8.020456	-7	-6.637569	-6.321242	5.932898	6.018245	-16.41422
13.74	6.105382	6.695365	-11.09801	-7	-6.054887	-5.81733	7.767532	6.445725	-13.84917
13.76	6.359663	7.036813	-9.789888	-7	-5.291512	-5.088322	8.14826	-4.042823	-10.86745
13.78	6.010853	6.422206	-11.15332	-7	-4.888844	-4.874181	7.754581	-7.874884	-12.02634
13.8	6.514685	6.695365	-8.099938	-7	-4.692111	-4.896566	14.79736	-7.691679	-10.49788
13.82	5.24924	5.19299	-13.54071	-7	-4.799182	-5.248908	18.40192	0.2472528	-13.64645
13.84	6.537011	6.763654	-6.480255	-7	-4.285689	-4.721765	22.04675	3.17855	-8.254751
13.86	5.037546	5.056413	-13.24153	-7	-4.152439	-4.654621	8.210587	2.201451	-15.10164
13.88	7.210197	6.900233	-1.619679	-7	-4.368854	-5.04877	30.30341	7.7129	-7.602173
13.9	5.271605	5.466149	-11.34339	-7	-3.810662	-4.246004	-13.71912	2.598397	-19.87492
13.92	3.980014	3.827197	-16.14046	-7	-4.677251	-4.688108	25.36669	6.812137	-8.195595
13.94	4.33638	4.783254	-13.11161	-7	-3.934205	-4.355197	32.64848	-2.867251	-5.009096
13.96	4.61107	4.510095	-10.41882	-7	-3.649574	-4.607627	35.80474	-3.416869	-7.859904
13.98	4.286129	4.100356	-10.82681	-7	-3.422281	-4.454965	29.10687	18.88847	-10.25028
14	4.240764	4.168647	-9.907743	-7	-3.165431	-3.984735	23.03592	16.26252	-9.17616
14.02	3.807728	3.758908	-10.90142	-7	-3.031616	-3.687357	17.45182	8.186185	-9.44778
14.04	2.602205	2.597983	-15.32285	-7	-3.075638	-3.584094	22.37248	0.6594667	-7.87858
14.06	2.836764	2.597983	-12.19341	-7	-3.214891	-4.114835	46.67911	3.209084	-3.346695
14.08	2.540917	2.529693	-12.21767	-7	-2.594671	-3.733634	34.3429	6.384657	-7.051891
14.1	1.37169	1.23219	-16.07698	-7	-2.487215	-3.465582	36.36438	16.36939	-5.96102
14.12	1.200957	1.300479	-14.82893	-7	-2.007682	-2.917783	40.5434	9.407557	-1.719024
14.14	1.13123	1.300479	-13.26924	-7	-1.321022	-2.239643	29.97095	10.90374	-2.496458
14.16	1.493678	1.300479	-9.566685	-7	-1.193046	-2.176625	28.28157	14.79687	-2.910686
14.18	1.248337	1.300479	-9.429523	-7	-0.8016686	-1.478836	6.021509	15.36176	-5.943539
14.2	1.006961	1.300479	-9.389721	-7	-0.5617923	-0.5962066	-10.14635	10.36939	-4.614989
14.22	-0.1675418	0.07126522	-13.5989	-7	-0.8290886	-0.5644336	-7.933819	0.7663365	-3.531066
14.24	-1.6934	-1.362819	-18.87481	-7	-1.077045	-0.8449622	12.96711	1.468627	0.8941898
14.26	-1.680832	-1.362819	-16.20224	-7	-0.8395334	-1.155099	37.518	-0.3939687	5.686501
14.28	-1.286617	-1.362819	-11.8666	-7	-0.4789475	-1.568126	43.60635	2.36939	2.657846
14.3	-2.709629	-2.728612	-16.63013	-7	-0.06609055	-1.121102	30.67379	16.62893	-1.190849
14.32	-2.60043	-2.728612	-13.35909	-7	0.04959485	-0.9459678	44.36901	24.5984	4.782949
14.34	-2.753457	-2.728612	-11.91816	-7	0.6601176	-0.4257618	29.44884	13.48389	1.67959
14.36	-3.839533	-4.162696	-14.67266	-7	0.4658766	-0.560008	34.21785	8.338857	1.64941
14.38	-4.259088	-4.026116	-14.32099	-7	1.061441	0.3307454	27.24209	18.5984	4.809355
14.4	-4.095366	-4.435854	-10.79937	-7	0.9097974	-0.1517551	40.16882	11.27015	5.542169
14.42	-4.364273	-4.435854	-10.0729	-7	1.360641	0.3256184	23.07647	5.606031	2.175835
14.44	-4.340206	-4.709013	-7.806819	-7	1.165179	0.237435	24.56512	11.60603	2.884166
14.46	-6.280193	-6.143096	-15.41209	-7	1.406318	0.9365616	8.729582	7.941908	1.125632
14.48	-6.924261	-6.621124	-15.84749	-7	1.531986	1.360219	26.21892	-0.2107625	9.926178
14.5	-5.460783	-5.460199	-6.198924	-7	1.902777	1.085465	34.50658	-0.592442	10.30378
14.52	-4.878328	-5.733358	-1.519495	-7	1.505687	0.008564055	29.53356	5.712901	1.129245
14.54	-5.997314	-6.143096	-6.06625	-7	1.745827	1.035123	-5.037223	19.10221	-2.834956
14.56	-6.820445	-6.416255	-8.847029	-7	1.895805	2.240024	-14.98711	11.77397	3.553551
14.58	-6.721214	-6.825994	-6.511778	-7	1.292489	1.358501	10.33985	-11.09626	7.12623
14.6	-7.602203	-7.50889	-9.358458	-7	1.35924	1.138113	9.326454	-14.27183	4.041168
14.62	-7.476806	-7.782049	-6.782937	-7	0.9934828	0.4019469	32.90779	0.5678632	7.30875
14.64	-7.357814	-7.099152	-5.122814	-7	1.83199	1.268111	9.925341	6.903741	4.139338
14.66	-8.47016	-8.806395	-8.858232	-7	1.374324	0.8416858	19.73335	5.98771	4.004869
14.68	-8.266991	-8.123497	-6.316438	-7	1.776957	1.347159	19.63713	3.438092	7.622574
14.7	-8.440921	-8.806395	-5.496454	-7	1.57226	0.7824649	27.22086	0.6136647	5.60683
14.72	-7.920208	-8.123497	-1.741514	-7	1.820389	1.009404	19.37461	3.300688	4.862728
14.74	-8.945183	-8.806395	-5.955437	-7	2.206739	1.923898	-5.538157	4.277786	1.888865
14.76	-9.179943	-9.48929	-5.431295	-7	1.566038	1.332428	18.91247	1.315955	7.491644
14.78	-10.32489	-10.1039	-9.713368	-7	1.947377	1.681542	12.79695	-4.622976	6.18154
14.8	-9.4602	-9.69416	-3.58641	-7	1.823303	1.198842	36.01994	2.567863	11.11953
14.82	-10.42222	-10.37706	-7.143598	-7	2.398332	1.674877	14.19182	3.346489	4.48334
14.84	-11.13868	-11.46969	-8.608912	-7	2.039258	1.383765	34.47681	11.59076	9.421957
14.86	-9.773881	-9.69416	-0.5440633	-7	2.813432	2.017225	24.83386	4.247252	10.41903
14.88	-10.10953	-10.7185	-1.031909	-7	2.523374	1.531743	15.84867	6.720534	3.412375
14.9	-11.55219	-11.74285	-6.927629	-7	2.405095	1.946565	9.59152	11.95718	4.573587
14.92	-10.49391	-10.44535	-0.4624897	-7	2.641197	2.35174	15.97672	-3.493205	10.98201
14.94	-11.15935	-11.33311	-2.834049	-7	2.657069	2.203011	4.262179	-2.561908	4.690649
14.96	-9.604187	-9.967319	5.614251	-7	2.442858	1.98445	10.46906	3.728168	7.819244
14.98	-9.993012	-10.03561	3.412463	-7	2.672195	2.529597	-25.44558	-0.3176328	-0.6229334
15	-10.7133	-11.05995	0.2884587	-7	1.728052	2.027975	-11.48217	1.697634	3.176785
15.02	-10.59699	-10.03561	0.7239935	-7	2.194466	2.880837	-24.08096	-16.2871	5.558166
15.04	-11.11367	-11.33311	-1.204613	-7	1.398715	1.725453	-0.2993603	-16.05809	5.757749
15.06	-11.54495	-11.4014	-2.837511	-7	1.484492	1.595595	6.454188	-4.287098	6.582942
15.08	-11.23121	-11.33311	-0.5609366	-7	1.470001	1.204835	20.25157	-3.187862	8.026968
15.1	-11.26126	-11.26482	-0.3190418	-7	1.854856	1.43825	11.41744	4.354122	5.33696
15.12	-11.15481	-11.4014	0.7637679	-7	1.793392	1.357966	14.03568	7.544961	5.680673
15.14	-11.35997	-11.4014	0.06949364	-7	2.014573	1.717258	4.56375	1.315955	4.631454
15.16	-11.1927	-11.4014	1.376242	-7	1.877695	1.615196	8.744871	1.636565	5.879267
15.18	-10.21389	-10.44535	6.225234	-7	1.928573	1.56892	2.875143	-1.111526	4.503179
15.2	-10.32611	-10.51364	5.209174	-7	1.880138	1.776536	-16.2744	0.1403826	0.01121807
15.22	-10.17469	-10.37706	5.581093	-7	1.442612	1.687662	-15.69708	-0.92832	1.767975
15.24	-11.84515	-11.67456	-2.906451	-7	1.24098	1.820248	-19.14457	-14.66878	1.197246
15.26	-11.64686	-11.67456	-1.254335	-7	0.7875549	1.095672	17.81562	-9.203128	9.61989
15.28	-11.76372	-11.67456	-1.502201	-7	1.209217	0.9066597	19.11321	-11.64588	6.379223
15.3	-11.61035	-11.74285	-0.2176098	-7	1.419391	0.9017701	23.69187	13.5755	6.725441
15.32	-11.57803	-11.74285	0.3619475	-7	1.694473	1.082955	19.09451	3.102214	5.425918
15.34	-11.4518	-11.67456	1.378222	-7	1.832368	1.273583	15.24193	11.54496	5.229198
15.36	-10.42888	-10.78679	6.511875	-7	1.86678	1.273951	10.31148	-1.844351	4.536422
15.38	-10.50838	-10.78679	5.653284	-7	1.868105	1.54629	-10.98027	3.315955	-0.2644882
15.4	-10.37772	-10.7185	5.952473	-7	1.376911	1.411844	-9.895247	-0.1191595	1.444102
15.42	-10.70533	-10.7185	3.750255	-7	1.249413	1.542262	-16.79984	-3.447404	0.9200974
15.44	-9.567697	-9.69416	8.755156	-7	0.9869211	1.259256	-10.04531	-14.66878	3.230674
15.46	-9.416204	-9.69416	8.432735	-7	0.6593295	0.777481	-18.225	-10.02756	-2.224279
15.48	-10.78791	-11.05995	1.028935	-7	-0.02574286	0.2869878	-9.302036	-12.22603	-1.872237
15.5	-11.31209	-11.05995	-1.751583	-7	0.04673961	0.4647848	6.624498	-3.52374	4.719017
15.52	-10.06849	-10.03561	4.285601	-7	0.339552	0.1788377	20.74353	-17.92068	6.680634
15.54	-9.816312	-10.1039	5.032309	-7	0.5328847	-0.04882074	10.69963	-2.867251	0.1009483
15.56	-10.74139	-11.05995	0.2575474	-7	0.3541634	-0.01494666	9.838897	4.873206	-0.2690296
15.58	-11.22045	-11.05995	-2.049903	-7	0.6884361	0.6357546	11.61385	11.10221	4.388315
15.6	-9.662387	-9.762449	5.71368	-7	0.9548176	0.5752461	19.27683	-6.195495	6.653402
15.62	-9.248904	-9.762449	7.25782	-7	0.8983641	0.1834798	5.380909	1.544963	-1.28564
15.64	-9.293545	-9.762449	6.384971	-7	0.5925051	0.2267942	-3.16765	8.109849	-2.305988
15.66	-9.999368	-9.830739	2.076609	-7	0.7792833	1.099736	-19.71356	4.674733	-1.278334
15.68	-11.01743	-10.99166	-2.846496	-7	0.3309419	0.8016332	0.2454612	-12.22603	3.545348
15.7	-11.08672	-10.99166	-2.710147	-7	0.3801211	0.4063246	22.54456	-13.29473	7.419418
15.72	-9.720942	-10.1039	4.407383	-7	0.486254	-0.3478671	37.4215	-3.187862	6.387852
15.74	-10.59885	-10.99166	-0.00435257	-7	0.7452574	-0.2297378	19.01818	8.919007	-1.195773
15.76	-10.99059	-11.05995	-1.62566	-7	0.9922122	0.5637534	17.73625	18.67473	4.029224
15.78	-10.0096	-9.762449	3.207264	-7	1.734159	1.532157	4.059346	0.8579396	5.813407
15.8	-9.023384	-9.762449	8.124798	-7	1.121253	0.47472	10.97967	-2.302366	1.813056
15.82	-9.294377	-9.69416	6.056881	-7	1.000289	0.5976278	-10.08266	4.812138	-3.447237
15.84	-9.699159	-9.830739	3.489597	-7	0.7190753	0.9231725	-13.81897	4.384657	-0.6501102
15.86	-11.24234	-10.99166	-4.267997	-7	0.622555	1.191723	-10.52565	-13.11153	1.85058
15.88	-10.95508	-10.99166	-2.098097	-7	0.3128778	0.4169729	27.01941	-13.96649	9.287004
15.9	-9.883073	-10.03561	3.382168	-7	0.7613121	0.04043058	28.71504	-5.539007	5.555276
15.92	-10.56332	-11.05995	0.1800878	-7	0.7244803	-0.1815306	22.03987	6.964809	0.2058964
15.94	-11.07204	-11.05995	-2.07514	-7	1.118865	0.7013744	15.08934	15.02588	3.70611
15.96	-9.690939	-9.762449	4.935912	-7	1.466001	1.043275	14.56984	-0.5466405	6.388461
15.98	-9.244495	-9.762449	6.861907	-7	1.297583	0.6596758	2.159822	2.506794	-0.3828354
16	-9.396865	-9.830739	5.606868	-7	0.9471892	0.669912	-7.304523	6.20145	-1.808999
16.02	-9.906558	-9.69416	2.372582	-7	1.112118	1.533753	-23.46114	-2.22603	-0.329834
16.04	-10.93382	-11.05995	-2.46858	-7	0.4113571	0.8391599	0.6443672	-11.95122	3.442146
16.06	-11.05324	-10.85508	-2.682798	-7	0.5942223	0.7032003	16.42794	-12.69931	7.033236
16.08	-9.913781	-10.1039	3.286467	-7	0.7816589	0.2310861	27.64258	2.216718	6.644992
16.1	-10.64627	-10.99166	-0.2452158	-7	0.8965319	0.1338742	16.59126	7.957177	0.3685331
16.12	-10.97075	-11.12824	-1.423814	-7	0.9923706	0.5357343	19.88724	18.20145	4.403763
16.14	-11.01762	-10.99166	-1.234937	-7	1.384741	0.9853361	16.72694	-4.638243	5.542715
16.16	-9.426453	-9.69416	6.805264	-7	1.573537	0.9688652	15.63	5.575496	5.684833
16.18	-9.230398	-9.762449	7.298845	-7	1.417664	0.7833652	-4.586489	2.231985	-2.103502
16.2	-9.408422	-9.762449	5.821422	-7	1.034482	0.9645386	-14.0999	7.483892	-1.806764
16.22	-11.12445	-11.12824	-2.873275	-7	0.6544617	1.065582	-12.44909	-15.64588	-0.1376867
16.24	-10.07537	-10.03561	2.557189	-7	0.5251685	0.7368978	14.81361	-12.68404	8.226152
16.26	-9.952091	-10.1039	2.925852	-7	0.7095867	0.3303487	9.003314	-15.18786	1.655803
16.28	-9.767888	-10.1039	3.68364	-7	0.5719908	0.1647334	11.08223	11.6671	1.529821
16.3	-10.04685	-10.03561	1.898675	-7	0.8508211	0.7052116	-1.746067	-1.890152	0.6219158
16.32	-9.901716	-10.03561	2.526325	-7	0.7142134	0.6692827	4.194613	1.835039	2.914838
16.34	-9.76685	-10.03561	3.073284	-7	0.5464352	0.2841711	8.966468	-1.218396	1.973041
16.36	-10.05153	-10.1039	1.400342	-7	0.6925993	0.5278003	2.630597	0.1403826	1.151463
16.38	-9.882081	-10.03561	2.20409	-7	0.6122971	0.4551656	8.846243	0.384657	3.047331
16.4	-9.949619	-10.1039	1.763552	-7	0.6424929	0.3786927	8.300372	-0.1496943	1.944202
16.42	-9.983788	-10.1039	1.530787	-7	0.6976373	0.4644041	8.243658	-0.2412969	2.380058
16.44	-9.850242	-10.03561	2.170396	-7	0.6895417	0.3972893	10.34749	0.3999246	2.604438
16.46	-9.810431	-10.03561	2.298379	-7	0.6774627	0.3234739	9.944758	0.01824514	1.869927
16.48	-9.872418	-10.1039	1.935588	-7	0.6395336	0.2927325	10.07917	-0.3329004	1.741962
16.5	-9.956115	-10.1039	1.464244	-7	0.6943667	0.4070424	8.900852	0.2472528	2.071285
16.52	-9.826539	-10.03561	2.112274	-7	0.6689764	0.3433736	11.4977	0.2319852	2.584309
16.54	-9.900611	-10.1039	1.701949	-7	0.6904646	0.3325821	10.10205	-0.1802286	1.823143
16.56	-9.839487	-10.03561	1.984171	-7	0.7010571	0.3672737	10.49254	-0.04282358	2.283928
16.58	-9.904964	-10.1039	1.63763	-7	0.7060169	0.3694561	9.892828	0.2319852	1.98434
16.6	-9.823796	-10.03561	2.037328	-7	0.6947295	0.3509493	11.04271	0.03351232	2.348209
16.62	-9.814677	-10.03561	2.042481	-7	0.6948885	0.3288576	10.29761	-0.08862512	1.898799
16.64	-9.885752	-10.1039	1.672901	-7	0.6733883	0.3262604	10.36509	-0.05809075	1.917596
16.66	-9.878163	-10.1039	1.729044	-7	0.6461879	0.2838032	12.10392	0.2167185	2.269822
16.68	-9.878515	-10.1039	1.733702	-7	0.6543835	0.2586044	12.46963	-0.1802286	2.134108
16.7	-9.868067	-10.03561	1.748507	-7	0.7409204	0.3844933	10.18002	0.03351232	2.115705
16.72	-9.844912	-10.03561	1.853154	-7	0.7557596	0.426367	9.64534	0.07931343	2.212573
16.74	-9.804071	-10.03561	2.054647	-7	0.7152987	0.3649162	10.42187	0.125115	2.134263
16.76	-9.889586	-10.1039	1.617415	-7	0.6993165	0.3533083	10.00594	-0.01228922	1.892603
16.78	-9.803547	-10.03561	2.055945	-7	0.6661288	0.3032616	11.87125	0.002977535	2.335855
16.8	-9.925252	-10.1039	1.415843	-7	0.7174377	0.3720786	9.543236	0.06404668	1.815143
16.82	-9.912072	-10.1039	1.524163	-7	0.7097601	0.3868737	11.2493	0.03351232	2.552239
16.84	-9.843603	-10.03561	1.870052	-7	0.7453618	0.3888621	10.94604	0.04877907	2.376657
16.86	-9.782773	-10.03561	2.174521	-7	0.7082148	0.3144473	11.4046	0.03351232	2.058263
16.88	-9.8653	-10.1039	1.747527	-7	0.6856416	0.3022507	10.65255	0.07931343	1.731625
16.9	-9.879827	-10.1039	1.690267	-7	0.664977	0.299886	11.71648	-0.02755682	2.178018
16.92	-9.905169	-10.1039	1.570164	-7	0.6934541	0.3268683	11.44798	0.06404668	2.185352
16.94	-9.8158	-10.03561	2.02198	-7	0.7032486	0.3206036	11.92357	0.03351232	2.32247
16.96	-9.868269	-10.1039	1.755982	-7	0.6951749	0.3006526	11.20941	0.07931343	1.859803
16.98	-9.887756	-10.1039	1.670613	-7	0.6947335	0.3251672	11.4199	-0.05809075	2.151735
17	-9.888273	-10.1039	1.686579	-7	0.6997047	0.3245366	11.73335	-0.02755682	2.22892
17.02	-9.94584	-10.17219	1.443895	-7	0.6911248	0.302455	12.35168	0.002977535	2.204497
17.04	-9.927799	-10.17219	1.602153	-7	0.6776344	0.2564029	13.97686	0.01824514	2.424591
17.06	-9.800243	-10.03561	2.233801	-7	0.7248532	0.2787797	12.93345	0.06404668	2.209516
17.08	-9.851699	-10.1039	1.954209	-7	0.7217348	0.2970988	11.00787	0.01824514	1.644336
17.1	-9.875903	-10.1039	1.828499	-7	0.7066711	0.3349312	10.85115	0.002977535	2.001725
17.12	-9.909431	-10.1039	1.653252	-7	0.7248973	0.3815329	10.27711	0.06404668	2.128551
17.14	-9.765529	-9.967319	2.338046	-7	0.7416745	0.397279	10.22075	0.03351232	2.328422
17.16	-9.799804	-10.03561	2.113028	-7	0.7084463	0.3527082	9.163455	0.01824514	1.652355
17.18	-9.882833	-10.1039	1.681319	-7	0.6607462	0.3353574	9.895746	0.002977535	1.902295
17.2	-9.852012	-10.03561	1.811653	-7	0.6779697	0.3587351	10.39917	0.04877907	2.27948
17.22	-9.907064	-10.1039	1.535334	-7	0.6812057	0.3451315	10.6179	0.03351232	2.124851
17.24	-9.891333	-10.1039	1.643718	-7	0.6729767	0.3137419	12.08958	-0.07335836	2.386305
17.26	-9.819065	-10.03561	1.998013	-7	0.6989318	0.3076724	11.87906	0.01824514	2.218064
17.28	-9.878165	-10.1039	1.697305	-7	0.7005071	0.3146236	10.99383	0.002977535	1.882618
17.3	-9.890438	-10.1039	1.654034	-7	0.6986362	0.3344284	11.43831	-0.04282358	2.217841
17.32	-9.894917	-10.1039	1.650378	-7	0.7111037	0.3407516	11.5297	-0.05809075	2.244185
17.34	-9.754813	-9.967319	2.322864	-7	0.7395027	0.3614147	10.93448	0.03351232	2.25069
17.36	-9.867896	-10.1039	1.734472	-7	0.7099457	0.3411541	9.666349	0.03351232	1.615515
17.38	-9.888126	-10.1039	1.651767	-7	0.6785311	0.3397839	11.07041	0.04877907	2.240814
17.4	-9.899261	-10.1039	1.610596	-7	0.6879679	0.3285904	11.53202	0.03351232	2.256293
17.42	-9.971498	-10.17219	1.291732	-7	0.7027135	0.3378807	11.83068	0.002977535	2.280806
17.44	-9.88561	-10.1039	1.77314	-7	0.7155594	0.32194	13.1017	0.03351232	2.593857
17.46	-9.961262	-10.17219	1.424807	-7	0.7524479	0.3507047	11.61392	-0.01228922	2.078244
17.48	-9.847603	-10.1039	2.050086	-7	0.7216552	0.3032439	13.39385	0.1098478	2.503685
17.5	-9.859192	-10.1039	1.97918	-7	0.7378838	0.3062284	11.49405	0.04877907	1.816901
17.52	-9.849418	-10.1039	2.028897	-7	0.7055604	0.3023706	11.57966	-0.01228922	1.974053
17.54	-9.786557	-10.03561	2.306646	-7	0.6893107	0.2885288	11.26135	-0.04282358	1.915837
17.56	-9.806294	-10.03561	2.139286	-7	0.6858773	0.3137584	9.762183	0.01824514	1.645338
17.58	-9.875929	-10.1039	1.765907	-7	0.6441219	0.3013299	10.37199	-0.01228922	1.860382
17.6	-9.914423	-10.1039	1.561954	-7	0.65679	0.3261133	10.86971	-0.02755682	2.184718
17.62	-9.897547	-10.1039	1.66217	-7	0.6617885	0.3029658	12.08449	0.002977535	2.361054
17.64	-9.837757	-10.03561	1.940227	-7	0.7089252	0.3334607	11.30427	0.002977535	2.211376
17.66	-9.809031	-10.03561	2.058774	-7	0.7079373	0.3300883	10.71544	0.04877907	1.977243
17.68	-9.829985	-10.03561	1.912763	-7	0.7165875	0.3704705	9.517502	-0.01228922	1.881326
17.7	-9.958801	-10.17219	1.297205	-7	0.6750638	0.3464339	10.59964	0.01824514	2.070827
17.72	-9.839222	-10.03561	1.913127	-7	0.6940348	0.342155	12.10728	-0.01228922	2.625354
17.74	-9.909178	-10.1039	1.552945	-7	0.7342573	0.3677245	10.3289	0.01824514	1.958744
17.76	-9.885158	-10.1039	1.711677	-7	0.7142587	0.3559278	11.65413	0.03351232	2.399177
17.78	-9.837531	-10.03561	1.93576	-7	0.7520316	0.3860654	10.53946	-0.07335836	2.1886
17.8	-9.880954	-10.1039	1.726265	-7	0.7308276	0.3726352	10.35191	0.002977535	2.023158
17.82	-9.822573	-10.03561	2.011678	-7	0.7262524	0.3742431	10.60613	-0.04282358	2.235877
17.84	-9.878343	-10.1039	1.729437	-7	0.7033009	0.3431779	10.45385	0.01824514	1.941314
17.86	-9.902805	-10.1039	1.616257	-7	0.7046391	0.3620259	10.79714	-0.02755682	2.220597
17.88	-9.891749	-10.1039	1.694175	-7	0.7016406	0.340599	11.59815	-0.05809075	2.31846
17.9	-9.81652	-10.03561	2.061471	-7	0.7161684	0.3334536	11.42477	-0.01228922	2.21028
17.92	-9.809345	-10.03561	2.061666	-7	0.7178287	0.3402826	10.24097	-0.04282358	1.857868
17.94	-9.799571	-10.03561	2.081111	-7	0.6843949	0.3225631	10.35072	-0.02755682	1.903411
17.96	-9.891962	-10.1039	1.599978	-7	0.6695389	0.327458	10.13728	-0.02755682	1.865569
17.98	-9.995175	-10.17219	1.118838	-7	0.6806847	0.3633746	11.01974	-0.05809075	2.340202
18	-9.838399	-10.03561	1.93779	-7	0.707973	0.3432944	12.75492	0.07931343	2.782917
18.02	-9.79512	-10.03561	2.133864	-7	0.7210712	0.3026077	11.44439	-0.01228922	1.912375
18.04	-9.71444	-9.967319	2.483047	-7	0.7020409	0.3022401	10.53224	0.1861837	1.777542
18.06	-9.870657	-10.1039	1.659418	-7	0.6657069	0.3107467	9.337595	-0.01228922	1.459275
18.08	-9.934342	-10.1039	1.345999	-7	0.6761408	0.3810281	10.15964	-0.05809075	2.305764
18.1	-9.839245	-10.03561	1.840674	-7	0.68427	0.3425267	11.85022	0.06404668	2.578527
18.12	-9.89296	-10.1039	1.577058	-7	0.700361	0.3243044	11.17032	0.002977535	2.020897
18.14	-9.79775	-10.03561	2.068943	-7	0.6837898	0.2920824	12.38621	0.07931343	2.315411
18.16	-9.875335	-10.1039	1.670063	-7	0.6912746	0.2945178	11.08345	0.03351232	1.777332
18.18	-9.967828	-10.17219	1.250875	-7	0.6913323	0.3339069	11.63858	0.002977535	2.227826
18.2	-9.931111	-10.1039	1.47647	-7	0.7479078	0.3952979	11.78929	-0.05809075	2.625174
18.22	-9.967731	-10.17219	1.358891	-7	0.7649219	0.3889297	11.85168	-0.02755682	2.417718
18.24	-9.806791	-10.03561	2.197179	-7	0.7765328	0.3735322	12.2968	-0.01228922	2.550644
18.26	-9.702265	-9.967319	2.666198	-7	0.76431	0.3381643	10.3176	0.06404668	1.717833
18.28	-9.739698	-10.03561	2.420352	-7	0.6673973	0.266589	9.85688	-0.02755682	1.332751
18.3	-9.891307	-10.1039	1.606866	-7	0.6416264	0.3157504	9.098766	-0.08862512	1.562996
18.32	-9.856232	-10.03561	1.762238	-7	0.6469257	0.345722	10.56762	-0.04282358	2.377696
18.34	-9.897301	-10.1039	1.559563	-7	0.6425107	0.2940562	11.45418	0.06404668	2.152609
18.36	-9.924575	-10.1039	1.433518	-7	0.6860219	0.3382592	11.41974	-0.05809075	2.310425
18.38	-9.896571	-10.1039	1.612519	-7	0.6995037	0.326528	12.34412	-0.02755682	2.446135
18.4	-9.918165	-10.1039	1.519953	-7	0.7549689	0.3849818	11.0316	-0.04282358	2.240199
18.42	-9.894525	-10.1039	1.679708	-7	0.7595298	0.394186	11.36059	0.03351232	2.405764
18.44	-9.889539	-10.1039	1.731531	-7	0.7657338	0.3928139	10.99756	-0.01228922	2.24547
18.46	-9.868383	-10.1039	1.866123	-7	0.742413	0.3601568	11.41104	-0.01228922	2.219653
18.48	-9.819915	-10.03561	2.087107	-7	0.7575686	0.3847528	10.28664	0.01824514	2.07189
18.5	-9.857971	-10.1039	1.895353	-7	0.7076092	0.3382732	10.5167	-0.01228922	1.904047
18.52	-9.796598	-10.03561	2.181096	-7	0.6791135	0.3055314	11.1715	0.01824514	2.072533
18.54	-9.827488	-10.03561	1.965347	-7	0.6952466	0.3402238	9.558661	-0.02755682	1.750996
18.56	-9.88786	-10.1039	1.656454	-7	0.6612074	0.3290628	10.42775	0.03351232	2.024203
18.58	-9.921904	-10.1039	1.488907	-7	0.6821983	0.3545507	10.82279	0.03351232	2.279367
18.6	-9.905601	-10.1039	1.597565	-7	0.6942992	0.3417324	11.7942	-0.01228922	2.429933
18.62	-9.905532	-10.1039	1.615793	-7	0.7260124	0.356101	11.46991	-0.02755682	2.287499
18.64	-9.959932	-10.17219	1.394437	-7	0.7279924	0.3547579	11.80924	0.002977535	2.294939
18.66	-9.90489	-10.1039	1.707528	-7	0.7618712	0.3866285	11.84868	0.01824514	2.510339
18.68	-9.902328	-10.1039	1.735055	-7	0.7935041	0.4216845	10.53755	0.01824514	2.217069
18.7	-9.844685	-10.1039	2.060491	-7	0.7372099	0.3442754	11.84281	0.5067945	2.260303
18.72	-9.851712	-10.1039	2.017383	-7	0.7142293	0.3076198	11.2922	1.300687	1.880248
18.74	-9.931841	-10.1039	1.581133	-7	0.7663486	0.4364024	8.884701	-0.08862512	1.941985
18.76	-9.898658	-10.1039	1.774575	-7	0.7354732	0.4172307	10.54859	0.3541227	2.481679
18.78	-9.886398	-10.1039	1.842312	-7	0.7246269	0.3668289	10.89705	-0.1344267	2.21646
18.8	-9.922131	-10.1039	1.64917	-7	0.7590578	0.4253284	9.634464	-0.164961	2.1336
18.82	-9.837346	-10.03561	2.064611	-7	0.7596059	0.4320766	9.97551	0.2319852	2.383991
18.84	-9.796399	-10.03561	2.238592	-7	0.7210842	0.3613982	9.99119	-0.01228922	1.958094
18.86	-9.901038	-10.1039	1.675986	-7	0.7117783	0.3871026	8.876463	-0.2260297	1.771635
18.88	-9.912767	-10.1039	1.625139	-7	0.6940206	0.3898667	10.29823	0.01824514	2.363677
18.9	-9.86875	-10.03561	1.820474	-7	0.7398942	0.4249508	9.765522	0.09458104	2.346613
18.92	-9.887252	-10.1039	1.738378	-7	0.7114799	0.3714329	10.52821	-0.1344267	2.180975
18.94	-9.831925	-10.03561	1.997276	-7	0.721548	0.3738465	10.47936	-0.04282358	2.224
18.96	-9.92154	-10.1039	1.528976	-7	0.7433834	0.42122	9.079561	0.1556493	1.969108
18.98	-9.818911	-10.03561	2.05655	-7	0.7103534	0.3766355	11.05962	-0.01228922	2.492312
19	-9.851128	-10.03561	1.84421	-7	0.749828	0.4141356	8.851314	-0.08862512	1.880491
19.02	-9.914695	-10.1039	1.531834	-7	0.7308983	0.4326743	9.266104	0.002977535	2.184723
19.04	-9.916268	-10.1039	1.552662	-7	0.7233377	0.411621	10.53633	0.06404668	2.470341
19.06	-9.825768	-10.03561	2.011377	-7	0.7266537	0.3699954	11.1956	-0.07335836	2.397261
19.08	-9.836362	-10.03561	1.920247	-7	0.7528762	0.4013157	9.358179	0.04877907	1.918497
19.1	-9.787544	-10.03561	2.158989	-7	0.6892593	0.3321936	10.7323	0.03351232	2.087667
19.12	-9.875614	-10.1039	1.697803	-7	0.6646022	0.3028617	10.43834	0.07931343	1.77696
19.14	-9.888386	-10.1039	1.646548	-7	0.6491011	0.2943609	11.77482	-0.01228922	2.23359
19.16	-9.850925	-10.03561	1.811778	-7	0.7026986	0.3442891	10.98632	0.002977535	2.222552
19.18	-9.834843	-10.03561	1.873009	-7	0.7220155	0.3695446	10.28909	0.07931343	2.100403
19.2	-9.914898	-10.1039	1.473908	-7	0.7306043	0.4046092	9.679907	-0.07335836	2.070909
19.22	-9.764024	-9.967319	2.222194	-7	0.7306601	0.3938691	10.71097	0.002977535	2.492859
19.24	-9.742913	-9.967319	2.262592	-7	0.7255089	0.3661214	9.049637	0.01824514	1.708683
19.26	-9.792039	-10.03561	1.983191	-7	0.6560078	0.3164628	9.633269	0.01824514	1.727887
19.28	-9.861649	-10.03561	1.591184	-7	0.6732665	0.3741739	9.041361	0.03351232	1.954037
19.3	-9.929514	-10.1039	1.274292	-7	0.6699694	0.3758271	10.41878	0.01824514	2.35775
19.32	-9.847992	-10.03561	1.710205	-7	0.6905281	0.349772	11.89829	0.03351232	2.610386
19.34	-9.899936	-10.1039	1.472187	-7	0.7133899	0.3398155	11.31712	0.03351232	2.124838
19.36	-9.888446	-10.1039	1.579443	-7	0.7137758	0.3372598	12.18507	-0.07335836	2.395266
19.38	-9.843323	-10.03561	1.809102	-7	0.765969	0.3919278	10.87904	0.01824514	2.26298
19.4	-9.779097	-10.03561	2.145798	-7	0.7221847	0.3257005	11.51061	-0.05809075	2.108266
19.42	-9.885702	-10.1039	1.600103	-7	0.7225796	0.3536031	9.937044	0.09458104	1.744843
19.44	-9.884072	-10.1039	1.64584	-7	0.6916	0.3414741	11.57732	-0.02755682	2.350365
19.46	-9.912973	-10.1039	1.516113	-7	0.7252716	0.3671228	11.04198	0.01824514	2.233926
19.48	-9.881131	-10.1039	1.718161	-7	0.7148969	0.3382715	12.12382	-0.02755682	2.395949
19.5	-9.869928	-10.1039	1.797705	-7	0.7144016	0.3108535	12.10363	0.01824514	2.156932
19.52	-9.796576	-10.03561	2.156138	-7	0.7170444	0.3098363	11.69858	-0.05809075	2.085927
19.54	-9.878922	-10.1039	1.725075	-7	0.7163576	0.3378025	10.22106	0.01824514	1.751024
19.56	-9.883727	-10.1039	1.719799	-7	0.6925094	0.3386311	11.282	0.06404668	2.237572
19.58	-9.883811	-10.1039	1.732536	-7	0.6904701	0.3152564	11.71784	-0.08862512	2.194345
19.6	-9.952661	-10.17219	1.423468	-7	0.6893323	0.3074899	12.05893	0.002977535	2.164757
19.62	-9.970947	-10.17219	1.385743	-7	0.7168018	0.3367594	12.56599	0.03351232	2.461547
19.64	-9.875953	-10.1039	1.903771	-7	0.7359231	0.3211537	13.09477	0.03351232	2.49413
19.66	-9.852754	-10.1039	2.025203	-7	0.7397146	0.3056805	12.01278	0.002977535	1.975725
19.68	-9.790072	-10.03561	2.306929	-7	0.7362524	0.3295959	10.88375	-0.02755682	1.908791
19.7	-9.783145	-10.03561	2.28874	-7	0.7008333	0.3169822	10.00244	0.04877907	1.675526
19.72	-9.895797	-10.1039	1.680603	-7	0.6855052	0.3573596	9.087857	-0.01228922	1.714052
19.74	-9.934171	-10.1039	1.485168	-7	0.6944177	0.4039877	9.86268	0.01824514	2.339011
19.76	-9.935197	-10.1039	1.495568	-7	0.7206165	0.4115023	10.53182	0.07931343	2.495573
19.78	-9.842195	-10.03561	1.962996	-7	0.7426847	0.3984108	10.86719	0.04877907	2.463025
19.8	-9.882952	-10.1039	1.758222	-7	0.7313632	0.3686303	10.34571	0.01824514	1.993
19.82	-9.788941	-9.967319	2.179379	-7	0.7735668	0.4495257	9.020893	0.03351232	2.216018
19.84	-9.890553	-10.1039	1.658066	-7	0.7313595	0.416558	8.728718	0.01824514	1.85834
19.86	-9.90978	-10.1039	1.581287	-7	0.7057137	0.4019544	10.23111	0.07931343	2.372872
19.88	-9.901814	-10.1039	1.643635	-7	0.7023505	0.3602578	11.27287	0.01824514	2.379218
19.9	-9.900883	-10.1039	1.663268	-7	0.7191486	0.3566494	11.30278	-0.02755682	2.275062
19.92	-9.616462	-9.830739	3.005894	-7	0.759542	0.3817822	10.21739	0.002977535	2.261312
19.94	-9.812037	-10.03561	1.91967	-7	0.7347668	0.4034257	6.295236	0.01824514	0.9793034
19.96	-9.847859	-10.03561	1.719815	-7	0.671621	0.4263732	8.366701	-0.01228922	2.194713
19.98	-9.98057	-10.1039	1.045028	-7	0.7107267	0.4748772	8.173593	-0.3787015	2.278306
20	-9.911416	-10.1039	1.472041	-7	0.6740251	0.3706844	12.36231	0.4304586	2.953688
20.02	-9.877783	-10.1039	1.681839	-7	0.6853104	0.278799	13.12219	-0.1344267	2.355243
20.04	-9.896963	-10.1039	1.601448	-7	0.7326398	0.331032	11.78098	0.125115	2.12702
20.06	-9.750463	-9.967319	2.3188	-7	0.7605966	0.3730174	11.06817	0.01824514	2.280567
20.08	-9.826462	-10.03561	1.888264	-7	0.7706433	0.4200774	8.275982	0.125115	1.610138
20.1	-9.867801	-10.1039	1.709037	-7	0.6875978	0.3631979	10.3794	-0.1344267	2.150746
20.12	-9.938061	-10.1039	1.35878	-7	0.7235667	0.4115863	9.822056	-0.1496943	2.221925
20.14	-9.903934	-10.1039	1.580418	-7	0.7131223	0.3766924	11.70205	0.002977535	2.598261
20.16	-9.838537	-10.03561	1.907205	-7	0.7525048	0.3838469	10.96832	0.01824514	2.305138
20.18	-9.910272	-10.1039	1.550415	-7	0.7709105	0.4279814	9.528739	-0.164961	2.025138
20.2	-9.910638	-10.1039	1.58565	-7	0.7623864	0.4411441	10.3013	-0.02755682	2.44597
20.22	-9.884309	-10.1039	1.755924	-7	0.7418114	0.3838399	11.2854	0.06404668	2.383884
20.24	-9.822269	-10.03561	2.055877	-7	0.7566457	0.3861383	10.56457	-0.08862512	2.177699
20.26	-9.769837	-9.967319	2.254522	-7	0.781357	0.4432791	8.431993	-0.01228922	1.916491
20.28	-9.910091	-10.1039	1.529574	-7	0.7475581	0.4623956	7.637372	0.03351232	1.807829
20.3	-9.916649	-10.1039	1.530643	-7	0.7071976	0.4284297	10.08743	-0.01228922	2.544319
20.32	-9.860493	-10.03561	1.805957	-7	0.7384412	0.4192109	10.18962	-0.02755682	2.431542
20.34	-9.997684	-10.17219	1.145669	-7	0.75375	0.4415464	9.550751	-0.02755682	2.160483
20.36	-9.921185	-10.1039	1.592024	-7	0.7594389	0.4379808	11.50207	0.002977535	2.847945
20.38	-9.811954	-10.03561	2.14809	-7	0.7686901	0.3818011	11.3279	0.06404668	2.337101
20.4	-9.792686	-10.03561	2.212431	-7	0.7517835	0.3638788	9.963861	0.002977535	1.80343
20.42	-9.7993	-10.03561	2.138342	-7	0.7136359	0.3599698	9.462646	0.07931343	1.792081
20.44	-9.855605	-10.03561	1.798542	-7	0.7252449	0.4269729	8.120472	-0.01228922	1.87052
20.46	-9.828623	-10.03561	1.921278	-7	0.6808692	0.3802353	9.835081	-0.01228922	2.252989
20.48	-9.946106	-10.1039	1.310691	-7	0.714174	0.4240937	8.808395	0.06404668	2.041943
20.5	-9.869398	-10.03561	1.711955	-7	0.7284341	0.4379145	10.3469	0.01824514	2.688773
20.52	-9.854509	-10.03561	1.774947	-7	0.7563126	0.4309147	9.598931	0.06404668	2.230599
20.54	-9.901147	-10.1039	1.563121	-7	0.7367114	0.4110691	10.0126	0.03351232	2.205282
20.56	-9.984228	-10.17219	1.202205	-7	0.7339724	0.4092665	10.81301	0.01824514	2.396326
20.58	-9.982038	-10.17219	1.296127	-7	0.7477124	0.3974683	12.27934	0.06404668	2.727567
20.6	-9.896815	-10.1039	1.774652	-7	0.7830154	0.3895787	12.33443	-0.02755682	2.591754
20.62	-9.92586	-10.17219	1.68045	-7	0.7679605	0.3519709	11.99195	-0.02755682	2.139425
20.64	-9.772488	-10.03561	2.45648	-7	0.7470785	0.3190044	12.35873	0.04877907	2.258725
20.66	-9.708198	-9.967319	2.687017	-7	0.7436764	0.3262315	9.552349	-0.04282358	1.478514
20.68	-9.858545	-10.1039	1.874359	-7	0.6783139	0.3364136	8.479402	0.01824514	1.357607
20.7	-9.900838	-10.1039	1.651551	-7	0.6386421	0.3367012	10.29604	0.01824514	2.177723
20.72	-9.895442	-10.03561	1.633789	-7	0.7122162	0.4201587	9.335938	0.002977535	2.302274
20.74	-9.903479	-10.1039	1.613526	-7	0.692042	0.3704038	10.82101	-0.02755682	2.365238
20.76	-9.887338	-10.1039	1.716115	-7	0.6848049	0.3195643	11.88728	0.01824514	2.318001
20.78	-9.954532	-10.17219	1.414944	-7	0.6891648	0.3051422	12.13764	0.04877907	2.172351
20.8	-9.881052	-10.1039	1.819443	-7	0.7037381	0.3025938	13.02779	0.04877907	2.466456
20.82	-9.813424	-10.03561	2.133836	-7	0.7448609	0.3332848	11.32734	0.06404668	2.040385
20.84	-9.862236	-10.1039	1.879144	-7	0.7204785	0.3347787	10.51882	-0.01228922	1.811453
20.86	-9.863629	-10.1039	1.879779	-7	0.6821678	0.308557	11.44774	0.03351232	2.091957
20.88	-9.895635	-10.1039	1.708238	-7	0.697033	0.3313907	10.91387	0.03351232	2.043562
20.9	-9.934271	-10.1039	1.509316	-7	0.7431459	0.4167403	9.957161	0.04877907	2.236303
20.92	-9.913007	-10.1039	1.64441	-7	0.7479104	0.4188862	10.72036	0.03351232	2.482545
20.94	-9.880062	-10.1039	1.836033	-7	0.7327167	0.3637655	11.45077	-0.02755682	2.322964
20.96	-9.787944	-10.03561	2.284997	-7	0.7151371	0.3142472	11.57061	-0.02755682	2.105412
20.98	-9.832805	-10.03561	1.990964	-7	0.7460998	0.3894124	8.733984	0.03351232	1.652857
21	-9.903984	-10.1039	1.626394	-7	0.7141299	0.4121779	9.149798	-0.02755682	2.060058
21.02	-9.951798	-10.1039	1.389108	-7	0.7431088	0.4650021	9.17403	0.01824514	2.390845
21.04	-9.911129	-10.1039	1.634946	-7	0.7298415	0.4125631	11.05841	-0.07335836	2.628251
21.06	-9.844087	-10.03561	1.959912	-7	0.7644068	0.4139849	10.32638	-0.1191595	2.308409
21.08	-9.870257	-10.1039	1.836512	-7	0.7287955	0.3662505	10.47291	-0.08862512	2.026608
21.1	-9.89583	-10.1039	1.710798	-7	0.7242889	0.3774503	10.41813	0.07931343	2.13673
21.12	-9.818846	-10.03561	2.086344	-7	0.7185946	0.3616027	10.86585	0.03351232	2.262492
21.14	-9.905799	-10.1039	1.626525	-7	0.7314859	0.3902761	9.402592	0.04877907	1.86949
21.16	-9.832318	-10.03561	1.991338	-7	0.7194234	0.3923204	10.45345	0.06404668	2.384468
21.18	-9.898632	-10.1039	1.647825	-7	0.7160349	0.3752671	9.886666	-0.04282358	1.974712
21.2	-9.912378	-10.1039	1.593281	-7	0.717151	0.3920524	10.53023	-0.01228922	2.334536
21.22	-9.917767	-10.1039	1.582729	-7	0.7375108	0.402824	10.63219	0.002977535	2.3622
21.24	-9.838662	-10.03561	1.977416	-7	0.757442	0.4100366	10.53561	0.04877907	2.375741
21.26	-9.887282	-10.1039	1.733685	-7	0.7440031	0.3918081	9.945958	-0.05809075	1.995943
21.28	-9.807157	-10.03561	2.132215	-7	0.7157017	0.3590074	10.90075	0.03351232	2.260099
21.3	-9.871825	-10.1039	1.791755	-7	0.6922633	0.3231581	10.42292	-0.02755682	1.818986
21.32	-9.884772	-10.1039	1.732477	-7	0.6741062	0.3183129	11.30038	0.01824514	2.166806
21.34	-9.887088	-10.1039	1.726897	-7	0.6763629	0.3036904	11.75533	-0.02755682	2.18258
21.36	-9.82725	-10.03561	2.004986	-7	0.7056804	0.3293691	11.23577	0.07931343	2.168941
21.38	-9.969772	-10.17219	1.30108	-7	0.7119496	0.3596478	10.32223	-0.01228922	1.919512
21.4	-9.812313	-10.03561	2.118289	-7	0.6979252	0.3290949	12.58344	0.01824514	2.656461
21.42	-9.775447	-9.967319	2.219181	-7	0.7691182	0.3965618	8.965196	-0.07335836	1.754639
21.44	-9.873105	-10.1039	1.721215	-7	0.7061753	0.3789447	9.213512	0.04877907	1.813719
21.46	-9.925048	-10.1039	1.466769	-7	0.7057754	0.4064042	9.837536	0.01824514	2.277576
21.48	-9.820789	-10.03561	2.003253	-7	0.6890339	0.3406106	11.71209	0.002977535	2.499794
21.5	-9.858909	-10.1039	1.810661	-7	0.6669003	0.2684233	11.69658	0.01824514	1.887168
21.52	-9.88663	-10.1039	1.673524	-7	0.6749734	0.2958296	11.64045	-0.01228922	2.072595
21.54	-9.829206	-10.03561	1.947392	-7	0.7028896	0.3296224	11.34184	0.06404668	2.211654
21.56	-9.825453	-10.03561	1.936186	-7	0.7193711	0.354697	10.20369	0.04877907	1.957959
21.58	-9.828111	-10.03561	1.898406	-7	0.7152282	0.3754153	9.79237	0.002977535	2.016685
21.6	-9.823057	-10.03561	1.905254	-7	0.6969517	0.3604878	10.06166	0.01824514	2.065636
21.62	-9.828123	-10.03561	1.856898	-7	0.6890116	0.3515858	10.09676	0.03351232	2.038332
21.64	-9.850178	-10.03561	1.720444	-7	0.7050881	0.3843588	9.604174	-0.01228922	2.076682
21.66	-9.78688	-9.967319	2.001565	-7	0.7252551	0.4143835	9.344374	-0.05809075	2.229377
21.68	-9.850161	-10.03561	1.657626	-7	0.7241223	0.4216831	8.615307	0.002977535	1.959531
21.7	-9.882805	-10.1039	1.536294	-7	0.6620532	0.3390007	11.17775	0.03351232	2.323557
21.72	-9.921243	-10.1039	1.36841	-7	0.6941059	0.3490198	11.3592	-0.04282358	2.324088
21.74	-9.920547	-10.1039	1.415941	-7	0.730327	0.3774508	11.66108	0.03351232	2.492573
21.76	-9.92348	-10.1039	1.443984	-7	0.7766731	0.4209982	11.08846	-0.02755682	2.449927
21.78	-9.878137	-10.1039	1.732491	-7	0.7637976	0.3823426	11.95565	-0.01228922	2.468399
21.8	-9.875344	-10.1039	1.776469	-7	0.7656889	0.3703004	11.34972	0.002977535	2.15904
21.82	-9.853059	-10.1039	1.91985	-7	0.7320932	0.3311129	11.83098	0.07931343	2.15227
21.84	-9.891043	-10.1039	1.727129	-7	0.7492015	0.3729671	10.49009	0.07931343	1.991771
21.86	-9.882398	-10.1039	1.791279	-7	0.7308942	0.3703156	11.03733	0.03351232	2.245454
21.88	-9.895771	-10.1039	1.729913	-7	0.7381861	0.3790072	10.6485	0.01824514	2.159434
21.9	-9.892809	-10.1039	1.757748	7	0.7349022	0.379746	79.51333	0.06404668	20.82686
21.92	-9.902627	-10.1039	1.714239	7	2.11969	0.3959101	90.67429	0.04877907	17.60771
21.94	-9.107292	-10.1039	6.24489	7	2.872978	0.2648753	105.4163	2.415191	17.37624
21.96	-8.812381	-10.1039	8.078065	7	3.600146	0.5440983	94.82645	14.6442	12.5225
21.98	-8.543243	-10.1039	9.827905	7	3.828019	0.7969101	88.53687	21.40756	11.43614
22	-9.960567	-11.12824	3.240026	7	4.225407	1.702134	70.67636	30.38465	10.15691
22.02	-10.03567	-10.99166	3.870822	7	4.549481	2.417568	78.35295	26.65947	17.65598
22.04	-10.1017	-11.12824	4.555098	7	4.956968	2.624705	77.28458	19.6671	17.00434
22.06	-9.846282	-10.99166	6.783461	7	5.255858	2.853485	74.11365	21.14801	16.7226
22.08	-8.885055	-10.1039	12.03599	7	5.540831	3.164792	61.51956	27.77397	14.98653
22.1	-9.335334	-10.1039	9.630945	7	6.048471	4.405185	23.57228	25.11748	10.5817
22.12	-9.638327	-10.37706	8.376113	7	5.800096	4.896924	20.46131	18.72054	14.75156
22.14	-9.110199	-9.421001	10.82846	7	6.082974	5.550314	8.03561	-0.3634343	16.15365
22.16	-8.836004	-9.762449	12.19654	7	5.397426	4.660985	16.97703	-3.84435	14.3216
22.18	-9.500167	-10.1039	8.629082	7	5.188625	4.576694	11.45884	1.651833	12.44287
22.2	-8.905682	-9.421001	11.37279	7	5.059424	4.544113	18.69451	3.941909	16.09974
22.22	-8.552014	-8.806395	12.34675	7	5.417019	5.018723	0.3270649	-0.3634343	12.98672
22.24	-9.930352	-10.44535	5.383666	7	4.894163	4.704339	6.416787	1.911375	12.73407
22.26	-8.318039	-8.806395	13.29605	7	4.756438	4.288828	28.09013	-0.4092363	19.17821
22.28	-7.873644	-8.123497	14.31751	7	5.360301	4.807805	-4.881823	-0.6229764	10.33994
22.3	-7.674955	-8.806395	14.77459	7	4.235306	3.650788	12.62985	6.812137	10.65338
22.32	-7.411808	-7.167441	14.26563	7	5.132943	5.317949	-28.29226	2.827405	9.053096
22.34	-5.786378	-6.825994	21.23946	7	3.830811	3.758401	-1.03397	-13.20313	11.12369
22.36	-7.587759	-7.782049	10.34014	7	3.803677	4.057029	-31.17241	-13.18786	2.4777
22.38	-6.533227	-7.4406	14.94638	7	2.445822	2.484704	23.36633	-14.16496	14.07062
22.4	-6.685001	-5.869938	11.73173	7	4.195263	4.638878	-34.44228	-20.22603	6.603327
22.42	-4.042598	-5.869938	24.20404	7	1.898003	1.247918	37.71426	-6.134427	12.09535
22.44	-6.125723	-5.460199	10.53342	7	3.707576	3.936903	-55.02528	0.5373288	-4.096582
22.46	-5.878918	-6.484545	11.1302	7	2.136751	2.91685	4.663518	-4.3329	13.08088
22.48	-6.739206	-5.118752	4.617019	7	4.30827	5.729106	-52.50352	-6.119159	9.282061
22.5	-4.160646	-4.709013	17.06257	7	3.026597	3.656078	8.947853	-8.287098	18.12171
22.52	-5.881729	-4.777303	6.136669	7	4.681183	5.715005	-65.35334	6.903741	2.707879
22.54	-2.454291	-3.34322	22.58743	7	2.873824	3.492312	2.918583	10.30832	16.55598
22.56	-5.136952	-4.367564	6.515146	7	4.001236	4.996121	-74.41679	-1.065725	-3.26237
22.58	-2.915761	-3.13835	16.70638	7	2.668315	4.038642	-16.59306	-6.531373	15.59766
22.6	-5.070409	-3.070061	3.124684	7	4.826501	7.099321	-103.1423	2.537329	2.432535
22.62	-2.575501	-3.070061	15.48697	7	2.55401	4.216774	-9.698694	-6.607709	19.41502
22.64	-4.385208	-1.635977	3.151495	7	5.768318	8.481966	-128.5634	-1.157327	2.51453
22.66	-0.8258433	-1.772556	20.95037	7	2.579897	4.363527	-14.51066	2.002978	19.83009
22.68	-3.01404	-1.772556	7.045405	7	3.9542	5.642338	-97.15561	-2.684045	-3.494417
22.7	0.7682881	-0.2701836	24.95846	7	1.395728	2.536963	-8.04771	-0.2412969	13.44603
22.72	0.03782129	0.6858721	17.35392	7	2.457606	3.572533	-89.17139	-0.9435872	-8.988947
22.74	0.6756555	0.2761335	18.27198	7	0.6481603	2.38312	-50.92729	-9.584807	1.377553
22.76	-1.59983	0.3444233	3.520464	7	2.070477	5.013075	-108.5937	-4.638243	-2.217434
22.78	0.3361681	1.02732	11.84964	7	1.052037	3.801629	-43.75478	-37.2184	14.29495
22.8	2.314906	1.983377	19.55318	7	0.285168	1.047668	-20.92222	-31.64588	2.571916
22.82	1.19985	1.641927	10.9658	7	0.6766614	1.800607	-60.14513	-2.622976	-6.766979
22.84	2.508558	2.529693	15.38192	7	-0.09831467	1.276628	-31.59829	-10.2413	2.753168
22.86	2.835947	3.485749	13.93737	7	0.4235257	1.829984	-59.59097	-6.103892	-3.607682
22.88	4.290478	4.100356	18.64917	7	-0.5119259	0.7272638	-39.44048	-21.90542	-1.617657
22.9	3.915365	3.827197	13.85785	7	-1.053565	-0.01874335	-45.00002	-16.48557	-8.022459
22.92	4.48116	4.783254	13.82344	7	-1.220263	0.1425726	-41.83315	-7.920686	-3.92887
22.94	5.401118	5.739308	15.3792	7	-1.235837	0.08496642	-45.25268	-17.34053	-4.831444
22.96	6.361531	6.695365	16.87123	7	-1.286436	0.1242226	-55.36449	-23.17259	-7.011385
22.98	6.400054	6.353915	14.10431	7	-2.081545	-0.7323111	-47.5633	-26.16496	-8.895054
23	7.342011	7.309972	15.80912	7	-2.648068	-1.508099	-33.82826	-17.12679	-7.464964
23.02	7.535581	7.856288	13.40728	7	-2.574419	-1.37985	-46.14442	-13.47794	-10.67303
23.04	7.428923	7.787999	9.988318	7	-2.790846	-1.352554	-42.0387	-13.09626	-8.62517
23.06	8.16175	8.744054	10.81569	7	-2.623294	-1.160597	-39.58811	-12.02756	-6.262635
23.08	8.518032	8.675765	10.09523	7	-2.947444	-1.855848	-29.32587	-11.08099	-7.912653
23.1	9.470151	9.563531	12.23674	7	-3.083313	-2.273349	-23.91711	-17.96649	-8.402287
23.12	9.287038	9.085504	8.948073	7	-3.564217	-3.042047	-17.0451	-20.97412	-11.47512
23.14	9.917629	9.904979	9.7375	7	-3.647596	-3.181446	-10.08548	-15.50847	-9.278994
23.16	10.17787	10.17814	8.656116	7	-3.606462	-3.248273	-12.60962	-10.66878	-11.01915
23.18	10.48227	10.4513	7.984374	7	-3.670999	-3.306478	-10.14429	-8.958854	-10.46569
23.2	11.00428	10.79274	8.545256	7	-3.890067	-3.736648	-2.438805	-6.164961	-10.51425
23.22	11.89635	11.88538	10.54754	7	-3.654642	-3.49136	-12.67178	-3.416869	-12.00484
23.24	11.05552	10.79274	4.412319	7	-4.104391	-3.871108	-10.36901	-6.195495	-14.10768
23.26	11.51923	11.40735	5.124746	7	-4.292357	-4.111885	7.419221	-6.455037	-8.781736
23.28	11.11853	11.0659	1.633914	7	-4.148114	-4.245712	9.30829	-8.256563	-10.76581
23.3	11.92883	11.68051	4.490508	7	-4.122172	-4.498972	23.71475	-9.737479	-7.795519
23.32	12.55596	12.15854	6.146249	7	-3.949311	-4.683702	18.92143	-2.119159	-11.58146
23.34	12.57887	12.15854	4.781928	7	-3.941249	-4.558313	11.39582	4.827404	-13.3476
23.36	12.49226	12.22683	3.022328	7	-3.940722	-4.302284	9.056999	4.506794	-12.05013
23.38	12.45112	12.29512	1.680861	7	-3.88743	-4.143805	10.54836	-1.371068	-10.56602
23.4	12.5053	12.22683	1.095104	7	-3.968273	-4.377838	19.15414	-4.607709	-9.610289
23.42	11.98466	11.68051	-2.059942	7	-3.993704	-4.593983	26.66937	-0.9435872	-9.675961
23.44	12.7012	12.4317	1.003819	7	-3.737382	-4.53793	34.30908	1.346489	-7.07765
23.46	11.36649	11.0659	-5.869677	7	-3.561104	-4.446246	29.75666	1.086947	-10.53333
23.48	11.95033	11.40735	-2.528082	7	-3.670707	-4.814838	57.15801	2.36939	-3.595364
23.5	12.13992	11.61222	-1.587388	7	-3.192286	-4.808432	50.10194	3.102214	-8.054647
23.52	11.61829	11.0659	-3.986341	7	-2.955062	-4.419721	44.17647	6.690001	-8.569252
23.54	11.74534	11.27077	-2.997294	7	-2.711714	-4.048146	45.40964	15.17855	-5.841832
23.56	12.26375	11.68051	-0.2284651	7	-2.503243	-3.943975	41.62311	20.91901	-6.733698
23.58	10.92634	10.51959	-6.598555	7	-2.335194	-3.47295	28.79262	19.04114	-9.193342
23.6	11.94599	11.54393	-0.9769533	7	-2.25477	-3.286691	41.8284	16.23199	-2.229833
23.62	10.46734	10.4513	-8.108195	7	-1.646881	-2.482017	16.09617	12.21672	-8.201366
23.64	9.587591	9.358663	-11.03993	7	-1.886655	-2.510242	41.97276	6.384657	0.1703491
23.66	10.54699	10.4513	-5.108356	7	-1.277413	-2.397471	49.40491	1.835039	2.196169
23.68	9.907904	9.290372	-7.061965	7	-1.223133	-2.782593	47.20167	9.529695	-3.565033
23.7	9.720188	9.085504	-6.583545	7	-1.218042	-2.789104	54.5206	27.07168	-1.205356
23.72	8.869844	8.744054	-9.613961	7	-0.5287803	-1.81268	38.61706	23.31595	-1.637509
23.74	9.052685	9.017213	-7.291101	7	0.01748995	-0.9469516	35.09839	12.35412	2.520608
23.76	7.901428	7.787999	-11.3695	7	0.2796227	-0.6113391	29.36765	0.3083211	0.8725719
23.78	8.773226	8.197738	-5.02791	7	0.04158276	-1.218348	53.42661	6.033512	5.634331
23.8	8.464326	7.856288	-5.211155	7	0.2315089	-1.406207	41.11186	15.43809	-1.223745
23.82	8.893168	8.197738	-1.844009	7	0.1601049	-1.320372	39.24932	17.7587	-0.07787514
23.84	7.06599	7.036813	-9.969172	7	0.6375691	-0.1637922	11.15862	13.68237	-2.985416
23.86	7.375207	7.241681	-6.70495	7	0.5252264	0.02207826	31.88815	0.1556493	6.64764
23.88	7.739222	7.51484	-3.671905	7	0.7953901	-0.142827	27.3646	-9.691678	2.917421
23.9	7.757301	7.036813	-2.330527	7	0.3996727	-0.7920767	32.49497	12.93427	0.5184469
23.92	7.264883	7.378261	-4.239627	7	1.07306	0.4864337	3.327141	16.93427	-0.7736626
23.94	7.406511	7.583131	-2.811971	7	1.278868	1.281955	-4.900089	-0.7756482	2.718554
23.96	7.144409	7.036813	-3.246768	7	0.9576325	0.9272994	-1.137179	-8.348166	1.925446
23.98	7.490088	7.241681	-0.7558306	7	0.6104193	0.371054	8.099278	-1.325266	2.354168
24	6.503797	6.353915	-4.983074	7	0.450269	0.1748618	5.453928	2.491527	-0.3783855
24.02	6.703027	6.695365	-3.160167	7	0.4683746	0.2662422	14.72876	0.9495426	4.054032
24.04	5.74002	5.807599	-7.072193	7	0.6535738	0.3811813	11.45073	0.2472528	2.056549
24.06	7.216095	7.105102	1.123469	7	0.7851186	0.3182852	22.53538	-1.264198	6.321968
24.08	6.211094	6.149047	-3.521938	7	1.057331	0.5958769	-2.052062	5.239618	-2.000063
24.1	6.428062	6.149047	-1.542409	7	0.6327	0.3849577	14.17847	1.544963	3.850256
24.12	6.103569	6.012467	-2.610019	7	0.7322176	0.356032	8.841132	12.81214	1.316942
24.14	6.099777	6.080756	-2.048956	7	0.8295672	0.5940996	7.878813	-3.935953	2.777553
24.16	6.383817	6.080756	-0.02400184	7	0.6148564	0.1720996	14.4191	-12.16496	2.442322
24.18	6.327896	6.080756	0.01537538	7	0.5984203	0.1107764	8.975187	7.529696	0.2736597
24.2	6.114711	6.149047	-0.8828704	7	0.7923821	0.6453398	-1.650774	-1.264198	0.5693693
24.22	7.002205	6.968522	3.555358	7	0.8129506	0.7856622	-3.744308	1.514428	2.022733
24.24	5.880477	5.807599	-2.011313	7	0.5839638	0.6821282	-12.82614	-5.386335	-2.234223
24.26	5.87705	5.807599	-1.538767	7	0.2002455	0.3672386	6.773	-0.2260297	3.624089
24.28	5.560903	5.739308	-2.843161	7	0.4768682	0.4668041	4.352759	-3.73748	2.313815
24.3	6.935814	6.695365	4.256652	7	0.3888286	0.0314834	15.36455	-6.622976	3.828606
24.32	6.793828	6.695365	3.055971	7	0.6511554	0.3377813	-10.77984	5.896108	-3.609093
24.34	7.008245	6.695365	3.905108	7	0.1523556	0.1610149	-6.570411	1.086947	-1.30173
24.36	6.384416	6.695365	0.1910745	7	0.3993395	0.8601664	-24.68984	2.384657	-2.477174
24.38	7.222564	7.378261	4.016243	7	0.2036536	0.8092713	-15.51864	-8.775648	1.895417
24.4	6.33665	6.490495	-0.8104877	7	0.05175866	0.5716721	-20.95653	-16.53137	-2.417237
24.42	6.620442	6.422206	0.7867987	7	-0.5870145	-0.3476599	8.183627	-3.584808	2.442363
24.44	5.766253	6.353915	-3.832024	7	0.1913921	0.5340995	-11.98809	4.812138	-0.5421677
24.46	6.223586	6.353915	-1.146023	7	0.08421844	0.3563705	7.793214	-5.279464	4.97253
24.48	6.435737	6.422206	0.04923086	7	0.2261999	0.03596395	7.626888	2.460993	1.504782
24.5	7.240684	6.763654	4.155793	7	-0.091263	-0.6457418	16.14974	5.224352	0.3994198
24.52	6.875915	6.763654	1.853703	7	0.1396234	-0.1976814	-5.418646	15.95718	-4.061949
24.54	6.512128	6.695365	-0.235096	7	0.2450957	0.5400808	-13.21224	0.6136647	-0.8875818
24.56	6.578559	6.763654	0.02847362	7	0.2068287	0.6155994	-8.880472	-10.86725	1.471736
24.58	7.270413	7.309972	3.245555	7	0.1655444	0.3613107	-6.242391	-13.90542	0.9870815
24.6	6.447638	6.422206	-1.044777	7	-0.02492557	0.1502642	-10.14012	4.109848	-2.365661
24.62	7.250709	7.309972	2.802258	7	-0.07661608	0.1401694	-1.156291	-0.6993123	1.94766
24.64	7.355594	7.309972	2.85314	7	-0.08098602	-0.05043608	-8.686964	-1.294732	-2.30022
24.66	7.539626	7.309972	3.3919	7	-0.4460847	-0.4146625	-3.929582	0.7663365	-2.127329
24.68	6.381582	6.695365	-2.836376	7	-0.2219722	0.1908787	-16.79009	-0.9435872	-3.042132
24.7	7.407617	7.583131	2.213681	7	-0.2769896	0.1325207	0.5550303	-8.577174	3.592856
24.72	8.219584	8.197738	5.5833	7	-0.1411129	-0.149965	-9.287506	-5.63061	-2.201316
24.74	7.031645	6.695365	-0.6193036	7	-0.7625278	-0.7316451	-6.464564	6.964809	-5.212837
24.76	6.491011	6.695365	-3.320519	7	-0.7282845	-0.4326808	3.181547	2.094581	0.568059
24.78	6.34517	6.763654	-3.898454	7	-0.2514173	-0.02845347	6.126285	-7.95122	2.779383
24.8	6.496663	6.627074	-2.707163	7	-0.03659678	-0.1214318	14.0706	-10.30236	3.333778
24.82	6.700984	6.695365	-1.32524	7	0.2058819	-0.1292534	13.47921	12.26252	1.948258
24.84	6.713099	6.627074	-0.9538712	7	0.3450729	-0.016387	9.269432	10.21672	0.7568531
24.86	6.744519	6.763654	-0.5998763	7	0.5369635	0.3505749	1.765299	13.56023	0.6943607
24.88	6.735565	6.695365	-0.4108719	7	0.5098907	0.4322753	-0.3199706	1.77397	0.7807274
24.9	6.696349	6.695365	-0.4257486	7	0.4884773	0.4880716	-2.338047	1.865573	0.7492228
24.92	6.790966	6.763654	0.1969166	7	0.4117753	0.4274036	-1.818476	-1.019923	0.9018202
24.94	7.329487	7.309972	2.757424	7	0.4247828	0.4374705	-5.7884	0.1556493	0.292635
24.96	6.525341	6.422206	-1.261999	7	0.141836	0.2365682	-8.477947	-0.1954954	-2.070147
24.98	6.322426	6.422206	-2.041874	7	0.03927212	0.2728403	0.7724721	-0.4245031	1.952155
25	6.321293	6.422206	-1.780709	7	0.1320185	0.1643683	5.992572	-4.363434	2.333162
25.02	6.396764	6.353915	-1.08682	7	0.1716734	-0.01398323	10.20395	2.247252	1.921624
25.04	6.435911	6.422206	-0.6863199	7	0.3408917	0.1068667	6.887765	2.384657	1.135908
25.06	6.518524	6.422206	-0.0574699	7	0.3585964	0.1297813	6.051116	5.163283	0.9804544
25.08	6.381119	6.422206	-0.6442177	7	0.5102829	0.4244066	-1.007424	0.5220616	0.4621954
25.1	6.403494	6.353915	-0.3013456	7	0.4195164	0.3883798	1.631463	0.4609929	1.418916
25.12	6.46094	6.422206	0.1233531	7	0.4064083	0.3362367	1.172635	-0.8367169	1.005298
25.14	6.289725	6.285626	-0.608187	7	0.4057716	0.3845967	-0.7517315	0.3541227	0.6437836
25.16	7.331692	7.241681	4.466119	7	0.4021757	0.312678	-0.001506329	-0.2870984	1.484309
25.18	7.456864	7.378261	4.459371	7	0.4196021	0.4275649	-18.09397	0.01824514	-3.569544
25.2	8.255137	8.129447	7.612423	7	0.1041688	0.4218146	-23.14089	0.2777868	-2.888518
25.22	8.126394	8.129447	5.803539	7	-0.2077048	0.3866261	-35.90361	-2.256564	-6.02809
25.24	6.03083	6.353915	-5.122787	7	-0.6794769	0.4398421	-31.57292	-10.18023	-4.023784
25.26	5.855686	6.353915	-5.59213	7	-0.8442923	0.1089896	5.13585	-16.97412	6.302247
25.28	6.016891	6.353915	-4.344108	7	-0.4360148	-0.3621383	20.00695	-20.39397	5.139225
25.3	6.540573	6.353915	-1.166945	7	-0.28701	-0.9211863	31.76694	-4.729846	3.412652
25.32	7.705575	7.378261	4.599964	7	0.07807931	-0.8656776	21.58121	12.90374	-0.07813358
25.34	7.036561	6.763654	0.9614456	7	0.1952124	-0.3670636	-2.477707	19.19382	-5.219707
25.36	6.499978	6.627074	-1.734166	7	0.250797	0.4302934	-8.186487	13.34649	-0.5883865
25.38	6.380845	6.695365	-2.179293	7	0.4128022	0.8047664	-7.155827	-0.5313733	2.329601
25.4	6.577054	6.695365	-0.9196424	7	0.3900904	0.5887174	-0.5023098	-10.80618	2.787151
25.42	7.022432	6.695365	1.601984	7	0.02372608	-0.2554326	11.55629	-2.43977	1.311648
25.44	6.622316	6.695365	-0.5596235	7	0.3261587	0.1890385	-4.709626	8.460992	-1.709523
25.46	6.844497	6.695365	0.7304935	7	0.06891406	0.02851385	4.303194	5.239618	1.177655
25.48	6.385424	6.695365	-1.722043	7	0.4848902	0.6713134	-11.38378	1.682367	-0.5046053
25.5	6.642621	6.695365	-0.1930055	7	0.316379	0.5528263	-1.256837	-6.241297	2.662252
25.52	6.652899	6.763654	-0.1302759	7	0.4215801	0.5329384	-5.288324	1.148016	0.7261763
25.54	6.975765	6.763654	1.620615	7	0.0990908	0.02433476	3.61176	0.3541227	0.8730097
25.56	6.45487	6.627074	-1.159401	7	0.3468766	0.4517093	-9.873268	3.789237	-1.279181
25.58	6.883746	6.763654	1.169922	7	0.0347162	0.106853	3.99964	-1.096259	2.072792
25.6	6.510722	6.627074	-0.824611	7	0.2322488	0.2735752	-5.746964	-1.52374	-0.8634024
25.62	6.911738	6.763654	1.318678	7	-0.02739602	-0.05430546	5.659399	-0.3939687	1.547346
25.64	6.670993	6.763654	-0.08179426	7	0.1948945	0.1835802	-5.165144	-1.03519	-1.094986
25.66	6.876165	6.763654	1.000661	7	-0.01931842	-0.01268458	2.410334	1.025879	0.7689123
25.68	6.626802	6.695365	-0.3698139	7	0.1010786	0.1301413	-3.603729	-2.378702	-0.6677999
25.7	6.765638	6.695365	0.4033015	7	-0.04576039	-0.03957682	3.483683	0.552596	0.9450731
25.72	6.708549	6.763654	0.0254918	7	0.09157253	0.07437541	-0.9855524	-0.8367169	-0.1475487
25.74	6.670316	6.695365	-0.1556917	7	0.09765898	0.1388586	-0.5296453	1.606031	0.4302368
25.76	6.712405	6.695365	0.09584883	7	0.06859098	0.0619362	1.516551	-1.187862	0.590704
25.78	6.673545	6.763654	-0.1500116	7	0.2043843	0.2493783	-2.607831	0.2625196	0.2546234
25.8	6.756396	6.695365	0.341632	7	0.08617059	0.08472569	1.54656	0.1861837	0.6974163
25.82	6.781116	6.763654	0.4303052	7	0.1065984	0.06669315	0.002125531	-0.3634343	0.02182961
25.84	6.710166	6.695365	0.06302256	7	0.08905555	0.08564702	-0.5488324	0.2777868	0.0007066727
25.86	6.730611	6.695365	0.1899959	7	0.03965592	0.0227285	1.470703	0.01824514	0.3805046
25.88	6.684104	6.695365	-0.05659267	7	0.08077087	0.0645885	0.316451	-0.1802286	0.1600771
25.9	6.764918	6.763654	0.3441218	7	0.09465803	0.08469146	0.6563413	0.3235887	0.4592047
25.92	6.733706	6.695365	0.1893501	7	0.06510351	0.02730492	0.7655035	0.002977535	0.05151367
25.94	6.6897	6.695365	-0.03659828	7	0.08569016	0.07902011	0.1296772	-0.1191595	0.193593
25.96	6.749677	6.763654	0.2544425	7	0.1119447	0.1188131	-0.005703092	0.1556493	0.4469757
25.98	6.693845	6.695365	-0.02476834	7	0.1120161	0.1187412	-0.5567366	0.01824514	0.1697264
26	6.775085	6.763654	0.3860756	7	0.09695314	0.09674158	0.4259563	-0.01228922	0.4694443
26.02	6.788883	6.763654	0.4244977	7	0.08519391	0.06237901	-0.1887525	0.04877907	0.0190506
26.04	6.80845	6.763654	0.4949693	7	0.03917298	0.01333415	0.3519265	-0.04282358	-0.0003318787
26.06	6.690791	6.695365	-0.1262999	7	0.04736386	0.0546819	-0.6845145	-0.07335836	-0.1099205
26.08	6.678091	6.695365	-0.1677064	7	0.05011168	0.07594927	0.7404848	0.09458104	0.5408592
26.1	6.742924	6.763654	0.1553057	7	0.09450261	0.09234344	0.6696109	-0.05809075	0.5217543
26.12	6.684493	6.695365	-0.1299601	7	0.1168634	0.1160594	-0.2495491	0.2014509	0.215333
26.14	6.731292	6.763654	0.1081803	7	0.153955	0.1820112	-0.6908163	-0.08862512	0.5438137
26.16	6.704984	6.695365	0.005637128	7	0.1275466	0.1359189	-0.2295696	0.09458104	0.3380394
26.18	6.806472	6.763654	0.5306747	7	0.08451847	0.05244585	1.273452	0.002977535	0.4204121
26.2	6.785704	6.763654	0.3807232	7	0.09223679	0.05816136	-0.5199664	0.09458104	-0.167696
26.22	6.792034	6.763654	0.3866659	7	0.0567042	0.05032385	-0.1801776	0.06404668	0.05184364
26.24	6.688023	6.695365	-0.1523159	7	0.05699201	0.07511196	-0.6782463	-0.2260297	0.01721001
26.26	6.761421	6.763654	0.2223402	7	0.05218748	0.06350978	0.928842	0.3083211	0.5645638
26.28	6.765038	6.763654	0.2143986	7	0.07434073	0.05825941	0.09602859	0.002977535	0.1233311
26.3	6.766582	6.763654	0.2035532	7	0.07754658	0.07678328	-0.1910116	-0.01228922	0.1667261
26.32	6.681326	6.695365	-0.2194896	7	0.08412258	0.1044507	-0.4982085	-0.01228922	0.1863213
26.34	6.638162	6.695365	-0.4081075	7	0.132725	0.1862371	-0.6294005	-0.04282358	0.6179657
26.36	6.667781	6.695365	-0.1982315	7	0.1483051	0.1758297	0.4955063	0.002977535	0.824975
26.38	6.684431	6.695365	-0.0676215	7	0.1692224	0.1645261	0.3778446	0.01824514	0.5858412
26.4	6.715662	6.695365	0.1356542	7	0.1548979	0.129144	0.7561376	-0.05809075	0.4792862
26.42	6.643697	6.627074	-0.1779768	7	0.1437808	0.1189477	0.4623055	-0.04282358	0.2721491
26.44	6.718578	6.695365	0.2426629	7	0.1308276	0.0982883	1.508113	0.1098478	0.6040554
26.46	6.722822	6.695365	0.2681521	7	0.1337323	0.08528869	0.5314436	0.04877907	0.1525269
26.48	6.613844	6.627074	-0.2637733	7	0.1521514	0.1589395	-0.8073906	0.03351232	0.1744499
26.5	6.647286	6.627074	-0.02195652	7	0.110289	0.1050068	1.714435	0.03351232	0.7655163
26.52	6.711601	6.695365	0.3129777	7	0.1327759	0.08364942	1.303162	0.03351232	0.4235783
26.54	6.717475	6.695365	0.33128	7	0.1397294	0.1008449	0.06693301	0.2625196	0.1212664
26.56	6.686291	6.695365	0.1540921	7	0.1551293	0.1672806	-1.32216	-0.04282358	0.1589222
26.58	6.694027	6.695365	0.1945406	7	0.1345935	0.1645172	-0.8504719	0.002977535	0.3943901
26.6	6.704142	6.695365	0.2425914	7	0.1125021	0.1254285	-0.360862	0.09458104	0.32967
26.62	6.642397	6.627074	-0.05013499	7	0.08420884	0.08433073	0.309779	-0.01228922	0.2552433
26.64	6.770289	6.763654	0.5723572	7	0.09764162	0.08259405	0.7958337	0.07931343	0.5108595
26.66	6.673697	6.695365	0.0357018	7	0.1396133	0.1527363	-2.018359	0.1098478	-0.1250677
26.68	6.726413	6.695365	0.3237206	7	0.06939518	0.08413389	0.6764263	-0.02755682	0.5255051
26.7	6.669335	6.695365	0.001904353	7	0.1139119	0.128007	-1.056515	-0.2107625	0.1119003
26.72	6.806305	6.763654	0.6893294	7	0.05898589	0.04279035	1.293457	0.04877907	0.5063944
26.74	6.834354	6.831944	0.7213085	7	0.1003528	0.08339628	-1.753511	-0.04282358	-0.2865219
26.76	6.700643	6.695365	0.00795456	7	0.05741017	0.1029537	-2.08723	-0.01228922	-0.1980848
26.78	6.676925	6.695365	-0.1050969	7	0.03498795	0.09227999	-0.08523202	-0.04282358	0.4984322
26.8	6.725156	6.763654	0.1152911	7	0.0834607	0.1135795	-0.1205213	-0.02755682	0.5141125
26.82	6.704444	6.695365	0.02336098	7	0.06997257	0.06737749	0.5401555	0.07931343	0.3023129
26.84	6.694007	6.695365	-0.01607022	7	0.08158126	0.07248139	0.7499181	0.07931343	0.3626575
26.86	6.620867	6.627074	-0.341109	7	0.09437937	0.0856529	0.9480012	0.01824514	0.3970604
26.88	6.667832	6.695365	-0.06908049	7	0.1450957	0.1417834	0.9342198	-0.05809075	0.7200584
26.9	6.722357	6.695365	0.2424668	7	0.1367846	0.09397811	1.33001	-0.02755682	0.4723387
26.92	6.724643	6.695365	0.2613613	7	0.1336834	0.08736482	0.5016907	-0.01228922	0.1569548
26.94	6.794252	6.763654	0.589794	7	0.1214112	0.08950911	0.06654143	0.03351232	0.1782684
26.96	6.714999	6.695365	0.164538	7	0.1017175	0.09592956	-1.060145	0.01824514	-0.1313848
26.98	6.782741	6.763654	0.4855666	7	0.06973142	0.07681443	0.06629962	-0.07335836	0.3272991
27	6.739739	6.763654	0.2044507	7	0.1047754	0.1317562	-1.958887	-0.02755682	-0.05045891
27.02	6.676887	6.695365	-0.112615	7	0.08420542	0.1430347	-1.211997	0.01824514	0.3080902
27.04	6.705559	6.695365	0.06226733	7	0.04893966	0.06246598	1.162521	0.01824514	0.5804262
27.06	6.737781	6.763654	0.1929992	7	0.1087458	0.106802	-0.1948888	0.01824514	0.3007584
27.08	6.691809	6.695365	-0.03261153	7	0.1074167	0.1183488	-0.4158833	0.1098478	0.2377539
27.1	6.677278	6.695365	-0.08645099	7	0.1182956	0.1410117	-0.1609518	0.04877907	0.4704275
27.12	6.698628	6.695365	0.05203403	7	0.1120142	0.1107148	0.6738413	0.04877907	0.518363
27.14	6.778476	6.763654	0.4464032	7	0.1189591	0.09269535	0.4895272	0.04877907	0.3509874
27.16	6.808949	6.763654	0.5708903	7	0.08776437	0.04809392	0.07211637	-0.02755682	-0.027771
27.18	6.75024	6.763654	0.2140721	7	0.1101315	0.1302394	-2.080958	-0.05809075	-0.1434946
27.2	6.651011	6.695365	-0.2904799	7	0.1138063	0.196932	-2.192523	0.002977535	0.2938557
27.22	6.73981	6.763654	0.1738195	7	0.1036941	0.1601801	-0.1533918	0.002977535	0.7928572
27.24	6.703813	6.695365	0.005046759	7	0.08961955	0.08948185	0.108581	0.04877907	0.2459908
27.26	6.78512	6.763654	0.4140692	7	0.07644698	0.05530177	0.9986123	0.2777868	0.4000721
27.28	6.685355	6.695365	-0.1076536	7	0.104648	0.1017178	-0.858247	-0.07335836	-0.04447651
27.3	6.759459	6.763654	0.2710128	7	0.09965321	0.1168905	0.2031761	0.2319852	0.5527916
27.32	6.765491	6.763654	0.2760257	7	0.1081035	0.1069275	-0.6516631	0.01824514	0.1330309
27.34	6.746959	6.763654	0.1548817	7	0.1187181	0.1502289	-1.522499	0.03351232	0.1625652
27.36	6.699594	6.695365	-0.06358479	7	0.08047805	0.1110573	-0.3548248	0.06404668	0.3162069
27.38	6.687544	6.695365	-0.09894904	7	0.07988346	0.0925038	0.566795	0.01824514	0.4747381
27.4	6.739378	6.763654	0.1559946	7	0.1248862	0.130481	-0.01196337	0.002977535	0.4732113
27.42	6.789931	6.763654	0.4082894	7	0.102844	0.0833582	0.2681894	0.1098478	0.2564783
27.44	6.804813	6.763654	0.460542	7	0.06938994	0.03718389	0.1810978	-0.01228922	-0.008224487
27.46	6.724334	6.695365	0.04687744	7	0.03782687	0.02007198	0.2243096	-0.04282358	-0.0672226
27.48	6.688805	6.695365	-0.1227067	7	0.04668282	0.04902031	0.7615242	0.04877907	0.3284388
27.5	6.778311	6.763654	0.3317729	7	0.05305341	0.02206868	1.74381	-0.01228922	0.4737186
27.52	6.67865	6.695365	-0.1854928	7	0.1024658	0.0886908	-0.446049	0.01824514	-0.01514339
27.54	6.765362	6.763654	0.2679689	7	0.0985496	0.1012121	0.7538822	0.01824514	0.5979519
27.56	6.711998	6.695365	0.008199088	7	0.09258968	0.06960445	0.265406	-0.02755682	0.1016331
27.58	6.78854	6.763654	0.3976098	7	0.07790112	0.05100191	1.096178	0.002977535	0.3801908
27.6	6.758008	6.763654	0.2030283	7	0.1112732	0.1011527	-0.9649794	0.07931343	-0.04149914
27.62	6.602397	6.627074	-0.5471501	7	0.1061867	0.1520525	-1.013458	0.03351232	0.2398834
27.64	6.675481	6.695365	-0.1129743	7	0.1073743	0.1331394	1.434112	-0.01228922	0.98524
27.66	6.721206	6.763654	0.1084626	7	0.1904957	0.1933461	-0.70429	0.03351232	0.4638433
27.68	6.706044	6.695365	0.06548396	7	0.1639691	0.1715265	-0.5629625	0.2014509	0.358242
27.7	6.631438	6.627074	-0.2559287	7	0.1393659	0.1497263	-0.0261195	-0.04282358	0.3979664
27.72	6.683753	6.695365	0.04720178	7	0.153969	0.1585571	0.5638078	-0.04282358	0.69806
27.74	6.757898	6.763654	0.4096029	7	0.1826272	0.1752569	-0.6233796	0.01824514	0.3866377
27.76	6.693072	6.695365	0.07691275	7	0.1734643	0.1959303	-1.91996	-0.07335836	0.08867073
27.78	6.706638	6.695365	0.1693601	7	0.1248917	0.1551629	-0.4587995	0.07931343	0.4716129
27.8	6.721066	6.695365	0.2515344	7	0.09028978	0.08117668	0.4506379	0.06404668	0.3111
27.82	6.77362	6.763654	0.4793845	7	0.09942172	0.08542944	-0.162422	0.01824514	0.1848373
27.84	6.685902	6.695365	0.007866792	7	0.1066846	0.127368	-1.479491	0.07931343	-0.01812077
27.86	6.69572	6.695365	0.07329834	7	0.07808767	0.1073172	0.1559206	-0.01228922	0.4984875
27.88	6.678728	6.695365	-0.01379137	7	0.1006222	0.1125374	-0.07262349	0.04877907	0.3577108
27.9	6.76929	6.763654	0.4321943	7	0.1036334	0.09841881	0.3971427	-0.01228922	0.457201
27.92	6.72368	6.695365	0.1910931	7	0.08101027	0.0582707	5.012751e-05	0.07931343	-0.003789902
27.94	6.783408	6.763654	0.4670669	7	0.06897656	0.05492318	0.3845363	-0.01228922	0.243948
27.96	6.715167	6.695365	0.1025658	7	0.05420447	0.03965466	-0.05881286	-0.2107625	-0.05298901
27.98	6.643798	6.695365	-0.2707972	7	0.1081485	0.1542417	-1.145929	0.03351232	0.3167133
28	6.764946	6.763654	0.3569942	7	0.09328806	0.1081552	0.8618401	0.07931343	0.7387924
28.02	6.752066	6.763654	0.2496771	7	0.1304935	0.1288285	-1.21565	0.01824514	0.03248119
28.04	6.746109	6.695365	0.2430852	7	0.04977179	0.03728347	0.8243699	0.002977535	0.2293425
28.06	6.762018	6.763654	0.2862001	7	0.07547973	0.06402225	-0.06146832	-0.04282358	0.1332226
28.08	6.827489	6.831944	0.5552866	7	0.09410259	0.1023327	-1.02273	0.002977535	0.1268053
28.1	6.754694	6.763654	0.1400446	7	0.08708586	0.1255178	-2.134447	0.002977535	-0.1050329
28.12	6.750557	6.763654	0.1060568	7	0.06262879	0.1183278	-0.9819005	0.07931343	0.3394251
28.14	6.68744	6.695365	-0.1971532	7	0.04675869	0.07587856	0.05560054	0.09458104	0.3115215
28.16	6.750762	6.763654	0.1284732	7	0.06720207	0.07194003	0.9462184	0.06404668	0.5616226
28.18	6.759755	6.763654	0.1598516	7	0.09472249	0.08089992	0.08520873	0.1098478	0.2065449
28.2	6.691515	6.695365	-0.1666501	7	0.09579939	0.1012788	-0.1354305	-0.01228922	0.2168798
28.22	6.754539	6.763654	0.1649499	7	0.1084972	0.1145106	0.4420255	0.06404668	0.5517969
28.24	6.794402	6.763654	0.3661538	7	0.08898964	0.05717593	0.624808	0.09458104	0.206008
28.26	6.706583	6.695365	-0.07498377	7	0.08468063	0.07100293	-0.1788509	0.01824514	-0.002940178
28.28	6.687886	6.695365	-0.1382692	7	0.08610171	0.09487376	0.6004041	-0.07335836	0.4661951
28.3	6.749232	6.763654	0.1753147	7	0.1202944	0.1163923	0.3923886	0.09458104	0.500453
28.32	6.628197	6.627074	-0.3900459	7	0.1151418	0.1118035	0.08561912	-0.01228922	0.2099943
28.34	6.708608	6.695365	0.07786281	7	0.1027881	0.08221645	2.109742	0.03351232	0.7890205
28.36	6.768178	6.763654	0.3649233	7	0.1488073	0.10301	0.3878836	0.06404668	0.2510099
28.38	6.770599	6.763654	0.3512564	7	0.1563686	0.1489981	-1.2616	0.125115	0.05420589
28.4	6.772645	6.763654	0.3409805	7	0.1281387	0.1518831	-1.501612	-0.1191595	0.1386242
28.42	6.662695	6.695365	-0.2220331	7	0.1307147	0.1951268	-2.314949	0.125115	0.1494694
28.44	6.833742	6.831944	0.6341048	7	0.09927242	0.1368872	-0.02330443	-0.02755682	0.736949
28.46	6.750727	6.763654	0.1569341	7	0.1174081	0.1405831	-2.416627	-0.01228922	-0.2152567
28.48	6.647073	6.627074	-0.3120835	7	0.0351963	0.07209569	0.3386233	0.03351232	0.3509865
28.5	6.728081	6.763654	0.09588866	7	0.08835395	0.1035127	0.7456884	-0.3023656	0.6823978
28.52	6.674449	6.695365	-0.1658069	7	0.1236468	0.1283639	-0.3090959	0.1709169	0.2729988
28.54	6.692326	6.695365	-0.03400945	7	0.1198319	0.1253507	0.647556	0.07931343	0.5867748
28.56	6.670729	6.695365	-0.1225821	7	0.1589244	0.1657952	-0.323919	-0.02755682	0.4235802
28.58	6.92203	6.900233	1.109374	7	0.1556167	0.1372125	0.055803	0.09458104	0.5676041
28.6	6.724277	6.695365	0.06377408	7	0.1206256	0.1186235	-2.871218	-0.02755682	-0.6667595
28.62	6.76836	6.763654	0.2849055	7	0.06452951	0.1182902	-0.5813325	-0.04282358	0.4744902
28.64	6.673952	6.695365	-0.2014875	7	0.07274941	0.1083924	-0.9506177	-0.3939687	0.1415148
28.66	6.787435	6.763654	0.388477	7	0.03526758	0.02933729	1.766871	0.3388555	0.6338587
28.68	6.778623	6.763654	0.3023079	7	0.05983561	0.01901502	0.3026988	-0.1954954	-0.07205677
28.7	6.768035	6.763654	0.2191705	7	0.0657726	0.06141088	-0.2579022	0.2014509	0.07359123
28.72	6.734247	6.695365	0.06735867	7	0.01426853	-0.007703565	1.336254	0.06404668	0.1742506
28.74	6.694752	6.695365	-0.1243487	7	0.03814676	0.01385386	1.314502	-0.1496943	0.2449036
28.76	6.694176	6.695365	-0.1002908	7	0.06311928	0.03573898	1.701765	0.1556493	0.4398546
28.78	6.702315	6.695365	-0.02905514	7	0.08767731	0.04618294	1.707968	-0.07335836	0.4097853
28.8	6.781436	6.763654	0.3723576	7	0.10991	0.05923735	1.276533	0.03351232	0.3519535
28.82	6.650757	6.627074	-0.2556905	7	0.09832031	0.06251104	0.4306003	0.1098478	-0.01674747
28.84	6.740031	6.695365	0.2504921	7	0.05909902	0.008242404	2.939256	-0.02755682	0.643878
28.86	6.692931	6.695365	0.001421219	7	0.1201953	0.06851367	0.4582348	-0.02755682	0.03950405
28.88	6.656534	6.627074	-0.123288	7	0.08932905	0.05709883	1.649601	0.1098478	0.4062405
28.9	6.632346	6.627074	-0.194334	7	0.1102497	0.07144558	1.776982	0.06404668	0.4832344
28.92	6.803182	6.763654	0.6789582	7	0.1158453	0.04154872	2.366781	0.03351232	0.5639925
28.94	6.817297	6.763654	0.6952732	7	0.1150746	0.03530294	-0.08264637	0.09458104	-0.3147984
28.96	6.754988	6.695365	0.3585454	7	0.04873788	0.01496828	-0.03598821	0.07931343	-0.2317276
28.98	6.767122	6.763654	0.3688934	7	0.05310261	0.05671621	-0.4105457	0.01824514	0.07845402
29	6.669098	6.695365	-0.153504	7	0.07191999	0.1095449	-1.247847	0.06404668	0.07307243
29.02	6.752223	6.763654	0.2628925	7	0.06799763	0.09793535	0.3843732	0.09458104	0.6195726
29.04	6.711601	6.695365	0.05677227	7	0.05663973	0.04101825	0.5212339	0.03351232	0.1345129
29.06	6.609252	6.627074	-0.4286022	7	0.07667609	0.08373854	0.5228676	0.04877907	0.3277683
29.08	6.695061	6.695365	0.05347446	7	0.08921614	0.07011204	2.25238	-0.02755682	0.814784
29.1	6.773977	6.763654	0.4356451	7	0.1330543	0.07890442	0.8303939	0.03351232	0.2774763
29.12	6.795474	6.763654	0.5134903	7	0.1235056	0.08793136	-0.428848	0.3235887	-0.02744007
29.14	6.806526	6.763654	0.5362441	7	0.07582451	0.05799821	-0.4387541	0.125115	-0.05499744
29.16	6.696854	6.695365	-0.04318885	7	0.06281677	0.08156149	-1.12054	-0.05809075	-0.09384727
29.18	6.670422	6.695365	-0.1640978	7	0.06610338	0.1085326	-0.02514118	0.1098478	0.4961996
29.2	6.758681	6.763654	0.2812421	7	0.07929632	0.07927115	0.9000661	-0.04282358	0.5676661
29.22	6.749715	6.763654	0.1999197	7	0.1189635	0.1170984	-0.8927284	0.002977535	0.09084797
29.24	6.632783	6.627074	-0.3474087	7	0.08364547	0.1026211	-0.04418227	0.1098478	0.251112
29.26	6.762366	6.763654	0.3252577	7	0.09335066	0.0868252	1.466514	-0.02755682	0.752903
29.28	6.628991	6.627074	-0.3262858	7	0.1103772	0.0876583	0.06221488	-0.08862512	0.03060341
29.3	6.758115	6.763654	0.3430842	7	0.1277169	0.1228635	1.00233	0.06404668	0.7425451
29.32	6.807462	6.763654	0.5724792	7	0.1087488	0.0579192	0.3705242	0.1861837	0.05101681
29.34	6.708512	6.695365	0.05160548	7	0.1000527	0.09355539	-1.046739	0.4762605	-0.1528349
29.36	6.722263	6.695365	0.1456365	7	0.04963522	0.04937184	1.033813	0.03351232	0.4159002
29.38	6.821295	6.831944	0.5836682	7	0.09886482	0.0871733	-0.3034361	-0.07335836	0.2249508
29.4	6.741971	6.763654	0.1255042	7	0.1213128	0.1562638	-2.581527	0.1403826	-0.1496782
29.42	6.678988	6.695365	-0.1746902	7	0.0840501	0.1523242	-1.151958	0.01824514	0.3934574
29.44	6.656167	6.695365	-0.2634939	7	0.1014814	0.1538178	-0.2808734	-0.1191595	0.6192932
29.46	6.673989	6.695365	-0.1334442	7	0.1181726	0.1363468	0.5916938	0.1709169	0.6758432
29.48	6.703447	6.695365	0.05362106	7	0.1211714	0.09997036	1.120651	-0.164961	0.5214577
29.5	6.754704	6.763654	0.3001348	7	0.1620301	0.1466894	-0.3344862	0.04877907	0.3243256
29.52	6.67702	6.695365	-0.08987084	7	0.1739562	0.2020858	-1.837998	0.06404668	0.1543293
29.54	6.777616	6.763654	0.4351961	7	0.1312914	0.1531752	-0.107998	0.06404668	0.6086864
29.56	6.69653	6.695365	0.01533252	7	0.1267563	0.1368773	-1.290426	0.2472528	0.01127625
29.58	6.790217	6.763654	0.4909909	7	0.08127216	0.08389557	0.528188	-0.164961	0.4737654
29.6	6.749137	6.763654	0.2268027	7	0.1146149	0.1248023	-1.703233	-0.04282358	-0.08368111
29.62	6.781908	6.763654	0.3775007	7	0.06765243	0.09002981	-0.4201779	0.03351232	0.2694616
29.64	6.745005	6.763654	0.1454402	7	0.08508871	0.1156172	-1.483349	-0.2107625	0.05026531
29.66	6.697925	6.695365	-0.07794935	7	0.04947222	0.08045698	-0.03193589	0.1556493	0.3178701
29.68	6.674809	6.695365	-0.1773814	7	0.0689303	0.08539078	0.5549794	0.03351232	0.4668455
29.7	6.729372	6.763654	0.09368283	7	0.1243905	0.136962	0.0259012	-0.01228922	0.5449381
29.72	6.798305	6.763654	0.4471111	7	0.09403825	0.06560252	0.7718371	0.125115	0.3125572
29.74	6.716651	6.695365	0.02957893	7	0.08308951	0.05953903	-0.1371507	0.002977535	-0.07205677
29.76	6.654156	6.627074	-0.2296854	7	0.04045593	0.0230665	1.74252	0.002977535	0.3757114
29.78	6.64807	6.695365	-0.2462385	7	0.1264627	0.1262031	0.5659239	-0.05809075	0.549757
29.8	6.747028	6.763654	0.2656072	7	0.1650856	0.1610848	0.2781355	-0.05809075	0.6393156
29.82	6.619643	6.627074	-0.341055	7	0.1690663	0.1765669	-0.9732863	-0.02755682	0.1613674
29.84	6.698014	6.695365	0.112571	7	0.1490668	0.1591029	0.8709987	0.03351232	0.8238335
29.86	6.714999	6.695365	0.2162324	7	0.1474619	0.1156681	0.4169861	0.002977535	0.3057661
29.88	6.727027	6.695365	0.2883247	7	0.1239106	0.09328586	0.4105981	0.3083211	0.2297382
29.9	6.935166	6.900233	1.256093	7	0.1228338	0.08682358	-0.4113309	-0.01228922	0.1583052
29.92	6.802502	6.763654	0.4892797	7	0.07799924	0.07838522	-3.084415	0.04877907	-0.7733641
29.94	6.681518	6.695365	-0.1454246	7	0.02806775	0.1115921	-1.944337	0.06404668	0.06825447
29.96	6.703231	6.763654	-0.05834374	7	0.06147669	0.1464023	-0.9672554	-1.004656	0.6219397
29.98	6.772741	6.763654	0.2919544	7	0.03880617	0.04838821	0.8975344	0.4762605	0.4912453
30	6.770216	6.763654	0.2453034	7	0.0548222	0.03645989	0.1646719	-0.1496943	0.05754566
30.02	6.745256	6.763654	0.08766485	7	0.08233213	0.09851784	-0.8034699	0.125115	0.1311169
30.04	6.80754	6.763654	0.4094924	7	0.02331122	0.004026592	1.382542	0.09458104	0.3269024
30.06	6.74118	6.763654	0.02424304	7	0.07833557	0.07704622	-0.9770375	-0.02755682	-0.09806442
30.08	6.733274	6.763654	-0.0224231	7	0.0948386	0.1395328	-0.8904252	0.1556493	0.3850994
30.1	6.716913	6.695365	-0.06090018	7	0.04855295	0.04888851	1.169025	-0.05809075	0.4278936
30.12	6.75928	6.763654	0.1518812	7	0.08128117	0.05955197	0.9372936	-0.08862512	0.3735466
30.14	6.617751	6.627074	-0.5197657	7	0.09647246	0.09072584	0.2945629	0.1556493	0.1813431
30.16	6.695091	6.695365	-0.05833779	7	0.1013711	0.08547077	2.314103	0.002977535	0.8828611
30.18	6.756546	6.763654	0.2509941	7	0.162775	0.1200038	0.5030046	-0.04282358	0.3567972
30.2	6.798984	6.763654	0.4641127	7	0.1411549	0.1057879	-0.04665816	0.2167185	0.1483641
30.22	6.716906	6.695365	0.05127936	7	0.1138416	0.106746	-0.7994079	0.1098478	-0.03892899
30.24	6.762982	6.763654	0.2785529	7	0.1056337	0.122062	-0.3015687	-0.04282358	0.3959274
30.26	6.671432	6.695365	-0.1872749	-7	0.1227056	0.1546274	-70.07648	0.07931343	-18.43899
30.28	6.716027	6.763654	0.04027596	-7	-1.219899	0.2161441	-81.47569	-0.6535107	-14.74383
30.3	5.987091	6.695365	-4.086093	-7	-2.089742	0.1287799	-92.47324	-7.24893	-14.67194
30.32	6.011691	7.309972	-4.63734	-7	-2.462791	0.3690893	-94.13904	-21.4474	-10.39006
30.34	5.152749	6.490495	-9.298646	-7	-2.946119	-0.03982985	-86.44897	-38.94359	-10.01576
30.36	5.380891	6.422206	-8.050117	-7	-3.593819	-1.18115	-54.18313	-44.83671	-5.977437
30.38	4.350412	5.124701	-12.77979	-7	-4.050799	-2.452763	-31.61553	-33.79855	-8.78481
30.4	4.211516	5.19299	-12.84553	-7	-3.795399	-2.578018	-14.37264	1.209085	-5.155354
30.42	4.382706	5.056413	-11.19516	-7	-3.527128	-2.911212	-2.829882	-2.775648	-5.679122
30.44	6.238523	6.763654	-1.840169	-7	-2.956547	-2.699236	-11.86954	5.850306	-7.577252
30.46	6.946494	7.036813	1.097765	-7	-3.0347	-2.769426	-37.56207	4.674733	-16.2236
30.48	5.682693	6.012467	-5.76902	-7	-3.526809	-2.464259	-54.53574	-2.042824	-18.08993
30.5	4.423681	5.124701	-11.86245	-7	-4.059014	-2.470622	-37.58122	-10.2871	-10.79153
30.52	2.847215	3.827197	-18.74491	-7	-4.08815	-2.707653	-12.14692	-20.92832	-5.634459
30.54	6.058762	6.695365	-2.070319	-7	-3.559472	-3.179023	14.47243	-31.05046	0.203866
30.56	6.990515	6.695365	2.096569	-7	-3.550737	-4.132737	-11.70803	-35.81382	-17.14751
30.58	7.177941	6.149047	2.657129	-7	-4.95315	-5.520798	-3.254642	-8.54664	-20.1535
30.6	4.818559	5.056413	-9.854458	-7	-4.975694	-4.625105	-27.22721	16.53733	-21.44123
30.62	5.379725	5.807599	-6.936435	-7	-5.146122	-4.430501	1.662066	-5.096259	-8.237764
30.64	4.903306	5.124701	-9.190298	-7	-5.056499	-5.015839	8.34968	-15.43214	-12.44316
30.66	4.118666	4.100356	-12.32294	-7	-5.209091	-5.527219	28.91704	-26.86725	-10.49063
30.68	5.121246	4.851542	-6.512214	-7	-5.092286	-6.114257	49.67735	-12.83671	-8.185614
30.7	4.780717	4.441804	-7.79845	-7	-4.689676	-6.058578	36.47028	18.91901	-14.62197
30.72	4.542858	4.168647	-8.296827	-7	-4.608227	-5.765036	37.00419	15.85031	-12.56537
30.74	4.051082	3.827197	-9.98253	-7	-4.378403	-5.427237	34.50574	20.18618	-11.90309
30.76	3.55376	3.485749	-11.48651	-7	-4.048065	-4.948644	33.85192	0.09458104	-9.886529
30.78	3.603622	3.485749	-10.10953	-7	-3.753386	-4.717548	37.26328	4.430458	-8.060783
30.8	3.404131	3.21259	-10.00189	-7	-3.481224	-4.545211	33.97212	4.308321	-9.220151
30.82	3.05472	2.871142	-10.5593	-7	-3.282097	-4.268923	31.6607	10.32359	-8.832149
30.84	1.882139	1.573638	-14.71762	-7	-3.396274	-4.430178	41.30346	11.01061	-7.826915
30.86	1.712459	1.641927	-13.74252	-7	-2.993083	-4.117053	50.0332	9.041144	-3.758566
30.88	1.729239	1.573638	-11.92107	-7	-2.472867	-3.827957	47.4143	8.430458	-4.566321
30.9	0.340383	0.2761335	-16.87624	-7	-2.035102	-3.20452	38.44485	13.77397	-5.68099
30.92	0.2007362	0.3444233	-15.2974	-7	-1.474077	-2.403955	42.20668	19.74343	0.2052517
30.94	0.3556313	0.2761335	-12.34006	-7	-1.034716	-2.200356	39.78391	15.46863	-0.8168144
30.96	1.2396	0.6858721	-6.058168	-7	-1.057582	-2.524591	39.14343	17.30069	-2.951802
30.98	0.5858631	0.6175833	-8.341225	-7	-0.4501172	-1.294343	-1.306162	23.46863	-8.599825
31	-0.2057514	-0.3384733	-10.65983	-7	-0.9160351	-1.119405	3.441934	12.39992	-4.113699
31.02	-2.790786	-1.772556	-21.82566	-7	-0.1813526	0.4504954	-15.25296	1.422825	-1.703473
31.04	-1.57632	-1.704267	-12.61129	-7	-0.9548144	-1.140801	50.47931	-5.004656	10.72305
31.06	-1.709812	-2.045715	-11.14292	-7	-0.6373066	-2.125353	46.79782	0.8121376	-0.6747999
31.08	-1.482159	-2.045715	-8.013851	-7	-0.5895895	-2.17136	45.797	12.93427	-1.323173
31.1	-2.907595	-3.411509	-13.09068	-7	-0.6335012	-2.060792	38.83103	13.04115	-3.812209
31.12	-2.919399	-3.34322	-10.85542	-7	-0.6494797	-1.986195	52.51919	12.90374	2.032606
31.14	-4.754819	-4.777303	-17.72617	-7	-0.09337574	-1.304147	40.54507	0.980077	-0.1907969
31.16	-4.852638	-4.845592	-15.33902	-7	0.3324009	-0.7650483	55.75381	5.270153	7.82066
31.18	-4.497889	-4.777303	-10.95284	-7	0.8268797	-0.7763351	55.43008	4.247252	5.609325
31.2	-4.369251	-5.050462	-7.943758	-7	0.8972391	-0.9471933	50.41073	18.98008	2.097692
31.22	-4.419786	-5.050462	-6.273807	-7	0.9698498	-0.6796288	37.11749	21.86557	0.01644707
31.24	-6.339365	-6.484545	-13.87124	-7	1.15817	0.2339333	18.784	12.18618	-0.4833841
31.26	-6.331272	-6.484545	-11.25729	-7	1.052327	0.3221484	40.04981	-1.508473	8.391102
31.28	-6.987819	-6.825994	-12.39157	-7	1.722221	0.8789136	26.95618	-1.401602	5.502749
31.3	-6.108831	-6.894283	-5.420607	-7	1.162417	-0.2363343	54.15485	11.63657	7.911505
31.32	-7.220484	-7.235731	-9.462392	-7	1.969002	0.8066047	16.54573	10.91901	0.3911114
31.34	-7.163595	-7.577179	-6.991896	-7	1.606391	0.7824777	30.86055	16.56786	6.648114
31.36	-8.867828	-8.806395	-13.49547	-7	1.930014	1.281756	18.28965	-6.668778	4.075329
31.38	-8.478719	-9.079553	-8.707895	-7	1.33273	0.2485518	58.66068	9.071679	11.63663
31.4	-9.634025	-9.421001	-12.54868	-7	2.427676	1.306244	29.61357	-1.401602	5.71309
31.42	-9.093416	-9.762449	-7.065718	-7	2.014522	0.6612473	58.05658	19.74343	11.53727
31.44	-9.406009	-9.147842	-7.161266	-7	3.294343	2.231333	14.65015	4.323588	5.499989
31.46	-8.756147	-9.421001	-1.875122	-7	2.716701	1.753252	27.11827	19.34649	8.220854
31.48	-11.14634	-11.05995	-12.18714	-7	3.018104	2.56404	-0.6013982	-0.2870984	2.891851
31.5	-11.68187	-11.74285	-12.06741	-7	2.602487	2.373936	34.90738	6.552596	14.79098
31.52	-11.17762	-10.99166	-7.399811	-7	3.329023	2.570601	33.18878	-7.997022	13.69625
31.54	-11.28319	-11.74285	-5.717004	-7	3.267514	2.111051	34.94916	16.7358	9.889811
31.56	-11.03966	-11.12824	-2.960806	-7	3.768088	2.89746	15.07178	17.68237	8.732029
31.58	-10.48433	-10.7185	0.9971708	-7	3.795031	3.243412	0.4699192	14.79687	7.443909
31.6	-11.28008	-11.4014	-2.025494	-7	3.578608	3.50406	-16.31983	1.025879	4.553368
31.62	-10.95889	-10.99166	0.5161182	-7	3.210172	3.469763	-11.4259	-0.8825185	8.51623
31.64	-12.08649	-12.01601	-4.217983	-7	2.933837	3.251324	-14.28569	-14.11916	5.977624
31.66	-13.0418	-13.04035	-7.393515	-7	2.43746	2.674112	11.13561	-10.71458	10.95038
31.68	-13.60471	-13.10864	-8.68212	-7	3.025991	3.09369	15.02113	-0.7451138	13.22743
31.7	-11.67751	-11.74285	2.298923	-7	3.306702	2.76934	26.92005	-5.325266	14.82052
31.72	-12.43254	-12.63062	-0.7867481	-7	3.560161	2.915254	-2.665362	11.07168	3.892506
31.74	-12.24681	-12.69891	1.218603	-7	2.969973	2.640471	9.194246	16.67473	8.52219
31.76	-13.16644	-12.69891	-2.991578	-7	3.625086	3.858878	-20.48781	19.89611	6.18568
31.78	-11.6285	-11.74285	5.416474	-7	3.209442	3.445124	-2.515501	-12.3329	11.91415
31.8	-13.08292	-12.90378	-1.702153	-7	3.305711	3.621063	-28.43505	4.109848	2.942657
31.82	-11.79233	-11.94772	5.316617	-7	2.67799	3.065935	-2.625596	-8.897784	11.19242
31.84	-12.35814	-11.94772	2.068503	-7	3.16122	3.645886	-34.77108	5.346488	3.143898
31.86	-12.43434	-12.35746	1.946196	-7	2.59301	3.386571	-20.98592	-19.12679	7.797665
31.88	-12.19852	-11.33311	2.6232	-7	3.2858	4.433354	-43.61959	10.96481	7.247601
31.9	-11.93726	-11.67456	3.869826	-7	2.818982	3.942124	-34.96503	-23.11152	7.620651
31.92	-11.40851	-12.0843	6.726392	-7	1.457637	1.663279	0.3676262	4.842672	5.897651
31.94	-10.95854	-11.05995	8.083919	-7	1.544995	1.557908	-13.5532	-8.241297	1.272198
31.96	-11.28444	-11.4014	5.65142	-7	1.265586	1.582945	-19.39108	2.277787	0.36339
31.98	-11.87777	-11.67456	2.090887	-7	1.168041	1.826445	-18.86849	-11.31	2.760614
32	-9.808634	-9.762449	11.54678	-7	1.154779	1.561375	-9.096186	-16.59244	6.057698
32.02	-11.1868	-11.4014	3.666433	-7	0.7874881	1.015964	-23.35885	-22.66878	-3.918924
32.04	-11.60748	-11.67456	1.324433	-7	0.2648826	0.7473487	0.9423048	-5.890152	4.153448
32.06	-11.47997	-10.7185	1.216545	-7	1.244084	1.860871	-13.92166	-10.53137	5.170975
32.08	-9.836808	-10.03561	9.025618	-7	0.9621018	1.065793	3.179919	-17.37107	5.939719
32.1	-11.63956	-11.33311	-0.8221512	-7	1.35858	1.73019	-28.7923	4.720534	-2.67862
32.12	-10.28218	-10.37706	5.939932	-7	0.8239041	1.281191	4.406279	4.430458	8.321941
32.14	-11.27075	-10.7185	0.1667144	-7	1.577849	2.055767	-27.80688	-2.882518	0.04210186
32.16	-7.808163	-8.874683	17.26215	-7	0.1839865	-0.1920253	24.80326	0.6900006	7.116516
32.18	-10.4232	-10.1039	2.154328	-7	1.101992	1.205099	-51.41261	4.949542	-12.41146
32.2	-9.684918	-10.37706	5.934943	-7	-0.6181506	-0.1296065	12.92768	-1.41687	5.579329
32.22	-10.21083	-9.421001	1.858204	-7	0.650754	1.140871	-25.84698	1.682367	-1.394679
32.24	-9.477895	-9.69416	5.237714	-7	0.007094532	0.3646645	3.602316	-14.66878	4.24462
32.26	-11.415	-9.967319	-5.613521	-7	1.685748	2.912458	-51.15162	4.415192	-0.6281347
32.28	-8.691885	-9.011263	8.479962	-7	0.5049114	1.119852	14.54366	-12.60771	12.55066
32.3	-10.23626	-9.147842	-0.7224951	-7	2.090139	2.852944	-57.04974	4.277786	-4.41486
32.32	-8.420266	-9.421001	8.933157	-7	-0.03837597	0.243062	17.51667	0.6900006	7.826275
32.34	-9.349195	-8.396656	2.501497	-7	1.531078	2.119225	-51.48844	-1.203129	-5.333023
32.36	-8.819264	-9.69416	5.47267	-7	-0.4294217	-0.07719696	10.05962	1.132749	3.983288
32.38	-10.15308	-8.874683	-2.584414	-7	1.256737	2.208698	-45.93226	1.544963	-2.046738
32.4	-10.30785	-10.1039	-2.78226	-7	0.5080489	1.552062	-3.447804	-15.67641	8.388222
32.42	-10.57175	-9.079553	-4.510019	-7	2.13997	3.375912	-35.95803	1.270153	6.63364
32.44	-8.344622	-9.216132	7.583215	-7	0.5596219	0.4524184	27.98716	4.628932	10.0152
32.46	-9.723006	-9.147842	-0.3315957	-7	1.798418	1.858628	-35.25393	18.20145	-4.847586
32.48	-8.726098	-9.147842	4.996025	-7	0.7060868	1.043671	1.929733	20.49153	5.802711
32.5	-10.22571	-9.147842	-3.389019	-7	1.957146	2.904928	-49.26678	-2.485572	-1.253307
32.52	-8.217503	-9.147842	7.513319	-7	0.03609371	0.1705972	25.41697	-3.493205	9.338181
32.54	-9.328412	-8.191787	0.3517032	-7	1.931198	2.490527	-53.39557	-8.378701	-4.938571
32.56	-6.780049	-8.123497	13.44141	-7	-0.4199296	-0.4862869	21.47788	8.415193	5.654166
32.58	-9.13434	-8.123497	-0.4459133	-7	1.214194	1.874676	-65.76542	-12.79092	-10.99066
32.6	-8.545714	-9.421001	3.211909	-7	-1.088211	-0.5009102	19.35268	-5.73748	6.416401
32.62	-10.83111	-9.352711	-9.163842	-7	0.8544554	1.764603	-34.87231	-11.49321	-1.336655
32.64	-7.659379	-8.464945	7.764209	-7	-0.6046001	-0.7769732	51.12193	-0.9741215	13.41828
32.66	-10.26456	-9.421001	-6.287699	-7	1.267221	1.11038	-28.24938	-0.4245031	-7.163766
32.68	-9.128472	-9.48929	0.5007675	-7	0.2779097	0.4229506	27.96037	12.18618	10.37065
32.7	-10.25856	-9.421001	-5.358337	-7	1.711043	1.861436	-16.17401	-13.21839	1.218719
32.72	-7.597829	-8.464945	8.795971	-7	0.5686625	0.04627049	34.80046	15.01061	9.214321
32.74	-9.144774	-8.191787	-0.3614292	-7	2.402645	2.656004	-55.53897	15.74343	-7.022322
32.76	-7.801683	-8.123497	6.624655	-7	1.068239	1.884735	-15.69946	-0.05809075	6.103085
32.78	-9.311226	-8.055207	-2.124303	-7	2.214686	3.68648	-72.58007	15.34649	-2.766135
32.8	-8.637346	-8.191787	1.464344	-7	1.339034	3.102021	-36.22504	-21.52374	8.344635
32.82	-8.928388	-8.191787	-0.3794549	-7	1.494675	2.845681	-43.22694	8.140381	3.039546
32.84	-9.624804	-9.421001	-3.399194	-7	0.7783175	1.815931	-16.28039	-22.18023	5.098816
32.86	-6.371451	-8.123497	13.62888	-7	-1.312663	-2.528896	65.67471	21.10221	6.811333
32.88	-7.56882	-8.123497	6.00701	-7	-0.5256601	-2.037018	2.525663	-10.53137	-13.87383
32.9	-7.465718	-8.191787	5.923871	-7	-1.205926	-1.746492	15.81179	14.30832	-3.756959
32.92	-8.442707	-8.123497	-0.02648139	-7	-0.5029515	-0.4422517	-10.28555	-4.668777	-4.569564
32.94	-8.283227	-8.191787	0.554427	-7	-0.5789597	-0.3029851	6.325415	-16.94359	2.32374
32.96	-9.701804	-9.48929	-6.378417	-7	-0.3657212	-0.2816396	9.678892	-24.10389	0.9119778
32.98	-8.121546	-8.464945	2.152568	-7	-0.5208821	-1.131016	45.71745	-12.39397	7.643505
33	-9.243491	-9.352711	-3.424246	-7	0.1654783	-0.7782882	20.52805	0.1403826	-2.264816
33.02	-9.028256	-9.421001	-1.563103	-7	0.05757272	-0.7321609	38.1503	5.98771	4.508321
33.04	-8.315055	-8.123497	1.873667	-7	1.108176	0.4594823	10.43447	7.7129	2.052924
33.06	-7.395223	-8.123497	6.568444	-7	0.598617	-0.1874487	14.38476	-3.004656	0.1134987
33.08	-9.424218	-9.147842	-3.981707	-7	1.101373	1.188439	-24.88879	10.32359	-4.743232
33.1	-8.852761	-9.079553	-0.3118663	-7	0.3180828	0.5543668	15.86206	-4.775648	7.418154
33.12	-9.483707	-9.079553	-3.410825	-7	1.034217	1.051971	-2.992688	-6.393969	2.0031
33.14	-8.54863	-9.079553	2.054788	-7	0.3817418	-0.06410056	28.56596	-7.355801	6.06065
33.16	-9.755384	-9.147842	-4.228381	-7	1.574045	1.55355	-16.01084	10.38466	-0.6742887
33.18	-8.544132	-9.147842	2.807485	-7	0.5912896	0.3276062	26.49509	5.163283	7.705307
33.2	-9.879749	-9.079553	-4.289863	-7	1.973602	2.165614	-27.76404	5.606031	-1.086766
33.22	-7.86761	-9.079553	6.978168	-7	0.1251179	-0.4133846	40.87054	4.58313	8.529554
33.24	-9.635344	-9.147842	-2.668129	-7	1.453556	1.18317	-23.92685	5.941909	-5.721075
33.26	-8.312475	-9.147842	4.773176	-7	0.08168775	-0.1875764	28.94681	-4.134427	6.774387
33.28	-9.865391	-9.147842	-3.691258	-7	1.428233	1.541454	-25.72584	3.300688	-3.005309
33.3	-9.030447	-9.147842	1.14068	-7	0.7995609	1.140488	8.253237	-15.78328	7.891773
33.32	-10.73705	-9.147842	-7.923971	-7	2.682693	3.858141	-53.42203	10.17092	1.635595
33.34	-8.053543	-8.123497	6.378561	-7	1.701648	2.526331	-0.9139166	-12.18023	13.58536
33.36	-11.82367	-9.079553	-13.74173	-7	4.639892	7.063104	-120.9917	18.27778	-2.830647
33.38	-8.524014	-9.147842	5.133091	-7	1.594848	3.213301	10.9299	1.102214	22.67243
33.4	-10.64021	-9.147842	-6.252292	-7	3.448728	4.567032	-71.21904	11.46863	-1.88194
33.42	-9.185053	-9.147842	2.157174	-7	2.120052	3.440607	-16.21609	-14.95885	13.2188
33.44	-10.46489	-9.079553	-4.689553	-7	3.344873	4.852736	-67.65896	6.491527	2.478677
33.46	-8.00673	-9.147842	8.930632	-7	0.8318926	1.13274	19.78486	-4.882518	11.68322
33.48	-9.993546	-9.079553	-2.209691	-7	2.265527	2.798987	-55.689	10.14038	-5.833315
33.5	-7.968836	-9.079553	8.766333	-7	0.02659297	0.1627897	22.96778	10.39992	8.536963
33.52	-10.5745	-9.079553	-5.785596	-7	2.140088	3.090175	-66.00394	1.743436	-6.054368
33.54	-9.221448	-9.147842	1.792673	-7	0.9565033	2.212076	-4.896667	-14.4703	12.32651
33.56	-10.49376	-9.216132	-5.112307	-7	2.271315	3.459406	-48.52341	-1.248931	2.05958
33.58	-8.302664	-9.147842	6.918242	-7	0.4537801	0.6099433	25.32583	-3.462671	10.94899
33.6	-10.00932	-9.147842	-2.634508	-7	1.927511	2.268436	-42.06247	4.033512	-4.321964
33.62	-7.965978	-9.147842	8.480528	-7	-0.131206	-0.3325615	32.79075	12.61366	8.17099
33.64	-10.34179	-9.147842	-4.777635	-7	1.839942	2.340447	-51.38489	-6.455037	-6.336705
33.66	-7.18371	-9.079553	12.34077	-7	-1.167816	-1.81925	63.05076	-1.920686	10.56482
33.68	-10.18324	-9.079553	-4.573639	-7	1.303535	1.202796	-46.21524	-9.218396	-11.72564
33.7	-7.573803	-9.079553	9.586658	-7	-1.197269	-1.621623	55.49384	2.247252	9.87459
33.72	-10.43105	-9.079553	-6.403387	-7	1.379833	1.582125	-46.21854	-9.584807	-8.889356
33.74	-8.308242	-9.147842	5.340362	-7	-0.4213564	-0.3267948	38.80846	3.270153	11.52785
33.76	-10.5669	-9.147842	-7.082752	-7	1.888249	2.39604	-44.44728	-7.569541	-3.96268
33.78	-7.946995	-9.079553	7.382849	-7	-0.1810604	-0.3806038	45.80862	1.514428	12.20161
33.8	-10.11573	-9.147842	-4.587732	-7	1.781395	1.816068	-37.46076	-8.745112	-6.188191
33.82	-8.823981	-9.079553	2.674572	-7	0.7907938	1.23024	10.12166	-26.14969	9.472466
33.84	-11.88859	-9.079553	-13.79915	-7	4.038061	6.217001	-99.50652	6.674733	0.1744413
33.86	-9.146378	-9.011263	1.845929	-7	2.26307	4.076663	-5.288618	-21.70694	21.69783
33.88	-7.201999	-9.011263	12.28642	-7	0.2691311	-1.099054	40.82405	19.28542	2.168363
33.9	-9.210281	-10.03561	1.621148	-7	0.1014962	-1.137386	4.863974	-4.836717	-10.38009
33.92	-7.798143	-8.738104	8.592255	-7	-0.7167267	-1.577102	34.71774	21.20908	1.565348
33.94	-8.82758	-8.806395	2.273632	-7	0.05669345	-0.4565462	-7.692012	-3.24893	-6.831322
33.96	-9.315734	-9.762449	-0.03167701	-7	-0.6476127	-0.8074616	18.79385	-6.974122	1.164498
33.98	-9.874479	-9.762449	-2.824187	-7	-0.2088901	-0.4830463	19.42629	-7.905418	2.112202
34	-9.565753	-9.762449	-0.8380483	-7	-0.0782758	-0.6792781	34.96036	-17.47794	4.901834
34.02	-8.442912	-8.464945	4.505684	-7	0.7194728	-0.03474012	17.79905	7.98771	2.371346
34.04	-7.478894	-8.464945	9.085822	-7	0.1094586	-0.9897506	21.07251	4.186184	-2.01186
34.06	-9.417132	-9.421001	-1.34827	-7	0.4746735	0.2410808	-16.48776	18.94954	-6.83129
34.08	-9.590168	-9.557581	-1.862975	-7	0.1330685	0.4703997	8.307028	-1.004656	5.02294
34.1	-9.837375	-9.48929	-2.928096	-7	0.6462181	0.7359925	6.78566	-9.294732	4.411408
34.12	-8.094991	-8.464945	6.014471	-7	0.4961013	-0.02373984	24.48211	-14.77565	5.662915
34.14	-9.444365	-9.421001	-1.135442	-7	0.9712411	0.6283102	-10.30605	15.13275	-3.903702
34.16	-8.971692	-9.421001	1.747802	-7	0.260648	0.07448018	19.2052	11.30069	4.706664
34.18	-10.12383	-9.421001	-4.323369	-7	1.380667	1.618275	-17.14025	7.361757	0.52038
34.2	-9.03928	-9.48929	1.993793	-7	0.541957	0.4263061	25.0973	-7.874884	8.28109
34.22	-9.944334	-9.48929	-2.741136	-7	1.518639	1.43683	-11.15139	7.239618	0.2097301
34.24	-8.510335	-9.48929	5.341492	-7	0.2422096	-0.4022908	37.16301	1.835039	6.655622
34.26	-10.23787	-9.557581	-3.966963	-7	1.698248	1.630041	-24.67881	13.36176	-3.502845
34.28	-8.721256	-9.421001	4.53513	-7	0.4711807	0.3011457	27.5668	-0.8214498	8.582422
34.3	-10.29662	-9.421001	-4.030174	-7	1.972227	2.237499	-33.02893	5.17855	-2.159959
34.32	-8.452044	-9.421001	6.246996	-7	0.2948622	0.06609929	32.67609	-3.477938	9.140978
34.34	-9.790793	-9.352711	-1.223251	-7	1.438921	1.271402	-21.77666	7.651833	-4.011553
34.36	-8.888727	-9.48929	3.864233	-7	0.3698568	0.2803319	18.36818	-8.836717	5.843391
34.38	-10.59801	-9.421001	-5.446297	-7	2.017848	2.702652	-41.38472	10.90374	-1.047993
34.4	-9.887288	-9.48929	-1.155035	-7	1.642178	2.686851	-10.01002	-20.25656	10.95118
34.42	-12.6775	-9.557581	-15.78969	-7	4.813251	7.577173	-106.6606	10.75107	5.412298
34.44	-8.796353	-9.48929	6.195938	-7	2.00178	3.231633	22.57772	0.3999246	24.63856
34.46	-10.91726	-9.48929	-5.257807	-7	4.033427	4.884393	-73.09869	22.14038	-2.75098
34.48	-8.620685	-9.48929	7.647416	-7	1.706528	2.330636	6.349394	12.81214	13.06361
34.5	-10.27443	-9.421001	-1.526515	-7	2.81347	3.538418	-58.71554	7.743436	-3.322766
34.52	-8.734078	-9.421001	6.900897	-7	0.9765834	1.537684	2.052595	-3.24893	8.656662
34.54	-10.24795	-9.421001	-1.627999	-7	1.967514	2.741673	-48.63628	2.537329	-2.565716
34.56	-7.80875	-8.533236	10.84567	-7	0.3993765	0.7081832	9.884793	-10.4245	8.078724
34.58	-9.178953	-8.396656	2.26412	-7	1.596384	2.240275	-58.06469	0.2625196	-7.084372
34.6	-9.129037	-9.69416	2.841419	-7	-0.1894098	0.5510569	-1.395996	-7.813816	4.243814
34.62	-11.0726	-9.762449	-7.594056	-7	1.171554	2.34727	-38.48413	-2.271831	0.8228703
34.64	-8.641202	-8.738104	5.208601	-7	0.4318365	0.9466513	19.60139	-20.66878	12.83733
34.66	-10.1316	-8.806395	-3.396307	-7	2.339488	3.137356	-54.12232	2.705267	-2.386052
34.68	-7.386114	-8.738104	11.29938	-7	-0.0919205	-0.2169626	33.04437	5.544962	9.510553
34.7	-9.404255	-8.806395	-0.326998	-7	1.273706	1.326087	-42.8297	-7.661144	-9.130788
34.72	-7.625852	-8.806395	9.057245	-7	-0.7829077	-0.9240535	29.7945	8.247252	5.635953
34.74	-9.953035	-8.806395	-4.162918	-7	1.090029	1.62074	-47.29184	-11.70695	-7.176342
34.76	-7.313768	-8.874683	10.06647	-7	-1.486011	-1.927282	56.94955	-1.401602	9.287355
34.78	-10.80436	-9.762449	-8.776991	-7	0.6775736	0.6212813	-31.25682	-12.11916	-9.696315
34.8	-8.613856	-9.69416	3.696496	-7	-1.156229	-1.596522	67.00965	0.2472528	12.907
34.82	-9.320621	-8.396656	-1.057501	-7	1.284435	0.7680578	-13.45196	-11.52374	-3.816076
34.84	-7.319029	-8.464945	9.457664	-7	-0.1302552	-0.8476799	34.30035	-1.752747	4.687241
34.86	-9.156331	-8.396656	-1.154026	-7	1.438508	1.562413	-43.43248	-6.363434	-7.965467
34.88	-8.23472	-8.533236	3.799751	-7	0.3035062	0.8923019	-0.2088022	-12.05809	5.956035
34.9	-10.50211	-9.421001	-8.034419	-7	1.392155	2.381377	-40.64762	10.47626	-1.01987
34.92	-9.611619	-9.421001	-2.467446	-7	0.7491148	1.564513	11.66342	-20.30236	12.53434
34.94	-8.483039	-9.352711	3.926389	-7	0.02736437	-0.974113	43.44821	18.04878	4.824904
34.96	-8.689514	-9.352711	2.80754	-7	0.1569743	-1.179285	27.47376	-8.958854	-2.854483
34.98	-9.45133	-10.37706	-0.495759	-7	-0.443397	-1.679715	40.72852	22.70527	-1.015121
35	-8.782974	-9.011263	2.758571	-7	0.1711551	-0.8502566	30.68072	2.033512	1.642808
35.02	-8.46095	-9.147842	4.324682	-7	0.05914396	-1.07128	27.74303	-5.645877	-1.002257
35.04	-8.442052	-9.079553	4.174931	-7	-0.05717349	-1.056589	21.08954	-5.874885	-2.434999
35.06	-8.677274	-9.147842	2.730111	-7	-0.1414268	-0.8698885	16.3373	0.9953442	-2.064485
35.08	-8.727902	-9.147842	2.322713	-7	-0.2673935	-0.8876441	19.57976	-1.569541	-0.5114403
35.1	-8.762259	-9.079553	1.959505	-7	-0.211768	-0.8208914	19.01191	-5.3558	-0.3248196
35.12	-8.707323	-9.079553	2.118821	-7	-0.2299922	-0.880101	21.41976	-5.447403	0.01705265
35.14	-8.876326	-9.147842	1.13906	-7	-0.1040608	-0.7135308	18.38051	-0.3787015	-0.2848997
35.16	-8.680892	-9.011263	2.074193	-7	-0.08431986	-0.7044535	21.27692	0.4304586	0.8043518
35.18	-8.834134	-9.147842	1.233061	-7	-0.0109297	-0.6527573	18.43845	-0.5161061	-0.2559271
35.2	-8.79356	-9.079553	1.421659	-7	0.04562423	-0.5349824	18.83216	0.4915273	0.6945915
35.22	-8.791336	-9.079553	1.41456	-7	0.1065468	-0.4798091	17.75864	0.07931343	0.497241
35.24	-8.763247	-9.079553	1.560332	-7	0.1153666	-0.4729055	17.92893	0.1556493	0.5598269
35.26	-8.843932	-9.147842	1.170998	-7	0.1317745	-0.4451969	17.26493	-0.07335836	0.4117498
35.28	-8.869139	-9.147842	1.087339	-7	0.1639077	-0.3869968	17.4644	0.1403826	0.8314476
35.3	-8.778076	-9.079553	1.57886	-7	0.1856607	-0.3914621	17.91746	0.125115	0.9212093
35.32	-8.774268	-9.079553	1.593194	-7	0.211348	-0.3679502	16.23381	-0.02755682	0.4309845
35.34	-8.8401	-9.147842	1.28896	-7	0.1918442	-0.3540886	16.03332	0.01824514	0.4982586
35.36	-8.820125	-9.079553	1.393988	-7	0.2308156	-0.2788341	15.30048	0.1098478	0.809494
35.38	-8.879315	-9.147842	1.1289	-7	0.2363616	-0.2626114	15.04087	-0.02755682	0.7485447
35.4	-8.866241	-9.147842	1.252146	-7	0.2245011	-0.2857592	16.28396	-0.04282358	1.030044
35.42	-8.906476	-9.147842	1.077497	-7	0.2817416	-0.2176661	14.84569	-0.05809075	0.8646517
35.44	-8.819377	-9.147842	1.594355	-7	0.2179518	-0.3287204	17.54859	0.002977535	1.119914
35.46	-8.80932	-9.147842	1.664949	-7	0.1974237	-0.4012703	17.23555	0.03351232	0.4974756
35.48	-8.822107	-9.147842	1.605132	-7	0.1846192	-0.3958191	16.72261	-0.02755682	0.4444857
35.5	-8.773365	-9.079553	1.824071	-7	0.191614	-0.3650123	16.00428	0.002977535	0.5258713
35.52	-8.827336	-9.147842	1.542685	-7	0.1586462	-0.3894394	15.85673	0.06404668	0.3388653
35.54	-8.772694	-9.079553	1.794466	-7	0.146925	-0.3940862	16.35382	0.002977535	0.6131754
35.56	-8.841409	-9.147842	1.430794	-7	0.1353539	-0.4085198	15.99261	0.002977535	0.3351536
35.58	-8.786297	-9.079553	1.688671	-7	0.1403609	-0.394226	16.53206	0.01824514	0.7016373
35.6	-8.814785	-9.079553	1.497996	-7	0.185307	-0.3309988	14.73651	0.04877907	0.4195843
35.62	-8.784414	-9.079553	1.641373	-7	0.1612216	-0.3481383	15.64558	0.03351232	0.6851559
35.64	-8.813671	-9.079553	1.459651	-7	0.1859834	-0.314264	14.57046	0.07931343	0.4957409
35.66	-8.792952	-9.079553	1.558571	-7	0.1667881	-0.3327782	15.45079	-0.01228922	0.7189674
35.68	-8.770756	-9.079553	1.660248	-7	0.1408257	-0.3926991	16.20228	0.002977535	0.5764008
35.7	-8.816349	-9.079553	1.393811	-7	0.1782669	-0.3302947	14.71218	-0.01228922	0.4346943
35.72	-8.7816	-9.079553	1.574936	-7	0.1486286	-0.3643428	16.15386	0.03351232	0.7617636
35.74	-8.822224	-9.079553	1.34272	-7	0.1909641	-0.3133937	14.7151	-0.01228922	0.5138168
35.76	-8.804209	-9.079553	1.441014	-7	0.1853408	-0.3098916	15.43775	-0.01228922	0.8082495
35.78	-8.802457	-9.079553	1.448133	-7	0.1921043	-0.3170311	15.34141	0.1556493	0.679409
35.8	-8.844942	-9.147842	1.268443	-7	0.1604295	-0.3666288	16.40827	-0.02755682	0.6776361
35.82	-8.87593	-9.147842	1.143046	-7	0.1849547	-0.3415822	16.4793	0.01824514	0.8077335
35.84	-8.778779	-9.079553	1.657433	-7	0.1898245	-0.3662286	17.3333	-0.04282358	0.9396973
35.86	-8.830815	-9.147842	1.409142	-7	0.1842842	-0.3903725	16.53617	0.03351232	0.4034605
35.88	-8.76458	-9.079553	1.747021	-7	0.1750011	-0.3886229	16.92581	0.04877907	0.6864223
35.9	-8.841822	-9.147842	1.356672	-7	0.1732607	-0.3823287	15.94486	0.002977535	0.3367424
35.92	-8.868185	-9.147842	1.246452	-7	0.1816901	-0.3404788	16.23795	0.002977535	0.7641277
35.94	-8.915818	-9.216132	1.071609	-7	0.166063	-0.3800749	17.58079	0.04877907	0.865963
35.96	-8.949188	-9.216132	0.9645662	-7	0.2154774	-0.3337073	17.44155	0.002977535	0.9894276
35.98	-8.903262	-9.216132	1.284712	-7	0.2146828	-0.3723072	18.8304	-0.04282358	1.12551
36	-8.813286	-9.147842	1.772593	-7	0.2280838	-0.3998329	18.41118	0.01824514	0.7706261
36.02	-8.810255	-9.147842	1.783122	-7	0.2288694	-0.3832149	16.65213	0.04877907	0.3234587
36.04	-8.690614	-9.011263	2.321029	-7	0.2299254	-0.3355091	15.12683	0.01824514	0.3936338
36.06	-8.755653	-9.079553	1.917913	-7	0.1846032	-0.3402006	13.44525	-0.02755682	-0.07960129
36.08	-8.86291	-9.147842	1.347734	-7	0.1384608	-0.3269906	13.98409	-0.05809075	0.3656139
36.1	-8.903481	-9.147842	1.14133	-7	0.1481163	-0.3061236	15.11262	0.09458104	0.8834066
36.12	-8.90557	-9.147842	1.147192	-7	0.1833181	-0.296026	15.83515	-0.04282358	1.034466
36.14	-9.081167	-9.352711	0.374866	-7	0.1757935	-0.3379998	17.49052	0.002977535	1.005674
36.16	-8.881904	-9.147842	1.460628	-7	0.2392696	-0.3236814	19.36365	0.06404668	1.713964
36.18	-8.744159	-9.079553	2.147057	-7	0.2721979	-0.3651299	17.37916	0.03351232	0.595809
36.2	-8.712348	-9.079553	2.260113	-7	0.2284478	-0.3813458	15.44953	0.2625196	0.01901817
36.22	-8.782016	-9.079553	1.826483	-7	0.2193801	-0.2914566	12.8389	-0.01228922	-0.02233601
36.24	-8.835296	-9.147842	1.547741	-7	0.1328157	-0.3454947	14.7726	0.1098478	0.5003214
36.26	-8.754749	-9.079553	1.926459	-7	0.08124197	-0.4530635	17.02295	-0.4397703	0.6658983
36.28	-8.801125	-9.079553	1.612449	-7	0.122413	-0.4104489	15.07454	0.01824514	0.1742496
36.3	-8.849413	-9.079553	1.314294	-7	0.1756874	-0.2842961	13.76844	0.1861837	0.5583515
36.32	-8.876106	-9.147842	1.204274	-7	0.149161	-0.3237646	15.72569	0.1098478	0.9059544
36.34	-8.799335	-9.079553	1.592716	-7	0.1623978	-0.3605064	16.67486	-0.04282358	0.9247713
36.36	-8.863502	-9.147842	1.27018	-7	0.1800566	-0.3557996	15.82741	-0.08862512	0.5028629
36.38	-8.698224	-9.011263	2.087713	-7	0.1685533	-0.3836895	16.9505	0.1098478	0.8615074
36.4	-8.694686	-9.011263	2.023187	-7	0.1722301	-0.3884146	14.59531	0.1403826	0.00231266
36.42	-8.858416	-9.147842	1.174808	-7	0.1387517	-0.3504215	14.07997	-0.08862512	0.1537418
36.44	-8.803316	-9.079553	1.462639	-7	0.1204671	-0.3663405	16.46122	-0.07335836	0.9969206
36.46	-8.907266	-9.147842	0.9375	-7	0.1786116	-0.3188873	15.1782	0.07931343	0.6039104
36.48	-8.815779	-9.079553	1.431475	-7	0.1968101	-0.3065695	16.63013	0.1403826	1.187797
36.5	-8.775866	-9.079553	1.638149	-7	0.2001029	-0.3553506	16.35542	-0.02755682	0.6482925
36.52	-8.84042	-9.147842	1.330156	-7	0.1845437	-0.3628439	16.00819	-0.04282358	0.4605675
36.54	-8.88652	-9.147842	1.121947	-7	0.2132027	-0.2954243	15.60553	0.06404668	0.7802973
36.56	-8.805202	-9.079553	1.553198	-7	0.2298999	-0.2873141	16.08681	0.07931343	1.014345
36.58	-8.849788	-9.147842	1.35078	-7	0.2209513	-0.3153055	15.64018	0.03351232	0.578042
36.6	-8.751526	-9.079553	1.863037	-7	0.1808763	-0.3770256	17.04447	-0.02755682	0.8013973
36.62	-8.869735	-9.147842	1.245382	-7	0.2123488	-0.320248	14.57671	0.04877907	0.231823
36.64	-8.744217	-9.011263	1.856379	-7	0.2255384	-0.2640537	14.9526	0.06404668	0.9512138
36.66	-8.913703	-9.147842	0.9796948	-7	0.261367	-0.1928556	12.31512	0.002977535	0.3317423
36.68	-8.806953	-9.079553	1.560095	-7	0.214543	-0.238334	15.47153	-0.02755682	1.313404
36.7	-8.804222	-9.079553	1.556991	-7	0.2267904	-0.2796347	14.59792	0.125115	0.6012859
36.72	-8.798594	-9.079553	1.574198	-7	0.2150997	-0.2785202	14.52589	0.01824514	0.6425514
36.74	-8.802369	-9.079553	1.540054	-7	0.2056797	-0.2829639	14.44588	0.03351232	0.6240501
36.76	-8.834785	-9.079553	1.35386	-7	0.2292569	-0.2315234	13.55291	0.01824514	0.6555862
36.78	-8.898414	-9.147842	1.060894	-7	0.2213884	-0.2277505	14.26048	0.03351232	0.8775558
36.8	-8.773904	-9.079553	1.726032	-7	0.1777399	-0.3398125	17.03781	0.03351232	1.137701
36.82	-8.806655	-9.079553	1.522608	-7	0.2232851	-0.309007	14.58747	0.03351232	0.3594398
36.84	-8.713431	-9.079553	2.01107	-7	0.1194005	-0.4453225	17.5375	-0.07335836	0.6702843
36.86	-8.790248	-9.079553	1.557344	-7	0.1557248	-0.3941959	14.84323	0.03351232	0.04158211
36.88	-8.869944	-9.147842	1.162645	-7	0.141757	-0.3525191	15.48507	0.04877907	0.5999422
36.9	-8.812594	-9.079553	1.456924	-7	0.1627554	-0.3448941	16.39953	-0.04282358	0.9562807
36.92	-8.801798	-9.079553	1.499463	-7	0.1894562	-0.3393715	15.70392	0.03351232	0.630579
36.94	-8.799871	-9.079553	1.50058	-7	0.1997127	-0.3158722	15.23634	-0.02755682	0.6227083
36.96	-8.777028	-9.079553	1.61666	-7	0.1758386	-0.349297	15.81752	0.002977535	0.6428356
36.98	-8.864065	-9.147842	1.18641	-7	0.174629	-0.3427531	15.44042	-0.01228922	0.4982166
37	-8.867638	-9.147842	1.210059	-7	0.1715558	-0.3442646	16.73181	-0.01228922	0.93927
37.02	-8.781938	-9.079553	1.655651	-7	0.1852561	-0.3719411	17.17934	0.002977535	0.8666258
37.04	-8.813593	-9.147842	1.51344	-7	0.158485	-0.4274837	17.14269	0.01824514	0.4152737
37.06	-8.85745	-9.147842	1.301422	-7	0.1791055	-0.3727427	16.41772	0.04877907	0.5561962
37.08	-8.785321	-9.079553	1.668396	-7	0.1908284	-0.3555501	16.62918	0.04877907	0.8035421
37.1	-8.83267	-9.147842	1.438962	-7	0.1742693	-0.384719	16.31171	-0.01228922	0.4371319
37.12	-8.926002	-9.216132	1.01241	-7	0.1706802	-0.3645483	16.6729	-0.01228922	0.6761847
37.14	-8.776693	-9.079553	1.7885	-7	0.1807506	-0.3841113	18.03363	0.002977535	1.08828
37.16	-8.74299	-9.079553	1.928728	-7	0.1794674	-0.4246076	16.65785	-0.01228922	0.2727213
37.18	-8.851476	-9.147842	1.358165	-7	0.183902	-0.3548515	14.91849	-0.01228922	0.1911211
37.2	-8.882329	-9.147842	1.218981	-7	0.1882727	-0.301803	15.48144	0.01824514	0.8253498
37.22	-8.796853	-9.079553	1.654844	-7	0.1950642	-0.3249008	16.27516	0.01824514	0.9406662
37.24	-8.848623	-9.147842	1.39667	-7	0.1897528	-0.349377	15.72271	0.04877907	0.4793129
37.26	-8.848544	-9.147842	1.41972	-7	0.1743517	-0.3591532	16.56386	-0.04282358	0.7576942
37.28	-8.807252	-9.079553	1.60814	-7	0.2139836	-0.3149652	15.56835	0.04877907	0.6993618
37.3	-8.801443	-9.079553	1.613401	-7	0.2262503	-0.2836269	14.55386	0.01824514	0.5626736
37.32	-8.868855	-9.147842	1.281212	-7	0.2079564	-0.2807374	14.57769	0.06404668	0.6004009
37.34	-8.873927	-9.147842	1.28469	-7	0.1970378	-0.2948336	15.72557	0.09458104	0.9235659
37.36	-8.810678	-9.079553	1.598802	-7	0.2239176	-0.2881892	15.54123	-0.02755682	0.8726482
37.38	-8.764888	-9.079553	1.818752	-7	0.1965789	-0.3433248	15.70993	0.04877907	0.5769072
37.4	-8.800082	-9.079553	1.597341	-7	0.2093461	-0.3001179	14.08366	0.04877907	0.3459435
37.42	-8.881584	-9.147842	1.1901	-7	0.1948138	-0.2741485	14.29478	0.04877907	0.6289568
37.44	-8.822671	-9.079553	1.49049	-7	0.2049119	-0.2703537	15.23765	0.002977535	1.016562
37.46	-8.920046	-9.216132	1.047061	-7	0.1732734	-0.3443542	16.20783	0.002977535	0.68118
37.48	-8.804201	-9.079553	1.643437	-7	0.2036015	-0.3284271	16.88732	0.06404668	1.077579
37.5	-8.834645	-9.147842	1.497562	-7	0.1961962	-0.3671216	16.24964	0.06404668	0.4703341
37.52	-8.777792	-9.079553	1.770654	-7	0.1977744	-0.3477642	16.02104	-0.01228922	0.6435423
37.54	-8.858736	-9.147842	1.351846	-7	0.1983137	-0.3250222	14.92078	-0.02755682	0.3833084
37.56	-8.808802	-9.079553	1.594924	-7	0.2065886	-0.2895505	15.2275	0.002977535	0.8419285
37.58	-8.709912	-9.011263	2.04901	-7	0.195666	-0.3283522	15.08891	0.04877907	0.5887184
37.6	-8.852774	-9.147842	1.301826	-7	0.1684896	-0.3351256	14.03548	0.01824514	0.1366577
37.62	-8.831159	-9.079553	1.400014	-7	0.1812583	-0.2793242	14.79302	0.01824514	0.9057016
37.64	-8.87577	-9.147842	1.194369	-7	0.1743782	-0.3175179	15.56078	-0.05809075	0.7737541
37.66	-8.88678	-9.147842	1.168682	-7	0.195953	-0.3064963	16.08924	0.06404668	0.9434805
37.68	-8.814775	-9.079553	1.539047	-7	0.2336537	-0.2845179	15.86566	-0.04282358	0.9557543
37.7	-8.821923	-9.147842	1.532964	-7	0.1912405	-0.3641566	16.55253	-0.01228922	0.611805
37.72	-8.85021	-9.147842	1.401537	-7	0.1937558	-0.3521469	16.16904	-0.01228922	0.5863724
37.74	-8.687084	-9.011263	2.198408	-7	0.1782407	-0.387625	16.80231	0.09458104	0.7363071
37.76	-8.824761	-9.147842	1.46748	-7	0.1555211	-0.402661	14.93593	0.04877907	-0.08320808
37.78	-8.788544	-9.079553	1.634158	-7	0.140478	-0.3701561	15.94687	-0.04282358	0.705801
37.8	-8.878335	-9.147842	1.171313	-7	0.1590387	-0.3490344	15.28672	0.04877907	0.4887867
37.82	-8.870764	-9.147842	1.243837	-7	0.1577438	-0.3529555	16.81448	0.07931343	0.9734344
37.84	-8.805617	-9.079553	1.569221	-7	0.1996795	-0.3390191	16.42605	0.04877907	0.8403282
37.86	-8.79076	-9.079553	1.627474	-7	0.2165702	-0.3199408	15.33017	-0.02755682	0.5460939
37.88	-8.752386	-9.079553	1.815776	-7	0.1696491	-0.3755221	16.06615	-0.02755682	0.5384312
37.9	-8.787241	-9.079553	1.600201	-7	0.1740789	-0.3529588	14.85258	-0.04282358	0.3102446
37.92	-8.782827	-9.079553	1.605586	-7	0.1492972	-0.3614342	15.48193	-0.01228922	0.5680227
37.94	-8.871408	-9.147842	1.159589	-7	0.1497694	-0.3551107	15.44496	-0.01228922	0.5247765
37.96	-8.880134	-9.147842	1.149983	-7	0.1605788	-0.3455581	16.65604	0.01824514	0.9636755
37.98	-8.871376	-9.147842	1.23132	-7	0.1871004	-0.3508675	17.07948	0.03351232	0.9278479
38	-8.868905	-9.147842	1.277297	-7	0.2200676	-0.3268885	16.69171	0.01824514	0.8429451
38.02	-8.846573	-9.147842	1.430182	-7	0.2219451	-0.3349775	16.89012	-0.01228922	0.8304825
38.04	-8.734483	-9.079553	2.00597	-7	0.189844	-0.4058189	17.55211	-0.01228922	0.6824341
38.06	-8.819072	-9.147842	1.558668	-7	0.1779042	-0.4041737	15.793	-0.01228922	0.0848217
38.08	-8.75828	-9.079553	1.85033	-7	0.1487037	-0.4025604	16.57646	0.03351232	0.5970783
38.1	-8.846292	-9.147842	1.385031	-7	0.1461995	-0.3968481	15.65671	-0.07335836	0.2659798
38.12	-8.880327	-9.147842	1.220769	-7	0.1630994	-0.342849	15.96288	0.09458104	0.7583828
38.14	-8.785711	-9.079553	1.701667	-7	0.1673245	-0.3714469	16.9785	0.002977535	0.9099932
38.16	-8.755428	-9.079553	1.828649	-7	0.1575935	-0.4166821	16.4904	-0.02755682	0.3935003
38.18	-8.754081	-9.079553	1.799947	-7	0.1355235	-0.4273737	16.11889	-0.01228922	0.2832727
38.2	-8.789095	-9.079553	1.578199	-7	0.142876	-0.3839762	15.1977	-0.01228922	0.3154221
38.22	-8.810656	-9.079553	1.440913	-7	0.1546764	-0.340262	14.99392	0.09458104	0.5647812
38.24	-8.787372	-9.079553	1.552554	-7	0.1371648	-0.3757507	16.08724	-0.01228922	0.7032709
38.26	-8.877269	-9.147842	1.102508	-7	0.1554822	-0.3576141	15.65012	0.06404668	0.538599
38.28	-8.856946	-9.147842	1.254343	-7	0.1449862	-0.3855702	17.6039	0.002977535	1.003829
38.3	-8.897926	-9.147842	1.066327	-7	0.2182982	-0.3143755	16.14821	0.01824514	0.7756042
38.32	-8.794045	-9.079553	1.620091	-7	0.2341116	-0.304377	16.69045	0.04877907	1.045047
38.34	-8.869561	-9.147842	1.250272	-7	0.2585107	-0.2720639	14.80766	0.002977535	0.4880419
38.36	-8.859025	-9.147842	1.351565	-7	0.2355956	-0.273773	15.85647	0.06404668	0.9448366
38.38	-8.820408	-9.147842	1.589494	-7	0.1929768	-0.3675229	17.22201	0.03351232	0.8056231
38.4	-8.835458	-9.147842	1.521083	-7	0.1940435	-0.376525	16.57143	-0.08862512	0.5131111
38.42	-8.757881	-9.079553	1.900122	-7	0.1812615	-0.3868664	16.68833	-0.01228922	0.6124649
38.44	-8.778864	-9.079553	1.743459	-7	0.1916407	-0.3535092	14.84321	0.09458104	0.2302828
38.46	-8.791153	-9.079553	1.645795	-7	0.1776343	-0.3234475	14.54389	-0.02755682	0.4577818
38.48	-8.803541	-9.079553	1.551961	-7	0.1704264	-0.3162614	14.54802	-0.04282358	0.5554972
38.5	-8.733273	-9.011263	1.856661	-7	0.1694351	-0.3222065	14.69617	0.06404668	0.6377115
38.52	-8.850681	-9.147842	1.254954	-7	0.1309941	-0.370181	14.95315	-0.01228922	0.3190966
38.54	-8.806437	-9.079553	1.475773	-7	0.1342641	-0.3659276	16.31224	0.01824514	0.8873749
38.56	-8.882154	-9.147842	1.099888	-7	0.1631115	-0.3520993	15.81537	-0.01228922	0.6079693
38.58	-8.86319	-9.147842	1.242931	-7	0.1631991	-0.3656241	17.35513	0.06404668	1.005858
38.6	-8.886078	-9.147842	1.152609	-7	0.2193474	-0.3185051	16.36081	0.07931343	0.8067932
38.62	-8.851028	-9.147842	1.381351	7	0.2189025	-0.3301307	85.80819	-0.02755682	19.54423
38.64	-8.759123	-9.079553	1.853422	7	1.591171	-0.3633034	97.17404	0.002977535	16.11202
38.66	-7.997226	-9.147842	6.211555	7	2.287994	-0.5717485	111.8055	5.377024	15.36446
38.68	-7.738555	-9.216132	7.898638	7	2.913881	-0.4203402	103.7401	14.88847	10.67396
38.7	-7.351731	-9.147842	10.25495	7	3.048035	-0.3573295	100.7502	21.52969	9.60555
38.72	-7.657446	-9.011263	8.732545	7	3.616667	0.6825346	75.4321	28.70527	7.566155
38.74	-7.923114	-9.147842	7.66226	7	3.806529	1.457132	66.88226	24.24725	10.33658
38.76	-7.918251	-9.147842	8.060362	7	3.831	1.625292	67.34752	22.35412	11.88584
38.78	-9.188796	-10.37706	2.454	7	3.760545	1.612013	70.01555	12.24725	11.57689
38.8	-8.643008	-9.421001	5.875004	7	4.347646	2.347101	72.17806	18.49153	17.14383
38.82	-8.480204	-9.421001	7.196778	7	4.806993	2.69616	60.50078	12.8274	13.97084
38.84	-7.43883	-8.464945	12.53032	7	5.070554	3.127958	47.99238	24.38466	13.42985
38.86	-7.6489	-8.806395	11.3418	7	4.881207	3.196917	31.0703	19.14802	8.852859
38.88	-9.794643	-10.1039	0.7314335	7	5.101233	4.462274	11.52111	12.23199	10.7351
38.9	-7.777223	-8.123497	11.21489	7	5.188025	4.647696	34.3834	-4.54664	22.13016
38.92	-7.704992	-8.396656	11.24269	7	5.294327	4.231548	14.58914	-2.134427	10.89632
38.94	-7.820252	-8.738104	10.57677	7	4.709472	3.86386	19.21777	12.39992	11.71737
38.96	-8.919191	-9.079553	4.806736	7	4.988404	4.672616	4.247271	-1.813816	12.03047
38.98	-8.139904	-8.533236	8.899914	7	4.803017	4.463384	23.86449	1.07168	18.36618
39	-7.028387	-7.850338	14.13879	7	4.624908	3.607097	26.46137	0.3693898	13.45688
39.02	-6.47095	-7.167441	15.83775	7	4.691648	3.821892	3.570246	13.13275	8.076619
39.04	-7.627183	-7.850338	8.992721	7	4.68794	4.722805	-19.6313	-0.7909154	7.193083
39.06	-7.080991	-7.099152	11.00477	7	4.536418	5.052321	-10.59054	-14.31763	14.70739
39.08	-5.982708	-6.416255	15.51589	7	4.179823	4.200685	-3.554737	-14.60771	12.09498
39.1	-6.943409	-7.4406	9.722836	7	3.722086	3.668266	-7.407688	4.323588	7.016508
39.12	-6.40992	-6.825994	11.64943	7	3.35064	3.312406	10.68508	-4.149693	12.54064
39.14	-5.482001	-6.484545	15.4352	7	2.727515	1.87658	29.04641	-7.355801	9.547939
39.16	-5.845415	-6.006517	11.90384	7	3.400299	2.952756	-4.943588	2.949542	4.643261
39.18	-4.856323	-5.39191	15.61252	7	3.039364	2.881889	4.226001	0.04877907	9.34995
39.2	-5.339163	-5.18704	11.3387	7	3.58098	3.88877	-27.32595	-6.43977	4.891529
39.22	-4.315856	-4.709013	15.23233	7	2.935872	3.331227	-7.550181	-16.04282	10.15261
39.24	-4.068281	-4.367564	14.70605	7	2.784046	2.940573	-15.72942	-2.134427	4.974566
39.26	-3.981436	-4.435854	13.59898	7	2.250299	2.439446	-8.391314	-12.04282	5.375793
39.28	-4.437301	-4.026116	9.438187	7	2.811225	3.547046	-29.0652	1.193817	5.619836
39.3	-3.22741	-3.684668	14.39869	7	2.037161	2.380006	3.433951	-16.4703	10.26286
39.32	-2.052823	-2.387164	18.1555	7	2.163042	2.038468	-10.2145	-6.149693	3.460034
39.34	-2.784091	-3.479798	12.7449	7	1.419388	1.377163	-9.62879	-5.24893	-0.1354675
39.36	-1.907131	-1.635977	14.84015	7	1.938624	2.544071	-24.58271	3.896107	4.554193
39.38	-1.606346	-1.704267	14.28651	7	1.686626	2.339163	-26.93017	-14.4703	2.673449
39.4	0.1828203	0.002975464	20.73437	7	1.466889	2.060045	-28.00861	-16.94359	2.735576
39.42	-1.267497	-1.294529	10.96367	7	1.135252	2.047808	-47.35083	-6.699312	-4.247202
39.44	-1.076955	-1.362819	10.50018	7	0.1045019	0.9982189	-5.223663	-13.00466	5.517036
39.46	-1.531683	-1.157949	6.451207	7	0.6172631	1.207953	-9.359747	-12.95885	3.461575
39.48	0.9772542	0.2761335	17.6618	7	0.04535115	-0.2797816	28.03391	-16.11916	7.247367
39.5	0.006339312	0.3444233	10.07497	7	1.268616	1.294887	-33.34877	7.560228	-5.9492
39.52	1.339457	0.6858721	15.34031	7	0.2021956	0.4798339	1.337482	1.529695	3.836244
39.54	1.144993	1.915086	11.45598	7	1.460016	2.315235	-53.46299	3.743436	-3.501134
39.56	0.562595	0.9590311	6.910053	7	1.039575	2.631938	-45.53424	-21.4016	2.301808
39.58	0.9041293	1.02732	7.494538	7	0.4691097	1.587139	-15.75217	-3.691679	5.890251
39.6	1.548755	1.300479	9.540695	7	0.09879274	0.3239596	4.19581	-14.82145	3.536764
39.62	2.844035	2.529693	14.24823	7	0.1748826	-0.03189203	0.9141712	8.79687	0.2249918
39.64	4.259076	3.895488	18.80028	7	0.2425993	0.1372709	-21.0542	7.056413	-4.701451
39.66	3.334707	2.871142	11.84965	7	-0.4494442	-0.07228722	-33.10479	3.483894	-8.810074
39.68	3.202441	3.280881	9.178087	7	-0.7792882	0.1457519	-24.75475	-9.203128	-2.165583
39.7	3.529703	3.554038	9.043158	7	-1.006087	-0.3457079	-10.50947	-24.92832	-0.521184
39.72	3.545498	3.554038	7.452032	7	-1.009556	-0.6426541	-4.97396	-24.88252	-1.559507
39.74	3.636604	3.895488	6.290007	7	-0.6259013	-0.1950698	-8.691192	-0.01228922	-0.6980476
39.76	5.795575	5.397861	15.44565	7	-0.8676591	-0.9560277	5.912746	-3.218396	0.2529564
39.78	4.900768	4.510095	8.905133	7	-1.001077	-1.160568	-16.66067	0.7663365	-9.89193
39.8	5.052802	4.783254	8.165412	7	-1.447572	-1.187829	-2.337332	1.102214	-2.994655
39.82	5.152579	5.19299	6.996632	7	-1.257447	-1.044505	-5.289485	-4.760381	-3.409115
39.84	6.669013	6.695365	12.63482	7	-0.9879134	-0.7760578	-10.17887	-11.81382	-2.534112
39.86	7.561763	7.036813	14.91093	7	-1.437321	-1.46735	-16.04854	-9.890152	-8.312449
39.88	6.606321	6.490495	7.870002	7	-1.698692	-1.204131	-31.67715	0.8121376	-10.93449
39.9	7.760417	7.583131	11.74361	7	-2.229164	-1.632363	-10.77168	-4.974121	-3.94278
39.92	5.831574	6.149047	0.2385731	7	-2.056087	-1.348791	-25.36456	-13.05046	-9.312489
39.94	7.401484	7.583131	6.950657	7	-2.139813	-1.51407	7.477983	-17.85962	2.197392
39.96	8.012383	7.856288	8.35187	7	-1.950674	-2.123835	1.055517	-19.75274	-6.233431
39.98	7.801747	7.583131	5.797307	7	-2.039703	-2.094735	-3.491805	-17.90542	-7.717251
40	7.709141	7.241681	4.361077	7	-2.558792	-2.769131	15.11676	5.163283	-5.412203
40.02	7.904292	7.924579	4.045767	7	-2.113431	-2.330991	8.816375	8.30832	-5.214402
40.04	8.553818	8.470897	6.049055	7	-1.867072	-2.056802	5.225457	0.4151914	-4.877471
40.06	8.566797	8.197738	5.026303	7	-2.074628	-2.377681	6.076998	-0.05809075	-6.965237
40.08	7.587258	7.378261	-0.5884436	7	-2.221126	-2.408082	10.03061	1.697634	-6.325589
40.1	9.741081	9.563531	9.186733	7	-1.97226	-2.37096	20.27584	-0.6077092	-1.211917
40.12	9.20212	8.812345	5.090912	7	-1.906574	-2.463877	-3.294656	1.224352	-11.50581
40.14	9.058615	8.812345	3.402773	7	-2.177421	-2.223357	1.07204	8.033513	-6.751204
40.16	8.745894	8.744054	0.9769827	7	-2.124871	-2.084833	2.29802	1.590764	-5.601275
40.18	8.661207	8.675765	-0.0004295558	7	-2.051188	-2.067393	9.905021	-6.897786	-3.496024
40.2	8.720276	8.744054	-0.1451896	7	-1.816979	-1.997066	13.09521	-7.645876	-3.023417
40.22	8.922592	8.675765	0.6347033	7	-1.829223	-2.297498	21.12253	-2.317633	-3.105188
40.24	8.517253	8.197738	-1.481054	7	-1.828973	-2.491088	24.52646	4.705268	-4.307015
40.26	7.435345	7.309972	-6.530031	7	-1.658884	-2.253058	29.7605	9.926641	-2.41108
40.28	8.186397	8.197738	-2.324432	7	-1.094754	-1.804752	37.49876	11.51443	2.429145
40.3	8.624618	8.402606	0.02582955	7	-0.6058884	-1.583215	25.75045	5.102214	-1.841096
40.32	9.138254	8.539186	2.707985	7	-0.7452438	-1.755318	22.91631	9.270152	-3.476065
40.34	8.241323	7.856288	-1.764258	7	-0.8059548	-1.51237	10.6342	21.11748	-5.972281
40.36	7.838908	7.924579	-3.564139	7	-0.5794578	-0.7437572	8.256041	14.26252	-1.018547
40.38	7.198107	7.309972	-6.153007	7	-0.4380974	-0.5585752	13.59289	3.422825	0.9550114
40.4	7.267164	7.241681	-4.906398	7	-0.3203811	-0.7164415	26.82872	-5.080992	3.437472
40.42	9.161776	8.948924	4.761601	7	0.09613384	-0.7334129	22.28113	-8.806182	1.859314
40.44	8.269384	7.65142	0.3078539	7	-0.2126384	-1.060873	3.94096	10.14038	-7.2981
40.46	6.82788	6.968522	-6.568983	7	-0.1417358	-0.07175347	-3.292118	20.70527	-2.12597
40.48	6.575349	6.968522	-6.984086	7	0.091784	0.3720176	9.683455	9.682366	5.06211
40.5	6.726336	6.968522	-5.308163	7	0.4457425	0.3290128	16.04924	-2.3329	5.133618
40.52	8.017813	7.856288	1.741153	7	0.6229059	0.05631463	17.47396	-9.309999	3.499149
40.54	8.03837	7.309972	2.191166	7	0.1365684	-0.7739571	13.5334	15.37702	-3.300487
40.56	6.943101	7.309972	-3.475181	7	0.7559573	0.8412808	-20.52583	27.56023	-3.552372
40.58	7.685704	8.129447	0.3658681	7	0.8989164	1.595499	-19.55055	11.01061	3.649261
40.6	8.150394	8.197738	2.604931	7	0.6319041	1.057679	-20.85987	-9.019922	-0.1085024
40.62	7.334731	7.309972	-1.457969	7	0.1370249	0.5943258	-19.56038	-16.13443	-2.315372
40.64	7.525136	7.309972	-0.1605666	7	-0.5200007	-0.3310844	5.87429	-8.332899	1.531261
40.66	6.857729	7.241681	-3.603094	7	-0.02930841	0.1751165	-7.423368	4.980076	-0.9457483
40.68	7.080973	7.241681	-2.104562	7	-0.03355868	0.1805365	4.575188	-3.600075	3.109117
40.7	7.257472	7.241681	-0.9412863	7	0.01619285	-0.1266861	7.501399	0.3388555	1.181861
40.72	7.39909	7.309972	-0.0662753	7	0.05686348	-0.183852	5.714137	1.544963	-0.01285172
40.74	7.269446	7.309972	-0.674343	7	0.2019344	0.1220361	-2.315697	6.812137	-0.7376747
40.76	7.145836	7.309972	-1.214953	7	0.3227399	0.4932619	-7.216381	1.041145	0.2679176
40.78	7.282964	7.309972	-0.3383959	7	0.2022357	0.3454113	-2.808155	-1.63061	1.067769
40.8	7.271804	7.241681	-0.2745928	7	0.1011535	0.1275505	-1.584258	-0.592442	0.03220749
40.82	7.28411	7.309972	-0.1715678	7	0.09623064	0.1440339	-2.753808	1.193817	-0.07313251
40.84	7.370268	7.378261	0.2690094	7	0.05805303	0.1149646	-2.95468	-0.2107625	-0.1098766
40.86	7.221859	7.309972	-0.5136182	7	0.09178826	0.2297361	-6.483377	0.2777868	-0.5372353
40.88	7.22488	7.309972	-0.4586624	7	0.05378244	0.2437297	-4.65872	-0.1038927	0.3900442
40.9	7.265126	7.309972	-0.2189752	7	0.009799175	0.1308212	-2.798782	-0.6840451	0.255373
40.92	7.144907	7.241681	-0.8075668	7	0.05016664	0.1833214	-4.290435	0.2472528	-0.06373787
40.94	7.348576	7.378261	0.2564925	7	0.008636877	0.1008447	-1.309462	-0.164961	0.5937738
40.96	7.222006	7.309972	-0.4323924	7	0.07761216	0.1818758	-5.652317	0.2014509	-0.5844326
40.98	7.157924	7.241681	-0.7036457	7	0.04781976	0.2228041	-4.292352	0.03351232	0.2906275
41	7.178181	7.309972	-0.5796041	7	0.1078986	0.2883093	-4.760141	-0.1954954	0.5017252
41.02	7.27645	7.378261	-0.08082956	7	0.1351773	0.3011224	-5.166901	0.3083211	0.4181767
41.04	7.310477	7.309972	0.1169097	7	0.03382911	0.1347115	-3.457834	-0.05809075	-0.04595661
41.06	7.125398	7.241681	-0.8358548	7	0.08343331	0.2524787	-6.432861	-0.1344267	-0.3297892
41.08	7.159386	7.241681	-0.5848608	7	0.0400913	0.2207734	-3.055723	-0.01228922	0.7451448
41.1	7.208486	7.309972	-0.3263633	7	0.0946905	0.2272157	-3.850718	-0.1496943	0.3559704
41.12	7.235974	7.309972	-0.1797789	7	0.103141	0.2340578	-4.490013	0.1098478	0.1520309
41.14	7.144964	7.241681	-0.6208887	7	0.1141796	0.2811586	-5.63554	0.03351232	0.04166222
41.16	7.337441	7.378261	0.3657882	7	0.06172537	0.1931784	-3.176999	-0.08862512	0.5335598
41.18	7.333915	7.378261	0.2711413	7	0.05892513	0.1645017	-5.70341	0.09458104	-0.5520287
41.2	7.21375	7.309972	-0.3863709	7	0.05108044	0.2500158	-7.218702	-0.02755682	-0.3628311
41.22	7.215827	7.309972	-0.370714	7	0.01186863	0.2259805	-5.093679	-0.3787015	0.3366499
41.24	7.28468	7.378261	-0.05515048	7	0.0233236	0.1933555	-4.682624	-1.874885	0.2172384
41.26	7.218936	7.241681	-0.3626545	7	-0.05254122	0.05996579	-2.806302	-0.01228922	-0.1172981
41.28	7.019387	7.105102	-1.300406	7	-0.03881995	0.0847918	-2.177197	-0.3787015	0.08996296
41.3	7.218306	7.309972	-0.2399185	7	0.02524387	0.1172681	-0.1442747	0.2167185	0.9998808
41.32	7.2599	7.309972	-0.0386035	7	0.08270875	0.1212751	-2.652065	-0.1496943	-0.1070194
41.34	7.244455	7.309972	-0.1340182	7	0.1056517	0.2113981	-4.858095	0.2930544	-0.1800709
41.36	7.259967	7.309972	-0.05498683	7	0.06771387	0.202801	-4.616049	-0.3634343	0.01513672
41.38	7.197402	7.241681	-0.3542712	7	0.01948439	0.1480263	-3.959151	0.06404668	-0.07993507
41.4	7.328774	7.378261	0.2812258	7	0.008926913	0.1195586	-3.13453	-0.02755682	0.1786203
41.42	7.189323	7.241681	-0.4462275	7	-0.002524935	0.110099	-4.530434	0.1403826	-0.4911442
41.44	7.250303	7.309972	-0.1338746	7	-0.02320918	0.1070211	-2.733098	-0.08862512	0.2778759
41.46	7.154594	7.241681	-0.6221611	7	0.01177512	0.1366803	-3.89645	-0.2107625	-0.1138401
41.48	7.147815	7.241681	-0.6169962	7	0.03247579	0.1761867	-3.01495	-0.6382436	0.4231052
41.5	7.257682	7.309972	-0.03823152	7	0.0357849	0.1258857	-2.001851	-0.01228922	0.3911304
41.52	7.303231	7.309972	0.1814772	7	0.008834416	0.05274864	-2.298746	0.06404668	-0.2157612
41.54	7.280755	7.309972	0.029018	7	-0.0009689182	0.07213157	-3.578645	-0.1344267	-0.4245644
41.56	7.191107	7.241681	-0.4273595	7	-0.02252547	0.09231848	-3.588705	0.1098478	-0.2278452
41.58	7.222324	7.309972	-0.2797659	7	0.005882479	0.1408527	-3.376593	-0.01228922	0.2148075
41.6	7.176502	7.241681	-0.4919339	7	0.004873291	0.1214626	-3.067069	0.01824514	0.06275654
41.62	7.275182	7.309972	0.02167176	7	-0.01263903	0.06664873	-1.569437	0.07931343	0.2610464
41.64	7.292131	7.309972	0.08172037	7	-0.01994914	0.02588789	-2.315045	-0.1191595	-0.3104334
41.66	7.17691	7.241681	-0.5155274	7	-0.001287244	0.1011797	-3.841334	-0.02755682	-0.3426409
41.68	7.212754	7.241681	-0.2866326	7	-0.04984818	0.04108937	-1.053321	-0.1191595	0.3122492
41.7	7.171204	7.241681	-0.4925376	7	0.002375081	0.07658418	-2.264925	-0.07335836	-0.0371418
41.72	7.238456	7.241681	-0.1028247	7	-0.04106786	-0.002729457	-0.03606597	0.1861837	0.2308636
41.74	7.27844	7.309972	0.06894878	7	-0.0009894595	0.02271714	-1.802676	-0.1038927	-0.2485943
41.76	7.161524	7.241681	-0.5412323	7	0.04592997	0.1504249	-4.416689	0.06404668	-0.3357687
41.78	7.224542	7.241681	-0.1645728	7	-0.02540327	0.06651123	-1.140045	-0.01228922	0.3860359
41.8	7.255245	7.309972	-0.03916183	7	0.01797608	0.08170177	-2.715621	-0.02755682	-0.1319342
41.82	7.282808	7.309972	0.07937461	7	-0.001003683	0.07407214	-2.920724	-0.04282358	-0.18186
41.84	7.307495	7.309972	0.1791114	7	-0.05158821	0.009637035	-2.337533	-0.02755682	-0.2971735
41.86	7.247097	7.309972	-0.1844489	7	-0.02657765	0.07528542	-4.098903	-0.02755682	-0.437295
41.88	7.246834	7.309972	-0.2056199	7	-0.03663379	0.09338816	-3.425634	0.06404668	-0.01058006
41.9	7.161524	7.241681	-0.6318278	7	-0.02404984	0.1076917	-3.404288	-0.1191595	-0.0280571
41.92	7.169909	7.241681	-0.5461984	7	-0.01834857	0.0971631	-1.797789	0.1098478	0.3917351
41.94	7.247237	7.309972	-0.1471266	7	0.01924004	0.09530043	-1.878153	0.03351232	0.2457304
41.96	7.27121	7.309972	-0.0357393	7	0.02817804	0.09417409	-2.821362	0.03351232	-0.1325159
41.98	7.263312	7.309972	-0.09399213	7	0.02608259	0.1198438	-3.714681	-0.04282358	-0.1988182
42	7.256044	7.309972	-0.1454569	7	0.01368896	0.1302195	-3.891177	0.002977535	-0.1055269
42.02	7.188081	7.241681	-0.4723209	7	-0.011469	0.1087284	-3.302234	-0.04282358	-0.05298901
42.04	7.23072	7.309972	-0.2563941	7	0.01306076	0.1345232	-3.007736	-0.01228922	0.2396765
42.06	7.17394	7.241681	-0.5235648	7	0.02161545	0.1335159	-3.244829	-0.01228922	0.01901054
42.08	7.231309	7.309972	-0.2241323	7	0.04735939	0.1660407	-3.137442	0.002977535	0.2982798
42.1	7.323944	7.378261	0.2127133	7	0.05690734	0.1579773	-3.886497	-0.01228922	0.007129669
42.12	7.263057	7.309972	-0.1260153	7	0.03240723	0.1529001	-5.038164	-0.02755682	-0.3923769
42.14	7.265786	7.309972	-0.1178219	7	-0.01758553	0.1167911	-3.743274	-0.04282358	-0.01974392
42.16	7.279788	7.309972	-0.05858285	7	-0.05690522	0.04014355	-2.577736	-0.07335836	-0.09804821
42.18	7.164464	7.241681	-0.6496636	7	-0.03156054	0.08390668	-3.45916	0.125115	-0.2200184
42.2	7.130607	7.241681	-0.7862812	7	0.01453667	0.1635332	-2.994049	0.04877907	0.4018421
42.22	7.143572	7.241681	-0.6654692	7	0.057374	0.1833372	-2.479885	-0.02755682	0.5311422
42.24	7.195321	7.241681	-0.3393793	7	0.05580724	0.1308066	-1.493768	0.04877907	0.4110184
42.26	7.278769	7.309972	0.09144044	7	0.06678665	0.114553	-2.21423	-0.04282358	0.0626936
42.28	7.368022	7.378261	0.4965193	7	0.04815062	0.1003906	-3.512808	0.04877907	-0.3213778
42.3	7.270838	7.309972	-0.05265598	7	0.02324649	0.1354322	-5.58482	0.01824514	-0.6730738
42.32	7.175257	7.241681	-0.52979	7	-0.02188722	0.1446748	-4.428014	-0.04282358	-0.05886841
42.34	7.309296	7.378261	0.1245835	7	-0.02183411	0.1109704	-2.857881	-0.1191595	0.3482752
42.36	7.17916	7.241681	-0.5475502	7	-0.01771384	0.09480885	-3.986681	0.2167185	-0.3712826
42.38	7.193184	7.241681	-0.4317171	7	-0.04911806	0.06048566	-1.463883	-0.01228922	0.336072
42.4	7.162642	7.241681	-0.5690197	7	0.003473021	0.09018682	-2.139671	0.06404668	0.111949
42.42	7.292941	7.309972	0.1159574	7	-0.014475	0.02995682	-0.5413762	-0.04282358	0.2914028
42.44	7.202511	7.241681	-0.3526989	7	0.01277058	0.05909894	-2.852617	-0.07335836	-0.4495678
42.46	7.358308	7.378261	0.415354	7	-0.008023409	0.05609499	-1.895426	0.03351232	0.1182041
42.48	7.303701	7.309972	0.08895992	7	-0.03641796	0.01459249	-3.367056	-0.07335836	-0.6868858
42.5	7.20295	7.241681	-0.4271963	7	-0.06810935	0.03414285	-3.004352	-0.02755682	-0.3172626
42.52	7.230827	7.309972	-0.2980545	7	-0.03866101	0.07781213	-2.536615	0.384657	0.1638899
42.54	7.219955	7.309972	-0.3714125	7	0.01105558	0.1299202	-3.561313	-0.2718313	0.01781464
42.56	7.196025	7.241681	-0.4524443	7	-0.01630471	0.08620349	-2.18895	-0.07335836	0.1410284
42.58	7.230109	7.309972	-0.280789	7	0.03056324	0.130762	-2.861708	-0.164961	0.1623993
42.6	7.292441	7.309972	0.04732087	7	-0.00368678	0.06178305	-1.936762	0.125115	0.03358364
42.62	7.286898	7.309972	-0.003036603	7	-0.01436534	0.04394498	-2.735062	-0.1954954	-0.3331156
42.64	7.157421	7.241681	-0.66537	7	0.01569232	0.1412212	-4.339975	0.07931343	-0.2545137
42.66	6.944755	7.036813	-1.606156	7	-0.001811184	0.1528549	-2.000774	-0.08862512	0.4715662
42.68	7.203752	7.309972	-0.2206171	7	0.08436234	0.1783171	0.06584454	0.04877907	1.31628
42.7	7.259726	7.309972	0.05573913	7	0.1484867	0.1830146	-3.279348	0.09458104	-0.1009359
42.72	7.323327	7.309972	0.380264	7	0.07614212	0.1305279	-3.29081	0.5067945	-0.2068243
42.74	7.343006	7.378261	0.4001516	7	0.06340138	0.1636557	-5.605321	-0.5466405	-0.5358591
42.76	7.187456	7.241681	-0.4118274	7	0.005284943	0.1711437	-5.959326	0.2930544	-0.4710875
42.78	7.254099	7.309972	-0.07455558	7	-0.04708102	0.1091083	-3.037674	-0.6840451	0.3233643
42.8	7.157641	7.241681	-0.5784364	7	-0.02067146	0.10886	-3.80198	-0.3481672	-0.1514177
42.82	7.268785	7.309972	-0.002566174	7	-0.04546157	0.05200775	-1.354675	-0.05809075	0.3776817
42.84	7.167	7.241681	-0.5358648	7	0.004223771	0.09382636	-3.46622	-0.1038927	-0.3002777
42.86	7.242406	7.309972	-0.146363	7	0.0142301	0.1277804	-2.582002	0.1709169	0.3235369
42.88	7.273864	7.309972	0.0005137026	7	0.00686926	0.08465146	-2.800137	-0.1038927	-0.09487247
42.9	7.189019	7.241681	-0.4289187	7	0.003392246	0.103783	-3.510288	0.01824514	-0.2330236
42.92	7.226649	7.309972	-0.2431993	7	0.02895159	0.1586946	-3.474355	-0.02755682	0.2195883
42.94	7.354296	7.378261	0.3769363	7	-0.0006856602	0.081515	-2.671288	-0.08862512	0.03938866
42.96	7.33559	7.378261	0.199028	7	0.002920013	0.09752627	-4.974298	0.09458104	-0.6167631
42.98	7.344872	7.378261	0.1869411	7	-0.05095584	0.07866451	-4.487076	0.002977535	-0.3570108
43	7.141778	7.241681	-0.8657565	7	-0.04242322	0.1354851	-5.442812	-0.7756482	-0.3926964
43.02	7.220376	7.309972	-0.4328381	7	-0.0521442	0.1132257	-2.076948	-2.668778	0.6768866
43.04	7.278107	7.309972	-0.1278236	7	-0.05731845	0.001628336	-0.9413649	-0.8672513	0.1045637
43.06	7.285151	7.309972	-0.1032417	7	-0.04815064	-0.01150279	-1.496981	0.01824514	-0.2441702
43.08	7.282884	7.309972	-0.1256254	7	-0.04802651	0.002169739	-1.843542	-0.01228922	-0.2437534
43.1	7.154078	7.173392	-0.7258112	7	-0.08078463	-0.02769942	-0.9496596	0.002977535	-0.2086096
43.12	7.26833	7.309972	-0.1238126	7	-0.05075469	-0.01247504	0.2075135	0.03351232	0.3451557
43.14	7.414679	7.446551	0.542575	7	0.007704545	0.02426298	-2.233969	0.04877907	-0.2862129
43.16	7.39535	7.378261	0.3788202	7	-0.04832044	-0.008064212	-3.55055	0.07931343	-0.8344069
43.18	7.280117	7.309972	-0.2474135	7	-0.08996743	0.01388296	-3.922886	-0.1191595	-0.6401529
43.2	7.142768	7.241681	-0.931927	7	-0.0723039	0.08494684	-3.452716	-0.3329004	-0.02855968
43.22	7.320348	7.378261	-0.01269796	7	-0.06913436	0.02764071	-0.4647194	-1.340534	0.6254292
43.24	7.404005	7.378261	0.3819982	7	-0.09900089	-0.1124869	-0.3047863	-0.2565645	-0.4069014
43.26	7.26318	7.309972	-0.3853351	7	-0.05855949	-0.005334143	-3.448824	0.2625196	-0.8133554
43.28	7.325436	7.309972	-0.03487895	7	-0.1464844	-0.09771027	0.3099394	-0.05809075	0.07622623
43.3	7.168661	7.241681	-0.8366477	7	-0.07320482	-0.01763614	-2.023718	-0.1191595	-0.4472256
43.32	7.319994	7.309972	-0.006805561	7	-0.1244396	-0.1091014	2.049635	0.09458104	0.4563465
43.34	7.208045	7.241681	-0.5730927	7	-0.05740863	-0.06897103	-0.7221868	-0.1496943	-0.5369644
43.36	7.262085	7.309972	-0.2748695	7	-0.01970817	0.02285841	-0.7289412	0.002977535	0.1576395
43.38	7.325029	7.309972	0.06825975	7	-0.05028399	-0.05375914	-0.006974161	-0.04282358	-0.1208401
43.4	7.239097	7.241681	-0.3530339	7	-0.05679624	-0.05165164	-1.024951	-0.1038927	-0.4890528
43.42	7.293542	7.309972	-0.06618147	7	-0.05819317	-0.03138543	-0.4712605	0.1098478	-0.02707767
43.44	7.201058	7.241681	-0.5245295	7	-0.03197625	0.01114442	-1.842806	-0.1038927	-0.3307838
43.46	7.271964	7.309972	-0.1439755	7	-0.02537327	0.03206785	-1.000731	-0.02755682	0.1885586
43.48	7.067853	7.105102	-1.098701	7	-0.02969829	0.02230131	-1.266843	-0.05809075	-0.2161055
43.5	7.225436	7.241681	-0.2075336	7	-0.03904826	-0.02206818	2.07117	-0.08862512	0.7504025
43.52	7.280713	7.309972	0.05409706	7	0.04013772	0.01780412	-1.040479	-0.01228922	-0.2537012
43.54	7.339739	7.309972	0.3480079	7	-0.007782718	-0.01138991	-1.269851	0.125115	-0.3563166
43.56	7.207009	7.241681	-0.3498564	7	-0.0009154119	0.06107039	-3.680048	-0.1191595	-0.6429672
43.58	7.251175	7.241681	-0.08195137	7	-0.08782829	-0.02863446	-0.3003035	0.1709169	0.1461887
43.6	7.325908	7.309972	0.2719536	7	-0.1052377	-0.115038	0.1475978	-0.2718313	-0.27635
43.62	7.31826	7.309972	0.177761	7	-0.1073792	-0.112366	-1.062385	0.1709169	-0.652916
43.64	7.310424	7.309972	0.09196438	7	-0.1263468	-0.1023517	-1.191374	-0.04282358	-0.5195274
43.66	7.293322	7.309972	-0.03873249	7	-0.130355	-0.09117104	-1.30804	-0.04282358	-0.4449949
43.68	7.475501	7.51484	0.7592309	7	-0.08683474	-0.03325227	-2.534232	0.1098478	-0.3239498
43.7	7.267771	7.309972	-0.3737585	7	-0.09691593	0.004831055	-5.071969	-0.07335836	-1.07296
43.72	7.195568	7.241681	-0.6998023	7	-0.1601408	-0.02608879	-1.375963	0.002977535	0.1304321
43.74	7.220328	7.241681	-0.518335	7	-0.1738759	-0.1412052	1.826881	-0.2718313	0.2773447
43.76	7.271119	7.309972	-0.2604901	7	-0.09529319	-0.1100428	0.9943261	-0.1496943	-0.03651047
43.78	7.22535	7.241681	-0.4608904	7	-0.06720164	-0.07724737	0.2489672	0.125115	-0.2362919
43.8	7.197777	7.241681	-0.5584638	7	-0.02285162	0.0006226525	-0.4040008	-0.02755682	0.007520676
43.82	7.285607	7.309972	-0.08251113	7	-0.002451586	0.01425727	-0.2791545	-0.07335836	0.152072
43.84	7.262507	7.241681	-0.162111	7	-0.03779427	-0.04995785	-0.2517205	0.2472528	-0.3077164
43.86	7.249566	7.241681	-0.1977875	7	-0.05744418	-0.06121444	-0.05116394	-0.164961	-0.2274761
43.88	7.314811	7.309972	0.128957	7	-0.06022726	-0.0677562	-0.1058889	0.2777868	-0.1974773
43.9	7.269662	7.309972	-0.1415419	7	-0.01685325	0.02096536	-2.714957	-0.2412969	-0.5161171
43.92	7.205302	7.241681	-0.4461693	7	-0.03865043	0.04407585	-2.235312	0.04877907	-0.1337776
43.94	7.283174	7.309972	-0.03936245	7	-0.05080523	0.006569508	-0.8840021	-0.1344267	0.1438322
43.96	7.20205	7.241681	-0.4471999	7	-0.03201203	0.0187704	-2.038429	0.01824514	-0.3157892
43.98	7.28235	7.241681	0.01993895	7	-0.1210689	-0.1223035	1.662837	0.002977535	0.140914
44	7.167636	7.241681	-0.5913349	7	-0.01296205	0.01641656	-2.253562	-0.1038927	-0.4876137
44.02	7.245215	7.241681	-0.1360011	7	-0.06511305	-0.0343258	0.6776375	0.125115	0.3031673
44.04	7.279718	7.309972	0.01190461	7	-0.01370975	-0.005749425	-1.289138	0.01824514	-0.2711134
44.06	7.358928	7.309972	0.4092385	7	-0.08801371	-0.1032972	0.01889694	0.03351232	-0.322649
44.08	7.25342	7.241681	-0.1552367	7	-0.1063944	-0.1072936	-1.30262	0.002977535	-0.7861195
44.1	7.242915	7.309972	-0.2470403	7	-0.05649007	0.02147458	-2.380029	-0.01228922	-0.1835785
44.12	7.268085	7.309972	-0.1310035	7	-0.05582794	0.02105115	-1.910801	-0.08862512	-0.04515934
44.14	7.190068	7.241681	-0.5190613	7	-0.04473716	0.03469326	-2.252467	0.1556493	-0.1833525
44.16	7.299308	7.309972	0.05520993	7	-0.07420675	-0.03140699	-0.03496362	-0.1191595	0.2160063
44.18	7.280537	7.309972	-0.07609114	7	-0.04071594	-0.01488814	-1.945116	0.01824514	-0.4484386
44.2	7.3235	7.309972	0.1370444	7	-0.0920474	-0.06624701	-0.7169732	-0.07335836	-0.2349892
44.22	7.173337	7.241681	-0.6478665	7	-0.0403898	0.03464986	-3.15971	-0.02755682	-0.5106592
44.24	7.189748	7.241681	-0.5116208	7	-0.05297526	0.04115546	-0.8758768	0.01824514	0.3733387
44.26	7.286723	7.309972	-0.005936027	7	-0.04118241	-0.01535108	-0.1683194	-0.01228922	0.1457996
44.28	7.237526	7.241681	-0.2441696	7	-0.04594822	-0.03829853	-0.935581	-0.01228922	-0.3759661
44.3	7.390003	7.378261	0.5018007	7	-0.06460315	-0.06260724	-0.28822	0.03351232	-0.1052284
44.32	7.261574	7.241681	-0.173602	7	-0.09986113	-0.09920596	-1.636418	0.01824514	-0.8753443
44.34	7.309334	7.309972	0.05594889	7	-0.1294699	-0.1000964	-0.211689	-0.04282358	-0.1646204
44.36	7.254987	7.241681	-0.221158	7	-0.1554247	-0.1599054	0.3232458	0.03351232	-0.4637403
44.38	7.20608	7.241681	-0.4678502	7	-0.1171375	-0.09744758	-0.02711445	0.01824514	-0.2224321
44.4	7.264841	7.309972	-0.1745033	7	-0.06598487	-0.03790056	-0.2639115	0.03351232	0.04216766
44.42	7.226652	7.241681	-0.346977	7	-0.0618088	-0.04647281	-0.4979521	-0.01228922	-0.2260618
44.44	7.302072	7.309972	0.04121841	7	-0.06011961	-0.05108906	-0.06065086	0.03351232	-0.0402174
44.46	7.23335	7.241681	-0.301856	7	-0.05918411	-0.04912057	-1.028826	-0.02755682	-0.4384308
44.48	7.285005	7.309972	-0.04270217	7	-0.04964886	-0.01494736	-0.902356	-0.01228922	-0.05634689
44.5	7.249654	7.309972	-0.2520616	7	-0.0005876273	0.06630114	-3.046609	0.01824514	-0.3147745
44.52	7.269906	7.241681	-0.09760214	7	-0.0982981	-0.06481327	0.09088552	0.03351232	-0.009812355
44.54	7.276996	7.309972	-0.09147587	7	-0.05802334	-0.03491941	-1.280389	0.01824514	-0.3099833
44.56	7.247549	7.241681	-0.2205111	7	-0.09640564	-0.07645571	-0.326973	0.06404668	-0.253129
44.58	7.231391	7.241681	-0.2859836	7	-0.09737146	-0.08582976	0.1181333	0.002977535	-0.1725388
44.6	7.247681	7.309972	-0.22725	7	-0.0241797	0.01878743	-1.630135	0.04877907	-0.1250019
44.62	7.219365	7.241681	-0.3423526	7	-0.03844236	0.009035334	-1.213292	-0.04282358	-0.09480476
44.64	7.36342	7.378261	0.3631366	7	-0.03387119	-0.006262262	-0.9712589	0.07931343	0.0034132
44.66	7.224339	7.241681	-0.3595183	7	-0.042355	1.548906e-05	-2.842883	0.002977535	-0.7036581
44.68	7.384429	7.378261	0.4371685	7	-0.0939633	-0.05138236	-0.4437728	-0.04282358	0.08402157
44.7	7.208369	7.241681	-0.4920115	7	-0.07581312	-0.02907183	-2.937131	-0.164961	-0.8195591
44.72	7.189447	7.241681	-0.5519918	7	-0.08473606	0.008505754	-1.021315	0.03351232	0.1986609
44.74	7.204582	7.241681	-0.4353835	7	-0.07049271	-0.02951801	0.1056503	0.002977535	0.1763134
44.76	7.305277	7.309972	0.08489251	7	-0.05926673	-0.06689394	0.5383798	0.125115	0.02289486
44.78	7.352558	7.309972	0.3089121	7	-0.0918586	-0.1366634	0.320003	0.6747335	-0.5016127
44.8	7.276591	7.309972	-0.1349183	7	-0.04835575	-0.02103708	-2.702713	1.529695	-0.7204323
44.82	7.276945	7.241681	-0.0960736	7	-0.1476699	-0.1244039	0.4691681	-1.004656	-0.1537981
44.84	7.172714	7.241681	-0.6416115	7	-0.0707012	-0.02370199	-1.626617	0.2625196	-0.3466043
44.86	7.388169	7.378261	0.4545468	7	-0.1014942	-0.09209646	1.129611	0.01824514	0.2932634
44.88	7.302925	7.309972	-0.03915565	7	-0.07151531	-0.07909204	-2.081624	-0.01228922	-0.9112816
44.9	7.300615	7.309972	-0.06416209	7	-0.1030323	-0.05442889	-1.328855	0.01824514	-0.2902222
44.92	7.299262	7.309972	-0.08782419	7	-0.1182824	-0.0840739	-0.8452078	-0.4855718	-0.3096733
44.94	7.294455	7.309972	-0.1300572	7	-0.1190292	-0.09092534	-0.6922162	-0.5161061	-0.3160286
44.96	7.188453	7.241681	-0.6616013	7	-0.08516991	-0.02820862	-1.476226	0.04877907	-0.2866211
44.98	7.247679	7.241681	-0.2924486	7	-0.1285868	-0.1161275	1.846751	0.07931343	0.2771826
45	7.393632	7.378261	0.4174232	7	-0.09782802	-0.1550821	1.293079	-0.1496943	-0.227644
45.02	7.334467	7.309972	0.07365736	7	-0.0999837	-0.1375149	-0.9098902	0.09458104	-0.8988819
45.04	7.322127	7.309972	-0.006500177	7	-0.1327865	-0.1229482	-0.5079461	-0.04282358	-0.47225
45.06	7.260294	7.309972	-0.3533261	7	-0.09122726	-0.03968892	-1.91615	-0.2107625	-0.4228249
45.08	7.221074	7.241681	-0.5105753	7	-0.1173644	-0.0674161	-0.1116938	0.125115	-0.01968575
45.1	7.270941	7.309972	-0.2473183	7	-0.07728951	-0.05297521	0.06521237	0.01824514	0.05675316
45.12	7.159141	7.173392	-0.7511283	7	-0.07840954	-0.06996896	0.2455114	0.1403826	-0.1992407
45.14	7.406235	7.378261	0.5207139	7	-0.09180748	-0.1369476	2.49785	0.03351232	0.3015404
45.16	7.296021	7.309972	-0.1024708	7	-0.02792015	-0.05565791	-2.408988	0.07931343	-1.044448
45.18	7.335245	7.309972	0.1083805	7	-0.1036958	-0.07848434	-0.4479293	0.03351232	-0.2128906
45.2	7.375212	7.378261	0.2537764	7	-0.1015664	-0.08916923	-1.327923	-0.1802286	-0.520236
45.22	7.248135	7.241681	-0.3920103	7	-0.1466188	-0.118438	-1.059289	0.2167185	-0.63626
45.24	7.29658	7.309972	-0.1421507	7	-0.1539577	-0.1294447	0.6599599	-0.1802286	-0.02526283
45.26	7.202214	7.241681	-0.6149049	7	-0.1083796	-0.0900411	-0.3940425	0.01824514	-0.3496141
45.28	7.229832	7.241681	-0.4170506	7	-0.1117152	-0.1050248	1.502792	0.002977535	0.1711988
45.3	7.241166	7.241681	-0.3193556	7	-0.08856276	-0.1253598	1.568014	-0.04282358	-0.09578323
45.32	7.240938	7.241681	-0.2866919	7	-0.06320527	-0.09926168	1.008244	-0.02755682	-0.1797934
45.34	7.312701	7.309972	0.08203135	7	-0.04334404	-0.07196427	0.3577218	0.01824514	-0.1724892
45.36	7.25441	7.241681	-0.2011136	7	-0.05715819	-0.07204515	-0.5601431	0.01824514	-0.4982548
45.38	7.362886	7.378261	0.3124799	7	-0.04037724	-0.02231674	-1.1729	0.06404668	-0.1778641
45.4	7.429731	7.378261	0.6004421	7	-0.1104919	-0.1248887	-0.9460527	-0.04282358	-0.6584425
45.42	7.306394	7.309972	-0.09283543	7	-0.1279145	-0.09357493	-2.722749	-0.04282358	-0.9762573
45.44	7.211187	7.241681	-0.5660244	7	-0.1598272	-0.08026074	-1.090941	-0.04282358	-0.2364912
45.46	7.188756	7.241681	-0.6472723	7	-0.1330342	-0.07731324	0.3599757	-0.01228922	0.1476059
45.48	7.156994	7.241681	-0.7758362	7	-0.04196531	0.009288721	-0.4569793	0.2167185	0.1729631
45.5	7.224455	7.241681	-0.35795	7	-0.03847764	-0.02967349	1.191366	-0.05809075	0.3610525
45.52	7.306379	7.309972	0.0698043	7	-0.00758944	-0.03614883	0.168709	-0.01228922	-0.1037302
45.54	7.362549	7.309972	0.3546714	7	-0.05878077	-0.1047132	0.1205487	0.04877907	-0.4660835
45.56	7.256557	7.241681	-0.1952921	7	-0.08013502	-0.08650161	-1.296222	0.002977535	-0.751442
45.58	7.275075	7.309972	-0.1181672	7	-0.06593741	-0.01539548	-1.431872	-0.01228922	-0.1547537
45.6	7.343911	7.378261	0.1830474	7	-0.04704086	0.006010025	-2.151608	0.04877907	-0.2258148
45.62	7.30333	7.309972	-0.0486627	7	-0.08332074	-0.03103346	-2.25075	-0.01228922	-0.4962893
45.64	7.284913	7.309972	-0.1602375	7	-0.1015955	-0.03672513	-1.734182	0.002977535	-0.2781668
45.66	7.175247	7.241681	-0.7097977	7	-0.07381148	0.01425216	-2.167421	-0.02755682	-0.2009468
45.68	7.20923	7.241681	-0.4748476	7	-0.08907032	-0.03194511	0.4885471	-0.04282358	0.3632927
45.7	7.22101	7.241681	-0.375523	7	-0.06315247	-0.06432074	0.6911449	0.01824514	0.02398396
45.72	7.231913	7.241681	-0.2835467	7	-0.0442687	-0.05664566	0.4949641	0.002977535	-0.06767654
45.74	7.301101	7.309972	0.06825202	7	-0.02098431	-0.02984457	-0.3168738	0.03351232	-0.1356373
45.76	7.409095	7.378261	0.575779	7	-0.04917248	-0.06889471	-0.8574045	0.002977535	-0.4377794
45.78	7.390265	7.378261	0.3942346	7	-0.07077415	-0.05339272	-3.023049	0.04877907	-0.9245844
45.8	7.227465	7.241681	-0.4484882	7	-0.1264056	-0.04452151	-2.822272	0.01824514	-0.672842
45.82	7.159914	7.241681	-0.7718122	7	-0.1027778	0.01379968	-1.634815	-0.1344267	0.1279573
45.84	7.259786	7.309972	-0.2394175	7	-0.07899809	-0.02056596	0.1783805	0.01824514	0.3983021
45.86	7.246765	7.309972	-0.3212087	7	-0.006232969	0.03765092	-2.002468	0.2014509	-0.1956406
45.88	7.240761	7.241681	-0.2990268	7	-0.05284713	-0.01726111	-0.4258472	0.002977535	-0.005867958
45.9	7.237382	7.241681	-0.2797759	7	-0.06305461	-0.05595249	0.1254659	-0.01228922	-0.09507847
45.92	7.14665	7.173392	-0.6866407	7	-0.04596406	-0.02959486	-0.1874124	0.01824514	-0.1317425
45.94	7.265337	7.309972	-0.06568851	7	0.004317548	0.03033339	-0.2447696	0.04877907	0.2976837
45.96	7.374198	7.378261	0.4478444	7	0.01676379	0.02160114	-1.815732	-0.02755682	-0.2932682
45.98	7.338387	7.309972	0.2327133	7	-0.04865295	-0.02715978	-2.552619	-0.01228922	-0.7306213
46	7.230472	7.241681	-0.322882	7	-0.09497184	-0.02874836	-2.309598	0.01824514	-0.506216
46.02	7.277128	7.309972	-0.09608865	7	-0.1026692	-0.03622258	-0.9488817	-0.07335836	0.01569557
46.04	7.24256	7.309972	-0.308586	7	-0.04705671	0.02560128	-2.57599	-0.01228922	-0.2731848
46.06	7.271864	7.309972	-0.1589118	7	-0.05565484	0.02097728	-1.707622	0.1556493	0.01014137
46.08	7.227757	7.241681	-0.3585562	7	-0.08209959	-0.03840159	-0.8620524	0.002977535	-0.1777744
46.1	7.343359	7.309972	0.2430498	7	-0.1324694	-0.150598	1.509539	-0.05809075	-0.02004623
46.12	7.257224	7.241681	-0.2107456	7	-0.1267165	-0.1636675	0.08301339	-0.04282358	-0.7233219
46.14	7.297493	7.309972	-0.02355788	7	-0.1094509	-0.1053437	0.07546604	0.002977535	-0.2166977
46.16	7.295022	7.309972	-0.06321234	7	-0.09078585	-0.08053522	-0.8207945	0.06404668	-0.4008856
46.18	7.271238	7.309972	-0.2084412	7	-0.06501456	-0.01780595	-1.826909	-0.04282358	-0.324357
46.2	7.219747	7.241681	-0.441811	7	-0.08621982	-0.03432319	-0.8918904	0.002977535	-0.1375637
46.22	7.298441	7.309972	-0.03044999	7	-0.08966568	-0.07146022	0.3158173	0.002977535	0.05089378
46.24	7.292297	7.309972	-0.08406995	7	-0.06353392	-0.05592381	-1.049767	-0.02755682	-0.4048986
46.26	7.288885	7.309972	-0.1136481	7	-0.06141461	-0.02467707	-1.477593	-0.02755682	-0.2904119
46.28	7.299933	7.309972	-0.06315619	7	-0.07993169	-0.04437097	-1.099838	-0.04282358	-0.2444735
46.3	7.282272	7.309972	-0.1700769	7	-0.07222879	-0.02849618	-1.614729	-0.01228922	-0.3160744
46.32	7.239705	7.241681	-0.3555915	7	-0.1112268	-0.07927419	-0.2441054	-0.02755682	-0.1908007
46.34	7.291638	7.309972	-0.09198194	7	-0.09509324	-0.08235259	0.1548244	-0.01228922	-0.0717926
46.36	7.219884	7.241681	-0.443958	7	-0.07690598	-0.06240159	-0.6451096	-0.02755682	-0.3452673
46.38	7.306091	7.309972	0.009823286	7	-0.08370444	-0.07681768	0.5271975	0.06404668	0.04242897
46.4	7.193459	7.241681	-0.5646198	7	-0.02931356	0.001667328	-1.929842	0.01824514	-0.4526701
46.42	7.224116	7.241681	-0.3493315	7	-0.05502302	-0.0122183	0.08936355	-0.04282358	0.2318697
46.44	7.153702	7.173392	-0.6441681	7	-0.04604078	-0.03623233	0.1984102	0.01824514	-0.06122398
46.46	7.322466	7.309972	0.2424953	7	-0.04944625	-0.07771724	1.597398	0.03351232	0.2399826
46.48	7.385932	7.378261	0.4934113	7	-0.01342347	-0.04886953	-1.613743	-0.04282358	-0.6847486
46.5	7.267631	7.241681	-0.1193606	7	-0.08136475	-0.05944993	-2.143654	-0.08862512	-0.7934904
46.52	7.292408	7.309972	-0.01349046	7	-0.1025271	-0.04793319	-1.235378	0.03351232	-0.1847525
46.54	7.266914	7.309972	-0.1800348	7	-0.07899715	-0.01913668	-2.087028	0.03351232	-0.3393259
46.56	7.216755	7.241681	-0.4166718	7	-0.1010258	-0.0410606	-0.9872382	-0.04282358	-0.1425495
46.58	7.204546	7.241681	-0.4519765	7	-0.08663139	-0.04349591	-0.1849539	-0.05809075	0.03869152
46.6	7.183836	7.241681	-0.5328027	7	-0.03312948	0.01031263	-0.7702663	-0.02755682	0.04548836
46.62	7.205544	7.241681	-0.3780124	7	-0.01377122	0.02158673	-0.4036795	0.06404668	0.1673937
46.64	7.234214	7.241681	-0.1919219	7	-0.01734061	-0.0100927	-0.09674614	0.04877907	0.01406384
46.66	7.394677	7.378261	0.5915568	7	-0.02269902	-0.04056128	-0.4520448	0.002977535	-0.1721725
46.68	7.281177	7.241681	-0.007065147	7	-0.08097275	-0.09172524	-1.728845	0.002977535	-0.9309225
46.7	7.310895	7.309972	0.1167021	7	-0.1130256	-0.0799289	-0.9264211	-0.1038927	-0.3023567
46.72	7.206769	7.241681	-0.4319139	7	-0.1003301	-0.04945101	-1.786245	0.01824514	-0.4733038
46.74	7.261832	7.309972	-0.160353	7	-0.08043967	-0.01406386	-0.9498173	0.07931343	0.1000566
46.76	7.225963	7.241681	-0.3276707	7	-0.0885532	-0.0587545	-0.5356912	0.06404668	-0.2029104
46.78	7.304525	7.309972	0.06847587	7	-0.08975413	-0.08169961	0.2223331	-0.08862512	-0.05605793
46.8	7.198315	7.241681	-0.4834165	7	-0.04522047	-0.01123184	-1.950635	0.09458104	-0.4795227
46.82	7.241033	7.241681	-0.2164882	7	-0.0884054	-0.05777837	0.544029	-0.02755682	0.1654348
46.84	7.279401	7.309972	-0.04243959	7	-0.04053134	-0.0310586	-0.8176349	-0.01228922	-0.2057772
46.86	7.328596	7.309972	0.1977941	7	-0.07392365	-0.07436787	-0.4696882	0.06404668	-0.3098612
46.88	7.321318	7.309972	0.125595	7	-0.0936352	-0.08999005	-1.134869	-0.01228922	-0.5692472
46.9	7.366915	7.378261	0.2904372	7	-0.09418	-0.0611595	-1.875583	0.002977535	-0.4804525
46.92	7.286072	7.309972	-0.1667913	7	-0.1070073	-0.04365566	-2.673098	0.01824514	-0.6248083
46.94	7.165515	7.241681	-0.773735	7	-0.08782803	0.02700705	-2.575978	0.03351232	-0.15518
46.96	7.16823	7.241681	-0.7051623	7	-0.06731553	0.03075023	-0.6002834	-0.01228922	0.4385176
46.98	7.302449	7.309972	0.01282936	-7	-0.06833744	-0.06473054	-67.49268	0.06404668	-18.28868
47	7.167045	7.173392	-0.6351675	-7	-1.427533	-0.06952394	-80.48283	0.3083211	-15.87819
47.02	6.416886	7.241681	-4.873744	-7	-2.154633	0.1275643	-94.52332	-1.661144	-14.86921
47.04	5.894634	7.241681	-7.881331	-7	-2.596651	0.3139521	-92.71031	-8.393969	-10.31266
47.06	5.942238	7.309972	-7.861004	-7	-2.969598	-0.1402484	-78.74721	-20.60771	-7.626138
47.08	5.889507	7.309972	-8.419652	-7	-3.012222	-0.4170398	-74.48958	-30.4703	-8.416862
47.1	7.837397	8.675765	0.7938609	-7	-3.426769	-1.438577	-58.06867	-43.18786	-8.151624
47.12	7.57496	7.856288	-1.421815	-7	-4.266222	-2.85854	-60.04483	-45.4932	-18.17223
47.14	8.629292	8.744054	2.781129	-7	-5.225367	-3.977035	-42.83194	-28.79092	-16.29165
47.16	5.71462	6.353915	-12.6627	-7	-5.624818	-4.144217	-51.44424	11.33122	-21.66847
47.18	6.470862	7.583131	-8.996189	-7	-5.492155	-3.788943	-17.88195	-2.745114	-6.405684
47.2	6.437189	7.583131	-9.583754	-7	-4.669558	-3.533106	-27.19552	-20.14969	-11.57006
47.22	6.521772	7.036813	-8.921521	-7	-4.789436	-3.989534	-11.44355	-32.80618	-10.52857
47.24	6.267498	6.422206	-9.707291	-7	-5.056496	-4.845254	5.068136	-25.11152	-11.86698
47.26	6.49647	6.695365	-8.208163	-7	-4.895516	-5.001801	10.52981	19.31595	-11.77918
47.28	6.475152	6.968522	-8.2884	-7	-4.270861	-4.217973	-6.382236	17.77397	-13.38232
47.3	7.218747	7.583131	-4.594301	-7	-4.043821	-3.774266	-13.7051	3.651833	-12.40277
47.32	5.978863	6.080756	-10.46745	-7	-4.452148	-4.146164	-14.17871	1.941909	-15.65692
47.34	6.517673	6.763654	-7.323131	-7	-4.596355	-4.298632	1.930961	-2.607709	-9.852886
47.36	4.576088	5.056413	-16.38538	-7	-4.384984	-4.116205	-4.725866	-2.943587	-13.59327
47.38	5.743049	5.807599	-9.230105	-7	-4.605514	-4.754947	33.44944	-1.951221	-4.177886
47.4	3.346301	3.827197	-20.09764	-7	-3.862077	-4.245433	12.81938	-0.4397703	-12.66254
47.42	3.707531	3.895488	-16.06438	-7	-3.76578	-4.211175	48.39259	8.293053	-0.6083689
47.44	5.932878	5.739308	-3.748338	-7	-3.092577	-4.529883	44.35252	8.430458	-5.610696
47.46	5.324696	4.441804	-5.946884	-7	-3.425252	-5.076496	24.13267	14.87321	-17.08284
47.48	4.202518	4.168647	-10.8385	-7	-3.254162	-3.839706	4.338124	21.10221	-13.82058
47.5	3.176786	3.827197	-14.94164	-7	-2.749026	-2.468064	-5.494745	-2.500839	-7.878337
47.52	2.180613	2.461404	-17.88491	-7	-2.969459	-2.85972	20.3601	-9.386334	-3.032722
47.54	3.439799	3.554038	-9.817188	-7	-2.649012	-3.286754	37.7541	-2.577175	-0.8396749
47.56	2.422741	2.256536	-13.35036	-7	-2.434444	-3.465952	25.43734	13.19382	-9.04178
47.58	2.175579	2.188245	-12.82575	-7	-2.229005	-2.944013	27.62368	26.44572	-4.55155
47.6	0.9323061	0.9590311	-16.97587	-7	-2.078562	-2.796574	29.34442	5.606031	-4.664736
47.62	1.668178	1.983377	-11.4495	-7	-1.383909	-2.012758	28.05294	11.68237	-0.09464741
47.64	0.8207731	0.6175833	-13.65796	-7	-1.421319	-2.31935	25.76406	5.49916	-4.849178
47.66	0.7199481	0.6858721	-12.17334	-7	-1.253522	-2.021033	27.42928	18.76634	-2.042421
47.68	0.4670224	0.3444233	-11.53875	-7	-1.146323	-1.990987	25.63858	3.086947	-3.020019
47.7	0.09481932	0.3444233	-11.80154	-7	-0.6289287	-1.123531	9.733768	9.728168	-3.037016
47.72	-0.9254801	-1.02137	-14.68279	-7	-0.9332948	-1.380362	20.62928	3.254886	-1.526326
47.74	-1.139077	-0.9530802	-13.61527	-7	-0.6399652	-1.141343	25.718	5.804504	1.333626
47.76	-0.8479386	-1.08966	-10.01984	-7	-0.6719195	-1.613977	35.13717	8.399923	0.6676741
47.78	-1.747608	-1.362819	-12.97701	-7	0.16346	-0.3755592	5.162787	12.14038	-2.737058
47.8	-2.752186	-2.728612	-15.52439	-7	-0.1119456	-0.390745	20.16063	10.09458	2.11238
47.82	-1.625675	-1.362819	-7.998246	-7	0.4170701	-0.05446239	20.10299	0.07931343	4.527035
47.84	-2.775862	-3.070061	-11.75156	-7	0.1468566	-0.6022647	15.74677	11.6213	-2.264896
47.86	-3.054178	-3.13835	-11.05553	-7	0.07244578	-0.4999395	23.91003	13.7129	2.105733
47.88	-2.723589	-3.411509	-7.236271	-7	-0.472142	-1.697492	45.35903	2.048779	1.584902
47.9	-4.13845	-3.479798	-13.1869	-7	0.8911979	0.4262747	-3.298429	8.002976	-2.680242
47.92	-4.901357	-5.118752	-14.26676	-7	0.1830877	-0.130006	31.90229	2.567863	5.956626
47.94	-5.896173	-5.460199	-16.84758	-7	0.9118804	0.4104509	28.43512	3.315955	5.986268
47.96	-5.523952	-5.733358	-12.07243	-7	0.913957	-0.1116299	52.36406	-5.096259	9.444088
47.98	-5.905486	-6.143096	-11.54471	-7	1.367339	-0.06476454	43.15592	14.7358	4.419419
48	-4.684626	-5.118752	-3.442282	-7	1.615752	0.1843269	37.40091	14.03351	5.054342
48.02	-6.478225	-6.416255	-10.93245	-7	2.135763	1.417911	-4.273732	24.06405	-2.060426
48.04	-4.976345	-5.460199	-1.439793	-7	1.424754	0.9060168	23.07368	7.621297	7.710772
48.06	-7.693669	-7.50889	-13.66216	-7	1.731264	1.451732	-10.47263	6.873206	-2.476392
48.08	-7.560649	-7.850338	-10.29395	-7	0.8966643	0.6420934	39.93154	-12.4703	11.49676
48.1	-7.572937	-7.099152	-8.846206	-7	2.042108	1.456296	16.54128	9.667099	6.423074
48.12	-6.061365	-6.211386	0.1004324	-7	2.194914	1.564497	13.18509	-14.48557	6.687613
48.14	-9.4772	-8.123497	-16.28448	-7	3.653366	4.55771	-61.13266	22.18618	-1.54588
48.16	-7.243441	-7.4406	-2.437177	-7	2.128087	2.874552	16.42601	1.544963	18.42937
48.18	-10.11579	-9.079553	-15.6803	-7	3.284295	3.813492	-36.03636	6.537329	1.679306
48.2	-8.629549	-8.806395	-5.48454	-7	2.203123	2.489619	28.09905	-13.01992	17.6156
48.22	-9.028818	-8.191787	-6.609054	-7	3.602813	3.635502	-21.49047	11.04115	5.17417
48.24	-9.55576	-10.17219	-6.844258	-7	2.222534	2.054638	17.7176	-10.02756	9.055021
48.26	-10.09832	-9.421001	-8.297234	-7	3.175059	3.266512	-7.632265	14.91901	7.86289
48.28	-8.582938	-9.147842	1.093171	-7	2.357799	1.884103	24.03687	0.5220616	10.96661
48.3	-9.529599	-9.62587	-2.944348	-7	2.625671	2.104777	-7.744482	16.50679	0.6157026
48.32	-8.906732	-9.421001	1.297929	-7	1.868438	1.545322	11.11488	5.835038	6.286068
48.34	-11.30981	-10.44535	-10.30177	-7	2.851968	3.40065	-34.10778	6.644199	1.412808
48.36	-9.821774	-10.03561	-1.025375	-7	1.880764	2.188004	22.2021	-14.80618	15.18274
48.38	-10.68673	-10.03561	-4.962392	-7	2.975507	3.059341	-18.97982	-2.699312	3.779795
48.4	-9.075605	-9.69416	4.331955	-7	1.950685	1.713898	17.58181	-7.661144	9.850344
48.42	-11.51909	-10.7185	-7.884233	-7	3.046834	3.465688	-40.48167	9.361755	-0.8221035
48.44	-10.33112	-10.85508	-0.1332474	-7	1.588984	1.819051	25.34206	-4.088625	14.05849
48.46	-11.83181	-10.7185	-7.54644	-7	3.240474	3.663555	-30.71571	3.407558	3.620245
48.48	-9.78371	-10.78679	4.515503	-7	1.518662	1.153424	39.81895	-6.027556	13.81247
48.5	-11.98688	-10.65022	-7.078538	-7	3.738727	4.144774	-51.04053	12.7816	-1.120625
48.52	-9.909472	-10.7185	5.004497	-7	1.857552	2.063026	23.04323	-2.92832	14.71315
48.54	-11.8995	-10.7185	-5.503675	-7	3.592584	4.211856	-53.31695	10.09458	-0.4664745
48.56	-9.63019	-9.69416	6.660687	-7	2.620105	3.49629	-10.79348	-16.66878	13.54902
48.58	-12.00294	-9.69416	-6.536545	-7	5.02138	7.265585	-114.854	11.33122	-0.3206701
48.6	-9.362746	-10.03561	8.224661	-7	2.111032	3.700324	-10.09528	-9.096258	17.53082
48.62	-11.68669	-10.03561	-4.634624	-7	3.775254	5.498138	-91.23155	7.102213	-1.917507
48.64	-9.478611	-10.37706	7.729871	-7	1.051941	2.026735	9.164438	-11.09626	14.43476
48.66	-11.7145	-10.37706	-4.627351	-7	2.724802	3.798613	-63.51026	2.69	-2.48786
48.68	-8.553765	-9.421001	11.92682	-7	0.7149701	1.140982	19.06533	-7.73748	12.99681
48.7	-10.87985	-9.762449	-1.437714	-7	2.400007	3.169257	-68.11385	-0.2870984	-7.240499
48.72	-7.962937	-8.806395	13.38974	-7	0.3642144	0.959546	7.089128	-6.882518	9.760536
48.74	-10.7018	-10.03561	-1.876145	-7	1.246021	1.922441	-55.25995	1.560229	-8.578617
48.76	-8.701672	-9.079553	8.215091	-7	-0.09908396	0.6276964	7.892268	-10.51611	9.040174
48.78	-10.56276	-9.421001	-2.569626	-7	1.371214	2.312384	-51.72958	0.384657	-4.009149
48.8	-7.76533	-8.464945	11.58337	-7	-0.2034879	0.1642612	17.50535	-7.386334	9.210485
48.82	-11.01188	-9.762449	-6.268244	-7	1.48445	2.405121	-62.68722	-4.455037	-8.129406
48.84	-9.198921	-10.1039	4.083125	-7	-0.7612951	-0.3816092	41.2807	-1.14206	12.98446
48.86	-11.13926	-9.147842	-7.130785	-7	2.299514	3.193627	-55.30973	-6.363434	-2.053665
48.88	-7.727564	-9.147842	11.29876	-7	-0.2331744	-0.4655347	50.18827	-2.943587	13.57171
48.9	-8.951351	-8.055207	3.118824	-7	1.935196	1.869647	-51.80777	0.125115	-9.497038
48.92	-8.053729	-9.421001	8.122329	-7	-0.5636396	-0.600901	19.02921	6.827405	3.098329
48.94	-9.380278	-8.464945	-0.09931326	-7	0.9232336	1.445793	-41.81152	-10.27183	-5.400789
48.96	-6.804709	-7.50889	12.54088	-7	-0.4337494	-0.222451	10.87466	-10.51611	5.332508
48.98	-9.660236	-8.738104	-3.465967	-7	0.7984164	1.594598	-58.64737	-16.34817	-9.823332
49	-7.250444	-8.738104	9.477581	-7	-1.930897	-2.069444	52.48815	4.537329	8.875168
49.02	-9.592458	-8.738104	-3.898077	-7	0.05159563	-0.100841	-23.89323	-17.76801	-9.229334
49.04	-8.897423	-9.079553	0.09418869	-7	-0.6405381	-0.3891916	24.93957	-36.63824	7.351894
49.06	-9.006721	-7.850338	-1.369406	-7	1.236864	1.677815	-23.93654	4.827404	1.182806
49.08	-7.402823	-7.782049	6.801271	-7	0.4770259	0.5928708	5.079595	-27.5848	4.972014
49.1	-6.118383	-7.782049	12.92728	-7	-1.112004	-2.473777	33.05867	19.37702	-4.489512
49.12	-8.416345	-8.806395	0.2370293	-7	-0.9346685	-1.649313	-5.19599	5.346488	-12.15903
49.14	-8.230524	-8.464945	1.042828	-7	-1.291701	-1.377424	22.85028	20.5984	1.788385
49.16	-9.029802	-8.533236	-3.436518	-7	-0.3169987	-0.3382384	4.155796	-18.05809	-0.3990755
49.18	-7.853322	-8.533236	2.993234	-7	-0.9754568	-1.690281	45.88825	-12.74511	4.90859
49.2	-7.938145	-8.123497	2.055738	-7	-0.22702	-1.243351	19.26962	5.835038	-3.310538
49.22	-8.635499	-9.147842	-1.194014	-7	-0.5023473	-1.253828	25.99367	6.857939	-1.160623
49.24	-9.522218	-9.079553	-5.52477	-7	0.4111722	0.248116	8.558607	14.39992	1.733156
49.26	-9.919155	-10.1039	-6.262295	-7	0.1908374	-0.2133503	36.83058	-8.806182	6.981344
49.28	-8.954249	-8.806395	-0.8417964	-7	1.093524	0.3526269	29.36726	5.300688	6.686585
49.3	-9.208817	-9.762449	-1.281612	-7	0.9646125	-0.07951498	28.50448	9.132748	2.026512
49.32	-9.311096	-9.421001	-1.282333	-7	1.361957	0.6837586	14.76624	24.43046	2.697039
49.34	-9.443992	-9.421001	-1.44083	-7	1.640424	1.345172	4.015804	11.5755	3.54014
49.36	-9.403616	-9.421001	-0.6869611	-7	1.674	1.554857	1.329952	4.47626	4.377524
49.38	-8.877538	-9.079553	2.334802	-7	1.509936	1.297534	2.685579	2.094581	3.91434
49.4	-8.852739	-9.079553	2.528547	-7	1.344273	1.145237	-4.831291	3.850306	0.9596338
49.42	-8.877567	-9.079553	2.410817	-7	1.05597	1.03161	-5.9032	4.995344	1.107673
49.44	-9.150658	-9.147842	0.9595837	-7	0.9583331	1.124355	-9.340914	-0.9893887	1.224297
49.46	-9.068504	-9.079553	1.381222	-7	0.7893281	0.9814326	-3.84685	-3.676411	2.768888
49.48	-9.114935	-9.147842	1.120612	-7	0.6966034	0.7707987	-1.603802	-4.821449	2.073351
49.5	-8.884121	-9.079553	2.284555	-7	0.4830293	0.3707559	5.749116	-1.325266	2.201418
49.52	-8.978953	-9.011263	1.593027	-7	0.596199	0.494958	-0.6025462	-0.6382436	0.682724
49.54	-10.49199	-10.44535	-5.598411	-7	0.4817216	0.5893147	3.341394	0.7816037	1.618459
49.56	-8.080526	-8.123497	6.616096	-7	0.6837361	0.4392332	22.15714	-1.325266	8.575958
49.58	-7.918537	-8.191787	6.625246	-7	0.9611977	0.4033806	-10.17775	-0.01228922	-4.213231
49.6	-8.675404	-9.147842	2.565863	-7	0.2355751	0.1824306	-7.49029	11.10221	-2.886292
49.62	-11.05717	-10.37706	-9.329847	-7	0.6553079	1.447501	-19.11583	-3.325266	0.775032
49.64	-9.233092	-9.352711	0.8511876	-7	0.1609449	0.253773	37.37029	-19.72221	13.07156
49.66	-9.253722	-9.352711	0.7193502	-7	0.8049937	-0.007969655	16.63961	-6.378701	0.6496029
49.68	-8.681056	-9.421001	3.939175	-7	0.3364539	-0.5951319	28.94473	4.20145	1.845747
49.7	-9.375188	-9.48929	0.2295236	-7	0.7744058	0.1829373	4.106834	-0.05809075	-1.873883
49.72	-8.97884	-9.48929	2.54276	-7	0.2981744	-0.2014943	21.41962	1.07168	2.933964
49.74	-9.323084	-9.421001	0.6627124	-7	0.6196387	0.1613415	7.132162	-7.706945	-0.1357841
49.76	-9.132657	-9.48929	1.811967	-7	0.3719522	-0.05227448	16.86412	3.407558	2.387061
49.78	-9.376209	-9.421001	0.4940202	-7	0.6633037	0.3248954	6.322013	-4.149693	0.8161793
49.8	-9.260745	-9.48929	1.241015	-7	0.5402586	0.2346553	12.56146	3.911374	2.623656
49.82	-9.199851	-9.421001	1.584857	-7	0.5600044	0.1491294	11.77106	-2.302366	1.624273
49.84	-9.277983	-9.421001	1.177043	-7	0.6475728	0.3243291	7.646865	1.621299	1.337229
49.86	-9.111001	-9.421001	2.107019	-7	0.474327	0.08657291	13.06658	0.1098478	1.939738
49.88	-9.131966	-9.352711	1.91804	-7	0.5128531	0.1082761	9.267283	-0.6535107	0.7701302
49.9	-9.190714	-9.352711	1.550447	-7	0.5371586	0.2537603	6.900905	0.1861837	1.116331
49.92	-9.275753	-9.48929	1.161428	-7	0.4409079	0.1575655	9.850679	-0.3176328	1.571687
49.94	-9.281816	-9.48929	1.178445	-7	0.4126402	0.06711455	12.44055	-0.3176328	1.809598
49.96	-9.31311	-9.48929	1.048057	-7	0.4709519	0.09976246	12.05492	0.04877907	1.680367
49.98	-9.199179	-9.421001	1.655979	-7	0.4823658	0.07677464	13.07122	0.1861837	1.843407
50	-9.158902	-9.421001	1.854691	-7	0.4693615	0.02246478	12.4172	0.002977535	1.211498
50.02	-9.209248	-9.421001	1.562891	-7	0.4965425	0.108649	10.07124	-0.164961	1.043743
50.04	-9.197999	-9.421001	1.617196	-7	0.4648517	0.1086535	10.76926	0.1098478	1.433203
50.06	-9.184863	-9.421001	1.674538	-7	0.4327337	0.05280581	11.46393	0.01824514	1.341443
50.08	-9.133837	-9.352711	1.879884	-7	0.4413298	0.06164905	10.82122	-0.08862512	1.245085
50.1	-9.217831	-9.421001	1.416385	-7	0.4431678	0.09525702	9.705193	-0.02755682	1.061555
50.12	-9.195197	-9.421001	1.538682	-7	0.399088	0.0452755	11.83192	0.06404668	1.557199
50.14	-9.238385	-9.421001	1.29681	-7	0.4437174	0.08571731	10.76811	0.01824514	1.333174
50.16	-9.284607	-9.48929	1.104259	-7	0.4349499	0.07641467	12.00806	-0.04282358	1.620934
50.18	-9.267762	-9.48929	1.245512	-7	0.4346203	0.03314923	13.5284	0.002977535	1.761183
50.2	-9.209709	-9.421001	1.547795	-7	0.4852928	0.06319056	12.65876	0.09458104	1.567041
50.22	-9.174499	-9.421001	1.730055	-7	0.4798229	0.05210798	12.15738	-0.04282358	1.322625
50.24	-9.241343	-9.48929	1.409452	-7	0.453504	0.03978658	11.86671	-0.05809075	1.167618
50.26	-9.196902	-9.421001	1.634847	-7	0.4573324	0.06110157	12.06485	0.06404668	1.494913
50.28	-9.193366	-9.421001	1.637336	-7	0.4605075	0.06204196	11.41247	-0.01228922	1.265925
50.3	-9.200872	-9.421001	1.583534	-7	0.458307	0.07923366	11.00896	-0.01228922	1.290266
50.32	-9.199219	-9.421001	1.581646	-7	0.4460582	0.07263394	11.20069	-0.04282358	1.35711
50.34	-9.209977	-9.421001	1.512494	-7	0.4489602	0.08063547	11.00073	0.03351232	1.345229
50.36	-9.217483	-9.421001	1.464883	-7	0.4558144	0.09634721	10.91935	0.04877907	1.418835
50.38	-9.285028	-9.48929	1.14835	-7	0.4514734	0.09348479	11.33073	-0.07335836	1.46788
50.4	-9.277925	-9.48929	1.233356	-7	0.4495253	0.07076067	12.75969	0.002977535	1.764466
50.42	-9.186836	-9.421001	1.709892	-7	0.461268	0.03514199	13.19218	-0.01228922	1.62751
50.44	-9.196362	-9.421001	1.638328	-7	0.4905414	0.07347027	11.20794	-0.04282358	1.14719
50.46	-9.185845	-9.421001	1.684446	-7	0.4684989	0.08099751	11.17371	0.03351232	1.308271
50.48	-9.222126	-9.421001	1.476136	-7	0.4844273	0.1287091	10.01423	0.002977535	1.259007
50.5	-9.21092	-9.421001	1.532768	-7	0.4652633	0.1192239	10.741	-0.01228922	1.512975
50.52	-9.215099	-9.421001	1.502189	-7	0.4649165	0.1089822	10.72399	0.06404668	1.420463
50.54	-9.280754	-9.48929	1.193197	-7	0.4525722	0.09561214	11.22472	-0.07335836	1.448646
50.56	-9.214617	-9.421001	1.541484	-7	0.4629778	0.08988542	12.10445	0.1098478	1.731774
50.58	-9.232223	-9.421001	1.434688	-7	0.5089672	0.1400457	10.37272	0.01824514	1.355475
50.6	-9.178843	-9.421001	1.721074	-7	0.462883	0.0821505	11.77264	-0.01228922	1.543731
50.62	-9.193753	-9.421001	1.624881	-7	0.4601836	0.06968954	11.00091	0.01824514	1.194703
50.64	-9.192409	-9.421001	1.62005	-7	0.4404349	0.06235287	11.2692	0.03351232	1.318739
50.66	-9.209076	-9.421001	1.516821	-7	0.4436959	0.07403108	10.96927	0.01824514	1.304515
50.68	-9.221003	-9.421001	1.444485	-7	0.453684	0.0978588	10.83428	0.03351232	1.415077
50.7	-9.200662	-9.421001	1.549817	-7	0.4390683	0.06761009	11.63918	-0.02755682	1.49074
50.72	-9.209538	-9.421001	1.493479	-7	0.4497671	0.07174954	11.26603	0.002977535	1.348383
50.74	-9.274875	-9.48929	1.188543	-7	0.4410484	0.0683389	11.69328	-0.02755682	1.419708
50.76	-9.197516	-9.421001	1.599437	-7	0.4415919	0.04497817	12.88767	0.01824514	1.703552
50.78	-9.263651	-9.48929	1.279993	-7	0.4539869	0.04153642	12.06882	-0.01228922	1.251184
50.8	-9.189561	-9.421001	1.669102	-7	0.4540244	0.04504672	12.77916	-0.01228922	1.60798
50.82	-9.19578	-9.421001	1.618452	-7	0.4738829	0.06385614	11.36799	0.01824514	1.197923
50.84	-9.145754	-9.352711	1.82788	-7	0.4935564	0.1245285	10.17861	0.04877907	1.311401
50.86	-9.130272	-9.352711	1.858027	-7	0.4709265	0.1173477	9.585588	0.04877907	1.153573
50.88	-9.206593	-9.421001	1.447387	-7	0.4350449	0.1022285	9.647399	0.06404668	1.134977
50.9	-9.29891	-9.48929	1.004907	-7	0.4184269	0.09733684	10.91467	-0.05809075	1.521332
50.92	-9.229324	-9.421001	1.382545	-7	0.4367076	0.0785221	12.53584	-0.01228922	1.899179
50.94	-9.282577	-9.48929	1.143593	-7	0.4618002	0.0678356	12.1556	0.04877907	1.464255
50.96	-9.083057	-9.352711	2.165014	-7	0.4306715	-0.01583178	14.15106	0.002977535	1.728159
50.98	-9.173386	-9.421001	1.655334	-7	0.450986	0.005371368	10.89914	0.01824514	0.633544
51	-9.235392	-9.48929	1.367792	-7	0.3913561	-0.003353671	12.39516	0.04877907	1.272997
51.02	-9.1829	-9.421001	1.634954	-7	0.389048	-0.02994194	13.38905	0.09458104	1.481478
51.04	-9.212469	-9.421001	1.45701	-7	0.4374627	0.028662	11.67762	-0.05809075	1.17389
51.06	-9.277218	-9.48929	1.156629	-7	0.4390839	0.05942129	11.93031	0.01824514	1.428479
51.08	-9.222788	-9.421001	1.448117	-7	0.4711482	0.09019215	12.20469	0.125115	1.718186
51.1	-9.209524	-9.421001	1.517207	-7	0.4937736	0.102287	11.38304	0.06404668	1.429987
51.12	-9.191666	-9.421001	1.613478	-7	0.480563	0.09210758	11.38199	-0.02755682	1.404956
51.14	-9.214634	-9.421001	1.486031	-7	0.4918184	0.1244172	10.41681	-0.04282358	1.310019
51.16	-9.206088	-9.421001	1.53359	-7	0.4747682	0.1169849	10.86042	0.01824514	1.478556
51.18	-9.220647	-9.421001	1.452676	-7	0.4821768	0.1285736	10.4567	0.002977535	1.40958
51.2	-9.365231	-9.557581	0.7775428	-7	0.47283	0.1351296	10.93601	-0.05809075	1.506896
51.22	-9.225004	-9.421001	1.533286	-7	0.4904533	0.1231065	12.9149	-0.01228922	2.158626
51.24	-9.193759	-9.421001	1.686924	-7	0.5124483	0.09503943	11.55486	0.07931343	1.342344
51.26	-9.139928	-9.352711	1.914613	-7	0.5308095	0.1543863	9.78743	0.06404668	1.25774
51.28	-9.259634	-9.48929	1.316091	-7	0.4763188	0.1289627	9.712087	-0.01228922	1.108364
51.3	-9.210536	-9.421001	1.573028	-7	0.4520348	0.1082843	11.33137	-0.02755682	1.690022
51.32	-9.19143	-9.421001	1.658052	-7	0.4388665	0.0521547	11.61871	-0.01228922	1.361412
51.34	-9.183308	-9.421001	1.681539	-7	0.4221077	0.02471463	11.78343	0.04877907	1.259505
51.36	-9.289839	-9.48929	1.139168	-7	0.4405251	0.0735533	10.92237	0.04877907	1.221325
51.38	-9.261978	-9.421001	1.282869	-7	0.4957955	0.1669779	10.76653	-0.07335836	1.794461
51.4	-9.290677	-9.48929	1.179774	-7	0.4962277	0.1420423	11.33225	-0.02755682	1.671422
51.42	-9.177245	-9.421001	1.784521	-7	0.469583	0.06289086	12.98541	0.1098478	1.757208
51.44	-9.191363	-9.421001	1.684753	-7	0.4897299	0.07408284	11.00562	-0.01228922	1.092041
51.46	-9.208456	-9.421001	1.579193	-7	0.4883113	0.1244999	10.2318	-0.02755682	1.277622
51.48	-9.20664	-9.421001	1.579403	-7	0.4693708	0.117421	10.53459	0.04877907	1.411585
51.5	-9.199959	-9.421001	1.60315	-7	0.4490763	0.08556581	11.00024	0.03351232	1.391666
51.52	-9.183028	-9.421001	1.678566	-7	0.4195529	0.03320841	11.77141	0.002977535	1.340635
51.54	-9.190303	-9.421001	1.618605	-7	0.4127378	0.01861133	11.69798	0.03351232	1.223194
51.56	-9.204888	-9.421001	1.522795	-7	0.4197725	0.03807537	11.46625	0.09458104	1.278022
51.58	-9.225248	-9.421001	1.402696	-7	0.4438588	0.0818036	10.99558	0.03351232	1.378002
51.6	-9.311415	-9.48929	0.988876	-7	0.4690631	0.1302601	10.78697	0.04877907	1.517112
51.62	-9.238107	-9.421001	1.390101	-7	0.4954789	0.1466118	11.7649	-0.05809075	1.942042
51.64	-9.231851	-9.421001	1.425074	-7	0.5340161	0.1685776	10.51112	0.03351232	1.516541
51.66	-9.215074	-9.421001	1.522587	-7	0.5293958	0.175817	10.35624	-0.01228922	1.548083
51.68	-9.213381	-9.421001	1.534664	-7	0.5198177	0.1698982	10.10359	0.03351232	1.462332
51.7	-9.193053	-9.421001	1.643696	-7	0.4833761	0.1218708	10.80075	-0.02755682	1.461478
51.72	-9.250532	-9.421001	1.326514	-7	0.5224268	0.1969219	8.984309	-0.05809075	1.317672
51.74	-9.257002	-9.48929	1.348456	-7	0.4504912	0.1049587	11.74644	-0.04282358	1.712295
51.76	-9.213469	-9.421001	1.567218	-7	0.4704082	0.08899724	11.7269	0.03351232	1.564452
51.78	-9.198519	-9.421001	1.632497	-7	0.4730211	0.08412632	11.28124	-0.02755682	1.35433
51.8	-9.284634	-9.48929	1.206397	-7	0.4766826	0.1143053	10.66662	0.01824514	1.308849
51.82	-9.206351	-9.421001	1.619444	-7	0.4678179	0.09916499	12.00241	-0.04282358	1.757576
51.84	-9.124816	-9.352711	1.988446	-7	0.4790385	0.07974035	11.05107	0.01824514	1.294233
51.86	-9.234198	-9.48929	1.433675	-7	0.4221383	0.02993536	11.05194	0.01824514	0.9677391
51.88	-9.198417	-9.421001	1.607771	-7	0.4109107	0.03278298	12.11145	0.01824514	1.50039
51.9	-9.224586	-9.421001	1.445721	-7	0.4481928	0.07422951	10.93106	0.1098478	1.277054
51.92	-9.282368	-9.48929	1.177951	-7	0.4417203	0.08082528	11.5656	-0.01228922	1.489163
51.94	-9.391129	-9.557581	0.6871635	-7	0.4843503	0.1401295	11.5971	0.01824514	1.727129
51.96	-9.295714	-9.48929	1.250207	-7	0.5104554	0.1312747	13.44636	-0.02755682	2.229101
51.98	-9.224817	-9.421001	1.615507	-7	0.5793921	0.1709706	11.36502	0.06404668	1.617852
52	-9.183537	-9.421001	1.827052	-7	0.5611439	0.1676162	10.46541	0.09458104	1.370644
52.02	-9.151771	-9.421001	1.979116	-7	0.4900428	0.09250713	10.84851	-0.07335836	1.202838
52.04	-9.207365	-9.421001	1.648244	-7	0.4855931	0.1297247	9.246201	-0.02755682	1.021529
52.06	-9.297053	-9.48929	1.19673	-7	0.4633707	0.1520808	9.731754	-0.05809075	1.405919
52.08	-9.277227	-9.48929	1.33576	-7	0.4312651	0.08445457	12.23863	0.03351232	1.822032
52.1	-9.201967	-9.421001	1.708074	-7	0.4509662	0.04953567	12.44067	0.04877907	1.574203
52.12	-9.199746	-9.421001	1.686885	-7	0.470736	0.0711601	11.08435	-0.05809075	1.201644
52.14	-9.191616	-9.421001	1.706131	-7	0.453902	0.0743994	10.9995	0.04877907	1.280251
52.16	-9.273296	-9.48929	1.292957	-7	0.4404435	0.07565482	10.94682	-0.01228922	1.256664
52.18	-9.226963	-9.421001	1.52218	-7	0.459759	0.1042835	11.43143	0.04877907	1.66118
52.2	-9.188998	-9.421001	1.706124	-7	0.446977	0.05506054	11.81433	-0.02755682	1.416355
52.22	-9.179218	-9.421001	1.73401	-7	0.4304573	0.02660541	11.7111	0.06404668	1.214182
52.24	-9.28251	-9.48929	1.204989	-7	0.4401571	0.06950497	10.89626	0.03351232	1.183121
52.26	-9.284263	-9.48929	1.233084	-7	0.4372292	0.07340632	12.39929	0.04877907	1.738726
52.28	-9.213896	-9.421001	1.592042	-7	0.4716566	0.07506432	12.34991	0.002977535	1.650688
52.3	-9.193267	-9.421001	1.683602	-7	0.4816718	0.07636067	11.4674	0.01824514	1.30843
52.32	-9.187312	-9.421001	1.698475	-7	0.4669741	0.07631682	11.10617	-0.04282358	1.258142
52.34	-9.194937	-9.421001	1.639696	-7	0.4528109	0.0760778	10.88628	-0.05809075	1.253771
52.36	-9.203737	-9.421001	1.575976	-7	0.4434181	0.07725371	10.89504	0.04877907	1.313726
52.38	-9.1954	-9.421001	1.60608	-7	0.4249893	0.05048971	11.48679	0.03351232	1.369008
52.4	-9.115716	-9.352711	1.966679	-7	0.4144326	0.01789857	11.74396	0.01824514	1.3057
52.42	-9.186172	-9.421001	1.569016	-7	0.4002474	0.009418872	10.90116	0.03351232	0.9278126
52.44	-9.183499	-9.421001	1.573903	-7	0.3667595	-0.01749222	12.34098	0.03351232	1.342843
52.46	-9.220855	-9.421001	1.359423	-7	0.4019913	0.0200865	11.64842	-0.04282358	1.263145
52.48	-9.205475	-9.421001	1.441962	-7	0.4069847	0.0218298	12.41943	0.04877907	1.504675
52.5	-9.225475	-9.421001	1.333923	-7	0.4487156	0.06643134	11.54583	0.04877907	1.390231
52.52	-9.142705	-9.352711	1.738422	-7	0.466334	0.08588015	11.52186	-0.1038927	1.542003
52.54	-9.183489	-9.421001	1.527342	-7	0.4433517	0.05038854	11.19728	0.04877907	1.146536
52.56	-9.30339	-9.48929	0.9424725	-7	0.4613221	0.1147583	10.66553	-0.08862512	1.362933
52.58	-9.144061	-9.352711	1.766836	-7	0.4643025	0.09446788	12.53114	0.002977535	1.968909
52.6	-9.206498	-9.421001	1.434094	-7	0.4870268	0.09342157	10.51983	0.01824514	1.080806
52.62	-9.119949	-9.352711	1.863498	-7	0.4593973	0.08263067	11.38701	0.07931343	1.499344
52.64	-9.1926	-9.421001	1.476609	-7	0.4433039	0.06314898	10.5144	-0.08862512	1.031769
52.66	-9.225603	-9.421001	1.309692	-7	0.4461762	0.1029403	10.73438	0.06404668	1.443044
52.68	-9.269863	-9.48929	1.135049	-7	0.4195308	0.04990955	12.42541	0.06404668	1.596731
52.7	-9.322022	-9.48929	0.9099564	-7	0.4846655	0.1207038	11.82245	-0.02755682	1.697494
52.72	-9.191073	-9.421001	1.627531	-7	0.4808825	0.0707356	13.62789	0.002977535	1.967352
52.74	-9.199308	-9.421001	1.577021	-7	0.5208079	0.09601407	11.25855	0.04877907	1.195033
52.76	-9.146559	-9.421001	1.862586	-7	0.4565997	0.03439742	12.40123	0.03351232	1.359047
52.78	-9.119695	-9.352711	1.940133	-7	0.4679009	0.06165035	10.57302	-0.08862512	1.020209
52.8	-9.171811	-9.421001	1.652437	-7	0.414794	0.0349408	10.73609	-0.02755682	1.015779
52.82	-9.315329	-9.48929	0.9237883	-7	0.4375785	0.1124679	10.05593	0.01824514	1.274219
52.84	-9.141465	-9.352711	1.815768	-7	0.4266953	0.06634036	12.82314	0.04877907	2.022274
52.86	-9.20489	-9.421001	1.464296	-7	0.4542531	0.0543397	10.83995	-0.01228922	1.022185
52.88	-9.211022	-9.421001	1.436434	-7	0.4492631	0.08695482	11.21398	0.09458104	1.454992
52.9	-9.217759	-9.421001	1.404541	-7	0.4591777	0.09439071	11.19569	0.03351232	1.464869
52.92	-9.220116	-9.421001	1.398396	-7	0.4714329	0.1082993	11.12157	-0.1038927	1.499243
52.94	-9.224134	-9.421001	1.385103	-7	0.4866939	0.1282272	10.87137	-0.05809075	1.512355
52.96	-9.157347	-9.421001	1.752494	-7	0.4253761	0.01617178	12.96575	0.1098478	1.541487
52.98	-9.215288	-9.421001	1.42909	-7	0.4676267	0.07211225	10.744	-0.1038927	1.081751
53	-9.159703	-9.352711	1.683828	-7	0.4882314	0.1397152	10.30462	-0.02755682	1.500807
53.02	-9.227123	-9.421001	1.331528	-7	0.4888058	0.1551483	9.492621	0.1709169	1.268511
53.04	-9.133221	-9.352711	1.802605	-7	0.4553209	0.1079839	11.09921	0.01824514	1.648166
53.06	-9.296021	-9.48929	0.9818246	-7	0.4629217	0.1178134	9.842127	0.002977535	1.105648
53.08	-9.313634	-9.48929	0.9561596	-7	0.4674092	0.1450635	11.751	-0.04282358	1.969415
53.1	-9.205061	-9.421001	1.549231	-7	0.4771591	0.08099248	13.16366	0.09458104	1.923413
53.12	-9.271785	-9.48929	1.236403	-7	0.5036989	0.09148976	11.65143	0.06404668	1.290581
53.14	-9.168069	-9.421001	1.794876	-7	0.4723827	0.05302108	13.07643	-0.01228922	1.678059
53.16	-9.187325	-9.421001	1.672998	-7	0.4890628	0.06860581	11.09032	0.01824514	1.068708
53.18	-9.204688	-9.421001	1.570623	-7	0.4845182	0.1157721	10.41693	-0.04282358	1.276637
53.2	-9.174493	-9.421001	1.725788	-7	0.4340559	0.05165508	11.71165	0.03351232	1.403472
53.22	-9.26925	-9.48929	1.247748	-7	0.4287313	0.04702226	11.33117	0.1098478	1.183343
53.24	-9.218968	-9.421001	1.505938	-7	0.4456504	0.07518443	12.03171	-0.02755682	1.668317
53.26	-9.268814	-9.48929	1.274306	-7	0.4471998	0.05415793	12.02941	-0.01228922	1.387061
53.28	-9.277771	-9.48929	1.263744	-7	0.4597021	0.06926253	12.50081	0.002977535	1.619551
53.3	-9.246819	-9.48929	1.464285	-7	0.4492714	0.0233512	13.53238	-0.01228922	1.619326
53.32	-9.20043	-9.421001	1.686532	-7	0.4920837	0.06626551	12.08854	-0.08862512	1.38489
53.34	-9.192239	-9.421001	1.70987	-7	0.4960812	0.09699059	10.93246	-0.07335836	1.238559
53.36	-9.19827	-9.421001	1.659994	-7	0.4828995	0.1124944	10.41464	0.09458104	1.265296
53.38	-9.224678	-9.421001	1.502447	-7	0.4874476	0.1483661	9.741421	0.01824514	1.33075
53.4	-9.142319	-9.352711	1.885671	-7	0.4720848	0.1302132	10.28039	-0.08862512	1.510699
53.42	-9.249371	-9.48929	1.346247	-7	0.4161026	0.04983873	10.83107	0.06404668	1.099138
53.44	-9.128161	-9.352711	1.930917	-7	0.4070997	0.02857843	12.18934	0.03351232	1.592356
53.46	-9.291177	-9.48929	1.082373	-7	0.4334097	0.06471276	10.24784	0.01824514	0.9480114
53.48	-9.307893	-9.48929	1.042879	-7	0.4413854	0.1079306	11.97495	-0.02755682	1.866973
53.5	-9.317451	-9.48929	1.037787	-7	0.4954593	0.1343943	12.00029	0.01824514	1.83873
53.52	-9.194377	-9.421001	1.697964	-7	0.5009516	0.09220733	13.01122	0.2014509	1.863344
53.54	-9.213975	-9.421001	1.576955	-7	0.5462462	0.1470605	10.22646	0.002977535	1.18108
53.56	-9.174886	-9.421001	1.784171	-7	0.4937161	0.1153637	11.02442	0.125115	1.430891
53.58	-9.209921	-9.421001	1.579076	-7	0.4942858	0.1333057	9.80888	0.002977535	1.184352
53.6	-9.292949	-9.48929	1.174225	-7	0.4777439	0.1505929	10.10675	-0.3329004	1.434278
53.62	-9.243741	-9.421001	1.431441	-7	0.4982455	0.1711194	10.75096	0.002977535	1.817821
53.64	-9.219743	-9.421001	1.551117	-7	0.505093	0.1504523	10.58503	0.01824514	1.541928
53.66	-9.217047	-9.421001	1.555891	-7	0.5052395	0.1541635	10.17181	-0.04282358	1.43323
53.68	-9.203182	-9.421001	1.621508	-7	0.4819757	0.1277907	10.55017	-0.1038927	1.445427
53.7	-9.244385	-9.421001	1.387471	-7	0.5102192	0.1840447	9.24073	-0.01228922	1.358393
53.72	-9.224373	-9.421001	1.494842	-7	0.4909762	0.1696398	10.20113	0.06404668	1.646435
53.74	-9.116204	-9.352711	2.018126	-7	0.45653	0.08366727	11.22478	-0.01228922	1.495031
53.76	-9.201118	-9.421001	1.542803	-7	0.4491963	0.08200063	9.715055	0.04877907	0.9230499
53.78	-9.261348	-9.48929	1.263018	-7	0.3949025	0.04297666	11.7266	0.07931343	1.445045
53.8	-9.137935	-9.352711	1.860312	-7	0.4140525	0.02410259	12.5066	0.002977535	1.622629
53.82	-9.292895	-9.48929	1.060681	-7	0.4482835	0.07329419	10.41112	0.03351232	0.9980621
53.84	-9.283922	-9.48929	1.163674	-7	0.4335078	0.07649465	12.73027	0.1098478	1.879818
53.86	-9.237871	-9.421001	1.403422	-7	0.4987928	0.1143361	11.86749	-0.05809075	1.683955
53.88	-9.266227	-9.48929	1.300277	-7	0.4944798	0.1004808	11.89882	0.06404668	1.502505
53.9	-9.290292	-9.48929	1.215874	-7	0.5180599	0.1411102	11.4923	0.002977535	1.611835
53.92	-9.192563	-9.421001	1.735421	-7	0.5118112	0.1152406	12.15639	-0.04282358	1.727228
53.94	-9.226507	-9.421001	1.535111	-7	0.5540551	0.1830272	9.426864	0.06404668	1.193393
53.96	-9.21628	-9.48929	1.63572	-7	0.4486169	0.06439284	12.16752	0.002977535	1.515965
53.98	-9.244138	-9.48929	1.503098	-7	0.4288015	0.01477054	12.41976	-0.02755682	1.284739
54	-9.107994	-9.352711	2.148414	-7	0.432597	0.008274051	12.48245	0.09458104	1.401564
54.02	-9.193892	-9.421001	1.647877	-7	0.4444044	0.04839097	9.975328	0.125115	0.7562885
54.04	-9.346367	-9.557581	0.9105068	-7	0.4059387	0.06600221	11.2131	0.03351232	1.347268
54.06	-9.300847	-9.48929	1.187045	-7	0.4289802	0.06637451	13.24392	0.09458104	2.013782
54.08	-9.179225	-9.421001	1.814036	-7	0.444148	0.0007748641	13.89994	0.07931343	1.665061
54.1	-9.245497	-9.48929	1.472596	-7	0.4595539	0.01572972	12.10342	0.04877907	1.026654
54.12	-9.265037	-9.48929	1.392315	-7	0.4611384	0.06242301	12.14883	0.002977535	1.44527
54.14	-9.224891	-9.421001	1.582303	-7	0.5033501	0.1239346	11.1602	0.04877907	1.526894
54.16	-9.188013	-9.421001	1.760731	-7	0.4851125	0.09884399	11.1604	-0.08862512	1.390737
54.18	-9.096848	-9.352711	2.174688	-7	0.450128	0.04718084	11.19869	0.04877907	1.210759
54.2	-9.265307	-9.48929	1.288187	-7	0.4300671	0.06440645	9.694218	-0.01228922	0.7852869
54.22	-9.226192	-9.421001	1.483217	-7	0.4223801	0.09140193	11.365	-0.02755682	1.710288
54.24	-9.159454	-9.352711	1.772249	-7	0.4576893	0.09721842	10.69964	0.03351232	1.439789
54.26	-9.226817	-9.421001	1.400151	-7	0.4677057	0.1273677	9.584554	-0.02755682	1.181172
54.28	-9.278606	-9.48929	1.174022	-7	0.4295624	0.09167144	11.42092	0.04877907	1.590647
54.3	-9.219819	-9.421001	1.483135	-7	0.4487991	0.07582712	12.25817	0.06404668	1.729536
54.32	-9.209981	-9.421001	1.52597	-7	0.4733607	0.08182722	11.48538	-0.01228922	1.394572
54.34	-9.3146	-9.48929	1.010176	-7	0.5124909	0.1688989	10.04825	0.09458104	1.390969
54.36	-9.24775	-9.421001	1.379707	-7	0.5353647	0.209565	10.80783	0.01824514	1.972874
54.38	-9.244783	-9.421001	1.399793	-7	0.5696697	0.2337358	9.550467	0.03351232	1.588162
54.4	-9.133383	-9.352711	1.95673	-7	0.5412349	0.1936436	10.06537	0.03351232	1.634162
54.42	-9.249056	-9.48929	1.379608	-7	0.4810042	0.1201449	9.866354	0.01824514	1.058434
54.44	-9.220644	-9.421001	1.52412	-7	0.4706902	0.1335182	10.75503	-0.1954954	1.624139
54.46	-9.281739	-9.48929	1.233164	-7	0.4612048	0.1046917	11.0677	-0.08862512	1.439865
54.48	-9.226185	-9.421001	1.51944	-7	0.4818906	0.1221834	11.46961	0.07931343	1.713245
54.5	-9.214953	-9.421001	1.565853	-7	0.4976178	0.1264531	10.73306	0.01824514	1.419383
54.52	-9.16453	-9.421001	1.825211	-7	0.4439725	0.04668743	11.98686	-0.01228922	1.408141
54.54	-9.190224	-9.421001	1.660961	-7	0.4421782	0.04649488	10.99555	0.3235887	1.087858
54.56	-9.204843	-9.421001	1.563951	-7	0.4360164	0.06903525	10.91135	0.3693898	1.285308
54.58	-9.299624	-9.48929	1.0909	-7	0.4477273	0.1039212	10.70522	-0.1038927	1.37704
54.6	-9.24767	-9.421001	1.365659	-7	0.4834822	0.1461273	11.30225	-0.6077092	1.853363
54.62	-9.183661	-9.352711	1.655927	-7	0.5437693	0.2022505	9.655741	0.09458104	1.566113
54.64	-9.177717	-9.421001	1.694167	-7	0.480704	0.1180544	10.58455	0.3235887	1.360116
54.66	-9.149375	-9.352711	1.789567	-7	0.4879282	0.1392063	9.597987	-0.05809075	1.270717
54.68	-9.229783	-9.421001	1.357998	-7	0.4781879	0.1628411	8.932623	-0.1191595	1.21178
54.7	-9.33418	-9.48929	0.8575068	-7	0.4862239	0.2067408	9.478432	0.07931343	1.656857
54.72	-9.304063	-9.48929	1.084628	-7	0.4753378	0.1494681	12.20354	-0.01228922	2.130078
54.74	-9.239209	-9.421001	1.431619	-7	0.5323927	0.1578512	11.58118	-0.1038927	1.799068
54.76	-9.164383	-9.421001	1.832774	-7	0.4957559	0.07865551	12.2373	0.1709169	1.503239
54.78	-9.16785	-9.421001	1.79633	-7	0.4750617	0.05592701	11.24043	-0.04282358	1.07968
54.8	-9.210475	-9.421001	1.550022	-7	0.4799123	0.1154192	9.972155	0.125115	1.153019
54.82	-9.33264	-9.557581	0.9856986	-7	0.4266344	0.07339882	11.64605	0.03351232	1.445741
54.84	-9.22051	-9.421001	1.571601	-7	0.4539509	0.07280391	12.94872	-0.1954954	1.925225
54.86	-9.239422	-9.48929	1.495212	-7	0.4438494	0.009127155	12.8699	0.002977535	1.30098
54.88	-9.183078	-9.421001	1.769816	-7	0.4544805	0.02817557	12.51	0.2167185	1.3827
54.9	-9.190941	-9.421001	1.698777	-7	0.4650918	0.05823693	11.14402	-0.04282358	1.129733
54.92	-9.149323	-9.352711	1.851987	-7	0.4852331	0.1250809	9.84146	-0.1191595	1.256288
54.94	-9.232245	-9.421001	1.396401	-7	0.4843454	0.1672106	8.710694	0.06404668	1.155228
54.96	-9.310947	-9.48929	1.026485	-7	0.4641056	0.1703631	10.03333	0.06404668	1.643989
54.98	-9.21304	-9.421001	1.55244	-7	0.4492513	0.09528516	12.40619	0.01824514	1.948575
55	-9.249351	-9.48929	1.390517	-7	0.4376098	0.02181682	12.55337	-0.05809075	1.329136
55.02	-9.215145	-9.421001	1.555508	-7	0.4753976	0.08009675	11.79361	0.2167185	1.484477
55.04	-9.209378	-9.421001	1.573409	-7	0.4909798	0.1095347	10.91646	-0.2107625	1.362722
55.06	-9.213966	-9.421001	1.540205	-7	0.4936016	0.1339243	10.39573	-0.1038927	1.385657
55.08	-9.073415	-9.557581	2.381613	-7	0.1703455	-0.4067701	20.32647	-0.04282358	1.44015
55.1	-9.265873	-9.48929	1.295126	-7	0.3349114	-0.2089149	13.34149	0.3388555	0.1335812
55.12	-9.327991	-9.421001	0.9290015	-7	0.5098323	0.1905125	9.494897	0.1861837	1.520231
55.14	-9.251524	-9.421001	1.353074	-7	0.525656	0.2124303	10.88983	-0.3176328	2.074009
55.16	-9.169924	-9.421001	1.793111	-7	0.4810289	0.0807956	12.26885	-0.1038927	1.606751
55.18	-9.163669	-9.421001	1.808238	-7	0.4563228	0.03231245	11.66919	0.6136647	1.111411
55.2	-9.234464	-9.48929	1.456927	-7	0.4131456	0.00500388	11.99008	-0.1496943	1.115769
55.22	-9.175961	-9.421001	1.746741	-7	0.3970728	-0.01807743	13.0376	-0.2412969	1.438992
55.24	-9.305183	-9.48929	1.072846	-7	0.4575364	0.07945353	10.6509	-0.1038927	1.102303
55.26	-9.19556	-9.421001	1.656701	-7	0.4365031	0.05656473	13.0077	-0.02755682	1.877912
55.28	-9.296237	-9.48929	1.143803	-7	0.4873118	0.1004998	10.8542	0.2319852	1.201106
55.3	-9.211522	-9.421001	1.595237	-7	0.4878897	0.1184975	11.96485	-0.02755682	1.810977
55.32	-9.193101	-9.421001	1.679345	-7	0.4897906	0.09214411	11.23261	0.07931343	1.323691
55.34	-9.180225	-9.421001	1.733596	7	0.4626664	0.07075552	79.93224	0.06404668	19.85968
55.36	-9.141368	-9.421001	1.921693	7	1.767287	-0.02970378	92.85139	0.4151914	16.61194
55.38	-8.479402	-9.48929	5.740515	7	2.535614	-0.1205747	106.0323	9.361755	16.05435
55.4	-6.905372	-8.191787	13.51846	7	3.433355	0.3342445	90.96692	17.86557	11.96266
55.42	-7.4981	-9.147842	10.42179	7	3.484083	0.5662333	69.44654	26.62893	5.156902
55.44	-8.238274	-9.147842	6.62929	7	3.909069	1.972331	50.9551	25.89611	9.169404
55.46	-8.245853	-9.147842	6.92555	7	3.985133	2.34622	56.17857	4.644199	13.80104
55.48	-7.953772	-9.011263	8.688494	7	4.023227	2.152701	59.9149	1.483894	13.36985
55.5	-8.142638	-9.421001	8.099079	7	3.847089	1.762305	63.4637	10.88847	11.55248
55.52	-8.402982	-9.48929	7.103341	7	3.951086	1.942461	61.72462	18.03351	12.03004
55.54	-8.501801	-9.421001	6.920177	7	4.220413	2.361941	57.86243	22.84267	13.18785
55.56	-7.796301	-8.533236	10.42151	7	4.7302	3.076785	45.00013	15.94191	13.67652
55.58	-7.594141	-8.464945	11.21682	7	4.832922	3.39696	29.9748	13.78924	10.91744
55.6	-8.12019	-8.806395	8.39583	7	4.781436	3.823674	19.03185	13.17855	10.79431
55.62	-9.642614	-10.1039	1.240333	7	4.593955	4.0109	25.58706	8.659466	14.01224
55.64	-8.914078	-9.147842	5.484468	7	4.944089	4.24865	40.97076	-1.554274	20.82255
55.66	-8.961448	-9.48929	5.720036	7	5.24068	4.086087	37.0596	2.506794	16.1625
55.68	-6.504628	-7.4406	17.87891	7	5.292392	3.837738	37.10699	11.65183	16.28993
55.7	-6.847394	-7.782049	15.09695	7	5.251391	4.056705	-3.239893	19.23962	4.324785
55.72	-7.264939	-8.055207	12.30774	7	4.50773	4.192205	-3.842583	11.20908	8.637324
55.74	-7.71283	-7.50889	8.981245	7	4.883677	5.339189	-22.88187	3.468626	11.08773
55.76	-7.334696	-7.782049	10.55681	7	4.129396	4.366237	4.466113	-21.66114	15.01433
55.78	-7.001015	-7.50889	11.56648	7	3.877513	3.545488	12.10877	-13.38634	11.98306
55.8	-6.338796	-6.825994	13.87292	7	3.866912	3.408724	8.678359	-4.256564	10.41818
55.82	-7.770263	-7.4406	5.51706	7	4.552798	4.906005	-24.39009	2.980077	8.04402
55.84	-6.299211	-6.757704	12.6647	7	3.819716	3.997553	14.83415	-2.088625	17.58434
55.86	-6.459081	-6.484545	10.64347	7	4.337718	4.233987	-11.26351	-8.103891	8.563176
55.88	-4.832853	-5.801648	18.00043	7	3.383539	2.967723	14.51663	1.865573	11.52463
55.9	-6.059904	-5.39191	9.592367	7	4.707812	5.282369	-53.43597	4.308321	2.732519
55.92	-4.205817	-5.18704	18.25737	7	2.90167	3.297075	4.67329	-3.203129	13.76877
55.94	-5.069551	-4.777303	11.66363	7	3.629067	4.09312	-41.4535	-7.218396	2.088393
55.96	-4.803855	-5.801648	12.42671	7	1.884819	2.094456	13.66806	-7.080991	10.2257
55.98	-6.516603	-5.460199	2.09862	7	3.477448	4.300864	-32.66614	-3.447404	6.464228
56	-5.029974	-5.18704	9.447417	7	2.869784	3.400028	17.962	-18.53137	18.56476
56.02	-4.344828	-3.411509	11.00286	7	4.641729	5.180513	-37.04729	-0.3329004	8.871696
56.04	-2.265846	-3.479798	20.63434	7	2.942492	2.840522	2.851143	1.300687	9.70952
56.06	-3.714365	-2.933481	10.60736	7	4.197618	5.145164	-75.57455	7.163283	-2.098284
56.08	-2.815522	-3.070061	14.0649	7	2.72264	4.185596	-32.15194	-0.1802286	10.8655
56.1	-3.427333	-2.728612	8.995211	7	3.144255	4.59897	-55.35852	-12.07336	4.92302
56.12	-2.09406	-2.728612	14.78993	7	1.637329	2.352638	-1.628556	-9.14206	10.51733
56.14	-2.656881	-1.362819	9.197571	7	3.40712	4.744226	-68.12476	-4.149693	1.840052
56.16	-0.3569389	-1.02137	19.51595	7	1.736449	2.666234	-14.10821	-0.6993123	9.987694
56.18	-1.451969	-1.02137	11.32003	7	2.252172	3.229514	-60.10758	-8.43977	-3.255492
56.2	1.099303	0.4127131	22.25047	7	0.7928553	1.574391	-14.32443	-6.729846	6.293724
56.22	-0.4431908	0.4127131	11.05222	7	1.817455	3.198007	-81.01582	-2.363434	-7.3027
56.24	0.7375012	1.23219	14.75008	7	1.180045	3.359757	-56.34742	-26.25656	6.040253
56.26	0.4088235	1.02732	10.6372	7	1.072088	2.951293	-61.73481	-14.66878	0.5678711
56.28	0.9880662	1.02732	11.78763	7	0.1871035	1.618161	-28.29109	-13.43213	4.18163
56.3	0.1449649	1.02732	5.386563	7	0.8283175	2.321426	-46.11263	-8.256563	0.8822784
56.32	2.732425	3.21259	16.34132	7	0.9289163	2.275609	-30.35741	-4.485571	7.525989
56.34	2.44228	3.21259	11.99372	7	1.562433	3.070327	-75.86852	-4.500839	-4.470159
56.36	3.266402	3.21259	14.22258	7	0.3432316	1.999087	-47.6628	9.086946	1.251592
56.38	2.558082	3.21259	8.244593	7	0.3925593	2.126325	-62.12622	-5.157328	-2.960852
56.4	4.105896	4.510095	13.88351	7	0.01053584	1.685003	-42.37206	-20.3787	2.941575
56.42	4.935856	5.466149	15.11781	7	0.2050064	1.694928	-63.07531	-10.2871	-4.136092
56.44	4.69969	5.397861	11.12729	7	0.07798886	2.160424	-78.27364	-1.676412	-5.127743
56.46	5.03451	5.397861	10.64131	7	-0.7686595	1.26868	-54.94153	-10.59244	-1.272655
56.48	4.952185	5.466149	8.026787	7	-1.031152	0.6620187	-46.34874	-17.64588	-2.59944
56.5	6.431385	6.695365	13.20252	7	-1.279658	-0.036421	-30.68583	-13.31	-1.061693
56.52	6.076731	6.695365	8.737007	7	-0.9108025	0.4301286	-55.22785	1.98771	-7.503317
56.54	7.29104	7.65142	12.52491	7	-1.239452	0.2766666	-43.74876	-3.401602	-2.630499
56.56	6.549604	6.968522	6.523638	7	-1.435853	0.001460552	-50.43256	0.9037411	-7.546162
56.58	7.786847	7.856288	10.8779	7	-2.063109	-0.9155865	-21.61268	-3.172595	-1.986954
56.6	6.822261	7.309972	3.897728	7	-1.797909	-0.7703586	-36.96451	-8.042823	-8.195452
56.62	8.536886	9.017213	10.52968	7	-1.657367	-0.5001397	-26.13259	-13.00466	-1.155908
56.64	8.301826	8.402606	7.342085	7	-1.862381	-1.078488	-32.89317	-14.95885	-8.661152
56.66	8.801377	8.675765	8.196456	7	-2.44978	-1.782041	-14.90085	-15.73748	-5.787793
56.68	9.057062	9.017213	7.606004	7	-2.586905	-2.190365	-13.39524	-14.80618	-8.000427
56.7	9.622037	9.426951	8.628198	7	-2.853875	-2.629297	-6.526629	-12.14969	-8.010719
56.72	9.622375	9.563531	6.717794	7	-2.869604	-2.643464	-11.48416	-8.622976	-9.858376
56.74	10.08693	9.904979	7.353043	7	-3.11445	-2.930128	-3.217645	-10.65351	-8.263033
56.76	10.61181	10.4513	8.102333	7	-3.14684	-3.101199	-4.831715	-14.39397	-9.761158
56.78	10.9566	10.79274	7.891246	7	-3.222361	-3.130973	-8.897272	-15.20313	-10.92555
56.8	10.73051	10.4513	5.132947	7	-3.595183	-3.50753	-2.829295	-13.99702	-11.05668
56.82	10.3692	10.17814	2.057829	7	-3.817179	-3.822528	9.477654	-13.3558	-9.127239
56.84	11.00016	10.79274	4.050145	7	-3.752408	-4.088745	21.91406	-12.94359	-7.054371
56.86	13.85903	13.31946	16.30133	7	-3.511624	-4.37859	16.23889	-9.019922	-9.884909
56.88	12.0363	11.33906	5.016581	7	-3.906969	-4.487666	-14.69996	-0.5313733	-22.15142
56.9	11.65509	11.40735	1.84687	7	-4.439569	-4.254897	6.871728	6.460993	-10.28128
56.92	11.23996	11.40735	-1.365305	7	-4.114031	-4.076729	12.59793	5.529696	-8.598343
56.94	12.05021	12.22683	1.682538	7	-3.57582	-3.724283	17.08029	-5.84435	-5.954838
56.96	10.96183	10.72446	-4.170969	7	-3.622137	-4.105382	22.65027	-10.80618	-9.327772
56.98	11.02464	10.79274	-3.752032	7	-3.529658	-4.240893	43.42038	-1.309999	-3.956037
57	10.4687	10.17814	-6.211264	7	-3.16214	-4.316481	49.30023	7.086947	-5.286915
57.02	10.83535	10.51959	-3.903997	7	-2.642667	-3.994944	54.25497	13.39229	-2.99563
57.04	10.29443	9.83669	-5.977175	7	-2.26084	-3.770015	49.88169	22.06404	-5.274303
57.06	10.7901	10.17814	-2.723661	7	-2.064439	-3.666861	56.02123	25.60603	-2.801372
57.08	11.01971	10.51959	-1.270368	7	-1.574704	-3.149874	38.76641	26.99534	-6.040643
57.1	12.21952	11.88538	4.42713	7	-1.07562	-2.167327	14.2543	24.03351	-6.500484
57.12	9.951017	9.63182	-6.795901	7	-1.368183	-1.791119	-4.619437	17.68237	-10.9505
57.14	8.70755	9.017213	-11.95211	7	-1.392755	-1.136802	14.95967	2.888474	0.9254799
57.16	9.238172	9.290372	-7.869516	7	-1.220176	-1.686534	43.51904	-6.287098	5.357497
57.18	9.834776	9.563531	-3.878501	7	-0.7691534	-2.002069	42.44046	-9.829082	0.4336605
57.2	11.02667	10.51959	2.483618	7	-0.4616399	-1.809938	27.82234	-7.584808	-3.088564
57.22	10.34323	9.358663	-0.4835787	7	-1.122769	-2.420679	21.96232	18.87321	-8.496677
57.24	8.738199	8.744054	-8.074302	7	-0.8913655	-1.30065	7.27052	29.88084	-5.307433
57.26	8.612557	8.948924	-7.764475	7	-0.5310997	-0.535713	16.25837	10.24725	2.983226
57.28	8.325056	8.470897	-8.050434	7	-0.2341381	-0.5642135	21.70385	-7.859617	2.574109
57.3	8.034369	7.924579	-8.066401	7	-0.1422092	-0.7927701	31.73404	-15.20313	2.959949
57.32	8.621254	8.197738	-3.769953	7	-0.1154578	-1.23898	41.96547	-15.96649	2.908071
57.34	9.503179	8.539186	1.587354	7	-0.404015	-2.104385	45.54353	23.97244	-1.418908
57.36	8.203417	7.856288	-4.532143	7	-0.0420191	-1.180559	13.28	37.46863	-6.644022
57.38	7.285462	7.309972	-8.083168	7	0.03865548	-0.2633302	15.0044	16.36939	1.025419
57.4	7.483553	7.583131	-5.92097	7	0.309921	-0.04786918	22.86902	-4.714579	4.722074
57.42	6.97383	6.968522	-7.264059	7	0.5686705	0.01925872	20.48805	-15.05046	2.592725
57.44	7.476676	6.968522	-3.287998	7	0.2752715	-0.6767722	39.03208	-16.48557	4.387285
57.46	8.017875	7.309972	0.306932	7	0.202939	-1.216438	36.88722	22.94954	-0.04020596
57.48	7.735909	7.583131	-0.9029506	7	0.7276492	-0.1228086	5.218252	26.33886	-3.247157
57.5	8.461308	8.470897	2.743454	7	0.9165478	0.7899253	-10.74344	10.6442	-0.4452009
57.52	7.030766	6.968522	-4.111611	7	0.5035635	0.7432353	-18.52368	-5.676411	-3.246931
57.54	6.938194	6.968522	-3.799348	7	0.0693593	0.3980386	4.557459	-14.74511	3.851787
57.56	7.240345	7.036813	-1.626785	7	-0.1274281	-0.4526392	19.37559	-19.73748	2.604325
57.58	7.686242	7.309972	0.9447794	7	-0.1705367	-0.8988248	21.09459	15.23962	-0.07500839
57.6	7.203767	7.241681	-1.505937	7	0.2557912	-0.1097347	-0.5075026	16.15565	-2.596462
57.62	7.135714	7.241681	-1.602894	7	0.3320137	0.4043375	-2.407797	1.850306	0.8763752
57.64	7.296787	7.309972	-0.5410151	7	0.2857689	0.3146488	-0.3388196	0.6289319	1.137664
57.66	6.475269	6.422206	-4.170632	7	0.09888881	0.07075588	3.12345	-6.424503	0.05905437
57.68	7.428848	7.309972	1.029524	7	0.05022918	-0.1974441	16.17081	0.3235887	3.556581
57.7	7.335585	7.309972	0.4585082	7	0.3531003	0.02797748	-1.921012	0.7358026	-2.048436
57.72	7.488466	7.241681	1.336861	7	0.04726553	-0.1096043	1.654696	1.941909	-0.623312
57.74	7.1386	7.309972	-0.6135905	7	0.2705983	0.4056452	-11.99136	4.781604	-1.674855
57.76	8.236384	8.197738	4.657759	7	0.110968	0.2865878	-6.876886	-5.569541	0.8589802
57.78	7.828251	7.71971	2.110439	7	-0.1089368	0.02653317	-17.82602	-5.645877	-4.639874
57.8	7.939963	7.856288	2.32528	7	-0.5064639	-0.184944	-10.27297	-2.836717	-1.803708
57.82	7.626445	7.924579	0.1857569	7	-0.3433755	0.1484744	-18.88309	-2.058091	-2.525814
57.84	6.722593	7.036813	-4.325629	7	-0.4543588	0.1994243	-11.28385	-8.913053	-0.1489477
57.86	6.971567	7.036813	-2.606965	7	-0.6628661	-0.4613513	14.81488	-12.69931	3.910912
57.88	6.097226	6.080756	-6.359533	7	-0.5538195	-0.8886123	22.56332	0.7358026	1.101971
57.9	5.972451	6.080756	-6.095686	7	-0.1249541	-0.5915552	31.36588	2.537329	4.6106
57.92	7.886186	7.787999	3.810582	7	0.4970491	-0.3505773	26.90735	14.49153	4.253859
57.94	7.566668	7.309972	1.991377	7	0.7677519	0.09172805	-6.285991	9.453359	-5.067839
57.96	7.6047	7.309972	2.204443	7	0.3352935	0.254747	-7.149994	17.23962	-1.753218
57.98	7.24971	7.309972	0.2248912	7	0.2669273	0.5026503	-15.5739	8.018244	-1.991867
58	7.141753	7.309972	-0.3785538	7	0.1488079	0.602403	-13.21303	-5.722213	0.2763596
58.02	6.880759	7.036813	-1.608903	7	0.03080564	0.4204901	-7.933573	-15.46267	0.7218027
58.04	7.180818	6.968522	0.1986506	7	-0.3795084	-0.4255833	11.02362	-19.15733	1.68414
58.06	7.350884	7.105102	1.054405	7	-0.428643	-0.8482641	12.74624	7.07168	-0.9602766
58.08	7.101142	7.036813	-0.3129807	7	-0.2602192	-0.5445306	4.833497	4.338856	-1.887603
58.1	6.903926	6.968522	-1.273742	7	-0.1177303	-0.16323	2.413764	2.415191	-0.1799603
58.12	6.791721	6.968522	-1.736192	7	0.1014591	0.1774554	0.0610404	-2.653511	0.9072933
58.14	7.024609	6.968522	-0.315994	7	0.02757807	-0.05268379	6.856058	-2.516106	1.535008
58.16	7.005347	6.968522	-0.3228945	7	0.1111703	-0.06060181	3.289815	1.392291	-0.119709
58.18	7.205721	7.036813	0.7996417	7	-0.00755392	-0.2195669	6.007779	2.964809	0.09086227
58.2	7.066983	7.036813	0.04673144	7	0.07584015	-0.05258474	-0.8037971	2.079314	-1.126155
58.22	7.056809	6.968522	0.06914145	7	-0.04668889	-0.1010808	2.025623	-0.2260297	-0.07202625
58.24	7.044446	7.036813	-0.003137171	7	-0.01544401	-0.06073079	0.650234	-0.7756482	-0.227253
58.26	7.046304	7.036813	0.009658091	7	-0.01368363	-0.03446104	0.410604	0.3083211	-0.08979321
58.28	7.108861	7.036813	0.3464092	7	-0.08392972	-0.1515896	2.412249	-0.3176328	-0.09000206
58.3	6.980156	6.968522	-0.3147807	7	-0.05862379	-0.1078678	0.593908	0.1098478	-0.5194321
58.32	7.039763	6.968522	0.05133212	7	-0.1315851	-0.2075829	4.282052	0.01824514	0.2138748
58.34	7.052356	7.036813	0.08662175	7	-0.06192612	-0.1595556	2.219538	-0.04282358	-0.3113852
58.36	6.892355	6.900233	-0.6872088	7	-0.02658416	-0.05984598	0.8759597	0.3999246	-0.2455235
58.38	7.068873	7.036813	0.2599896	7	-0.03990325	-0.09843573	3.650496	-0.05809075	0.589756
58.4	7.043041	7.036813	0.09473788	7	0.0279163	-0.04528327	0.1685412	-0.07335836	-0.4541807
58.42	7.111982	7.036813	0.4577048	7	-0.04828051	-0.1123444	1.774357	0.7663365	-0.1281176
58.44	7.058052	7.036813	0.1391259	7	-0.03536225	-0.07932343	-0.2300825	-0.3939687	-0.5674791
58.46	6.99577	7.036813	-0.2081268	7	0.004444949	0.04586428	-1.711868	0.1556493	-0.1724138
58.48	7.008588	6.968522	-0.08590591	7	-0.08081199	-0.08272239	1.84885	0.04877907	0.2347355
58.5	7.032826	7.036813	0.02174831	7	-0.03780023	-0.07347895	1.108914	-0.01228922	-0.04992676
58.52	6.986055	6.968522	-0.1937452	7	-0.04219618	-0.07723488	1.214389	0.125115	-0.117382
58.54	6.978059	6.968522	-0.2010715	7	-0.03456036	-0.06961734	1.74151	0.01824514	0.09342575
58.56	6.885406	6.900233	-0.6155714	7	0.001971154	-0.02227755	1.269482	-0.05809075	0.08617115
58.58	6.997596	6.968522	0.02516782	7	-0.006542195	-0.06800648	3.400407	0.1709169	0.534399
58.6	7.176291	7.105102	0.8988936	7	-0.0008295402	-0.1297388	2.471819	-0.02755682	-0.1738977
58.62	7.013006	6.968522	0.02750021	7	-0.00635872	-0.07349212	-0.9934648	0.04877907	-0.9929714
58.64	7.080732	7.036813	0.3669353	7	-0.06981964	-0.08644283	1.110829	-0.1954954	0.00784111
58.66	6.981315	6.968522	-0.1581422	7	-0.06776249	-0.09218175	0.2146264	-0.04282358	-0.4339495
58.68	7.084013	7.105102	0.3156027	7	-0.02842834	-0.02040621	0.06999642	-0.164961	0.1161242
58.7	6.994407	6.968522	-0.1383281	7	-0.06278413	-0.07803793	0.2303882	0.125115	-0.3460121
58.72	6.979595	6.968522	-0.1891705	7	-0.07635287	-0.09191236	1.649205	0.03351232	0.08468819
58.74	7.024931	7.036813	0.02832888	7	-0.02737256	-0.05481965	1.119075	0.1709169	0.07258034
58.76	7.092943	7.036813	0.373453	7	-0.06321195	-0.1319612	2.080904	0.04877907	-0.1102619
58.78	6.965065	6.968522	-0.2948596	7	-0.02569939	-0.0556706	-0.262184	-0.1802286	-0.4986782
58.8	6.969673	6.968522	-0.2300706	7	-0.03807988	-0.03875821	1.388911	0.1556493	0.26511
58.82	6.973899	6.968522	-0.1769624	7	-0.02117626	-0.05721375	1.716326	0.03351232	0.1338196
58.84	7.073614	7.036813	0.3359513	7	-0.02220204	-0.0913164	2.170137	-0.04282358	0.07793045
58.86	7.038479	6.968522	0.163706	7	-0.06017264	-0.1538894	1.937663	0.06404668	-0.443121
58.88	7.04916	7.036813	0.1837157	7	-0.03138589	-0.07763595	0.6236005	0.002977535	-0.2689381
58.9	6.991002	6.968522	-0.1060206	7	-0.04940385	-0.07581457	0.6902093	-0.01228922	-0.2314596
58.92	6.966546	6.968522	-0.2134008	7	-0.03861884	-0.05207717	1.046338	0.04877907	0.04707146
58.94	6.702157	6.695365	-1.40802	7	-0.0641326	-0.08862264	2.891232	-0.08862512	0.1418276
58.96	6.97287	6.968522	0.06564234	7	-0.007321291	-0.09764851	6.21288	0.07931343	1.258579
58.98	7.072186	7.036813	0.5392165	7	0.08846611	-0.06538816	1.931139	0.03351232	-0.3006754
59	7.058194	6.968522	0.4677992	7	0.02907282	-0.07288404	0.7660811	0.5220616	-0.5564032
59.02	6.998439	6.968522	0.1418569	7	0.01086555	-0.01966536	-0.5943964	0.3083211	-0.4430027
59.04	7.02018	6.968522	0.2583526	7	-0.05731928	-0.08533589	1.198002	-0.1191595	-0.07024384
59.06	7.0159	7.036813	0.1707659	7	-0.003202686	-0.005859315	-0.9544598	-0.1802286	-0.2776327
59.08	6.937598	6.968522	-0.2424602	7	0.008588731	0.05716305	-1.598854	0.1861837	-0.09989071
59.1	7.058782	7.036813	0.3759907	7	-0.03957943	-0.03191863	1.045927	0.04877907	0.3320417
59.12	6.958669	6.968522	-0.1638277	7	-0.01148318	-0.01611115	-0.8850183	-0.05809075	-0.402998
59.14	7.059857	7.036813	0.3459952	7	-0.04752384	-0.05328998	1.135618	0.1403826	0.2111149
59.16	6.97248	6.968522	-0.1217178	7	-0.0332632	-0.05162452	-0.2261588	-0.1344267	-0.3884878
59.18	7.026434	7.036813	0.1343655	7	-0.02104951	-0.01126481	0.1978222	-0.04282358	0.1282396
59.2	6.994834	6.968522	-0.01948078	7	-0.04986864	-0.07223485	0.8157486	0.1556493	-0.1443748
59.22	6.995913	6.968522	-0.00177817	7	-0.06677149	-0.1056008	1.770458	-0.01228922	-0.02591705
59.24	7.055205	7.036813	0.2734175	7	-0.04596314	-0.09751624	1.431623	0.03351232	-0.08727455
59.26	6.987369	6.968522	-0.08112296	7	-0.04275673	-0.0806981	0.55097	0.1098478	-0.3437796
59.28	7.050432	7.036813	0.2257246	7	-0.04182406	-0.06651957	1.090355	0.002977535	0.04168034
59.3	7.051538	7.036813	0.1965688	7	-0.03272838	-0.06272819	0.1651166	0.06404668	-0.2867203
59.32	7.000512	6.968522	-0.055711	7	-0.07016718	-0.0950401	0.9029933	-0.08862512	-0.2227888
59.34	6.956922	6.968522	-0.270832	7	-0.04491007	-0.05360334	0.797887	-0.02755682	-0.01509666
59.36	7.04144	7.036813	0.1594163	7	-0.02957223	-0.05552244	1.493049	0.01824514	0.206172
59.38	6.978741	6.968522	-0.1557457	7	-0.01656001	-0.05074653	0.4892716	0.06404668	-0.2438202
59.4	6.975718	6.968522	-0.1427768	7	-0.01916035	-0.03729199	1.158432	0.03351232	0.1140337
59.42	6.990551	6.968522	-0.03911807	7	-0.02366075	-0.06733596	1.753768	0.04877907	0.07726097
59.44	6.89247	6.900233	-0.497844	7	0.007412412	-0.01999752	0.8561159	0.01824514	-0.04509544
59.46	7.074166	7.036813	0.4531687	7	-0.007936612	-0.06731938	2.852304	0.07931343	0.4608116
59.48	7.00345	6.968522	0.07503307	7	0.007843442	-0.06848378	0.3408628	0.07931343	-0.5569782
59.5	7.025549	6.968522	0.2071854	7	-0.04948415	-0.1016686	1.785863	0.09458104	-0.07294178
59.52	7.048801	7.036813	0.2803181	7	-0.02076547	-0.06322768	0.338621	-0.04282358	-0.2740078
59.54	7.12108	7.105102	0.5774847	7	-0.01797157	-0.03452037	-0.6208865	-0.02755682	-0.2851095
59.56	7.08917	7.036813	0.3695845	7	-0.08499639	-0.1047061	-0.2937419	0.002977535	-0.5489473
59.58	6.958302	6.968522	-0.3210127	7	-0.08730894	-0.06431614	-0.6530598	0.01824514	-0.3845444
59.6	6.992264	7.036813	-0.1601577	7	-0.04937753	-0.006294083	0.1917357	0.1098478	0.3001881
59.62	6.961299	6.968522	-0.2926805	7	-0.04424619	-0.04425242	0.9653246	-0.02755682	0.1073065
59.64	6.951611	6.968522	-0.3109276	7	-0.01213238	-0.02241041	1.169592	0.03351232	0.2083616
59.66	6.877835	6.900233	-0.6210693	7	0.02210823	0.01321114	1.067133	0.09458104	0.2304344
59.68	7.01826	7.036813	0.1218692	7	0.07029611	0.05074886	1.274549	0.04877907	0.5612974
59.7	7.038303	6.968522	0.2581499	7	0.01705233	-0.0633072	1.577863	0.07931343	-0.1585531
59.72	7.095009	7.036813	0.5238599	7	-0.008593712	-0.0841406	1.009473	-0.05809075	-0.3061676
59.74	7.087133	7.036813	0.4365075	7	-0.03865322	-0.09070994	0.004601717	-0.01228922	-0.5499144
59.76	6.983023	6.968522	-0.1142662	7	-0.05987685	-0.06230195	-0.4623944	-0.05809075	-0.4355211
59.78	6.942727	6.968522	-0.3126439	7	-0.04569769	-0.0166348	0.1888003	0.04877907	0.1152115
59.8	7.014723	7.036813	0.04727407	7	-0.01290905	-0.0054885	0.6451077	0.06404668	0.2830906
59.82	7.037496	7.036813	0.1432152	7	0.003089304	-0.01005279	-0.06774929	0.03351232	-0.08576488
59.84	6.990323	6.968522	-0.08274356	7	-0.02741121	-0.04034588	0.3415862	0.01824514	-0.1488609
59.86	6.961978	6.968522	-0.2108364	7	-0.01810111	-0.02042308	0.5347373	0.002977535	0.05131531
59.88	6.991136	6.968522	-0.02912113	7	-0.0354166	-0.06851754	1.889412	0.002977535	0.173377
59.9	6.955202	6.968522	-0.2074296	7	0.01318479	-0.01356161	0.4692409	0.1556493	-0.06138039
59.92	6.977483	6.968522	-0.06166027	7	0.01017347	-0.01036876	1.094216	-0.04282358	0.1884403
59.94	7.005805	6.968522	0.1079644	7	-0.01049014	-0.06415892	1.688879	-0.1038927	0.02491379
59.96	7.082025	7.036813	0.4738978	7	-0.01904633	-0.08920273	1.3817	0.01824514	-0.1653996
59.98	7.002358	6.968522	0.04794827	7	-0.03205993	-0.07756173	0.09801424	-0.02755682	-0.5159798
60	7.076736	7.036813	0.4070776	7	-0.06759997	-0.1026175	1.35598	0.01824514	-0.04780006
60.02	6.902054	6.900233	-0.4808969	7	-0.05617267	-0.07438943	0.04112129	-0.01228922	-0.4683867
60.04	7.086895	7.036813	0.4784847	7	-0.1023629	-0.155532	3.726953	0.01824514	0.4626398
60.06	7.070875	7.036813	0.3308337	7	-0.06053527	-0.1543669	1.016624	0.06404668	-0.6490974
60.08	7.085172	7.036813	0.3659483	7	-0.0894182	-0.143694	1.115788	-0.01228922	-0.3890076
60.1	7.013055	7.036813	-0.06197271	7	-0.03985419	-0.03537248	-1.121704	-0.164961	-0.4427948
60.12	6.964309	6.968522	-0.2888446	7	-0.0647653	-0.03894049	0.4157068	0.03351232	0.07196426
60.14	7.022202	7.036813	0.003348939	7	-0.03771667	-0.04019991	1.040072	0.1098478	0.2235279
60.16	7.065506	7.036813	0.21652	7	-0.04582914	-0.09069514	1.334032	0.06404668	-0.08688736
60.18	7.082437	7.036813	0.2832732	7	-0.06719737	-0.1275599	1.309889	-0.02755682	-0.3121424
60.2	7.04571	7.036813	0.06025788	7	-0.05028687	-0.07822224	0.05925618	0.002977535	-0.3850565
60.22	6.986893	6.968522	-0.2191864	7	-0.0773902	-0.09122506	1.059962	0.09458104	-0.1155605
60.24	7.052777	7.036813	0.1179133	7	-0.07170584	-0.1108289	2.063582	0.01824514	0.1115494
60.26	7.027335	7.036813	-0.03988985	7	-0.0197432	-0.05085915	0.1742021	0.07931343	-0.2629738
60.28	7.143856	7.105102	0.5304925	7	-0.04887214	-0.08679781	1.178278	0.01824514	-0.0194149
60.3	7.113914	7.105102	0.3025377	7	-0.02831196	-0.04958294	-1.304287	-0.1038927	-0.6343889
60.32	6.984843	6.968522	-0.3390566	7	-0.08396198	-0.06338893	-0.291132	0.07931343	-0.3125753
60.34	6.878982	6.900233	-0.8067437	7	-0.08500738	-0.06542041	1.667948	0.1403826	0.261672
60.36	6.871093	6.900233	-0.7502024	7	-0.0349594	-0.0579634	3.336123	-0.04282358	0.6461868
60.38	6.950692	6.968522	-0.2792102	7	0.0472136	-0.01918176	2.996673	0.07931343	0.5475159
60.4	7.084291	7.036813	0.4283346	7	0.06107329	-0.04468978	2.4003	0.125115	0.1345472
60.42	7.113194	7.036813	0.5590414	7	0.03012624	-0.07318592	0.7302188	-0.07335836	-0.5195961
60.44	6.996205	6.968522	-0.04848239	7	0.008557873	-0.01674745	-1.010606	0.125115	-0.5795355
60.46	7.124431	7.105102	0.5694203	7	-0.01960313	-0.01849639	0.08086964	-0.1038927	0.08797932
60.48	6.976399	6.968522	-0.2074914	7	-0.03407452	-0.02954766	-1.320915	-0.02755682	-0.5804615
60.5	7.041656	7.036813	0.1254584	7	-0.06246462	-0.04476312	0.8173422	0.1709169	0.2351265
60.52	6.989181	6.968522	-0.1358793	7	-0.07494757	-0.1048448	1.172388	0.01824514	-0.1941843
60.54	6.890247	6.900233	-0.5945495	7	-0.05501781	-0.07058944	1.524658	-0.04282358	0.04404449
60.56	7.041523	7.036813	0.1957264	7	-0.02369944	-0.07100929	2.820875	0.03351232	0.4911108
60.58	6.972637	6.968522	-0.1571585	7	0.02320178	-0.03186988	0.3267907	0.125115	-0.3305149
60.6	7.082552	7.036813	0.4148788	7	-0.01463847	-0.06307974	1.723198	0.125115	0.1376381
60.62	7.153653	7.105102	0.7090179	7	-0.02057702	-0.08892132	0.1843375	0.002977535	-0.4894733
60.64	6.985078	6.968522	-0.1797992	7	-0.04303119	-0.04485514	-1.476846	-0.05809075	-0.7242298
60.66	6.9499	6.968522	-0.33549	7	-0.05852336	-0.01617076	0.3060475	0.125115	0.2094345
60.68	6.990003	7.036813	-0.1397705	7	0.001781035	0.02714546	0.03662467	0.04877907	0.2822514
60.7	7.018977	7.036813	0.004973479	7	0.02464627	0.03542821	-0.3103296	-0.08862512	0.1118431
60.72	7.052226	7.036813	0.1740933	7	0.004249022	-0.002625059	0.02585086	-0.02755682	-0.01022053
60.74	6.994664	6.968522	-0.1017533	7	-0.03025887	-0.04785092	0.3831885	-0.05809075	-0.1946764
60.76	7.056696	7.036813	0.2105146	7	-0.04078914	-0.06752001	1.211944	0.09458104	0.05674267
60.78	6.982883	6.968522	-0.1637354	7	-0.03869633	-0.06953405	0.519235	0.002977535	-0.2895994
60.8	6.995603	6.968522	-0.06675608	7	-0.06277575	-0.09806027	2.08086	-0.01228922	0.1089983
60.82	6.938499	6.968522	-0.3543267	7	0.006233005	-0.01101001	0.3399439	0.01824514	-0.05401611
60.84	7.059681	7.036813	0.2823647	7	-0.006645903	-0.04034589	1.796257	0.06404668	0.320631
60.86	6.982036	6.968522	-0.1151683	7	0.009207617	-0.03135927	0.003562897	0.002977535	-0.3661709
60.88	7.162663	7.105102	0.7836688	7	-0.03940108	-0.0917138	1.75656	0.002977535	0.1076288
60.9	6.987963	6.968522	-0.1472804	7	-0.03305476	-0.06729152	-1.17703	0.03351232	-0.8658981
60.92	6.966446	6.968522	-0.2312314	7	-0.06000694	-0.03678527	0.7024856	-0.01228922	0.1701441
60.94	6.969528	6.968522	-0.1906265	7	-0.05174623	-0.07051285	1.68126	-0.2412969	0.1669464
60.96	7.051514	7.036813	0.2206801	7	-0.02945164	-0.07983791	1.777803	0.1861837	0.08980465
60.98	6.982779	6.968522	-0.1295078	7	-0.01505075	-0.05705776	0.4641922	-0.164961	-0.31427
61	7.130878	7.105102	0.5935897	7	-0.02067828	-0.05604222	1.05815	0.1556493	0.09130573
61.02	7.091446	7.036813	0.349275	7	-0.05747121	-0.1121806	0.03448832	-0.02755682	-0.6518593
61.04	7.055044	7.036813	0.1255904	7	-0.07583156	-0.08472399	-0.1620064	0.06404668	-0.3834314
61.06	7.063017	7.036813	0.145901	7	-0.1068648	-0.1229127	1.015724	0.06404668	-0.1689568
61.08	7.04461	7.036813	0.02150356	7	-0.09513394	-0.1189554	0.8380266	0.01824514	-0.2541523
61.1	7.028207	7.036813	-0.08277193	7	-0.06965265	-0.07875129	0.5583228	-0.01228922	-0.1303062
61.12	7.038804	7.036813	-0.03249203	7	-0.06131005	-0.07568167	0.9623748	0.04877907	-0.01639843
61.14	6.947858	6.968522	-0.4756737	7	-0.02950085	-0.0306798	0.3214757	0.002977535	-0.08377266
61.16	6.949868	6.968522	-0.408439	7	-0.01061163	-0.00988168	1.46656	-0.05809075	0.3897438
61.18	6.953982	6.968522	-0.3357021	7	0.02794627	0.003517629	1.381757	0.01824514	0.2890911
61.2	7.017657	6.968522	0.0540289	7	-0.002606865	-0.07690113	2.874701	-0.07335836	0.242198
61.22	7.016453	6.968522	0.07301776	7	-0.001739603	-0.09710427	2.075021	0.002977535	-0.1961308
61.24	7.058274	7.036813	0.2699983	7	0.02085322	-0.03767047	0.6713603	0.03351232	-0.170886
61.26	7.096692	7.036813	0.4509011	7	-0.02702187	-0.08522531	0.8283758	-0.07335836	-0.2984514
61.28	7.0472	7.036813	0.1505159	7	-0.01955503	-0.03601848	-0.9401171	0.03351232	-0.4947052
61.3	7.035175	7.036813	0.0654359	7	-0.03468432	-0.01180906	-0.6998737	0.04877907	-0.1304626
61.32	7.033072	7.036813	0.03566844	7	-0.04304441	-0.02488927	-0.2900128	0.03351232	-0.06733894
61.34	7.020799	7.036813	-0.04675549	7	-0.03038547	-0.01077822	-0.4495604	0.03351232	-0.06369781
61.36	7.010715	7.036813	-0.1103464	7	-0.01028437	0.01926222	-0.6649811	0.002977535	0.02125645
61.38	6.950693	6.968522	-0.3855118	7	-0.01216475	0.01497626	-0.1031145	-0.02755682	0.09370804
61.4	7.017581	7.036813	-0.02892619	7	0.009131349	0.0189732	0.5916683	0.06404668	0.3441181
61.42	6.953228	6.968522	-0.3317428	7	0.03053477	0.03193267	-0.2766065	0.03351232	-0.02863789
61.44	6.958111	6.968522	-0.2568537	7	0.03101114	0.03936118	0.5558246	0.002977535	0.3177481
61.46	7.032066	7.036813	0.1304087	7	0.05173456	0.03866337	0.3221485	0.03351232	0.2190828
61.48	7.009077	6.968522	0.04145847	7	0.009286545	-0.02733829	0.5897752	0.03351232	-0.1420612
61.5	7.03333	7.036813	0.1466167	7	0.02925116	0.02046016	-0.4201681	0.01824514	-0.06765556
61.52	6.99785	6.968522	-0.01521768	7	-0.01578561	-0.02794948	0.2610692	-0.01228922	-0.1248446
61.54	6.979027	6.968522	-0.09574823	7	-0.02592141	-0.03950765	0.7495496	0.06404668	-0.001283646
61.56	7.035279	7.036813	0.174476	7	-0.003978413	-0.02048314	0.4957405	-0.04282358	0.05696297
61.58	6.976402	6.968522	-0.1220261	7	-0.007289156	-0.01946569	-0.06323025	0.002977535	-0.1956882
61.6	6.937263	6.968522	-0.3073333	7	0.02142389	0.04677287	-0.4317412	0.002977535	0.1202354
61.62	7.045609	7.036813	0.2552751	7	0.009407156	0.003575897	0.8845193	-0.07335836	0.3270607
61.64	6.976303	6.968522	-0.1001061	7	0.01440025	-0.003913812	-0.4091262	0.09458104	-0.2829819
61.66	7.010481	7.036813	0.0588427	7	0.04008265	0.06720669	-0.9247269	0.03351232	0.1245031
61.68	6.907452	6.900233	-0.4156008	7	0.001047162	0.01681079	-0.06767324	0.01824514	-0.006329536
61.7	6.988738	6.968522	0.04305124	7	-0.02319463	-0.04678601	2.215142	-0.02755682	0.423748
61.72	7.060694	7.036813	0.3821532	7	0.00248567	-0.06192081	1.103671	0.04877907	-0.1228743
61.74	7.145653	7.105102	0.7435735	7	-0.00516171	-0.05547111	-0.2445936	-0.01228922	-0.4052753
61.76	6.989407	6.968522	-0.08757392	7	-0.03908508	-0.03551487	-1.670904	-0.04282358	-0.7157698
61.78	7.052347	7.036813	0.2218105	7	-0.08504634	-0.06695826	0.765475	-0.02755682	0.1473122
61.8	7.011774	7.036813	-0.03655551	7	-0.04002816	-0.03054952	-0.7763897	0.03351232	-0.2789421
61.82	6.975195	6.968522	-0.2034507	7	-0.06902611	-0.05874809	0.7574324	-0.02755682	0.03940678
61.84	6.94733	6.968522	-0.3283107	7	-0.03631873	-0.03711547	0.9398692	-0.01228922	0.1313028
61.86	6.967541	6.968522	-0.1893297	7	-0.02082497	-0.04469683	1.744318	0.09458104	0.2550001
61.88	7.066725	7.036813	0.3183373	7	-0.01334193	-0.0776359	1.983288	0.002977535	0.09399414
61.9	6.912445	6.900233	-0.4427042	7	-0.00117127	-0.04223941	0.2450692	0.04877907	-0.4111414
61.92	7.056842	7.036813	0.3124942	7	-0.01147649	-0.04292945	2.06345	0.04877907	0.4216385
61.94	7.041528	7.036813	0.1920476	7	0.02889031	-0.01069006	-0.605807	0.03351232	-0.3972263
61.96	6.993252	6.968522	-0.03979208	7	-0.01498448	-0.01869544	-0.0749948	0.03351232	-0.1597242
61.98	6.996604	6.968522	-0.0009412915	7	-0.05068031	-0.07263831	1.359309	0.01824514	0.03815556
62	7.036108	7.036813	0.172012	7	-0.01763364	-0.04508319	0.5547876	0.01824514	-0.06690502
62.02	7.057512	7.036813	0.2546442	7	-0.02500231	-0.0504385	0.2152476	0.01824514	-0.2001505
62.04	6.960824	6.968522	-0.2453014	7	-0.0182843	-0.01012872	-0.6960448	0.002977535	-0.2732983
62.06	6.898263	6.900233	-0.5008193	7	-0.04308135	-0.03034246	1.28168	-0.05809075	0.2566624
62.08	6.976005	6.968522	-0.06246864	7	-0.02730981	-0.06892477	2.74658	0.03351232	0.4266825
62.1	7.018424	6.968522	0.1742332	7	-0.02832241	-0.1255578	2.772854	-0.04282358	-0.05575275
62.12	7.060851	7.036813	0.3542791	7	0.007381376	-0.06551721	0.8072621	0.04877907	-0.2830305
62.14	7.047409	7.036813	0.2436094	7	0.01668987	-0.001871459	-0.9499682	0.07931343	-0.3709097
62.16	6.947579	6.968522	-0.2703036	7	0.01539311	0.05745509	-1.718074	0.002977535	-0.1906357
62.18	7.076039	7.036813	0.3999032	7	-0.05558164	-0.06011599	1.6257	-0.02755682	0.3454599
62.2	7.050213	7.036813	0.2140584	7	-0.03387269	-0.0700581	-0.2386712	0.06404668	-0.4727325
62.22	7.086119	7.036813	0.374166	7	-0.08875836	-0.1210812	1.063032	-0.08862512	-0.2150259
62.24	7.252896	7.241681	1.077794	7	-0.0516905	-0.07927146	-0.9143534	0.04877907	-0.4473763
62.26	6.975766	6.968522	-0.3868005	7	-0.09082129	-0.05476293	-2.922514	0.002977535	-1.074638
62.28	7.008677	7.036813	-0.2092973	7	-0.1195635	-0.04544522	0.609915	0.002977535	0.4287987
62.3	6.920021	6.968522	-0.6443478	7	-0.06484002	-0.03942244	0.5148973	-0.4092363	0.08904934
62.32	6.995351	6.968522	-0.1846075	7	-0.09106034	-0.1353301	3.956476	0.3999246	0.532383
62.34	7.063617	7.036813	0.1629262	7	-0.0394344	-0.1447371	2.934082	-0.1496943	-0.06121445
62.36	7.076142	7.036813	0.2147156	7	-0.02294628	-0.1110138	1.48064	-0.02755682	-0.3443527
62.38	7.021829	6.968522	-0.03879163	7	-0.05973577	-0.1278022	1.671353	0.03351232	-0.3277721
62.4	7.003544	6.968522	-0.104335	7	-0.07158464	-0.1336215	2.323901	-0.02755682	-0.08933735
62.42	7.061356	7.036813	0.1839618	7	-0.04949698	-0.1187688	2.117419	0.125115	-0.05045414
62.44	7.181014	7.105102	0.7531103	7	-0.07923058	-0.1824434	2.297922	-0.04282358	-0.3202934
62.46	7.061422	7.036813	0.07855012	7	-0.06190775	-0.1128036	-0.7235175	-0.1344267	-0.9004469
62.48	6.96785	6.968522	-0.3807745	7	-0.08580167	-0.06754424	0.3392137	0.1556493	-0.115243
62.5	7.023817	7.036813	-0.08563991	7	-0.06444725	-0.06819432	1.598249	-0.3481672	0.2845535
62.52	7.020913	7.036813	-0.1091216	7	-0.01557475	-0.03603291	0.4939654	0.09458104	-0.05584908
62.54	6.96315	6.968522	-0.3662564	7	-0.008941505	-0.0150881	0.5555166	0.2319852	0.02460003
62.56	7.072664	7.036813	0.2244255	7	-0.03486314	-0.08333829	2.452351	-0.1038927	0.2837954
62.58	6.901022	6.900233	-0.6142475	7	-0.003806749	-0.04621045	0.4670245	0.002977535	-0.3772717
62.6	6.995861	6.968522	-0.05656016	7	-0.0284647	-0.07209392	3.25543	0.09458104	0.548934
62.62	6.989195	6.968522	-0.06933339	7	0.009719819	-0.07292138	1.859974	-0.05809075	-0.1101542
62.64	6.98838	6.968522	-0.04599702	7	0.02144619	-0.03295936	1.257095	0.125115	-0.02074146
62.66	7.086726	7.036813	0.4570137	7	-0.001889613	-0.07022915	1.662069	0.01824514	-0.0063591
62.68	7.074564	7.036813	0.3530222	7	-0.005765339	-0.06172119	-0.151162	-0.1191595	-0.520134
62.7	6.983204	6.968522	-0.1185438	7	-0.03049273	-0.03159941	-0.5331542	0.1403826	-0.3460503
62.72	7.014881	7.036813	0.02608384	7	-0.01329605	0.01249376	-0.2848293	0.03351232	0.1264534
62.74	6.97958	6.968522	-0.1366701	7	-0.03622631	-0.03831532	0.5076006	-0.02755682	-0.02772045
62.76	6.898568	6.900233	-0.4986238	7	-0.03733213	-0.04672729	1.3074	-0.01228922	0.09496593
62.78	6.981697	6.968522	-0.03049897	7	-0.02715665	-0.07396767	2.876622	-0.02755682	0.4245148
62.8	6.968765	6.968522	-0.09070393	7	0.02778045	-0.03018697	1.015445	-0.04282358	-0.09221649
62.82	7.169784	7.105102	0.9074271	7	-0.006028958	-0.08435868	1.901672	0.125115	0.06402683
62.84	7.077533	7.036813	0.3604645	7	-0.009202804	-0.06321771	-1.497132	0.002977535	-0.9649057
62.86	7.055693	7.036813	0.2124329	7	-0.05687974	-0.03578066	-0.9172935	-0.1344267	-0.2934856
62.88	7.074703	7.036813	0.2818669	7	-0.1137973	-0.1229845	0.8014991	-0.164961	-0.1936779
62.9	6.928601	6.968522	-0.4918139	7	-0.06231744	-0.03833177	-0.879408	-0.1038927	-0.3583431
62.92	7.03291	7.036813	0.05650651	7	-0.07249843	-0.06207756	1.845868	0.07931343	0.4768448
62.94	7.05232	7.036813	0.1341404	7	-0.050541	-0.09947376	1.197274	-0.04282358	-0.1826458
62.96	7.022346	7.036813	-0.04667827	7	-0.01013441	-0.01952341	-0.406682	0.2930544	-0.2301025
62.98	7.009489	6.968522	-0.07185262	7	-0.07017136	-0.09570298	1.699214	-0.05809075	0.02069759
63	6.956489	6.968522	-0.3283197	7	-0.03001482	-0.05435488	0.9670048	-0.05809075	-0.05238819
63.02	6.958059	6.968522	-0.2812506	7	-0.004952647	-0.0213077	1.362807	0.1709169	0.2426891
63.04	7.072476	7.036813	0.3190897	7	-0.01205032	-0.07520974	2.260864	-0.05809075	0.1929064
63.06	7.062332	7.036813	0.2361223	7	0.008049745	-0.05231375	0.104414	0.002977535	-0.4319658
63.08	7.006512	6.968522	-0.03256536	7	-0.03757761	-0.06533605	0.5462724	0.04877907	-0.2555094
63.1	6.95965	6.968522	-0.2582873	7	-0.02265465	-0.02596958	0.4207709	-0.1191595	-0.01739597
63.12	6.955267	6.968522	-0.2506782	7	-0.004411971	-0.00629622	0.8690786	0.002977535	0.2149496
63.14	6.993273	6.968522	-0.01729426	7	-0.01733973	-0.05970184	2.013695	0.03351232	0.1977091
63.16	7.058572	7.036813	0.3003336	7	0.004716933	-0.0548076	1.137893	-0.07335836	-0.0752964
63.18	6.909384	6.900233	-0.4327962	7	0.003921679	-0.01816587	-0.1194037	0.002977535	-0.3450422
63.2	7.060647	7.036813	0.3563246	7	-0.01716	-0.0443803	2.046962	0.09458104	0.4364023
63.22	7.073812	7.036813	0.3825597	7	-0.01137277	-0.07661488	0.3871827	0.07931343	-0.4339046
63.24	7.058863	7.036813	0.2647333	7	-0.02382275	-0.04275191	-0.5445822	-0.04282358	-0.392168
63.26	7.066032	7.036813	0.2711564	7	-0.06324419	-0.07175473	0.06314921	-0.04282358	-0.2468643
63.28	7.068294	7.036813	0.2476501	7	-0.0937177	-0.1160051	0.615926	-0.02755682	-0.2960682
63.3	6.973115	6.968522	-0.2489625	7	-0.09372356	-0.1036765	0.4987169	0.03351232	-0.3132029
63.32	7.053902	7.036813	0.1596675	7	-0.09935899	-0.1289712	2.276812	0.03351232	0.1743526
63.34	7.033941	7.036813	0.01978303	7	-0.04947987	-0.08962785	0.5728402	0.03351232	-0.309104
63.36	7.03746	7.036813	0.02366797	7	-0.03792802	-0.04965339	0.3727691	0.03351232	-0.09462643
63.38	6.973195	6.968522	-0.2823808	7	-0.04376982	-0.0532825	0.651699	0.01824514	-0.09078026
63.4	6.960368	6.968522	-0.3105816	7	-0.02863631	-0.03949279	1.367666	-0.02755682	0.1998234
63.42	6.969588	6.968522	-0.2224937	7	-0.008067652	-0.04163052	1.743193	0.01824514	0.2064867
63.44	6.97608	6.968522	-0.1526778	7	0.01375095	-0.03105833	1.520218	0.09458104	0.1173162
63.46	7.002632	6.968522	0.02190703	7	0.003239434	-0.05785628	1.920228	0.03351232	0.07284164
63.48	7.005836	6.968522	0.06018846	7	-0.00234488	-0.07065159	1.611377	-0.08862512	-0.1078701
63.5	6.986198	6.968522	-0.0286105	7	0.00742011	-0.03770741	0.8276115	0.07931343	-0.1261969
63.52	7.067539	7.036813	0.3764331	7	-0.003226981	-0.0468075	1.030142	-0.02755682	0.001554489
63.54	7.027665	7.036813	0.1235713	7	0.03139028	0.02526709	-1.545128	0.03351232	-0.4078541
63.56	7.031427	7.036813	0.123411	7	0.01009976	0.04733441	-1.345812	0.07931343	-0.04825211
63.58	6.984875	6.968522	-0.09893737	7	-0.03975795	-0.02306386	-0.05874503	-0.04282358	-0.06610107
63.6	6.950514	6.968522	-0.2628265	7	-0.02578362	-0.01096452	0.2630553	-0.07335836	0.08656406
63.62	6.978053	6.968522	-0.09095348	7	-0.03412549	-0.05203407	1.658902	-0.01228922	0.2371006
63.64	7.046489	7.036813	0.241314	7	-0.005819687	-0.04975712	1.092591	-0.02755682	0.01120186
63.66	7.091759	7.036813	0.4499248	7	-0.03908259	-0.1023365	1.102985	0.002977535	-0.2864628
63.68	6.885249	6.900233	-0.5988702	7	-0.01564052	-0.01382496	-1.002971	0.01824514	-0.5023022
63.7	6.978802	6.968522	-0.06399067	-7	-0.04901776	-0.0491578	-66.18508	-0.07335836	-17.96141
63.72	7.063981	7.105102	0.3028208	-7	-1.313797	0.04035817	-80.93784	0.002977535	-15.45076
63.74	6.274871	6.968522	-4.153169	-7	-2.192487	0.009048641	-93.18253	-4.882518	-15.36334
63.76	5.579981	6.968522	-8.114635	-7	-2.564295	0.3686141	-94.60046	-15.98175	-10.70913
63.78	5.785792	6.968522	-7.185924	-7	-3.182366	-0.4720955	-70.7332	-32.89778	-6.947923
63.8	6.54399	7.583131	-3.864949	-7	-3.405408	-1.284722	-61.58731	-40.86725	-9.101743
63.82	6.909563	7.51484	-2.639308	-7	-3.945855	-2.295967	-54.22558	-29.84435	-12.95067
63.84	5.995753	6.968522	-7.911121	-7	-4.033817	-2.186884	-61.6201	-3.691679	-14.75003
63.86	5.963805	6.968522	-8.280535	-7	-4.232251	-2.317358	-45.18415	-6.913053	-9.432602
63.88	7.047747	7.856288	-3.314862	-7	-4.203636	-2.805486	-36.59436	-14.72985	-9.92272
63.9	5.632381	6.353915	-10.67719	-7	-4.319499	-3.029351	-42.64456	-17.14206	-15.31253
63.92	5.497701	6.353915	-11.02739	-7	-4.389555	-3.018154	-22.01733	-16.89779	-7.898891
63.94	6.029863	6.695365	-8.107149	-7	-4.198961	-3.414086	-11.76399	-11.70695	-8.438375
63.96	6.847701	6.968522	-3.912042	-7	-4.359076	-4.177542	-4.800189	3.041145	-11.6792
63.98	5.75779	6.080756	-9.41757	-7	-4.289696	-3.974666	-19.04604	9.163282	-16.12128
64	5.912237	6.353915	-8.331919	-7	-4.322327	-3.743479	-8.65678	-0.9435872	-10.05729
64.02	7.014931	7.583131	-3.119052	-7	-3.850882	-3.379041	-20.05235	-6.592442	-11.52774
64.04	4.935911	5.124701	-13.14627	-7	-4.356853	-3.811718	-20.61796	-6.607709	-16.11497
64.06	4.993402	5.466149	-11.94294	-7	-4.476085	-3.900545	7.424435	-3.172595	-6.233833
64.08	5.846942	6.080756	-7.096494	-7	-4.194488	-4.36969	14.57386	-7.294732	-8.493943
64.1	6.541013	6.353915	-3.420638	-7	-4.192145	-4.767239	9.414719	-1.935953	-13.38141
64.12	4.580136	4.783254	-12.92812	-7	-4.08298	-4.123046	-9.97468	12.07931	-16.6964
64.14	5.15885	5.397861	-9.123854	-7	-4.199311	-4.032988	14.01868	-2.836717	-6.363641
64.16	3.2949	3.758908	-17.44572	-7	-3.794632	-3.812315	6.201302	-8.500838	-10.99063
64.18	5.707382	5.739308	-4.20324	-7	-3.699961	-4.137747	34.73479	10.7816	-2.121073
64.2	3.894493	4.168647	-12.85151	-7	-2.996949	-3.501982	-7.396467	12.44573	-16.1176
64.22	3.502165	3.827197	-13.41147	-7	-3.080347	-2.874577	7.675424	7.575497	-5.437996
64.24	2.33464	2.597983	-17.44941	-7	-3.047286	-3.186119	20.68439	17.04115	-5.229773
64.26	3.229822	3.554038	-11.30382	-7	-2.504874	-2.964386	30.03148	-6.027556	-1.384798
64.28	4.886835	4.168647	-1.775841	-7	-2.799778	-4.203655	37.62196	5.621298	-7.314569
64.3	3.241153	2.871142	-9.409841	-7	-2.740112	-3.787407	3.752975	14.43046	-16.74371
64.32	2.385098	2.529693	-12.49918	-7	-2.802571	-2.899085	7.70021	21.86557	-7.508444
64.34	0.5581018	1.23219	-19.97872	-7	-2.339513	-2.117599	7.645843	-1.386335	-4.352853
64.36	0.6503474	0.8907404	-16.95089	-7	-2.315346	-2.607285	44.61844	-12.4245	3.514309
64.38	0.6883951	0.6175833	-14.43938	-7	-1.867744	-3.099618	52.18182	3.056413	-0.4881754
64.4	1.661779	1.641927	-7.943483	-7	-1.034431	-2.354011	34.22915	13.94191	-2.610484
64.42	0.5742297	0.2078438	-11.64867	-7	-1.099766	-2.190224	18.96197	22.39992	-7.577711
64.44	0.4977696	0.2761335	-10.18034	-7	-1.247239	-1.997657	24.61494	20.09458	-2.78273
64.46	1.27896	1.300479	-5.171637	-7	-0.8484284	-1.508501	9.411396	4.980076	-4.021118
64.48	0.2018617	0.002975464	-9.357943	-7	-1.147777	-1.560515	-0.8414564	-0.7756482	-7.871302
64.5	-0.3402441	-0.4067631	-10.53841	-7	-1.514866	-1.695997	12.18882	1.086947	-3.019069
64.52	-0.8946121	-0.6799221	-11.85538	-7	-1.31015	-1.543634	14.00125	-1.844351	-2.122364
64.54	-0.9337769	-0.6799221	-10.55737	-7	-0.9847688	-1.25534	15.5063	-4.042823	-0.4912319
64.56	-2.455686	-2.387164	-16.15203	-7	-1.013141	-1.411546	22.11105	3.483894	-1.382027
64.58	-2.586965	-2.728612	-14.24978	-7	-1.10526	-1.927547	51.28271	8.216717	4.334984
64.6	-2.748427	-2.728612	-12.92687	-7	-0.3827369	-1.625573	45.4164	12.12512	1.77715
64.62	-3.025767	-3.070061	-12.16834	-7	0.1590513	-0.9939828	36.48859	15.5755	1.442276
64.64	-2.911238	-3.13835	-9.479573	-7	0.3686851	-0.7492818	33.55229	15.17855	1.775975
64.66	-3.161271	-3.479798	-8.810633	-7	0.421035	-0.6600028	26.58153	15.28542	-0.1293583
64.68	-3.950914	-3.684668	-11.15499	-7	0.982775	0.5367211	4.027164	7.789236	0.05591488
64.7	-4.124331	-4.094406	-9.985454	-7	0.8373619	0.5994441	12.44574	8.460992	3.928218
64.72	-3.854417	-4.162696	-6.73845	-7	0.5352701	-0.1345121	23.19162	-3.080992	2.904659
64.74	-4.275708	-4.367564	-7.434039	-7	0.6900894	0.04877418	10.8155	5.896108	-0.3310661
64.76	-4.760619	-5.050462	-8.1423	-7	0.336253	-0.2280091	19.38608	5.056412	1.327756
64.78	-5.425966	-5.460199	-9.822735	-7	0.4229729	-0.1138443	20.20347	1.606031	2.019457
64.8	-5.859177	-5.869938	-10.15449	-7	0.5477092	-0.01916441	26.36357	0.7510693	4.083841
64.82	-6.023114	-6.143096	-9.082147	-7	0.6914859	-0.09807373	32.31049	-0.9741215	4.632675
64.84	-6.104084	-6.416255	-7.634466	-7	0.7567276	-0.2912343	36.05094	6.567863	3.83138
64.86	-6.784353	-7.167441	-9.137627	-7	0.7662763	-0.377443	37.01945	7.560228	2.739685
64.88	-5.983047	-6.074806	-3.729535	-7	1.301948	0.318998	27.61497	8.109849	4.676385
64.9	-6.738924	-6.757704	-6.364506	-7	1.655174	1.041418	2.978534	1.651833	0.2682896
64.92	-7.168618	-7.4406	-6.812911	-7	1.196106	0.8196506	15.91051	6.460993	4.364083
64.94	-6.153923	-6.416255	-0.5860732	-7	1.181661	0.5170094	19.43238	-4.790915	4.575597
64.96	-8.464259	-8.396656	-11.0236	-7	1.344652	1.048851	-3.049193	1.835039	-1.398165
64.98	-8.800542	-9.079553	-10.34182	-7	0.6683028	0.3274312	41.82235	2.430459	10.21766
65	-8.79642	-8.464945	-8.754575	-7	1.6815	0.9415578	30.76472	-6.241297	7.975836
65.02	-8.804003	-9.147842	-6.803035	-7	1.694138	0.6553773	39.16985	13.14802	7.523411
65.04	-9.714454	-9.69416	-9.609071	-7	2.239669	1.378619	24.20209	12.30832	5.747743
65.06	-8.103218	-8.055207	-0.1778915	-7	2.780111	2.142025	17.5106	14.36939	9.75638
65.08	-9.688412	-10.03561	-6.711954	-7	2.507046	1.905717	1.204484	7.178549	1.265956
65.1	-9.128016	-9.421001	-2.330056	-7	2.105912	1.72166	18.94853	13.86557	8.760023
65.12	-10.79854	-10.37706	-9.586668	-7	2.728778	2.686863	-8.483092	-13.49321	3.983677
65.14	-9.414756	-10.03561	-0.6463199	-7	1.782737	1.262097	38.85483	8.079312	12.7814
65.16	-9.806989	-9.762449	-2.043206	-7	2.549522	1.805869	2.544626	-7.645876	2.178209
65.18	-9.989417	-10.65022	-1.593316	-7	1.738655	1.122807	21.20433	18.30832	5.518152
65.2	-10.7178	-10.37706	-4.61398	-7	2.445415	2.285746	-3.782689	-13.08099	4.43066
65.22	-9.746917	-10.37706	1.558698	-7	1.636528	1.105469	27.82391	3.407558	8.844318
65.24	-10.38114	-10.37706	-1.316999	-7	2.150625	1.636464	-0.8814322	-8.027555	1.525759
65.26	-11.23462	-11.4014	-4.523764	-7	1.795394	1.673857	9.265553	9.438091	5.849374
65.28	-11.50019	-11.4014	-4.742427	-7	1.968393	1.793437	16.61582	-15.24893	8.74688
65.3	-11.2665	-11.4014	-2.411235	-7	2.066298	1.541226	24.78351	7.331221	8.945354
65.32	-11.03862	-11.33311	-0.3518654	-7	2.185033	1.406262	22.38819	3.926642	6.603314
65.34	-9.809839	-10.03561	5.992026	-7	2.510303	1.848516	5.689208	13.48389	4.95738
65.36	-11.13873	-11.4014	-0.462679	-7	2.267768	2.0684	-14.5385	4.90374	-0.3869991
65.38	-11.52434	-11.4014	-1.818766	-7	2.065755	2.456335	-6.489729	3.148016	6.897213
65.4	-10.49935	-10.37706	3.547984	-7	2.174496	2.351841	-3.045874	-6.622976	7.97191
65.42	-9.081696	-9.352711	10.16769	-7	2.044593	1.915698	-13.19173	-17.76801	2.625772
65.44	-10.67589	-10.78679	1.609395	-7	1.662909	2.038804	-35.01763	5.819772	-3.550529
65.46	-11.10092	-10.78679	-0.5178009	-7	1.320737	2.310852	-20.06631	-1.63061	5.642661
65.48	-10.3035	-9.762449	3.141696	-7	1.660472	2.474583	-19.12074	-10.4703	6.977381
65.5	-9.809895	-10.03561	5.408302	-7	1.137083	1.378747	-7.853172	-18.92832	3.312683
65.52	-9.039845	-9.079553	8.357084	-7	1.146663	1.34542	-18.9546	5.28542	0.4194126
65.54	-10.42449	-10.37706	0.7755577	-7	0.8278936	1.412804	-28.07559	1.789237	-2.198664
65.56	-10.64976	-10.37706	-0.4247494	-7	0.5822751	1.382041	-8.239385	-3.187862	5.438213
65.58	-9.778816	-9.421001	3.545292	-7	0.9495752	1.378864	-5.531394	-13.21839	5.633983
65.6	-9.282566	-9.762449	5.798919	-7	0.4013569	0.172169	7.38572	-12.71458	1.572266
65.62	-9.79804	-9.69416	2.476373	-7	0.7329938	0.7763023	-12.5077	6.934275	-1.396078
65.64	-8.709013	-8.738104	7.291721	-7	0.6398498	0.8850093	-7.815386	1.102214	2.649303
65.66	-10.2759	-10.1039	-1.150138	-7	0.6475185	1.096544	-23.09124	-6.592442	-2.480052
65.68	-9.996286	-10.1039	0.5354575	-7	0.06718904	0.417033	12.3082	-9.676411	6.357677
65.7	-9.425664	-9.079553	2.864661	-7	0.8137518	0.8447793	-1.464216	-6.134427	3.03528
65.72	-8.402351	-9.147842	7.833736	-7	0.08000726	-0.4677116	17.71718	-5.019923	1.37857
65.74	-9.629954	-9.147842	0.5494714	-7	1.026108	1.217442	-29.80413	9.331222	-4.557821
65.76	-10.20363	-10.37706	-1.876723	-7	0.1602093	0.6369339	4.901382	-1.52374	4.660164
65.78	-9.950661	-9.352711	-0.7906163	-7	0.969128	1.318653	-2.790571	-10.10389	5.398437
65.8	-8.614605	-9.48929	6.341277	-7	0.01475775	-0.678157	34.14802	-2.607709	4.782793
65.82	-9.537103	-9.421001	0.958792	-7	0.8561409	0.39153	-7.812602	6.903741	-3.980525
65.84	-9.30543	-9.48929	2.175972	-7	0.5289347	0.5474981	5.256848	12.65947	3.193745
65.86	-9.979706	-9.421001	-1.59365	-7	1.266775	1.663916	-18.64125	-8.577174	1.350712
65.88	-8.799583	-9.421001	4.824381	-7	0.2628025	0.08178031	22.33256	-5.309999	6.183987
65.9	-9.680932	-9.48929	-0.1268263	-7	0.9313393	0.7381417	-9.42717	-0.7451138	-2.056788
65.92	-9.120914	-9.421001	2.885485	-7	0.4505726	0.3825344	11.48424	6.094581	4.250448
65.94	-9.698843	-9.421001	-0.3690922	-7	1.002764	1.057825	-9.790183	-5.325266	0.2948751
65.96	-8.843183	-9.421001	4.263601	-7	0.2132318	-0.08247364	20.8479	1.712901	4.477105
65.98	-9.555856	-9.352711	0.1675483	-7	0.8753395	0.7083409	-8.299101	-4.592442	-1.536971
66	-9.11	-9.352711	2.551312	-7	0.4779129	0.4410033	8.976768	6.170917	3.81139
66.02	-9.592331	-9.421001	-0.125348	-7	0.8568717	0.8683484	-5.801813	-6.500839	0.6408806
66.04	-9.277251	-9.421001	1.625718	-7	0.6054285	0.5965132	7.551023	5.117481	3.950557
66.06	-9.552477	-9.48929	0.160531	-7	0.832319	0.7651291	-0.2493575	-4.622976	1.614429
66.08	-9.328517	-9.48929	1.449961	-7	0.6659925	0.5388838	8.646753	4.964809	3.430975
66.1	-9.308773	-9.48929	1.565156	-7	0.6555528	0.3601785	8.11733	-2.622976	1.768154
66.12	-9.42078	-9.557581	1.017738	-7	0.6727843	0.4280227	6.582796	2.628932	1.682155
66.14	-9.242846	-9.421001	1.936168	-7	0.6347678	0.3721329	8.785672	-0.6687779	2.297213
66.16	-9.238893	-9.421001	1.894568	-7	0.6336349	0.3425928	6.554024	0.01824514	1.294209
66.18	-9.356268	-9.48929	1.262064	-7	0.6305423	0.4256848	4.985998	0.2167185	1.422091
66.2	-9.320113	-9.48929	1.468786	-7	0.558575	0.3421351	8.115488	0.07931343	2.10323
66.22	-9.379885	-9.48929	1.140891	-7	0.6132944	0.3880599	6.659002	-0.1038927	1.749377
66.24	-9.301558	-9.421001	1.524329	-7	0.637358	0.4248247	7.002012	0.125115	2.14076
66.26	-9.304329	-9.421001	1.472426	-7	0.6695244	0.4604178	5.419265	0.06404668	1.750383
66.28	-9.27235	-9.421001	1.618946	-7	0.6348953	0.4299818	6.076581	0.1556493	1.870292
66.3	-9.296523	-9.421001	1.4575	-7	0.638476	0.4435759	5.225742	0.1556493	1.686326
66.32	-9.307199	-9.421001	1.377909	-7	0.6361266	0.4639246	5.233344	0.2472528	1.87417
66.34	-9.266814	-9.421001	1.576053	-7	0.5901611	0.3827422	6.884393	0.1861837	1.944599
66.36	-9.286443	-9.421001	1.440961	-7	0.5974331	0.3774117	6.293056	0.1709169	1.664409
66.38	-9.308871	-9.421001	1.300309	-7	0.6165872	0.4243608	5.822498	0.2777868	1.815948
66.4	-9.283875	-9.421001	1.423748	-7	0.5992901	0.3929262	6.865756	0.2472528	1.971662
66.42	-9.226277	-9.352711	1.667524	-7	0.6225243	0.4053237	6.128357	0.1709169	1.798626
66.44	-9.2957	-9.421001	1.286498	-7	0.6214309	0.4265735	5.207955	0.3693898	1.585793
66.46	-9.292856	-9.421001	1.304031	-7	0.5995232	0.4129487	6.452451	0.01824514	1.993425
66.48	-9.305413	-9.421001	1.23414	-7	0.6160206	0.41533	6.40144	0.03351232	1.915525
66.5	-9.3828	-9.48929	0.8716508	-7	0.6326759	0.4405519	6.465404	0.1403826	1.987514
66.52	-9.310933	-9.421001	1.265815	-7	0.6575287	0.4521191	7.353274	-0.1191595	2.349875
66.54	-9.275877	-9.421001	1.455152	-7	0.6617705	0.4175375	7.092362	0.04877907	1.935252
66.56	-9.172219	-9.352711	1.957882	-7	0.631077	0.3651597	7.243875	0.1403826	1.765922
66.58	-9.264691	-9.421001	1.446591	-7	0.618312	0.3813441	5.365793	0.002977535	1.255767
66.6	-9.298784	-9.421001	1.262138	-7	0.6054255	0.423915	5.767571	0.4457257	1.829703
66.62	-9.31403	-9.421001	1.181627	-7	0.6173424	0.4366827	6.078611	-0.2107625	1.986211
66.64	-9.285507	-9.421001	1.339588	-7	0.6050291	0.3928218	7.242201	0.5831304	2.05178
66.66	-9.292135	-9.421001	1.301902	-7	0.6228745	0.3961093	6.803631	-0.1496943	1.844622
66.68	-9.278046	-9.421001	1.37984	-7	0.6168352	0.386383	7.15082	0.1861837	1.903884
66.7	-9.362152	-9.48929	0.9773749	-7	0.6259251	0.4046592	6.78255	0.3388555	1.812183
66.72	-9.273236	-9.421001	1.45881	-7	0.6162363	0.3753756	8.382916	-0.6535107	2.230833
66.74	-9.273208	-9.421001	1.448293	-7	0.6375467	0.3744887	7.117226	-0.1954954	1.691963
66.76	-9.269093	-9.421001	1.465501	-7	0.628891	0.3875583	6.86245	0.06404668	1.761902
66.78	-9.297751	-9.421001	1.305996	-7	0.6457955	0.4337177	5.885194	0.06404668	1.754417
66.8	-9.273277	-9.421001	1.439294	-7	0.6170653	0.4009759	6.913682	-0.01228922	1.955022
66.82	-9.337006	-9.48929	1.139531	-7	0.595049	0.3587385	7.386505	-0.01228922	1.774303
66.84	-9.39558	-9.48929	0.8664588	-7	0.6471359	0.4436937	6.739727	0.1098478	2.047869
66.86	-9.305399	-9.421001	1.353153	-7	0.6730413	0.4572001	7.461257	0.07931343	2.360365
66.88	-9.282223	-9.421001	1.471839	-7	0.6874375	0.4478766	6.448054	-0.02755682	1.863042
66.9	-9.271061	-9.421001	1.52632	-7	0.6691688	0.4430571	6.104525	0.03351232	1.796769
66.92	-9.266705	-9.421001	1.539928	-7	0.6390951	0.4173732	6.192986	0.01824514	1.755665
66.94	-9.208117	-9.352711	1.790134	-7	0.6296611	0.4131266	5.830702	0.01824514	1.730771
66.96	-9.276377	-9.421001	1.409725	-7	0.6021625	0.3996297	5.321218	0.002977535	1.488905
66.98	-9.23796	-9.352711	1.559118	-7	0.6058087	0.4291188	5.491117	-0.01228922	1.870872
67	-9.394887	-9.48929	0.7646615	-7	0.6156441	0.458551	4.904454	0.07931343	1.705603
67.02	-9.308436	-9.421001	1.242182	-7	0.6058328	0.4275429	7.707681	0.04877907	2.512003
67.04	-9.324761	-9.421001	1.152397	-7	0.6688894	0.457804	6.109208	0.06404668	1.923388
67.06	-9.376505	-9.48929	0.9368657	-7	0.6736391	0.480376	6.371959	-0.02755682	2.094561
67.08	-9.291069	-9.421001	1.405481	-7	0.6758665	0.4570493	7.371867	0.04877907	2.306296
67.1	-9.298416	-9.421001	1.363269	-7	0.7051821	0.4820153	5.680816	0.1098478	1.811171
67.12	-9.261475	-9.421001	1.565109	-7	0.6609915	0.4401296	6.485293	-0.01228922	1.93474
67.14	-9.238033	-9.421001	1.67959	-7	0.6073239	0.3550315	7.170824	-0.02755682	1.696056
67.16	-9.371247	-9.48929	0.9926311	-7	0.6279395	0.4196286	5.565577	0.04877907	1.541739
67.18	-9.378633	-9.48929	0.9991424	-7	0.6265899	0.4423491	7.172309	0.04877907	2.288787
67.2	-9.319456	-9.421001	1.306635	-7	0.6769543	0.4666844	6.822021	-0.01228922	2.219154
67.22	-9.369148	-9.48929	1.08247	-7	0.6906914	0.4797358	6.143064	-0.07335836	1.945366
67.24	-9.278955	-9.421001	1.561504	-7	0.6775129	0.4557894	7.081775	-0.02755682	2.205823
67.26	-9.25386	-9.421001	1.676314	-7	0.6549388	0.4034316	6.590484	0.002977535	1.697063
67.28	-9.345717	-9.48929	1.209062	-7	0.6384465	0.420168	5.861669	-0.07335836	1.600346
67.3	-9.263724	-9.421001	1.630116	-7	0.6030022	0.3768505	7.645837	0.03351232	2.08795
67.32	-9.408995	-9.48929	0.8677504	-7	0.6759081	0.4880761	4.594402	0.03351232	1.588496
67.34	-9.285371	-9.421001	1.529122	-7	0.6391127	0.4492971	7.484432	-0.01228922	2.481802
67.36	-9.260366	-9.421001	1.636629	-7	0.6317068	0.3768761	6.937963	0.002977535	1.703386
67.38	-9.252267	-9.421001	1.652616	-7	0.6037903	0.3554689	6.826789	-0.02755682	1.61723
67.4	-9.234259	-9.352711	1.67103	-7	0.6357198	0.4303783	5.035757	0.002977535	1.595302
67.42	-9.277052	-9.421001	1.428701	-7	0.5938179	0.4052254	5.509528	0.04877907	1.646873
67.44	-9.393581	-9.48929	0.8412654	-7	0.6047945	0.4432747	5.521055	-0.04282358	1.84798
67.46	-9.382448	-9.48929	0.9508954	-7	0.6062484	0.4230906	7.782045	-0.01228922	2.424891
67.48	-9.241149	-9.421001	1.698362	-7	0.5840706	0.2957256	9.924162	0.002977535	2.226939
67.5	-9.290042	-9.421001	1.404037	-7	0.6553673	0.3801003	6.327476	0.1556493	1.400633
67.52	-9.292274	-9.421001	1.386091	-7	0.6570315	0.4496527	5.923894	-0.04282358	1.855708
67.54	-9.300352	-9.421001	1.338568	-7	0.6592054	0.4662579	5.628318	0.06404668	1.890541
67.56	-9.330091	-9.421001	1.177695	-7	0.6874464	0.5241394	4.717988	0.002977535	1.949401
67.58	-9.318183	-9.421001	1.249916	-7	0.6850098	0.5267392	5.225491	-0.01228922	2.151296
67.6	-9.299075	-9.421001	1.356872	-7	0.6722167	0.4893805	5.733173	0.03351232	2.059781
67.62	-9.35094	-9.48929	1.126426	-7	0.6430862	0.4400503	6.445659	0.01824514	1.932005
67.64	-9.374951	-9.48929	1.039759	-7	0.6556716	0.4534164	6.838208	-0.01228922	2.1278
67.66	-9.289559	-9.421001	1.489084	-7	0.6676165	0.4399625	7.340405	0.002977535	2.205754
67.68	-9.268779	-9.421001	1.583119	-7	0.6660469	0.4203282	6.477118	-0.05809075	1.749292
67.7	-9.283033	-9.421001	1.489094	-7	0.6619097	0.44728	5.548722	-0.01228922	1.694116
67.72	-9.349637	-9.48929	1.167819	-7	0.6284888	0.4305879	6.117562	-0.01228922	1.822742
67.74	-9.361171	-9.48929	1.139201	-7	0.6204215	0.4140039	7.256194	-0.1038927	2.109087
67.76	-9.377861	-9.48929	1.077934	-7	0.653924	0.4378737	7.067304	-0.05809075	2.090668
67.78	-9.307748	-9.421001	1.437046	-7	0.6911961	0.4746312	6.659499	0.06404668	2.171335
67.8	-9.261893	-9.421001	1.665271	-7	0.6698045	0.4307478	6.535626	0.01824514	1.846429
67.82	-9.263054	-9.421001	1.633539	-7	0.6462474	0.4153698	5.916683	0.06404668	1.624064
67.84	-9.302623	-9.421001	1.396247	-7	0.6523165	0.4661118	4.826928	0.002977535	1.672933
67.86	-9.409498	-9.48929	0.8590709	-7	0.6693125	0.5335879	4.39727	-0.04282358	1.94707
67.88	-9.318473	-9.421001	1.345992	-7	0.6640393	0.5054889	6.434373	0.09458104	2.49668
67.9	-9.307698	-9.421001	1.388584	-7	0.6867954	0.4885272	5.539482	0.06404668	1.931592
67.92	-9.401875	-9.48929	0.9236767	-7	0.7103301	0.5537952	4.451521	-0.05809075	1.93227
67.94	-9.313524	-9.421001	1.399288	-7	0.7012394	0.5387266	5.977263	0.06404668	2.444932
67.96	-9.208165	-9.352711	1.901312	-7	0.6904829	0.4749971	5.649287	0.04877907	1.914552
67.98	-9.269971	-9.421001	1.549322	-7	0.6548653	0.4524876	4.521542	-0.01228922	1.428373
68	-9.282778	-9.421001	1.465458	-7	0.6107677	0.4344521	5.455097	-0.01228922	1.808676
68.02	-9.329735	-9.421001	1.194972	-7	0.6356514	0.4779842	4.762916	0.06404668	1.834738
68.04	-9.275556	-9.421001	1.480399	-7	0.5886118	0.3943529	7.132643	0.03351232	2.127308
68.06	-9.360027	-9.48929	1.055961	-7	0.5968983	0.375953	6.801724	-0.07335836	1.732749
68.08	-9.334004	-9.421001	1.184415	-7	0.6543421	0.4648882	6.375384	0.002977535	2.165751
68.1	-9.285002	-9.421001	1.444533	-7	0.6500245	0.4310938	6.93314	0.06404668	2.069003
68.12	-9.284746	-9.421001	1.435851	-7	0.6559372	0.4309726	6.196205	-0.02755682	1.790975
68.14	-9.261805	-9.421001	1.551144	-7	0.6222278	0.3928198	6.812692	-0.07335836	1.832077
68.16	-9.344655	-9.48929	1.140226	-7	0.6073589	0.3815125	6.68434	0.002977535	1.684534
68.18	-9.286627	-9.421001	1.438996	-7	0.6113738	0.3866581	7.556692	0.03351232	2.092252
68.2	-9.282444	-9.421001	1.443477	-7	0.6273695	0.3878967	6.78838	-0.05809075	1.761415
68.22	-9.260238	-9.421001	1.549633	-7	0.6036898	0.3613122	7.227569	-0.04282358	1.791091
68.24	-9.272618	-9.421001	1.464832	-7	0.6015576	0.3628954	6.763556	0.01824514	1.661049
68.26	-9.359466	-9.48929	1.034819	-7	0.6011506	0.386924	6.678188	0.04877907	1.759387
68.28	-9.298118	-9.421001	1.356689	-7	0.6170173	0.3999069	7.587938	0.002977535	2.186625
68.3	-9.293789	-9.421001	1.368245	-7	0.6455294	0.4132448	6.632881	0.002977535	1.835171
68.32	-9.294662	-9.421001	1.358775	-7	0.6555766	0.4433997	6.114711	0.002977535	1.870435
68.34	-9.301621	-9.421001	1.319667	-7	0.6626495	0.4664373	5.723971	-0.07335836	1.904175
68.36	-9.265363	-9.421001	1.51431	-7	0.622972	0.4036832	6.938293	0.002977535	1.960792
68.38	-9.390619	-9.48929	0.8803682	-7	0.6596906	0.4687998	5.27646	-0.1038927	1.709947
68.4	-9.303331	-9.421001	1.355308	-7	0.653776	0.4658183	7.110101	-0.01228922	2.41389
68.42	-9.266019	-9.421001	1.546874	-7	0.6435114	0.3976017	7.120859	-0.02755682	1.871675
68.44	-9.257155	-9.421001	1.579778	-7	0.6232972	0.3737674	6.873917	0.01824514	1.682611
68.46	-9.286164	-9.421001	1.40727	-7	0.6289093	0.4091279	5.949189	0.03351232	1.655194
68.48	-9.382466	-9.48929	0.9318395	-7	0.6374297	0.4573457	5.688044	-0.02755682	1.861168
68.5	-9.316634	-9.421001	1.2852	-7	0.6541151	0.4699906	6.783201	0.04877907	2.34321
68.52	-9.268071	-9.421001	1.538894	-7	0.6397069	0.4005995	7.231558	-0.01228922	1.954784
68.54	-9.277902	-9.421001	1.470991	-7	0.644101	0.4094037	6.260867	0.03351232	1.685253
68.56	-9.353544	-9.48929	1.104472	-7	0.6280796	0.4189842	6.344015	0.002977535	1.792747
68.58	-9.370358	-9.48929	1.05504	-7	0.6335533	0.4290995	7.201355	-0.04282358	2.149078
68.6	-9.304875	-9.421001	1.394409	-7	0.6689705	0.4471157	7.05776	-0.02755682	2.167995
68.62	-9.346597	-9.48929	1.207377	-7	0.663208	0.4305778	6.724354	-0.02755682	1.850798
68.64	-9.276922	-9.421001	1.567105	-7	0.6592823	0.4267862	7.102227	0.03351232	2.054631
68.66	-9.279191	-9.421001	1.532639	-7	0.6642113	0.4334567	5.907495	-0.07335836	1.686215
68.68	-9.265241	-9.421001	1.589784	-7	0.6297954	0.4107359	6.241501	-0.04282358	1.770205
68.7	-9.267303	-9.421001	1.555225	-7	0.6037278	0.3809375	6.381308	-0.02755682	1.689235
68.72	-9.37065	-9.48929	1.02661	-7	0.6089655	0.4132779	5.913971	-0.01228922	1.705687
68.74	-9.263545	-9.352711	1.539792	-7	0.6557448	0.4801233	5.970509	0.03351232	2.244174
68.76	-9.286205	-9.421001	1.409518	-7	0.643288	0.4408133	5.603143	0.01824514	1.739906
68.78	-9.136593	-9.284422	2.106106	-7	0.6269596	0.4155524	5.930326	-0.01228922	1.878179
68.8	-9.293288	-9.421001	1.251992	-7	0.6173152	0.4335542	3.719784	-0.02755682	1.162502
68.82	-9.306175	-9.421001	1.191931	-7	0.578914	0.4326359	5.910352	-0.04282358	2.083259
68.84	-9.339088	-9.421001	1.017935	-7	0.6200588	0.4560255	5.764461	-0.01228922	2.035059
68.86	-9.328502	-9.421001	1.089358	-7	0.6473559	0.473882	6.27005	-0.01228922	2.217361
68.88	-9.380309	-9.48929	0.8768193	-7	0.6585317	0.4640843	6.699778	0.002977535	2.133459
68.9	-9.23657	-9.352711	1.612866	-7	0.6900383	0.4736237	7.008544	0.002977535	2.336514
68.92	-9.301938	-9.421001	1.268316	-7	0.7133901	0.5049855	4.648202	-0.1344267	1.609586
68.94	-9.266254	-9.421001	1.477897	-7	0.6520937	0.4542028	6.384941	0.002977535	2.056775
68.96	-9.306327	-9.421001	1.261951	-7	0.6685712	0.4734257	5.239788	0.04877907	1.767979
68.98	-9.293884	-9.421001	1.33649	-7	0.6492309	0.4622449	6.031848	-0.02755682	2.031881
69	-9.290852	-9.421001	1.353681	-7	0.6424903	0.4386421	6.209991	-0.01228922	1.92184
69.02	-9.270137	-9.421001	1.463403	-7	0.6170263	0.3927691	6.946148	0.01824514	1.896054
69.04	-9.288442	-9.421001	1.35651	-7	0.6256832	0.4041468	6.339653	0.06404668	1.751349
69.06	-9.282548	-9.421001	1.384985	-7	0.6159078	0.3994552	6.710483	0.01824514	1.881875
69.08	-9.300776	-9.421001	1.282197	-7	0.6330068	0.424863	6.162024	0.06404668	1.834741
69.1	-9.311259	-9.421001	1.22789	-7	0.6505198	0.4599636	5.892953	-0.07335836	1.961007
69.12	-9.323378	-9.421001	1.16966	-7	0.6758467	0.4996116	5.447649	0.002977535	2.029373
69.14	-9.30178	-9.421001	1.297423	-7	0.6693417	0.4828684	6.040694	-0.07335836	2.112262
69.16	-9.213266	-9.352711	1.72792	-7	0.6616511	0.4476831	6.14486	0.07931343	1.963415
69.18	-9.279747	-9.421001	1.369711	-7	0.6433772	0.4362192	5.14546	-0.01228922	1.531329
69.2	-9.317962	-9.421001	1.169948	-7	0.6469657	0.4841916	5.093454	0.002977535	1.919371
69.22	-9.445293	-9.557581	0.5963258	-7	0.6227466	0.4520591	6.654135	-0.04282358	2.116249
69.24	-9.390227	-9.48929	0.9473398	-7	0.6565467	0.4520466	8.362384	0.09458104	2.619587
69.26	-9.312783	-9.421001	1.358517	-7	0.7239014	0.4831905	7.119338	0.01824514	2.221685
69.28	-9.28632	-9.421001	1.498666	-7	0.7369193	0.5075332	5.723376	0.03351232	1.893755
