0	-1.030517	-0.9530802	-4.834524	0	-0.03817659	0.04584511	1.700632	-0.02999904	0
0.02	-1.168409	-1.02137	-4.804189	0	0.05112921	0.05871955	16.79484	0.1379395	4.745878
0.04	-1.080247	-1.08966	-3.602354	0	0.2836441	-0.1414525	23.94375	1.115039	4.222594
0.06	-1.027692	-1.08966	-2.67721	0	0.6172456	0.02732483	20.53195	15.80206	2.953594
0.08	-1.004798	-1.02137	-2.005774	0	0.9533116	0.4843411	11.65722	11.02343	2.437672
0.1	-0.8906199	-0.9530802	-0.9211695	0	1.08277	0.7634095	5.763718	13.26771	2.396741
0.12	-0.8762705	-0.9530802	-0.4393575	0	1.087705	0.8946751	0.3018289	6.9471	1.764215
0.14	-1.141919	-1.08966	-1.424216	0	1.11329	1.147759	-5.991484	0.4127487	1.654254
0.16	-0.9804322	-1.02137	-0.1979757	0	0.9341856	0.9938931	-1.107852	1.176107	3.008884
0.18	0.4882912	0.3444233	6.931059	0	0.9218962	0.7939009	-5.317786	-0.3964114	1.658181
0.2	0.03147812	0.002975464	3.893102	0	0.8720938	1.079909	-32.47904	0.3211461	-5.205604
0.22	-0.07209404	0.002975464	2.901627	0	0.3832925	1.160407	-29.74784	0.5959549	-1.171495
0.24	-0.5044481	-0.06531429	0.1926856	0	0.323684	1.33118	-32.94066	-5.0529	-0.5358845
0.26	-0.04925364	0.002975464	2.299492	0	-0.2101891	0.4846643	-11.01251	-19.67885	2.116421
0.28	-0.5054233	-0.2701836	-0.3950914	0	-0.1562473	0.302018	-14.02284	-8.365876	-1.107762
0.3	-0.05535403	-0.2701836	1.877267	0	-0.6461838	-0.5554814	9.180125	-3.526182	1.577262
0.32	-0.6715273	-0.3384733	-1.645713	0	-0.1002345	0.02964902	-7.799067	-1.434579	-1.810171
0.34	-0.211712	-0.3384733	0.822767	0	-0.3854447	-0.3689038	11.22225	0.8707641	2.414758
0.36	-0.6468347	-0.3384733	-1.621528	0	0.1720486	0.2198479	-5.702971	-2.472747	-0.8963277
0.38	-0.08701155	-0.2701836	1.400082	0	-0.1258102	-0.1985174	10.31633	1.970001	2.315012
0.4	-0.6892897	-0.3384733	-1.891884	0	0.455732	0.5690576	-11.87502	-0.2132052	-1.388037
0.42	-0.1947227	-0.4067631	0.9466983	0	-0.01440798	0.009825081	8.911549	1.389848	2.900973
0.44	-0.6261429	-0.3384733	-1.413125	0	0.4751264	0.5543736	-9.567942	-1.480381	-0.8356022
0.46	-0.05753058	-0.2701836	1.695781	0	0.07011896	0.05412859	6.891933	2.229543	2.370532
0.48	-0.4640726	-0.2701836	-0.5869522	0	0.425769	0.481428	-10.45866	0.1379395	-1.445893
0.5	-0.3101179	-0.3384733	0.3254373	0	0.1894935	0.3627838	-1.451173	1.924199	1.596211
0.52	-0.5645006	-0.3384733	-1.029389	0	0.406848	0.6294783	-9.189747	-1.113969	0.2790356
0.54	-0.306422	-0.3384733	0.4363499	0	0.1952594	0.330678	0.5855857	0.8707641	1.984316
0.56	-0.4098083	-0.4067631	-0.07757322	0	0.2068432	0.2069818	-1.472145	-0.3811446	0.1011952
0.58	-0.4773773	-0.4067631	-0.3877263	0	0.2520349	0.3387411	-2.459198	1.313512	0.7040977
0.6	-0.45048	-0.3384733	-0.2299453	0	0.3326253	0.4654676	-3.725737	-0.4880144	1.069679
0.62	-0.2691914	-0.2701836	0.7139824	0	0.2750702	0.3412088	-1.797976	0.3974816	0.9937852
0.64	-0.2982403	-0.3384733	0.5461792	0	0.2023824	0.2182343	-2.469501	0.03106925	-0.02259216
0.66	-0.4462303	-0.3384733	-0.2648584	0	0.2754556	0.4241914	-6.252813	-0.01473186	0.1546283
0.68	-0.4063261	-0.3384733	-0.03085679	0	0.2313791	0.4061281	-3.534949	0.09213839	1.120393
0.7	-0.3819235	-0.3384733	0.1020115	0	0.2153729	0.3202203	-2.60521	-0.1826708	0.7659934
0.72	-0.3948478	-0.3384733	0.02802068	0	0.2316038	0.3312957	-3.172406	0.0005348892	0.5924832
0.74	-0.325069	-0.2701836	0.353822	0	0.2436461	0.3505351	-3.439405	0.09213839	0.6917969
0.76	-0.402265	-0.4067631	-0.01048101	0	0.1672217	0.2398424	-2.102097	0.0005348892	0.3802544
0.78	-0.4018943	-0.3384733	-0.01903814	0	0.2012632	0.294453	-2.456166	-0.01473186	0.6683175
0.8	-0.3843359	-0.3384733	0.07256958	0	0.2091157	0.294678	-2.241556	0.1074051	0.6963323
0.82	-0.3151855	-0.2701836	0.3908236	0	0.2287682	0.3097937	-2.875469	0.0005348892	0.5988132
0.84	-0.344111	-0.2701836	0.1861894	0	0.264872	0.3893017	-5.236691	-0.1216026	0.3118634
0.86	-0.3741267	-0.3384733	0.04364257	0	0.2031893	0.3404919	-3.712455	0.07687078	0.6127106
0.88	-0.3722872	-0.3384733	0.06109168	0	0.170773	0.2730756	-2.285721	0.09213839	0.673182
0.9	-0.4877322	-0.4067631	-0.5079077	0	0.2090265	0.3236789	-3.053779	-0.04526665	0.5863851
0.92	-0.3226218	-0.2701836	0.3439698	0	0.2211211	0.312785	-1.293128	0.09213839	1.189585
0.94	-0.3419296	-0.3384733	0.239737	0	0.2043505	0.2391207	-2.058137	0.0005348892	0.2805572
0.96	-0.4063698	-0.3384733	-0.1057454	0	0.2417757	0.3432051	-3.829314	0.03106925	0.4134178
0.98	-0.4279117	-0.4067631	-0.1561108	0	0.1856017	0.2779952	-1.453109	-0.09106776	0.8351728
1	-0.4460013	-0.4067631	-0.2060988	0	0.1980608	0.2566635	-0.9185011	0.0005348892	0.7797975
1.02	-0.3887749	-0.3384733	0.09596857	0	0.2430362	0.2975106	-1.462136	-0.1368693	0.8170007
1.04	-0.3038604	-0.2701836	0.4981998	0	0.2671705	0.3235036	-2.783251	0.0158025	0.5577161
1.06	-0.3387297	-0.3384733	0.3081508	0	0.2180832	0.2829489	-3.185924	-0.04526665	0.2223423
1.08	-0.3857708	-0.3384733	0.04954225	0	0.2118707	0.3199595	-3.693404	0.0005348892	0.4148798
1.1	-0.4588288	-0.4067631	-0.2925381	0	0.1923672	0.3107105	-2.690586	0.1379395	0.6850485
1.12	-0.4308323	-0.4067631	-0.0946909	0	0.1647749	0.2326304	-0.2195897	0.03106925	0.9771668
1.14	-0.4750628	-0.4067631	-0.3004392	0	0.2348401	0.2938544	-1.680513	-0.1063349	0.6788104
1.16	-0.483037	-0.4067631	-0.2966668	0	0.2854708	0.3759906	-2.202274	0.04633686	0.9649466
1.18	-0.3856268	-0.3384733	0.2257738	0	0.3041574	0.3794233	-2.141046	-0.02999904	1.005887
1.2	-0.3111988	-0.2701836	0.5651938	0	0.3249927	0.4032153	-4.194536	-0.09106776	0.5027287
1.22	-0.4418092	-0.4067631	-0.09297225	0	0.2787558	0.4030997	-5.088454	0.03106925	0.259672
1.24	-0.3793052	-0.3384733	0.2377928	0	0.2320498	0.3640277	-3.037116	-0.01473186	0.9379504
1.26	-0.4053298	-0.3384733	0.07697237	0	0.2534973	0.3728364	-4.217797	-0.07580101	0.5146896
1.28	-0.3881151	-0.3384733	0.1590443	0	0.2326821	0.3581367	-3.510103	0.09213839	0.7229698
1.3	-0.4654097	-0.4067631	-0.220944	0	0.2265727	0.3484818	-3.4543	0.04633686	0.6048517
1.32	-0.382008	-0.3384733	0.215295	0	0.2157107	0.3146355	-1.891669	-0.04526665	0.9760253
1.34	-0.3643819	-0.3384733	0.2862639	0	0.2159062	0.2779176	-2.408083	-0.02999904	0.4783997
1.36	-0.3411343	-0.3384733	0.3882805	0	0.1800611	0.2346472	-1.957725	0.0158025	0.42815
1.38	-0.3251275	-0.2701836	0.3963155	0	0.2173627	0.3071002	-3.933106	0.0005348892	0.2970452
1.4	-0.3931006	-0.3384733	0.02105907	0	0.2042492	0.3351113	-4.355869	0.06160403	0.3681992
1.42	-0.3349671	-0.3384733	0.3298059	0	0.120775	0.2041999	-1.067443	0.07687078	0.7445843
1.44	-0.4292038	-0.4067631	-0.1527463	0	0.1214955	0.1684342	-1.282742	0.0005348892	0.2790814
1.46	-0.3840099	-0.3384733	0.07324475	0	0.1530705	0.2121081	-0.7719304	-0.07580101	0.7599921
1.48	-0.396594	-0.3384733	-0.007963538	0	0.2074916	0.2714466	-2.196779	-0.01473186	0.5199213
1.5	-0.3559647	-0.3384733	0.2101036	0	0.1895938	0.2467121	-1.34621	-0.01473186	0.6704176
1.52	-0.3728357	-0.3384733	0.1108187	0	0.2063572	0.26493	-2.329423	-0.01473186	0.4176727
1.54	-0.3602211	-0.3384733	0.1765257	0	0.1899097	0.2556781	-1.903719	0.1379395	0.5597387
1.56	-0.2722958	-0.2701836	0.5915633	0	0.1693727	0.2102656	-1.537256	-0.01473186	0.4732965
1.58	-0.3837491	-0.3384733	-0.01972502	0	0.1915898	0.2711083	-3.822884	0.04633686	0.03865333
1.6	-0.3856729	-0.3384733	-0.02121052	0	0.1712188	0.2855897	-2.422678	-0.02999904	0.7344466
1.62	-0.3341658	-0.2701836	0.2095421	0	0.2058077	0.3046259	-2.848492	0.0005348892	0.6695467
1.64	-0.3897636	-0.3384733	-0.07804576	0	0.2079347	0.3110466	-3.321201	-0.01473186	0.4616611
1.66	-0.2781511	-0.2701836	0.4873959	0	0.1636331	0.2328977	-1.297521	0.03106925	0.7637948
1.68	-0.4524818	-0.4067631	-0.4001463	0	0.1809272	0.2555828	-3.082985	-0.1216026	0.1089243
1.7	-0.4728771	-0.4067631	-0.4412758	0	0.1875652	0.2965137	-1.228213	-0.04526665	1.062032
1.72	-0.4365942	-0.3384733	-0.2341475	0	0.2761225	0.3720232	-2.224028	0.06160403	1.033688
1.74	-0.3031213	-0.2701836	0.4536599	0	0.2832189	0.3477052	-2.10633	0.183741	0.8988166
1.76	-0.4224891	-0.4067631	-0.1288942	0	0.2545486	0.3194072	-3.298851	-0.09106776	0.2246707
1.78	-0.3360502	-0.3384733	0.3444662	0	0.1938991	0.2539845	-0.9262246	-0.01473186	0.8507805
1.8	-0.3367391	-0.3384733	0.3248407	0	0.180608	0.2034617	-1.543024	-0.02999904	0.2762496
1.82	-0.4086612	-0.3384733	-0.07536602	0	0.2319673	0.3265167	-3.864239	0.0158025	0.3175136
1.84	-0.3183452	-0.2701836	0.367214	0	0.2224813	0.3356233	-2.984456	0.04633686	0.8163574
1.86	-0.3766156	-0.3384733	0.05429822	0	0.2091286	0.3069913	-3.600428	0.0005348892	0.3369283
1.88	-0.441471	-0.4067631	-0.2387955	0	0.1717598	0.2741041	-2.083126	0.0005348892	0.6646941
1.9	-0.2718935	-0.2701836	0.6188058	0	0.1486238	0.1841929	0.04051313	0.09213839	0.8838393
1.92	-0.3568811	-0.3384733	0.1407619	0	0.1740462	0.2001678	-2.535683	0.0005348892	-0.0582182
1.94	-0.480148	-0.4067631	-0.4713987	0	0.1988973	0.3138953	-3.144423	0.03106925	0.5210266
1.96	-0.5062024	-0.4067631	-0.5472542	0	0.2421261	0.3782094	-2.29323	0.07687078	1.155797
1.98	-0.3735784	-0.3384733	0.1790141	0	0.2436043	0.3060485	-0.4716339	0.04633686	1.212797
2	-0.369385	-0.3384733	0.1954775	0	0.2757251	0.313061	-2.503194	0.07687078	0.4321985
2.02	-0.3198171	-0.3384733	0.46101	0	0.213746	0.2509288	-1.559083	0.06160403	0.5146989
2.04	-0.4180785	-0.4067631	-0.03533822	0	0.1935642	0.2435929	-2.373608	-0.1521369	0.2040383
2.06	-0.4897617	-0.4067631	-0.3827388	0	0.2360024	0.3515475	-3.029317	0.04633686	0.7243198
2.08	-0.4067048	-0.3384733	0.0624662	0	0.2598144	0.3675491	-2.199314	0.09213839	1.106194
2.1	-0.2507746	-0.2701836	0.8402486	0	0.2136986	0.239783	-1.173953	0.06160403	0.6426521
2.12	-0.4234255	-0.4067631	-0.06620169	0	0.2063256	0.2608162	-3.774362	0.0005348892	-0.1771743
2.14	-0.4171573	-0.4067631	0.00667521	0	0.1427122	0.2253831	-0.8482412	0.09213839	0.8207417
2.16	-0.3683407	-0.3384733	0.2389243	0	0.1680248	0.2082621	-0.9210268	0.0005348892	0.6133463
2.18	-0.3928605	-0.3384733	0.08114892	0	0.2170162	0.2839293	-2.803812	-0.1521369	0.3899617
2.2	-0.3740583	-0.3384733	0.1726771	0	0.20787	0.2937045	-2.44996	0.06160403	0.6314495
2.22	-0.3632142	-0.3384733	0.2183622	0	0.1937151	0.2653803	-2.24475	-0.02999904	0.5229046
2.24	-0.2745091	-0.2701836	0.6294405	0	0.1700179	0.2202011	-1.845101	-0.1063349	0.4637858
2.26	-0.3970802	-0.3384733	-0.0488151	0	0.2015064	0.2988304	-4.454069	0.0005348892	0.02885168
2.28	-0.4786782	-0.4067631	-0.4306499	0	0.187455	0.3356206	-3.049564	0.1074051	0.8039995
2.3	-0.4999807	-0.4067631	-0.4889017	0	0.2265811	0.3563097	-2.088238	-0.0605334	1.118253
2.32	-0.3917272	-0.3384733	0.09904823	0	0.2521321	0.3266387	-1.086177	0.07687078	1.150508
2.34	-0.2814312	-0.2701836	0.6361173	0	0.2601152	0.2903013	-2.06734	-0.04526665	0.5435786
2.36	-0.3650102	-0.3384733	0.1779269	0	0.2537072	0.3288233	-4.344533	-0.07580101	0.05931953
2.38	-0.3946138	-0.3384733	0.02198377	0	0.2343776	0.3702725	-4.10289	0.0005348892	0.6030359
2.4	-0.4244893	-0.3384733	-0.13489	0	0.2524175	0.4050758	-4.341701	0.03106925	0.7394621
2.42	-0.3871568	-0.3384733	0.07519194	0	0.2259797	0.3492028	-2.776862	-0.04526665	0.9057375
2.44	-0.3929652	-0.3384733	0.04194787	0	0.2368437	0.3378524	-3.154164	0.0158025	0.6284612
2.46	-0.3522237	-0.3384733	0.2608628	0	0.1963874	0.2704519	-1.845214	-0.01473186	0.6793903
2.48	-0.3178689	-0.2701836	0.3829108	0	0.2268089	0.3059261	-3.408085	-0.02999904	0.4006808
2.5	-0.333043	-0.2701836	0.2507635	0	0.2405334	0.3662413	-4.906829	0.0158025	0.3454604
2.52	-0.3900667	-0.3384733	-0.04350564	0	0.2025628	0.3478006	-4.165366	0.0158025	0.5322
2.54	-0.3577476	-0.3384733	0.1395344	0	0.1456143	0.2431294	-1.571028	-0.04526665	0.7776761
2.56	-0.3769743	-0.3384733	0.029186	0	0.1610404	0.2263363	-1.826199	0.1074051	0.4733344
2.58	-0.3956645	-0.3384733	-0.0710077	0	0.1915331	0.2752163	-2.279507	0.04633686	0.5924448
2.6	-0.3119132	-0.2701836	0.3370317	0	0.2052649	0.2817149	-2.11279	0.0005348892	0.7153944
2.62	-0.3092222	-0.2701836	0.307746	0	0.217541	0.296932	-3.520798	0.0005348892	0.3065635
2.64	-0.3197615	-0.2701836	0.2167956	0	0.2120149	0.3278839	-4.139316	0.0005348892	0.3914353
2.66	-0.3056959	-0.2701836	0.2635071	0	0.1783843	0.2932201	-3.408242	0.1074051	0.4983092
2.68	-0.3202095	-0.2701836	0.1532798	0	0.1741906	0.2875189	-3.593742	0.0158025	0.406378
2.7	-0.5154032	-0.4067631	-0.81937	0	0.2113791	0.3777698	-4.564387	0.09213839	0.5124825
2.72	-0.4173126	-0.3384733	-0.2461938	0	0.2097725	0.3492338	-1.10455	0.03106925	1.519934
2.74	-0.4064461	-0.3384733	-0.1628531	0	0.2655073	0.3382995	-2.083997	0.03106925	0.8183143
2.76	-0.3515895	-0.3384733	0.1606893	0	0.2430865	0.291542	-1.249239	0.3516805	0.7993661
2.78	-0.3389226	-0.3384733	0.2408068	0	0.2237108	0.2514645	-1.552153	-0.1674037	0.4521162
2.8	-0.2925322	-0.2701836	0.4451522	0	0.2306292	0.2827967	-2.722353	-0.1521369	0.3885708
2.82	-0.4308091	-0.4067631	-0.2399123	0	0.1970511	0.2812144	-3.125564	0.0005348892	0.236091
2.84	-0.4564567	-0.4067631	-0.3165485	0	0.1858687	0.2851478	-1.387009	0.0005348892	0.9232656
2.86	-0.3172151	-0.2701836	0.383697	0	0.2256159	0.2832812	-1.244997	0.04633686	0.9296076
2.88	-0.4430726	-0.4067631	-0.2434673	0	0.2365923	0.2998565	-3.025571	0.1532067	0.2434728
2.9	-0.4325807	-0.4067631	-0.1273061	0	0.2032275	0.2803751	-0.9511844	0.0005348892	0.9443676
2.92	-0.3259708	-0.2701836	0.3882298	0	0.2621313	0.3219841	-2.279518	-0.1216026	0.745158
2.94	-0.408249	-0.3384733	-0.053985	0	0.2983086	0.4085213	-5.013593	0.0005348892	0.3062261
2.96	-0.3526179	-0.3384733	0.2612625	0	0.220972	0.3306431	-2.467899	0.1074051	0.8654112
2.98	-0.4336175	-0.4067631	-0.1322914	0	0.1992034	0.2763112	-2.445526	-0.09106776	0.4341027
3	-0.46057	-0.4067631	-0.23485	0	0.2087156	0.2995368	-1.789196	0.0005348892	0.8187263
3.02	-0.4440315	-0.4067631	-0.1055779	0	0.2148032	0.2765087	-0.8683744	0.1226728	0.8991942
3.04	-0.4620588	-0.4067631	-0.1690471	0	0.2593601	0.3201017	-1.817172	-0.0605334	0.742977
3.06	-0.4790064	-0.4067631	-0.2204768	0	0.3040927	0.3964507	-2.779156	-0.1521369	0.8641831
3.08	-0.3715545	-0.3384733	0.3498081	0	0.2972378	0.3737089	-2.207747	0.1532067	0.9759735
3.1	-0.3934765	-0.4067631	0.2592377	0	0.2418346	0.2814976	-2.110897	0.03106925	0.3970762
3.12	-0.2759976	-0.2701836	0.8055561	0	0.227149	0.2759424	-2.48351	0.0158025	0.4768837
3.14	-0.3092704	-0.2701836	0.5380099	0	0.2375608	0.3329283	-5.37563	0.06160403	-0.05573175
3.16	-0.3768179	-0.3384733	0.1572797	0	0.1791183	0.327996	-4.731522	0.03106925	0.3160926
3.18	-0.3282505	-0.2701836	0.3512783	0	0.1638808	0.3071124	-3.712929	-0.1368693	0.6384161
3.2	-0.42774	-0.3384733	-0.1978067	0	0.1918399	0.3462389	-4.791377	0.1074051	0.3850447
3.22	-0.3987027	-0.3384733	-0.03605342	0	0.1678824	0.308571	-2.417214	0.03106925	0.9653955
3.24	-0.3253701	-0.2701836	0.303883	0	0.1944656	0.2853571	-2.463764	-0.02999904	0.6966414
3.26	-0.3154663	-0.2701836	0.3068861	0	0.2074369	0.2982013	-3.564964	-0.07580101	0.36257
3.28	-0.3947455	-0.3384733	-0.1094677	0	0.2003009	0.323881	-3.955837	0.06160403	0.4006237
3.3	-0.4823759	-0.4067631	-0.5123283	0	0.1985878	0.3388996	-2.877638	0.04633686	0.8210254
3.32	-0.418459	-0.3384733	-0.1505883	0	0.2343426	0.3468021	-1.763014	-0.1063349	1.175645
3.34	-0.3594203	-0.3384733	0.1787376	0	0.2285542	0.2770448	-1.179268	0.1074051	0.7861896
3.36	-0.3575386	-0.3384733	0.1899307	0	0.2319771	0.2739212	-2.075992	0.1379395	0.4437967
3.38	-0.419765	-0.3384733	-0.1412714	0	0.2843636	0.3961188	-4.390704	-0.0605334	0.4754785
3.4	-0.3741387	-0.3384733	0.1237576	0	0.2422113	0.3556005	-2.651424	0.03106925	0.9118952
3.42	-0.4578522	-0.4067631	-0.2731024	0	0.2426113	0.3407773	-3.040967	0.0005348892	0.5734056
3.44	-0.3961421	-0.3384733	0.06412211	0	0.2531267	0.3548077	-2.28956	0.03106925	0.9869854
3.46	-0.4438702	-0.4067631	-0.1441855	0	0.2472535	0.3251305	-2.414121	0.04633686	0.6304599
3.48	-0.4386733	-0.4067631	-0.07083502	0	0.2349039	0.3065114	-1.490619	-0.01473186	0.847802
3.5	-0.3192706	-0.2701836	0.5058497	0	0.2778062	0.3436975	-2.650432	-0.1063349	0.7433552
3.52	-0.3954312	-0.4067631	0.1333015	0	0.2123447	0.2661575	-2.592736	0.2600769	0.2330188
3.54	-0.2791678	-0.2701836	0.6863133	0	0.1889718	0.2479023	-1.953595	-0.1216026	0.5868931
3.56	-0.3094364	-0.2701836	0.4443685	0	0.2080004	0.2908622	-4.508849	-0.1521369	0.002641521
3.58	-0.4711635	-0.4067631	-0.3822454	0	0.1842126	0.3372392	-4.543535	0.1379395	0.3380163
3.6	-0.4933049	-0.4067631	-0.4481349	0	0.1863657	0.3413916	-2.245258	0.0158025	1.142341
3.62	-0.4242079	-0.3384733	-0.07919133	0	0.2437211	0.3491441	-1.935349	-0.02999904	1.112695
3.64	-0.4543962	-0.4067631	-0.1922569	0	0.2567424	0.3333118	-2.126571	0.1379395	0.7523096
3.66	-0.2775803	-0.2701836	0.7040429	0	0.2414986	0.2831618	-1.167401	-0.0605334	0.8845326
3.68	-0.3626804	-0.3384733	0.2258167	0	0.2515545	0.3079454	-4.153884	-0.07580101	-0.03945651
3.7	-0.3707597	-0.3384733	0.178381	0	0.211126	0.3242507	-3.407166	0.07687078	0.5564152
3.72	-0.324666	-0.2701836	0.3662989	0	0.2182038	0.3324487	-3.766627	-0.09106776	0.5594141
3.74	-0.3260585	-0.2701836	0.3040007	0	0.2177574	0.3444219	-4.587287	0.0005348892	0.3815134
3.76	-0.4695836	-0.4067631	-0.4124792	0	0.1898019	0.3404114	-4.129796	0.04633686	0.4659839
3.78	-0.4890814	-0.4067631	-0.457146	0	0.194838	0.3376142	-1.990689	0.0005348892	1.143685
3.8	-0.4274651	-0.3384733	-0.1220824	0	0.2600547	0.363028	-2.059616	0.0005348892	1.103214
3.82	-0.3962776	-0.3384733	0.05248955	0	0.2897185	0.3750218	-2.819311	0.1532067	0.7959803
3.84	-0.3846845	-0.3384733	0.1219625	0	0.2915053	0.3859236	-3.449014	0.0158025	0.6699458
3.86	-0.3114173	-0.2701836	0.470138	0	0.284064	0.3869236	-3.948956	0.03106925	0.6343111
3.88	-0.3535522	-0.3384733	0.2437759	0	0.2279572	0.3278181	-3.95456	0.0158025	0.3095092
3.9	-0.3629081	-0.3384733	0.1884319	0	0.1822974	0.2854055	-2.934192	-0.07580101	0.5180588
3.92	-0.4846811	-0.4067631	-0.4260829	0	0.2058445	0.3332419	-3.603056	0.06160403	0.5148084
3.94	-0.4348036	-0.3384733	-0.1535068	0	0.2468105	0.3887293	-2.792994	0.04633686	1.151843
3.96	-0.3794807	-0.3384733	0.1473461	0	0.2440082	0.3293627	-2.136459	0.09213839	0.8599412
3.98	-0.3824163	-0.3384733	0.1267441	0	0.2569131	0.3377143	-3.117143	0.09213839	0.540024
4	-0.3577233	-0.3384733	0.2575732	0	0.2235888	0.3031042	-2.512626	-0.0605334	0.6064311
4.02	-0.4377509	-0.4067631	-0.1332799	0	0.2059405	0.2872068	-2.604211	-0.04526665	0.4460559
4.04	-0.3913745	-0.3384733	0.1064059	0	0.2205109	0.3122371	-2.15701	0.04633686	0.8334615
4.06	-0.4668964	-0.4067631	-0.2602894	0	0.2423451	0.337485	-2.978102	0.07687078	0.5819884
4.08	-0.367928	-0.3384733	0.2675356	0	0.2252137	0.3022434	-1.366896	-0.0605334	0.986851
4.1	-0.5049514	-0.4750528	-0.3882061	0	0.2221228	0.2809391	-2.112568	-0.07580101	0.3995998
4.12	-0.2983782	-0.2701836	0.65632	0	0.2317458	0.2860923	-0.8434994	0.07687078	1.085321
4.14	-0.4584427	-0.4067631	-0.1832	0	0.2707377	0.3436462	-4.44941	-0.02999904	0.00561142
4.16	-0.3720474	-0.3384733	0.276509	0	0.2291892	0.3405194	-2.298742	0.04633686	0.9936224
4.18	-0.362237	-0.3384733	0.3054904	0	0.2189845	0.2885796	-2.747794	0.0005348892	0.4425647
4.2	-0.4769852	-0.4067631	-0.2827347	0	0.2404175	0.3596561	-4.073257	-0.09106776	0.4278268
4.22	-0.2958229	-0.2701836	0.6322742	0	0.2067844	0.3005539	-1.632735	0.06160403	1.066793
4.24	-0.3211795	-0.2701836	0.4170506	0	0.2458147	0.3307647	-4.844109	0.09213839	0.05169427
4.26	-0.3345773	-0.2701836	0.290269	0	0.233624	0.3898242	-5.503666	-0.1368693	0.3953402
4.28	-0.334408	-0.2701836	0.2446314	0	0.2070411	0.3739095	-5.059079	0.1074051	0.5324162
4.3	-0.4066984	-0.3384733	-0.1377583	0	0.1839476	0.3459057	-4.390156	-0.0605334	0.5396127
4.32	-0.4940817	-0.4067631	-0.5463654	0	0.1870472	0.3450446	-3.07989	-0.09106776	0.8744504
4.34	-0.5054785	-0.4067631	-0.543933	0	0.2309517	0.3636103	-1.883806	0.09213839	1.222934
4.36	-0.444131	-0.4067631	-0.1525923	0	0.2343298	0.2919486	-0.06887949	0.06160403	1.18851
4.38	-0.4954322	-0.4067631	-0.3825198	0	0.3297569	0.401428	-2.846404	0.0005348892	0.743113
4.4	-0.3700584	-0.3384733	0.3031614	0	0.3185572	0.392101	-1.884041	0.04633686	1.12147
4.42	-0.3308011	-0.3384733	0.5041164	0	0.2831707	0.3188616	-2.615159	-0.02999904	0.4172163
4.44	-0.2555163	-0.2701836	0.837709	0	0.2336613	0.2809029	-3.13545	-0.02999904	0.2488701
4.46	-0.4517507	-0.4067631	-0.193791	0	0.2180591	0.335151	-5.247275	0.06160403	-0.07457402
4.48	-0.3940749	-0.3384733	0.108552	0	0.183154	0.3286884	-2.607394	-0.04526665	1.020129
4.5	-0.4505024	-0.3384733	-0.2138592	0	0.2608621	0.4066514	-4.734529	-0.1063349	0.5983991
4.52	-0.4016735	-0.3384733	0.05372	0	0.2437903	0.3850698	-3.143837	0.1379395	1.016544
4.54	-0.3454296	-0.3384733	0.3487935	0	0.197599	0.2658324	-1.721068	-0.01473186	0.6832539
4.56	-0.4305703	-0.4067631	-0.0805428	0	0.1884573	0.2497011	-2.274707	0.04633686	0.3231223
4.58	-0.3129425	-0.2701836	0.4848392	0	0.2076337	0.2839606	-2.070141	0.04633686	0.7678065
4.6	-0.3518188	-0.3384733	0.2574589	0	0.18775	0.2488083	-2.855887	-0.02999904	0.2004807
4.62	-0.3186606	-0.2701836	0.3722556	0	0.1986844	0.298624	-3.505674	0.0158025	0.4479577
4.64	-0.3891775	-0.3384733	-0.01180527	0	0.1885608	0.3073522	-3.885924	0.0158025	0.3537551
4.66	-0.3089585	-0.2701836	0.3717861	0	0.1674342	0.2746772	-2.451938	0.04633686	0.7383749
4.68	-0.3699111	-0.3384733	0.03963168	0	0.1564265	0.2383441	-2.747515	0.03106925	0.2868635
4.7	-0.3385291	-0.2701836	0.1612283	0	0.1885096	0.2987829	-3.108124	0.03106925	0.6175188
4.72	-0.3253539	-0.2701836	0.1943122	0	0.1978326	0.3070506	-3.46638	-0.01473186	0.5110849
4.74	-0.4987946	-0.4067631	-0.6677178	0	0.2212507	0.3718826	-4.358187	0.0005348892	0.4881427
4.76	-0.4025737	-0.3384733	-0.115384	0	0.2090675	0.3350324	-1.184395	0.03106925	1.381405
4.78	-0.2998517	-0.2701836	0.399765	0	0.2316607	0.2753168	-1.551056	0.1074051	0.7086191
4.8	-0.4249594	-0.4067631	-0.2125532	0	0.2151763	0.2701529	-2.589338	0.3516805	0.2241652
4.82	-0.3465762	-0.2701836	0.1736361	0	0.2606651	0.3691275	-3.087837	-0.197938	0.8741928
4.84	-0.4113621	-0.3384733	-0.1552543	0	0.2820341	0.4070079	-4.518476	-0.2284728	0.5245532
4.86	-0.4462993	-0.4067631	-0.2648349	0	0.2314163	0.3519307	-2.427903	0.1532067	0.9162764
4.88	-0.4195753	-0.4067631	-0.06176983	0	0.1959749	0.2499522	-0.2891664	-0.1368693	0.9353273
4.9	-0.4682793	-0.4067631	-0.282686	0	0.2566295	0.3121844	-1.893597	0.03106925	0.6489639
4.92	-0.3715515	-0.3384733	0.2386084	0	0.2647783	0.3227251	-1.376444	0.1684743	0.9569172
4.94	-0.3578668	-0.3384733	0.3017431	0	0.2674432	0.3143457	-2.680701	-0.07580101	0.4324927
4.96	-0.3158779	-0.2701836	0.4679269	0	0.2806124	0.3753484	-4.333889	-0.0605334	0.4300684
4.98	-0.4094704	-0.4067631	0.01129637	0	0.1953271	0.2939031	-3.250869	0.07687078	0.3342693
5	-0.382863	-0.3384733	0.1398509	0	0.1873196	0.2879	-2.363021	0.03106925	0.720489
5.02	-0.3037717	-0.2701836	0.4971241	0	0.1935312	0.2686593	-2.515542	0.07687078	0.5504838
5.04	-0.4763645	-0.4067631	-0.3949184	0	0.2156135	0.3340844	-4.414955	0.03106925	0.1977021
5.06	-0.3400335	-0.2701836	0.2942205	0	0.2201843	0.3556358	-2.552983	0.03106925	1.157849
5.08	-0.3033607	-0.2701836	0.4365309	0	0.2200173	0.3020534	-3.395444	-0.07580101	0.3975946
5.1	-0.4456542	-0.4067631	-0.2783243	0	0.1901309	0.2997109	-3.597237	0.07687078	0.2860134
5.12	-0.4288162	-0.4067631	-0.1335467	0	0.1408652	0.2256892	-0.3336133	-0.01473186	0.991163
5.14	-0.336959	-0.2701836	0.2945942	0	0.2233196	0.2799163	-1.894956	0.0005348892	0.7050787
5.16	-0.4749038	-0.4067631	-0.3971458	0	0.2561169	0.3569139	-3.877823	0.04633686	0.3632668
5.18	-0.3809689	-0.3384733	0.1229432	7	0.2330884	0.3364995	32.70961	0.0005348892	10.43287
5.2	-0.3430455	-0.3384733	0.3214398	7	0.9002534	0.2510172	38.59114	0.3364128	8.234228
5.22	0.4411561	0.002975464	4.392498	7	1.252001	0.1146283	45.49369	16.22954	7.885468
5.24	0.5728848	0.002975464	4.941254	7	1.587805	0.2868691	33.69715	19.34404	3.669237
5.26	0.2207933	0.002975464	2.974624	7	2.061215	1.300307	14.61101	22.22954	3.707199
5.28	0.2519955	0.002975464	3.218408	7	2.12193	1.676903	14.33458	3.832596	6.551666
5.3	-0.111908	-0.4067631	1.634404	7	2.076906	1.612543	16.24316	1.634123	6.35904
5.32	0.0752786	-0.2701836	2.889365	7	2.045353	1.464147	23.50471	7.389848	7.880487
5.34	-0.2276204	-0.4067631	1.544839	7	2.323569	1.762728	15.82817	3.832596	6.390572
5.36	1.020304	0.6858721	7.774904	7	2.430195	1.842753	16.59365	10.42801	8.160646
5.38	0.9325745	0.6175833	6.810287	7	2.539294	2.083375	-5.874391	1.64939	2.023969
5.4	-0.4936765	-0.6799221	-0.2764396	7	2.162573	2.27193	-5.979219	8.84023	3.892852
5.42	0.5978639	0.4127131	5.38566	7	1.953473	1.896004	16.93106	-11.46511	10.8021
5.44	0.4039285	0.3444233	4.040783	7	2.311632	2.018277	-0.250591	-0.09106776	4.1974
5.46	0.7082083	0.3444233	5.508979	7	1.994829	1.766191	8.012239	11.17611	6.27799
5.48	1.080666	1.300479	6.582341	7	2.585293	2.686693	-16.32424	-2.854426	4.383544
5.5	0.3002391	0.002975464	2.61534	7	1.943459	2.154797	-6.850498	0.3364128	4.352356
5.52	-0.1208782	0.002975464	0.5330082	7	1.95796	2.247352	0.5537796	-0.5185488	7.678606
5.54	-0.1528711	0.002975464	0.5722976	7	2.16382	2.288389	7.651732	-0.1216026	9.388455
5.56	1.146442	0.9590311	7.06282	7	2.269341	1.94721	13.86273	0.7944282	9.109492
5.58	0.9503975	0.6858721	5.643728	7	2.355396	1.985362	-4.394683	6.275344	2.465191
5.6	0.8875757	0.6858721	5.044405	7	2.138304	2.157944	-5.651674	11.78679	4.604083
5.62	0.3700426	0.6175833	2.073306	7	2.365455	2.7733	-16.44439	3.924199	5.137184
5.64	0.2647077	0.2761335	1.705295	7	2.081465	2.456202	-1.007948	-8.243739	8.493075
5.66	0.008498847	0.2761335	0.4605154	7	2.387152	2.657538	-2.89425	-5.923129	8.130793
5.68	1.668679	1.23219	8.862429	7	2.025819	1.703685	17.28101	-1.75519	9.503613
5.7	0.1950439	0.002975464	1.127806	7	2.143291	1.819876	-6.887991	3.878398	0.2815199
5.72	1.15754	0.9590311	5.970107	7	1.913704	1.889585	10.02424	8.366947	8.920566
5.74	0.09843731	0.6858721	0.05362034	7	2.813991	3.209996	-26.45502	-1.281907	3.34914
5.76	0.7268665	0.3444233	3.781195	7	1.906232	2.113675	12.51711	-10.1674	10.84332
5.78	-0.3010978	0.2761335	-1.631446	7	2.801009	3.101916	-16.33231	2.092138	5.372032
5.8	2.035867	1.095611	10.68418	7	1.606397	1.096552	35.45631	-0.793358	12.10902
5.82	0.8527745	0.9590311	3.710156	7	2.522285	2.101038	-20.13216	9.069238	-2.427513
5.84	1.627345	0.6858721	7.862006	7	1.16601	0.8522229	21.34491	4.244809	6.878096
5.86	0.88701	1.641927	2.853677	7	2.575391	2.905338	-33.40161	7.939466	0.7142258
5.88	1.342947	1.300479	5.042118	7	1.975738	2.647328	-11.58384	-21.08343	8.071067
5.9	0.8898934	0.9590311	2.464473	7	1.877888	2.258613	-11.50966	-2.533816	4.781039
5.92	0.6789537	0.6858721	1.451044	7	1.682129	1.963205	1.553106	-13.51091	7.208524
5.94	0.3412701	1.573638	-0.8894825	7	3.183248	4.180683	-36.03024	9.359314	7.574345
5.96	2.460536	2.256536	9.851963	7	2.468217	2.965045	-4.422458	-3.86206	11.7053
5.98	1.750321	1.915086	5.333411	7	2.699238	3.099307	-39.22999	5.802062	-0.394453
6	2.055822	1.641927	6.709736	7	1.57054	2.102368	-11.44156	10.93183	5.440544
6.02	0.3335487	1.300479	-2.737272	7	2.429253	3.587735	-44.92217	5.115039	2.56254
6.04	1.547485	1.846797	3.600623	7	1.986527	3.056626	-7.214762	-22.10633	13.31995
6.06	2.630928	2.597983	8.456823	7	2.018069	2.173031	-10.14949	-3.342976	5.341333
6.08	3.593626	3.280881	12.1719	7	1.743498	1.813819	-21.18569	3.099771	0.565752
6.1	2.289895	2.871142	4.089684	7	2.114326	3.237548	-61.17078	12.51962	-2.909741
6.12	1.968673	2.188245	2.198442	7	1.201946	2.677619	-29.04576	-13.40404	6.53076
6.14	2.637455	2.871142	5.015973	7	1.034505	1.827196	-11.57749	-23.9842	6.662233
6.16	3.60136	3.554038	8.912571	7	0.9767072	1.23326	-10.20633	-3.86206	2.916306
6.18	4.356763	4.168647	11.30048	7	0.8342491	1.018435	-20.74781	4.015801	-1.228518
6.2	3.379852	3.485749	5.032126	7	0.665143	1.373647	-36.09759	-0.961297	-3.47791
6.22	2.760425	4.100356	0.5309396	7	1.583691	3.486483	-60.02547	-10.48801	2.992049
6.24	3.303069	3.485749	3.143634	7	0.6833997	2.029334	-16.47163	-21.46511	8.309551
6.26	3.562382	4.100356	3.592869	7	1.101491	1.913147	-23.66026	-3.404045	3.539571
6.28	5.054846	4.851542	10.29423	7	0.6512167	0.9886065	-9.163778	9.679925	3.280061
6.3	4.197505	4.441804	4.609553	7	0.8738118	1.443467	-38.20419	10.32114	-4.253249
6.32	4.99454	5.056413	7.689287	7	0.384784	1.258957	-22.76233	2.275344	2.343437
6.34	5.296686	5.739308	7.61146	7	0.665599	1.600473	-41.64258	-7.785724	-1.72281
6.36	5.171104	5.19299	5.914144	7	0.006720811	0.9862472	-30.90107	-15.48038	-1.143227
6.38	4.40292	4.783254	1.128428	7	-0.1246705	0.9152688	-26.94645	-6.94603	-0.3740911
6.4	5.994449	6.353915	8.050104	7	-0.004324615	0.8112997	-15.15515	-10.64069	3.867682
6.42	5.979173	6.012467	6.654196	7	-0.09625165	0.3677562	-25.49181	-3.113968	-3.729721
6.44	6.684709	6.763654	8.776982	7	-0.2781987	0.3913828	-26.58156	5.740993	-2.245996
6.46	6.312391	6.353915	5.54806	7	-0.6186177	0.1000425	-29.13873	-3.953663	-4.684637
6.48	5.303586	5.739308	-0.4562278	7	-0.6866874	0.3617406	-25.73273	-11.0529	-1.818119
6.5	7.763456	8.129447	10.6344	7	-0.4576649	0.2946689	-12.59225	-16.48801	3.652577
6.52	6.205101	6.149047	1.637779	7	-0.7467995	-0.3314933	-27.35963	-3.96893	-8.12776
6.54	7.05482	7.036813	5.180775	7	-1.172174	-0.6299698	-1.719664	9.924199	1.020586
6.56	6.109635	6.763654	-0.7315898	7	-0.4291596	0.2401494	-26.56635	-2.610152	-3.909446
6.58	6.068015	6.422206	-1.14044	7	-0.5556162	0.2510913	-6.633687	-15.25137	2.863403
6.6	5.688643	6.012467	-3.053195	7	-0.3717566	0.01192973	2.234194	-19.54145	2.264744
6.62	7.321167	7.036813	5.140093	7	-0.5266565	-0.8859881	24.17851	-8.060533	3.759401
6.64	8.198833	7.583131	8.711654	7	-0.56111	-1.475846	10.25775	15.9242	-5.322502
6.66	7.756536	7.51484	5.313065	7	-0.5156236	-0.7626063	-16.19371	17.48145	-8.406496
6.68	7.236733	7.583131	1.698118	7	-0.3749544	0.3282469	-29.71182	15.20664	-4.149585
6.7	7.026271	7.583131	-0.0188272	7	-0.2898887	0.7875907	-28.27256	2.122672	-0.218132
6.72	7.903442	8.197738	3.788382	7	-0.3901101	0.3950435	-17.05847	-15.17504	1.239353
6.74	7.115983	7.241681	-0.6413841	7	-0.5990028	-0.07689536	-17.16184	-21.28191	-3.190324
6.76	8.164528	8.129447	4.233105	7	-0.8646258	-0.5821517	1.345682	-17.73992	0.9967527
6.78	6.737949	7.241681	-3.592696	7	-0.3227261	0.1578825	-23.55914	17.81733	-4.792277
6.8	7.379079	7.309972	-0.05291325	7	-0.8725736	-0.5302479	12.26725	12.39748	3.957949
6.82	7.141818	7.309972	-1.434527	7	-0.4563947	-0.5616081	3.862464	0.519619	-1.187173
6.84	8.89364	8.744054	6.938889	7	-0.3666721	-0.6250938	7.126023	-3.938396	0.5802307
6.86	8.925881	9.017213	5.830965	7	0.03897357	0.08489814	-31.05186	10.27534	-7.879707
6.88	8.415318	8.129447	2.729976	7	-0.8654886	-0.368442	-21.20658	6.168474	-5.286802
6.9	7.551024	8.129447	-2.297757	7	-0.6455023	0.3100007	-28.96059	3.725726	-3.002365
6.92	8.475889	8.744054	2.047635	7	-0.8338292	-0.09488486	-7.802935	-5.220839	2.144985
6.94	7.560505	7.924579	-2.949377	7	-0.6246988	-0.1210219	-16.66043	-13.58725	-3.210245
6.96	7.802242	7.856288	-1.512138	7	-0.9255364	-0.6025573	7.415865	-17.17504	2.032219
6.98	8.756641	8.744054	2.9865	7	-0.703275	-0.9066558	7.863742	6.962367	-0.4878292
7	6.919265	7.309972	-6.431929	7	-0.2460638	0.0005217195	-16.70061	7.634122	-4.959522
7.02	7.348443	7.309972	-3.423087	7	-0.7099514	-0.5227445	20.96734	9.786793	5.446399
7.04	7.696341	8.061158	-1.652858	7	0.1187978	-0.06932087	4.874185	4.290611	0.8926163
7.06	8.247271	8.129447	1.276019	7	0.1092546	-0.122442	3.690348	-4.243739	0.05406094
7.08	8.810298	9.017213	3.556787	7	0.5310371	0.6342155	-21.27611	15.13031	-2.722275
7.1	7.648768	7.583131	-2.255091	7	-0.04491936	0.4105893	-21.88722	9.954732	-3.871681
7.12	8.644529	8.948924	2.504401	7	-0.03826359	0.5877753	-15.01716	-2.518549	1.761508
7.14	7.966773	8.129447	-1.166193	7	-0.1754974	0.3121224	-21.659	-7.678854	-3.287591
7.16	7.099147	7.241681	-5.137068	7	-0.572898	-0.02574462	-4.246896	-3.480381	0.5258484
7.18	6.9754	7.378261	-5.27753	7	-0.2996297	0.02864342	6.850631	0.6722908	3.645105
7.2	7.109528	7.241681	-3.954636	7	-0.1000925	-0.2205397	16.17808	-2.35061	3.442965
7.22	7.198251	7.378261	-3.050748	7	0.3661988	0.1208375	9.053413	9.878396	1.919387
7.24	7.417679	7.309972	-1.392264	7	0.3801135	0.05668043	10.08397	15.81733	1.566117
7.26	7.297138	7.309972	-1.660968	7	0.5519322	0.3400233	0.4719369	11.89366	0.04133415
7.28	7.175692	7.309972	-1.942464	7	0.6716526	0.7458348	-6.022352	1.64939	0.8698092
7.3	7.197586	7.173392	-1.378339	7	0.4831376	0.5513027	-1.397269	-0.1216026	1.554906
7.32	7.04249	7.241681	-1.920858	7	0.6453165	0.814807	-8.412698	-0.1674037	0.8741961
7.34	7.205928	7.309972	-0.7993331	7	0.5816928	0.7988794	-6.478775	0.519619	1.822556
7.36	7.168574	7.241681	-0.7810106	7	0.5180808	0.6943294	-7.94966	0.0158025	0.7013054
7.38	7.158048	7.309972	-0.7092832	7	0.5236371	0.7928416	-10.55667	1.557787	0.7948866
7.4	9.021794	9.017213	8.155879	7	0.5291922	0.6862326	-13.73239	-0.4727472	0.8793907
7.42	8.743677	8.744054	5.651526	7	0.3949257	0.8110375	-43.41628	0.07687078	-7.797405
7.44	7.770493	7.924579	0.1930948	7	-0.2905887	0.8164293	-40.07996	-0.7322893	-4.280533
7.46	7.286239	7.856288	-2.543381	7	-0.4642677	0.811936	-27.75448	-5.510915	0.6471281
7.48	7.274637	7.856288	-2.687614	7	-0.3761061	0.6077579	-15.0448	-18.85443	2.64821
7.5	6.611309	6.968522	-5.655838	7	-0.3897631	0.1693657	-1.768343	-22.53382	2.192735
7.52	8.14764	8.744054	1.886865	7	0.3661633	0.7585141	-5.347383	11.69519	4.581436
7.54	7.050858	7.309972	-3.616307	7	0.4716271	0.8423334	-21.42653	15.38985	-2.563412
7.56	7.56716	7.241681	-0.3151309	7	-0.3602568	-0.2658826	13.46856	9.679925	3.599376
7.58	6.968413	7.378261	-3.401177	7	0.318884	0.388394	-8.756628	0.779161	-1.215195
7.6	8.215532	8.129447	3.056184	7	0.1259942	0.1491539	4.401515	2.550153	2.940247
7.62	6.880594	7.241681	-3.859592	7	0.5438552	0.8264611	-24.389	1.527253	-3.98546
7.64	7.335614	7.241681	-0.9525651	7	-0.0818904	0.2563652	5.331527	3.313512	4.149763
7.66	6.815335	7.309972	-3.576917	7	0.5327573	0.8214239	-13.2735	2.824962	-0.02499866
7.68	6.934179	7.241681	-2.560258	7	0.5752802	1.027782	-7.098958	-5.724655	3.516302
7.7	7.55156	7.241681	1.048433	7	0.08428943	-0.07982475	10.83808	0.8402293	2.351209
7.72	7.901763	8.129447	2.359272	7	0.6419927	0.6196565	-15.48607	0.5654205	-1.971553
7.74	8.09112	7.787999	3.196063	7	0.04263052	0.1422658	-10.64954	4.076871	-2.056833
7.76	7.437243	7.856288	-0.6405463	7	0.3189396	0.9376872	-31.20929	2.519619	-3.236833
7.78	7.513671	7.856288	-0.361766	7	0.1027038	0.9919685	-21.89157	-5.465113	1.381793
7.8	6.759746	7.105102	-4.023806	7	-0.02368018	0.7032766	-15.79584	-9.54145	0.6105547
7.82	6.762254	7.105102	-3.608544	7	-0.01353213	0.5130147	-0.9569855	-13.92313	3.929978
7.84	7.326092	7.036813	-0.2087669	7	-0.3862737	-0.6728483	21.60724	-3.236106	2.942552
7.86	7.930269	7.856288	2.60383	7	0.02939712	-0.4786062	6.718559	8.260077	-1.353453
7.88	9.080254	9.017213	7.56737	7	0.2904622	0.1244729	-15.16968	10.65702	-3.407063
7.9	6.849741	7.105102	-4.124462	7	0.1726632	0.8545678	-40.48105	11.14557	-7.428484
7.92	6.716689	7.309972	-4.459925	7	-0.02918708	1.194891	-16.12927	-1.388778	5.062102
7.94	8.222006	8.744054	2.868834	7	0.371861	1.011739	-12.9171	-15.48038	4.31407
7.96	7.054523	7.036813	-2.924513	7	0.005165573	0.3209865	-15.50418	-24.50328	-3.013432
7.98	7.883101	6.968522	2.037529	7	-1.361984	-1.857827	37.92054	7.130305	2.742637
8	6.536974	6.900233	-5.058728	7	-0.2944579	-0.6971533	1.272401	24.62649	-4.629496
8.02	6.651822	7.036813	-4.037988	7	0.09979193	0.2995748	7.061062	-0.07580101	4.127972
8.04	7.032393	7.036813	-1.603884	7	0.2079933	-0.004569672	13.40149	-8.182671	3.044652
8.06	7.062878	7.036813	-1.144176	7	0.4140795	0.09769611	6.164652	-11.28191	0.5204544
8.08	7.774518	7.036813	2.943164	7	-0.2836282	-1.037718	25.24907	-0.02999904	0.5224142
8.1	7.257339	7.105102	0.1205779	7	0.03568426	-0.5329356	1.673392	17.25244	-4.357745
8.12	6.434645	7.036813	-4.132692	7	0.6910162	1.163955	-20.99037	7.069236	-0.4995871
8.14	6.631889	6.968522	-2.652122	7	0.6122696	1.231835	-7.74657	-3.388778	4.805517
8.16	7.040004	7.036813	-0.2083631	7	0.4484715	0.5483363	1.394093	-8.732288	2.854855
8.18	7.26773	7.105102	1.084214	7	0.3053314	0.1376501	1.363087	-11.80099	0.1097164
8.2	8.448387	8.470897	6.429286	7	0.5333915	0.5178878	-13.96484	15.55779	-1.142168
8.22	7.082961	7.036813	-0.8057562	7	0.1628812	0.5398496	-28.26798	13.26771	-5.787737
8.24	7.360251	7.583131	0.4852817	7	-0.1164706	0.6101546	-13.87327	-0.01473186	1.806767
8.26	7.357708	7.65142	0.1650236	7	-0.03064796	0.4926407	-15.7159	-13.69412	-0.2028551
8.28	7.293068	7.583131	-0.3721187	7	-0.0008626282	0.5522954	-15.39823	-18.36588	0.1304312
8.3	8.368359	8.129447	4.843968	7	-0.4671164	-0.3809688	1.477022	0.9929011	0.5915108
8.32	8.094349	8.197738	2.625844	7	-0.2440134	-0.1037844	-20.52713	5.008168	-5.437091
8.34	7.15414	7.241681	-2.269033	7	-0.6126181	-0.06815456	-14.15457	-2.976564	-2.424512
8.36	6.89395	7.241681	-3.47467	7	-0.5595105	-0.02726231	-1.482838	-3.190304	1.970204
8.38	7.977631	8.197738	1.848289	7	-0.2611414	-0.1334759	4.182831	-5.404045	2.600751
8.4	8.744987	8.675765	5.106565	7	-0.1232182	-0.2481129	-8.415284	-9.602518	-2.861853
8.42	9.647451	8.744054	9.080625	7	-1.153054	-1.649831	4.690697	4.183741	-5.606194
8.44	7.037539	7.241681	-4.862292	7	-0.9510349	-0.67481	-26.68248	11.60359	-10.43926
8.46	6.271331	7.241681	-8.50161	7	-0.5200348	0.7341173	-12.4338	-2.77809	4.504758
8.48	6.440806	7.241681	-7.008827	7	0.0331099	0.7853227	3.674002	-14.32008	7.54343
8.5	7.319953	7.309972	-1.785041	7	0.05589544	-0.1602312	22.70463	-17.80099	5.598491
8.52	8.969171	8.197738	6.708241	7	-0.2458971	-1.388146	29.56683	-0.7475565	-0.1897154
8.54	8.556817	8.129447	3.965032	7	-0.07675833	-0.8940777	-6.3286	32.56541	-8.834692
8.56	8.95342	9.153792	5.007535	7	0.173393	0.5197445	-30.51977	21.35931	-4.627295
8.58	9.176424	9.290372	5.186387	7	-0.1639034	0.6172276	-38.43694	-0.02999904	-4.734666
8.6	8.015543	8.129447	-1.148663	7	-0.8320642	0.1390113	-31.78886	-18.03	-4.850539
8.62	7.167835	7.241681	-5.110209	7	-1.511743	-0.8177068	2.929994	-30.97656	0.8036928
8.64	6.575155	7.173392	-7.751947	7	-0.9191687	-0.5661448	11.79681	-34.1674	3.037598
8.66	8.562824	8.675765	2.460246	7	-0.4608656	-0.7752632	25.81926	-29.2361	5.409171
8.68	8.707109	7.241681	3.675547	7	-1.635327	-3.299897	48.38409	11.28298	-5.115809
8.7	7.238589	7.241681	-4.052545	7	-0.7719927	-1.645731	10.59837	21.51199	-7.430098
8.72	8.884382	9.017213	3.990981	7	-0.277756	-0.4835897	9.376713	10.07687	1.959565
8.74	7.630075	7.583131	-2.493098	7	-0.2206627	-0.353951	-10.65957	-1.220839	-5.84449
8.76	7.758103	7.583131	-1.416232	7	-0.6815458	-0.6540085	11.72357	-10.79336	1.405241
8.78	7.818046	7.583131	-0.877212	7	-0.7523651	-1.201717	18.53183	-13.17504	-0.6551161
8.8	8.227929	7.51484	1.521352	7	-1.205834	-2.176661	34.95989	4.382214	-1.449058
8.82	8.644485	8.402606	3.14198	7	-0.7117071	-1.590043	14.33227	19.51198	-4.552878
8.84	7.057718	6.968522	-4.80223	7	-0.6669198	-0.9407224	1.671357	16.44328	-5.223558
8.86	6.75737	7.036813	-5.747289	7	-0.4389912	-0.3197528	13.38992	11.32878	3.169249
8.88	6.605486	6.968522	-5.865319	7	0.1224211	0.05617885	13.80248	0.4432831	3.741221
8.9	7.07052	7.036813	-2.71285	7	0.2910739	-0.1192623	21.66988	-8.320075	4.106428
8.92	7.973779	7.036813	2.633221	7	-0.34545	-1.600927	40.99796	2.046336	0.8952103
8.94	9.391914	8.744054	9.174929	7	-0.06722814	-1.397195	15.15152	26.76389	-5.141671
8.96	7.08099	7.309972	-3.201123	7	0.4139972	0.4964817	-37.27268	15.81733	-10.46302
8.98	6.734951	7.309972	-4.613498	7	0.247072	1.411943	-20.57546	6.901298	3.986989
9	8.508144	8.744054	4.238608	7	0.2459504	0.7350675	-6.337218	-5.358243	4.654399
9.02	7.272058	7.036813	-1.965472	7	-0.230014	-0.1976904	-10.47342	-16.21321	-4.70184
9.04	7.21006	7.036813	-1.858315	7	-0.6979645	-0.6600579	12.64673	-8.823892	1.492307
9.06	6.433198	7.036813	-5.724075	7	0.1418653	0.3627077	-5.185514	25.72573	0.3434772
9.08	6.387726	6.968522	-5.392072	7	0.607674	1.087364	-2.461807	7.053969	5.11825
9.1	6.879852	7.036813	-2.229823	7	0.6939399	0.7705012	6.135695	-5.877327	4.895861
9.12	7.181002	6.968522	-0.1867706	7	0.5515769	0.2136359	8.740806	-10.97656	1.593396
9.14	7.250142	6.968522	0.4709023	7	0.3925477	-0.01472944	6.041811	13.42038	-0.415741
9.16	6.834625	7.036813	-1.598203	7	0.7136943	0.7729235	-11.58383	24.74862	-0.8812618
9.18	8.328237	8.539186	5.578969	7	0.8916036	1.236536	-17.83678	5.664657	2.026447
9.2	7.504855	7.583131	0.9779363	7	0.644045	1.173808	-36.3219	-6.915495	-4.776835
9.22	7.218041	7.583131	-0.6417649	7	0.3411005	1.385199	-30.96096	-11.32771	0.4266129
9.24	7.781191	8.197738	1.84698	7	0.2807126	1.214742	-26.01134	-16.06053	1.666038
9.26	7.128888	7.241681	-1.501617	7	-0.1472772	0.5084145	-18.52513	-19.92313	-1.10465
9.28	10.66274	9.904979	15.63799	7	-1.011024	-1.351952	15.67221	3.832596	1.738082
9.3	9.635939	9.904979	7.960602	7	-0.1686504	0.01653445	-62.65354	17.42038	-16.9693
9.32	8.107584	8.675765	-0.8486097	7	-0.7620583	1.114686	-62.93078	3.695191	-6.325363
9.34	6.885992	7.856288	-7.211594	7	-1.027808	1.027332	-36.94414	-6.274274	1.923492
9.36	6.904152	7.787999	-6.787161	7	-0.8566403	0.4774831	-5.078218	-13.1445	6.851552
9.38	7.386475	7.924579	-4.000879	7	-0.3956368	0.01877208	8.12407	-17.93839	5.075023
9.4	7.653606	7.856288	-2.335926	7	-0.04142775	-0.1118228	7.81776	-15.43458	1.906798
9.42	7.815956	7.787999	-1.193852	7	0.05176885	-0.1693558	6.611008	27.48145	0.4355602
9.44	7.922098	7.787999	-0.4038728	7	0.01059343	-0.2521774	5.178215	28.73336	-0.5258522
9.46	7.923647	7.856288	-0.2818298	7	0.02467398	-0.1401443	0.138458	14.88603	-1.173417
9.48	7.394715	7.924579	-3.058658	7	0.5911379	1.023491	-21.6394	-1.022365	-1.026639
9.5	7.339254	7.856288	-3.070618	7	0.7072347	1.508854	-20.85922	-10.65595	2.774147
9.52	8.302789	8.539186	1.86656	7	0.6310454	1.16862	-15.49178	-15.77046	2.840449
9.54	8.578814	8.402606	3.09327	7	0.1846261	0.3771175	-16.10238	-20.32007	-2.237929
9.56	9.005298	8.402606	5.033048	7	-0.7412919	-0.8645131	-1.531427	-5.800991	-3.532882
9.58	8.463903	8.402606	1.606597	7	-0.8063862	-0.7305969	-14.52331	22.03107	-6.326525
9.6	9.655084	10.24643	6.296846	7	-0.1994764	0.571587	-34.72074	9.16084	-2.561824
9.62	8.464446	9.085504	-0.720439	7	-0.1633929	1.162874	-56.04488	-8.411678	-6.460137
9.64	7.907694	8.197738	-3.4231	7	-1.021945	0.3332718	-21.08762	-32.02999	1.143112
9.66	8.23139	8.675765	-1.882415	7	-0.9417125	-0.22384	-4.691241	-40.22847	2.046578
9.68	8.841763	8.812345	1.089036	7	-1.033622	-1.007501	7.315347	-35.52618	-0.2334871
9.7	10.2993	8.744054	8.568329	7	-2.548336	-3.965493	51.75504	11.83259	-3.745556
9.72	8.754867	9.085504	-0.7124929	7	-1.128193	-1.721454	-15.80026	26.35168	-13.36497
9.74	7.881147	8.129447	-5.046288	7	-1.272261	-0.7490239	-3.00181	14.87076	-1.283807
9.76	7.295224	8.129447	-7.786571	7	-0.5123233	0.1512519	-4.362932	1.573054	2.361845
9.78	7.778526	8.129447	-4.634718	7	-0.283458	-0.05146174	13.29172	-13.87733	5.298786
9.8	7.992695	8.129447	-3.044502	7	0.07444922	-0.1620849	10.48308	-17.02237	1.620244
9.82	8.975156	8.061158	2.66386	7	-0.755232	-1.77553	36.65633	8.824961	0.3895912
9.84	10.3533	10.17814	8.601302	7	0.0001249574	-0.8590953	-4.289026	40.84023	-6.363297
9.86	8.28039	8.470897	-2.537724	7	0.06426527	0.4899677	-43.63589	31.20664	-10.41481
9.88	7.947679	8.470897	-4.027466	7	-0.2762534	0.9846925	-24.2763	14.84023	2.153452
9.9	7.873899	8.402606	-4.146097	7	-0.222023	0.6260775	-12.38291	-13.49565	2.704732
9.92	8.294518	8.402606	-1.644981	7	-0.3752672	-0.1176727	3.625258	-32.86969	2.345403
9.94	9.438025	9.085504	4.099949	7	-0.6163391	-1.025154	11.79279	-34.76282	-0.7741718
9.96	10.63296	9.017213	9.999176	7	-2.082972	-3.583219	38.8539	11.84786	-6.828857
9.98	7.642935	8.402606	-6.429471	7	-0.5583606	-0.4926594	-38.8932	36.51962	-14.15311
10	7.558005	8.402606	-6.489873	7	-0.4696839	0.8867761	-14.50477	22.41275	5.458817
10.02	6.495351	8.470897	-11.85608	7	1.34082	3.144091	-49.40302	-1.739923	4.49894
10.04	8.288333	8.470897	-1.489945	7	0.5457985	1.447646	4.924588	-28.30481	11.68942
10.06	8.400304	8.470897	-0.6726733	7	0.7114056	0.6429935	-9.270449	-32.0758	-0.7762766
10.08	9.756184	8.470897	6.771302	7	-0.8612367	-1.755327	29.49381	22.29061	-0.8229275
10.1	8.672564	7.856288	1.058114	7	-1.245369	-2.361033	13.67559	38.55015	-10.02891
10.12	8.558812	7.924579	0.5629115	7	-1.726243	-2.493147	27.87378	22.04633	-3.830849
10.14	7.085232	7.856288	-7.245358	7	-0.4172359	-0.310788	-10.1206	-2.274274	-4.067818
10.16	7.217722	7.924579	-6.040627	7	0.09141839	0.7428955	-1.390789	-20.38114	5.473596
10.18	9.236786	9.358663	4.232446	7	0.3375095	0.3218555	4.063096	-29.78572	4.118605
10.2	8.856974	8.402606	2.173601	7	-0.08497661	-0.4558471	-8.721556	-33.72466	-6.131263
10.22	8.920256	8.402606	2.464486	7	-0.8270667	-1.03682	2.520742	-14.33534	-3.632889
10.24	6.760098	7.924579	-8.936953	7	0.4013733	1.379091	-43.46099	28.45855	-4.576559
10.26	7.53412	7.856288	-4.051398	7	-0.1739926	0.7915734	3.715678	16.58069	8.806864
10.28	6.716106	7.856288	-8.02955	7	1.080023	1.8782	-26.56917	-1.678854	1.99023
10.3	8.091585	7.924579	-0.02269971	7	0.3504159	0.5848377	12.82129	-19.75519	7.550248
10.32	8.398123	7.856288	1.853757	7	-0.006129801	-0.7078147	12.59938	-17.17504	-1.966653
10.34	8.066458	7.856288	0.1629329	7	-0.009260967	-0.3937027	-1.328517	31.74099	-3.769895
10.36	7.37957	7.378261	-3.050309	7	-0.1214138	-0.07896793	-2.752095	37.0845	-1.472732
10.38	8.263742	8.129447	1.614603	7	-0.2908801	-0.4134857	10.15926	16.29061	1.787502
10.4	7.826497	8.129447	-0.9451293	7	0.2556015	0.3334705	-16.49177	-22.18267	-3.356748
10.42	7.402162	7.309972	-2.645488	7	-0.2594728	-0.01115099	-0.8398662	-36.79336	0.3893719
10.44	8.783323	8.266026	4.502378	7	-0.7792185	-1.253625	22.7823	-34.259	1.35466
10.46	9.270325	7.309972	7.264139	7	-2.521976	-4.499571	60.55887	21.43565	-6.786238
10.48	8.549121	8.129447	2.547014	7	-1.751139	-3.166443	19.68141	31.84786	-11.4684
10.5	6.846157	7.51484	-6.578459	7	-0.7156411	-0.4905097	-12.84318	14.35168	-5.100602
10.52	6.428812	7.583131	-8.405993	7	0.2209076	1.31145	-14.44798	-8.029999	5.387386
10.54	7.608865	7.583131	-1.51283	7	-0.1293924	-0.0252569	21.70374	-35.22084	7.488832
10.56	8.574298	8.197738	3.449934	7	-0.05764642	-0.8416041	16.98346	-40.0758	-0.7542448
10.58	11.29237	9.017213	17.09377	7	-2.033309	-4.213406	58.73311	9.80206	-5.359631
10.6	9.005056	7.65142	4.278949	7	-2.410223	-4.349283	14.55819	31.58832	-21.02444
10.62	8.052156	7.036813	-0.588356	7	-3.369375	-4.391527	45.80655	14.30588	-6.824171
10.64	6.13379	7.036813	-10.68884	7	-1.624448	-1.779747	12.80045	-4.976564	-3.689612
10.66	6.592084	7.036813	-7.468202	7	-1.005103	-1.088115	39.29579	-28.94603	7.92918
10.68	8.519435	8.402606	2.563632	7	-0.2746944	-1.319075	39.31014	-36.80862	3.8927
10.7	8.57774	7.583131	3.067731	7	-0.6219245	-2.171759	31.06814	-29.80099	-5.725575
10.72	7.509435	7.856288	-2.749722	7	0.3463711	0.07879221	-14.82404	20.07687	-5.842453
10.74	7.643886	7.856288	-1.763768	7	0.2633041	0.6832578	-8.069275	18.27534	2.041567
10.76	7.509332	7.309972	-1.910625	7	-0.192871	-0.2193304	6.886874	3.64939	0.8288784
10.78	8.110901	7.309972	1.715649	7	-0.9826617	-1.812809	34.77419	1.374581	0.339138
10.8	8.25456	7.65142	2.337714	7	-0.9572425	-2.11537	26.97931	25.71046	-4.489068
10.82	8.142965	7.51484	1.697922	7	-1.13691	-2.143747	24.74971	20.36695	-4.759365
10.84	7.350231	6.968522	-2.206924	7	-1.165397	-1.924716	22.54524	7.053969	-4.080858
10.86	7.120336	7.036813	-3.086157	7	-0.8916672	-1.442047	25.40613	-4.228472	-0.1338034
10.88	6.121808	6.080756	-7.364823	7	-0.6264797	-1.198375	29.01436	-6.625419	0.7164011
10.9	6.372911	6.149047	-4.974978	7	-0.4417425	-1.33068	47.36885	3.878398	4.986151
10.92	6.564245	6.353915	-3.221844	7	0.1701279	-1.034034	39.16549	15.90893	2.12158
10.94	8.533383	8.129447	6.750607	7	0.6493195	-0.555195	24.19275	19.43565	1.099198
10.96	7.086952	6.763654	-0.6938255	7	0.7052866	0.1018057	-13.59076	23.05397	-7.880669
10.98	6.791453	6.763654	-1.794494	7	0.3474783	0.5913975	-5.14652	10.32114	1.135218
11	7.246195	7.51484	0.4832743	7	0.5869355	0.8680809	-9.696342	-0.1674037	1.861724
11.02	6.53826	6.763654	-2.922444	7	0.5842349	0.9832726	-15.77706	-9.678854	-0.1207924
11.04	6.891406	6.763654	-0.6075855	7	0.09723204	0.2535454	6.68549	-11.12924	3.540452
11.06	6.339515	6.695365	-3.30128	7	0.5754629	0.731106	-8.38993	7.893664	0.2861128
11.08	6.413893	6.627074	-2.460491	7	0.602502	0.8864919	-1.49498	-2.243739	3.731467
11.1	6.288827	6.763654	-2.859945	7	1.074728	1.45067	-12.84463	7.282978	2.715269
11.12	8.59024	8.470897	8.571749	7	0.9060447	0.9711915	-5.888057	2.672291	3.776543
11.14	8.513362	8.129447	7.278608	7	0.5011485	0.4520843	-31.4326	9.145574	-7.8204
11.16	7.993543	8.129447	3.693794	7	0.126188	0.9964358	-44.77045	4.183741	-5.677718
11.18	7.454438	8.061158	0.1930819	7	-0.02892411	1.430021	-46.62644	2.229543	-1.866336
11.2	7.501789	8.197738	-0.1151674	7	-0.1144145	1.383602	-37.15087	-8.152136	1.416182
11.22	6.843552	7.241681	-3.45301	7	-0.4650327	0.6119341	-19.36302	-21.15977	1.119611
11.24	5.956103	6.353915	-7.383187	7	-0.5612458	0.1090428	2.527609	-28.67122	3.498141
11.26	7.441564	7.309972	0.6826817	7	-0.6384228	-0.9488218	34.04766	9.603589	6.459451
11.28	5.989847	6.695365	-6.784079	7	0.7206157	0.6520784	-12.6087	15.34404	-2.766568
11.3	7.083239	6.695365	-0.2015007	7	-0.00452739	-0.2015532	27.92452	12.62649	6.911756
11.32	6.524532	6.695365	-2.881829	7	0.6838697	0.2718713	0.9986324	20.74863	-1.262567
11.34	6.539465	6.763654	-2.371063	7	0.9133614	1.026684	-3.468961	1.023436	2.768758
11.36	6.551698	6.763654	-1.901733	7	1.049429	1.250738	-7.831129	-8.640686	2.630413
11.38	7.20762	6.763654	1.966855	7	0.4016298	0.1537704	10.54625	-3.526182	2.504111
11.4	7.44774	7.309972	2.938734	7	0.5197751	0.2250257	-5.675833	5.832596	-2.103842
11.42	6.365303	6.422206	-2.495085	7	0.3999624	0.6307442	-15.44832	1.54252	-2.345643
11.44	6.039152	6.422206	-3.796602	7	0.4564054	1.040731	-8.374821	-0.9765639	3.416461
11.46	5.927324	6.353915	-3.91337	7	0.7059907	1.158035	-4.465947	-8.396411	4.463555
11.48	7.563134	7.309972	4.623378	7	0.4365184	0.2220863	12.6284	-6.839159	4.557965
11.5	7.526053	7.241681	3.990543	7	0.4418225	0.03662089	-9.401943	13.06924	-4.56938
11.52	7.274665	7.241681	2.289601	7	0.2678959	0.5006956	-19.48595	6.916564	-3.043867
11.54	6.788748	7.309972	-0.6494262	7	0.4922518	1.351898	-32.61003	1.817329	-1.054214
11.56	6.93719	7.241681	0.02568138	7	0.21114	1.095923	-19.54025	-8.793358	2.344392
11.58	7.54247	7.787999	2.697184	7	0.1932425	0.7706529	-17.28748	-15.95366	1.008226
11.6	7.025485	6.968522	-0.05850719	7	-0.2288759	0.1262577	-11.96599	-15.60252	-1.816778
11.62	6.719282	7.036813	-1.738215	7	-0.1266455	0.3750386	-10.34745	12.42801	0.5230122
11.64	6.647998	7.036813	-2.08714	7	0.08748567	0.5817403	-7.810268	4.229542	2.075613
11.66	6.811675	6.968522	-1.084229	7	0.09586015	0.340969	-0.2592945	-5.0529	2.339942
11.68	7.246338	7.105102	1.225511	7	-0.04709274	-0.1832206	6.932277	-0.01473186	1.055353
11.7	7.052174	6.968522	0.1766819	7	-0.007422477	-0.1894036	0.4277642	4.641757	-1.534961
11.72	6.818518	7.036813	-1.09111	7	0.2376552	0.4135498	-7.96505	5.618855	-0.2171469
11.74	6.699872	6.968522	-1.608095	7	0.3628207	0.7238969	-8.936817	-2.579617	1.433465
11.76	6.955249	6.968522	-0.1019915	7	0.1980048	0.3554969	-0.01906478	-4.0758	2.028297
11.78	6.949294	6.968522	-0.08788837	7	0.2177927	0.2321662	-2.155687	1.389848	0.1678076
11.8	6.849109	6.968522	-0.5799428	7	0.3036155	0.4439921	-6.126583	0.3669472	0.2681904
11.82	6.982307	7.036813	0.1526377	7	0.2511246	0.4053825	-4.114798	0.9318328	0.9529095
11.84	6.884968	6.968522	-0.3332478	7	0.2601799	0.4146504	-6.398568	0.3364128	0.1487675
11.86	6.956092	7.036813	0.04453617	7	0.231169	0.417466	-5.43519	0.2600769	0.7336006
11.88	6.981567	7.036813	0.1618364	7	0.1930991	0.346727	-5.405707	-0.3506098	0.318779
11.9	6.858013	7.036813	-0.5257037	7	0.2877242	0.5457959	-9.568245	-0.2895411	0.1929035
11.92	6.891878	6.968522	-0.2813642	7	0.1815325	0.4255002	-5.150691	0.1990086	1.059116
11.94	6.812778	6.968522	-0.6770965	7	0.2496686	0.4757011	-6.818489	0.04633686	0.6156206
11.96	6.829469	6.968522	-0.5394485	7	0.2680739	0.5053998	-5.881915	0.3364128	1.093409
11.98	6.975534	7.036813	0.2345236	7	0.2311316	0.3863842	-4.068541	-0.02999904	0.9324121
12	6.907746	7.036813	-0.1635557	7	0.3013654	0.4924937	-8.296001	0.5959549	0.09345722
12.02	6.908115	6.968522	-0.1189698	7	0.204613	0.4167003	-5.751309	0.3669472	0.677022
12.04	6.881773	6.968522	-0.2430286	7	0.1879848	0.3717911	-5.378993	0.0005348892	0.5096264
12.06	6.81636	6.968522	-0.5776851	7	0.249816	0.4778689	-6.925012	0.03106925	0.6132908
12.08	6.807837	6.968522	-0.5882815	7	0.2910278	0.5501646	-6.959891	-0.01473186	1.022406
12.1	6.854283	6.968522	-0.3013511	7	0.2824671	0.5033954	-5.782969	0.06160403	1.050134
12.12	6.936357	7.036813	0.1125141	7	0.2915795	0.4818395	-6.314753	0.2448102	0.7268276
12.14	6.8787	6.968522	-0.1793212	7	0.2683663	0.4704212	-7.236506	-0.1674037	0.3476477
12.16	6.880567	6.968522	-0.151144	7	0.2257819	0.4386829	-6.101994	0.1532067	0.671958
12.18	7.036245	6.968522	0.6873993	7	0.03889218	0.1003868	-0.3418462	-0.07580101	0.5892191
12.2	6.756248	6.968522	-0.8645327	7	0.2664146	0.4622668	-9.741421	0.5501534	-0.5180616
12.22	6.987967	7.036813	0.3676991	7	0.1412552	0.3564644	-3.173276	-0.3964114	1.441258
12.24	6.875007	7.036813	-0.302133	7	0.26587	0.4687368	-8.783831	-0.4880144	-0.07569599
12.26	6.900596	6.900233	-0.08225791	7	0.08652142	0.2563587	-2.649888	0.0005348892	0.8361864
12.28	6.849616	7.036813	-0.4205474	7	0.250358	0.4545537	-7.467626	0.9165652	0.3287868
12.3	7.011322	7.036813	0.4285372	7	0.1432174	0.3028694	-3.354871	-0.3811446	0.8909521
12.32	6.82321	6.968522	-0.587686	7	0.2361009	0.4318177	-8.182468	0.06160403	-0.1415176
12.34	6.880026	6.968522	-0.2453569	7	0.1734676	0.3978076	-4.574823	0.09213839	1.076412
12.36	6.793208	6.968522	-0.6980943	7	0.2764435	0.5075548	-7.41302	-0.1826708	0.5774345
12.38	6.865658	6.968522	-0.2676429	7	0.2460943	0.4645175	-4.958715	0.4432831	1.166694
12.4	6.736445	6.900233	-0.8910541	7	0.3216528	0.5516222	-7.436975	-0.2590067	0.6429815
12.42	6.825933	6.968522	-0.3695577	7	0.3366135	0.58411	-6.092745	0.2600769	1.389299
12.44	6.869849	6.968522	-0.1097911	7	0.3310591	0.5257302	-6.308844	-0.1368693	0.837163
12.46	7.034076	7.105102	0.6844705	7	0.30885	0.4872859	-6.855814	0.4585503	0.6018257
12.48	6.889627	6.968522	-0.09125832	7	0.262916	0.4782413	-9.071856	0.2448102	-0.1637001
12.5	6.970179	7.036813	0.301635	7	0.169904	0.402087	-6.242968	-0.1521369	0.6785564
12.52	6.867477	7.036813	-0.3096361	7	0.2420651	0.5111102	-9.615459	-0.5796175	0.1426611
12.54	6.869946	6.968522	-0.270261	7	0.1619474	0.4288476	-6.154854	0.4738175	0.8859749
12.56	6.901865	7.036813	-0.142009	7	0.1993759	0.4265444	-6.426293	-0.197938	0.6799431
12.58	6.864122	7.036813	-0.3768873	7	0.2706422	0.5373588	-8.557612	0.3516805	0.5648279
12.6	6.790485	6.900233	-0.6819326	7	0.2139735	0.469219	-6.109211	-0.2132052	0.8945284
12.62	6.890907	7.036813	-0.1669596	7	0.265368	0.4922395	-5.915655	-0.02999904	1.087325
12.64	6.958309	7.036813	0.169277	7	0.2464505	0.4241322	-5.886554	0.06160403	0.5850973
12.66	6.867864	6.968522	-0.3003027	7	0.2418742	0.4457567	-7.269283	-0.197938	0.2500849
12.68	6.855776	6.968522	-0.3399828	7	0.2240644	0.4559652	-6.266814	0.03106925	0.7699022
12.7	6.84723	6.968522	-0.3663496	7	0.2361789	0.4542155	-6.069263	-0.1368693	0.7647552
12.72	6.930917	7.036813	0.05259222	7	0.2449146	0.4441905	-5.858652	-0.02999904	0.7879429
12.74	6.93904	7.036813	0.06079477	7	0.247475	0.4444845	-7.062295	0.09213839	0.3684778
12.76	6.883155	6.968522	-0.2199645	7	0.2030667	0.4155708	-6.595122	-0.07580101	0.4081039
12.78	6.857396	6.968522	-0.3425072	7	0.1967785	0.4155026	-5.979288	-0.04526665	0.6539879
12.8	6.842024	6.968522	-0.4091482	7	0.2199798	0.4365789	-5.912162	-0.0605334	0.7463045
12.82	6.835251	6.968522	-0.4253651	7	0.2523304	0.4717841	-6.1361	-0.0605334	0.8153954
12.84	6.928006	7.036813	0.04628235	7	0.2631167	0.4649183	-5.930566	-0.07580101	0.8520479
12.86	6.899602	6.968522	-0.08999282	7	0.224755	0.4005028	-5.958207	-0.07580101	0.3833809
12.88	7.008103	7.105102	0.403431	7	0.234116	0.4280433	-6.671675	0.0005348892	0.5132904
12.9	6.840485	6.968522	-0.4836743	7	0.241962	0.4891918	-8.993385	0.03106925	0.05050182
12.92	6.86353	6.968522	-0.3252853	7	0.1808803	0.4372161	-5.676765	-0.0605334	1.017611
12.94	6.840241	6.968522	-0.435798	7	0.2116368	0.4240777	-5.820015	0.03106925	0.7090101
12.96	6.967171	7.105102	0.1675298	7	0.2678936	0.4860627	-6.720379	-0.04526665	0.8311195
12.98	6.912713	7.036813	-0.1471879	7	0.2793764	0.5181336	-8.720201	0.0158025	0.2820015
13	6.848256	6.968522	-0.452468	7	0.2382108	0.5088431	-7.668386	-0.04526665	0.6745386
13.02	6.820795	6.968522	-0.5642681	7	0.2492521	0.5152392	-6.959723	0.03106925	0.9228153
13.04	6.844322	6.968522	-0.4027438	7	0.2502691	0.4801296	-5.779824	-0.04526665	1.008416
13.06	6.911942	7.036813	-0.06306857	7	0.2847804	0.4933534	-6.468563	0.6112221	0.8069124
13.08	6.842171	6.968522	-0.4098313	7	0.2970971	0.5291287	-7.82894	-0.3811446	0.5117893
13.1	7.028112	7.105102	0.5227568	7	0.2479734	0.4562079	-5.960645	-0.02999904	0.9180908
13.12	6.892516	6.968522	-0.1956711	7	0.2141197	0.4063353	-7.669297	-0.07580101	-0.09210587
13.14	6.840554	6.968522	-0.453393	7	0.2037839	0.4585687	-6.921793	0.0005348892	0.6759214
13.16	6.833113	6.968522	-0.4702405	7	0.2174761	0.4581319	-6.065947	0.0158025	0.8930492
13.18	6.875773	7.036813	-0.2673817	7	0.285126	0.5280914	-7.172062	-0.02999904	0.8776865
13.2	6.768294	6.900233	-0.7599083	7	0.2808949	0.5289085	-7.137449	0.1074051	0.7388678
13.22	6.921554	7.036813	0.04748523	7	0.2799276	0.5001705	-5.467583	0.03106925	1.232046
13.24	6.894728	6.968522	-0.08181342	7	0.2569139	0.4273344	-6.215994	-0.09106776	0.3725462
13.26	6.866936	6.968522	-0.2188205	7	0.2494477	0.4552034	-6.603105	-0.01473186	0.5314827
13.28	6.861722	6.968522	-0.2341053	7	0.2404397	0.4554152	-6.302009	-0.0605334	0.6831818
13.3	6.854036	6.968522	-0.2655764	7	0.2460521	0.4610239	-6.365929	-0.04526665	0.6855097
13.32	6.837739	6.968522	-0.3422997	7	0.2682084	0.497304	-6.873765	0.0005348892	0.7222052
13.34	6.917626	7.036813	0.05202991	7	0.2768687	0.5034695	-6.840633	0.0005348892	0.8262367
13.36	6.839791	6.968522	-0.3539619	7	0.2860529	0.5295299	-8.275639	-0.09106776	0.4376669
13.38	6.831242	6.968522	-0.3772108	7	0.2769148	0.5478356	-7.518305	0.3669472	0.9000206
13.4	6.86326	7.036813	-0.2359241	7	0.3312087	0.6151137	-8.745955	-0.3811446	0.8912945
13.42	6.874531	7.036813	-0.1951042	7	0.3477915	0.6499029	-9.604055	0.3516805	0.8140182
13.44	7.019804	7.105102	0.5182369	7	0.2725906	0.527458	-7.776233	-0.1063349	0.8125172
13.46	6.949678	7.036813	0.101186	7	0.2240501	0.4601525	-8.887147	-0.04526665	0.0106926
13.48	6.856519	6.968522	-0.3823752	7	0.1712935	0.4432952	-7.697814	0.06160403	0.4456062
13.5	6.82776	6.968522	-0.5197253	7	0.1747131	0.4368424	-6.289295	-0.07580101	0.8512974
13.52	6.823637	6.968522	-0.5228515	7	0.2114464	0.4459518	-5.758974	0.06160403	0.9231281
13.54	6.918795	7.036813	-0.03881872	-7	0.2390611	0.4391068	-74.13032	0.0005348892	-17.67374
13.56	6.945558	7.036813	0.07406038	-7	-1.131239	0.424026	-86.62291	-0.04526665	-14.97018
13.58	6.131868	7.036813	-4.572264	-7	-1.877607	0.6053505	-102.5888	-4.259007	-14.74659
13.6	5.695689	6.968522	-7.122674	-7	-2.552726	0.4623443	-94.02788	-12.97656	-9.727633
13.62	4.811147	6.080756	-11.4707	-7	-3.172463	-0.3642729	-73.00453	-25.73992	-7.83669
13.64	5.387833	6.968522	-8.67946	-7	-2.904992	-0.3679508	-62.89066	-37.78572	-4.631194
13.66	6.076816	6.968522	-5.279819	-7	-3.189399	-1.36825	-50.23315	-47.38877	-7.81881
13.68	6.669069	7.036813	-2.564218	-7	-3.789931	-2.587558	-39.48346	-46.41167	-11.80584
13.7	8.205663	7.105102	5.011004	-7	-5.762354	-5.937822	8.198586	4.886032	-15.14118
13.72	5.080884	6.353915	-12.32004	-7	-4.357971	-3.343697	-65.99091	20.93183	-25.1647
13.74	5.718178	7.51484	-9.495173	-7	-3.701068	-1.144859	-56.72969	1.038703	-4.913485
13.76	5.518262	6.695365	-10.44414	-7	-3.649864	-1.716076	-46.9249	-25.31244	-8.098018
13.78	6.779918	6.968522	-3.753051	-7	-4.425394	-3.533773	-10.57434	-37.44985	-7.598693
13.8	7.06639	6.968522	-2.616214	-7	-4.798761	-4.734724	-9.707042	-13.60252	-15.88891
13.82	6.003024	6.695365	-8.554778	-7	-4.352114	-3.619032	-34.99927	31.83259	-17.18915
13.84	4.777522	6.149047	-14.67748	-7	-3.74296	-2.049568	-43.99358	15.34404	-10.27177
13.86	4.121828	5.124701	-16.78845	-7	-3.816032	-2.35457	-13.84196	-12.83916	-3.734893
13.88	5.51452	5.739308	-8.522568	-7	-4.00611	-3.854899	22.60044	-34.09107	-2.763686
13.9	5.493906	5.124701	-7.765841	-7	-4.183928	-5.075809	25.39154	-28.56435	-12.25791
13.92	5.929873	5.67102	-5.126312	-7	-4.09879	-4.954077	18.97852	25.0387	-12.93321
13.94	3.35375	3.827197	-17.38435	-7	-3.588345	-3.616468	-8.183275	13.72572	-15.0905
13.96	3.106778	3.758908	-16.88439	-7	-3.373096	-2.965117	18.10181	-5.358243	-1.539786
13.98	4.191845	4.510095	-10.009	-7	-2.853169	-3.260412	26.60081	-10.71702	-2.751821
14	5.471061	5.056413	-2.725	-7	-2.871983	-3.932256	21.68355	3.221909	-9.421085
14.02	4.217775	3.827197	-8.385213	-7	-3.126232	-3.895291	1.107031	23.19137	-16.11261
14.04	2.062776	2.597983	-18.01632	-7	-2.91537	-2.598904	-6.059082	18.22954	-9.483798
14.06	2.640447	3.485749	-13.59366	-7	-2.333882	-1.839619	8.991024	-5.449846	0.645977
14.08	3.169903	3.21259	-9.428988	-7	-2.327557	-2.709469	18.9352	-5.86206	-3.885752
14.1	2.301996	2.871142	-12.78888	-7	-1.577784	-1.634405	-9.649983	16.42801	-8.032329
14.12	1.584475	1.641927	-14.40037	-7	-2.068092	-2.026041	12.21348	21.66466	-3.015979
14.14	0.9566982	1.641927	-15.87423	-7	-1.389465	-1.305207	5.370695	9.481451	-2.00894
14.16	1.307977	1.641927	-12.18791	-7	-1.17705	-1.284992	14.30256	17.32878	0.3164282
14.18	-0.101078	0.2761335	-17.25113	-7	-0.8789884	-1.032889	5.988145	14.76389	-3.167931
14.2	1.044824	1.300479	-9.501306	-7	-0.6767384	-0.8997177	18.3992	25.11504	2.767726
14.22	1.085982	1.300479	-8.059179	-7	-0.2498755	-0.6028435	-6.360134	7.496718	-4.84575
14.24	0.2399448	0.002975464	-10.56299	-7	-0.9430959	-1.123949	1.398139	29.02343	-4.710252
14.26	-0.6221256	0.002975464	-13.48071	-7	-0.5004189	-0.1799583	-10.62023	12.0158	-2.27448
14.28	-0.4357763	-0.3384733	-10.60491	-7	-0.8619304	-0.7984312	12.19215	-6.289541	1.595121
14.3	-0.3294398	-0.3384733	-8.560734	-7	-0.8434209	-1.272833	13.63104	-6.0758	-1.833906
14.32	-0.5328891	-0.6799221	-8.182755	-7	-0.9575886	-1.487114	13.03753	2.321146	-3.502982
14.34	-2.719211	-2.455454	-17.37529	-7	-0.8341635	-0.9719943	7.126721	8.35168	-3.496076
14.36	-3.268628	-2.796902	-17.61253	-7	-0.567983	-0.6057975	30.81201	-0.1826708	6.287581
14.38	-2.127814	-1.704267	-9.885409	-7	0.3242105	-0.2652569	29.77957	-1.404045	6.134703
14.4	-2.851356	-3.070061	-11.42634	-7	0.3520865	-0.5696341	22.23381	0.5043522	-0.7114763
14.42	-3.46655	-3.411509	-12.40341	-7	0.5388899	-0.03818553	18.42478	18.48908	1.707916
14.44	-3.499431	-3.752957	-10.26732	-7	0.3316517	-0.4472648	31.29449	19.29824	3.433969
14.46	-4.446929	-4.094406	-13.18688	-7	1.039963	0.5485653	9.640789	1.313512	1.314125
14.48	-4.196606	-4.367564	-9.570642	-7	0.7755655	0.2202806	27.73485	10.21427	5.791899
14.5	-4.757804	-4.777303	-10.4615	-7	1.029536	0.3117995	18.10052	2.137939	1.983375
14.52	-4.756102	-5.050462	-8.353794	-7	0.8128706	0.03891124	27.56464	8.199008	3.857968
14.54	-4.432921	-4.094406	-5.584498	-7	1.632774	1.210078	-1.244979	6.840229	1.868879
14.56	-5.758674	-6.143096	-10.24022	-7	0.85664	0.5051638	9.857454	2.702825	0.9358215
14.58	-6.737221	-6.484545	-13.13483	-7	1.012776	0.8704008	15.6755	1.832596	5.3804
14.6	-5.621178	-5.733358	-5.558296	-7	1.051165	0.4056865	33.93723	-1.220839	8.510553
14.62	-6.088346	-6.143096	-6.582427	-7	1.485045	0.6793916	10.94065	0.5654205	0.7607937
14.64	-6.498805	-6.825994	-6.900797	-7	1.116601	0.5322058	18.51714	12.38221	3.25736
14.66	-7.886045	-7.50889	-12.26752	-7	1.615344	1.464428	4.141134	6.824962	3.614472
14.68	-6.388917	-6.825994	-2.71619	-7	1.09957	0.4283292	39.32999	-2.808625	10.05487
14.7	-7.794823	-7.50889	-8.784609	-7	1.992475	1.421327	-3.064865	0.7638943	-0.4976501
14.72	-6.459106	-6.825994	-0.5203276	-7	1.471304	1.062156	20.34631	9.786793	7.838938
14.74	-7.939924	-7.4406	-7.368709	-7	2.278801	2.29804	-24.75546	1.802062	-1.031856
14.76	-7.433791	-8.123497	-2.897217	-7	0.8603908	0.6644739	25.87698	-1.190305	8.073572
14.78	-8.588958	-7.850338	-8.139636	-7	2.056628	2.112721	-15.56647	-0.6559534	1.601516
14.8	-7.767582	-8.533236	-2.07134	-7	0.754261	0.2937675	36.88338	-5.022366	9.02239
14.82	-8.749035	-8.123497	-6.582477	-7	2.07454	1.829095	-10.22284	2.962367	0.9238806
14.84	-6.999187	-7.850338	3.604625	-7	0.9280081	0.2980602	32.28168	3.466184	7.874641
14.86	-8.028146	-7.4406	-1.983106	-7	2.226556	2.137608	-33.7045	4.214275	-3.918499
14.88	-8.853418	-9.48929	-4.605541	-7	0.6400692	0.7836925	11.41656	1.221909	4.738636
14.9	-10.90351	-9.147842	-14.48366	-7	2.61932	3.777948	-37.86482	-3.678854	5.342355
14.92	-9.317432	-9.147842	-4.392909	-7	1.956607	2.577856	20.75344	-20.83916	17.77273
14.94	-13.53245	-10.1039	-25.26926	-7	5.862928	8.237137	-102.0635	12.30588	5.603082
14.96	-8.46668	-8.806395	3.699268	-7	3.515239	4.757116	20.20734	5.54252	30
14.98	-9.260044	-8.533236	-0.402149	-7	4.77181	5.033751	-61.39969	12.44328	-1.025572
15	-8.61606	-9.48929	4.201212	-7	2.567187	3.068418	-15.77448	11.74099	6.971359
15.02	-10.58702	-9.48929	-5.890893	-7	3.4109	4.725407	-67.60049	0.1990086	0.3166628
15.04	-8.89264	-9.421001	3.961349	-7	1.512762	2.304247	3.798362	-9.831526	12.71479
15.06	-10.33599	-9.557581	-3.626132	-7	2.42602	3.075716	-41.69965	-0.3964114	-0.2366533
15.08	-8.454246	-9.48929	6.893679	-7	0.5091956	0.4062979	27.83322	4.321145	9.385366
15.1	-11.08729	-9.421001	-7.508962	-7	2.882277	3.843208	-67.88232	-3.358243	-4.209757
15.12	-8.686901	-9.48929	5.969181	-7	0.7041516	1.238002	24.18837	4.153207	14.45877
15.14	-11.63827	-9.48929	-10.06295	-7	3.524327	4.94007	-83.22387	-5.602518	-3.035425
15.16	-8.268799	-9.48929	8.743641	-7	0.6051693	1.044986	37.86706	-3.663587	17.84382
15.18	-10.76547	-9.48929	-5.031341	-7	2.76699	3.239401	-59.96307	-3.633053	-6.229919
15.2	-8.503749	-9.421001	7.461739	-7	0.6447363	0.9712414	21.88455	-8.167403	11.86908
15.22	-11.15799	-9.421001	-7.154315	-7	2.993371	4.140365	-74.49496	-9.327709	-4.251317
15.24	-8.117127	-9.421001	9.612847	-7	0.1691978	0.4220443	37.3544	0.2906113	14.62475
15.26	-11.05341	-9.421001	-6.678422	-7	2.711798	3.50631	-70.86531	-7.220838	-7.10639
15.28	-8.231544	-9.421001	8.860162	-7	0.08013332	0.3654281	35.34561	-1.419312	13.92739
15.3	-10.63016	-9.421001	-4.534438	-7	2.12593	2.594427	-53.52949	-12.01473	-6.337667
15.32	-7.522647	-8.533236	11.74162	-7	0.1385543	0.251574	26.87725	-1.709388	10.92294
15.34	-9.592593	-8.464945	-0.5251203	-7	2.020799	2.63372	-66.96221	-9.175037	-8.939938
15.36	-7.576165	-8.464945	9.935755	-7	-0.1415632	0.4278592	7.567951	5.115039	7.278063
15.38	-10.69162	-9.421001	-7.0444	-7	1.354383	2.460882	-61.83881	15.81733	-6.728412
15.4	-9.964138	-9.557581	-2.553252	-7	0.5476974	1.981502	-1.363793	-17.84679	13.05319
15.42	-10.73558	-9.48929	-6.490844	-7	1.865855	2.875402	-26.78775	16.09214	5.923519
15.44	-9.274741	-9.421001	1.802685	-7	1.200781	1.480142	15.48541	-21.46511	11.17836
15.46	-8.867273	-9.48929	4.075592	-7	0.853209	0.06155944	17.5015	17.64939	1.22032
15.48	-9.250954	-9.421001	1.924633	-7	1.03751	0.6254603	-1.849907	10.22954	-1.103178
15.5	-8.898106	-9.147842	3.629838	-7	0.7865473	0.646063	1.775672	26.16847	1.877038
15.52	-9.680786	-9.079553	-0.8570285	-7	1.523353	2.05092	-29.7899	-15.23611	-0.02503681
15.54	-7.179756	-8.191787	11.89468	-7	0.01083553	-0.2784903	22.88339	-7.800991	5.821494
15.56	-8.395872	-8.191787	4.19014	-7	0.8147219	0.7448902	-37.16954	-8.28954	-9.341865
15.58	-8.994166	-9.421001	1.198845	-7	-0.4280548	0.05183458	-2.563685	-3.251373	0.7184343
15.6	-10.09071	-9.147842	-4.830153	-7	0.5405151	1.397518	-21.29361	0.9318328	1.832952
15.62	-8.279704	-8.191787	4.394295	-7	0.3472342	0.7265568	10.63084	-22.65595	8.645977
15.64	-10.06453	-9.079553	-5.22124	-7	1.611343	2.305841	-39.5385	4.382214	-1.881278
15.66	-8.811563	-9.079553	1.938987	-7	0.5456951	1.006933	13.99465	-0.3353426	9.924984
15.68	-10.02142	-9.147842	-4.495416	-7	1.763585	2.247972	-28.56969	13.72572	0.4623842
15.7	-8.942143	-9.147842	1.727782	-7	0.9856919	1.293616	10.08173	-6.426946	8.865551
15.72	-11.29465	-10.03561	-10.15822	-7	2.438713	3.333499	-41.87524	19.67992	1.045494
15.74	-9.124291	-9.079553	1.996409	-7	1.713102	2.373214	11.58961	-10.1216	15.34787
15.76	-12.04981	-10.03561	-12.98102	-7	4.037103	5.529244	-75.189	22.45855	1.152097
15.78	-10.02008	-10.1039	-0.6185818	-7	2.412016	3.590404	8.440495	-9.816258	20.1975
15.8	-11.69955	-10.1039	-8.961648	-7	4.272273	5.419423	-59.37988	21.9242	4.482939
15.82	-8.94134	-9.147842	6.262945	-7	2.995083	3.809634	-4.962241	-13.54145	16.16084
15.84	-10.51921	-10.17219	-1.725473	-7	3.246749	3.76351	-48.51572	22.21427	-1.155234
15.86	-8.497163	-9.216132	9.07587	-7	1.632414	1.950298	0.2873039	0.2448102	8.726725
15.88	-10.84152	-10.1039	-3.464987	-7	2.421589	3.212073	-56.79668	14.56542	-4.241787
15.9	-9.155131	-9.147842	5.386417	-7	1.43477	2.484143	-11.57168	-18.9613	10.64068
15.92	-11.01293	-9.079553	-5.183851	-7	3.407279	5.331391	-89.1004	5.710458	-0.2096424
15.94	-8.873785	-9.147842	6.437009	-7	1.456801	2.886628	-11.73404	-14.64069	13.77051
15.96	-11.3784	-9.011263	-7.604881	-7	3.887826	6.197089	-107.838	13.06924	-1.324394
15.98	-9.417605	-9.48929	3.531321	-7	1.731165	3.663036	-16.82026	-13.54145	16.94334
16	-10.65875	-9.421001	-3.330088	-7	2.800913	4.223423	-61.79308	7.847863	1.763063
16.02	-8.878738	-9.352711	6.347674	-7	1.150294	1.910388	0.3350039	-10.82389	10.5995
16.04	-11.23224	-9.421001	-6.646765	-7	3.171589	4.784947	-81.8765	12.9471	-1.8673
16.06	-8.849439	-9.421001	6.504363	-7	1.007438	2.022667	8.039776	3.511985	14.73334
16.08	-10.98495	-9.421001	-5.357768	-7	2.916604	4.173802	-71.3571	5.466184	-2.400854
16.1	-7.749494	-8.464945	11.5915	-7	0.926165	1.618286	8.528187	-4.808625	12.94904
16.12	-9.297647	-8.464945	2.131739	-7	2.150015	2.877902	-67.50864	3.130306	-7.542305
16.14	-9.06096	-9.762449	3.801454	-7	0.03231633	0.845228	-3.204481	-5.678854	5.031131
16.16	-11.59343	-9.830739	-9.79654	-7	1.846892	3.453182	-59.14936	2.061604	0.1674089
16.18	-9.390685	-8.806395	1.953201	-7	1.436494	2.884107	-5.773363	-25.0529	16.18334
16.2	-11.34091	-8.874683	-8.866661	-7	4.080112	6.264439	-95.49187	5.450916	2.293848
16.22	-9.412941	-10.1039	2.795768	-7	1.394409	2.557885	11.07155	1.924199	17.25834
16.24	-11.31882	-9.967319	-7.176316	-7	3.058272	4.016571	-52.62331	2.183741	0.9309959
16.26	-8.332114	-9.147842	9.01153	-7	1.251138	1.462387	22.85966	9.359314	13.85074
16.28	-9.538992	-9.147842	1.926816	-7	2.218673	2.252659	-41.67322	-7.96893	-5.52863
16.3	-7.826506	-9.147842	10.92569	-7	0.0559516	-0.1834929	19.27025	13.81733	4.311819
16.32	-9.5616	-9.147842	0.8314326	-7	0.9527445	1.119538	-37.4931	-14.83916	-7.613566
16.34	-7.167098	-8.191787	12.7133	-7	-0.7063259	-0.8215953	22.1389	-4.442213	4.7113
16.36	-9.384141	-8.191787	-0.6039701	-7	1.161109	1.940345	-65.98064	-21.87733	-10.03594
16.38	-7.625712	-8.533236	8.517677	-7	-1.038725	-0.5000678	17.55117	0.2295426	6.861973
16.4	-9.511299	-8.464945	-2.546412	-7	0.5134137	1.18972	-43.13606	-21.12923	-6.266739
16.42	-7.900034	-8.464945	5.837825	-7	-0.8780637	-0.5482047	22.61098	0.8402293	7.249285
16.44	-9.552227	-8.396656	-3.756267	-7	0.8787151	1.492895	-38.88842	-12.68649	-4.189419
16.46	-7.819999	-7.50889	4.838062	-7	0.6149715	1.54629	-10.10541	-36.10633	8.037136
16.48	-8.368176	-8.464945	1.702512	-7	0.3306875	0.546151	-13.79145	16.79443	-1.800713
16.5	-8.581399	-8.533236	0.4692576	-7	0.1222144	0.4697056	-5.471808	-16.18267	1.294575
16.52	-7.889474	-9.48929	4.755497	-7	-1.812702	-3.004616	61.92584	23.95473	2.038718
16.54	-8.290939	-8.191787	1.699739	-7	-0.4038569	-1.474861	15.3406	-6.259007	-5.415343
16.56	-7.667419	-8.191787	4.608003	-7	-0.611594	-1.327501	24.53125	11.13031	-0.285861
16.58	-9.166593	-9.147842	-3.223326	-7	-0.1903449	-0.5582385	4.335703	-2.732289	-3.659734
16.6	-8.705979	-9.079553	-0.3397672	-7	-0.5634614	-1.015579	36.15164	-10.18267	4.951269
16.62	-9.366029	-9.147842	-3.610784	-7	0.3305357	-0.2078747	15.92672	-2.45748	0.7328491
16.64	-8.459997	-9.079553	1.677025	-7	-0.05812883	-0.9568117	42.45787	-5.480381	5.046951
16.66	-9.088886	-9.079553	-1.528929	-7	0.7581878	-0.04254591	11.7909	13.17611	-1.2427
16.68	-9.429353	-10.03561	-2.28475	-7	0.1887539	-0.5560638	34.28615	3.86313	3.454259
16.7	-9.172386	-8.806395	-0.9449048	-7	1.298182	0.8654186	8.231652	15.38985	3.304591
16.72	-8.29341	-8.806395	3.901134	-7	0.9376364	0.3239253	17.63226	-7.083434	3.40626
16.74	-9.0656	-8.806395	-0.3099858	-7	1.587467	1.52537	-19.53256	13.37458	-1.731381
16.76	-8.448714	-8.806395	3.164929	-7	0.8386458	0.9218841	2.677258	1.267711	4.148234
16.78	-9.283258	-8.806395	-1.389422	-7	1.427329	1.829563	-25.85099	3.389848	-0.3213301
16.8	-8.428665	-8.738104	3.297048	-7	0.6172242	0.8430308	4.976859	-3.846793	5.4756
16.82	-9.374766	-8.806395	-1.904051	-7	1.350563	1.78537	-26.74706	2.916565	-0.5879841
16.84	-9.8111	-10.17219	-3.100795	-7	0.2848959	0.5050215	15.55971	1.970001	5.993902
16.86	-11.01094	-10.1039	-8.74917	-7	1.467246	1.863545	-5.35256	3.359313	5.281545
16.88	-9.399777	-10.1039	0.9219937	-7	0.5306638	-0.1107873	52.55655	1.145573	12.09765
16.9	-10.50896	-10.1039	-4.553513	-7	1.947376	1.262363	1.723859	13.28298	0.1803036
16.92	-9.29306	-10.1039	2.775739	-7	1.063852	0.2723437	38.34595	13.37458	8.181219
16.94	-10.82256	-10.1039	-5.065628	-7	2.559756	2.45225	-22.79367	13.90893	-0.5368872
16.96	-8.482674	-9.147842	7.577078	-7	1.493232	1.278183	20.64534	-9.816258	10.20888
16.98	-9.798813	-9.147842	0.08147907	-7	2.684144	2.951153	-48.4073	5.664657	-4.156097
17	-8.36884	-9.147842	7.776721	-7	0.9632107	1.272603	1.427599	-5.96893	6.372482
17.02	-9.869307	-9.147842	-0.7597303	-7	1.835344	2.550894	-49.34417	5.191375	-3.651373
17.04	-9.266414	-9.147842	2.435522	-7	1.051513	2.109259	-17.49163	-20.59488	6.963762
17.06	-12.63967	-9.147842	-15.86182	-7	4.523084	7.809329	-128.4539	8.275344	2.259661
17.08	-8.485742	-8.123497	6.599381	-7	2.577769	5.090647	-19.55436	-17.86206	25.6003
17.1	-10.13206	-8.123497	-3.014977	-7	4.534056	6.694429	-113.1399	12.91656	-1.397125
17.12	-7.27164	-8.123497	12.22947	-7	1.54653	3.010571	-19.91717	1.084505	12.35954
17.14	-9.196863	-8.123497	0.8694458	-7	2.45654	3.966516	-90.49493	2.9471	-7.205676
17.16	-7.413901	-8.123497	9.981076	-7	0.03922719	1.252314	-13.13905	1.802062	6.921541
17.18	-9.50235	-8.191787	-2.235539	-7	1.300883	2.833328	-74.24905	1.588321	-5.984079
17.2	-8.223123	-8.123497	4.243852	-7	0.05060975	1.552609	-15.49303	-14.93076	8.595734
17.22	-9.963543	-8.123497	-5.802819	-7	1.822854	3.728458	-73.50189	1.710459	-0.6885681
17.24	-7.81228	-8.123497	5.689934	-7	0.1278988	1.205154	5.184535	-8.991831	11.82011
17.26	-9.572598	-8.123497	-4.391707	-7	1.872153	3.072215	-62.63564	6.763893	-3.215683
17.28	-7.396778	-8.123497	7.289762	-7	-0.07163537	0.4749259	15.63772	2.702825	9.794724
17.3	-10.92786	-9.147842	-11.53637	-7	2.088394	3.410461	-70.83538	1.405115	-5.433201
17.32	-8.233304	-9.147842	3.880485	-7	-0.3327643	0.09642541	47.26374	2.046336	17.13042
17.34	-10.81544	-9.147842	-9.965105	-7	2.372199	2.894501	-47.46262	-5.037632	-3.393117
17.36	-7.32966	-8.260077	8.934658	-7	0.5339911	0.4925677	39.57661	-5.358243	14.82089
17.38	-9.52464	-8.191787	-3.525759	-7	2.840691	3.321697	-67.72164	-3.358243	-7.705332
17.4	-7.329609	-8.191787	8.390303	-7	0.6533653	1.205992	6.951248	-1.770457	9.515982
17.42	-8.918661	-8.123497	-0.7689037	-7	1.726498	2.403246	-54.82874	-12.42694	-5.781048
17.44	-7.245624	-8.191787	8.1214	-7	-0.3111867	-0.02781022	13.82261	7.069236	5.94364
17.46	-9.202561	-8.123497	-3.09009	-7	1.188102	1.960353	-52.59853	-9.404045	-6.18731
17.48	-7.104146	-8.191787	8.1426	-7	-0.9708135	-0.8938917	32.21845	4.550153	7.785795
17.5	-10.57746	-9.216132	-10.43421	-7	1.043068	1.707615	-47.51776	-10.61015	-7.359046
17.52	-8.521059	-8.191787	0.7621386	-7	0.526295	1.527323	11.82903	-34.51855	14.6112
17.54	-8.441741	-9.147842	1.608233	-7	-0.05969524	-0.8567477	28.15831	15.19137	1.016838
17.56	-9.314571	-9.147842	-2.829445	-7	0.6273348	0.2438914	4.646864	-27.28191	-0.5545597
17.58	-9.211606	-9.147842	-1.816708	-7	0.7492266	0.6587902	12.2864	8.809695	4.994078
17.6	-9.579004	-9.079553	-3.432819	-7	1.509659	1.645612	-6.022456	3.069237	3.798788
17.62	-9.594861	-10.17219	-2.248487	-7	0.6191643	0.2156956	29.85039	8.9471	6.426595
17.64	-9.08599	-8.806395	0.3992292	-7	1.568863	1.150275	5.980494	15.11504	3.77937
17.66	-9.39445	-9.830739	-0.4807062	-7	1.133135	0.6734337	12.06639	13.67992	2.480414
17.68	-8.285594	-8.191787	4.896128	-7	1.6182	1.421843	-4.681342	14.76389	3.161787
17.7	-8.198223	-8.464945	5.015632	-7	1.320252	1.27748	-17.33164	6.840229	-1.300415
17.72	-8.484413	-8.396656	3.074628	-7	1.150524	1.657377	-29.09366	0.1990086	-0.967248
17.74	-8.782804	-8.464945	1.195041	-7	0.9789582	1.875314	-30.21944	-0.3506098	1.319162
17.76	-8.583693	-8.396656	1.98541	-7	0.6505367	1.422017	-18.22575	-12.06053	3.084023
17.78	-8.566847	-8.464945	1.798357	-7	0.4533905	0.9329911	-12.42214	-6.426946	1.639668
17.8	-10.00149	-9.762449	-5.226385	-7	0.3482773	0.8497648	-7.590221	-2.56435	1.447601
17.82	-8.91559	-8.464945	0.4051843	-7	0.7643328	1.171605	5.195604	1.191375	8.14205
17.84	-8.406624	-8.396656	2.843253	-7	0.9537868	0.8541247	-1.486768	-0.1826708	2.145683
17.86	-8.084888	-8.396656	4.283073	-7	0.6512849	0.4692284	-2.00324	5.282977	0.06653118
17.88	-8.55182	-8.464945	1.491595	-7	0.748287	0.9394413	-17.02689	14.53488	-1.420981
17.9	-8.760262	-8.464945	0.2220705	-7	0.7683725	1.377004	-18.08496	-3.739923	1.912579
17.92	-8.824541	-8.533236	-0.1668823	-7	0.7535436	1.356028	-13.72609	-5.327709	3.15136
17.94	-8.253325	-8.396656	2.7584	-7	0.3758574	0.5197701	2.465364	-6.579618	3.310526
17.96	-8.569467	-8.396656	0.7980709	-7	0.6519954	0.7948945	-11.55933	0.3669472	-0.3605852
17.98	-8.384452	-8.396656	1.663688	-7	0.4468639	0.6775887	-3.85488	0.8707641	2.162349
18	-8.463474	-8.396656	1.068787	-7	0.4758158	0.6362484	-6.089273	-2.136869	0.9033375
18.02	-8.515674	-8.533236	0.7596247	-7	0.349243	0.4756397	-1.297888	-0.4116785	1.543136
18.04	-8.588057	-8.464945	0.282741	-7	0.4784341	0.6181422	-3.203596	-0.4727472	1.589507
18.06	-8.680238	-8.533236	-0.2004532	-7	0.5854623	0.7751134	-3.713779	0.3516805	2.138222
18.08	-8.401524	-8.396656	1.236026	-7	0.5482385	0.6173515	0.9190043	0.2906113	2.649129
18.1	-8.436858	-8.464945	0.9996899	-7	0.5549195	0.535059	-1.389274	-0.1216026	1.028624
18.12	-8.502579	-8.533236	0.6637202	-7	0.503392	0.5243234	-0.6508496	0.3669472	1.353091
18.14	-8.490841	-8.464945	0.691316	-7	0.5372805	0.5820318	-1.073812	-0.5948847	1.637755
18.16	-8.54832	-8.464945	0.3594916	-7	0.6236009	0.7252238	-3.516083	-0.07580101	1.627951
18.18	-8.465062	-8.464945	0.8097247	-7	0.5717575	0.6464176	-0.8764183	0.1684743	2.07036
18.2	-8.397199	-8.396656	1.10535	-7	0.5809373	0.610941	-1.758991	-0.2590067	1.505772
18.22	-8.406954	-8.396656	0.9880977	-7	0.5806643	0.6427313	-3.335923	0.06160403	1.246446
18.24	-8.494675	-8.464945	0.5143946	-7	0.5597651	0.6687669	-3.549439	0.2142754	1.4165
18.26	-8.563067	-8.533236	0.2027138	-7	0.5269955	0.6320857	-1.461787	0.03106925	1.878559
18.28	-8.56619	-8.533236	0.2355168	-7	0.5413472	0.6006845	0.1766206	-0.02999904	2.09006
18.3	-8.496824	-8.464945	0.6028183	-7	0.5971143	0.6218559	-0.07369363	0.09213839	1.997208
18.32	-8.436307	-8.464945	0.9233578	-7	0.5818754	0.5689248	0.1076842	0.183741	1.663355
18.34	-8.402391	-8.396656	1.04148	-7	0.6150994	0.6322134	-2.259377	-0.04526665	1.342308
18.36	-8.53778	-8.533236	0.3625747	-7	0.5805206	0.6494808	-2.741343	-0.07580101	1.328279
18.38	-8.498698	-8.464945	0.5752308	-7	0.5790563	0.6664112	-1.455551	0.03106925	2.010685
18.4	-8.473709	-8.464945	0.7055079	-7	0.5760355	0.6212714	-1.106323	0.03106925	1.746555
18.42	-8.381491	-8.396656	1.142852	-7	0.5625924	0.5822476	-0.9634797	-0.0605334	1.603323
18.44	-8.381323	-8.396656	1.080061	-7	0.5494786	0.575307	-2.285854	-0.0605334	1.158615
18.46	-8.54355	-8.533236	0.2535025	-7	0.5187188	0.5940751	-2.412011	0.0158025	1.262426
18.48	-8.442524	-8.396656	0.7504417	-7	0.5439547	0.6314334	-1.126084	-0.01473186	2.070399
18.5	-8.558233	-8.533236	0.1814699	-7	0.5528848	0.6104931	-1.536834	-0.02999904	1.52504
18.52	-8.461677	-8.464945	0.7106793	-7	0.5344223	0.5635266	0.8799288	0.3058785	2.10687
18.54	-8.415292	-8.396656	0.9025978	-7	0.5956196	0.6039408	-1.367265	0.183741	1.484224
18.56	-8.399269	-8.396656	0.9459772	-7	0.5928642	0.6369764	-2.48022	-0.1063349	1.400106
18.58	-8.395969	-8.396656	0.9251211	-7	0.5631939	0.6278784	-2.678399	-0.1521369	1.398908
18.6	-8.500462	-8.464945	0.376299	-7	0.5589122	0.6587485	-3.252071	0.0158025	1.413474
18.62	-8.542063	-8.533236	0.22585	-7	0.5072771	0.5865726	-0.2364667	-0.197938	1.971225
18.64	-8.567797	-8.533236	0.1450416	-7	0.545683	0.582666	0.4426917	-0.1521369	1.98531
18.66	-8.555063	-8.533236	0.2722245	-7	0.5855242	0.5964803	0.874329	-0.1368693	2.052569
18.68	-8.539928	-8.533236	0.4084807	-7	0.61884	0.610976	0.6250669	-0.0605334	1.931497
18.7	-8.469032	-8.464945	0.7897319	-7	0.6540711	0.65019	-0.4329653	-0.1216026	1.831181
18.72	-8.518557	-8.533236	0.5709723	-7	0.6384315	0.6493471	-1.321286	-0.02999904	1.519182
18.74	-8.510993	-8.533236	0.6546262	-7	0.5984998	0.6162453	-0.3120872	0.0005348892	1.780121
18.76	-8.387854	-8.396656	1.243531	-7	0.6114373	0.6188716	-1.087939	0.0005348892	1.656354
18.78	-8.470484	-8.464945	0.7752704	-7	0.6125492	0.6611471	-3.526092	-0.09106776	1.109252
18.8	-8.491858	-8.464945	0.6519297	-7	0.5883366	0.6939545	-3.07788	-0.0605334	1.667704
18.82	-8.429715	-8.396656	0.9268271	-7	0.5884655	0.6863144	-2.854724	0.04633686	1.759413
18.84	-8.489387	-8.464945	0.5983945	-7	0.5730862	0.6665847	-3.15753	0.06160403	1.469653
18.86	-8.451292	-8.464945	0.8003603	-7	0.5112382	0.5724838	-0.6584029	0.1379395	1.79551
18.88	-8.40911	-8.396656	0.9581081	-7	0.535629	0.5712902	-1.484707	0.1379395	1.473505
18.9	-8.461296	-8.464945	0.6688021	-7	0.5154988	0.5592265	-1.560688	0.07687078	1.347094
18.92	-8.490666	-8.464945	0.5073961	-7	0.5258532	0.5895966	-1.376121	-0.0605334	1.623633
18.94	-8.579556	-8.533236	0.08349797	-7	0.5536144	0.6288911	-1.286633	-0.02999904	1.771501
18.96	-8.566833	-8.533236	0.2138256	-7	0.5716981	0.6257455	0.3172551	0.0005348892	2.193883
18.98	-8.421799	-8.396656	0.9463098	-7	0.6313521	0.6459016	-0.3669109	-0.04526665	2.012383
19	-8.470469	-8.464945	0.6875021	-7	0.6448032	0.6733311	-2.606143	-0.02999904	1.33727
19.02	-8.434612	-8.464945	0.8905177	-7	0.5755569	0.6138007	-1.034223	0.06160403	1.69352
19.04	-8.565052	-8.533236	0.2319645	-7	0.59566	0.6595814	-2.538646	-0.0605334	1.415452
19.06	-8.506228	-8.464945	0.5549484	-7	0.6070115	0.6938298	-1.383589	0.03106925	2.133702
19.08	-8.600447	-8.533236	0.09981847	-7	0.6600873	0.7533211	-2.963235	0.03106925	1.77263
19.1	-8.561146	-8.533236	0.3756692	-7	0.6415365	0.7242329	-0.8962748	-0.2437396	2.306319
19.12	-8.415394	-8.396656	1.103541	-7	0.6727885	0.709096	-1.601439	-0.04526665	1.957398
19.14	-8.441131	-8.464945	0.9545272	-7	0.6325723	0.6641803	-2.770818	0.1379395	1.280646
19.16	-8.448921	-8.464945	0.8994467	-7	0.5774199	0.6358761	-2.317107	-0.3964114	1.468781
19.18	-8.431007	-8.464945	0.9743221	-7	0.5118912	0.5453275	-0.89476	0.1990086	1.487893
19.2	-8.48377	-8.464945	0.6592121	-7	0.5308595	0.5812587	-2.022245	-0.01473186	1.333032
19.22	-8.482377	-8.464945	0.6509095	-7	0.5257277	0.5911964	-1.28969	-0.4574801	1.684439
19.24	-8.332827	-8.328366	1.339297	-7	0.5383464	0.5754582	-1.268546	0.4127487	1.653654
19.26	-8.518969	-8.464945	0.3269089	-7	0.5830181	0.6782029	-4.786012	0.1532067	0.9631929
19.28	-8.561596	-8.533236	0.1706316	-7	0.522998	0.6479815	-1.223065	-0.1368693	2.106552
19.3	-8.448655	-8.396656	0.7327439	-7	0.5791208	0.6461598	-0.8938459	-0.4116785	2.099316
19.32	-8.55674	-8.533236	0.2099402	-7	0.5914915	0.642795	-1.742416	0.0005348892	1.541232
19.34	-8.408115	-8.396656	0.9732353	-7	0.5938722	0.6384016	-0.4437824	0.2906113	2.100778
19.36	-8.447109	-8.464945	0.7641014	-7	0.579507	0.5909117	-1.549203	-0.09106776	1.296829
19.38	-8.563141	-8.533236	0.1949305	-7	0.5861291	0.6564056	-2.176139	-0.1826708	1.547185
19.4	-8.500184	-8.464945	0.5454712	-7	0.5971919	0.6711668	-0.9009132	0.09213839	2.139211
19.42	-8.475183	-8.464945	0.683127	-7	0.6063978	0.6412395	-1.146985	0.1226728	1.747286
19.44	-8.475029	-8.464945	0.6852081	-7	0.6102911	0.6527294	-1.743038	-0.2132052	1.628508
19.46	-8.486479	-8.464945	0.6258089	-7	0.6145985	0.6785003	-2.274304	-0.0605334	1.655144
19.48	-8.467687	-8.464945	0.7303855	-7	0.5882587	0.6459635	-1.573601	0.1684743	1.738295
19.5	-8.547095	-8.533236	0.34957	-7	0.5790393	0.6354986	-1.609416	-0.04526665	1.60132
19.52	-8.369606	-8.396656	1.248918	-7	0.5444537	0.5568758	0.5316927	-0.07580101	1.979599
19.54	-8.520361	-8.533236	0.4636595	-7	0.5472537	0.5500572	-1.674248	0.04633686	0.9943209
19.56	-8.368426	-8.396656	1.220644	-7	0.5091501	0.5243375	0.4929053	0.03106925	1.859827
19.58	-8.476604	-8.464945	0.6132157	-7	0.5454916	0.5675754	-2.36315	-0.01473186	1.008636
19.6	-8.40857	-8.396656	0.9282063	-7	0.5344086	0.6000856	-1.467938	-0.01473186	1.726248
19.62	-8.479922	-8.464945	0.5414506	-7	0.5339269	0.5922952	-2.072601	-0.02999904	1.366807
19.64	-8.495301	-8.464945	0.4658677	-7	0.5386592	0.6139867	-1.374137	0.0158025	1.766562
19.66	-8.488446	-8.464945	0.5113819	-7	0.5503269	0.6044231	-0.8175337	-0.09106776	1.809549
19.68	-8.456785	-8.464945	0.6892304	-7	0.5391935	0.5567738	0.06829343	0.0158025	1.744062
19.7	-8.553098	-8.533236	0.2228024	-7	0.5669921	0.5951393	-0.9069102	0.07687078	1.531582
19.72	-8.498266	-8.464945	0.5287525	-7	0.6006976	0.648367	-0.5263565	-0.09106776	2.043684
19.74	-8.463412	-8.464945	0.7237993	-7	0.6041372	0.6214801	-0.6692197	0.0158025	1.739954
19.76	-8.463074	-8.464945	0.7281502	-7	0.6041088	0.6279879	-1.377803	0.06160403	1.561185
19.78	-8.354013	-8.396656	1.264849	-7	0.554827	0.5576991	-0.4487548	-0.1216026	1.590485
19.8	-8.468124	-8.464945	0.6376957	-7	0.5623326	0.597243	-2.850683	-0.1826708	1.009503
19.82	-8.549902	-8.533236	0.2538054	-7	0.5286521	0.6114352	-1.347721	-0.04526665	1.723014
19.84	-8.510236	-8.464945	0.4684401	-7	0.5666698	0.6336725	-0.7188697	-0.2895411	2.030979
19.86	-8.443714	-8.396656	0.779169	-7	0.6274248	0.6862869	-2.093967	0.2600769	1.802033
19.88	-8.348441	-8.396656	1.252175	-7	0.5564597	0.5702778	-0.7944793	-0.1368693	1.565535
19.9	-8.417007	-8.464945	0.8747053	-7	0.5011148	0.5004146	-1.166995	-0.2284728	1.027509
19.92	-8.543763	-8.533236	0.2362279	-7	0.4930919	0.5420993	-1.046306	-0.07580101	1.396553
19.94	-8.466736	-8.464945	0.6507226	-7	0.4892117	0.513913	1.209807	0.06160403	2.015222
19.96	-8.480344	-8.464945	0.5674825	-7	0.5441823	0.5435341	-0.2362098	-0.09106776	1.510686
19.98	-8.523586	-8.533236	0.388687	-7	0.534547	0.5417779	0.3970198	-0.04526665	1.665074
20	-8.489388	-8.464945	0.5720409	-7	0.584592	0.6021776	-0.243094	0.1074051	1.819508
20.02	-8.425645	-8.464945	0.9175792	-7	0.552894	0.5341247	0.6636606	0.1074051	1.6812
20.04	-8.439283	-8.464945	0.8325322	-7	0.5533015	0.5347746	-0.4940557	-0.1368693	1.301433
20.06	-8.394366	-8.396656	1.016422	-7	0.5642892	0.585207	-1.498666	-0.0605334	1.434244
20.08	-8.383923	-8.396656	1.020214	-7	0.5421897	0.5785151	-2.05544	0.07687078	1.291404
20.1	-8.382038	-8.396656	0.9806983	-7	0.5056784	0.5518534	-1.878477	0.0005348892	1.296787
20.12	-8.425362	-8.396656	0.7001493	-7	0.5181932	0.5961741	-2.805217	0.03106925	1.308002
20.14	-8.51089	-8.464945	0.2594584	-7	0.5214944	0.6281799	-2.410101	0.0158025	1.611675
20.16	-8.41993	-8.396656	0.725233	-7	0.5184456	0.5879071	-0.4269012	0.1074051	2.02317
20.18	-8.465005	-8.464945	0.5005509	-7	0.5198301	0.5413901	-0.556653	0.03106925	1.476206
20.2	-8.42561	-8.396656	0.6838638	-7	0.5592937	0.6013535	-1.108461	0.1074051	1.703266
20.22	-8.546442	-8.533236	0.113209	-7	0.5523142	0.5990282	-1.078341	0.07687078	1.552142
20.24	-8.548327	-8.533236	0.1837824	-7	0.5510877	0.5867869	0.8758593	0.06160403	2.118745
20.26	-8.421606	-8.396656	0.8322747	-7	0.6187028	0.6218046	0.03434956	-0.02999904	1.979819
20.28	-8.478711	-8.533236	0.5926617	-7	0.5644452	0.5346285	0.2946615	0.04633686	1.397881
20.3	-8.356783	-8.396656	1.201211	-7	0.550669	0.5198174	0.5960205	-0.01473186	1.623783
20.32	-8.362284	-8.396656	1.113788	-7	0.5463848	0.5267009	-1.467044	-0.02999904	1.009575
20.34	-8.515445	-8.533236	0.3430526	-7	0.5000861	0.5366917	-1.418023	-0.07580101	1.174462
20.36	-8.506527	-8.464945	0.3976678	-7	0.5302386	0.5977635	-0.6266638	0.0158025	1.919566
20.38	-8.558731	-8.533236	0.1772108	-7	0.5502625	0.5911138	-0.1347568	0.06160403	1.837163
20.4	-8.46684	-8.464945	0.6813188	-7	0.5653628	0.5706293	0.9824587	0.06160403	2.045078
20.42	-8.467014	-8.464945	0.6797757	-7	0.6021271	0.595467	-0.6984364	-0.04526665	1.512765
20.44	-8.531713	-8.533236	0.388933	-7	0.5927013	0.6180636	-0.9181554	0.0005348892	1.598507
20.46	-8.552782	-8.533236	0.3307406	-7	0.6035215	0.6445985	-0.5769612	-0.02999904	1.901299
20.48	-8.461867	-8.464945	0.8194532	-7	0.6069763	0.6196324	0.02437899	-0.01473186	1.957022
20.5	-8.380443	-8.396656	1.195134	-7	0.6159601	0.6142668	-1.434583	0.0158025	1.458929
20.52	-8.36876	-8.396656	1.196622	-7	0.5809102	0.6066234	-2.656671	0.03106925	1.150955
20.54	-8.388022	-8.396656	1.033881	-7	0.5406696	0.6070796	-3.163967	-0.01473186	1.184944
20.56	-8.465564	-8.464945	0.6127032	-7	0.4904846	0.5730345	-2.296645	-0.01473186	1.3436
20.58	-8.428459	-8.396656	0.7595054	-7	0.5006949	0.5817704	-1.571284	0.03106925	1.699255
20.6	-8.588442	-8.533236	-0.04608613	-7	0.5316017	0.6236321	-2.224848	-0.0605334	1.512964
20.62	-8.494976	-8.464945	0.4778909	-7	0.5341336	0.600235	0.6278496	0.04633686	2.338186
20.64	-8.548246	-8.533236	0.2476912	-7	0.5682283	0.576857	0.1178634	0.1074051	1.70684
20.66	-8.458193	-8.464945	0.7415096	-7	0.5792645	0.5736883	0.8955995	0.09213839	1.972091
20.68	-8.443584	-8.464945	0.8180568	-7	0.5892972	0.5661056	-0.2693514	0.1226728	1.464626
20.7	-8.464349	-8.464945	0.7054877	-7	0.5981373	0.6170528	-1.524107	0.09213839	1.446192
20.72	-8.447272	-8.464945	0.8004055	-7	0.5637492	0.5912866	-0.8681557	0.06160403	1.614156
20.74	-8.469786	-8.464945	0.6737335	-7	0.5665482	0.6015833	-1.488717	-0.1674037	1.487046
20.76	-8.442301	-8.464945	0.8193772	-7	0.5275331	0.5495959	-0.2678611	0.03106925	1.636958
20.78	-8.401865	-8.396656	0.9742608	-7	0.5512087	0.5735468	-1.407196	0.06160403	1.432675
20.8	-8.45396	-8.464945	0.6909932	-7	0.5241669	0.5606737	-1.51523	0.0158025	1.325031
20.82	-8.476729	-8.464945	0.5681587	-7	0.5199887	0.5717737	-1.064225	-0.07580101	1.597404
20.84	-8.412839	-8.396656	0.8632059	-7	0.538519	0.5810092	-0.9857831	-0.04526665	1.693974
20.86	-8.467179	-8.464945	0.5756531	-7	0.5331275	0.570108	-1.3875	0.04633686	1.397389
20.88	-8.575647	-8.533236	0.0541015	-7	0.5549336	0.6288127	-1.466552	-0.02999904	1.69322
20.9	-8.486172	-8.464945	0.5541711	-7	0.5636896	0.6092448	0.4772817	-0.09106776	2.218329
20.92	-8.502781	-8.464945	0.4713788	-7	0.6285311	0.659152	-1.538861	0.06160403	1.652658
20.94	-8.447725	-8.464945	0.7859181	-7	0.5941983	0.6177246	-0.4011758	0.1379395	1.838885
20.96	-8.373832	-8.396656	1.134241	-7	0.5850419	0.586109	-1.048644	-0.0605334	1.481686
20.98	-8.388528	-8.396656	1.003209	-7	0.5768107	0.6103395	-2.743965	-0.01473186	1.162491
21	-8.40773	-8.396656	0.8572845	-7	0.5543722	0.6352673	-3.14977	0.0158025	1.353077
21.02	-8.478446	-8.464945	0.4898939	-7	0.5170346	0.606654	-2.271975	-0.04526665	1.49801
21.04	-8.587971	-8.533236	-0.03455678	-7	0.5339924	0.6341338	-1.577216	-0.0605334	1.807832
21.06	-8.583323	-8.533236	0.06190884	-7	0.5625256	0.633938	0.3080118	0.0005348892	2.299675
21.08	-8.483633	-8.464945	0.611375	-7	0.6051896	0.613117	0.7605266	0.03106925	2.14193
21.1	-8.427655	-8.464945	0.9171658	-7	0.5958368	0.5594352	0.4231724	0.3822144	1.602424
21.12	-8.38447	-8.396656	1.094663	-7	0.6148689	0.6108741	-1.728154	-0.04526665	1.323062
21.14	-8.361383	-8.396656	1.170273	-7	0.5643697	0.5880796	-2.111755	0.04633686	1.241704
21.16	-8.452111	-8.464945	0.6800267	-7	0.5203062	0.5734621	-2.37105	-0.04526665	1.165856
21.18	-8.425913	-8.396656	0.7730086	-7	0.526024	0.6078699	-2.028714	-0.1063349	1.641833
21.2	-8.402809	-8.396656	0.8540301	-7	0.5124127	0.5703213	-1.571496	0.09213839	1.525559
21.22	-8.515653	-8.464945	0.257291	-7	0.5459427	0.634928	-2.824432	0.1226728	1.413255
21.24	-8.581256	-8.533236	-0.01544878	-7	0.5443712	0.6453556	-0.9498948	-0.04526665	2.054542
21.26	-8.454638	-8.396656	0.6401364	-7	0.6108934	0.6739388	-0.6399512	-0.01473186	2.249784
21.28	-8.377205	-8.396656	1.029318	-7	0.5983348	0.6044148	-0.8843639	0.06160403	1.609292
21.3	-8.533776	-8.533236	0.2536625	-7	0.583482	0.6219386	-2.175945	0.0005348892	1.236835
21.32	-8.550965	-8.533236	0.2347968	-7	0.5645475	0.6269838	-0.183659	0.0005348892	2.057681
21.34	-8.486228	-8.464945	0.5927693	-7	0.5997626	0.6232178	-0.01628709	-0.0605334	1.998281
21.36	-8.470552	-8.464945	0.6832946	-7	0.6209226	0.6353031	-1.031473	0.1379395	1.654285
21.38	-8.386947	-8.396656	1.089235	-7	0.6139609	0.6363433	-1.516022	0.07687078	1.61942
21.4	-8.519526	-8.533236	0.4282964	-7	0.5736847	0.613739	-2.156128	-0.0605334	1.23888
21.42	-8.467513	-8.464945	0.7109789	-7	0.5494861	0.60072	-0.4652416	0.03106925	1.911027
21.44	-8.490593	-8.464945	0.5786551	-7	0.5833681	0.6257119	-1.671406	-0.02999904	1.556795
21.46	-8.498946	-8.464945	0.5367659	-7	0.6022025	0.6729286	-2.049055	0.0005348892	1.744109
21.48	-8.39744	-8.396656	1.038333	-7	0.586638	0.6350622	-1.35245	-0.07580101	1.806018
21.5	-8.400229	-8.396656	0.9700905	-7	0.5858545	0.6330898	-2.876722	-0.1216026	1.276912
21.52	-8.444895	-8.464945	0.7351438	-7	0.5193776	0.5777143	-1.794374	-0.1368693	1.400077
21.54	-8.568106	-8.533236	0.1220614	-7	0.5255295	0.604396	-1.680395	-0.1521369	1.565852
21.56	-8.460297	-8.396656	0.6604922	-7	0.5848081	0.6697171	-1.223766	-0.07580101	2.164412
21.58	-8.436864	-8.396656	0.7487102	-7	0.625869	0.6933668	-2.789143	-0.07580101	1.624745
21.6	-8.481609	-8.464945	0.5311016	-7	0.6005226	0.6831496	-2.669506	-0.1826708	1.610237
21.62	-8.405047	-8.396656	0.9121929	-7	0.5783958	0.6458079	-1.683189	-0.09106776	1.815549
21.64	-8.454138	-8.464945	0.658096	-7	0.5450958	0.5861734	-1.635306	-0.07580101	1.391276
21.66	-8.465961	-8.464945	0.6030451	-7	0.526255	0.5709535	-0.8249056	-0.1063349	1.630435
21.68	-8.433254	-8.396656	0.7346337	-7	0.5708992	0.6263524	-1.815405	-0.1521369	1.644681
21.7	-8.474487	-8.464945	0.5298485	-7	0.5566069	0.6136876	-1.665111	-0.0605334	1.560746
21.72	-8.418375	-8.396656	0.7982746	-7	0.5679627	0.6264771	-1.516959	-0.1521369	1.75272
21.74	-8.480773	-8.464945	0.4800242	-7	0.56587	0.6235642	-2.013754	-0.0605334	1.481043
21.76	-8.558875	-8.533236	0.1330196	-7	0.5567962	0.6274096	-1.016351	-0.04526665	1.81455
21.78	-8.512883	-8.464945	0.4001566	-7	0.6028343	0.6632165	-0.6325935	-0.04526665	2.118967
21.8	-8.485615	-8.464945	0.5655505	-7	0.6271157	0.6625752	-1.022354	-0.02999904	1.856784
21.82	-8.531731	-8.533236	0.3842439	-7	0.6111441	0.6407176	-0.8394485	0.0005348892	1.724424
21.84	-8.452789	-8.464945	0.8166758	-7	0.5980576	0.6097522	0.02251428	-0.09106776	1.904255
21.86	-8.530482	-8.533236	0.443516	-7	0.6028581	0.6153466	-1.174716	0.04633686	1.447394
21.88	-8.439571	-8.464945	0.9295949	-7	0.569971	0.5784085	0.2972006	-0.02999904	1.874241
21.9	-8.481779	-8.464945	0.6834574	7	0.6107675	0.634755	66.50404	0.06160403	19.9177
21.92	-8.459691	-8.464945	0.7988955	7	1.95204	0.6285957	78.77283	-0.04526665	17.08579
21.94	-7.636671	-8.396656	5.406057	7	2.735673	0.5413377	91.92762	1.481451	16.6391
21.96	-7.285107	-8.464945	7.531839	7	3.31654	0.6055539	85.00786	13.97	11.77273
21.98	-7.160295	-8.533236	8.512478	7	3.543629	0.8547404	77.57324	20.39748	10.20571
22	-8.393533	-9.48929	2.884518	7	3.803393	1.531947	65.72302	29.8784	9.722102
22.02	-8.257992	-9.421001	4.613131	7	3.798665	1.588006	82.22632	25.28297	15.98624
22.04	-8.528719	-9.421001	3.986101	7	4.434948	2.150449	70.14981	21.43565	13.80153
22.06	-7.416529	-8.533236	10.15787	7	4.722547	2.458883	67.40799	17.97	15.28162
22.08	-9.306972	-9.762449	0.9950404	7	5.500569	3.991567	26.43521	24.9013	9.561253
22.1	-7.925646	-8.806395	8.940832	7	5.167584	3.913952	52.82802	16.24481	20.67181
22.12	-10.01083	-10.03561	-1.145275	7	6.120928	5.23594	10.48107	13.14557	11.8632
22.14	-6.655207	-8.123497	16.83993	7	4.967875	3.481369	67.92201	2.153207	23.98811
22.16	-9.362743	-9.421001	2.575294	7	6.273392	5.203456	-13.33819	18.36695	3.782722
22.18	-7.539276	-8.738104	12.69244	7	4.852768	4.154242	43.49495	3.496718	21.59404
22.2	-9.951434	-9.147842	-0.1626053	7	6.654544	6.695712	-32.35989	14.22954	9.040638
22.22	-8.147393	-8.464945	9.759762	7	5.851847	6.201962	14.90943	-16.04527	25.28602
22.24	-10.59271	-7.782049	-3.995468	7	9.428064	11.61736	-110.9265	16.27534	13.44965
22.26	-6.31809	-7.099152	18.87623	7	6.729029	8.160525	-15.08234	-10.50328	30
22.28	-9.186388	-7.918628	2.946552	7	7.99225	9.692743	-103.3349	21.89367	6.034957
22.3	-6.545061	-7.4406	16.92015	7	5.248566	6.584661	-6.351282	0.2142754	25.56949
22.32	-8.177879	-6.757704	6.6394	7	6.985029	8.57619	-90.67101	7.466184	7.073708
22.34	-5.893195	-6.416255	17.90187	7	4.97648	6.429455	-23.83559	-14.80862	20.82154
22.36	-7.541366	-6.074806	7.305238	7	6.438185	8.433188	-99.00767	7.832596	6.268542
22.38	-5.488016	-5.733358	17.084	7	4.581691	6.442015	-34.57889	-13.77046	19.79065
22.4	-6.962412	-5.528489	7.371186	7	5.793839	7.960117	-95.62758	7.511985	6.745891
22.42	-4.947547	-5.460199	17.02309	7	3.680031	5.258298	-20.18449	-18.18267	18.70532
22.44	-5.571535	-4.162696	11.10558	7	5.25694	7.096401	-89.42183	7.893664	5.246583
22.46	-3.735259	-4.026116	19.06401	7	3.59149	5.290848	-40.58417	-11.2361	13.8018
22.48	-5.543539	-3.821247	7.085071	7	5.030322	7.589884	-111.2766	-1.404045	3.105951
22.5	-4.149749	-4.162696	13.40024	7	3.119133	5.422933	-37.34485	-24.82389	17.61905
22.52	-3.309067	-2.728612	15.33626	7	3.46544	4.887171	-53.53764	-6.655953	7.480738
22.54	-1.185054	-1.772556	23.80389	7	2.288591	3.09445	-31.5708	-10.45748	5.789465
22.56	-2.680569	-1.772556	12.82894	7	3.070308	4.862777	-95.19269	2.397481	-4.321188
22.58	-1.303494	-0.6799221	17.30525	7	2.36756	4.960548	-72.12548	-26.82389	8.614565
22.6	-1.784438	-1.08966	12.25218	7	2.071307	4.373385	-77.08821	-20.45748	2.386667
22.62	-0.2085009	0.002975464	17.83901	7	1.248053	3.131728	-46.64568	-13.73992	6.823479
22.64	-0.07170773	0.8907404	15.1567	7	1.873438	3.878622	-81.62607	-13.25137	-0.8271923
22.66	0.7046528	0.6858721	16.68919	7	0.6431326	2.495991	-51.06124	-9.587251	2.644829
22.68	-0.6488948	0.3444233	7.13961	7	1.00273	3.132995	-71.35574	-14.28954	-1.116734
22.7	1.062293	0.9590311	14.19248	7	-0.1770323	1.249584	-12.07796	-29.54145	8.52565
22.72	1.467073	1.983377	13.37783	7	0.5589715	1.445626	-39.7334	-8.686487	-1.754832
22.74	2.837301	2.597983	17.85026	7	-0.06125513	0.7334251	-26.64917	2.626489	-0.2970066
22.76	3.108057	3.485749	15.94344	7	0.2782217	1.407617	-58.31233	-3.816259	-6.035487
22.78	4.406147	4.578383	19.32134	7	-0.172731	1.370704	-58.8616	-20.68649	-3.500727
22.8	3.987352	4.168647	14.09517	7	-0.7698853	0.8835114	-64.56711	-25.63305	-7.697283
22.82	4.361643	4.783254	13.10543	7	-1.203505	0.6553103	-52.81982	-20.57962	-3.237122
22.84	5.61168	5.739308	16.46005	7	-1.665389	-0.3140267	-37.75652	-25.70939	-3.645798
22.86	6.16692	6.763654	15.62844	7	-1.278316	0.2215337	-62.57681	-10.13687	-8.488075
22.88	8.551494	8.470897	23.97002	7	-1.986934	-0.5905772	-53.054	-7.083434	-7.410376
22.9	6.808458	7.309972	11.26893	7	-2.151644	-0.2506238	-87.23851	-3.144503	-17.11751
22.92	6.344097	7.241681	6.239263	7	-2.633966	0.03395961	-61.46155	-6.686488	-4.147675
22.94	6.21675	7.241681	3.401079	7	-2.512824	-0.3478511	-39.65727	-12.09107	-1.208212
22.96	7.23278	8.129447	6.439094	7	-2.025185	-0.4709108	-27.45026	-19.25137	0.003704071
22.98	8.191032	8.197738	9.441721	7	-2.305594	-1.664117	-11.21333	-23.0529	-4.002589
23	9.102175	9.085504	11.70221	7	-2.230816	-1.882174	-19.21877	-16.53381	-8.22805
23.02	11.3496	10.72446	20.23956	7	-2.828967	-2.802839	-16.12641	15.20664	-10.6726
23.04	9.990255	10.17814	9.977152	7	-2.663584	-1.824831	-63.6414	27.90893	-20.02026
23.06	9.876398	10.38301	6.957469	7	-3.127218	-1.276376	-50.32111	14.59595	-8.630703
23.08	8.898728	9.904979	-0.02434444	7	-2.898623	-0.9420394	-47.96201	-11.95366	-7.015327
23.1	10.6619	10.99761	7.352814	7	-3.230071	-2.036054	-8.710832	-37.83152	-0.7852669
23.12	3.868817	3.895488	-25.99581	7	-4.079585	-3.620987	18.50367	-37.06816	-10.28972
23.14	13.39878	13.38775	21.61596	7	-3.067564	-4.075554	103.4461	-22.1674	21.20787
23.16	11.93777	11.0659	11.36053	7	-1.768403	-4.153851	-14.92632	5.954733	-29.31562
23.18	12.77378	11.68051	13.82735	7	-3.030774	-3.445802	-8.642237	18.9471	-14.31073
23.2	12.49097	12.15854	9.921916	7	-3.342087	-3.202888	-31.06444	14.13794	-17.7
23.22	3.657339	3.895488	-33.47775	7	-4.589111	-3.427359	-0.4664669	12.36695	-13.54104
23.24	1.703363	3.827197	-39.52961	7	-3.01336	-1.800406	101.7504	-21.70939	27.63944
23.26	12.02312	12.22683	13.98975	7	-0.2685664	-3.008737	150.0447	-52.48801	30
23.28	16.11578	13.66091	32.39179	7	0.6026514	-4.237616	31.91712	-40.33534	-23.6985
23.3	15.52208	11.88538	27.08816	7	-2.511187	-5.542836	13.03246	-8.610151	-30
23.32	14.31976	12.70486	17.78172	7	-3.763156	-4.856218	-30.62855	9.16084	-30
23.34	12.34705	12.15854	5.153893	7	-4.471405	-3.675337	-45.91252	3.740993	-21.69335
23.36	12.09092	12.22683	2.160856	7	-5.148047	-4.028934	-9.826076	-37.20557	-9.442907
23.38	12.64627	12.15854	3.722711	7	-5.813838	-5.987694	34.38398	-58.53381	-8.751125
23.4	12.91728	12.15854	3.774055	7	-5.923951	-7.16953	52.24484	-31.1445	-12.77463
23.42	13.19757	12.49999	3.795423	7	-5.601022	-7.153661	52.48095	-1.297175	-14.01905
23.44	12.39094	11.88538	-1.300403	7	-5.180481	-6.559551	45.39207	11.78679	-14.36097
23.46	12.42408	11.61222	-1.379158	7	-5.272608	-6.859797	68.71085	18.0616	-9.237188
23.48	11.77583	11.33906	-4.888388	7	-4.535833	-6.273014	62.42789	27.90893	-10.32266
23.5	11.31604	10.92932	-6.847404	7	-3.91597	-5.549141	65.98986	28.55015	-6.527843
23.52	11.26316	10.72446	-6.373716	7	-3.397914	-5.266294	73.03277	30.21427	-4.570906
23.54	11.27859	10.79274	-5.595516	7	-2.656552	-4.616558	65.33426	29.77153	-5.076205
23.56	11.03245	10.4513	-5.943751	7	-2.200356	-4.06519	58.6964	33.0387	-5.167418
23.58	10.38014	9.563531	-7.864158	7	-2.219275	-4.139281	66.14236	33.49672	-4.203482
23.6	9.868708	9.63182	-9.233529	7	-1.415523	-3.050054	54.41797	29.06923	-2.310464
23.62	10.62946	10.10985	-4.123828	7	-1.053584	-2.731534	56.40913	25.61885	0.03392029
23.64	9.493153	9.290372	-8.791511	7	-0.4026748	-1.739898	28.86855	22.88603	-4.665602
23.66	8.705267	8.470897	-10.93905	7	-0.3965334	-1.293219	38.36551	19.16084	1.578199
23.68	7.530965	7.583131	-14.73289	7	0.04869035	-0.8336747	41.71135	10.42801	3.723152
23.7	7.713725	7.309972	-11.21028	7	0.1039272	-1.305447	67.38142	5.603588	7.922588
23.72	7.311709	7.241681	-11.19386	7	1.075096	-0.5069862	48.45177	24.19901	3.975259
23.74	6.091459	6.080756	-14.82685	7	1.635115	0.4968641	38.79924	25.20664	5.545167
23.76	7.10244	6.968522	-7.326926	7	2.060076	0.9086168	44.18506	29.25244	10.31346
23.78	5.822647	5.807599	-11.66479	7	2.605094	1.614091	16.73885	19.80206	3.42298
23.8	5.359314	5.397861	-11.44571	7	2.676384	2.188753	21.57072	29.74099	9.598116
23.82	5.629942	6.080756	-8.134566	7	3.438269	3.176099	4.171599	12.07687	9.844617
23.84	4.711219	4.441804	-10.21758	7	2.905787	2.488293	14.05551	0.5043522	8.053677
23.86	5.314067	5.124701	-5.067295	7	2.816307	2.199821	22.60264	21.48145	10.21399
23.88	6.133036	5.739308	0.3799076	7	2.790302	1.918498	11.70136	3.389848	5.311972
23.9	5.239748	5.19299	-3.244964	7	2.862465	2.615408	-17.46589	14.09214	0.8236504
23.92	3.985588	4.510095	-8.346889	7	2.914294	3.66023	-26.82405	-3.800992	5.972064
23.94	2.942114	3.485749	-11.65056	7	2.719104	3.578622	-7.506537	-20.70175	11.73518
23.96	3.803523	3.827197	-5.256339	7	2.456686	2.414718	25.02245	-3.113968	14.55688
23.98	5.158945	5.19299	2.337371	7	3.05774	2.469504	5.052542	-1.694121	7.277703
24	4.295352	4.100356	-1.309042	7	2.864547	2.66237	-17.48824	18.36695	1.069809
24.02	2.938642	3.280881	-7.070428	7	2.725317	3.358447	-21.22899	17.16084	5.840432
24.04	2.49709	3.280881	-7.994901	7	3.034941	3.985648	-15.6316	3.16084	11.91811
24.06	3.792742	4.100356	-0.3156102	7	3.085374	3.487406	-2.277522	-14.82389	12.96105
24.08	4.595048	4.168647	4.362326	7	2.622522	2.301106	-2.18447	-1.083434	5.129009
24.1	3.907212	3.827197	1.037523	7	2.488779	2.554378	-23.43167	13.9242	0.6274815
24.12	3.409098	3.827197	-1.247726	7	2.481742	3.316307	-31.07895	13.9242	4.884755
24.14	3.152397	3.622329	-2.081917	7	2.365708	3.352228	-25.32575	-8.533815	7.536683
24.16	3.873605	4.441804	1.662479	7	2.589553	3.506434	-27.32018	-24.85443	8.187891
24.18	4.381989	4.100356	4.458178	7	1.80501	2.140542	-12.52442	-8.488014	4.679683
24.2	3.578608	3.895488	0.1416883	7	1.929062	2.526671	-30.77799	-1.297175	1.178438
24.22	4.471633	4.783254	4.419188	7	1.805037	2.656658	-24.282	1.847863	6.205719
24.24	5.203461	5.466149	7.268069	7	1.823526	2.579975	-37.92683	-7.434578	1.632807
24.26	5.256907	5.124701	6.792299	7	1.069099	1.840188	-35.33111	-10.39641	-0.7434092
24.28	5.392008	5.739308	6.285974	7	0.9433488	2.041019	-44.59641	-2.289541	-0.7258453
24.3	4.80828	5.466149	2.283519	7	0.9032727	2.444093	-52.45626	-14.32008	-0.1346512
24.32	4.389051	4.783254	-0.131053	7	0.3238492	1.738615	-27.90556	-23.78572	3.865179
24.34	6.422861	6.695365	9.194841	7	0.3497116	1.084064	-14.28664	-15.81626	4.911256
24.36	5.115879	5.19299	1.66107	7	0.1878891	0.7157539	-30.66966	-9.480381	-5.096943
24.38	4.372024	4.714963	-2.262704	7	-0.07218659	0.8617488	-13.03375	7.817328	2.766939
24.4	6.129513	6.763654	5.793181	7	0.60493	1.304872	-13.16537	-0.6101519	5.701758
24.42	6.297559	6.353915	5.715394	7	0.5553593	0.9569713	-26.20054	-10.33534	-2.278038
24.44	7.499905	6.968522	10.85256	7	-0.3315497	-0.1676373	-10.71114	-2.320075	-1.849368
24.46	6.035837	6.695365	1.777886	7	0.2941029	1.252608	-55.46297	11.26771	-7.999367
24.48	5.909573	6.490495	0.5527492	7	-0.09447825	1.517079	-35.03266	-5.770457	2.630652
24.5	5.430611	6.012467	-2.187191	7	-0.1446056	1.04607	-21.42931	-19.31244	2.660219
24.52	6.473483	6.695365	2.818524	7	-0.2205486	0.329702	-0.3391361	-25.46511	4.619075
24.54	7.602863	7.241681	7.813167	7	-0.457152	-0.7192968	4.072882	5.710458	-1.343081
24.56	6.955737	7.241681	3.257793	7	0.05369067	0.3467758	-31.5703	19.29824	-6.666527
24.58	6.411718	6.968522	-0.1742566	7	0.09255874	1.239965	-35.21313	6.931833	-0.8012247
24.6	7.354069	7.583131	4.081377	7	-0.2199531	0.6472849	-16.36832	-4.549083	2.555434
24.62	9.001578	9.222083	10.86495	7	0.01548317	0.5549399	-31.65541	-11.67885	-2.673124
24.64	7.30449	7.309972	1.236906	7	-0.5936382	0.2594362	-43.90616	-16.19794	-8.969601
24.66	7.040711	7.036813	-0.3000468	7	-1.483461	-0.582494	-5.618735	1.557787	0.6425705
24.68	7.85971	8.470897	2.825262	7	-0.7630129	-0.1779246	-12.13764	-0.2742739	0.1620426
24.7	7.389832	7.583131	-0.09661484	7	-0.7724491	-0.3166142	-13.16227	-8.426945	-2.735787
24.72	7.922107	8.129447	2.090183	7	-0.7206392	-0.3022148	-6.293057	-10.45748	0.02706146
24.74	7.308511	7.309972	-1.235888	7	-0.8779761	-0.7035211	-2.512549	-3.800992	-2.555767
24.76	8.670749	8.744054	5.058527	7	-0.6931	-0.6322581	2.105803	3.832596	0.4386683
24.78	7.73493	7.856288	-0.3209367	7	-0.5155168	-0.356047	-18.02765	0.3669472	-6.060932
24.8	7.910272	7.924579	0.4330822	7	-0.8434276	-0.480256	-1.685616	1.191375	0.0002269745
24.82	7.474304	7.787999	-2.045697	7	-0.5461646	-0.2423429	-7.64529	-1.923129	-1.588168
24.84	7.740505	7.856288	-0.669162	7	-0.569916	-0.362778	3.091506	-4.961297	1.094801
24.86	9.364813	9.290372	6.913876	7	-0.4050446	-0.5718825	0.3773117	-1.15977	-0.7469664
24.88	7.987517	7.856288	-0.5784189	7	-0.5821131	-0.5525582	-19.17319	8.183741	-8.180958
24.9	7.676327	7.856288	-2.169426	7	-0.8012643	-0.2753058	-5.707961	4.962368	-0.1091614
24.92	7.352246	7.787999	-3.786581	7	-0.47938	-0.04184693	-4.117792	-2.106335	0.780755
24.94	7.740236	7.924579	-1.599143	7	-0.3720551	-0.2114019	6.221825	-5.526182	2.351996
24.96	8.023419	7.924579	-0.0304417	7	-0.3647763	-0.6016237	8.975239	3.481451	-0.1910238
24.98	7.892149	7.924579	-0.7287767	7	-0.1636547	-0.3146985	-0.368205	12.30588	-1.817218
25	7.675618	7.856288	-1.774914	7	0.002974018	0.1489498	-6.275709	5.771527	-0.6740627
25.02	8.704817	8.744054	3.25855	7	0.01760133	0.1240844	-4.649396	0.4280163	0.6660166
25.04	8.738178	8.744054	2.886086	7	0.005992241	0.1571408	-20.51711	-0.6406862	-4.379085
25.06	7.8577	7.856288	-1.662033	7	-0.456169	0.01918383	-17.584	-1.007098	-3.422463
25.08	7.561633	7.856288	-3.064044	7	-0.5269922	0.04170757	-6.923021	-0.4269457	0.7877493
25.1	7.601823	7.924579	-2.713556	7	-0.3381096	0.009872915	-0.900485	-3.739923	1.67822
25.12	7.789314	7.924579	-1.567159	7	-0.2279265	-0.1493737	3.321522	-6.686488	1.127412
25.14	8.008368	7.924579	-0.2834557	7	-0.2680367	-0.432836	6.3988	-3.510915	-0.1193504
25.16	7.783479	7.856288	-1.384671	7	-0.08725653	-0.1563515	-1.982462	11.60359	-1.479548
25.18	7.716046	7.787999	-1.541584	7	-0.07874823	-0.002454466	-1.136594	6.504352	0.02831745
25.2	7.706431	7.856288	-1.458262	7	0.04434681	0.1629719	-3.460612	5.176108	0.1924963
25.22	7.746795	7.924579	-1.152156	7	0.1627013	0.3507569	-6.616143	-0.3048087	0.2749062
25.24	7.853439	7.924579	-0.4896427	7	0.1047355	0.2732984	-5.790367	-0.3811446	0.1691141
25.26	7.797305	7.856288	-0.6919817	7	0.0421735	0.1987527	-6.589516	-0.4880144	-0.4955177
25.28	7.790104	7.856288	-0.6520028	7	-0.02582885	0.1481886	-5.63877	-0.0605334	-0.2499065
25.3	7.768452	7.856288	-0.7141191	7	-0.04976141	0.1237286	-5.648895	-0.01473186	-0.3249817
25.32	7.736942	7.856288	-0.8388458	7	-0.03859802	0.1597702	-6.252922	0.1226728	-0.2554502
25.34	7.795072	7.924579	-0.5326138	7	-0.0185598	0.1961839	-6.690685	0.04633686	-0.0942955
25.36	7.811861	7.924579	-0.4518459	7	-0.02614737	0.189704	-7.441976	-0.1063349	-0.367033
25.38	7.682948	7.787999	-1.056024	7	-0.0748054	0.1542265	-6.891502	0.0005348892	-0.4136562
25.4	7.658982	7.787999	-1.10224	7	-0.08325647	0.1419578	-5.056023	-0.1521369	0.1562643
25.42	7.695284	7.856288	-0.8856739	7	-0.00984998	0.2025277	-5.883422	0.0158025	0.1345625
25.44	7.828652	7.924579	-0.1935716	7	-0.01422201	0.1636177	-5.619051	0.1379395	-0.01755905
25.46	7.857007	7.924579	-0.08123857	7	-0.04589984	0.1173692	-6.927291	0.04633686	-0.7034502
25.48	7.823945	7.924579	-0.3014629	7	-0.06939588	0.1499338	-8.321593	0.06160403	-0.7664137
25.5	7.811075	7.924579	-0.4061311	7	-0.107465	0.1460926	-8.006236	-0.0605334	-0.5041828
25.52	7.634676	7.787999	-1.287947	7	-0.1144296	0.1666991	-7.937376	0.0005348892	-0.4334002
25.54	7.723255	7.856288	-0.7852744	7	-0.1296162	0.1135851	-4.484982	0.03106925	0.4280853
25.56	7.786722	7.924579	-0.4866778	7	-0.06234588	0.1245765	-5.926256	-0.01473186	-0.212429
25.58	7.742399	7.856288	-0.7061967	7	-0.06003471	0.1435046	-6.750882	0.07687078	-0.4319715
25.6	7.816911	7.924579	-0.3342096	7	-0.07127678	0.1376139	-6.265687	0.0005348892	-0.1772118
25.62	7.704559	7.856288	-0.9223505	7	-0.03564246	0.2092511	-8.507435	-0.07580101	-0.56709
25.64	7.789673	7.924579	-0.4806968	7	-0.05256014	0.2096982	-6.99034	0.0005348892	0.1136227
25.66	7.78507	7.924579	-0.5331041	7	-0.03553553	0.2092966	-8.218978	-0.04526665	-0.3891001
25.68	7.821017	7.924579	-0.360263	7	-0.08226883	0.1563328	-7.213204	0.09213839	-0.2854719
25.7	7.726369	7.856288	-0.8488473	7	-0.09011512	0.1552779	-7.737098	-0.0605334	-0.5118437
25.72	7.7003	7.856288	-0.9603317	7	-0.0788589	0.18858	-6.962787	0.0158025	-0.01324749
25.74	7.608804	7.787999	-1.371436	7	-0.03494395	0.2352954	-7.038217	0.0005348892	0.06727409
25.76	7.636298	7.787999	-1.136197	7	-0.01927716	0.2209292	-5.170407	0.07687078	0.4944248
25.78	7.767985	7.856288	-0.4078774	7	-0.02415693	0.129128	-3.984575	-0.01473186	0.2054949
25.8	7.766738	7.856288	-0.4156738	7	-0.005096599	0.1403263	-6.247776	0.04633686	-0.5469465
25.82	7.834228	7.924579	-0.1002151	7	-0.02174707	0.168035	-7.129226	-0.04526665	-0.4313812
25.84	7.750739	7.856288	-0.5500035	7	-0.05020377	0.1778726	-8.384841	-0.1216026	-0.7089882
25.86	7.68683	7.787999	-0.8387884	7	-0.1162156	0.1255557	-6.325918	0.0158025	-0.2226572
25.88	7.637768	7.787999	-1.059597	7	-0.08637142	0.1488277	-5.97798	0.0158025	-0.03798866
25.9	7.719367	7.856288	-0.6234345	7	-0.05367509	0.1574198	-5.330266	0.0158025	0.1744041
25.92	7.678164	7.856288	-0.8500076	7	0.03525344	0.2765265	-8.417557	-0.0605334	-0.2707148
25.94	7.658591	7.787999	-0.8878453	7	0.001741558	0.2611232	-7.121057	0.0005348892	0.1050673
25.96	7.686468	7.787999	-0.686379	7	-0.0341297	0.1751487	-5.494074	-0.01473186	0.09215355
25.98	7.766142	7.856288	-0.276207	7	-0.04022136	0.1295738	-5.463556	0.03106925	-0.170929
26	7.747258	7.856288	-0.4039774	7	-0.02673255	0.1665873	-7.424543	-0.07580101	-0.5730219
26.02	7.806861	7.924579	-0.150537	7	-0.03476471	0.201059	-8.058797	0.04633686	-0.3630896
26.04	7.696323	7.856288	-0.758602	7	-0.02090821	0.2695255	-10.06044	-0.04526665	-0.5957584
26.06	7.753338	7.856288	-0.448307	7	-0.1073705	0.1633855	-6.557804	-0.04526665	0.08187485
26.08	7.680603	7.787999	-0.8100612	7	-0.1282912	0.08385064	-5.988923	0.0005348892	-0.393712
26.1	7.704156	7.856288	-0.7024045	7	-0.07955264	0.1494174	-6.264439	-0.1063349	-0.06804562
26.12	7.706038	7.856288	-0.7017787	7	-0.03903468	0.1961579	-7.107225	0.0158025	-0.1551361
26.14	7.703646	7.856288	-0.7148275	7	-0.01302671	0.241057	-7.741869	0.03106925	-0.1119022
26.16	7.704334	7.856288	-0.7058933	7	-0.0004273355	0.2655116	-8.044121	-0.1368693	-0.06538868
26.18	7.736737	7.856288	-0.5259722	7	-0.0286033	0.2166472	-7.16303	0.03106925	-0.05647755
26.2	7.829013	7.924579	-0.08600777	7	-0.05650296	0.1534594	-6.842199	-0.04526665	-0.2741871
26.22	7.743341	7.856288	-0.5602494	7	-0.07029667	0.1583073	-8.278766	-0.1216026	-0.7316351
26.24	7.640291	7.787999	-1.0657	7	-0.08343306	0.1945233	-7.632282	-0.1063349	-0.2139292
26.26	7.635041	7.787999	-1.042127	7	-0.07573494	0.1831234	-5.848948	-0.1216026	0.2526836
26.28	7.677324	7.787999	-0.770549	7	-0.07665105	0.1117258	-4.282572	-0.02999904	0.1613827
26.3	7.676654	7.787999	-0.742734	7	-0.04506683	0.1179233	-4.951274	-0.04526665	-0.1621284
26.32	7.775432	7.856288	-0.2304404	7	-0.05025076	0.09983865	-4.758615	-0.04526665	-0.1446228
26.34	7.828754	7.924579	-0.02333748	7	-0.02835812	0.1394396	-7.224871	0.04633686	-0.6525974
26.36	7.820726	7.924579	-0.135631	7	-0.0495012	0.1788276	-8.8384	0.0158025	-0.7535124
26.38	7.80152	7.924579	-0.2993235	7	-0.0836591	0.1908518	-9.164742	-0.0605334	-0.5912542
26.4	7.716648	7.856288	-0.7595459	7	-0.1162903	0.176811	-8.571876	0.0005348892	-0.4393244
26.42	7.713706	7.856288	-0.7738495	7	-0.1329847	0.1413019	-6.679904	0.0158025	-0.03016281
26.44	7.813776	7.924579	-0.288895	7	-0.1372361	0.07111961	-5.385083	0.04633686	-0.1067009
26.46	7.786074	7.924579	-0.4953281	7	-0.08813107	0.1274472	-7.705316	0.03106925	-0.6477728
26.48	7.639144	7.787999	-1.219099	7	-0.09261402	0.1767882	-7.626422	-0.04526665	-0.3468904
26.5	7.700963	7.856288	-0.863117	7	-0.07670654	0.1800137	-5.633232	0.03106925	0.3622198
26.52	7.838834	7.924579	-0.1596933	7	-0.08725965	0.07761665	-4.635339	0.0158025	-0.06455135
26.54	7.770657	7.856288	-0.5276405	7	-0.08911735	0.07165615	-6.438324	0.07687078	-0.7996416
26.56	7.803447	7.924579	-0.3932231	7	-0.07939422	0.1379711	-6.975424	-0.02999904	-0.3622246
26.58	7.727953	7.856288	-0.7859588	7	-0.08265729	0.1557546	-7.55677	-0.04526665	-0.4754324
26.6	7.746127	7.924579	-0.7167739	7	-0.03379408	0.2483464	-8.280907	-0.01473186	-0.06746292
26.62	7.699194	7.856288	-0.936107	7	-0.03190319	0.2499312	-8.107337	0.03106925	-0.09901714
26.64	7.747248	7.856288	-0.6451452	7	-0.07693855	0.1569231	-5.735449	-0.0605334	0.1126938
26.66	7.738087	7.856288	-0.6818724	7	-0.06455338	0.1353008	-6.1746	0.04633686	-0.2774467
26.68	7.766159	7.856288	-0.5177314	7	-0.09075312	0.09378289	-5.304425	-0.04526665	-0.2164373
26.7	7.795637	7.924579	-0.4061114	7	-0.04916954	0.1520721	-7.062352	0.04633686	-0.4162407
26.72	7.753317	7.856288	-0.619073	7	-0.08072104	0.138	-6.978765	0.06160403	-0.446516
26.74	7.768948	7.924579	-0.5721685	7	-0.04447472	0.2104589	-8.000406	-0.01473186	-0.2471647
26.76	7.672859	7.787999	-1.015363	7	-0.09057513	0.1551132	-6.722571	-0.0605334	-0.2477856
26.78	7.667954	7.787999	-0.9765018	7	-0.1031333	0.1117213	-4.697556	0.0005348892	0.1299362
26.8	7.698313	7.856288	-0.8095788	7	-0.02425304	0.1807145	-5.941301	0.183741	0.01246929
26.82	7.744239	7.856288	-0.5495564	7	-0.01990011	0.1752207	-5.970414	-0.09106776	-0.07592392
26.84	7.675682	7.787999	-0.8618947	7	-0.02480188	0.1778065	-6.601249	-0.04526665	-0.3210583
26.86	7.758994	7.856288	-0.4097071	7	-0.04775198	0.146983	-5.397025	-0.02999904	0.02211761
26.88	7.783892	7.856288	-0.2884592	7	-0.07427607	0.08494034	-5.659693	0.0005348892	-0.4722996
26.9	7.776186	7.856288	-0.348663	7	-0.09833495	0.07505938	-6.106639	0.0005348892	-0.5846653
26.92	7.680022	7.787999	-0.8338227	7	-0.1103779	0.09534927	-6.363922	-0.09106776	-0.5147781
26.94	7.711444	7.856288	-0.6771752	7	-0.0774118	0.1526019	-6.184498	0.03106925	-0.02972412
26.96	7.723818	7.856288	-0.6190001	7	-0.05479495	0.1646108	-6.604432	0.0005348892	-0.1862183
26.98	7.729898	7.856288	-0.5906952	7	-0.04743887	0.1765408	-6.897356	-0.09106776	-0.2208872
27	7.683394	7.787999	-0.7940508	7	-0.07822798	0.1355376	-6.0766	0.0005348892	-0.2343597
27.02	7.672979	7.787999	-0.8105392	7	-0.07985262	0.1218037	-5.284115	0.0005348892	-0.07040024
27.04	7.737423	7.856288	-0.4801774	7	-0.05182103	0.1352733	-5.513554	-0.01473186	-0.08181095
27.06	7.689938	7.787999	-0.7021883	7	-0.0605505	0.1220986	-5.950066	0.03106925	-0.388485
27.08	7.854853	7.924579	0.1151455	7	-0.08979689	0.07056248	-4.843467	0.04633686	-0.1476755
27.1	7.828505	7.924579	-0.1110592	7	-0.07202108	0.1050633	-8.025721	0.03106925	-1.008584
27.12	7.763993	7.856288	-0.4715758	7	-0.1321606	0.1025453	-7.542671	-0.07580101	-0.6608219
27.14	7.697902	7.856288	-0.8395809	7	-0.1111202	0.1614627	-7.852535	-0.04526665	-0.3498335
27.16	7.752414	7.924579	-0.594323	7	-0.07225654	0.2090671	-7.641317	0.06160403	0.01959229
27.18	7.609829	7.787999	-1.299516	7	-0.04178476	0.2483297	-8.419916	0.07687078	-0.2314796
27.2	7.653945	7.787999	-0.9876851	7	-0.07130921	0.1830972	-4.978868	-0.07580101	0.5044441
27.22	7.64696	7.787999	-0.9739783	7	-0.02341914	0.174055	-5.390232	0.1684743	0.05769444
27.24	7.825921	7.924579	-0.06072044	7	-0.01073283	0.1570434	-5.178739	0.09213839	0.08460522
27.26	7.747757	7.856288	-0.4921345	7	0.004932716	0.1969575	-8.397215	0.183741	-0.8148117
27.28	7.735373	7.856288	-0.5544022	7	-0.0297744	0.2281188	-8.049047	-0.1521369	-0.2499409
27.3	7.616152	7.787999	-1.14489	7	-0.01122418	0.2821069	-8.831575	0.06160403	-0.2111111
27.32	7.661659	7.787999	-0.8401599	7	-0.05475495	0.20418	-5.613734	-0.01473186	0.4097214
27.34	7.790688	7.924579	-0.2111239	7	-0.007656813	0.1963608	-6.533504	0.03106925	-0.02588272
27.36	7.685168	7.787999	-0.7405013	7	-0.03265891	0.1799184	-7.642519	-0.01473186	-0.5969048
27.38	7.80616	7.924579	-0.1495962	7	-0.04362233	0.1902696	-6.917386	-0.1368693	-0.03050613
27.4	7.723236	7.856288	-0.6124775	7	-0.03576139	0.2095056	-8.877502	0.0005348892	-0.6500015
27.42	7.7109	7.856288	-0.6803181	7	-0.05322832	0.2320785	-8.131303	0.0005348892	-0.1160088
27.44	7.780451	7.924579	-0.3599158	7	-0.04831205	0.2182286	-7.865344	0.0158025	-0.08870411
27.46	7.784254	7.924579	-0.3925943	7	-0.04413734	0.220687	-8.833586	0.0158025	-0.4220448
27.48	7.767534	7.924579	-0.5261591	7	-0.04254028	0.2550633	-9.49327	0.0158025	-0.358037
27.5	7.701126	7.856288	-0.8669782	7	-0.06560238	0.2424837	-8.79847	-0.04526665	-0.2092752
27.52	7.767734	7.924579	-0.5414574	7	-0.06312667	0.2240114	-7.655954	-0.01473186	0.08677864
27.54	7.742824	7.924579	-0.7101195	7	-0.01250738	0.2792416	-9.433535	0.03106925	-0.2874146
27.56	7.81012	7.924579	-0.366443	7	-0.07024043	0.1978838	-7.412066	0.06160403	-0.04220772
27.58	7.670527	7.787999	-1.05136	7	-0.1028892	0.1372362	-7.140653	-0.01473186	-0.4816208
27.6	7.716098	7.856288	-0.7891846	7	-0.09392826	0.1439491	-5.508199	-0.07580101	0.1760607
27.62	7.778688	7.924579	-0.4926966	7	-0.03765836	0.1761834	-6.713297	0.0158025	-0.1464176
27.64	7.812131	7.924579	-0.3446809	7	-0.04304333	0.173359	-7.369514	0.0005348892	-0.3761663
27.66	7.819984	7.924579	-0.3347977	7	-0.07107253	0.1550864	-7.66564	-0.02999904	-0.4970999
27.68	7.8045	7.924579	-0.4511725	7	-0.08916593	0.156095	-7.988051	0.04633686	-0.5057688
27.7	7.710033	7.856288	-0.9371077	7	-0.09479672	0.1778021	-8.038141	-0.01473186	-0.390049
27.72	7.612164	7.787999	-1.382278	7	-0.0767419	0.2128026	-7.02527	0.0005348892	0.08481503
27.74	7.609848	7.787999	-1.310407	7	-0.03304268	0.228749	-5.599664	0.03106925	0.4898243
27.76	7.658535	7.787999	-0.9706666	7	-0.01133205	0.1826797	-4.403852	-0.04526665	0.3829174
27.78	7.794488	7.924579	-0.2772346	7	0.05347042	0.2279048	-6.20775	0.09213839	0.02321911
27.8	7.763792	7.856288	-0.4295985	7	0.03066729	0.2257173	-7.949422	-0.04526665	-0.5590153
27.82	7.82579	7.924579	-0.1363	7	-0.01086982	0.2196562	-8.012814	-0.01473186	-0.3323011
27.84	7.672976	7.787999	-0.906365	7	-0.05521457	0.1990382	-8.530127	-0.04526665	-0.6290445
27.86	7.712718	7.856288	-0.68769	7	-0.06760493	0.2033245	-6.819653	-0.02999904	0.1417341
27.88	7.749886	7.856288	-0.492502	7	-0.08610376	0.1242192	-5.899541	0.0005348892	-0.1491985
27.9	7.723944	7.856288	-0.6435006	7	-0.05884983	0.1586145	-7.092607	-0.02999904	-0.3842878
27.92	7.653651	7.787999	-0.9718927	7	-0.06194371	0.1794166	-6.8161	0.0005348892	-0.1815643
27.94	7.714839	7.856288	-0.6429819	7	-0.04127964	0.1921212	-6.167661	0.0158025	0.1336412
27.96	7.655817	7.787999	-0.9142076	7	-0.02703273	0.1938502	-6.764084	-0.01473186	-0.2096853
27.98	7.712806	7.856288	-0.6086856	7	-0.002178177	0.2328725	-6.772942	-0.07580101	0.09313107
28	7.803089	7.924579	-0.1777151	7	0.006865494	0.2286766	-7.631696	-0.04526665	-0.19664
28.02	7.754364	7.856288	-0.4455642	7	-0.03323772	0.1999466	-8.367305	0.03106925	-0.5838156
28.04	7.671118	7.787999	-0.848673	7	-0.0802247	0.1760461	-7.370964	-0.0605334	-0.3001347
28.06	7.754068	7.924579	-0.4628186	7	-0.03029092	0.2393226	-7.776932	-0.01473186	0.04472446
28.08	7.631124	7.787999	-1.074912	7	-0.02280757	0.2545608	-8.588772	-0.07580101	-0.3142538
28.1	7.728429	7.856288	-0.5445759	7	-0.05155234	0.2038443	-6.053382	-0.02999904	0.3264246
28.12	7.739984	7.856288	-0.4951528	7	-0.04300498	0.1629132	-6.747601	0.0158025	-0.3053198
28.14	7.789408	7.924579	-0.2896981	7	-0.01976809	0.2153401	-8.061733	0.03106925	-0.3223648
28.16	7.668626	7.787999	-0.8912143	7	-0.05907721	0.1964647	-8.070999	-0.04526665	-0.4701376
28.18	7.688968	7.856288	-0.7824888	7	-0.03587128	0.2457518	-7.550545	-0.02999904	0.1146812
28.2	7.795657	7.924579	-0.2591867	7	-0.03509016	0.2050626	-7.084621	0.06160403	-0.01030159
28.22	7.667001	7.787999	-0.9063047	7	-0.05325013	0.1847344	-7.910415	-0.02999904	-0.5482998
28.24	7.739011	7.856288	-0.519037	7	-0.08074941	0.1558389	-5.849628	-0.07580101	0.1212168
28.26	7.817914	7.924579	-0.1602795	7	-0.07058831	0.1224821	-6.491236	-0.04526665	-0.3522224
28.28	7.827856	7.924579	-0.1703398	7	-0.08628727	0.1189525	-7.589408	-0.04526665	-0.682436
28.3	7.736402	7.856288	-0.6685096	7	-0.1092304	0.1386541	-8.055529	-0.02999904	-0.6402283
28.32	7.80264	7.924579	-0.3607008	7	-0.1296481	0.1176833	-6.5892	-0.04526665	-0.1443253
28.34	7.671199	7.787999	-1.019905	7	-0.1454855	0.07756514	-6.394974	-0.0605334	-0.5243626
28.36	7.716061	7.856288	-0.7744762	7	-0.1209808	0.1025496	-5.057982	-0.0605334	0.1105947
28.38	7.806206	7.924579	-0.3384445	7	-0.08496857	0.097271	-5.487827	0.04633686	-0.1825228
28.4	7.655399	7.787999	-1.093464	7	-0.06176768	0.1528144	-7.268809	-0.0605334	-0.5883226
28.42	7.663051	7.787999	-0.9815544	7	-0.07943356	0.1487578	-4.979425	0.0005348892	0.2394409
28.44	7.879246	7.992867	0.08409578	7	-0.03595676	0.1348171	-5.335493	-0.04526665	0.03981972
28.46	7.768384	7.856288	-0.5127796	7	-0.04928047	0.1322675	-7.976561	-0.01473186	-0.9864874
28.48	7.690257	7.787999	-0.8709222	7	-0.1122592	0.1194849	-6.282043	-0.02999904	-0.2915268
28.5	7.717025	7.856288	-0.7262992	7	-0.08575673	0.1375832	-5.844964	-0.1674037	-0.02086258
28.52	7.803589	7.924579	-0.3096017	7	-0.06175834	0.1392124	-6.224573	0.0005348892	-0.1756487
28.54	7.801759	7.924579	-0.3668239	7	-0.04545355	0.1733396	-8.009947	-0.01473186	-0.567276
28.56	7.747956	7.856288	-0.6424491	7	-0.09012898	0.1527728	-7.488345	0.2448102	-0.4381762
28.58	7.685061	7.856288	-0.9688475	7	-0.05582692	0.2231601	-8.126888	-0.197938	-0.2013063
28.6	7.80068	7.924579	-0.3743761	7	-0.07548213	0.1688531	-6.190244	0.0005348892	0.1516371
28.62	7.816497	7.924579	-0.3315739	7	-0.07535639	0.1293817	-7.153717	-0.1216026	-0.5210037
28.64	7.706794	7.856288	-0.907079	7	-0.05977564	0.2010589	-8.548578	0.1074051	-0.5279455
28.66	7.780525	7.924579	-0.531877	7	-0.0676375	0.2033372	-7.112118	-0.1216026	0.09740543
28.68	7.714059	7.856288	-0.8678353	7	-0.05875842	0.1911436	-7.696432	0.1074051	-0.3372784
28.7	7.662372	7.787999	-1.067506	7	-0.08686919	0.1553991	-5.876466	0.03106925	0.02029419
28.72	7.785135	7.924579	-0.4410121	7	-0.0440342	0.1660884	-5.684761	-0.04526665	0.1426086
28.74	7.705253	7.856288	-0.8554651	7	0.004225522	0.234494	-8.295365	0.1074051	-0.4705811
28.76	7.760374	7.856288	-0.5284132	7	-0.05771966	0.1704715	-5.961476	0.0158025	0.06191921
28.78	7.797899	7.924579	-0.369671	7	-0.03120172	0.181006	-7.393085	0.0005348892	-0.3646517
28.8	7.639387	7.787999	-1.156139	7	-0.02850579	0.2367814	-8.563818	0.0158025	-0.457139
28.82	7.665315	7.787999	-0.9412144	7	-0.07381342	0.1770267	-5.242795	-0.01473186	0.3714905
28.84	7.688842	7.856288	-0.812614	7	0.005438983	0.229704	-6.76396	0.1074051	0.02111626
28.86	7.703888	7.787999	-0.6697983	7	-0.04425543	0.1452962	-5.147589	-0.01473186	-0.01782131
28.88	7.735294	7.856288	-0.5099443	7	-0.01211624	0.1769916	-6.401819	0.0158025	-0.2237797
28.9	7.614036	7.71971	-1.066915	7	-0.03949609	0.1681136	-6.348742	-0.02999904	-0.316185
28.92	7.805688	7.924579	-0.09719819	7	-0.02203242	0.1794833	-5.53551	-0.01473186	0.2365484
28.94	7.733388	7.856288	-0.5078708	7	0.00373821	0.2138005	-8.696692	-0.02999904	-0.7472439
28.96	7.737101	7.856288	-0.4919457	7	-0.0373247	0.2245642	-7.971213	0.09213839	-0.2059078
28.98	7.816398	7.924579	-0.1282887	7	-0.06714096	0.1700287	-7.426672	0.03106925	-0.2630787
29	7.78343	7.924579	-0.373221	7	-0.0529069	0.2084178	-9.380219	0.0005348892	-0.6593428
29.02	7.815991	7.924579	-0.248871	7	-0.1138145	0.1548046	-7.931337	0.0158025	-0.3469963
29.04	7.694966	7.856288	-0.90614	7	-0.09922716	0.1883406	-8.961819	0.0005348892	-0.557168
29.06	7.645018	7.787999	-1.111731	7	-0.1323801	0.1485694	-6.127899	0.04633686	0.124711
29.08	7.754507	7.924579	-0.5701919	7	-0.06038676	0.179094	-6.142325	0.0005348892	0.2010365
29.1	7.801818	7.924579	-0.3570614	7	-0.04185073	0.1699051	-7.123663	0.0005348892	-0.3190107
29.12	7.80395	7.924579	-0.3827894	7	-0.04667825	0.1874533	-8.130302	0.1074051	-0.4857359
29.14	7.715197	7.856288	-0.8413014	7	-0.05916508	0.2131164	-8.545212	0.0158025	-0.4242811
29.16	7.673279	7.856288	-1.040512	7	-0.03343679	0.2724869	-8.340536	0.0158025	0.03907871
29.18	7.72656	7.856288	-0.7233374	7	-0.05983736	0.1935913	-6.097744	0.04633686	0.2324429
29.2	7.645862	7.787999	-1.092776	7	-0.03671099	0.1899455	-6.636997	0.04633686	-0.1741695
29.22	7.759746	7.856288	-0.4632829	7	-0.06234922	0.128026	-4.479034	0.07687078	0.2266808
29.24	7.692135	7.787999	-0.781887	7	-0.05523139	0.1056464	-5.660955	-0.0605334	-0.4800577
29.26	7.654186	7.787999	-0.936807	7	-0.029191	0.1801353	-6.122674	-0.02999904	-0.1059809
29.28	7.743994	7.856288	-0.453824	7	-0.02531616	0.1706089	-5.519423	0.0158025	0.08135319
29.3	7.782782	7.924579	-0.3055917	7	0.02998533	0.2467992	-8.396252	0.0005348892	-0.4111814
29.32	7.822896	7.924579	-0.1360145	7	-0.01712956	0.2271878	-8.597304	0.03106925	-0.4257383
29.34	7.800157	7.924579	-0.3106506	7	-0.04528423	0.2255753	-9.497312	-0.0605334	-0.5993853
29.36	7.745959	7.856288	-0.5985582	7	-0.1161489	0.1590567	-7.99253	-0.02999904	-0.4072618
29.38	7.779073	7.924579	-0.4736784	7	-0.1096844	0.1573082	-7.5368	-0.02999904	-0.211256
29.4	7.62806	7.787999	-1.231929	7	-0.09752387	0.1779227	-7.821763	-0.04526665	-0.3646908
29.42	7.692556	7.856288	-0.8683534	7	-0.07534839	0.1918148	-5.851994	0.06160403	0.394331
29.44	7.801861	7.924579	-0.3224053	7	-0.0495687	0.1501126	-5.908006	0.0005348892	-0.03925323
29.46	7.749495	7.856288	-0.5982647	7	-0.05291749	0.1474078	-7.189916	0.03106925	-0.5683641
29.48	7.803985	7.924579	-0.3443086	7	-0.05762705	0.1727126	-7.206988	0.0005348892	-0.2423401
29.5	7.694623	7.856288	-0.9212871	7	-0.02870652	0.2428257	-9.098899	0.03106925	-0.4966402
29.52	7.777606	7.924579	-0.4968445	7	-0.04319195	0.2407238	-7.565018	0.0158025	0.1547041
29.54	7.797452	7.924579	-0.4226708	7	-0.0497812	0.1957493	-7.935651	0.0005348892	-0.3332148
29.56	7.7274	7.856288	-0.779997	7	-0.0715235	0.1859391	-7.936007	0.04633686	-0.396657
29.58	7.730545	7.856288	-0.7421146	7	-0.09541193	0.152064	-6.396574	0.0005348892	-0.05145931
29.6	7.642213	7.787999	-1.153472	7	-0.07525179	0.1601803	-6.388962	0.09213839	-0.1583652
29.62	7.782887	7.924579	-0.4293193	7	-0.03953101	0.1808621	-5.670533	0.0158025	0.2567616
29.64	7.8027	7.924579	-0.3617935	7	-0.01309299	0.1914224	-7.704773	-0.1063349	-0.4758463
29.66	7.836282	7.924579	-0.2124342	7	-0.06451467	0.1543419	-7.416611	-0.09106776	-0.4515295
29.68	7.778819	7.924579	-0.5601251	7	-0.04946437	0.2145017	-9.288538	-0.09106776	-0.6254692
29.7	7.737307	7.856288	-0.7558113	7	-0.1094963	0.1641329	-7.369486	0.04633686	-0.2106342
29.72	7.67698	7.856288	-1.061475	7	-0.06521083	0.2160036	-7.802044	0.04633686	-0.1148577
29.74	7.755747	7.924579	-0.6565129	7	-0.0310249	0.242406	-7.240562	0.06160403	0.2120104
29.76	7.715465	7.856288	-0.8427168	7	-0.02574834	0.2229737	-7.617764	-0.09106776	-0.2027369
29.78	7.684768	7.787999	-0.9268113	7	-0.07600252	0.1465479	-5.528403	-0.02999904	0.002554893
29.8	7.731496	7.856288	-0.6632592	7	-0.05048726	0.1447262	-5.411302	0.0005348892	-0.00216198
29.82	7.791416	7.924579	-0.38201	7	-0.005216628	0.198532	-7.132923	0.0005348892	-0.2539721
29.84	7.815047	7.924579	-0.2889798	7	-0.02136979	0.2031066	-8.042677	0.0005348892	-0.4472189
29.86	7.724905	7.856288	-0.7572753	7	-0.04193841	0.2223189	-8.776052	-0.02999904	-0.5058546
29.88	7.813451	7.924579	-0.3108364	7	-0.08883363	0.1622221	-6.728404	-0.0605334	-0.02028275
29.9	7.646903	7.787999	-1.15008	7	-0.08164066	0.1654131	-7.817865	0.03106925	-0.5608454
29.92	7.630773	7.787999	-1.165996	7	-0.07572272	0.1891259	-5.764126	0.0158025	0.3132753
29.94	7.636064	7.787999	-1.075094	7	-0.03270441	0.1860799	-5.242537	-0.04526665	0.251852
29.96	7.776166	7.924579	-0.3626598	7	0.03563905	0.2398563	-6.392544	0.0158025	0.1630325
29.98	7.816598	7.924579	-0.1857241	7	0.03498494	0.2433715	-8.338074	-0.09106776	-0.4680386
30	7.619611	7.71971	-1.133175	7	-0.04050063	0.2082735	-8.071015	-0.01473186	-0.5583286
30.02	7.629241	7.787999	-1.025355	7	-0.03415808	0.2367405	-6.319861	0.0005348892	0.3563356
30.04	7.795717	7.924579	-0.1851215	7	-0.006440327	0.2037797	-6.063819	-0.04526665	0.1861811
30.06	7.651526	7.787999	-0.9215643	7	0.01403669	0.2456809	-8.795225	0.07687078	-0.6437855
30.08	7.680685	7.787999	-0.7103742	7	-0.04892585	0.1979299	-5.979004	-0.07580101	0.2055044
30.1	7.745933	7.856288	-0.3803989	7	-0.04276869	0.1529822	-5.992584	-0.0605334	-0.1261511
30.12	7.673535	7.787999	-0.7438819	7	-0.04238416	0.1652933	-7.007987	0.0005348892	-0.4474554
30.14	7.805006	7.924579	-0.1065493	7	-0.03800631	0.1838562	-6.735566	0.06160403	-0.04377651
30.16	7.792787	7.924579	-0.2464421	7	-0.01809032	0.2217704	-9.312322	0.0005348892	-0.6867599
30.18	7.7427	7.856288	-0.5226312	7	-0.07943087	0.1956942	-8.556575	0.0158025	-0.4473019
30.2	7.719193	7.856288	-0.6595079	7	-0.09994306	0.1739559	-7.662665	-0.02999904	-0.228735
30.22	7.783128	7.924579	-0.3757848	7	-0.08914115	0.1663219	-7.296331	-0.02999904	-0.1445284
30.24	7.631682	7.787999	-1.145279	7	-0.07447702	0.1948628	-8.194157	-0.01473186	-0.4477663
30.26	7.638699	7.787999	-1.047619	-7	-0.08256231	0.1829983	-74.33865	-0.1368693	-18.23765
30.28	7.766778	7.924579	-0.411785	-7	-1.385793	0.20865	-86.58127	-0.197938	-15.24983
30.3	6.945903	7.787999	-5.01849	-7	-2.218264	0.2050778	-99.99352	-3.022365	-15.53525
30.32	6.584177	7.856288	-7.21772	-7	-2.842454	0.1111754	-92.96671	-17.75519	-10.66866
30.34	6.471121	7.787999	-8.062113	-7	-3.287881	-0.4802175	-79.22482	-28.35061	-9.04806
30.36	8.160725	9.290372	-0.3639188	-7	-3.4721	-1.142172	-70.05467	-40.71702	-9.008438
30.38	7.549457	8.470897	-4.471023	-7	-3.850897	-1.697418	-82.17216	-47.83152	-17.22397
30.4	7.026494	7.583131	-7.321791	-7	-4.987762	-2.957197	-50.22482	-44.45748	-12.97431
30.42	7.982882	8.470897	-3.024608	-7	-5.441019	-4.182913	-25.39384	-20.15214	-11.91862
30.44	7.074893	7.924579	-8.413382	-7	-5.107892	-3.943727	-40.97355	3.405115	-17.4979
30.46	6.33469	7.241681	-12.12835	-7	-5.11194	-3.682737	-27.55465	-2.152136	-11.65108
30.48	6.578825	7.583131	-10.74681	-7	-4.685061	-3.527539	-17.45252	-3.342976	-8.6303
30.5	7.044039	7.787999	-8.295699	-7	-4.311325	-3.548201	-16.93368	-3.373511	-10.33813
30.52	6.013629	6.422206	-12.86798	-7	-4.468345	-3.915364	-11.50722	0.8707641	-12.67039
30.54	6.926078	7.583131	-7.89592	-7	-4.068834	-3.539434	-7.019556	7.084505	-8.306142
30.56	5.833332	6.422206	-12.90161	-7	-3.810117	-3.301567	-19.64007	7.725726	-13.21771
30.58	6.291257	6.763654	-9.773058	-7	-3.853938	-3.302474	-4.955018	1.847863	-7.550319
30.6	4.434303	5.056413	-18.00143	-7	-3.651688	-3.172862	-9.937833	4.305878	-11.08839
30.62	6.4687	6.763654	-6.580402	-7	-3.623638	-3.527153	18.51291	-1.785724	-2.461976
30.64	4.797859	5.056413	-14.15975	-7	-3.296835	-3.532462	-6.780016	7.97	-14.65953
30.66	6.026281	6.080756	-6.858619	-7	-3.514878	-3.595706	13.72225	1.420383	-5.781165
30.68	6.480744	6.695365	-4.482802	-7	-3.071927	-3.295946	-13.51137	16.9471	-13.6316
30.7	3.474325	3.895488	-18.60253	-7	-3.315135	-2.716179	-24.92765	-2.961297	-14.59608
30.72	3.396385	3.827197	-16.91201	-7	-3.705559	-3.16554	23.65679	-0.3964114	-0.002649307
30.74	5.368526	5.807599	-6.068007	-7	-2.816825	-3.256216	20.95499	-6.106335	-3.432345
30.76	4.404697	4.168647	-9.94368	-7	-2.934833	-3.625749	4.829247	-9.37351	-13.53821
30.78	3.331222	3.827197	-14.2413	-7	-2.592421	-2.430429	-6.502453	18.47382	-8.754737
30.8	1.796956	2.597983	-20.12995	-7	-2.260939	-1.687221	-1.883975	10.12267	-3.665327
30.82	3.237058	3.554038	-10.8645	-7	-2.166806	-2.236596	27.64124	-4.488014	2.433743
30.84	2.192479	2.324824	-14.47222	-7	-1.821523	-2.425959	12.07333	6.931833	-7.468908
30.86	3.302012	3.007722	-7.136825	-7	-2.103743	-2.846635	29.61211	18.04633	-2.715058
30.88	1.660505	1.915086	-14.1895	-7	-1.56796	-2.038632	-2.894384	20.87076	-10.30594
30.9	1.893869	1.915086	-11.13666	-7	-1.875696	-2.041034	18.13294	5.206641	-1.472635
30.92	0.797567	1.573638	-15.33743	-7	-0.9589632	-0.8556828	-9.285366	8.382215	-4.998695
30.94	0.3751444	0.3444233	-14.98487	-7	-1.565203	-1.65023	23.88514	-8.197938	0.8983164
30.96	0.890314	1.300479	-10.77028	-7	-0.8508503	-1.256028	15.44132	14.0158	-0.4382286
30.98	0.5104555	0.002975464	-10.60069	-7	-1.432221	-2.322705	29.30765	4.458549	-3.62478
31	0.000462532	0.002975464	-11.53586	-7	-1.135949	-1.885488	19.95895	17.26771	-3.986876
31.02	-0.2190845	-0.2701836	-10.87685	-7	-1.074221	-1.701719	21.73261	9.511986	-2.154374
31.04	-1.334746	-0.8165007	-14.87041	-7	-0.3924023	-0.5650717	2.631677	-0.09106776	-2.406481
31.06	-0.7138319	-0.6799221	-9.688506	-7	-0.539619	-0.8245384	21.8874	3.618855	2.940866
31.08	-1.093601	-1.02137	-10.04129	-7	-0.2717138	-0.8039754	9.413829	0.4432831	-2.51466
31.1	-1.331783	-1.431108	-9.506786	-7	-0.4491185	-0.879548	13.54739	11.66466	-1.132248
31.12	-1.613578	-1.362819	-9.542711	-7	-0.116951	-0.3369348	2.278122	4.458549	-1.421709
31.14	-3.408965	-3.070061	-16.59048	-7	-0.09778588	0.009716243	2.001982	1.908932	-0.4409933
31.16	-3.529326	-3.411509	-14.57039	-7	-0.2881251	-0.505739	34.83674	0.8707641	7.007576
31.18	-4.062329	-3.752957	-14.96314	-7	0.3994307	-0.27776	30.71368	1.954733	4.163729
31.2	-3.604479	-4.026116	-10.046	-7	0.2433054	-0.970111	50.38323	15.42038	5.464185
31.22	-3.610448	-4.094406	-8.061348	-7	0.4522657	-1.113741	41.16169	19.61885	0.3940544
31.24	-4.57445	-4.435854	-11.23933	-7	1.146011	0.3210917	11.52795	21.32878	-0.555439
31.26	-4.534008	-4.709013	-8.887627	-7	0.929625	0.3700013	22.2401	1.618855	4.497025
31.28	-3.566323	-3.752957	-2.649246	-7	1.082197	0.3187499	14.47703	-2.625419	2.223866
31.3	-5.541062	-5.801648	-10.98475	-7	0.7498412	0.246325	2.277566	6.153207	-3.143035
31.32	-6.263619	-6.074806	-12.54757	-7	0.6941912	0.6340628	18.16814	1.54252	5.95782
31.34	-5.734154	-5.39191	-8.169724	-7	1.266759	0.9611162	18.62679	-8.060533	7.289753
31.36	-5.423139	-5.733358	-4.939929	-7	1.130231	0.3645495	21.64239	9.634123	3.529489
31.38	-6.542605	-6.484545	-9.15365	-7	1.384056	0.9393809	3.697373	13.49672	0.6390858
31.4	-6.849154	-6.825994	-8.841569	-7	1.249982	1.049168	15.26132	3.86313	6.020759
31.42	-7.585597	-7.50889	-10.63797	-7	1.363516	0.9888473	18.92537	-2.213205	5.644274
31.44	-6.674697	-6.894283	-4.271872	-7	1.3653	0.6135966	31.82803	6.489084	7.758753
31.46	-7.587953	-7.4406	-7.65399	-7	1.970844	1.401544	2.614387	8.321146	1.39068
31.48	-6.78535	-6.825994	-2.279568	-7	1.911943	1.683067	6.716445	8.122672	6.487103
31.5	-7.729026	-7.50889	-6.068906	-7	2.141737	2.16728	-15.83919	-5.342976	1.370876
31.52	-8.084034	-8.123497	-6.287337	-7	1.601782	1.79323	2.503601	3.908932	6.424843
31.54	-7.877997	-7.850338	-4.021338	-7	1.576177	1.439844	8.419037	-6.732289	6.107302
31.56	-7.414214	-7.4406	-0.8928496	-7	1.685453	1.419349	2.033163	7.420382	3.931568
31.58	-8.083629	-8.123497	-3.495079	-7	1.573692	1.499806	-7.175076	3.344046	1.390035
31.6	-9.397331	-9.147842	-8.891335	-7	1.487673	1.80229	-3.78863	-0.4116785	4.550566
31.62	-8.861199	-8.806395	-4.715015	-7	1.354932	1.316347	21.08217	-4.442213	9.988247
31.64	-8.677888	-8.533236	-2.939402	-7	1.872491	1.485848	8.268354	0.8096954	5.107687
31.66	-7.888263	-8.123497	1.731063	-7	1.792397	1.371488	5.834371	16.30588	4.277249
31.68	-9.307948	-9.147842	-4.895274	-7	1.957954	2.028996	-18.24236	13.34404	-0.01794338
31.7	-9.554223	-9.147842	-5.149572	-7	1.945134	2.562719	-9.679916	2.886031	7.759659
31.72	-9.533079	-9.147842	-4.109998	-7	2.106742	2.526203	-6.46253	-4.411678	7.869329
31.74	-9.23405	-9.216132	-1.658632	-7	1.948764	2.01809	1.637996	-16.51855	6.975534
31.76	-9.104738	-9.079553	-0.4266525	-7	1.99262	1.95003	-4.521145	9.832595	4.419042
31.78	-9.192568	-9.216132	-0.3579205	-7	1.853499	1.919587	-7.883421	2.855497	3.658207
31.8	-9.528139	-9.147842	-1.761608	-7	2.102675	2.569145	-21.11762	7.771527	3.857232
31.82	-8.937453	-9.079553	1.775215	-7	1.546831	1.812694	-3.815392	-4.823892	5.965813
31.84	-8.332049	-8.123497	4.452485	-7	1.836601	2.098629	-23.36597	-5.571983	1.748089
31.86	-8.116545	-8.464945	5.338433	-7	1.073532	1.328327	-18.43924	-5.113968	-0.01594639
31.88	-8.80485	-8.533236	1.302048	-7	1.058444	1.749943	-33.45003	-2.762823	-1.29868
31.9	-9.044667	-8.806395	0.01865721	-7	0.6733997	1.561829	-19.79078	-11.15977	3.200403
31.92	-9.151628	-8.806395	-0.5920662	-7	0.6794896	1.357244	-12.84382	-15.54145	3.737191
31.94	-7.747047	-7.782049	6.176406	-7	0.5467428	0.7363634	-1.514447	-13.9384	3.995488
31.96	-9.229214	-9.147842	-1.646611	-7	0.5582677	0.7876559	-19.03638	-1.678854	-3.266787
31.98	-9.319049	-9.079553	-1.856795	-7	0.4186766	0.967765	-1.16337	1.298245	5.120024
32	-9.543621	-9.147842	-2.795595	-7	0.8027847	1.120201	-0.9648819	-6.304808	4.53631
32.02	-7.764477	-8.123497	6.319038	-7	0.518338	0.1637958	19.13334	-5.465113	5.564928
32.04	-8.26591	-8.123497	2.973323	-7	1.144234	0.9921201	-22.42961	8.62649	-4.308661
32.06	-7.724823	-8.123497	5.508195	-7	0.3491169	0.5131953	-6.242467	6.611221	0.7913914
32.08	-8.779368	-8.055207	-0.7156386	-7	1.079126	1.903362	-42.16118	-1.846793	-2.632817
32.1	-6.805447	-7.099152	8.974446	-7	0.1188299	0.6715713	-4.599062	-16.67122	5.019717
32.12	-7.877393	-7.235731	2.1229	-7	0.8548171	1.637319	-52.34999	-6.594884	-6.45302
32.14	-7.908481	-8.464945	2.195838	-7	-0.8196269	-0.1871124	1.184954	-2.991831	2.222244
32.16	-9.670453	-8.396656	-7.390938	-7	0.5585001	1.638699	-34.95322	-0.3048087	-0.5650034
32.18	-8.319265	-8.396656	0.2346085	-7	-0.2203916	0.2653466	22.9769	-17.58725	10.55933
32.2	-9.426632	-8.464945	-5.661344	-7	1.259504	1.60514	-19.88997	7.191374	0.4791393
32.22	-7.91413	-8.464945	2.904384	-7	0.2703413	0.09702158	28.79454	6.092138	8.420345
32.24	-9.449364	-8.533236	-5.279208	-7	1.814698	2.060292	-31.06262	7.557786	-2.15537
32.26	-7.842687	-8.464945	3.820817	-7	0.5363879	0.5330915	22.44378	8.977633	8.792147
32.28	-9.470935	-8.396656	-5.001721	-7	2.151754	2.669504	-43.82381	6.657023	-2.565596
32.3	-7.535701	-8.396656	5.8119	-7	0.3790216	0.4355606	23.69497	-4.549083	9.27293
32.32	-9.134789	-8.396656	-2.990777	-7	1.661733	1.914851	-37.45228	6.718092	-4.485065
32.34	-6.713356	-7.50889	9.610872	-7	0.2002795	0.2056486	16.70682	-7.984197	7.004826
32.36	-8.567707	-7.50889	-1.250918	-7	1.778002	2.498783	-64.53876	3.282978	-8.00536
32.38	-6.619966	-7.4406	8.91297	-7	-0.2783059	0.2871739	5.523907	-5.709388	6.282467
32.4	-9.084958	-7.577179	-5.078979	-7	1.522815	2.831684	-74.07448	1.450917	-7.194273
32.42	-7.353459	-7.577179	4.229273	-7	-0.1162966	1.063937	-0.03027725	-14.71702	10.10925
32.44	-9.093258	-7.50889	-5.664483	-7	1.657523	3.046685	-63.69161	-0.04526665	-2.579222
32.46	-6.716119	-7.4406	7.112776	-7	-0.3064106	0.2377815	18.51175	-7.923128	10.08158
32.48	-10.03274	-8.464945	-10.58628	-7	1.679424	2.764864	-63.6058	3.389848	-6.384445
32.5	-7.749215	-8.464945	2.550114	-7	-0.3900216	0.07976937	39.34386	6.534885	14.85453
32.52	-10.04263	-8.464945	-9.689133	-7	2.056611	2.636475	-44.04558	-2.381144	-2.725367
32.54	-7.39693	-8.533236	5.352882	-7	-0.06192672	-0.316342	50.27934	-2.381144	13.3835
32.56	-9.467594	-8.464945	-5.836015	-7	2.000595	1.938261	-35.64456	-2.320075	-5.650837
32.58	-7.45564	-8.396656	5.495119	-7	0.2870138	0.09973156	32.05647	8.397482	9.460289
32.6	-9.07429	-8.464945	-3.274282	-7	1.57279	1.549591	-29.46066	-10.15214	-4.768406
32.62	-7.679152	-8.464945	4.588572	-7	0.1460313	0.01600564	23.8547	8.611222	6.741312
32.64	-9.153075	-8.464945	-3.446279	-7	1.361456	1.548008	-28.96087	-7.770456	-3.466403
32.66	-7.757025	-8.464945	4.352228	-7	0.0347513	-0.04511762	24.06132	8.809695	6.908991
32.68	-8.990393	-8.396656	-2.483866	-7	1.166369	1.263485	-24.12022	-10.35061	-3.222746
32.7	-7.777329	-8.396656	4.209636	-7	0.04038805	-0.04482263	20.30218	12.03107	5.744898
32.72	-8.737876	-8.464945	-1.11054	-7	0.742758	0.6473953	-13.23413	-12.39641	-2.918265
32.74	-7.951598	-8.464945	3.223687	-7	-0.06290945	-0.2484274	18.50262	14.61122	3.846767
32.76	-8.790128	-8.396656	-1.476516	-7	0.742761	0.7620524	-13.50943	5.435649	-1.915173
32.78	-8.245834	-8.464945	1.586848	-7	0.2466971	0.3037613	9.801057	-6.900228	4.191083
32.8	-9.059612	-8.533236	-2.767157	-7	1.006109	1.279312	-16.40364	1.603589	0.1058455
32.82	-8.145851	-8.396656	2.292435	-7	0.4333724	0.4935897	11.79796	-7.312441	5.65374
32.84	-8.906343	-8.533236	-1.783694	-7	1.070382	1.190208	-15.1873	4.550153	-0.5923605
32.86	-8.227641	-8.464945	2.029787	-7	0.5294034	0.5974163	7.881021	-2.488014	4.700541
32.88	-8.831457	-8.396656	-1.301887	-7	1.176571	1.417061	-18.60269	7.86313	-0.09712029
32.9	-8.311586	-8.533236	1.706797	-7	0.576233	0.7365128	4.386737	-4.839159	4.432977
32.92	-8.971351	-8.464945	-1.873541	-7	1.225545	1.589671	-20.65622	5.389848	0.4159966
32.94	-8.235747	-8.464945	2.243076	-7	0.5902534	0.7715352	5.444678	0.04633686	5.132044
32.96	-8.900386	-8.396656	-1.441881	-7	1.268416	1.618221	-22.64917	5.817328	-0.1154919
32.98	-8.245079	-8.464945	2.234362	-7	0.6035377	0.8410612	2.901948	-0.3048087	4.828552
33	-8.803651	-8.191787	-1.030901	-7	1.374199	1.860034	-27.7376	3.16084	0.02342319
33.02	-7.191033	-7.50889	7.10915	-7	0.6205214	0.8674942	-1.447478	-1.251373	4.660261
33.04	-9.011518	-8.533236	-2.699387	-7	1.08761	1.65939	-39.20368	2.031069	-4.663362
33.06	-7.232343	-7.50889	6.397481	-7	0.1396311	0.6182113	3.761503	-0.5643503	6.613305
33.08	-9.262405	-8.533236	-4.539419	-7	0.9705797	1.633763	-39.51815	-2.77809	-4.42442
33.1	-7.217374	-7.4406	6.027333	-7	0.07473569	0.5667051	8.999449	-12.93076	8.258661
33.12	-9.660631	-8.464945	-7.10816	-7	1.510812	2.449224	-52.75026	5.573054	-4.433469
33.14	-8.254674	-8.396656	0.9579613	-7	0.3113685	1.10433	11.58298	-14.91549	11.33582
33.16	-11.4394	-8.464945	-16.00622	-7	3.73456	5.992146	-97.26924	14.87076	0.4967375
33.18	-8.951492	-8.464945	-1.491504	-7	2.347046	4.368952	-8.970673	-16.33534	22.52571
33.2	-10.39648	-8.464945	-8.855578	-7	4.274067	6.021933	-77.85443	20.67229	4.485961
33.22	-8.020204	-8.396656	4.700572	-7	2.376647	3.432813	-6.620464	-8.411678	15.21223
33.24	-9.507117	-8.464945	-3.225217	-7	3.409044	4.493772	-68.78587	21.69519	-1.290111
33.26	-7.549516	-8.396656	7.641792	-7	1.194729	1.790719	0.4360371	6.641756	9.426151
33.28	-9.399729	-8.396656	-2.648405	-7	2.338194	3.3065	-64.58447	16.76389	-4.555994
33.3	-7.388785	-7.50889	7.64999	-7	1.10134	2.210196	-18.42775	-14.50328	8.488253
33.32	-9.265635	-7.50889	-3.31513	-7	2.770577	4.726829	-96.23741	10.32114	-3.916474
33.34	-9.199096	-8.738104	-2.25306	-7	1.337354	3.578791	-39.93498	-19.2361	10.33185
33.36	-11.47589	-8.738104	-14.11907	-7	3.492237	6.516521	-96.07436	7.099771	6.62019
33.38	-8.10319	-7.782049	4.263917	-7	2.083029	3.960166	-10.09258	-16.88496	21.12446
33.4	-11.03103	-8.738104	-11.21481	-7	4.357001	6.546063	-105.7257	27.31351	-0.7573862
33.42	-7.660102	-7.850338	7.220956	-7	2.202069	3.906601	-12.78047	8.550154	19.05223
33.44	-9.018699	-7.850338	-0.6401401	-7	3.333542	4.682783	-83.57821	8.046336	-3.31847
33.46	-6.92662	-7.918628	10.52034	-7	0.7218974	1.536616	-7.343573	-0.5490832	7.598875
33.48	-9.091931	-7.782049	-2.005638	-7	2.100446	3.526975	-83.99379	-3.709388	-7.166826
33.5	-6.15206	-6.484545	12.60082	-7	0.3521954	1.668776	-19.0182	-7.281907	8.478008
33.52	-7.96909	-6.825994	1.399346	-7	1.385803	2.938159	-88.13166	-5.526182	-9.208585
33.54	-7.652064	-8.191787	3.296123	-7	-0.9553494	0.3871251	-9.548683	-9.419312	4.615091
33.56	-9.796856	-8.123497	-8.552593	-7	0.6634501	2.307903	-53.79839	-1.342976	-1.219422
33.58	-7.552315	-7.167441	3.098759	-7	0.152351	1.351332	1.57016	-23.46511	12.45191
33.6	-9.287211	-7.167441	-6.914679	-7	2.578299	4.349908	-81.85026	4.534885	-1.53263
33.62	-7.023579	-7.50889	5.549832	-7	0.4974447	1.579978	2.642859	2.550153	12.23806
33.64	-8.853469	-7.4406	-4.733878	-7	2.135421	3.356107	-68.51092	-3.770457	-3.979901
33.66	-6.699447	-7.50889	7.011736	-7	-0.03547955	0.5564064	12.84805	12.38221	9.403698
33.68	-8.387914	-7.50889	-2.580028	-7	1.214122	1.819978	-48.13264	-12.56435	-6.024087
33.7	-4.883802	-6.143096	15.21656	-7	-0.8718259	-1.043802	27.21123	12.27534	6.136228
33.72	-7.299113	-6.143096	0.5683794	-7	1.081925	1.775969	-80.68884	-5.083434	-15.1248
33.74	-7.156693	-7.850338	1.838578	-7	-1.33557	-0.276707	0.9039459	-5.663587	3.922489
33.76	-9.423145	-7.850338	-10.34252	-7	0.3245324	1.656875	-41.40546	-8.961296	-1.384327
33.78	-7.720993	-7.850338	-0.6213678	-7	-0.6646269	-0.1481642	33.24438	-4.304808	12.60384
33.8	-8.90324	-7.782049	-6.925943	-7	1.184473	1.441195	-19.50986	-3.373511	-0.2559271
33.82	-7.951698	-7.782049	-1.280819	-7	0.9705855	1.363395	6.308983	14.9013	8.600649
33.84	-8.91134	-7.782049	-6.131532	-7	2.304898	3.091323	-38.56866	17.43565	2.058207
33.86	-7.9112	-7.850338	-0.09300002	-7	1.602293	2.300414	-6.895448	-3.724656	9.122341
33.88	-8.569047	-7.782049	-3.370498	-7	2.324911	3.111859	-39.62947	15.80206	1.876527
33.9	-7.643153	-7.850338	2.070569	-7	1.328681	1.87845	-7.566064	-2.717022	6.742697
33.92	-8.804645	-7.850338	-4.064258	-7	2.221422	3.203544	-49.57677	16.41275	-0.0459795
33.94	-7.790171	-7.850338	1.775765	-7	1.199397	2.053747	-10.73386	-10.86969	7.99584
33.96	-8.807124	-7.850338	-3.6681	-7	2.043839	3.083436	-47.84686	11.40511	0.4847498
33.98	-7.873743	-7.850338	1.638009	-7	1.155092	2.050739	-12.77016	-14.74756	7.60404
34	-9.031967	-7.850338	-4.606177	-7	2.208213	3.471151	-54.80817	12.62649	0.7811069
34.02	-6.808771	-6.894283	6.943168	-7	1.193428	2.097857	-13.05471	-14.1216	8.926237
34.04	-7.931993	-6.825994	0.06501007	-7	2.268445	3.563211	-75.35703	14.12267	-4.413329
34.06	-6.598508	-6.825994	6.84478	-7	0.65905	1.95553	-28.58587	-12.90023	5.083397
34.08	-8.115756	-6.825994	-2.079491	-7	1.592095	3.352741	-78.48724	14.18374	-3.994913
34.1	-7.606351	-7.167441	0.6216881	-7	0.570313	2.450213	-35.93396	-28.88496	6.890594
34.12	-6.439599	-7.099152	6.510152	-7	-0.77944	-0.6084176	8.993716	5.54252	2.126533
34.14	-7.534434	-7.4406	0.1610656	-7	-0.4862436	-0.4594162	-13.60073	-23.1903	-5.961003
34.16	-7.344437	-7.50889	1.037036	-7	-0.9283383	-0.7906856	10.14045	18.9929	1.140259
34.18	-7.704016	-7.50889	-1.117996	-7	-0.5144121	-0.534632	3.526761	-17.93839	-0.9181719
34.2	-5.504937	-6.484545	9.853046	-7	-1.365689	-2.293183	40.38752	-9.190304	1.482194
34.22	-6.486958	-6.484545	3.436685	-7	-0.4682963	-1.090176	-15.11026	-10.38114	-11.15551
34.24	-7.1512	-7.782049	0.1537108	-7	-1.539809	-1.677365	15.33213	-1.938396	-2.523786
34.26	-8.570581	-7.850338	-7.264661	-7	-0.5446288	-0.2363889	-2.667555	-11.80099	-0.8896761
34.28	-7.489609	-7.850338	-0.9291761	-7	-1.050224	-1.431824	45.76391	-21.49565	7.318033
34.3	-7.942844	-7.918628	-3.104232	-7	-0.1835486	-1.085263	24.91568	-5.556716	-0.9908171
34.32	-5.687813	-6.416255	8.334913	-7	-0.340607	-1.526733	38.56338	5.97	2.287738
34.34	-7.435217	-7.577179	-1.083482	-7	0.2165414	-0.4950526	-10.89102	6.519619	-9.561344
34.36	-7.066312	-7.50889	1.157387	-7	-0.5097603	-0.6757685	16.92524	10.13794	1.897248
34.38	-6.475009	-5.869938	3.186236	-7	0.6565409	0.8147127	-21.26079	-9.281907	-1.615207
34.4	-4.890572	-5.801648	10.79205	-7	-0.5938421	-0.8859314	4.221413	-5.175037	-1.878259
34.42	-7.592526	-7.167441	-3.900597	-7	-0.1104598	0.3842896	-43.47021	1.466184	-10.83112
34.44	-7.091965	-7.099152	-0.9651554	-7	-1.0086	-0.2201368	7.698014	-0.2132052	5.578405
34.46	-7.752837	-6.825994	-4.726162	-7	0.1549082	0.7487535	-17.20284	-13.61778	0.2802258
34.48	-6.126225	-6.894283	4.154515	-7	-1.007094	-1.39682	36.87408	-0.8086252	5.210472
34.5	-7.208854	-6.825994	-2.005873	-7	0.1421605	-0.1940562	-11.41321	3.878398	-6.022735
34.52	-7.749438	-7.918628	-4.041955	-7	-0.4015496	-0.3323194	13.22429	15.74099	2.268719
34.54	-8.805832	-7.850338	-9.041615	-7	0.7903883	1.254011	-8.284401	-2.823892	3.206987
34.56	-7.026871	-7.782049	1.358454	-7	-0.2511346	-0.8836027	50.25428	4.687557	9.397274
34.58	-6.185908	-6.074806	4.912025	-7	1.023897	0.1138619	-1.440407	7.771527	-3.312564
34.6	-6.951986	-7.4406	1.110438	-7	0.4155606	0.1463265	-8.814733	26.41275	-4.353644
34.62	-8.109545	-7.4406	-4.828651	-7	0.9200472	1.680165	-29.88606	-3.236106	-0.3774872
34.64	-7.254009	-7.645469	0.3763335	-7	-0.1432147	0.03979468	18.21592	-20.83916	6.479617
34.66	-7.891487	-7.50889	-2.939322	-7	0.6080385	0.5728279	-7.207801	-2.197938	-0.802289
34.68	-7.124583	-7.50889	1.483089	-7	0.03627327	-0.1952926	17.96234	8.382215	3.730046
34.7	-7.907896	-7.50889	-2.664221	-7	0.807402	0.8119376	-13.34339	-1.205572	-1.723824
34.72	-7.392854	-7.50889	0.3953201	-7	0.4093383	0.5273929	4.9907	12.42801	3.874246
34.74	-7.787795	-7.372311	-1.713337	-7	0.9669411	1.218143	-16.74889	-9.144503	0.07857323
34.76	-7.437615	-7.4406	0.3793803	-7	0.6361492	0.933013	-4.507631	12.77916	3.219487
34.78	-7.844864	-7.50889	-1.683231	-7	0.9062653	1.283072	-17.27746	-7.465113	0.6297064
34.8	-7.466744	-7.4406	0.5017753	-7	0.604135	0.9350662	-5.039042	9.053968	3.287601
34.82	-7.696621	-7.577179	-0.6114074	-7	0.62848	0.8390226	-9.850403	-4.426946	0.5997543
34.84	-7.664698	-7.4406	-0.3994735	-7	0.6918625	1.059432	-11.25286	8.046336	1.929856
34.86	-7.4211	-7.50889	0.9925057	-7	0.3836867	0.526013	-2.053067	-4.045266	1.811793
34.88	-7.641515	-7.4406	-0.2567723	-7	0.5774772	0.8021915	-12.12122	1.588321	0.0105505
34.9	-7.559787	-7.50889	0.2410761	-7	0.4011461	0.6788078	-6.18602	0.6112221	1.699075
34.92	-7.600197	-7.50889	0.02889478	-7	0.3872535	0.5897116	-6.449234	-1.510915	0.9277601
34.94	-6.036283	-6.074806	7.381275	-7	0.4118154	0.4777025	-7.743968	-0.2895411	1.143191
34.96	-6.070539	-6.143096	6.161644	-7	0.3240309	0.5434345	-31.77927	0.07687078	-6.135764
34.98	-7.569665	-7.50889	-1.766771	-7	-0.2969852	0.521136	-29.17465	0.1684743	-4.116903
35	-7.926072	-7.4406	-3.535157	-7	-0.3801116	0.5743482	-10.12874	-3.220839	3.323652
35.02	-6.51519	-6.074806	3.194993	-7	0.05060053	0.5216815	-4.733937	-20.56435	4.165553
35.04	-5.873254	-6.143096	5.856574	-7	-0.2180727	-0.3020473	-6.901217	-8.381144	-2.703816
35.06	-7.391145	-7.4406	-2.138066	-7	-0.4830265	-0.256357	-15.18292	8.290611	-5.40917
35.08	-8.256385	-7.577179	-6.379756	-7	-0.1261694	0.7096317	-10.63196	7.634122	2.671015
35.1	-7.869266	-7.50889	-3.832324	-7	0.006678075	0.397054	11.35035	-8.518548	6.70961
35.12	-7.488725	-7.50889	-1.432493	-7	0.1755197	-0.1393127	17.87625	-8.762823	3.374201
35.14	-7.422671	-7.4406	-0.847605	-7	0.4891007	0.09191528	8.762327	10.88603	0.8765936
35.16	-5.764626	-5.801648	7.101914	-7	0.8128457	0.5592155	-4.666483	15.02343	0.8475285
35.18	-5.866495	-5.801648	5.595467	-7	0.9372139	1.203038	-40.66098	5.878397	-6.368956
35.2	-5.658064	-5.801648	5.943137	-7	0.09820386	0.8837879	-35.90947	0.6722908	-3.462975
35.22	-8.022265	-7.50889	-6.326071	-7	-0.1760927	1.105236	-42.23238	-7.26664	-4.355859
35.24	-7.833453	-7.50889	-4.691649	-7	-0.7424271	0.2559724	7.488928	-20.42694	7.817577
35.26	-6.4912	-6.143096	1.901134	-7	-0.1039345	-0.07767069	9.101522	-13.46511	3.990426
35.28	-5.500494	-6.143096	6.622198	-7	-0.5275156	-1.218597	13.80013	-7.892594	-2.477642
35.3	-6.171287	-6.143096	2.317546	-7	-0.1606903	-0.2900431	-19.73582	10.45855	-7.46698
35.32	-7.699645	-7.50889	-5.312042	-7	-0.470919	0.1483202	-13.81662	6.076871	-1.872799
35.34	-8.032816	-7.50889	-6.461044	-7	-0.2739117	0.3451735	5.044482	-11.90786	5.293059
35.36	-7.350446	-7.4406	-2.242097	-7	-0.3334141	-0.6286679	30.49378	-10.73229	5.717954
35.38	-7.383883	-7.50889	-2.012071	-7	0.07367702	-0.6739015	22.57072	2.031069	0.5986738
35.4	-7.153376	-7.50889	-0.3525255	-7	0.08370286	-0.6936243	24.12001	16.04634	0.9170103
35.42	-7.534901	-7.50889	-2.067156	-7	0.5411927	0.08189562	5.853402	13.02344	-0.6479855
35.44	-5.545075	-5.801648	7.783442	-7	0.5588045	0.1585402	5.791554	5.389848	2.014232
35.46	-5.451139	-5.869938	7.366519	-7	0.3503663	0.02285119	-22.11821	-1.15977	-7.678233
35.48	-5.496343	-5.801648	6.250661	-7	-0.3064869	0.01200936	-27.46645	2.870764	-6.245951
35.5	-7.905022	-7.577179	-6.222958	-7	-0.6340742	0.3342605	-31.2599	-9.648319	-5.253294
35.52	-7.784455	-7.577179	-4.928756	-7	-1.128471	-0.441322	17.82696	-21.12923	6.998964
35.54	-7.924994	-7.4406	-5.347184	-7	-0.3133446	-0.3567535	16.78786	-15.02236	3.54815
35.56	-6.887513	-7.50889	0.7059822	-7	-0.7075649	-1.656495	47.28805	-3.297175	4.225189
35.58	-7.361553	-7.50889	-1.641579	-7	0.01581264	-1.027655	19.95597	14.13794	-2.972355
35.6	-5.41055	-5.801648	7.952114	-7	0.1579186	-0.6254047	16.51521	17.28298	0.733139
35.62	-7.229445	-7.099152	-1.830402	-7	0.5841429	0.5289874	-29.7825	1.802062	-8.545228
35.64	-6.822583	-7.235731	0.7584982	-7	-0.495824	-0.2733699	10.21283	1.54252	3.099791
35.66	-7.976911	-7.167441	-5.386519	-7	0.5510354	1.038426	-22.31081	-17.58725	-1.339206
35.68	-6.337761	-7.167441	3.780128	-7	-0.7998255	-1.148488	37.59351	8.550154	6.287234
35.7	-8.477579	-8.055207	-7.210624	-7	0.2685889	-0.03435236	-7.841902	-5.831525	-5.470835
35.72	-7.768023	-8.123497	-2.450942	-7	-0.3803319	-0.6456006	37.50734	19.37458	7.538061
35.74	-8.946424	-8.123497	-8.1759	-7	1.156525	1.056135	-4.011097	-11.02236	0.969101
35.76	-5.583365	-6.757704	9.799377	-7	-0.08312452	-1.15875	53.91142	15.78679	8.829521
35.78	-8.044352	-7.850338	-3.352055	-7	1.125558	0.418019	-25.88562	5.26771	-11.41611
35.8	-7.106188	-7.782049	2.238537	-7	-0.1574011	-0.2617779	22.05634	22.13794	5.185618
35.82	-8.771112	-7.850338	-6.526137	-7	1.226939	1.602691	-29.2096	-8.106335	-2.513207
35.84	-6.940004	-7.850338	3.904398	-7	-0.3589289	-0.6577886	39.4855	5.313512	8.596228
35.86	-8.586376	-7.918628	-4.90437	-7	1.107921	0.9575754	-21.0284	-7.190304	-4.770997
35.88	-7.289164	-7.782049	2.469879	-7	0.1544954	0.06785655	22.2646	14.51962	6.788841
35.9	-8.380788	-7.850338	-3.336491	-7	1.151663	1.199305	-19.90656	-11.84679	-2.391146
35.92	-6.938179	-7.782049	4.715029	-7	-0.1491381	-0.5192656	28.52277	11.71046	5.348319
35.94	-9.364975	-8.874683	-7.678277	-7	0.8030729	0.7579836	-17.39997	-11.2361	-4.808886
35.96	-8.384111	-8.806395	-1.432724	-7	-0.09283394	-0.2343965	37.72452	9.313512	9.588051
35.98	-9.335309	-8.738104	-6.052751	-7	1.227783	0.952559	0.339529	-16.94603	1.0978
36	-6.610604	-7.850338	8.678667	-7	-0.0391674	-1.206261	54.15552	-13.08343	7.635485
36.02	-8.75426	-8.738104	-2.685697	-7	0.9768631	0.09531456	-12.17926	6.046336	-9.253115
36.04	-8.281393	-8.806395	0.5034401	-7	0.104481	-0.1312238	23.48002	4.977633	4.988905
36.06	-7.974715	-7.4406	1.488214	-7	1.266233	1.230921	-14.25308	13.69519	0.2697315
36.08	-7.2824	-7.4406	4.818745	-7	0.9111425	1.078529	-12.45619	-14.91549	1.110693
36.1	-9.477659	-8.464945	-6.67814	-7	1.703698	2.897934	-54.62487	16.96237	-2.339771
36.12	-8.552159	-8.533236	-0.9857429	-7	0.6082796	1.586054	3.025116	-8.28954	10.90553
36.14	-9.137643	-8.464945	-3.897528	-7	1.38189	1.861598	-17.76547	3.924199	2.733012
36.16	-8.159114	-8.464945	1.757603	-7	0.6996958	0.7225064	13.70818	-6.94603	6.695971
36.18	-8.875178	-8.464945	-2.000036	-7	1.413714	1.515585	-17.33759	16.93183	-0.2336712
36.2	-8.168056	-8.464945	2.08955	-7	0.7570505	0.8156647	6.754877	4.366947	4.973924
36.22	-8.978944	-8.396656	-2.271693	-7	1.533948	1.921611	-26.27493	13.52725	-0.1269979
36.24	-7.988696	-8.464945	3.325133	-7	0.5130931	0.594914	11.01077	-7.709388	5.741924
36.26	-9.098871	-8.396656	-2.756376	-7	1.507752	1.934073	-31.29597	6.183741	-1.490341
36.28	-7.007207	-7.50889	8.040321	-7	0.4857964	0.616589	8.627586	-2.136869	6.476707
36.3	-8.31504	-7.50889	0.2014618	-7	1.633969	2.274445	-54.96059	4.931832	-6.065423
36.32	-6.826498	-7.4406	7.826804	-7	-0.009702265	0.5649951	-3.275345	-6.472747	4.437057
36.34	-8.722927	-7.50889	-3.092569	-7	1.311303	2.528609	-65.01595	3.924199	-5.686815
36.36	-7.304634	-7.50889	4.386778	-7	-0.1204258	0.9338561	-4.069581	-18.36588	7.748392
36.38	-8.960746	-7.4406	-5.099759	-7	1.509432	2.928282	-63.01893	5.023436	-2.570211
36.4	-7.563094	-7.4406	2.416465	-7	0.4647613	1.710662	-10.27485	-21.72466	9.44401
36.42	-10.96858	-8.464945	-15.44509	-7	2.887883	5.230352	-91.77397	16.0616	-0.4254265
36.44	-8.667972	-8.464945	-1.855718	-7	1.257552	2.953282	8.002753	-11.0071	21.0957
36.46	-8.876165	-7.167441	-3.480628	-7	3.405864	4.602264	-61.25278	16.36695	3.392581
36.48	-7.769686	-8.533236	3.42025	-7	1.328799	1.855173	0.139637	-8.091067	8.421431
36.5	-7.921019	-7.235731	1.942631	-7	2.209886	2.821644	-46.44901	19.81733	-1.202316
36.52	-6.410063	-7.235731	9.652754	-7	0.5223379	0.7840146	-7.423927	3.771527	2.372448
36.54	-9.351233	-8.191787	-6.264724	-7	1.600885	2.908937	-72.4024	8.153207	-7.26227
36.56	-6.887838	-7.167441	6.684628	-7	-0.004229605	1.062488	3.52932	-17.15977	11.24827
36.58	-8.250525	-7.167441	-1.481042	-7	1.338843	2.28405	-57.25362	-5.26664	-5.101875
36.6	-7.746984	-8.464945	1.862817	-7	-0.6372444	-0.1082704	13.0041	-11.17504	5.611482
36.62	-9.737645	-8.533236	-8.646194	-7	0.8575341	1.644401	-30.82476	2.641756	-1.057263
36.64	-8.152197	-8.464945	0.4934239	-7	-0.1189427	0.0680477	33.05701	-13.03763	11.40851
36.66	-9.634933	-8.464945	-7.312521	-7	1.770772	2.095466	-27.15256	8.168474	-0.3779621
36.68	-7.689801	-8.464945	3.78517	-7	0.3862253	0.1402231	35.50671	-1.068167	10.30605
36.7	-9.592905	-8.533236	-6.325608	-7	2.209499	2.459269	-38.94668	4.718092	-3.375288
36.72	-7.609125	-8.533236	4.982976	-7	0.4360861	0.3209833	31.11147	11.17611	10.16709
36.74	-9.548429	-8.533236	-5.448095	-7	2.139116	2.461428	-42.70171	1.160841	-4.127852
36.76	-7.431403	-8.464945	6.400149	-7	0.1948601	0.07809913	31.63327	1.573054	9.641317
36.78	-10.02129	-8.464945	-7.706602	-7	2.506625	3.293484	-63.44691	-0.02999904	-5.445398
36.8	-6.703341	-7.50889	9.988024	-7	0.5260587	0.9463539	20.13649	0.183741	12.91366
36.82	-10.03173	-8.533236	-8.018155	-7	2.521384	3.566221	-78.67081	-1.770457	-8.390987
36.84	-6.507342	-7.50889	10.82554	-7	0.02025986	0.5769525	25.06054	-4.762824	13.85955
36.86	-9.828636	-8.396656	-7.335264	-7	2.052995	2.959275	-73.96431	-6.274274	-9.568027
36.88	-6.900611	-7.50889	8.262686	-7	0.0575971	0.8621413	15.02349	-4.167403	12.80049
36.9	-9.987594	-8.396656	-8.502031	-7	2.05548	3.243752	-72.70657	-6.45748	-6.737809
36.92	-8.021509	-8.533236	2.754998	-7	0.0536961	0.911788	20.52505	-4.045266	13.78944
36.94	-9.883831	-8.464945	-7.31878	-7	1.992328	2.814515	-46.92811	-10.71702	-1.560041
36.96	-7.794777	-8.464945	4.416843	-7	0.3567017	0.5880867	26.53686	-1.663587	11.59711
36.98	-7.728892	-7.167441	3.682566	-7	1.665926	1.661558	-31.62812	-2.45748	-3.277472
37	-6.761935	-7.167441	8.185245	-7	0.74813	1.093601	-19.71716	15.63412	0.08828545
37.02	-7.642782	-7.235731	2.63647	-7	0.9070213	1.784943	-50.76464	-9.449846	-5.134067
37.04	-7.068999	-7.167441	5.11911	-7	-0.09685562	0.8706452	-22.1298	7.420382	1.478444
37.06	-8.831375	-8.123497	-4.400945	-7	0.1972818	1.334291	-38.4221	-6.259007	-2.565712
37.08	-8.448166	-8.123497	-2.102789	-7	-0.2265613	0.7236497	1.046535	-9.281907	7.40118
37.1	-8.575544	-8.260077	-2.620832	-7	0.112268	0.3143904	5.102313	0.3058785	3.341005
37.12	-8.159764	-8.260077	-0.1760553	-7	0.09031293	-0.1450433	18.10009	-4.320075	3.75231
37.14	-8.09014	-8.123497	0.2165655	-7	0.4172896	0.02392579	9.355631	14.96237	0.8421278
37.16	-9.164275	-9.079553	-4.778617	-7	0.5740857	0.4813902	3.597009	8.84023	0.9312592
37.18	-9.403709	-9.147842	-5.185078	-7	0.8204458	0.8812195	12.604	10.26008	6.230264
37.2	-9.135956	-9.147842	-2.936161	-7	0.9808602	0.6275343	22.06546	-1.923129	6.464545
37.22	-8.93571	-9.079553	-1.2392	-7	1.211585	0.6009644	18.58533	3.206642	4.087131
37.24	-8.867294	-9.079553	-0.3344131	-7	1.31013	0.7446434	12.2542	12.8555	2.80741
37.26	-9.126823	-9.147842	-1.21255	-7	1.489684	1.227414	1.044071	9.893663	2.379354
37.28	-9.156504	-9.147842	-0.8684283	-7	1.491128	1.457741	-0.6340842	6.748626	3.90442
37.3	-8.086406	-8.191787	4.601982	-7	1.469391	1.360198	-2.54462	-0.7780908	3.77541
37.32	-7.917738	-8.123497	5.073917	-7	1.291517	1.248783	-18.15981	-0.09106776	-1.479284
37.34	-8.142112	-8.260077	3.549726	-7	0.8669824	1.223586	-22.9464	0.1379395	-1.347984
37.36	-7.434483	-7.235731	6.288099	-7	0.8135244	1.477582	-29.57694	-4.106335	0.189621
37.38	-8.523784	-8.464945	0.3374725	-7	0.2891581	1.055274	-29.26268	-15.69412	-2.41328
37.4	-8.700702	-8.464945	-0.6473175	-7	-0.02789065	0.757439	-9.668187	-10.01473	3.189501
37.42	-7.834899	-7.50889	3.237684	-7	0.2671489	0.6956846	-7.185213	-8.94603	3.16542
37.44	-7.218377	-7.4406	5.783336	-7	0.00439024	0.009216487	-4.870879	-3.449847	-0.8307467
37.46	-8.662852	-8.464945	-1.989866	-7	0.08526801	0.4687969	-20.01383	5.618855	-3.626185
37.48	-8.848573	-8.533236	-2.735547	-7	-0.0022735	0.6240325	-0.6389875	0.8860313	4.576658
37.5	-8.838786	-8.464945	-2.512352	-7	0.3769069	0.6466373	3.770153	-6.94603	4.443287
37.52	-8.087748	-8.464945	1.717162	-7	0.04040942	-0.3975441	25.17407	-1.144503	4.132149
37.54	-7.348913	-7.167441	4.746563	-7	0.8931551	0.5497478	-6.805095	11.35931	-0.9466209
37.56	-6.929602	-7.167441	6.267398	-7	0.6265379	0.6402574	-17.05039	9.832595	-2.465062
37.58	-7.338916	-7.167441	3.358008	-7	0.5743312	1.166648	-35.04333	-1.129236	-3.682552
37.6	-8.569022	-8.464945	-2.85109	-7	-0.08590402	0.7804282	-19.58921	-6.106335	-0.2293539
37.62	-8.962885	-8.464945	-4.585434	-7	0.009585232	0.7652026	-2.45961	-17.32771	5.01942
37.64	-7.428655	-7.50889	3.330242	-7	-0.03921351	-0.1628673	20.47795	-7.220838	6.006787
37.66	-7.248085	-7.4406	3.757837	-7	0.2334618	-0.2803635	1.404748	2.672291	-2.773273
37.68	-8.448168	-8.464945	-2.358145	-7	0.1692862	0.214859	-7.326303	16.79443	-2.386823
37.7	-9.123595	-8.533236	-5.493326	-7	0.595893	1.195069	-7.467395	-4.152136	3.981565
37.72	-8.50692	-8.533236	-1.610014	-7	0.3753546	0.3994326	19.59467	-6.518548	7.205353
37.74	-8.315092	-8.464945	-0.2808172	-7	0.5768783	0.03300044	17.07623	0.8860313	2.310761
37.76	-6.930379	-7.167441	6.467652	-7	0.8037235	0.2369852	7.199021	14.35168	1.255953
37.78	-7.103051	-7.167441	4.824675	-7	0.9873396	0.902193	-25.50469	5.573054	-4.918954
37.8	-8.292847	-8.464945	-1.158625	-7	0.2224557	0.6980062	-17.84668	0.1226728	-1.963473
37.82	-8.987719	-8.533236	-4.471523	-7	0.2985812	1.01851	-9.245777	-13.44985	3.413404
37.84	-7.495193	-7.50889	3.242012	-7	0.1912039	0.2598801	13.80991	-13.49565	6.323494
37.86	-7.297913	-7.50889	3.819555	-7	0.3085503	-0.08866724	-0.7975936	3.573054	-2.272111
37.88	-7.164534	-7.50889	4.124486	-7	-0.02235985	-0.2244651	-1.946451	13.32878	-2.249588
37.9	-8.872288	-8.464945	-4.754865	-7	0.2996348	0.7720957	-20.80648	-6.961297	-2.649662
37.92	-8.43695	-8.396656	-1.937034	-7	-0.1148158	0.2459693	14.94943	-5.907861	6.909721
37.94	-8.818398	-8.533236	-3.617029	-7	0.4368228	0.3443733	8.001079	-10.61015	2.58194
37.96	-8.156219	-8.396656	0.2940704	-7	0.3143197	-0.1140647	24.0314	13.14557	4.710636
37.98	-6.892796	-7.099152	6.313941	-7	0.7140992	0.04516603	7.711362	4.73336	0.2646389
38	-7.043227	-7.167441	4.823602	-7	0.8355549	0.6887308	-22.00516	14.09214	-4.898173
38.02	-7.101983	-7.235731	4.029814	-7	0.3308523	0.7440023	-22.58325	-5.541449	-2.23101
38.04	-7.178145	-7.167441	3.082715	-7	-0.0309988	0.4978071	-20.07849	-12.90023	-1.645775
38.06	-8.292287	-8.464945	-2.467416	-7	-0.715847	-0.3797591	-0.7995486	-13.28191	-1.045645
38.08	-8.683106	-8.464945	-4.175716	-7	-0.572351	-0.4126578	15.08983	-5.251373	3.395368
38.1	-8.697315	-8.533236	-3.794861	-7	-0.1648482	-0.4028757	24.2538	-1.251373	4.425965
38.12	-7.020694	-7.167441	4.666273	-7	0.2757823	-0.4257964	24.68943	7.359313	3.818112
38.14	-7.066155	-7.235731	3.875138	-7	0.6602003	0.1075737	-7.368045	13.11504	-4.412292
38.16	-7.955889	-8.123497	-0.630237	-7	0.2812616	0.3757338	-10.0486	11.13031	-2.230805
38.18	-8.422124	-8.123497	-2.846526	-7	0.3664275	0.8082883	-7.030012	5.282977	2.236049
38.2	-8.358634	-8.191787	-2.137997	-7	0.3733398	0.6004056	4.893224	-12.65595	4.317569
38.22	-8.080252	-8.123497	-0.3976261	-7	0.4087004	0.2345748	11.20005	-6.289541	3.173788
38.24	-7.999777	-8.123497	0.207284	-7	0.4856358	0.1532342	8.718293	5.252444	1.271052
38.26	-8.090874	-8.191787	-0.08236587	-7	0.5315081	0.2807972	5.025326	8.336412	0.8594532
38.28	-8.234131	-8.191787	-0.6592327	-7	0.6629095	0.5982745	0.1233143	6.290611	1.367234
38.3	-8.150991	-8.123497	-0.05655199	-7	0.6948544	0.7019738	0.1333765	-0.4880144	2.221055
38.32	-8.317805	-8.328366	-0.6775144	-7	0.6623546	0.653657	-0.01734102	-0.4727472	1.684052
38.34	-8.068434	-8.123497	0.7572998	-7	0.6129991	0.5523667	2.984046	0.5501534	2.351668
38.36	-8.063174	-8.123497	0.8220378	-7	0.6170974	0.521058	-0.6974467	-0.3964114	0.8448734
38.38	-8.070856	-8.123497	0.8116754	-7	0.5565456	0.5416957	-1.831652	0.2295426	0.9630184
38.4	-8.165134	-8.123497	0.3229396	-7	0.5754204	0.6611803	-4.54091	0.04633686	1.022672
38.42	-8.128492	-8.123497	0.5499753	-7	0.5022211	0.6016846	-2.295148	0.0158025	1.626938
38.44	-8.187795	-8.123497	0.2391183	-7	0.5379037	0.6462046	-3.939241	-0.09106776	1.29867
38.46	-8.227816	-8.191787	0.09485865	-7	0.5024853	0.6152291	-2.262248	0.0005348892	1.682599
38.48	-8.278517	-8.191787	-0.1183406	-7	0.5571101	0.6751747	-2.832237	0.183741	1.755085
38.5	-8.262085	-8.191787	0.03659487	-7	0.5845451	0.6957802	-2.200603	-0.0605334	2.01112
38.52	-8.168967	-8.123497	0.5450866	-7	0.6078593	0.6873506	-2.366876	-0.0605334	1.853806
38.54	-8.060199	-8.055207	1.07714	-7	0.5921007	0.6502734	-3.302994	0.06160403	1.377703
38.56	-8.204687	-8.191787	0.3398668	-7	0.5463037	0.6436789	-4.758651	-0.02999904	0.8928242
38.58	-8.247473	-8.191787	0.1542779	-7	0.5199491	0.666721	-3.473386	-0.01473186	1.672335
38.6	-8.275553	-8.191787	0.04191849	-7	0.5509462	0.6913521	-3.302052	-0.02999904	1.797855
38.62	-8.17956	-8.123497	0.5488259	7	0.5654497	0.675572	66.11524	0.09213839	20.4995
38.64	-8.149323	-8.123497	0.6930058	7	1.934461	0.6415433	76.90836	-0.02999904	16.79112
38.66	-7.290337	-8.123497	5.532283	7	2.595119	0.3763459	93.24922	4.73336	16.38632
38.68	-7.149671	-8.191787	6.534738	7	3.343868	0.7243788	80.23431	16.58069	11.13663
38.7	-6.835099	-8.123497	8.502365	7	3.579883	1.034404	75.06125	23.02343	10.96642
38.72	-8.280162	-9.147842	1.739707	7	4.036458	2.004066	55.63235	26.1074	9.420482
38.74	-8.359918	-9.147842	2.435725	7	4.228898	2.509081	68.0895	24.0158	17.16469
38.76	-7.556907	-8.191787	7.043597	7	4.981944	3.130117	56.49022	14.8555	16.22771
38.78	-6.784491	-8.123497	11.40941	7	4.751495	2.638901	54.67251	24.56542	12.53043
38.8	-7.308012	-8.055207	8.596095	7	5.125087	3.627154	21.70059	23.17611	8.421451
38.82	-8.007871	-8.533236	5.336155	7	5.023028	4.321019	16.636	20.0616	12.72678
38.84	-7.200293	-7.50889	9.422014	7	5.202293	4.691668	16.004	-9.465114	16.20836
38.86	-7.145545	-7.850338	9.670469	7	4.884443	4.149225	15.06282	5.16084	12.26987
38.88	-7.519871	-8.191787	7.803095	7	4.537982	3.86121	17.71187	9.237176	12.0073
38.9	-7.094	-7.167441	9.458884	7	5.025942	4.732985	3.265135	5.359313	13.65853
38.92	-7.445326	-7.850338	7.571807	7	4.762849	4.534059	4.469426	-0.8849611	12.66248
38.94	-6.495025	-6.757704	11.87504	7	4.820251	4.624279	4.018035	-0.7780908	14.37889
38.96	-7.154996	-7.50889	8.089581	7	4.646312	4.490341	-4.838984	0.3211461	10.06552
38.98	-6.541389	-6.825994	10.74008	7	4.459417	4.447439	2.848774	0.7333595	14.03398
39	-7.337722	-7.50889	6.305869	7	4.440038	4.439325	-3.739703	-3.831526	10.93128
39.02	-6.571494	-6.757704	9.842638	7	4.374537	4.387434	7.498151	1.817329	15.46731
39.04	-5.72857	-6.416255	13.50465	7	4.016603	3.456001	13.31951	-1.098701	11.38362
39.06	-5.173149	-5.801648	15.12952	7	3.888373	3.325997	0.6655674	6.24481	7.308546
39.08	-6.643384	-6.484545	6.515529	7	4.230673	4.627544	-29.15424	-1.312442	5.971765
39.1	-6.199117	-6.143096	8.313112	7	3.911645	4.639033	-6.531897	-11.96893	15.5377
39.12	-5.572696	-5.801648	10.80367	7	3.764251	3.834618	2.387064	-15.92313	12.5549
39.14	-5.478896	-5.460199	10.21772	7	4.078717	4.22352	-13.00574	9.511986	9.499557
39.16	-5.035304	-5.050462	11.43442	7	4.076584	4.484868	-17.57355	-0.7170221	10.56385
39.18	-5.244986	-4.845592	9.131524	7	4.42451	5.293398	-37.39162	-3.419312	9.314847
39.2	-3.760562	-4.367564	15.8368	7	3.332239	3.709639	-4.83737	-3.327709	12.22316
39.22	-3.092752	-3.070061	17.01258	7	3.688369	4.052557	-38.19195	-2.259007	3.747764
39.24	-2.271795	-2.728612	19.11683	7	2.845607	3.505146	-36.97869	-0.2284728	3.628489
39.26	-2.712163	-2.728612	14.55474	7	2.441185	3.493933	-50.35711	-1.144503	0.8275261
39.28	-3.026324	-2.455454	10.82154	7	2.393415	4.110724	-54.16639	-19.03763	5.230247
39.3	-1.017024	-1.02137	18.86502	7	1.79353	3.011366	-28.94432	-18.51855	8.49005
39.32	-0.82831	-1.02137	17.17992	7	1.41216	2.144067	-39.78992	-28.94603	-1.214604
39.34	-1.207998	-1.08966	12.8362	7	1.079675	2.264325	-42.38844	-2.381144	0.1784744
39.36	-1.422894	-1.02137	9.693727	7	0.9633413	2.353631	-34.71759	-6.45748	3.856692
39.38	0.912807	1.300479	18.87652	7	1.241155	2.361808	-31.75526	-22.03	6.016971
39.4	1.416545	1.300479	18.48816	7	0.9365311	1.780637	-48.53749	-13.72466	-3.751098
39.42	1.126515	1.300479	14.21646	7	0.5355344	1.960016	-56.92701	-3.678854	-3.416376
39.44	0.7015872	1.300479	9.630863	7	0.3686749	2.23674	-54.26472	-3.556717	0.3478928
39.46	1.006743	1.36877	9.30699	7	-0.03534204	1.49652	-29.0851	-24.15214	4.044341
39.48	1.442107	1.300479	9.915551	7	-0.5317683	0.08079606	-2.578175	-16.21321	2.632483
39.5	2.327409	2.256536	12.36553	7	-0.342568	-0.2020958	-1.994532	-6.060533	0.3020592
39.52	3.317707	3.485749	14.77518	7	0.2116483	0.5723115	-25.87359	4.611221	-2.622384
39.54	2.746818	2.597983	9.886354	7	-0.2398402	0.4142863	-29.21452	-2.869694	-4.45866
39.56	2.489654	2.529693	7.020872	7	-0.5961804	0.1899683	-14.79222	-6.45748	-0.122468
39.58	3.350367	3.895488	9.377287	7	0.02407956	0.85984	-22.29871	-12.94603	1.540334
39.6	4.306425	3.827197	12.63948	7	-0.6747206	-0.4807388	-3.252737	-12.24374	-0.833766
39.62	5.608602	5.124701	16.84634	7	-0.8839829	-1.027717	-9.892754	2.504352	-5.445718
39.64	6.69462	6.422206	19.1806	7	-0.9088262	-0.6742759	-36.33342	-0.0605334	-9.916731
39.66	6.048465	5.466149	13.31707	7	-2.005624	-1.418442	-33.95733	-5.633052	-11.80849
39.68	5.585086	5.739308	8.514116	7	-2.272027	-1.237382	-28.73189	-14.06053	-7.052153
39.7	5.506167	5.739308	6.162566	7	-2.393311	-1.487001	-11.68515	-22.67122	-3.285254
39.72	5.798013	6.012467	5.900125	7	-2.199455	-1.695924	-0.3655901	-33.55671	-2.307917
39.74	7.600387	7.241681	13.12881	7	-2.28161	-2.504005	14.04484	-27.49565	-2.99861
39.76	8.126101	7.583131	13.38182	7	-2.304353	-2.817637	-2.758965	6.473817	-11.25278
39.78	8.144647	7.856288	11.05744	7	-2.416186	-2.372619	-16.18549	7.313512	-11.35641
39.8	7.921127	8.129447	7.613495	7	-2.280128	-1.599617	-27.52568	2.260077	-9.112589
39.82	7.544317	7.787999	4.016723	7	-2.42193	-1.539993	-18.93026	-4.930762	-5.798833
39.84	7.910575	8.061158	4.485602	7	-2.486437	-1.926863	-2.068586	-11.49565	-3.145493
39.86	8.484488	8.744054	5.75236	7	-2.046126	-1.732098	-7.034587	-13.0529	-4.761144
39.88	9.082373	9.017213	7.241028	7	-2.065314	-1.894248	-7.071438	-10.67122	-6.123198
39.9	8.440368	8.197738	2.859587	7	-2.4246	-2.346033	-2.393655	10.36695	-7.985046
39.92	8.525231	8.744054	2.161556	7	-2.137049	-1.866357	-1.154269	19.0387	-4.273788
39.94	8.953684	9.290372	3.143203	7	-1.654217	-1.331626	-8.001063	6.35168	-3.893633
39.96	9.115809	9.085504	3.084485	7	-1.762442	-1.578127	-4.200749	-1.694121	-4.763639
39.98	9.067971	9.085504	2.006407	7	-1.765151	-1.614749	-3.94466	-1.144503	-5.132039
40	9.617164	9.63182	3.873253	7	-1.713312	-1.600626	-2.646588	3.008168	-4.308578
40.02	9.619452	9.63182	2.913495	7	-1.667799	-1.540603	-9.289454	2.000535	-6.426208
40.04	8.78273	8.744054	-1.737856	7	-1.944054	-1.723867	-1.954088	2.733359	-5.425577
40.06	8.414469	8.675765	-3.730572	7	-1.753219	-1.523879	8.066584	2.519619	-1.371228
40.08	9.508389	9.63182	1.515466	7	-1.384309	-1.530336	14.89347	-0.1063349	0.113698
40.1	9.78664	9.63182	2.399132	7	-1.204571	-1.608349	3.813793	7.084505	-5.348931
40.12	9.124928	9.017213	-1.217864	7	-1.290538	-1.400455	-1.714463	14.77916	-5.805957
40.14	8.733157	8.948924	-3.24343	7	-1.141473	-0.9446547	-0.06998014	9.817327	-2.094912
40.16	8.646795	9.017213	-3.605012	7	-0.7781984	-0.5290582	0.06857586	1.527253	-0.1739626
40.18	10.07103	10.04156	3.451857	7	-0.7083303	-0.8229114	6.466877	-3.480381	0.2568007
40.2	9.404321	9.222083	-0.2085916	7	-0.8088495	-1.014563	-8.317667	3.86313	-6.973991
40.22	9.307836	9.358663	-0.8168166	7	-0.9308619	-0.7248356	-5.818022	15.75626	-2.798313
40.24	8.382144	8.812345	-5.464482	7	-0.6654198	-0.1952612	-12.39274	2.672291	-2.371795
40.26	8.778368	8.812345	-2.898114	7	-0.9394321	-0.7630044	12.92996	-9.862061	2.538036
40.28	8.547222	8.744054	-3.824978	7	-0.5359113	-0.6785293	6.109029	-12.61015	-1.049118
40.3	8.902061	8.744054	-1.554642	7	-0.640763	-0.9616767	15.97701	-10.13687	0.3087082
40.32	9.248444	8.675765	0.58165	7	-0.9991452	-1.815166	25.26462	13.29824	-2.264901
40.34	8.917535	9.017213	-1.31336	7	-0.4036458	-0.8117525	-0.9221168	20.1074	-4.748658
40.36	7.805777	8.129447	-6.56534	7	-0.2027666	0.07886526	-8.440866	11.66466	-1.63287
40.38	7.81846	8.129447	-5.70485	7	-0.1371804	0.1740771	6.563145	2.870764	3.989408
40.4	7.971505	8.197738	-4.259704	7	0.1629568	0.1169164	8.095033	-2.839159	2.671555
40.42	8.266301	8.129447	-2.075572	7	0.1062641	-0.2432225	12.97052	-5.26664	1.414515
40.44	8.471447	8.129447	-0.526552	7	-0.06405917	-0.6389728	13.89138	15.86313	-0.7776012
40.46	9.015342	9.085504	2.019241	7	0.356108	0.1150564	-7.625628	22.36695	-2.232124
40.48	8.867628	9.017213	0.9720881	7	0.4080634	0.7182244	-26.51329	12.61122	-3.706291
40.5	7.901432	8.266026	-3.843781	7	0.2140142	1.075517	-30.50848	2.641756	-1.874735
40.52	8.659724	9.017213	0.08423483	7	0.04767537	0.8676564	-16.0012	-9.251373	3.009371
40.54	8.459633	8.744054	-1.048796	7	0.04597744	0.6017407	-21.5326	-15.9842	-1.513355
40.56	8.745636	8.744054	0.4573755	7	-0.37269	0.0333451	-8.989148	-17.12923	-0.1797295
40.58	10.3137	10.10985	7.727458	7	-0.5879835	-0.5980766	-7.128769	5.221909	-2.293507
40.6	9.225682	9.358663	1.223218	7	-0.5431217	-0.1420939	-37.31897	9.863129	-9.707314
40.62	8.836715	9.290372	-1.205116	7	-0.7672484	0.3746623	-31.28842	1.817329	-2.195
40.64	8.747426	9.358663	-2.006179	7	-0.6953125	0.4070017	-25.39988	-6.56435	-0.2579575
40.66	9.034064	9.290372	-0.6696119	7	-0.9017259	-0.2255301	-10.20618	-14.76282	0.1738424
40.68	8.976908	9.290372	-1.224423	7	-0.7505999	-0.3027081	-12.03965	-16.41168	-1.905119
40.7	10.0767	9.973269	4.0005	7	-1.001977	-0.8880078	-1.08175	-11.84679	-1.320309
40.72	9.351872	9.222083	-0.1127206	7	-1.186009	-1.187989	-10.19899	9.588322	-7.075697
40.74	9.170265	9.358663	-1.302245	7	-1.189008	-0.8306583	-7.239037	8.443283	-2.776022
40.76	8.769968	9.358663	-3.596939	7	-0.7049024	-0.09698933	-16.14803	1.939466	-1.820615
40.78	8.867063	9.222083	-2.954036	7	-0.6659315	-0.1173618	-6.294631	-7.892594	0.8526087
40.8	9.273948	9.290372	-0.7315663	7	-0.7837517	-0.7020363	3.865022	-8.274274	-0.1871481
40.82	9.542842	9.358663	0.6101911	7	-0.909392	-1.153473	5.658638	-3.800992	-2.811364
40.84	9.36271	9.358663	-0.4993038	7	-0.8109151	-0.9135015	-3.384133	13.67992	-4.234721
40.86	8.418632	8.744054	-5.186121	7	-0.6183035	-0.2759728	-10.44341	11.81733	-2.764047
40.88	8.374484	8.744054	-4.934864	7	-0.4999093	-0.07711247	0.8689585	2.916565	2.207991
40.9	8.483325	8.744054	-3.91459	7	-0.2612527	-0.1517924	4.410218	-4.854426	1.582515
40.92	8.715043	8.812345	-2.327146	7	-0.1106937	-0.1899351	4.344409	-5.739923	0.5845604
40.94	8.889479	8.744054	-1.061133	7	-0.2264868	-0.4733213	5.916426	8.886031	-0.8308964
40.96	8.562314	8.744054	-2.579795	7	0.04588009	0.06380368	-7.917275	14.68756	-2.062585
40.98	8.50304	8.744054	-2.598941	7	0.1143247	0.4261338	-9.816542	7.603588	0.149065
41	8.465182	8.744054	-2.528951	7	0.1926228	0.5722954	-12.0136	0.4127487	0.341548
41.02	8.702244	8.744054	-1.0125	7	-0.02154725	0.2056685	-5.423156	-3.068167	0.457283
41.04	8.597947	8.675765	-1.391788	7	-0.0714957	0.08530025	-8.179748	0.7028251	-1.286964
41.06	10.34815	10.38301	6.912517	7	-0.0001180544	0.1323261	-13.10169	0.6417564	-0.757637
41.08	10.23382	10.17814	5.304591	7	-0.1950476	0.1390433	-38.93622	0.2448102	-8.789391
41.1	9.221711	9.290372	-0.3336967	7	-0.9061016	0.0372228	-36.08505	-0.8086252	-6.321327
41.12	8.873686	9.358663	-2.413802	7	-1.096149	0.01973572	-23.59878	-3.617785	-1.195101
41.14	8.737427	9.358663	-3.30895	7	-0.8903697	0.04715177	-17.11933	-14.9613	0.1445961
41.16	9.021888	9.290372	-1.818807	7	-0.9448189	-0.4459613	-2.923458	-20.10633	0.7021408
41.18	9.501286	9.358663	0.6141223	7	-1.152817	-1.249905	8.461273	-4.411678	-1.411091
41.2	9.130043	9.290372	-1.546124	7	-0.8248947	-0.8464727	-5.664558	17.40511	-4.354939
41.22	9.931038	10.10985	2.131154	7	-0.654367	-0.4386182	-8.356857	11.74099	-1.601892
41.24	8.285342	8.675765	-6.250207	7	-0.5158787	0.03671882	-23.694	-1.297175	-5.144894
41.26	8.475662	8.744054	-4.648021	7	-0.7771657	-0.1937671	4.595848	-7.236105	3.779842
41.28	8.413015	8.675765	-4.525285	7	-0.4772212	-0.4323481	7.089647	-8.136868	1.021338
41.3	8.970503	8.812345	-1.190234	7	-0.5518811	-0.9083531	17.62181	-3.800992	0.9533319
41.32	8.845162	8.675765	-1.567945	7	-0.4446996	-0.9513996	9.847983	15.93946	-2.677582
41.34	8.467313	8.675765	-3.30143	7	-0.0789351	-0.1253866	-3.939149	15.11504	-1.861222
41.36	8.394355	8.744054	-3.368589	7	0.1825023	0.4910161	-9.106607	7.527252	0.5857792
41.38	8.40858	8.675765	-2.911057	7	0.2510346	0.5931945	-9.285504	-0.09106776	1.016179
41.4	8.611414	8.675765	-1.496081	7	0.1059548	0.291218	-4.715286	-3.739923	0.6898117
41.42	8.75734	8.744054	-0.5473517	7	-0.01790312	0.03778962	-4.956172	-1.007098	-0.8305025
41.44	8.66415	8.812345	-0.9992247	7	0.03753045	0.2494382	-12.68665	4.214275	-1.714358
41.46	8.549724	8.675765	-1.450094	7	-0.1007047	0.2408216	-11.64623	3.75626	-0.898612
41.48	9.93171	10.10985	5.048917	7	0.02546737	0.3498645	-16.75807	0.2142754	-0.4961405
41.5	9.205069	9.290372	0.8075218	7	-0.191139	0.3119338	-34.18887	-2.625419	-6.727394
41.52	9.229865	9.358663	0.6637244	7	-0.6995199	0.1013917	-22.3253	0.3364128	-1.953515
41.54	8.915327	9.358663	-1.352348	7	-0.6387325	0.1841204	-25.29618	-1.434579	-2.522662
41.56	8.810809	9.290372	-2.082166	7	-0.6103917	0.2633786	-20.5026	-4.717022	-0.5123711
41.58	8.032331	8.470897	-5.785644	7	-0.6370333	0.1095311	-12.44292	-11.1445	-0.06821442
41.6	9.020678	9.290372	-0.5816573	7	-0.5600734	-0.2094628	3.755124	-12.62542	3.239818
41.62	9.461244	9.358663	1.518419	7	-0.5646973	-0.7416062	0.2350612	-3.953663	-2.538303
41.64	9.275618	9.290372	0.290991	7	-0.5332564	-0.4969633	-11.08916	11.17611	-4.465152
41.66	10.03606	10.17814	3.56641	7	-0.4810568	-0.1552067	-17.44791	10.32114	-2.808578
41.68	8.506825	8.744054	-4.364619	7	-0.6629032	-0.03105758	-26.93764	4.519619	-5.860456
41.7	8.194966	8.744054	-5.62323	7	-0.6749743	0.2421828	-10.24286	-2.946029	2.25979
41.72	8.222982	8.744054	-5.084621	7	-0.3705983	0.1620531	-2.077935	-9.846793	2.798855
41.74	8.554925	8.744054	-2.929471	7	-0.251771	-0.1484292	5.570608	-13.34298	2.05025
41.76	9.083989	8.675765	0.2365122	7	-0.6268164	-1.128216	18.75461	4.061604	-0.2683792
41.78	8.48943	8.744054	-2.861972	7	-0.01621169	-0.1689817	-8.546862	23.64939	-3.915979
41.8	8.573898	8.812345	-2.179162	7	0.0488005	0.3634615	-8.550515	15.8784	0.4663229
41.82	8.367593	8.812345	-3.088198	7	0.3394505	0.8385164	-18.44407	3.878398	-0.1234293
41.84	8.460188	8.675765	-2.24529	7	0.1751898	0.6653614	-11.62566	-8.900228	1.311457
41.86	8.551609	8.744054	-1.559898	7	0.1374558	0.4865549	-11.18511	-12.61015	0.2396631
41.88	8.998452	8.744054	0.9711838	7	-0.3687616	-0.3861087	1.98014	-4.304808	-0.3997383
41.9	8.600175	8.675765	-1.158695	7	-0.2681242	-0.2221744	-10.05109	10.21427	-3.505418
41.92	10.34574	10.51959	6.949869	7	-0.06262919	0.223693	-17.48919	4.672291	-0.8751383
41.94	9.952459	10.10985	3.879426	7	-0.1238332	0.4768565	-46.01678	-1.770457	-8.620342
41.96	9.07883	9.290372	-0.9731119	7	-0.8176886	0.356359	-37.95474	-4.442213	-4.585912
41.98	8.704937	9.222083	-3.075249	7	-1.023492	0.1457434	-23.09298	-8.243739	-0.4451571
42	8.758755	9.290372	-2.904409	7	-0.9053658	-0.06541179	-12.18677	-15.72466	0.8317089
42.02	8.938269	9.222083	-1.980169	7	-0.8474015	-0.4258972	-3.502736	-17.81626	0.1525755
42.04	9.503705	9.358663	0.8987106	7	-1.062402	-1.154324	8.028037	-11.55672	-1.140577
42.06	9.650913	9.358663	1.434265	7	-1.215185	-1.600408	7.307261	18.24481	-4.526117
42.08	8.37249	8.744054	-5.227572	7	-0.7542841	-0.5494105	-12.64222	19.48145	-5.098481
42.1	7.976198	8.744054	-6.910639	7	-0.2466968	0.5490345	-11.35661	4.290611	2.377176
42.12	8.523201	8.744054	-3.461019	7	-0.2871579	-0.007336378	7.852906	-9.633053	4.138099
42.14	8.646307	8.675765	-2.407856	7	-0.1534093	-0.3466331	6.559877	-10.54908	0.04245758
42.16	9.105209	8.812345	0.2863021	7	-0.3676774	-0.7853841	11.66304	-1.816259	-0.7920675
42.18	8.795507	8.744054	-1.232224	7	-0.229589	-0.4933248	-2.243556	20.24481	-3.605532
42.2	9.727305	9.563531	3.359423	7	-0.3791733	-0.5066125	-0.73564	16.29061	-1.437255
42.22	9.047089	9.49524	-0.728965	7	0.1305702	0.5778551	-34.83963	2.290612	-6.059754
42.24	8.686515	8.812345	-2.346829	7	-0.4765288	0.3174715	-17.96041	-8.991831	-0.5566502
42.26	8.409184	8.812345	-3.631836	7	-0.4367422	0.2155482	-12.79554	-12.30481	0.1918659
42.28	8.518972	8.675765	-2.732	7	-0.5682164	-0.2479735	0.9414427	-12.85443	1.247951
42.3	8.833587	8.744054	-0.8794848	7	-0.6757058	-0.8188697	9.517684	-6.823892	-0.2026815
42.32	8.618802	8.675765	-1.906253	7	-0.4631302	-0.617532	1.154399	16.24481	-2.364109
42.34	8.706543	8.744054	-1.308515	7	-0.4247443	-0.4509364	1.438767	16.13794	-0.9182653
42.36	8.338732	8.744054	-3.172342	7	0.01642197	0.3015896	-13.28492	3.603588	-1.469436
42.38	8.55024	8.744054	-1.812242	7	-0.05748369	0.3080312	-6.777418	-6.228472	1.114242
42.4	8.655782	8.675765	-1.055252	7	-0.1945213	-0.07507101	-3.384521	-7.26664	-0.4557066
42.42	8.898235	8.812345	0.2623106	7	-0.3572926	-0.3816592	-1.040822	-0.7780908	-1.319468
42.44	10.13134	10.17814	5.836463	7	-0.1590987	-0.1216008	-14.09725	2.305879	-2.722401
42.46	10.10344	9.973269	4.824665	7	-0.4756361	-0.2015757	-30.40792	-1.419312	-7.712313
42.48	8.568894	8.744054	-3.289464	7	-0.9649413	-0.103132	-31.28372	-0.07580101	-6.249117
42.5	8.358843	8.812345	-4.241339	7	-1.142785	-0.2003281	-8.604328	-1.663587	1.555993
42.52	7.986369	8.675765	-5.994075	7	-0.6245442	0.04280783	-7.070897	-4.961297	1.433545
42.54	8.603833	8.812345	-2.431081	7	-0.565447	-0.3675717	9.455051	-13.86206	3.203121
42.56	8.797437	8.744054	-1.213441	7	-0.4681418	-0.7448174	8.670257	-14.56435	-0.9253845
42.58	9.181812	8.744054	0.9825895	7	-0.7982465	-1.354058	16.35652	10.19901	-2.001279
42.6	8.481021	8.744054	-2.768721	7	-0.2229843	-0.3063998	-10.01222	27.90893	-4.49904
42.62	9.385098	9.63182	1.654289	7	-0.07090327	0.2643306	-10.98865	13.80206	0.4425154
42.64	9.374527	9.63182	1.142532	7	0.05293208	0.5086266	-28.08509	-3.205571	-3.854387
42.66	9.500872	9.563531	1.51012	7	-0.3927613	0.2360039	-23.65181	-7.785724	-2.658974
42.68	8.619629	8.880633	-3.082514	7	-0.6317531	0.09585202	-23.25142	-10.88496	-3.373622
42.7	8.408215	8.675765	-3.877647	7	-0.8682747	-0.2334996	-4.468186	-13.03763	1.026006
42.72	8.612265	8.744054	-2.567819	7	-0.8565434	-0.7291171	8.053908	-8.259007	0.9635725
42.74	8.584169	8.744054	-2.563918	7	-0.5620005	-0.6357237	4.662719	4.519619	-0.8245134
42.76	9.50486	9.563531	1.969286	7	-0.3360245	-0.4434315	0.8131235	8.611222	-0.5811949
42.78	9.673466	9.70011	2.348486	7	-0.2238996	-0.1893976	-17.07019	8.977633	-4.832884
42.8	8.007508	8.129447	-5.888172	7	-0.5804303	-0.06683568	-18.64043	4.641757	-4.479149
42.82	7.684558	8.129447	-6.862376	7	-0.5860237	0.0557933	1.845868	0.3364128	3.643625
42.84	10.17544	10.4513	5.490511	7	-0.04760101	-0.02678135	3.897195	-3.831526	3.818915
42.86	9.779949	9.63182	2.864125	7	-0.08011146	-0.1786006	-25.24115	-5.938396	-8.338314
42.88	9.996906	9.63182	3.649547	7	-0.9347152	-0.6823201	-13.63228	9.069238	-4.585711
42.9	9.520607	9.904979	0.39623	7	-0.727379	-0.0731889	-32.15585	16.1074	-6.124352
42.92	8.853969	9.49524	-3.354892	7	-0.6758022	0.5067138	-33.1593	-4.762824	-2.265854
42.94	8.358	8.744054	-5.518123	7	-1.010094	-0.07987653	-9.163693	-14.24374	1.36195
42.96	8.19928	8.675765	-5.89687	7	-0.7592787	-0.278683	2.888827	-15.28191	2.398461
42.98	8.439408	8.744054	-4.194025	7	-0.4313732	-0.3454562	9.159937	-18.24374	2.365225
43	8.935104	8.675765	-1.118733	7	-0.5870445	-1.060034	20.41297	-16.22847	0.5929604
43.02	9.307311	8.675765	1.118966	7	-0.9148309	-1.860513	25.98378	24.44328	-2.817439
43.04	9.681589	9.563531	2.578187	7	-0.4653734	-1.069777	1.390716	36.21427	-5.23035
43.06	7.624341	8.197738	-7.876374	7	0.04526395	0.566946	-29.35023	15.43565	-5.553121
43.08	7.89187	8.129447	-5.521581	7	-0.3913309	0.2516552	7.437158	-4.686488	6.182839
43.1	9.552228	9.563531	2.987218	7	-0.1361826	-0.4018402	11.23407	-23.51091	2.357828
43.12	9.458893	8.812345	2.501096	7	-0.6366148	-1.333052	5.895716	-33.75519	-6.073487
43.14	9.328556	8.744054	1.780034	7	-1.184372	-1.731129	9.937696	-12.65595	-5.441166
43.16	8.429452	8.744054	-3.132032	7	-0.6835964	-0.5795512	-11.61983	27.51198	-5.034852
43.18	9.429313	9.70011	1.686691	7	-0.5303252	-0.1514688	-6.488308	14.61122	0.7652979
43.2	7.501745	8.197738	-8.12155	7	-0.03249711	0.7285018	-31.07716	-6.884961	-4.225391
43.22	9.684317	9.63182	3.344899	7	-0.6137227	-0.2147112	11.76325	-29.95366	6.587757
43.24	9.073131	8.812345	0.0332464	7	-0.6979907	-1.07613	-3.389624	-31.03763	-6.613118
43.26	9.42168	8.675765	2.03403	7	-1.617599	-2.16018	23.07989	-16.90023	-2.7411
43.28	8.517474	8.197738	-2.580111	7	-1.611938	-2.279813	17.87952	17.06924	-6.02586
43.3	8.302774	8.197738	-3.400907	7	-1.46348	-1.944467	25.40559	14.53488	-1.277741
43.32	9.862105	9.973269	4.016043	7	-0.6961561	-1.203061	12.6895	4.824962	-0.7278957
43.34	8.605272	8.539186	-2.552306	7	-0.5956075	-0.8101755	-10.00923	-2.503282	-7.387323
43.36	8.860833	8.470897	-0.7961533	7	-1.286997	-1.450072	18.65934	5.679924	0.05724239
43.38	9.263773	9.290372	0.9304413	7	-0.8476077	-1.220831	6.832066	9.527253	-2.990936
43.4	7.835749	7.856288	-6.024187	7	-0.8481979	-0.9231856	1.191011	0.5654205	-4.137275
43.42	7.693052	7.787999	-5.945924	7	-0.8579147	-0.9019428	21.70617	-2.839159	3.002283
43.44	7.797608	7.856288	-4.709781	7	-0.4677548	-0.9552616	25.95247	3.130306	2.182247
43.46	9.945045	9.563531	6.18925	7	-0.2351378	-1.185639	25.65955	14.8555	1.029118
43.48	8.45182	8.129447	-1.555523	7	-0.1667549	-0.8071738	-9.281241	18.87076	-9.575354
43.5	7.936907	8.129447	-3.861055	7	-0.2199048	0.1063947	-6.846089	10.9929	-0.4118977
43.52	7.758051	8.061158	-4.323742	7	-0.09815541	0.2236916	-1.45224	1.481451	1.801069
43.54	8.03905	8.197738	-2.452953	7	0.006450906	0.08632839	4.064505	-5.098701	2.141034
43.56	8.187025	8.197738	-1.376545	7	0.06673332	-0.04967436	2.584526	-8.182671	0.1901579
43.58	8.448358	8.129447	0.2961054	7	-0.261358	-0.5994241	9.483399	7.191374	-0.6982079
43.6	7.919175	8.129447	-2.40585	7	0.1201019	0.1164955	-9.483313	12.8555	-2.620799
43.62	7.896074	8.129447	-2.265382	7	0.1563872	0.4954718	-8.124032	3.634123	0.9639292
43.64	9.016544	9.085504	3.279777	7	0.1708713	0.3283437	-7.510848	-0.7780908	0.8372555
43.66	8.676096	8.675765	1.204447	7	0.04740133	0.2588517	-22.22362	-1.388778	-4.648607
43.68	8.612906	8.675765	0.6816808	7	-0.3036388	0.2130126	-18.54282	4.626489	-2.048961
43.7	7.422552	7.856288	-5.315266	7	-0.2899407	0.4679355	-21.37939	1.099771	-1.822701
43.72	7.395204	7.856288	-4.965425	7	-0.2808596	0.4322315	-2.537373	-4.762824	4.187662
43.74	7.547694	7.856288	-3.728591	7	-0.04786897	0.1670462	4.506525	-7.877327	3.100842
43.76	7.82459	7.924579	-1.921726	7	0.117603	0.04076271	5.868196	-10.18267	1.72632
43.78	8.358667	7.924579	1.195329	7	-0.260286	-0.7719454	16.2681	15.42038	0.03008175
43.8	7.814722	8.129447	-1.79388	7	0.3999223	0.3603946	-14.81765	22.0158	-3.460462
43.82	7.361482	7.856288	-3.87703	7	0.6022418	1.278673	-21.39612	10.9471	0.9605894
43.84	7.605082	7.924579	-2.228066	7	0.5061782	1.123274	-11.86886	-2.197938	3.395181
43.86	7.679128	7.856288	-1.550391	7	0.4433578	0.7855964	-9.775457	-10.91549	1.431731
43.88	9.325254	9.290372	6.446922	7	0.3822914	0.4897287	-10.41527	-12.59488	0.7398615
43.9	9.597766	9.222083	7.009227	7	-0.1044229	-0.09879288	-25.33548	12.0158	-7.155605
43.92	8.14556	8.470897	-1.109138	7	-0.2542352	0.6622311	-45.05917	15.28298	-7.313141
43.94	7.514542	8.470897	-4.581379	7	-0.1096759	1.56019	-40.54208	-0.02999904	1.319406
43.96	7.643491	8.470897	-3.848276	7	-0.00766778	1.394103	-25.13778	-17.63305	4.46029
43.98	8.707936	9.017213	1.491074	7	-0.08565789	0.5814716	-11.12039	-21.43458	3.067133
44	8.215891	8.197738	-1.036109	7	-0.3605223	-0.1178592	-11.4161	-21.29717	-2.834914
44.02	9.535974	9.017213	5.549637	7	-1.06673	-1.302813	13.02642	13.43565	-0.4056005
44.04	7.959754	8.197738	-3.035092	7	-0.6015263	-0.5446584	-19.84608	29.8784	-8.133379
44.06	7.457045	8.197738	-5.516911	7	-0.2370952	0.7193317	-17.84839	8.977633	1.715408
44.08	9.254245	9.83669	3.253124	7	0.2166562	0.9162046	-14.84612	-4.976564	4.131753
44.1	8.500602	8.744054	-0.8974576	7	0.1864053	0.7499831	-32.42509	-16.53381	-4.596796
44.12	8.402675	8.607476	-1.314628	7	-0.2476021	0.5537851	-19.07678	-21.28191	0.1873293
44.14	8.637877	8.675765	-0.08653016	7	-0.5818783	-0.1963746	-5.719844	-21.29717	-0.07892799
44.16	10.40791	10.10985	8.233737	7	-0.8310392	-0.9959854	0.5516214	-8.976563	-1.94904
44.18	10.25692	10.17814	6.095691	7	-0.7569421	-0.6919187	-31.8706	8.763894	-10.59387
44.2	8.610476	8.744054	-2.76861	7	-1.312429	-0.4316022	-31.56437	4.992901	-7.344725
44.22	8.189138	8.744054	-4.924324	7	-1.389658	-0.3464856	-9.981093	-1.465114	1.079933
44.24	8.383471	8.812345	-3.802238	7	-1.154695	-0.6937424	5.671279	-10.30481	2.16883
44.26	8.441689	8.675765	-3.309318	7	-0.834137	-0.8224419	9.282518	-13.90786	0.4219484
44.28	8.943869	8.744054	-0.4678422	7	-0.8959312	-1.308643	19.26199	-7.923128	-0.1199436
44.3	9.146639	8.675765	0.7048813	7	-1.061126	-1.839433	21.35115	22.45855	-3.295959
44.32	8.580016	8.675765	-2.312732	7	-0.5760034	-0.9020928	0.3533397	23.20664	-4.531065
44.34	9.324981	9.63182	1.186976	7	-0.1547892	0.03265542	-9.250938	14.30588	-0.5581541
44.36	7.63601	8.197738	-7.265498	7	0.1459915	0.8403379	-29.1277	-2.182671	-3.535083
44.38	9.860626	9.904979	4.224299	7	-0.256023	0.1957253	2.900207	-8.869694	5.73702
44.4	9.484008	9.563531	1.688574	7	-0.05954958	0.02473913	-26.3164	-11.12924	-7.003468
44.42	9.915535	9.563531	3.653984	7	-0.917865	-0.6573368	-10.1335	-9.648319	-3.297206
44.44	8.645462	8.744054	-3.076913	7	-1.085229	-0.7157915	-16.87354	-0.07580101	-6.178867
44.46	9.513396	9.70011	1.10159	7	-1.153763	-0.7342368	-0.7461133	-1.129236	0.6125431
44.48	9.257213	9.563531	-0.7069272	7	-0.8093003	-0.5228651	-14.96354	-3.358243	-4.293251
44.5	8.517382	8.675765	-4.294663	7	-1.027577	-0.5965281	-5.748058	-5.648319	-1.937787
44.52	8.611625	8.744054	-3.458447	7	-1.063631	-0.9147377	10.77162	-2.77809	1.148901
44.54	9.591254	9.63182	1.407126	7	-0.7489724	-1.009282	10.17362	1.939466	-0.3479261
44.56	9.033753	9.017213	-1.541245	7	-0.6061616	-0.788111	-4.953197	8.076871	-5.051304
44.58	7.958112	8.129447	-6.521102	7	-0.6693797	-0.434949	-1.235722	10.76389	-1.472313
44.6	7.826848	8.129447	-6.420977	7	-0.4871645	-0.3230817	12.56924	4.412749	3.339644
44.62	8.022879	8.197738	-4.693086	7	-0.1386012	-0.3591217	16.74548	-1.480381	2.833617
44.64	8.501871	8.197738	-1.525652	7	-0.2092825	-0.8781748	24.20674	2.962367	1.202749
44.66	8.383834	8.197738	-1.736363	7	0.0032368	-0.6543964	11.50236	22.9471	-2.060719
44.68	8.995238	9.017213	1.36523	7	0.3002684	0.04651392	-2.728305	18.32114	-1.126541
44.7	7.902512	8.129447	-4.025054	7	0.4087202	0.6922569	-21.5389	11.0387	-3.448042
44.72	7.746932	8.129447	-4.286097	7	0.331538	1.008305	-12.69814	-0.2590067	2.755727
44.74	8.576507	8.744054	0.201067	7	0.2925784	0.593804	-5.055641	-10.45748	2.725658
44.76	8.878528	8.812345	1.673495	7	0.1546846	0.1993137	-11.05298	-12.80862	-1.951529
44.78	8.901094	8.675765	1.69706	7	-0.2984677	-0.2324625	-9.703695	-8.686487	-3.153187
44.8	10.11612	10.24643	6.908099	7	-0.144558	0.1579864	-24.02605	13.28298	-3.341846
44.82	9.36984	9.426951	2.261798	7	-0.5029503	0.1539367	-39.60109	11.61885	-7.996634
44.84	8.873951	9.358663	-0.8443156	7	-0.72667	0.505473	-36.93451	-3.312442	-3.017501
44.86	7.544221	8.334317	-7.5755	7	-0.7028635	0.6888183	-29.35693	-13.72466	-0.2968388
44.88	10.32784	10.72446	6.142298	7	-0.6213201	0.1033924	-3.024824	-21.78572	5.943191
44.9	9.121129	9.017213	-0.495744	7	-0.8284436	-0.7250826	-21.53081	-25.93839	-8.786737
44.92	9.083964	9.017213	-0.7033025	7	-1.354721	-0.9855901	-1.277604	-26.45748	-1.607089
44.94	9.430626	9.085504	0.9962407	7	-1.766226	-2.038855	17.19828	-6.640686	-2.440632
44.96	8.743837	9.017213	-2.889348	7	-1.159615	-1.251558	-1.799043	14.27534	-5.047424
44.98	9.248943	9.290372	-0.3361526	7	-1.143551	-1.132471	8.608027	10.1074	-0.3647547
45	9.162069	9.358663	-1.047625	7	-0.7532907	-0.7701205	-4.007428	5.573054	-3.344363
45.02	9.24851	9.290372	-0.6545882	7	-0.7946147	-0.6997684	-2.167105	-1.144503	-2.065881
45.04	10.29905	10.24643	4.205327	7	-0.7814651	-0.8133429	-3.919966	-3.419312	-2.5548
45.06	8.87232	8.744054	-3.154493	7	-1.105451	-1.031494	-11.56627	0.07687078	-7.347404
45.08	8.658875	8.812345	-3.959768	7	-1.247255	-0.9396679	5.643872	2.199008	0.1171904
45.1	8.291526	8.675765	-5.539412	7	-0.8042843	-0.6643054	5.58203	-1.144503	0.1542549
45.12	8.640906	8.675765	-3.206055	7	-0.7253191	-0.907946	18.22162	-3.465114	1.853877
45.14	9.865219	9.63182	3.013264	7	-0.5544941	-1.186416	16.35963	7.771527	-0.8540745
45.16	11.08572	10.79274	8.285533	7	-0.3593133	-0.8988881	-10.04818	16.45855	-6.81859
45.18	8.2723	8.197738	-6.120668	7	-0.830226	-0.4937745	-30.05888	12.32115	-10.95665
45.2	7.642798	8.129447	-8.557616	7	-1.058029	-0.1515543	1.722961	5.282977	3.944678
45.22	7.326149	8.061158	-9.369574	7	-0.3640879	0.06082243	9.655991	-7.281907	5.01196
45.24	8.847193	9.017213	-0.9918581	7	0.02580477	-0.2167666	21.45888	-14.39641	5.767308
45.26	10.10087	9.63182	5.319378	7	0.02936199	-0.8218777	9.790983	-11.43458	-2.732996
45.28	8.939192	8.129447	-0.3513227	7	-0.7821367	-1.520946	4.590441	29.78679	-8.376682
45.3	8.800676	9.017213	-1.24311	7	-0.4551518	-0.3746706	-7.295794	32.62649	-2.672701
45.32	8.312683	9.017213	-3.892007	7	0.1572041	0.8628005	-25.98772	11.98527	-1.241374
45.34	7.593232	8.197738	-6.995893	7	0.1890032	1.148304	-19.27198	-21.51091	2.278278
45.36	8.78719	8.744054	-0.2600468	7	-0.2466126	-0.03696059	11.42298	-38.51855	5.150978
45.38	8.912582	8.675765	0.4823297	7	-0.2925339	-0.7195759	4.968796	-36.85442	-2.759632
45.4	10.08166	8.744054	6.713346	7	-1.642264	-2.840435	38.53203	2.504352	-3.166534
45.42	8.481094	8.744054	-2.302749	7	-0.6149949	-1.028202	-17.12705	23.81733	-10.97533
45.44	8.515393	8.744054	-2.053454	7	-0.7277214	-0.2390535	-5.146187	10.16847	0.370142
45.46	8.465265	8.744054	-2.293499	7	-0.5459501	-0.2504416	-4.521885	-2.930762	-0.429492
45.48	8.516047	8.812345	-2.003439	7	-0.322942	-0.03182276	-6.337102	-8.594884	-0.1881657
45.5	8.66249	8.744054	-1.121319	7	-0.3760248	-0.2195623	-2.354518	-12.33534	-0.3401775
45.52	9.104076	8.744054	1.288399	7	-0.8238802	-1.095936	10.70886	-10.09107	-1.36056
45.54	9.187819	8.812345	1.572074	7	-1.022826	-1.521237	9.470247	8.595955	-4.357388
45.56	8.655389	8.744054	-1.414558	7	-0.7608365	-0.8413524	-4.992604	22.45855	-4.649103
45.58	8.301089	8.744054	-3.291012	7	-0.4035924	0.0386281	-11.85579	11.57305	-1.085955
45.6	9.530691	9.63182	2.793606	7	-0.4332104	-0.1943548	-2.771574	-2.167404	1.109501
45.62	9.557209	9.63182	2.327674	7	-0.3354812	-0.1738363	-20.73884	-6.808625	-5.308389
45.64	8.58917	8.675765	-2.665367	7	-0.7194151	-0.1758571	-19.29085	-10.77809	-4.15921
45.66	8.79786	8.744054	-1.369771	7	-1.200653	-0.9069563	6.20442	-11.26664	0.568552
45.68	8.780793	8.744054	-1.437014	7	-1.152369	-1.32858	10.39426	-5.648319	-1.903519
45.7	9.608147	9.63182	2.390153	7	-0.8415071	-1.071228	4.798766	12.41275	-2.01862
45.72	10.59856	10.72446	6.344078	7	-0.4165734	-0.391494	-20.68578	12.70282	-5.544774
45.74	8.118266	8.197738	-6.323158	7	-0.9143195	-0.279581	-29.80536	5.450916	-8.435602
45.76	7.771861	8.197738	-7.387901	7	-1.178413	-0.33542	5.083509	0.1684743	4.267772
45.78	7.467529	8.129447	-8.303751	7	-0.4784318	-0.160725	9.652622	-3.75519	3.825719
45.8	7.918723	8.197738	-5.159884	7	-0.07093155	-0.1853646	19.05811	-9.907862	4.79625
45.82	8.398578	8.197738	-1.972631	7	0.01891825	-0.6203951	22.02819	-8.060533	1.579974
45.84	8.712958	8.129447	0.2196977	7	-0.2445303	-1.196617	24.01958	28.76389	-1.462422
45.86	8.904759	9.017213	0.9465733	7	0.4002423	0.01053789	-7.785733	31.42038	-3.588759
45.88	9.665414	9.973269	4.183052	7	0.7319754	1.136808	-33.01967	21.02343	-2.77591
45.9	9.694131	9.973269	3.58689	7	0.5008361	1.455998	-50.68696	3.817329	-4.875667
45.92	8.74047	9.017213	-1.513168	7	-0.2245059	1.092518	-44.94569	-9.358243	-3.707524
45.94	7.465595	8.197738	-7.742537	7	-0.4380012	1.05476	-30.94488	-21.15977	0.8189573
45.96	8.140851	8.744054	-3.870876	7	-0.4120128	0.5525599	-3.387914	-35.77046	6.28721
45.98	8.751666	8.744054	-0.4876407	7	-0.4943338	-0.5096522	8.386022	-39.0071	1.34333
46	10.87529	10.17814	9.836218	7	-0.9048419	-1.688889	16.42603	-25.41931	-2.451848
46.02	8.64994	8.675765	-2.270589	7	-0.6172953	-0.7155204	-30.69646	21.29824	-13.11167
46.04	8.744346	8.675765	-1.538429	7	-1.350484	-0.8317114	2.728388	24.18374	0.7520342
46.06	8.03398	8.744054	-5.350449	7	-0.5656582	-0.0563536	-13.19606	14.82496	-1.576587
46.08	8.260662	8.744054	-3.886427	7	-0.3344786	0.2271538	-3.255597	2.275344	2.973283
46.1	8.590285	8.744054	-1.903611	7	-0.2562565	-0.1380404	2.203419	-5.327709	1.202823
46.12	8.806663	8.744054	-0.5984484	7	-0.3008364	-0.4316624	2.88918	-8.213204	-0.8947983
46.14	9.040238	8.744054	0.7316518	7	-0.5823127	-0.8945854	6.889207	-3.068167	-2.156651
46.16	8.891081	8.675765	-0.04063129	7	-0.7067102	-1.003523	3.49127	23.17611	-3.65437
46.18	9.596858	9.63182	3.07639	7	-0.5057999	-0.5626251	-5.927737	21.05397	-2.767219
46.2	8.223995	8.812345	-4.302732	7	-0.02564615	0.6485999	-35.06753	7.725726	-5.465083
46.22	8.261553	8.744054	-3.778748	7	-0.2345351	0.785117	-15.91197	-6.213205	3.079508
46.24	8.398825	8.675765	-2.772835	7	-0.2835216	0.1932832	-5.12091	-13.89259	1.729116
46.26	8.783416	8.744054	-0.5687388	7	-0.4438927	-0.4273323	4.115826	-18.10633	0.3170919
46.28	9.362037	9.290372	2.170553	7	-0.38626	-0.5480063	-1.561108	-18.64068	-2.228986
46.3	10.07682	9.358663	5.56624	7	-1.143309	-1.672101	9.006316	12.0158	-4.68609
46.32	8.488588	8.675765	-3.056069	7	-0.8207739	-0.7240996	-20.4629	33.98526	-8.690208
46.34	7.915441	8.675765	-5.918037	7	-0.4544986	0.5312641	-18.68888	20.21428	1.018626
46.36	7.352502	8.675765	-8.595603	7	0.5639357	1.922106	-31.29527	-17.11397	3.811513
46.38	9.251901	9.290372	1.686706	7	0.04146396	0.516459	5.807021	-40.76282	7.239881
46.4	9.857622	9.222083	4.680235	7	-0.4931718	-1.10823	5.40261	-28.90023	-4.460296
46.42	10.859	9.290372	9.578815	7	-2.043133	-3.363797	31.62745	28.39748	-7.483646
46.44	10.51578	10.24643	6.228688	7	-1.57224	-2.256656	-12.93634	28.00053	-13.80986
46.46	7.849657	8.675765	-8.035116	7	-1.043349	0.04262269	-43.65182	8.657023	-8.804579
46.48	9.496021	10.17814	0.2138293	7	-1.059176	0.1984296	-7.700699	-36.80862	6.470573
46.5	9.30182	9.290372	-0.9210117	7	-1.247101	-1.094779	-2.217791	-44.53381	-3.295052
46.52	8.925212	8.402606	-2.394752	7	-1.987656	-2.373757	25.63884	-37.29718	-2.51147
46.54	10.41889	9.290372	5.326995	7	-2.693072	-4.189909	59.20516	15.23717	-2.377497
46.56	8.589384	8.675765	-4.608379	7	-1.523647	-2.511503	7.689533	29.09977	-11.57266
46.58	9.378278	9.563531	-0.6339419	7	-1.145675	-1.24238	13.58308	17.06924	0.5679388
46.6	8.041013	8.061158	-6.972971	7	-1.033792	-1.271969	9.576902	7.405115	-3.533914
46.62	10.04017	9.973269	3.27107	7	-0.8179294	-1.220791	23.63355	-3.449847	2.987974
46.64	8.461173	8.470897	-4.748576	7	-0.4644041	-0.8421903	-6.777542	-9.785725	-7.619049
46.66	8.831255	8.470897	-2.101526	7	-1.088224	-1.330826	24.22737	-10.45748	1.694909
46.68	9.773158	9.290372	2.734232	7	-1.109393	-2.039083	27.22308	5.740993	-2.240094
46.7	7.947348	7.856288	-6.32949	7	-0.8482531	-1.383197	4.824105	19.90893	-7.097454
46.72	8.619407	8.675765	-2.395567	7	-0.7344711	-0.9043398	20.57448	14.59595	2.904278
46.74	8.024162	8.197738	-5.035863	7	-0.2416072	-0.5400523	6.959579	5.252444	-1.516892
46.76	8.259174	8.197738	-3.136124	7	-0.2546271	-0.5320126	16.58688	-2.259007	1.88257
46.78	8.410171	8.129447	-1.780872	7	-0.308643	-0.922775	19.61418	8.168474	-0.2392492
46.8	8.498893	8.470897	-1.122338	7	0.02298811	-0.4233571	6.072715	14.82496	-1.56046
46.82	8.311357	8.402606	-1.870722	7	0.2061418	0.1437924	-5.475946	5.603588	-1.463825
46.84	7.605877	7.583131	-4.784266	7	-0.0608318	0.01383656	0.8238077	0.6112221	-0.1109552
46.86	8.315051	8.402606	-0.7955372	7	0.04840947	0.008678964	7.123151	1.221909	2.573908
46.88	8.556376	8.470897	0.5221488	7	0.1017271	-0.1281247	-0.9376307	-0.02999904	-1.49815
46.9	8.509806	8.402606	0.3173464	7	-0.04063584	-0.09901189	-6.259963	3.771527	-2.379219
46.92	7.471783	7.583131	-4.635159	7	-0.1573673	0.08472359	-8.660036	7.634122	-1.948658
46.94	7.304134	7.583131	-4.891518	7	-0.1161051	0.209424	3.33171	0.0005348892	3.068207
46.96	8.225792	8.402606	0.02630335	7	0.1753902	0.1515607	5.576866	-4.94603	2.925333
46.98	10.15423	9.904979	9.177021	-7	0.2334711	-0.1193072	-74.84151	1.069237	-20.46085
47	9.27151	9.017213	3.825059	-7	-1.484287	-0.02263537	-115.8752	10.09214	-25.83555
47.02	8.902441	9.904979	0.4969096	-7	-2.561052	0.6389972	-133.5183	10.09214	-19.22636
47.04	7.028899	8.948924	-10.13011	-7	-3.150668	1.120726	-140.9117	-1.64832	-15.72195
47.06	5.966964	8.129447	-15.56217	-7	-3.721694	0.7005643	-104.62	-17.43458	-5.381801
47.08	5.849573	8.129447	-15.93014	-7	-3.422187	0.2595	-78.24979	-26.85443	-1.864027
47.1	6.271703	7.924579	-13.23511	-7	-3.288393	-0.6588535	-53.58802	-39.67886	-2.615549
47.12	6.872495	7.856288	-9.648558	-7	-3.385206	-1.749382	-37.11812	-44.18267	-6.22731
47.14	8.961786	9.358663	0.6577759	-7	-3.591612	-2.731501	-32.5729	-28.96129	-10.37522
47.16	7.437215	8.744054	-8.145967	-7	-2.851734	-1.100086	-92.5699	27.23717	-20.7791
47.18	7.348164	8.744054	-8.786594	-7	-3.211116	-0.3633485	-83.28951	25.02344	-9.535637
47.2	6.269802	8.129447	-14.31011	-7	-2.967057	0.08030131	-88.74818	5.282977	-9.451838
47.22	6.089971	7.378261	-14.32251	-7	-3.523492	-0.9396966	-50.77521	-34.56435	-3.7674
47.24	7.387699	8.129447	-7.202934	-7	-3.789687	-2.438508	-23.68289	-41.86206	-5.37865
47.26	7.853843	8.129447	-4.814193	-7	-4.027424	-3.459942	-24.91993	-34.51855	-13.50517
47.28	8.995659	8.197738	1.033391	-7	-5.443336	-5.694307	4.94393	13.98527	-15.81943
47.3	6.83243	7.583131	-10.76392	-7	-4.695149	-4.12448	-44.86099	24.91656	-23.15731
47.32	6.654588	7.924579	-11.66587	-7	-4.319344	-2.569272	-39.77095	6.56542	-9.392823
47.34	7.326248	8.675765	-8.464262	-7	-3.657274	-1.97721	-45.72149	-26.35061	-8.681016
47.36	7.082521	7.241681	-9.056232	-7	-4.593363	-3.685585	-17.82193	-41.75519	-11.47447
47.38	8.03419	8.197738	-4.194468	-7	-4.826615	-4.50787	-6.072895	-31.32771	-12.18476
47.4	7.085752	7.856288	-9.405567	-7	-4.232553	-3.537449	-37.11744	24.50435	-17.51687
47.42	5.476399	6.353915	-16.79927	-7	-4.326987	-2.997227	-27.47675	21.67992	-10.98058
47.44	5.890383	7.036813	-13.82162	-7	-3.806441	-2.616512	-11.85028	5.527252	-4.011087
47.46	5.794197	6.353915	-13.17546	-7	-3.679842	-3.217294	-1.73859	-11.83152	-7.327725
47.48	7.577671	7.583131	-3.499336	-7	-3.764117	-3.980603	9.649738	-14.90023	-8.109877
47.5	5.374097	5.124701	-13.71667	-7	-4.226994	-4.634279	-0.7417011	16.82496	-17.95239
47.52	5.833808	6.080756	-10.37078	-7	-4.181238	-4.203776	15.98162	28.33641	-7.306339
47.54	5.082441	5.739308	-13.46316	-7	-3.390457	-3.335059	-5.202312	11.06924	-11.08137
47.56	6.111785	6.422206	-7.396906	-7	-3.279566	-3.169112	2.364758	-4.67122	-6.747556
47.58	6.02657	6.012467	-7.22983	-7	-3.419129	-3.598871	-5.271813	-9.54145	-12.79148
47.6	4.863429	4.783254	-12.07028	-7	-3.924612	-3.979993	2.10986	2.199008	-12.46816
47.62	3.965796	4.510095	-15.43677	-7	-3.601802	-3.385259	5.230561	0.4585503	-7.887205
47.64	3.451088	4.100356	-16.49396	-7	-3.113953	-2.938688	12.33689	-0.01473186	-4.372175
47.66	3.335121	3.758908	-15.27613	-7	-2.727041	-2.902207	21.42472	1.756261	-3.175879
47.68	2.118982	2.461404	-19.22481	-7	-2.370193	-2.749959	23.62987	15.9242	-4.24829
47.7	2.203456	2.461404	-16.37324	-7	-1.990017	-2.574752	36.81371	23.74099	0.1550894
47.72	2.393785	2.461404	-13.28263	-7	-1.500231	-2.457538	32.07552	19.71046	-2.544987
47.74	2.283202	2.324824	-11.97279	-7	-1.108353	-1.934393	17.47942	24.87076	-4.706259
47.76	1.974826	2.256536	-11.8846	-7	-0.7167368	-1.0307	-1.002306	21.22191	-4.752137
47.78	0.5609769	0.9590311	-16.94356	-7	-0.6937994	-0.5195988	-6.289639	5.664657	-3.480058
47.8	0.9003718	0.9590311	-12.809	-7	-1.070124	-1.185171	21.3493	3.023436	2.270379
47.82	0.07631315	0.5492926	-15.10507	-7	-0.4547936	-0.6945492	3.85686	1.206642	-2.490071
47.84	0.5204824	0.6175833	-10.76187	-7	-0.5290848	-0.7875984	14.96802	16.30588	1.167869
47.86	0.1647432	0.2761335	-10.85532	-7	-0.3724973	-0.7529951	4.051814	1.618855	-3.061604
47.88	0.1031045	0.2761335	-9.582333	-7	-0.3246554	-0.4445863	-0.9864235	11.52725	-1.98858
47.9	0.01302972	0.002975464	-8.508379	-7	-0.5739816	-0.7196033	0.8699737	-1.770457	-2.576585
47.92	-0.4602938	-0.3384733	-9.527502	-7	-0.653341	-0.7035897	-2.716961	1.176107	-3.356055
47.94	-0.850613	-0.7482109	-9.998809	-7	-0.8391263	-0.8519908	3.556154	-0.6101519	-1.845063
47.96	-1.263586	-1.08966	-10.58592	-7	-0.8264635	-0.9142572	7.343521	-0.9460298	-1.312731
47.98	-1.576589	-1.02137	-10.881	-7	-0.2794493	-0.1462105	-3.16416	0.7944282	-0.5173559
48	-1.493276	-1.362819	-8.883249	-7	-0.4092031	-0.4226993	6.460107	0.3822144	0.6926718
48.02	-3.47067	-3.13835	-16.93441	-7	-0.3233266	-0.2900761	3.95427	1.496719	-1.318226
48.04	-3.80367	-3.411509	-16.08282	-7	-0.1792167	-0.2151414	29.39049	3.588321	7.205881
48.06	-4.100167	-3.752957	-15.13954	-7	0.4425255	-0.1251237	32.55467	4.382214	5.883105
48.08	-2.209238	-2.728612	-3.469387	-7	0.3844819	-0.9774736	48.28287	6.366947	5.562917
48.1	-4.253733	-4.435854	-12.18803	-7	0.7960727	-0.3322256	8.395752	21.89367	-6.047472
48.12	-4.90964	-4.709013	-13.24656	-7	0.8596127	0.6653263	15.65318	21.02343	4.834979
48.14	-4.27773	-3.752957	-8.376957	-7	1.599388	1.478047	4.785149	12.41275	6.138507
48.16	-4.084831	-4.435854	-5.567557	-7	1.117459	0.5945923	11.58517	-6.808625	2.44464
48.18	-4.829632	-4.777303	-7.940506	-7	1.197487	0.9311369	-3.816871	11.52725	-0.2237396
48.2	-5.090282	-5.050462	-7.659874	-7	0.965094	0.9472376	2.613364	6.428016	3.193493
48.22	-5.958134	-5.801648	-10.36885	-7	0.930266	0.8954652	4.684334	0.9165652	2.999569
48.24	-5.25006	-5.118752	-5.319496	-7	1.049114	0.874896	12.48033	-3.923129	5.990216
48.26	-5.757965	-5.39191	-6.86846	-7	1.559804	1.528675	-11.11335	-0.5490832	1.092068
48.28	-6.295926	-6.211386	-8.007842	-7	1.222975	1.410784	-1.734079	3.05397	4.059819
48.3	-6.956372	-6.825994	-9.629618	-7	1.088748	1.109693	8.475536	6.183741	5.09625
48.32	-7.477493	-7.50889	-10.25528	-7	0.9470638	0.6030742	25.71103	-1.236106	6.637766
48.34	-7.135787	-6.825994	-7.046253	-7	1.656834	1.216014	17.76415	2.076871	6.953484
48.36	-6.206497	-6.416255	-1.12464	-7	1.726782	1.065504	14.07536	8.061604	4.693723
48.38	-6.933372	-7.167441	-3.810827	-7	1.610042	1.135479	-3.065481	6.733359	-0.5987358
48.4	-8.035378	-7.782049	-8.169726	-7	1.631015	1.856921	-9.165421	7.389848	3.065357
48.42	-8.21119	-7.50889	-7.840971	-7	2.09414	2.713866	-11.82377	-7.449846	7.937641
48.44	-7.260807	-7.235731	-1.77308	-7	1.840308	1.947219	3.552572	-8.961296	8.139832
48.46	-7.703718	-7.850338	-3.07682	-7	1.640501	1.430524	-3.269961	4.015801	1.773523
48.48	-8.935357	-8.806395	-8.061887	-7	1.507104	1.651315	-2.83727	11.93947	3.577078
48.5	-9.117445	-8.396656	-7.817001	-7	2.120544	2.630592	-6.126937	3.603588	8.73999
48.52	-8.089786	-8.191787	-1.299724	-7	1.838205	1.727128	13.10484	-1.175037	9.066158
48.54	-9.164119	-9.147842	-5.72404	-7	1.955054	1.70681	-2.510406	6.321146	2.091492
48.56	-9.275713	-9.147842	-5.023803	-7	1.921315	1.9823	5.045741	12.53489	7.432085
48.58	-8.137396	-7.850338	1.241889	-7	2.404413	2.428843	-6.836551	-3.709388	6.722174
48.6	-8.585996	-8.806395	-0.4127668	-7	1.972208	1.96047	-13.59073	3.084504	1.358051
48.62	-8.91983	-8.806395	-1.587991	-7	1.785389	2.149076	-15.90278	1.695191	3.376742
48.64	-9.046994	-8.806395	-1.741049	-7	1.706301	2.195356	-14.64226	-6.472747	4.736443
48.66	-7.78209	-7.782049	4.741726	-7	1.537225	1.774996	-9.611634	-8.77809	4.942612
48.68	-7.77297	-7.850338	4.373755	-7	1.355074	1.563218	-26.16411	-2.686488	-1.643705
48.7	-7.930629	-7.850338	3.144722	-7	1.002294	1.666436	-31.17896	-1.892594	-0.656168
48.72	-9.490123	-9.079553	-4.690077	-7	0.741341	1.781726	-29.85978	-14.35061	0.6045561
48.74	-9.386259	-9.147842	-3.473418	-7	0.3432234	1.053368	5.719552	-13.48038	8.180775
48.76	-8.365888	-8.123497	1.716898	-7	0.8043967	0.8073821	6.877435	-13.58725	5.451143
48.78	-8.101572	-8.191787	2.886786	-7	0.9040551	0.7165181	-3.737541	9.16084	0.4051952
48.8	-8.169937	-8.191787	2.295857	-7	0.85639	0.9627973	-12.81221	6.840229	-0.2739267
48.82	-8.492147	-8.260077	0.4344921	-7	0.8875167	1.376376	-20.09067	-1.678854	0.6528091
48.84	-8.124126	-8.123497	2.244804	-7	0.5426897	0.9446017	-8.157436	-6.0758	2.757106
48.86	-8.193702	-8.123497	1.616215	-7	0.5033618	0.7620385	-11.15924	-6.77809	0.3577814
48.88	-8.353033	-8.260077	0.6491169	-7	0.4064043	0.7349545	-9.298661	-0.961297	1.032835
48.9	-8.180625	-8.123497	1.383274	-7	0.3250472	0.5644608	-4.144602	-5.739923	1.833902
48.92	-8.276409	-8.123497	0.6713129	-7	0.4435657	0.6751651	-8.18146	-0.0605334	0.8257561
48.94	-8.212938	-8.191787	0.9292609	-7	0.3278905	0.5184681	-2.919227	-1.0529	1.670942
48.96	-9.232552	-9.079553	-3.993883	-7	0.3435601	0.5623236	-2.170511	-1.327709	1.137548
48.98	-9.285761	-9.079553	-3.673511	-7	0.4554552	0.6005578	12.75178	0.6112221	5.98601
49	-9.179402	-9.147842	-2.519628	-7	0.6830067	0.3903263	19.25884	0.9929011	5.154449
49.02	-9.042844	-9.079553	-1.319338	-7	0.9872652	0.5277201	16.16156	10.96237	3.92455
49.04	-7.794884	-7.850338	4.914932	-7	1.374441	0.9585724	3.604096	8.687558	3.080276
49.06	-7.547008	-7.782049	5.705744	-7	1.301152	1.1153	-17.87816	7.176107	-2.392348
49.08	-9.058008	-9.147842	-1.906306	-7	0.7657402	1.176622	-22.17626	1.878398	-2.304178
49.1	-9.519583	-9.079553	-3.899601	-7	0.7515417	1.529119	-9.735457	-2.411678	5.260698
49.12	-9.398915	-9.079553	-2.787832	-7	0.8723819	1.258328	3.34971	-14.99183	6.721807
49.14	-7.868144	-8.123497	5.114011	-7	0.7674062	0.4157488	15.58555	-11.17504	5.17926
49.16	-7.966506	-8.123497	4.092638	-7	0.9877667	0.6359321	-11.43941	8.641756	-3.099656
49.18	-8.895823	-9.079553	-0.5559007	-7	0.5076482	0.6749303	-9.557143	11.45092	-0.9451475
49.2	-9.666416	-9.079553	-4.354906	-7	0.9120588	1.584912	-14.48956	4.672291	3.447453
49.22	-9.141123	-9.079553	-1.079435	-7	0.669592	0.9260355	11.16271	-17.12923	7.491524
49.24	-9.144995	-9.079553	-0.8379143	-7	0.9478356	0.7597071	6.708991	-4.304808	3.215261
49.26	-8.754201	-9.079553	1.525431	-7	0.7225636	0.3030553	15.48248	4.092137	3.302639
49.28	-9.220915	-9.079553	-0.8439403	-7	1.175535	1.015289	-4.454179	11.66466	0.6443872
49.3	-9.000792	-9.079553	0.5994034	-7	1.001642	1.00841	3.066192	3.282978	3.965425
49.32	-7.83887	-7.782049	6.048182	-7	1.292212	1.262755	-9.207219	-1.022365	2.259939
49.34	-8.840455	-9.147842	0.8953824	-7	0.7408819	0.7973998	-14.34086	-0.3048087	-2.565824
49.36	-7.928971	-7.850338	5.068216	-7	0.6839963	1.030437	-10.95848	-0.2590067	2.596986
49.38	-9.462581	-9.147842	-2.952098	-7	0.7568749	1.346687	-26.10381	-4.56435	-1.769272
49.4	-8.990249	-9.147842	-0.02473664	-7	0.0420015	0.3777369	13.72349	-11.51091	6.727646
49.42	-9.611464	-9.147842	-3.221012	-7	0.7942823	0.9075009	-3.147535	-4.335342	2.030888
49.44	-8.538813	-9.147842	2.860123	-7	0.06639814	-0.4392616	33.32185	-0.4880144	6.059522
49.46	-9.511515	-9.079553	-2.405483	-7	1.189825	0.9406278	-9.105604	9.176107	-1.539999
49.48	-8.815855	-9.079553	1.629149	-7	0.7275344	0.6418781	13.65611	7.130305	5.688158
49.5	-9.925525	-9.147842	-4.187201	-7	1.829447	2.235774	-26.21282	0.1684743	0.7375364
49.52	-8.266362	-9.079553	5.117423	-7	0.4487104	0.2109294	28.86243	-4.625419	8.419621
49.54	-9.77107	-9.147842	-3.04055	-7	1.693695	1.736982	-27.44455	2.519619	-3.245059
49.56	-8.393539	-9.079553	4.656163	-7	0.4300236	0.3446779	21.88716	7.084505	7.426544
49.58	-10.0757	-9.079553	-4.517152	-7	1.951403	2.432037	-39.68859	1.466184	-2.42546
49.6	-8.4022	-9.079553	4.835373	-7	0.4592224	0.5951208	21.95586	-9.358243	9.501841
49.62	-9.987123	-9.079553	-3.847642	-7	1.891703	2.300231	-37.58649	6.626489	-2.540425
49.64	-8.826887	-9.147842	2.752838	-7	0.8191245	1.223179	8.983073	-10.97656	8.796667
49.66	-10.53738	-9.079553	-6.493815	-7	2.593041	3.674404	-54.82159	10.96237	0.1800051
49.68	-9.064375	-9.147842	1.954878	-7	1.444283	2.33484	0.01206636	-12.1674	12.34501
49.7	-11.01917	-9.079553	-8.513371	-7	3.56983	5.21236	-76.10616	14.42801	1.592401
49.72	-8.413878	-9.147842	6.163944	-7	1.314017	2.046804	15.31698	-1.64832	15.58956
49.74	-10.47694	-9.147842	-5.081377	-7	3.088242	4.002672	-65.61824	14.77916	-3.019247
49.76	-8.310314	-9.079553	6.937239	-7	1.017675	1.578218	11.22078	-0.3048087	11.84038
49.78	-10.86897	-9.079553	-7.114623	-7	3.216982	4.609	-81.69649	4.046337	-3.572487
49.8	-7.520604	-8.191787	10.66989	-7	1.049599	1.952832	6.819883	-6.701755	14.5858
49.82	-9.994879	-9.079553	-2.970727	-7	2.200829	3.033639	-66.0763	1.924199	-7.085145
49.84	-7.417586	-8.123497	10.39305	-7	0.2949507	0.9424397	6.482527	-9.007098	9.554482
49.86	-9.525747	-8.123497	-1.996132	-7	2.065635	3.287103	-78.30241	2.687558	-7.139872
49.88	-7.481472	-8.191787	8.714461	-7	-0.137013	0.7786562	2.836992	-11.89259	8.777027
49.9	-10.00804	-8.191787	-5.720985	-7	1.96919	3.579444	-82.55316	-1.297175	-5.75896
49.92	-7.289108	-8.191787	8.837584	-7	-0.5439197	0.2252611	22.12169	-4.243739	12.26604
49.94	-10.18901	-8.191787	-7.556849	-7	2.120672	3.501478	-81.76799	-2.35061	-7.068321
49.96	-6.170615	-7.167441	13.42183	-7	-0.363861	0.2560204	25.42564	-3.175037	13.81152
49.98	-9.871049	-8.191787	-7.166806	-7	1.981044	3.131114	-88.00487	-2.640686	-11.95907
50	-7.202505	-8.260077	7.503248	-7	-0.8648605	-0.1349659	31.34894	-4.45748	13.37489
50.02	-9.857419	-8.191787	-7.368185	-7	1.588068	2.488727	-61.42955	-7.068167	-6.71159
50.04	-7.50265	-8.123497	5.493865	-7	-0.2454895	0.3095171	25.14937	-4.56435	12.1995
50.06	-9.403796	-8.123497	-5.163395	-7	1.672925	2.336734	-49.304	-11.28191	-4.477763
50.08	-7.293585	-8.123497	6.372196	-7	-0.1532655	0.03169394	25.85486	0.04633686	9.470133
50.1	-8.81983	-8.123497	-2.257981	-7	1.143709	1.327591	-33.48661	-7.678854	-5.401139
50.12	-8.781123	-9.079553	-1.278888	-7	0.07150745	0.4614196	10.4403	14.50435	5.787191
50.14	-9.83396	-9.147842	-6.425728	-7	0.9437129	1.290794	-7.394205	-12.74756	2.809152
50.16	-8.785516	-9.147842	-0.08383584	-7	0.3555587	0.08180046	33.53103	-18.32007	8.873806
50.18	-8.05247	-7.850338	3.256903	-7	1.360826	0.8372229	0.04895687	12.55015	0.9373407
50.2	-7.087777	-7.782049	7.961795	-7	0.7199001	0.1910979	2.70598	10.58069	-0.7000618
50.22	-8.933551	-8.806395	-1.834593	-7	0.8629507	1.082158	-29.34716	24.29061	-5.586566
50.24	-8.82583	-8.738104	-0.9312775	-7	0.3557738	0.9810304	-1.907885	-5.678854	5.393753
50.26	-7.920457	-7.4406	3.149805	-7	0.9899514	1.382263	-14.25441	-3.663587	3.24203
50.28	-7.288737	-7.4406	5.872174	-7	0.6704612	0.8718433	-15.41125	-18.83916	-0.199894
50.3	-8.692559	-8.533236	-1.569042	-7	0.5012245	1.064965	-27.1844	17.32878	-2.990991
50.32	-8.834633	-8.464945	-2.137098	-7	0.3502375	1.170027	-9.572151	-2.961297	4.720002
50.34	-8.944318	-8.464945	-2.570113	-7	0.6752993	1.221515	-6.835446	0.4890846	4.472115
50.36	-8.331061	-8.396656	0.8682882	-7	0.482586	0.5108349	9.825471	-6.976563	4.857805
50.38	-8.600962	-8.464945	-0.5252725	-7	0.8269334	0.7605144	-3.55399	12.1074	0.7738543
50.4	-8.231123	-8.396656	1.553908	-7	0.5926301	0.5133542	5.27761	8.153207	2.811373
50.42	-9.869428	-9.48929	-6.448233	-7	0.97997	1.241818	-11.32658	7.115039	0.3802347
50.44	-8.416718	-8.533236	1.606106	-7	0.6597648	0.6548491	21.5549	-1.617785	9.125784
50.46	-8.560564	-8.464945	0.7412432	-7	1.222047	0.8979807	-4.437572	-1.510915	-0.1541405
50.48	-7.906613	-8.396656	4.239985	-7	0.6432894	0.3341846	7.818748	6.015802	1.960511
50.5	-8.847286	-8.464945	-0.9519391	-7	1.230737	1.473686	-25.15738	8.24481	-2.083848
50.52	-8.034421	-8.396656	3.469017	-7	0.3751075	0.552438	5.692601	-8.197938	4.516849
50.54	-8.02648	-7.4406	2.605501	-7	1.269059	1.686811	-31.65788	-3.205571	-1.310116
50.56	-8.236817	-8.738104	1.811301	-7	0.06234545	0.3374009	-1.701485	-8.549083	1.186946
50.58	-8.472594	-7.50889	-0.2426834	-7	1.196043	2.044998	-36.54257	1.435649	0.4344683
50.6	-8.665501	-8.874683	-0.7162298	-7	0.1838623	0.7453802	-1.353791	-8.274274	4.033413
50.62	-8.17922	-7.50889	1.218129	-7	1.009389	1.55703	-19.29292	-0.4422129	2.819359
50.64	-7.195594	-7.50889	6.002584	-7	0.3983116	0.53045	-4.203664	2.229543	1.76458
50.66	-8.714521	-8.396656	-2.158803	-7	0.6320072	1.104461	-28.96594	2.443283	-3.775582
50.68	-8.568658	-8.396656	-1.130906	-7	0.2316819	0.9113496	-2.89094	2.672291	5.277159
50.7	-9.063153	-8.464945	-3.618463	-7	0.8058718	1.339318	-11.95434	-10.27427	3.06752
50.72	-8.149684	-8.396656	1.53538	-7	0.3083876	0.2685937	17.26957	2.24481	6.026877
50.74	-8.721644	-8.464945	-1.486318	-7	0.9225944	0.8223002	-6.885005	3.450917	-0.3206234
50.76	-8.220374	-8.396656	1.384102	-7	0.6048272	0.5647948	7.350023	13.42038	3.831312
50.78	-8.930724	-8.464945	-2.344461	-7	1.25117	1.51884	-18.0472	-2.197938	0.3935995
50.8	-7.9292	-8.396656	3.254795	-7	0.4053158	0.3282574	14.87132	3.130306	5.298907
50.82	-8.685091	-8.396656	-0.9012481	-7	1.023255	1.028965	-15.43811	-5.510915	-1.716877
50.84	-8.161704	-8.396656	2.038348	-7	0.4792737	0.5720733	4.912152	8.748625	3.77804
50.86	-8.901057	-8.396656	-1.98231	-7	1.133672	1.492821	-20.98726	-9.281907	-0.06182861
50.88	-8.199014	-8.464945	2.004128	-7	0.4409752	0.5980373	7.887297	6.183741	5.115935
50.9	-8.801063	-8.396656	-1.311095	-7	1.051394	1.266697	-16.61107	-6.747556	-0.1324959
50.92	-8.279589	-8.396656	1.608192	-7	0.6166508	0.8215551	1.873966	10.09214	4.284944
50.94	-8.849008	-8.396656	-1.491101	-7	1.1601	1.527224	-19.6632	-8.411678	0.56779
50.96	-8.351263	-8.396656	1.317946	-7	0.7436053	1.065064	-1.531031	8.275344	4.638143
50.98	-8.802229	-8.533236	-1.030779	-7	1.007323	1.286875	-13.74707	-8.152136	1.051025
51	-8.532927	-8.533236	0.5825459	-7	0.7441567	0.9961563	-1.437957	8.076871	3.945113
51.02	-8.657682	-8.533236	-0.03219008	-7	0.8616723	1.003408	-6.365426	-5.846793	1.814804
51.04	-8.51176	-8.396656	0.7375268	-7	0.8906714	1.107582	-6.594101	4.73336	2.669946
51.06	-8.26782	-8.396656	2.015303	-7	0.6508054	0.685605	-1.338375	-1.96893	1.940492
51.08	-8.506051	-8.396656	0.6350557	-7	0.7685617	0.9222596	-10.37528	0.4280163	0.4155197
51.1	-8.513874	-8.464945	0.6122735	-7	0.6325502	0.8903617	-6.066209	0.5654205	2.160384
51.12	-8.530411	-8.464945	0.5144345	-7	0.6010039	0.7858195	-4.444148	-2.45748	1.963412
51.14	-8.510859	-8.396656	0.5592238	-7	0.6629981	0.8524461	-5.468217	-0.4422129	1.97469
51.16	-8.553555	-8.464945	0.3382547	-7	0.6667699	0.8580196	-5.25507	0.07687078	1.974995
51.18	-8.53056	-8.396656	0.4264726	-7	0.7328864	0.9515018	-6.338073	-0.533816	2.180745
51.2	-8.581534	-8.464945	0.182516	-7	0.7489957	0.9782547	-6.600316	-0.02999904	2.148819
51.22	-8.462393	-8.396656	0.8060682	-7	0.715139	0.900911	-4.576358	0.09213839	2.40624
51.24	-8.559141	-8.533236	0.3489685	-7	0.6597669	0.7876459	-4.055355	-0.02999904	1.701558
51.26	-8.437332	-8.396656	0.9581939	-7	0.650593	0.7678906	-2.965428	-0.1826708	2.123606
51.28	-8.461396	-8.396656	0.7735922	-7	0.6866691	0.8147809	-5.569023	0.1074051	1.473291
51.3	-8.450343	-8.396656	0.7965747	-7	0.6578867	0.8253322	-5.37697	0.1379395	1.764572
51.32	-8.445078	-8.396656	0.7870686	-7	0.6263715	0.7862164	-4.957132	-0.01473186	1.719493
51.34	-8.569634	-8.464945	0.1310712	-7	0.6541676	0.8536865	-6.121341	-0.1216026	1.694325
51.36	-8.55828	-8.464945	0.2249258	-7	0.6482376	0.8481455	-3.989591	0.0005348892	2.388494
51.38	-8.498111	-8.396656	0.5231428	-7	0.7029437	0.8673352	-4.469352	0.04633686	2.206257
51.4	-8.478618	-8.396656	0.6089851	-7	0.7258435	0.8898462	-5.461781	-0.02999904	1.94456
51.42	-8.457702	-8.396656	0.7068006	-7	0.7057713	0.8740902	-5.449524	-0.0605334	1.90723
51.44	-8.611496	-8.533236	-0.03763866	-7	0.6864897	0.8737401	-5.539252	0.1532067	1.805311
51.46	-8.53722	-8.464945	0.3965156	-7	0.6712677	0.8383854	-2.934638	0.1074051	2.543577
51.48	-8.523728	-8.464945	0.4851184	-7	0.6935051	0.8060777	-3.360623	0.03106925	2.010461
51.5	-8.576443	-8.533236	0.2676647	-7	0.6819634	0.7932919	-3.124601	0.1074051	1.952725
51.52	-8.506757	-8.464945	0.6518093	-7	0.684382	0.7837142	-2.487065	-0.01473186	2.165521
51.54	-8.461581	-8.396656	0.8443669	-7	0.7324805	0.8446532	-4.79254	0.07687078	1.768661
51.56	-8.505732	-8.464945	0.6179439	-7	0.698204	0.8419971	-5.203202	0.04633686	1.686105
51.58	-8.531915	-8.464945	0.4862532	-7	0.6846191	0.8536856	-5.036365	0.1074051	1.91998
51.6	-8.617007	-8.533236	0.08808473	-7	0.6842371	0.8625991	-4.67985	0.04633686	2.038966
51.62	-8.546286	-8.464945	0.4786083	-7	0.6993532	0.8587797	-3.487627	-0.01473186	2.420568
51.64	-8.447231	-8.396656	0.9621159	-7	0.7133259	0.8299046	-4.039016	0.06160403	1.994251
51.66	-8.58124	-8.533236	0.2910246	-7	0.6938828	0.8322638	-5.213781	-0.0605334	1.544395
51.68	-8.451289	-8.396656	0.9442099	-7	0.6781156	0.828748	-3.773175	0.0158025	2.254157
51.7	-8.511507	-8.464945	0.6123917	-7	0.6712719	0.8013436	-5.011744	0.0158025	1.544122
51.72	-8.613098	-8.533236	0.1174514	-7	0.6672934	0.8444359	-4.836051	0.0005348892	1.918036
51.74	-8.640973	-8.533236	0.02395838	-7	0.6990969	0.885542	-4.02037	0.0158025	2.398624
51.76	-8.626374	-8.533236	0.1591184	-7	0.7330593	0.8889426	-3.393311	-0.02999904	2.470327
51.78	-8.532023	-8.464945	0.6673954	-7	0.7612942	0.8841369	-3.518645	-0.0605334	2.330969
51.8	-8.494814	-8.464945	0.8602895	-7	0.7459284	0.8507845	-4.29901	0.04633686	1.852344
51.82	-8.504201	-8.464945	0.7962488	-7	0.7244542	0.8566829	-5.244945	0.0005348892	1.698275
51.84	-8.650648	-8.601524	0.09565192	-7	0.677088	0.8379982	-4.684988	0.0005348892	1.796741
51.86	-8.459913	-8.396656	1.052972	-7	0.6858093	0.8283423	-3.128582	0.04633686	2.458798
51.88	-8.449475	-8.396656	1.028406	-7	0.7107205	0.8333054	-5.857851	0.03106925	1.4491
51.9	-8.579487	-8.533236	0.3658679	-7	0.6547275	0.8290843	-5.652786	-0.0605334	1.583809
51.92	-8.525763	-8.464945	0.6413617	-7	0.6295142	0.7967533	-3.599248	0.06160403	2.211736
51.94	-8.597195	-8.533236	0.2846669	-7	0.6391268	0.7750038	-3.732519	-0.04526665	1.843382
51.96	-8.542896	-8.464945	0.5607946	-7	0.6712494	0.8125908	-3.418729	0.04633686	2.201604
51.98	-8.471136	-8.396656	0.8820469	-7	0.713635	0.8501132	-4.820824	0.07687078	1.922766
52	-8.5195	-8.464945	0.6165823	-7	0.6956224	0.8518378	-5.601434	0.03106925	1.669814
52.02	-8.546447	-8.464945	0.470807	-7	0.6914211	0.8802073	-5.555644	0.0005348892	1.957258
52.04	-8.484006	-8.396656	0.7582451	-7	0.7034221	0.8917542	-5.515886	0.0005348892	2.094604
52.06	-8.482069	-8.396656	0.7223236	-7	0.7123604	0.9043543	-6.54427	0.04633686	1.806047
52.08	-8.517174	-8.464945	0.5455551	-7	0.6553375	0.8412133	-5.26489	0.09213839	1.878479
52.1	-8.447711	-8.396656	0.8720226	-7	0.6320114	0.7862483	-4.141495	-0.01473186	1.982396
52.12	-8.461841	-8.396656	0.7434688	-7	0.6445133	0.7948697	-5.303037	-0.09106776	1.600111
52.14	-8.457853	-8.396656	0.7249775	-7	0.6285349	0.7963862	-5.058054	0.04633686	1.767034
52.16	-8.48536	-8.396656	0.5408581	-7	0.6461214	0.8316805	-5.720064	0.07687078	1.760827
52.18	-8.610315	-8.533236	-0.05386326	-7	0.6201159	0.8084695	-4.379554	0.1226728	1.96303
52.2	-8.629566	-8.533236	-0.0808734	-7	0.6447483	0.8098087	-2.515247	-0.0605334	2.48823
52.22	-8.616657	-8.533236	0.05958244	-7	0.6946611	0.8108733	-1.920671	-0.04526665	2.450956
52.24	-8.511281	-8.464945	0.642185	-7	0.7266725	0.8013945	-1.859152	0.03106925	2.314343
52.26	-8.437022	-8.396656	0.9968053	-7	0.7612976	0.840274	-4.255944	0.1074051	1.759827
52.28	-8.479227	-8.464945	0.7791221	-7	0.7094079	0.8235084	-5.029582	0.06160403	1.524441
52.3	-8.502579	-8.464945	0.6574111	-7	0.667847	0.8123158	-4.679996	-0.1216026	1.763233
52.32	-8.438656	-8.396656	0.9489495	-7	0.6470297	0.7842118	-4.242662	-0.01473186	1.857944
52.34	-8.603347	-8.533236	0.1090809	-7	0.6459039	0.8066668	-5.279796	0.03106925	1.540299
52.36	-8.607493	-8.533236	0.1464255	-7	0.6314182	0.7990117	-2.728962	0.06160403	2.408522
52.38	-8.645422	-8.533236	-0.008551121	-7	0.7100551	0.8586484	-3.551812	0.0158025	2.266406
52.4	-8.537712	-8.464945	0.5802521	-7	0.7400587	0.8676163	-2.939587	0.0005348892	2.479701
52.42	-8.446975	-8.396656	1.016915	-7	0.7658105	0.8730811	-4.691238	0.0005348892	1.891747
52.44	-8.491298	-8.464945	0.778527	-7	0.7198918	0.8528451	-5.616882	-0.07580101	1.544232
52.46	-8.468693	-8.464945	0.8960384	-7	0.6316802	0.7595075	-3.738808	0.6112221	1.808764
52.48	-8.503178	-8.396656	0.6399626	-7	0.6998647	0.8764433	-6.693203	0.1532067	1.592024
52.5	-8.52077	-8.464945	0.5527465	-7	0.6446472	0.8346817	-5.002588	-0.2437396	1.970229
52.52	-8.519778	-8.464945	0.5556986	-7	0.622542	0.7761289	-3.830435	-0.3200755	1.967982
52.54	-8.522769	-8.396656	0.4850792	-7	0.709147	0.8971121	-6.124752	-0.02999904	1.906309
52.56	-8.443274	-8.396656	0.8815336	-7	0.6632652	0.8298956	-4.478119	0.2906113	2.082444
52.58	-8.544523	-8.464945	0.3433268	-7	0.6754465	0.8461467	-5.884546	0.1532067	1.608488
52.6	-8.615783	-8.533236	0.03147557	-7	0.6553188	0.8469948	-4.208709	-0.1674037	2.19584
52.62	-8.502918	-8.396656	0.6033642	-7	0.7139776	0.8823392	-4.074618	0.03106925	2.432583
52.64	-8.46781	-8.396656	0.7584571	-7	0.7354913	0.883861	-5.4084	0.183741	1.877092
52.66	-8.42824	-8.396656	0.9413183	-7	0.6866509	0.8321528	-5.048334	-0.07580101	1.785014
52.68	-8.534188	-8.464945	0.3835225	-7	0.6756893	0.8505206	-6.073869	-0.1063349	1.576242
52.7	-8.621678	-8.533236	-0.01421803	-7	0.6576608	0.8588983	-4.578607	0.04633686	2.162148
52.72	-8.597075	-8.533236	0.1860644	-7	0.6456811	0.7881749	-1.963523	0.1532067	2.490713
52.74	-8.54748	-8.464945	0.4543586	-7	0.7159756	0.8241072	-3.015083	0.03106925	2.191161
52.76	-8.562993	-8.533236	0.4283253	-7	0.699249	0.7914989	-2.73047	-0.01473186	1.994191
52.78	-8.484219	-8.396656	0.7997776	-7	0.7691756	0.9001319	-4.980813	0.03106925	2.01731
52.8	-8.52907	-8.464945	0.5680274	-7	0.7581505	0.9238733	-6.233806	0.09213839	1.76325
52.82	-8.475885	-8.396656	0.8156368	-7	0.7477335	0.9448613	-6.361493	0.0005348892	2.045015
52.84	-8.47464	-8.396656	0.7811652	-7	0.7319714	0.9358314	-7.078496	-0.02999904	1.801128
52.86	-8.461154	-8.396656	0.8154597	-7	0.6864722	0.8929323	-6.471995	0.06160403	1.854675
52.88	-8.469639	-8.396656	0.7274038	-7	0.6612434	0.8634647	-6.314154	0.1226728	1.776114
52.9	-8.52186	-8.464945	0.457096	-7	0.6123866	0.7978921	-4.88826	-0.04526665	1.838726
52.92	-8.540773	-8.464945	0.3620445	-7	0.6132206	0.7803371	-3.872533	0.0005348892	2.027007
52.94	-8.549734	-8.464945	0.3223476	-7	0.64437	0.7966413	-3.68889	0.04633686	2.073235
52.96	-8.609955	-8.533236	0.06310949	-7	0.6621026	0.8045716	-3.258322	0.1074051	2.110495
52.98	-8.545465	-8.464945	0.4250001	-7	0.7033322	0.8333792	-2.917471	-0.02999904	2.35928
53	-8.47528	-8.396656	0.764251	-7	0.7576052	0.8851902	-4.748867	-0.02999904	2.005809
53.02	-8.495077	-8.464945	0.6761661	-7	0.7127718	0.8452348	-4.820673	0.03106925	1.76405
53.04	-8.495927	-8.464945	0.6808201	-7	0.6680425	0.8007733	-4.107338	0.04633686	1.848927
53.06	-8.533643	-8.464945	0.4783427	-7	0.678336	0.8281671	-4.818014	0.0005348892	1.805809
53.08	-8.622246	-8.533236	0.0602358	-7	0.6880042	0.8661813	-4.728835	0.0005348892	2.0357
53.1	-8.551315	-8.464945	0.4534157	-7	0.7076167	0.8716274	-3.608546	0.07687078	2.450404
53.12	-8.452191	-8.396656	0.9394317	-7	0.7246037	0.8471963	-4.224088	0.0005348892	2.02603
53.14	-8.456944	-8.396656	0.865088	-7	0.7322085	0.8811777	-6.311315	-0.07580101	1.577789
53.16	-8.572303	-8.533236	0.3061837	-7	0.6568624	0.8314589	-5.159655	0.0005348892	1.735514
53.18	-8.602039	-8.533236	0.1989872	-7	0.6391978	0.8037757	-3.302867	0.07687078	2.22245
53.2	-8.64598	-8.533236	0.008760929	-7	0.7073921	0.8689126	-3.922217	-0.0605334	2.249496
53.22	-8.527398	-8.464945	0.6519552	-7	0.7193415	0.8460209	-2.68528	0.07687078	2.484758
53.24	-8.438484	-8.396656	1.070512	-7	0.7412777	0.8378174	-4.395559	-0.0605334	1.811268
53.26	-8.403993	-8.396656	1.197639	-7	0.6896001	0.8005064	-5.169417	-0.01473186	1.476559
53.28	-8.520259	-8.464945	0.560982	-7	0.6636627	0.83411	-6.516229	0.03106925	1.366562
53.3	-8.484335	-8.396656	0.7051854	-7	0.6554075	0.8652635	-5.716775	0.06160403	2.034947
53.32	-8.509953	-8.396656	0.5209393	-7	0.689207	0.9074773	-6.853134	-0.0605334	1.845421
53.34	-8.483779	-8.396656	0.6317889	-7	0.6714424	0.8871239	-5.884202	-0.0605334	2.070046
53.36	-8.537519	-8.464945	0.3608378	-7	0.6477645	0.8357884	-5.122749	0.0158025	1.907832
53.38	-8.562125	-8.464945	0.2468045	-7	0.6667888	0.8543961	-4.661932	0.07687078	2.133817
53.4	-8.639237	-8.533236	-0.09484297	-7	0.6964959	0.8812214	-4.377113	0.0158025	2.230122
53.42	-8.525136	-8.396656	0.4955894	-7	0.775944	0.9635328	-4.837869	0.0005348892	2.569223
53.44	-8.52112	-8.464945	0.5465976	-7	0.7579017	0.9082677	-4.985106	0.04633686	2.030036
53.46	-8.512376	-8.464945	0.6139235	-7	0.7281002	0.8750834	-4.704226	-0.01473186	1.99184
53.48	-8.522611	-8.464945	0.5692766	-7	0.7152531	0.8664134	-4.926523	-0.02999904	1.913761
53.5	-8.463561	-8.396656	0.8441726	-7	0.7169369	0.8778441	-5.300506	0.0158025	1.967399
53.52	-8.574308	-8.533236	0.3056281	-7	0.6643571	0.8199184	-4.830971	0.04633686	1.709719
53.54	-8.540946	-8.464945	0.4875875	-7	0.6699477	0.8324605	-3.871258	0.0005348892	2.211574
53.56	-8.52324	-8.464945	0.5811125	-7	0.6753598	0.8076935	-3.788835	-0.02999904	1.993386
53.58	-8.526599	-8.464945	0.5605103	-7	0.6857867	0.8211796	-4.260127	0.04633686	1.900003
53.6	-8.456142	-8.396656	0.8891919	-7	0.6931422	0.8343352	-4.610476	0.04633686	1.942907
53.62	-8.546079	-8.464945	0.4069756	-7	0.7061541	0.880654	-6.281815	-0.01473186	1.63145
53.64	-8.553497	-8.464945	0.3827401	-7	0.6948038	0.8990192	-5.307038	0.04633686	2.176106
53.66	-8.553258	-8.464945	0.3958792	-7	0.703117	0.8870831	-4.937293	0.04633686	2.156112
53.68	-8.508015	-8.464945	0.6491932	-7	0.6704369	0.8096757	-3.482223	0.1226728	2.130681
53.7	-8.439414	-8.396656	0.9637257	-7	0.6749067	0.7885141	-4.064056	-0.04526665	1.815934
53.72	-8.492002	-8.464945	0.6772764	-7	0.6401831	0.7604519	-4.441828	0.03106925	1.52731
53.74	-8.485933	-8.396656	0.658477	-7	0.674036	0.8462476	-5.582133	0.0158025	1.813785
53.76	-8.611841	-8.533236	0.04473358	-7	0.6550301	0.8438314	-5.080429	0.04633686	1.878014
53.78	-8.48508	-8.396656	0.6914689	-7	0.6768597	0.8481503	-3.663823	0.03106925	2.458242
53.8	-8.598892	-8.533236	0.1381835	-7	0.6829004	0.8231529	-4.461834	0.06160403	1.764748
53.82	-8.589734	-8.533236	0.2523245	-7	0.6657386	0.802806	-2.467498	0.0158025	2.350282
53.84	-8.532512	-8.464945	0.5597824	-7	0.7103517	0.8173906	-3.022306	0.06160403	2.160835
53.86	-8.508183	-8.464945	0.6908991	-7	0.7170342	0.8212645	-3.792185	0.03106925	1.898149
53.88	-8.462052	-8.396656	0.8876375	-7	0.7405596	0.8798456	-5.486972	0.1226728	1.808806
53.9	-8.414027	-8.396656	1.099866	-7	0.6769122	0.8144519	-5.066171	0.0158025	1.689361
53.92	-8.57277	-8.533236	0.2906304	-7	0.6265519	0.7814202	-5.203186	0.03106925	1.442917
53.94	-8.512861	-8.464945	0.6105431	-7	0.5939881	0.7404171	-2.557882	0.03106925	2.230933
53.96	-8.524509	-8.464945	0.532261	-7	0.6260984	0.7358416	-3.261719	0.0158025	1.79381
53.98	-8.450005	-8.396656	0.8769153	-7	0.6459502	0.7616547	-3.539679	0.04633686	1.903618
54	-8.608128	-8.533236	0.07556143	-7	0.6639216	0.8131629	-5.06809	-0.02999904	1.574169
54.02	-8.447035	-8.396656	0.9051393	-7	0.6452873	0.7853403	-2.576651	0.03106925	2.43221
54.04	-8.455737	-8.396656	0.8033223	-7	0.6831493	0.7977053	-5.079905	0.0158025	1.505217
54.06	-8.44651	-8.396656	0.8150471	-7	0.6599466	0.8150386	-5.231365	0.0005348892	1.712456
54.08	-8.458596	-8.396656	0.7129476	-7	0.6457842	0.8143232	-5.470771	0.1226728	1.694777
54.1	-8.555338	-8.464945	0.2118279	-7	0.6480675	0.8444823	-5.672023	-0.0605334	1.792594
54.12	-8.615046	-8.533236	-0.03004214	-7	0.6299484	0.8143551	-3.430407	-0.01473186	2.289754
54.14	-8.554061	-8.464945	0.3182748	-7	0.6756232	0.814595	-2.598634	0.03106925	2.435132
54.16	-8.454049	-8.396656	0.8226664	-7	0.712249	0.8138846	-3.343602	0.03106925	2.074041
54.18	-8.500031	-8.464945	0.59131	-7	0.6993967	0.8092753	-4.494703	0.06160403	1.620895
54.2	-8.486093	-8.396656	0.6343995	-7	0.7315363	0.9033431	-5.906987	0.0005348892	1.898833
54.22	-8.44368	-8.396656	0.8388231	-7	0.6889851	0.8548368	-5.19194	-0.04526665	1.920596
54.24	-8.483549	-8.396656	0.5921007	-7	0.7025875	0.8915036	-6.67686	-0.02999904	1.677234
54.26	-8.537683	-8.464945	0.3317308	-7	0.6623487	0.8657068	-5.444691	0.0158025	1.978175
54.28	-8.557949	-8.464945	0.2483295	-7	0.6698401	0.8599336	-4.626462	0.0005348892	2.172369
54.3	-8.55601	-8.464945	0.2842364	-7	0.6924004	0.8627156	-4.215023	-0.02999904	2.222373
54.32	-8.639336	-8.533236	-0.08732826	-7	0.7311772	0.9077942	-4.691305	0.0005348892	2.178934
54.34	-8.452662	-8.396656	0.8964301	-7	0.7266025	0.8604406	-2.830243	0.06160403	2.584609
54.36	-8.571426	-8.533236	0.3161864	-7	0.7200647	0.8249217	-4.595302	0.0005348892	1.544907
54.38	-8.548329	-8.533236	0.5027099	-7	0.6560502	0.7649435	-2.075908	-0.02999904	2.19899
54.4	-8.529047	-8.464945	0.5942806	-7	0.7048783	0.8062235	-3.589576	0.04633686	1.906637
54.42	-8.481435	-8.396656	0.7974406	-7	0.7538742	0.9031608	-5.652592	0.04633686	1.894196
54.44	-8.539265	-8.464945	0.4956827	-7	0.7399675	0.9276062	-6.527641	0.07687078	1.789718
54.46	-8.519287	-8.464945	0.6149514	-7	0.6879616	0.8703107	-4.837645	0.03106925	2.120828
54.48	-8.556007	-8.464945	0.4158638	-7	0.7092516	0.8906748	-5.666034	0.0005348892	1.921372
54.5	-8.548594	-8.464945	0.4630547	-7	0.7064016	0.8941731	-5.095892	0.09213839	2.154895
54.52	-8.615903	-8.533236	0.1561584	-7	0.7052698	0.8831764	-4.789658	-0.02999904	2.084298
54.54	-8.462708	-8.396656	0.9331266	-7	0.7117774	0.8604485	-3.739789	0.0005348892	2.379107
54.56	-8.516942	-8.464945	0.6336203	-7	0.7126608	0.8461554	-5.488221	0.03106925	1.571559
54.58	-8.493671	-8.464945	0.7585933	-7	0.6540274	0.7970783	-3.992579	0.09213839	1.939384
54.6	-8.643344	-8.533236	-0.007705867	-7	0.7038192	0.8884807	-5.99967	-0.1368693	1.739327
54.62	-8.553689	-8.464945	0.4847253	-7	0.7017944	0.8916274	-3.827744	0.183741	2.588805
54.64	-8.457622	-8.396656	0.9465373	-7	0.7212099	0.8531638	-4.487458	-0.1216026	2.015904
54.66	-8.420766	-8.396656	1.088898	-7	0.6854986	0.8097106	-5.126483	0.1226728	1.591533
54.68	-8.436839	-8.396656	0.9444073	-7	0.6526532	0.8061155	-5.899696	-0.09106776	1.46402
54.7	-8.468194	-8.396656	0.7238234	-7	0.6369929	0.8292139	-6.264996	0.09213839	1.618997
54.72	-8.477645	-8.396656	0.6307388	-7	0.6234393	0.8265002	-5.740892	0.0005348892	1.832853
54.74	-8.610856	-8.533236	-0.02162585	-7	0.5985481	0.7894189	-4.473105	-0.04526665	1.8854
54.76	-8.668265	-8.533236	-0.2623658	-7	0.6636751	0.863253	-3.720364	0.04633686	2.466424
54.78	-8.495398	-8.396656	0.6422585	-7	0.7243844	0.8707715	-2.828376	-0.02999904	2.691566
54.8	-8.586588	-8.533236	0.2198491	-7	0.7341627	0.8464622	-4.221611	0.04633686	1.78325
54.82	-8.497338	-8.464945	0.7193353	-7	0.7047808	0.8172318	-2.720024	0.04633686	2.27326
54.84	-8.532164	-8.464945	0.5322866	-7	0.7422384	0.8637055	-5.034685	0.09213839	1.722157
54.86	-8.569614	-8.533236	0.3923817	-7	0.6919628	0.8317125	-3.822319	0.0158025	2.016316
54.88	-8.526052	-8.464945	0.6235554	-7	0.7029815	0.8344955	-3.770617	0.06160403	2.101228
54.9	-8.521979	-8.464945	0.6392357	-7	0.7100772	0.8419176	-4.521124	-0.01473186	1.877315
54.92	-8.535664	-8.464945	0.5617584	-7	0.7166924	0.8752464	-5.232472	0.04633686	1.896732
54.94	-8.429643	-8.396656	1.07995	-7	0.6772945	0.8157712	-4.19615	0.0158025	2.00456
54.96	-8.520341	-8.464945	0.5784326	-7	0.671648	0.8202127	-5.830426	0.07687078	1.437623
54.98	-8.589518	-8.533236	0.2560375	-7	0.6263408	0.7995372	-4.068321	-0.0605334	1.992136
55	-8.647107	-8.533236	-0.01002705	-7	0.6800685	0.8590397	-4.152679	-0.1063349	2.225265
55.02	-8.48051	-8.396656	0.8384559	-7	0.7188566	0.8661599	-3.412391	-0.01473186	2.505629
55.04	-8.527834	-8.464945	0.5799978	-7	0.7382298	0.8722768	-5.549803	-0.01473186	1.64906
55.06	-8.579239	-8.533236	0.3600869	-7	0.6884723	0.8473945	-4.351767	-0.0605334	1.999584
55.08	-8.53582	-8.464945	0.5882312	-7	0.6999362	0.8494127	-4.041513	-0.01473186	2.161091
55.1	-8.612511	-8.533236	0.2187267	-7	0.7173082	0.8736534	-4.853893	0.04633686	1.927623
55.12	-8.565197	-8.533236	0.5208845	-7	0.6693938	0.7949905	-2.318741	0.0158025	2.334865
55.14	-8.537623	-8.464945	0.6445385	-7	0.7251256	0.8383991	-4.107396	-0.09106776	1.929609
55.16	-8.469577	-8.464945	0.9948732	-7	0.6710758	0.7662634	-3.105332	-0.1063349	1.897141
55.18	-8.420838	-8.396656	1.174659	-7	0.6656481	0.7628332	-4.545558	-0.01473186	1.499895
55.2	-8.623418	-8.533236	0.1120703	-7	0.6826248	0.8702218	-6.950035	-0.01473186	1.37226
55.22	-8.516321	-8.464945	0.6882618	-7	0.6214561	0.8016797	-2.921978	-0.04526665	2.516931
55.24	-8.536075	-8.464945	0.5570487	-7	0.6608302	0.7886741	-4.246226	-0.04526665	1.76442
55.26	-8.59337	-8.533236	0.2883781	-7	0.6528938	0.7969233	-3.745477	-0.0605334	1.952959
55.28	-8.54563	-8.464945	0.5342581	-7	0.6872886	0.8312992	-3.665928	0.04633686	2.196877
55.3	-8.515155	-8.464945	0.6885748	-7	0.6897156	0.8119093	-3.811215	-0.04526665	1.959677
55.32	-8.518037	-8.464945	0.6616783	-7	0.6917699	0.8224545	-4.481265	0.06160403	1.815834
55.34	-8.535304	-8.464945	0.5606213	7	0.698776	0.8566887	63.59086	0.03106925	20.45677
55.36	-8.482665	-8.464945	0.8386508	7	2.010662	0.7614036	77.05002	0.7180923	17.39538
55.38	-7.751117	-8.464945	4.99403	7	2.804543	0.684577	89.67912	10.9471	16.73129
55.4	-7.59112	-8.464945	6.09543	7	3.675143	1.253927	75.05975	20.00053	12.33619
55.42	-8.301979	-9.421001	3.323176	7	3.871245	1.580292	72.63744	29.67992	12.16517
55.44	-9.056813	-9.48929	0.3489325	7	4.77924	3.047274	56.95856	27.17611	15.24154
55.46	-7.579039	-8.464945	8.708741	7	5.048916	3.167919	65.92643	23.46618	19.26043
55.48	-7.402372	-8.464945	9.860312	7	5.299494	3.261892	42.30738	28.19901	10.94091
55.5	-6.376561	-7.4406	14.81459	7	5.208871	3.64399	27.34119	31.78679	11.02093
55.52	-8.727141	-8.806395	2.59494	7	5.679456	5.363125	-18.03843	0.8554969	6.788395
55.54	-8.571938	-9.079553	4.366857	7	4.783865	4.773662	26.70962	1.725726	20.85035
55.56	-6.88056	-7.099152	12.59832	7	5.36459	4.690937	18.67707	-4.365877	17.14247
55.58	-7.990242	-8.738104	6.99473	7	4.968355	4.22167	8.654838	-9.96893	9.474344
55.6	-7.336499	-7.850338	10.23315	7	4.757261	4.270869	18.14628	17.80206	15.3575
55.62	-7.126978	-7.167441	10.51251	7	5.31825	5.088119	-8.129204	8.977633	11.69244
55.64	-7.119496	-7.850338	10.40664	7	4.503839	4.249283	7.067815	-3.938396	12.53118
55.66	-6.962386	-7.099152	10.43314	7	4.72451	4.641971	-5.154901	6.137939	11.7497
55.68	-5.995881	-6.484545	14.50113	7	4.381271	4.242052	-0.5338678	-4.35061	12.12774
55.7	-6.950393	-7.167441	8.742583	7	4.299786	4.395307	-16.21604	-0.1368693	7.656012
55.72	-6.552489	-6.484545	9.970418	7	4.295835	4.812041	-11.19372	0.2142754	13.76176
55.74	-5.880908	-6.143096	12.50141	7	4.056628	4.21991	-4.987781	-5.526182	12.12023
55.76	-5.060336	-5.460199	15.36478	7	3.849389	3.816056	-8.647413	-6.77809	9.08578
55.78	-6.714383	-6.484545	5.802462	7	4.072443	4.72075	-33.53373	1.481451	6.078681
55.8	-6.541095	-6.143096	6.186082	7	4.027185	5.112717	-14.76575	-2.56435	16.31828
55.82	-5.771632	-5.733358	9.517908	7	4.008933	4.421981	-2.258979	-12.1216	14.93483
55.84	-4.667649	-5.460199	14.4456	7	3.356037	2.894908	15.35574	-1.602518	10.94306
55.86	-5.166753	-5.050462	10.37224	7	4.049999	4.087159	-24.2756	13.14557	5.016035
55.88	-5.136624	-4.709013	9.32817	7	4.30553	5.308695	-36.23416	4.657024	10.55655
55.9	-3.370655	-3.411509	16.88482	7	3.957279	4.767173	-27.48283	-8.717022	11.86393
55.92	-2.327059	-3.001771	20.24883	7	3.092308	3.354578	-28.81275	-14.38114	3.63916
55.94	-3.023398	-3.070061	14.38623	7	2.806601	3.695671	-52.66307	-0.793358	-0.2457342
55.96	-3.451678	-3.13835	10.40426	7	2.384863	3.939417	-45.82885	-8.94603	5.935022
55.98	-2.086578	-1.704267	15.25266	7	2.325625	3.696069	-35.82138	-24.74755	8.965406
56	-1.188775	-1.635977	17.72383	7	1.513788	2.102889	-22.59822	-20.19794	3.205202
56.02	-1.437059	-1.635977	14.14548	7	1.172084	1.762437	-29.06631	-2.686488	-0.5123768
56.04	-0.7552438	-0.4067631	15.00625	7	1.400805	2.484881	-38.66751	-6.579618	2.620998
56.06	-0.5882486	-0.2701836	13.40631	7	1.353846	2.630284	-45.31151	-17.03763	1.584571
56.08	0.6707376	0.6175833	17.38262	7	0.8323509	1.892041	-32.23437	-22.56435	2.809025
56.1	0.6120528	0.6175833	14.46102	7	0.5605848	1.499537	-40.43016	-15.83153	-2.408775
56.12	1.687055	1.573638	17.30057	7	0.06349023	0.9981006	-29.65063	-9.342976	0.09478378
56.14	1.487272	1.573638	13.53003	7	-0.07914025	0.875122	-39.37574	-15.57198	-3.953559
56.16	2.049283	1.573638	14.27075	7	-1.076087	-0.4605613	-8.075049	-11.84679	-0.5610046
56.18	2.298276	2.529693	12.74565	7	-0.6207565	-0.04020539	-23.50012	-17.70939	-3.464131
56.2	2.744967	2.529693	12.78836	7	-1.018661	-0.5205501	-10.71382	-12.74756	-1.906978
56.22	3.632847	3.758908	14.55174	7	-0.6932688	-0.183056	-21.88362	-10.0758	-3.19334
56.24	3.97051	3.827197	13.73193	7	-0.9473698	-0.3911051	-24.50533	-6.518548	-5.060282
56.26	5.0828	5.056413	16.50528	7	-1.032243	-0.3585685	-29.26508	-5.724655	-4.844086
56.28	3.841383	4.168647	7.647067	7	-1.027298	0.1225992	-46.72673	-10.32008	-8.101559
56.3	4.800134	5.397861	10.23543	7	-0.9565185	0.5688723	-34.45286	-11.0529	0.7032633
56.32	5.121397	5.466149	9.641024	7	-0.9700182	0.1613291	-33.8835	-17.02237	-2.980844
56.34	4.923366	4.851542	7.025268	7	-1.551989	-0.7682939	-15.02502	5.496718	-3.010321
56.36	4.441271	4.783254	3.108551	7	-1.351636	-0.6477377	-10.81231	5.817328	-1.850167
56.38	5.886681	6.353915	8.716019	7	-0.7550616	-0.1389992	-10.2438	-4.472747	1.435286
56.4	6.64601	6.695365	10.64692	7	-0.6164443	-0.2426574	-22.86285	4.458549	-4.422775
56.42	6.206255	6.080756	6.854607	7	-1.051714	-0.5101673	-24.43704	11.43565	-6.204477
56.44	7.042626	7.378261	9.183493	7	-0.8829266	-0.02607252	-28.89376	3.069237	-2.907013
56.46	6.722356	6.968522	5.867391	7	-1.008142	-0.07194079	-34.55095	-6.320076	-5.449484
56.48	7.25233	7.309972	7.139291	7	-1.436172	-0.6120744	-18.30239	-9.449846	-2.408177
56.5	7.428927	7.446551	6.510939	7	-1.605025	-1.109851	-14.94692	-3.831526	-4.85155
56.52	8.829103	9.017213	11.50611	7	-1.359387	-0.8291192	-23.48166	-0.5948847	-4.821057
56.54	8.188157	8.402606	6.256314	7	-1.405416	-0.5579253	-42.64114	-1.022365	-9.819473
56.56	8.04277	8.197738	4.186285	7	-1.9559	-0.8707809	-24.78432	-3.709388	-4.326963
56.58	8.925132	9.358663	6.91334	7	-1.727854	-0.8300719	-23.89508	-3.892595	-3.57567
56.6	7.865342	8.129447	0.3556414	7	-1.874555	-1.046176	-24.20691	-4.686488	-6.702082
56.62	8.394487	8.744054	2.138488	7	-1.863289	-1.101288	-6.236414	-7.220838	-0.6085205
56.64	9.157087	9.358663	4.822735	7	-1.602493	-1.294917	-7.262714	-6.701755	-3.419905
56.66	9.077286	9.017213	3.401634	7	-1.726454	-1.548102	-8.947047	-4.152136	-6.262059
56.68	9.524272	9.49524	4.607387	7	-1.810219	-1.607564	-6.427761	4.641757	-5.081612
56.7	8.500988	8.744054	-1.409699	7	-1.677801	-1.254834	-15.0902	8.595955	-6.670323
56.72	9.149742	9.358663	1.350972	7	-1.676042	-1.241992	0.8664732	4.153207	-0.5763187
56.74	9.07188	9.290372	0.2888756	7	-1.376856	-1.193309	-5.907503	0.5959549	-4.155221
56.76	10.66495	10.72446	7.319552	7	-1.214278	-1.076173	-7.646171	-1.26664	-2.924439
56.78	9.984024	9.83669	2.844465	7	-1.473739	-1.30444	-22.58664	0.5654205	-9.966921
56.8	8.894631	9.017213	-3.043452	7	-1.855704	-1.23497	-12.71615	2.550153	-5.209347
56.82	8.726543	9.085504	-3.948322	7	-1.765243	-1.26744	4.524913	1.603589	-0.0697937
56.84	8.637781	9.017213	-4.33576	7	-1.314694	-1.161809	9.191624	-2.136869	0.0175705
56.86	9.785645	9.83669	1.395297	7	-1.016465	-1.254744	14.07441	-4.472747	0.2752361
56.88	10.09807	9.904979	2.555977	7	-0.8973559	-1.318429	0.2973223	-0.1826708	-5.528634
56.9	9.409834	9.290372	-1.140877	7	-1.067785	-1.113727	-6.894459	13.54252	-6.114934
56.92	9.019946	9.222083	-3.116868	7	-1.036815	-0.7461902	-4.335443	15.63412	-2.249063
56.94	8.867726	9.290372	-3.820706	7	-0.7017173	-0.3215322	-5.227565	5.450916	-0.4292002
56.96	9.986574	10.17814	1.713544	7	-0.5155249	-0.3425395	-2.612884	-4.747556	0.3770685
56.98	10.23515	10.17814	2.528845	7	-0.5678271	-0.5384163	-14.51414	-6.411678	-5.161659
57	8.873709	8.812345	-4.262599	7	-1.050978	-0.7401743	-12.47166	-6.793358	-5.532766
57.02	8.591401	8.744054	-5.196994	7	-1.244469	-0.9364026	8.954884	-5.617785	0.9606867
57.04	8.495997	8.675765	-5.17054	7	-0.9731036	-1.091007	17.11663	-2.503282	0.9770327
57.06	8.790123	8.744054	-3.129066	7	-0.759868	-1.231417	22.97223	1.05397	0.7535515
57.08	8.915642	8.744054	-2.069157	7	-0.5580387	-1.210904	19.12305	9.130306	-1.333755
57.1	9.900976	9.70011	2.867831	7	-0.3360658	-0.9358597	9.533936	15.0845	-2.045834
57.12	10.96048	10.79274	7.371266	7	-0.150436	-0.4512098	-17.14487	13.20664	-6.407043
57.14	9.055758	9.017213	-2.656815	7	-0.623858	-0.1503243	-35.18985	6.580688	-9.769682
57.16	8.696575	9.085504	-4.290225	7	-0.9628671	0.01904261	-14.06502	-0.7628236	0.6972494
57.18	8.672881	9.085504	-4.186762	7	-0.8432672	-0.2987449	-2.323799	-9.907862	1.304965
57.2	8.781156	9.017213	-3.339884	7	-0.6821192	-0.5163402	4.344783	-15.90786	0.7385254
57.22	8.983909	9.017213	-2.016989	7	-0.6011565	-0.720744	7.794147	-16.1674	-0.2930899
57.24	9.415377	9.017213	0.4732927	7	-0.9124478	-1.433005	17.58595	-5.984197	-1.655817
57.26	9.272039	9.017213	-0.2670827	7	-0.8752334	-1.422368	9.123713	27.86313	-4.52128
57.28	9.079753	9.290372	-1.435962	7	-0.4697378	-0.4821989	-7.037744	26.58068	-3.401522
57.3	8.018049	8.470897	-6.540056	7	-0.2320989	0.2733224	-14.33848	9.588322	-1.488251
57.32	8.696242	9.290372	-2.802304	7	0.141336	0.7863388	-9.05645	-13.86206	3.957945
57.34	9.473641	9.290372	1.413336	7	-0.2213784	-0.251205	1.508204	-30.62542	0.2001925
57.36	9.71607	9.290372	2.566396	7	-0.6418273	-0.9980881	0.8000546	-29.64832	-4.405375
57.38	10.40165	9.290372	5.989897	7	-1.819569	-2.706572	24.05895	13.0845	-5.593898
57.4	8.57624	8.744054	-3.919832	7	-1.240371	-1.448474	-12.28548	32.76389	-10.24148
57.42	8.263451	8.744054	-5.319488	7	-1.032304	-0.4562148	-1.142971	16.35168	1.068317
57.44	8.724504	9.63182	-3.16393	7	-0.01978278	0.6395484	-14.96316	-20.1216	2.005719
57.46	8.834481	8.744054	-2.082678	7	-0.4817978	-0.3105247	2.683439	-36.27427	0.6675825
57.48	10.2468	9.63182	5.144113	7	-1.032468	-1.647702	20.31048	-17.86206	-1.152419
57.5	7.336936	8.197738	-9.993703	7	0.1487052	0.5848641	-38.8391	34.8097	-9.118509
57.52	10.37873	10.17814	5.900612	7	-0.6966238	-0.3111138	17.41893	30.65702	8.539478
57.54	8.39873	8.470897	-4.424168	7	-0.3868553	-0.5378497	-20.00922	16.19901	-9.64274
57.56	7.919616	8.470897	-6.396387	7	-0.28031	0.50253	-10.47452	-0.2742739	2.172802
57.58	8.910604	9.222083	-1.041026	7	-0.1265338	0.2083323	1.450891	-11.66359	3.798026
57.6	8.087837	7.924579	-4.598716	7	-0.421035	-0.5824227	5.544764	-14.18267	-1.880403
57.62	8.033775	7.856288	-4.063725	7	-0.6293277	-0.9590959	22.13201	-11.31244	1.519142
57.64	8.018717	7.856288	-3.485716	7	-0.4712959	-1.112548	24.76101	16.35168	0.4017506
57.66	8.472522	8.744054	-1.101546	7	0.3333009	-0.009424746	3.093146	17.69519	-0.08666039
57.68	9.773728	9.70011	5.229149	7	0.4487343	0.2820453	-9.491661	6.305878	-1.251235
57.7	8.38832	8.266026	-1.867525	7	0.04777385	0.2541398	-26.18601	-1.541449	-6.909864
57.72	8.118542	8.129447	-2.815427	7	-0.5373586	-0.03022697	-4.68625	-4.884961	0.7176514
57.74	8.798581	9.017213	0.5341665	7	-0.3420826	-0.1322367	-2.897401	-3.281907	0.6551723
57.76	9.033629	9.085504	1.434449	7	-0.2962234	-0.1922934	-10.66305	-5.877327	-2.696058
57.78	9.681058	9.563531	4.230526	7	-0.5374789	-0.4089362	-11.9748	-6.121602	-3.284777
57.8	9.091328	9.017213	0.7585402	7	-0.8502674	-0.5883065	-18.2821	6.107405	-6.128667
57.82	7.816477	8.129447	-5.66468	7	-0.9856848	-0.3277386	-13.42011	2.382215	-2.620581
57.84	7.774004	8.197738	-5.438555	7	-0.8717703	-0.3535812	6.55814	-3.556717	3.424116
57.86	7.821951	8.197738	-4.773408	7	-0.399564	-0.3178652	9.634117	-7.617785	2.411618
57.88	10.07382	9.904979	6.483611	7	-0.2256444	-0.6808721	13.74304	-9.800991	1.811328
57.9	8.792101	8.197738	-0.133929	7	-0.6893743	-1.311092	-3.569185	6.015802	-9.40271
57.92	8.026134	8.197738	-3.921298	7	-0.6548765	-0.4309608	-5.056611	26.24481	-2.238402
57.94	7.544283	8.129447	-6.063898	7	-0.198072	0.3215439	-6.374936	15.38985	1.566706
57.96	7.696272	8.129447	-4.723575	7	0.08428994	0.4585603	1.1923	-0.4574801	3.882335
57.98	7.929215	8.197738	-3.052812	7	0.3591403	0.4693793	0.3212643	-9.526182	2.418695
58	9.702476	9.563531	5.833863	7	0.35877	0.1524742	-0.714561	-13.66359	1.001008
58.02	8.695963	7.924579	0.8372455	7	-0.5858819	-1.078207	-2.421892	2.626489	-7.671373
58.04	8.537703	8.812345	-0.3407006	7	-0.3062336	-0.01833758	-15.33711	26.50435	-2.841618
58.06	9.221702	9.63182	2.537598	7	-0.0400047	0.5788391	-24.61525	14.03107	-1.139624
58.08	8.307928	8.812345	-2.474536	7	0.01237667	0.9739863	-38.15887	-2.289541	-3.632679
58.1	7.342741	7.856288	-6.911469	7	-0.3094527	0.8482764	-19.95261	-16.85443	1.808471
58.12	7.554584	7.924579	-5.133831	7	-0.3852146	0.1941641	5.983688	-26.88496	5.367492
58.14	8.546191	8.402606	0.3208981	7	-0.4222462	-0.7639005	20.22184	-29.44984	2.596342
58.16	9.120241	8.470897	3.30706	7	-0.7185876	-1.655133	21.17997	-23.46511	-3.29474
58.18	9.242299	8.402606	3.79045	7	-1.218034	-2.268864	20.90793	26.65702	-6.292315
58.2	8.047791	8.470897	-2.899786	7	-0.3617914	-0.349839	-18.49381	35.22191	-6.875343
58.22	9.095317	9.290372	2.219011	7	-0.426011	0.03189119	-7.123355	14.96237	1.480777
58.24	7.773149	8.402606	-4.799803	7	0.06768566	0.7838311	-32.56443	-27.1903	-4.115611
58.26	8.856587	8.470897	1.286479	7	-1.01255	-0.7755461	15.80811	-42.71702	3.934346
58.28	10.34603	9.83669	8.148037	7	-1.091427	-1.829317	12.21247	-17.72465	-4.296986
58.3	6.892861	8.470897	-10.51274	7	0.7856039	2.025337	-74.95619	33.72572	-11.0368
58.32	8.817311	9.290372	-0.06764627	7	-0.1255356	1.542066	-11.82397	26.56542	11.28772
58.34	7.12888	7.924579	-8.474233	7	0.3782181	1.292548	-32.12282	13.20664	-1.837835
58.36	7.097594	7.856288	-7.711255	7	0.4618726	1.57834	-10.50266	-4.014731	7.455744
58.38	7.378851	7.787999	-5.35886	7	0.613837	1.021189	1.814947	-10.9613	5.962351
58.4	8.082878	7.856288	-0.9472903	7	0.352142	0.02890405	15.48539	-9.54145	3.358902
58.42	8.668241	7.856288	2.562758	7	-0.2602853	-1.254996	25.18193	28.39748	-1.416033
58.44	8.78898	9.017213	2.496658	7	0.5882816	0.309407	-19.08482	37.80206	-5.264565
58.46	7.559124	8.129447	-3.898314	7	0.789372	1.699583	-42.41592	19.46618	-3.175583
58.48	7.437536	8.129447	-4.165853	7	0.6737435	2.01986	-30.73904	0.6722908	4.155877
58.5	8.255983	8.675765	0.1393771	7	0.5784383	1.446855	-19.99363	-29.32771	3.947042
58.52	7.939106	7.856288	-1.181124	7	0.04160532	0.3833279	-11.24495	-41.51092	-0.7388382
58.54	9.028501	8.470897	4.464265	7	-0.7403961	-1.008968	13.34809	-25.43458	0.1281118
58.56	8.365536	8.402606	0.4966153	7	-0.4173365	-0.5664498	-13.46381	27.2219	-6.639989
58.58	8.45532	8.470897	0.740038	7	-0.645766	-0.3574988	-7.384323	20.35168	-1.617208
58.6	8.08279	8.470897	-1.507854	7	-0.3583168	0.1234861	-17.41895	6.061604	-2.232756
58.62	7.723076	8.470897	-3.530541	7	0.1142834	1.050328	-26.49417	-20.06053	0.3879156
58.64	9.042667	9.017213	3.200992	7	-0.3539985	0.0693349	-2.415979	-38.42694	2.818103
58.66	8.634651	8.129447	1.078317	7	-0.9929658	-1.291938	3.632362	-34.67122	-4.954965
58.68	9.692732	8.129447	6.720155	7	-2.642127	-3.984031	53.88791	19.46618	-3.284946
58.7	8.937615	9.017213	1.557826	7	-1.420368	-2.306498	0.6271148	29.43565	-11.35104
58.72	9.744797	9.904979	4.658691	7	-1.078879	-0.9526383	-9.95397	9.969999	-3.965978
58.74	8.110072	8.470897	-4.142494	7	-0.9521817	-0.3498646	-26.06439	-9.480381	-6.70841
58.76	8.937597	9.017213	0.122387	7	-1.361374	-0.8615634	6.796868	-34.15213	2.536322
58.78	8.109956	8.197738	-4.065036	7	-1.222695	-1.268408	5.392518	-39.38877	-3.213556
58.8	8.640967	8.061158	-0.7757778	7	-1.831795	-2.487398	41.03777	-34.64068	0.9743786
58.82	9.784281	8.197738	5.412976	7	-2.789822	-4.931204	75.27769	7.985268	-3.847034
58.84	9.973675	9.290372	5.352123	7	-1.965401	-3.938045	34.4254	22.45855	-11.55427
58.86	9.772993	9.290372	3.511799	7	-1.76772	-2.753826	12.6118	21.95473	-9.722816
58.88	7.619688	7.856288	-7.5568	7	-1.429811	-1.387646	-4.560481	19.00817	-7.09152
58.9	8.602197	8.744054	-2.158901	7	-1.387748	-1.327534	25.90611	4.9471	4.552185
58.92	7.794521	8.129447	-6.064651	7	-0.6162087	-0.8823675	8.570467	-13.34298	-2.025131
58.94	7.753215	7.309972	-5.084385	7	-1.113444	-1.743416	40.99678	-32.80862	2.784221
58.96	8.725287	8.129447	0.448096	7	-0.9954616	-2.402184	49.65879	-31.60251	0.5456095
58.98	10.52102	8.402606	10.0044	7	-2.311185	-5.048651	81.11774	25.28297	-5.089455
59	8.682534	7.856288	-0.009647846	7	-1.701485	-3.788387	26.31015	34.79442	-16.00879
59.02	7.982875	7.856288	-3.49753	7	-1.416845	-2.031166	21.39363	25.11504	-3.745043
59.04	6.986835	7.241681	-8.00989	7	-0.8846283	-1.14367	19.4953	10.29061	-0.03969955
59.06	8.017878	8.129447	-2.185446	7	-0.4014276	-0.8553686	29.96933	-8.091067	4.696295
59.08	8.071735	7.583131	-1.316471	7	-0.4296989	-1.461932	29.73759	-20.88496	-1.246426
59.1	8.195704	7.583131	-0.1807833	7	-0.5840564	-1.699015	31.246	-23.49565	-1.934627
59.12	9.371586	7.924579	6.208999	7	-1.553187	-3.376598	55.75003	13.25244	-3.009746
59.14	7.964816	7.924579	-1.595352	7	-0.532297	-1.547643	0.7044253	37.77153	-10.45452
59.16	7.164358	7.309972	-5.257443	7	-0.4793961	-0.3855348	4.128768	20.77916	-0.2639551
59.18	7.297087	7.583131	-4.088093	7	-0.148994	-0.09009047	10.68516	4.107405	3.272553
59.2	7.519777	7.583131	-2.468535	7	0.08136214	-0.153547	11.99293	-15.60252	2.012257
59.22	7.253664	7.036813	-3.135058	7	-0.02651554	-0.4773496	16.30313	-24.83916	0.5360069
59.24	6.844908	6.012467	-3.942337	7	-0.8209181	-1.864291	45.75358	-0.1826708	1.147969
59.26	7.130519	7.309972	-2.268087	7	0.2615613	-0.5796359	21.69885	44.71809	0.7638378
59.28	6.672496	6.695365	-3.990954	7	0.6159171	0.1722848	9.077996	28.71809	0.4904366
59.3	6.668825	6.627074	-3.212957	7	0.6609953	0.3794659	11.75472	8.901297	2.980174
59.32	7.57049	7.583131	1.609054	7	0.9570826	0.6602005	3.020495	-6.0758	2.311419
59.34	7.154129	7.036813	-0.3118058	7	0.8579755	0.7379547	-10.96746	-15.32771	-1.883045
59.36	7.779027	6.968522	3.377068	7	-0.2630677	-0.7178197	17.83955	7.924199	0.6773615
59.38	6.742081	6.968522	-2.189625	7	0.3065115	0.2105352	-13.33255	15.34404	-4.327238
59.4	5.807632	6.149047	-6.350924	7	0.2842677	0.8102491	-5.60258	0.183741	2.582929
59.42	6.816683	7.036813	-0.744026	7	0.4289182	0.5927937	10.16865	-9.892594	6.442064
59.44	7.228503	7.036813	1.505668	7	0.43826	0.05885988	6.183887	-13.26664	0.3794565
59.46	7.537384	7.036813	3.134148	7	0.0317449	-0.4784709	8.173909	20.38221	-1.592407
59.48	6.698131	6.968522	-1.44955	7	0.4808238	0.605603	-18.51366	18.71809	-3.332468
59.5	6.470578	6.968522	-2.527877	7	0.6491525	1.403085	-19.63771	2.84023	2.381941
59.52	6.298398	6.695365	-3.0709	7	0.6574488	1.333088	-13.23279	-12.39641	3.5381
59.54	6.660386	6.763654	-0.8396821	7	0.497059	0.7868139	-0.8077087	-19.69412	3.860017
59.56	7.235932	6.627074	2.492563	7	-0.1959532	-0.6984389	19.90532	11.48145	1.176602
59.58	6.241665	6.763654	-2.928617	7	0.7567471	0.8430878	-19.52598	21.35931	-3.05668
59.6	6.233124	6.763654	-2.72102	7	0.9401147	1.711575	-17.68098	6.611221	4.142716
59.62	6.946364	7.309972	0.9546132	7	1.056085	1.644041	-16.76881	-6.365877	3.951804
59.64	6.363126	6.353915	-1.691396	7	0.6558519	1.011704	-13.42211	-10.83916	0.3497334
59.66	7.548199	7.241681	4.423473	7	0.1334481	0.1011814	6.187903	8.443283	2.794349
59.68	7.701109	7.924579	4.286484	7	0.6405116	0.767885	-26.90064	7.878397	-4.160546
59.7	6.593742	6.968522	-1.681345	7	0.5042413	1.439683	-37.95656	-3.144503	-2.641762
59.72	6.61835	6.968522	-1.443765	7	0.1331644	1.147284	-17.35822	-7.953663	3.59265
59.74	8.345222	8.402606	6.784955	7	0.04396959	0.3778348	-7.579754	-13.0987	2.369335
59.76	7.899083	7.583131	3.850842	7	-0.3985008	-0.3807386	-16.78191	-6.610152	-6.287335
59.78	7.324106	7.583131	0.3008374	7	-0.4131268	0.2079925	-23.25988	17.55779	-3.243576
59.8	5.79199	6.695365	-7.572578	7	0.01922351	1.252298	-29.83869	1.679925	0.3608551
59.82	6.316237	6.763654	-4.229282	7	-0.1355762	0.6867378	6.440681	-13.60252	8.41599
59.84	8.06048	8.197738	4.421057	7	0.2895731	0.1655028	6.738153	-18.88496	3.614851
59.86	7.315361	7.241681	0.3593349	7	0.3358662	0.230302	-15.50833	-23.40404	-4.837165
59.88	8.177736	7.241681	5.027513	7	-0.9822779	-1.441604	23.05719	1.878398	0.1018991
59.9	7.448961	8.129447	0.1622424	7	0.3123754	0.5005407	-31.31966	31.84786	-6.406689
59.92	8.796232	9.017213	6.290448	7	0.1268394	0.9068655	-25.66688	10.62649	0.7951155
59.94	7.884998	8.197738	0.8516502	7	0.008718133	0.898477	-43.09814	-6.442213	-5.678291
59.96	6.878529	7.309972	-4.256993	7	-0.4443657	0.8017728	-26.39471	-19.61778	0.2156801
59.98	8.635663	9.017213	4.224737	7	-0.3811243	0.3485032	-7.685121	-28.45748	4.357473
60	7.725481	7.71971	-0.7502494	7	-0.5668895	-0.3288661	-15.15496	-33.03763	-4.908298
60.02	7.414491	6.968522	-1.867969	7	-1.462004	-1.52586	20.53462	-9.251373	0.178071
60.04	7.51098	7.924579	-1.696957	7	-0.5818436	-0.6908007	6.200301	22.74862	-0.4205132
60.06	8.050523	8.129447	0.9100903	7	-0.3306806	-0.4301584	4.608373	11.13031	0.1477346
60.08	7.174413	7.241681	-3.412933	7	-0.2496766	-0.2541421	-2.666377	0.1379395	-2.318427
60.1	7.593306	7.309972	-0.7675468	7	-0.663717	-0.9050416	21.4662	6.137939	2.293246
60.12	6.957858	7.241681	-3.92129	7	0.009433478	-0.1897569	2.000739	15.06924	-1.349878
60.14	7.234494	7.309972	-2.055964	7	0.09113917	0.04138251	9.337835	2.321146	2.773709
60.16	7.612833	7.378261	0.2144564	7	-0.0001726449	-0.4187485	13.55459	7.145572	0.7440844
60.18	8.089693	8.061158	2.411746	7	0.3019717	0.001466781	-2.509584	8.275344	-1.596251
60.2	8.281247	8.129447	3.076841	7	0.1455059	0.1089084	-11.90822	11.46618	-3.00536
60.22	7.973422	8.197738	1.022154	7	0.2040107	0.6811802	-27.13603	5.252444	-3.327468
60.24	7.043174	7.241681	-3.557878	7	-0.1965515	0.5430704	-18.15565	-5.785724	-0.7302141
60.26	7.081187	7.378261	-3.05481	7	-0.2740992	0.2695969	-0.955966	-10.36588	3.299167
60.28	7.268384	7.378261	-1.824177	7	-0.2029293	-0.1494742	7.32153	-4.167403	2.07685
60.3	7.137271	7.241681	-2.251014	7	0.01312361	-0.07637116	4.631277	6.199008	0.5751743
60.32	6.993626	7.309972	-2.774198	7	0.4194435	0.5484576	-3.970686	12.51962	1.217591
60.34	7.020816	7.309972	-2.32163	7	0.6315449	0.8983672	-6.818271	6.107405	2.253179
60.36	7.281344	7.241681	-0.5863239	7	0.4307604	0.4910856	0.4061971	3.389848	2.062057
60.38	8.63949	8.675765	5.866796	7	0.6429297	0.6262952	-11.24163	6.183741	0.1028013
60.4	7.932795	7.924579	1.772768	7	0.4443256	0.7745452	-32.41087	3.328779	-5.745682
60.42	7.547032	7.856288	-0.4340726	7	0.156947	1.092881	-30.4467	0.7028251	-0.9272747
60.44	7.426919	7.856288	-1.19323	7	0.03967786	0.9914019	-23.76894	-6.472747	1.024427
60.46	6.712409	7.036813	-4.535677	7	-0.1623034	0.5706235	-11.66584	-11.89259	1.39744
60.48	6.684255	6.968522	-4.165774	7	-0.1549081	0.2337649	5.442479	-10.93076	4.143683
60.5	6.609124	6.968522	-4.125092	7	0.2869645	0.4013923	4.49475	8.046336	3.123695
60.52	6.971512	7.036813	-1.767515	7	0.4128564	0.2998233	9.336257	3.832596	3.315513
60.54	7.070838	7.036813	-0.9162868	7	0.5333176	0.287653	4.24426	16.03107	0.9429064
60.56	6.879744	7.036813	-1.660887	7	0.7630256	0.7940112	-7.117601	7.527252	0.4585257
60.58	6.781478	6.968522	-1.830726	7	0.7973569	1.065555	-9.500415	2.061604	1.812883
60.6	6.843249	7.036813	-1.22869	7	0.8086092	1.123606	-10.17274	-1.0529	2.181554
60.62	6.913955	6.968522	-0.5822154	7	0.6533593	0.8791153	-7.441541	-0.1826708	1.701422
60.64	6.857571	6.968522	-0.6998878	7	0.6182408	0.8483716	-9.481624	0.0005348892	0.990592
60.66	6.905343	7.036813	-0.3367994	7	0.5777339	0.8611622	-10.05382	0.4738175	1.238248
60.68	8.290141	8.402606	6.174675	7	0.6810794	0.9388995	-16.49251	0.03106925	0.9341812
60.7	7.507469	7.583131	1.626798	7	0.4752573	0.9850652	-35.84089	0.2295426	-5.252171
60.72	7.293542	7.583131	0.2605121	7	0.1143832	1.097018	-28.78944	-0.8238924	-0.09350491
60.74	7.06569	7.65142	-1.229266	7	0.2194858	1.278378	-29.59807	-5.510915	0.7790642
60.76	7.088234	7.51484	-1.184043	7	0.1169451	1.033304	-19.79637	-10.39641	2.204685
60.78	7.312378	7.583131	-0.1211749	7	0.049687	0.6404471	-12.34282	-14.56435	1.669722
60.8	7.719712	7.583131	1.893859	7	-0.3121133	-0.1862487	-0.3356948	5.985268	0.2531986
60.82	7.020506	7.583131	-2.113429	7	0.3093488	0.8173468	-25.01367	13.02344	-2.35137
60.84	6.949641	7.51484	-2.438776	7	0.4342383	1.358336	-21.64253	0.7028251	2.701095
60.86	7.321267	7.51484	-0.372454	7	0.2290619	0.7703944	-8.740679	-7.129235	2.89369
60.88	7.64172	7.583131	1.260329	7	0.01661551	0.1311883	-3.337684	-6.0758	0.2856598
60.9	7.322737	7.51484	-0.5551391	7	0.1673177	0.4170802	-13.94645	9.115039	-1.597249
60.92	7.237331	7.583131	-1.072762	7	0.2813836	0.8327376	-16.57378	1.557787	0.6452837
60.94	7.279425	7.51484	-0.8151235	7	0.2152834	0.71861	-12.39789	-6.014732	1.271306
60.96	8.903092	8.948924	6.857569	7	0.2117712	0.449654	-12.00313	-7.709388	0.8255777
60.98	8.324788	8.197738	3.198313	7	-0.1072972	0.155762	-28.80666	-0.8696939	-6.845457
61	8.840858	9.017213	4.929796	7	-0.3368537	0.4244162	-29.92072	3.481451	-2.732553
61.02	7.751399	8.197738	-1.300958	7	-0.4313655	0.6327018	-39.11023	-1.892594	-4.64653
61.04	7.651156	8.129447	-1.977711	7	-0.6791855	0.4706013	-19.34843	-7.26664	1.673174
61.06	7.583407	8.061158	-2.442588	7	-0.5428296	0.1993761	-10.91314	-13.1903	1.33097
61.08	7.018857	7.309972	-4.978281	7	-0.5354819	-0.1104615	0.3576846	-18.44221	1.386456
61.1	7.504202	7.241681	-1.842446	7	-0.8892051	-1.201529	29.73235	-1.739923	3.43088
61.12	7.765688	8.129447	-0.7628118	7	0.1365477	-0.1996968	2.576959	20.42801	-0.8844528
61.14	8.229414	8.197738	1.56047	7	0.1926764	0.09322993	-3.060964	10.0616	-0.5659351
61.16	8.388946	8.129447	2.269149	7	-0.1267049	-0.2529097	-4.502739	6.24481	-2.574556
61.18	7.949553	8.197738	-0.3354818	7	0.07448268	0.4121778	-21.30208	6.473817	-3.282981
61.2	7.893498	8.197738	-0.7413259	7	-7.638335e-05	0.667792	-19.22092	-3.556717	-0.01924133
61.22	7.063499	7.309972	-4.645274	7	-0.2098044	0.3789833	-10.79735	-5.15977	0.23633
61.24	6.999924	7.309972	-4.449458	7	-0.1609082	0.2301747	3.88687	-5.388777	3.707484
61.26	7.113665	7.309972	-3.372994	7	0.07170364	0.0766236	9.053379	-0.8086252	2.978945
61.28	8.062983	8.129447	1.542432	7	0.3811146	0.1781769	4.611952	4.214275	1.85778
61.3	7.338898	7.309972	-1.970235	7	0.3794841	0.3044404	-9.048047	14.48908	-2.663687
61.32	7.052438	7.309972	-3.08791	7	0.4293403	0.7919615	-9.006868	10.97763	1.44741
61.34	6.810048	7.241681	-3.933644	7	0.6709524	1.154189	-11.22576	1.084505	2.635196
61.36	8.018136	8.129447	2.358445	7	0.6496213	0.873895	-4.38133	-5.388777	3.708034
61.38	9.008413	8.812345	6.836278	7	0.5031029	0.45068	-17.13094	2.443283	-2.724566
61.4	8.797771	8.744054	4.891167	7	0.2160426	0.6330397	-37.5176	6.305878	-6.681215
61.42	7.310344	7.856288	-3.141172	7	0.03783214	1.342056	-47.64109	2.550153	-4.11257
61.44	7.170559	7.787999	-3.71021	7	-0.2578869	1.145406	-22.3812	-6.594884	4.054785
61.46	7.191451	7.856288	-3.53343	7	0.01682043	0.9405012	-15.10921	-19.0071	3.424478
61.48	7.65785	7.856288	-0.9358963	7	-0.06330085	0.3311673	-1.586337	-24.80862	2.980772
61.5	8.464871	7.856288	3.375534	7	-0.7441335	-1.237217	19.81475	13.67992	-0.1405716
61.52	7.608682	7.856288	-1.461719	7	-0.08660454	-0.2087255	-13.11644	28.56542	-5.412416
61.54	7.266885	7.787999	-3.195546	7	0.2027131	0.8696178	-17.78529	12.48908	0.8322058
61.56	7.388558	7.787999	-2.356942	7	0.2741141	0.8975351	-11.51612	-8.243739	2.795218
61.58	9.335828	9.290372	7.141782	7	0.1865453	0.3006103	-5.847634	-15.43458	1.75458
61.6	8.730186	8.470897	3.398161	7	-0.1657985	-0.1275921	-25.41998	-13.17504	-7.913536
61.62	8.532439	8.470897	1.9428	7	-0.7003303	-0.1812297	-19.11884	15.51199	-3.581272
61.64	6.732709	7.51484	-7.407958	7	-0.3297416	0.7551864	-31.78655	9.038703	-2.661926
61.66	6.566562	7.51484	-7.715317	7	-0.005648911	1.278028	-11.49792	-8.717022	7.078495
61.68	8.3798	9.017213	1.490902	7	0.5959834	1.176182	-6.623249	-23.12923	6.634709
61.7	8.356194	8.129447	1.417306	7	0.2199113	0.1940989	-10.11053	-29.55671	-2.488609
61.72	8.930233	8.197738	4.410799	7	-0.759492	-1.138487	10.05644	-1.297175	-2.308516
61.74	7.300509	8.061158	-4.54663	7	0.2434965	0.7649837	-36.38831	35.42038	-6.321859
61.76	7.559026	8.061158	-2.919454	7	0.05470514	1.108035	-15.26233	17.84786	4.588598
61.78	7.573367	8.197738	-2.811009	7	0.4392981	1.201113	-20.03737	-4.320075	2.066665
61.8	8.748299	8.812345	3.133837	7	0.2048143	0.5863906	-9.035789	-21.25137	2.258691
61.82	7.859627	7.856288	-1.451983	7	-0.02575545	0.2226933	-18.43187	-23.38878	-4.111252
61.84	7.927358	7.71971	-0.7617606	7	-0.6666728	-0.4916025	5.382744	-15.67885	0.7492981
61.86	7.645517	7.856288	-2.225325	7	-0.3578598	-0.3017357	-1.136703	11.42038	-1.051909
61.88	7.772099	7.856288	-1.408169	7	-0.3110801	-0.2597738	3.869033	10.24481	0.7271547
61.9	7.575655	7.787999	-2.302604	7	-0.03366761	0.04150423	-2.526859	4.73336	-0.2503281
61.92	7.590091	7.787999	-2.009822	7	0.1061032	0.2782913	-2.875374	6.809695	0.9964333
61.94	7.773886	7.856288	-0.8699166	7	0.1278834	0.2149092	-1.75156	5.664657	0.8081293
61.96	7.931272	7.787999	0.1268027	7	-0.0780817	-0.1767104	2.254618	4.031069	-0.3008022
61.98	7.688411	7.787999	-1.105725	7	0.05854705	0.1011923	-6.523639	10.16847	-1.44563
62	7.642985	7.856288	-1.276782	7	0.1550017	0.440695	-9.322628	1.86313	0.1908636
62.02	7.795852	7.856288	-0.3736935	7	0.03324467	0.2442478	-5.043879	-1.86206	0.5204201
62.04	9.162106	9.222083	5.988038	7	0.1705192	0.2854321	-12.30402	0.779161	-0.5492544
62.06	9.440342	9.358663	6.402113	7	-0.009579711	0.2640384	-32.42157	0.2753446	-6.559676
62.08	8.323365	8.470897	0.08078635	7	-0.4852625	0.4119961	-39.15338	0.3364128	-6.323913
62.1	8.133829	8.539186	-1.192504	7	-0.8033135	0.3130956	-23.01996	-2.091068	-0.08344269
62.12	7.995978	8.539186	-2.179924	7	-0.6537272	0.229374	-17.42754	-6.045266	0.276289
62.14	7.943896	8.470897	-2.569217	7	-0.4220845	0.3178818	-13.8179	-14.99183	0.9333744
62.16	8.289992	8.470897	-0.7591391	7	-0.4920588	-0.1191087	-2.609627	-18.22847	1.154438
62.18	8.65685	8.470897	1.099881	7	-0.7374365	-0.8559467	6.165669	-5.465113	-1.133929
62.2	9.230807	9.358663	3.34963	7	-0.3636079	-0.3770725	-10.75226	16.16847	-3.402716
62.22	7.669459	7.924579	-4.684928	7	-0.3987801	0.1106993	-22.86929	10.88603	-4.926175
62.24	7.424129	7.856288	-5.448932	7	-0.468498	0.26596	-2.902839	3.130306	3.458397
62.26	7.342081	7.787999	-5.355511	7	-0.1179657	0.2122339	3.630171	-4.0758	3.39296
62.28	7.67923	7.924579	-3.122594	7	0.1774653	0.2075416	7.026089	-7.755189	3.193173
62.3	8.231409	7.856288	0.2425859	7	-0.1298728	-0.6372753	18.22643	6.397481	1.04008
62.32	7.687265	7.856288	-2.465244	7	0.3737902	0.1613597	-6.464722	23.23717	-2.677046
62.34	7.585752	7.856288	-2.655375	7	0.5038668	0.8132952	-9.912805	14.50435	1.21868
62.36	7.557086	7.856288	-2.471628	7	0.6046448	1.00157	-12.1002	4.168473	1.672357
62.38	7.65227	7.856288	-1.656198	7	0.5669484	0.931069	-10.88612	-4.335342	1.697879
62.4	8.243486	8.402606	1.352527	7	0.5802746	0.8870372	-14.00316	-9.251373	0.9244461
62.42	8.654892	8.470897	3.285775	7	0.1604595	0.3055381	-13.6557	-3.404045	-1.868895
62.44	8.291614	8.470897	0.9748174	7	0.1272928	0.6075828	-28.14006	7.985268	-3.88952
62.46	8.179627	8.470897	0.1173266	7	-0.07857448	0.7384678	-26.1839	0.9623672	-1.085576
62.48	9.586851	9.904979	6.385705	7	-0.0379068	0.7160421	-28.26027	-3.587251	-0.449358
62.5	8.775229	9.017213	1.411172	7	-0.2782364	0.6056435	-43.81356	-7.220838	-6.704666
62.52	7.882921	8.197738	-3.232319	7	-0.8592922	0.3136878	-25.90511	-10.25901	-1.384013
62.54	7.654768	8.197738	-4.319803	7	-0.8230586	0.08556003	-8.924759	-11.03763	2.194722
62.56	7.759418	8.129447	-3.5588	7	-0.6361563	-0.2320625	3.378434	-11.08343	2.495262
62.58	8.06593	8.129447	-1.73157	7	-0.5296792	-0.6112716	11.28673	-3.205571	1.273084
62.6	8.0285	8.197738	-1.848625	7	-0.1424411	-0.2591742	1.487108	13.20664	-0.7910814
62.62	8.953701	9.017213	2.668742	7	0.04179847	0.01360336	-3.818569	12.51962	-0.1352215
