0	-0.991492	-0.9530802	-4.625981	-47.65401	-0.08013067	-0.02850201	-19.16354	-0.03992587	-6
0.02	-1.212129	-1.02137	-5.052209	-3.414488	-0.3615943	0.1038404	13.37097	-2.192597	6
0.04	-1.10292	-0.9530802	-3.905926	3.414488	-0.00871288	-0.2409956	27.79433	-13.07809	6
0.06	-1.515232	-0.9530802	-5.585586	0	1.08663	0.9294173	14.75007	15.15091	6
0.08	0.3285103	0.2761335	4.118763	61.46069	1.433452	0.9651361	12.90744	15.82267	6
0.1	-0.2644852	-0.6799221	1.276807	-47.80278	1.205061	0.6913416	26.87128	20.31122	6
0.12	-0.4084046	-0.6799221	0.8307123	0	1.425114	0.6921145	28.46173	16.34175	6
0.14	-0.4274886	-0.6799221	1.065392	0	1.706236	0.9468812	25.64065	15.07458	6
0.16	-0.2844176	-0.6799221	2.170324	0	1.784603	0.966413	26.22261	11.77687	6
0.18	-0.7920056	-0.9530802	-0.071293	-13.6579	2.097365	1.489093	18.83251	7.807402	6
0.2	-0.7563059	-0.9530802	0.6557277	0	2.240416	1.702584	13.37367	1.563128	6
0.22	0.3169773	0.002975464	6.188693	47.80278	2.281152	1.748194	9.277879	1.166181	6
0.24	0.3809671	0.002975464	6.199337	0	2.153405	1.763336	10.72768	-0.03992587	6
0.26	0.05472496	-0.3384733	4.383922	-17.07244	1.986881	1.563769	14.92959	-0.03992587	6
0.28	-0.1541203	-0.3384733	3.226378	0	2.131446	1.760754	10.87462	0.1280131	6
0.3	0.5568182	0.2761335	6.618441	30.73034	2.171372	1.765543	8.240883	-0.03992587	6
0.32	0.6963972	0.3444233	6.870382	3.414488	2.073041	1.730337	9.935497	0.03641003	6
0.34	1.604602	1.23219	10.64191	44.38834	2.087368	1.68249	8.70812	-0.05519305	6
0.36	0.3410433	0.002975464	3.709241	-61.46074	1.922848	1.677918	14.09906	0.02114285	6
0.38	0.7998562	0.6175833	5.74352	30.73039	2.123861	1.74643	8.641704	0.1432803	6
0.4	0.5210056	0.3444233	4.062953	-13.658	2.172327	1.957703	6.372787	0.06694439	6
0.42	0.4911287	0.2761335	3.845353	-3.414488	2.124811	1.891418	-37.8003	-0.07046023	-6
0.44	0.2623881	0.002975464	2.76254	-13.6579	1.110407	1.725035	-49.5343	0.1738151	-6
0.46	0.1785369	0.6175833	1.835124	30.73039	0.6963746	2.09	-69.15256	-8.299467	-6
0.48	-0.01734194	0.2761335	0.559489	-17.07249	-0.3192807	1.335817	-64.66946	-29.29183	-6
0.5	0.6927346	1.300479	3.271305	51.21727	-0.7793825	1.00046	-67.43089	-31.2613	-6
0.52	0.7521205	1.02732	2.671267	-13.65795	-1.719179	-0.09475246	-49.61881	-32.87962	-6
0.54	0.540781	0.9590311	0.6273367	-3.41444	-2.178114	-0.7985042	-37.28787	-30.43687	-6
0.56	0.6259103	0.9590311	0.2588947	0	-2.498971	-1.474953	-24.88284	-26.34527	-6
0.58	1.068258	1.300479	1.615188	17.07239	-2.655468	-1.97473	-14.73862	-24.05519	-6
0.6	0.9327342	1.300479	-0.05432487	0	-2.490577	-1.86855	-13.08296	-4.681147	-6
0.62	0.1949021	0.2761335	-4.01333	-51.21727	-2.749729	-2.407942	0.4706341	-5.307101	-6
0.64	0.2758149	0.6175833	-3.769641	17.07249	-2.405334	-2.206441	-3.111896	-2.543742	-6
0.66	-0.2241894	0.002975464	-6.111461	-30.73039	-2.339169	-2.145298	-1.205573	-1.612445	-6
0.68	0.1901951	0.3444233	-3.769218	17.07239	-2.256436	-2.217543	-1.044702	-0.2994679	-6
0.7	0.5534672	0.6858721	-2.010894	17.07244	-2.152879	-2.094923	-2.392593	0.4180895	-6
0.72	1.152488	1.02732	0.7588325	17.07239	-2.31816	-2.417406	3.610128	-0.08572698	-6
0.74	-0.1061243	0.002975464	-5.732987	-51.21722	-2.258805	-2.204036	5.018966	0.00587567	-6
0.76	1.15646	1.300479	0.5052987	64.87518	-1.947657	-2.052806	-3.493791	-0.1009946	-6
0.78	0.3777966	0.2761335	-3.49807	-51.21727	-2.228119	-2.216004	4.660271	0.1127459	-6
0.8	0.1100433	0.2761335	-4.728685	0	-2.044521	-2.055827	0.6203501	-0.1620629	-6
0.82	0.5856053	0.6175833	-2.182104	17.07249	-2.034746	-2.109626	44.21009	0.1738151	6
0.84	-0.474903	-0.4067631	-7.195412	-51.21732	-1.250638	-2.093947	62.73573	0.02114285	6
0.86	0.295442	0.002975464	-2.498451	20.48693	-0.4041703	-2.031003	69.43133	11.79214	6
0.88	-0.5525006	-1.02137	-5.776221	-51.21727	0.2589065	-1.533109	73.46548	23.01351	6
0.9	0.2254331	-0.4067631	-0.7378106	30.73034	0.9429377	-1.150046	68.7849	35.36465	6
0.92	-0.5981531	-1.362819	-3.71436	-47.80278	1.27836	-0.711404	68.72856	27.15091	6
0.94	-0.6577113	-1.02137	-2.883324	17.07244	2.128194	0.3988674	48.35866	33.92953	6
0.96	-0.2053942	-0.6799221	0.4324791	17.07239	2.520395	1.111927	33.65732	23.63946	6
0.98	-1.55488	-1.704267	-5.297384	-51.21722	2.851279	2.092364	17.95716	16.86084	6
1	-0.7314734	-1.362819	0.3820813	17.07239	2.442256	1.467135	21.4873	11.18145	6
1.02	-0.9956987	-1.431108	-0.1193442	-3.414488	2.322989	1.552662	20.70998	8.234882	6
1.04	-0.9839482	-1.431108	0.7252338	0	2.198425	1.420093	21.26933	2.524959	6
1.06	-1.072514	-1.362819	0.8329644	3.414488	2.27904	1.632571	16.70424	-0.7422161	6
1.08	-1.190184	-1.362819	0.721074	0	2.408456	1.950916	9.859993	0.8455701	6
1.1	-1.329063	-1.704267	0.6971689	-17.07239	2.152297	1.666276	14.04025	-0.2842007	6
1.12	-1.485219	-1.704267	0.4366118	0	2.164801	1.72152	12.3557	-0.1620629	6
1.14	-0.3836736	-0.6799221	6.108726	51.21722	2.205415	1.702961	9.089402	0.1432803	6
1.16	-0.2610836	-0.6799221	6.418073	0	2.030528	1.608627	12.82582	-0.2536664	6
1.18	-0.6925908	-0.9530802	3.961345	-13.6579	2.056836	1.70498	12.23214	-0.00939151	6
1.2	-0.921746	-1.08966	2.779988	-6.828976	2.155547	1.845514	8.955473	0.3112192	6
1.22	-1.179526	-1.431108	1.735117	-17.07244	2.059069	1.727834	-33.45684	-0.07046023	-6
1.24	-0.09109953	-0.3384733	7.081366	54.63176	1.26845	1.743632	-52.34129	0.09747917	-6
1.26	-0.8271681	-0.3384733	2.426864	0	0.8677431	2.442901	-73.65777	-4.360536	-6
1.28	-0.2182668	0.4127131	4.583931	37.55932	0.2830759	2.294587	-84.9438	-26.65061	-6
1.3	-0.5123907	0.002975464	2.170899	-20.48688	-0.7350024	1.463176	-75.44159	-29.91778	-6
1.32	-0.09728463	0.002975464	3.530738	0	-2.023712	-0.4062949	-47.00971	-32.83382	-6
1.34	-0.008498847	0.6175833	2.533701	30.73039	-2.123837	-0.62015	-42.98215	-32.71168	-6
1.36	-0.3178089	0.3444233	-0.193872	-13.658	-2.172098	-0.7280093	-39.44855	-25.00176	-6
1.38	0.123305	0.3444233	1.301754	0	-2.643151	-1.687576	-22.46512	-25.55137	-6
1.4	1.033319	1.300479	4.605826	47.80278	-2.627274	-1.958988	-16.51147	-4.375803	-6
1.42	1.341795	1.36877	4.758472	3.414536	-2.786736	-2.364603	-5.009496	-6.87962	-6
1.44	0.9458804	1.23219	1.405021	-6.828976	-2.490776	-2.071664	-6.201852	-1.505575	-6
1.46	1.177764	1.300479	1.678787	3.41444	-2.407501	-2.165623	-4.134888	-3.627712	-6
1.48	0.02018201	0.2761335	-4.614183	-51.21727	-2.293809	-1.952107	-3.3206	0.204349	-6
1.5	0.09911601	0.2761335	-4.076989	0	-2.236518	-2.105074	-2.611321	0.3417536	-6
1.52	0.1107432	0.2761335	-3.919354	0	-2.176047	-2.057887	-2.601408	-0.3758038	-6
1.54	-0.9244912	-0.6799221	-8.686903	-47.80278	-2.150153	-1.943803	-1.647048	0.204349	-6
1.56	0.4477693	0.6175833	-1.459518	64.87527	-1.990847	-1.993109	-6.417553	-0.00939151	-6
1.58	-0.435766	-0.4067631	-5.732502	-51.21732	-2.22827	-2.082371	0.9456128	-0.03992587	-6
1.6	-0.1192171	0.002975464	-3.860947	20.48693	-2.145351	-2.167092	-0.1004086	-0.05519305	-6
1.62	-0.1008274	0.002975464	-3.645533	0	-2.103212	-2.081669	43.7934	-0.00939151	6
1.64	-1.202374	-1.02137	-8.705778	-51.21727	-1.228418	-1.995492	60.19709	-0.07046023	6
1.66	-0.3830629	-0.6799221	-3.530204	17.07239	-0.4642414	-2.069945	69.29282	8.021142	6
1.68	0.2078493	-0.3384733	0.07550812	17.07244	0.2640616	-1.634807	71.21501	21.899	6
1.7	1.250123	0.4127131	5.540305	37.55932	0.8158185	-1.306575	70.66322	34.43335	6
1.72	0.244993	-0.6799221	0.7954369	-54.63176	1.107971	-0.9410712	73.44365	28.90664	6
1.74	-1.250075	-1.704267	-5.730119	-51.21722	1.857321	0.06502752	58.69469	34.89137	6
1.76	-1.075317	-1.362819	-3.426796	17.07239	2.584564	1.079234	36.1153	23.88374	6
1.78	-1.062022	-1.02137	-2.333542	17.07244	3.283766	2.537197	7.294629	19.41045	6
1.8	-0.3084282	-0.9530802	2.637372	3.414488	2.700323	1.978332	12.04444	11.97534	6
1.82	-0.3497223	-0.6799221	2.781925	13.6579	2.595604	2.132108	8.19396	10.38755	6
1.84	-1.808256	-2.114005	-3.708297	-71.70415	2.265823	1.930886	13.3854	2.891372	6
1.86	-0.4591824	-0.7482109	3.796367	68.28971	2.278128	1.686985	9.744688	0.09747917	6
1.88	-0.6632956	-0.9530802	2.887177	-10.24346	2.180188	1.818011	10.37418	2.066944	6
1.9	-0.5715925	-0.9530802	3.542494	0	2.002707	1.532498	14.41434	-0.4674065	6
1.92	-0.7979314	-0.9530802	2.422262	0	2.151764	1.801407	10.06057	-0.2536664	6
1.94	-1.216202	-1.362819	0.6159838	-20.48693	2.175467	1.904469	8.2735	0.4028219	6
1.96	-1.170973	-1.431108	1.33617	-3.414488	2.047139	1.680418	10.86215	-0.1315289	6
1.98	-1.656974	-1.704267	-0.6993619	-13.6579	2.174326	1.951057	6.920491	-0.07046023	6
2	-0.4573253	-0.6799221	5.56124	51.21722	2.182873	1.827842	4.655557	-0.02465869	6
2.02	-0.4663545	-0.7482109	5.24749	-3.41444	2.055485	1.826765	-37.0483	-0.1162618	-6
2.04	-0.9677226	-0.9530802	2.46664	-10.24346	1.381077	2.231396	-58.69443	-0.8490859	-6
2.06	-2.106257	-1.362819	-3.466657	-20.48693	1.009131	2.849255	-81.81905	-21.09336	-6
2.08	-0.8203874	-0.2701836	2.867386	54.63176	0.1236379	2.121135	-85.24886	-28.43687	-6
2.1	-1.658456	-0.9530802	-1.9566	-34.14483	-0.7782699	1.562564	-77.46353	-36.43687	-6
2.12	-0.775888	0.002975464	1.751142	47.80278	-1.320611	0.808264	-72.44141	-28.60481	-6
2.14	-0.3765218	-0.2701836	2.98673	-13.65795	-2.553039	-0.9973487	-39.56586	-30.91015	-6
2.16	0.3139712	0.6858721	4.944102	47.80278	-2.744969	-1.617376	-27.4176	-26.10099	-6
2.18	0.3326644	0.4127131	3.637461	-13.65795	-3.088379	-2.393549	-8.384411	-9.123895	-6
2.2	-0.04686606	0.3444233	0.4079475	-3.414488	-2.755699	-2.203073	-7.422421	-6.513208	-6
2.22	0.01116806	0.3444233	-0.1640246	0	-2.487255	-2.063517	-8.269478	-1.215498	-6
2.24	0.1172538	0.3444233	-0.2932371	0	-2.369492	-2.025164	-7.234167	-4.513208	-6
2.26	0.1277245	0.3444233	-0.814598	0	-2.258574	-1.943591	-7.232939	-0.940689	-6
2.28	-0.8689976	-0.6799221	-5.882195	-51.21727	-2.320376	-2.015565	-2.474816	-1.352903	-6
2.3	0.4608812	0.6175833	0.6713175	64.87527	-2.138487	-2.087367	-6.05998	-0.2842007	-6
2.32	-0.4530068	-0.4067631	-4.127848	-51.21732	-2.306079	-2.117375	0.7034801	0.03641003	-6
2.34	-0.1609023	0.002975464	-2.673612	20.48693	-2.146491	-2.102505	-1.902778	-0.02465869	-6
2.36	-0.08000911	0.002975464	-2.345667	0	-2.13194	-2.072782	-1.444372	-0.1009946	-6
2.38	0.4141798	0.4127131	-0.09126755	20.48688	-2.150065	-2.171543	-0.3120686	0.372288	-6
2.4	-1.167169	-1.02137	-7.935639	-71.70415	-2.184419	-2.028931	2.508314	-0.8338188	-6
2.42	-0.7563516	-0.6116323	-5.278154	20.48688	-2.078519	-2.15181	44.50611	0.2348834	6
2.44	-0.386084	-0.3384733	-3.148875	13.65795	-1.19746	-2.144344	59.71095	-0.05519305	6
2.46	-0.7885743	-1.362819	-4.336531	-51.21727	-0.8127335	-2.515652	81.15276	4.005876	6
2.48	-0.3930748	-1.08966	-1.469215	13.65795	-0.07015038	-2.337169	86.14391	21.16618	6
2.5	0.2540911	-0.6799221	2.415181	20.48688	0.5804703	-1.936146	85.83148	32.58603	6
2.52	0.5742038	-0.3384733	4.267429	17.07244	1.29235	-1.129488	76.77267	30.32648	6
2.54	0.2069072	-1.08966	3.04233	-37.55932	1.313687	-1.192684	82.53265	33.50206	6
2.56	-0.2098911	-1.02137	1.447512	3.414488	2.000877	-0.2474022	66.80705	24.12801	6
2.58	-0.3569885	-0.7482109	1.19953	13.65795	2.878969	1.253272	37.90423	21.51732	6
2.6	-1.037758	-1.635977	-1.165587	-44.38829	2.856775	1.648541	29.11637	9.593661	6
2.62	-1.465484	-1.772556	-2.184621	-6.828976	2.990304	2.148959	15.72023	12.43336	6
2.64	-1.28436	-1.772556	-0.06098294	0	2.693774	1.94423	14.58091	2.173815	6
2.66	-1.319472	-1.704267	0.585474	3.414488	2.516905	1.913571	12.99278	0.1890818	6
2.68	-1.363699	-1.704267	1.01933	0	2.374194	1.849337	12.27839	0.5249598	6
2.7	-1.266809	-1.635977	2.029843	3.414488	2.210111	1.680674	13.73415	-0.3758038	6
2.72	-1.83136	-2.045715	-0.332301	-20.48693	2.198758	1.795981	12.39871	0.05167721	6
2.74	-0.4091349	-0.6799221	6.940166	68.28967	2.295171	1.793057	6.836443	0.204349	6
2.76	-0.4850318	-0.9530802	6.246832	-13.6579	2.008641	1.609887	13.30901	-0.1009946	6
2.78	-1.196356	-1.362819	2.449255	-20.48693	2.118345	1.835881	10.42499	0.1738151	6
2.8	-1.002361	-1.362819	3.622836	0	1.970785	1.507192	14.12798	0.204349	6
2.82	-1.360984	-1.635977	1.95434	-13.6579	1.954882	1.517331	-28.93183	-0.05519305	-6
2.84	-0.4901972	-0.6799221	6.194586	47.80273	1.301069	1.740558	-51.04756	0.2196162	-6
2.86	-1.111801	-0.9530802	2.453494	-13.6579	0.5249717	1.790099	-60.90859	-14.17733	-6
2.88	-1.670845	-1.362819	-0.6504019	-20.48693	-0.3412797	1.178505	-59.35848	-29.3071	-6
2.9	-0.8564962	-0.3384733	2.799547	51.21727	-0.8157783	0.7629834	-61.62884	-34.74221	-6
2.92	-1.290512	-0.7482109	-0.2084165	-20.48688	-1.391358	0.3355959	-54.89861	-27.29183	-6
2.94	-1.433431	-1.02137	-1.401075	-13.65795	-2.016531	-0.5855573	-40.74504	-32.95596	-6
2.96	-0.5118363	0.002975464	2.341522	51.21727	-2.125098	-0.9358884	-37.13655	-25.09336	-6
2.98	-0.1170307	-0.3384733	3.534145	-17.07244	-3.033461	-2.439261	-6.80709	-16.66588	-6
3	-0.9220445	-0.3384733	-1.777111	0	-2.494452	-1.810651	-12.81976	-6.192597	-6
3.02	-0.5135591	-0.3384733	-0.2077152	0	-2.52648	-2.166345	-6.995151	-1.948322	-6
3.04	-0.3119765	-0.2701836	0.23618	3.414488	-2.594913	-2.428809	0.2871166	-4.406337	-6
3.06	-0.2214359	-0.2701836	0.143767	0	-2.631174	-2.674325	7.149381	-0.5742767	-6
3.08	-0.2920401	-0.3384733	-0.6898991	-3.414488	-2.549925	-2.726644	10.56899	-1.597178	-6
3.1	-0.1634176	0.002975464	-0.5990121	17.07244	-2.13691	-2.227738	2.399793	0.3112192	-6
3.12	0.05547629	-0.06531429	0.1794669	-3.414488	-2.219152	-2.379389	5.664126	0.1280131	-6
3.14	0.04485133	0.002975464	-0.3042222	3.414488	-2.153719	-2.297694	5.160749	-0.4063382	-6
3.16	-1.051596	-1.02137	-5.784219	-51.21727	-2.160391	-2.221478	6.764523	0.1890818	-6
3.18	0.3281803	0.3444233	1.115359	68.28967	-1.954148	-2.200902	0.4162392	0.00587567	-6
3.2	0.8750392	0.6858721	3.222112	17.07244	-2.079637	-2.233876	2.997425	-0.2383988	-6
3.22	-0.2046611	-0.2701836	-2.66791	-47.80278	-2.166755	-2.203875	50.78973	0.1280131	6
3.24	-1.370997	-1.362819	-8.077157	-54.63176	-1.347085	-2.376389	69.47963	0.9829752	6
3.26	-0.6190169	-1.02137	-3.264285	17.07244	-0.5191718	-2.384077	77.62301	15.36465	6
3.28	-0.1190279	-0.6799221	-0.1237581	17.07239	0.3523467	-1.71862	75.4194	26.08221	6
3.3	0.5735935	0.002975464	3.580503	34.14488	1.260168	-0.7264512	62.67871	35.63946	6
3.32	-0.3068752	-1.02137	-0.3308504	-51.21727	1.619397	-0.1347695	58.6826	30.15855	6
3.34	-1.985975	-2.045715	-7.706083	-51.21727	2.500177	1.307467	34.72917	30.06694	6
3.36	-1.279141	-1.704267	-2.392438	17.07244	2.607924	1.426693	25.23877	25.73106	6
3.38	-1.013765	-1.635977	0.1751721	3.414488	2.346881	1.293306	26.79571	12.79977	6
3.4	-0.7695655	-1.362819	2.158098	13.6579	2.204307	1.186095	27.39941	13.27305	6
3.42	-1.083509	-1.362819	0.9823258	0	2.422839	1.691124	18.35537	5.837936	6
3.44	-1.109617	-1.362819	1.356025	0	2.503275	1.948089	11.43014	1.792135	6
3.46	-0.9857304	-1.362819	2.46824	0	2.323382	1.80953	12.01048	-0.4521397	6
3.48	-1.072437	-1.362819	2.327512	0	2.256441	1.823984	11.04107	0.204349	6
3.5	-1.463163	-1.772556	0.7996615	-20.48688	2.105493	1.680999	13.62527	0.05167721	6
3.52	-1.514597	-1.704267	0.9783832	3.414488	2.160568	1.748895	11.05687	-0.1009946	6
3.54	-1.37049	-1.635977	2.099499	3.414488	2.101862	1.67911	11.48059	0.02114285	6
3.56	-0.3928956	-0.6799221	6.909154	47.80273	2.156025	1.708711	8.560266	-0.02465869	6
3.58	-0.3221611	-0.6799221	6.795874	0	2.054602	1.707079	10.54516	-0.08572698	6
3.6	-0.7271827	-1.02137	4.429445	-17.07239	2.006274	1.678482	12.11068	0.1432803	6
3.62	-0.7509964	-1.02137	4.187277	0	2.015577	1.628566	-32.22843	0.02114285	-6
3.64	-1.102985	-1.294529	2.408257	-13.65795	1.185871	1.75222	-48.72955	0.06694439	-6
3.66	-2.338557	-1.772556	-3.878774	-23.90137	0.7862409	2.2845	-69.09407	-7.459773	-6
3.68	-0.8920147	-0.6799221	3.461975	54.63171	-0.2397103	1.219468	-66.08888	-28.48267	-6
3.7	-1.451312	-1.08966	0.006243706	-20.48688	-1.123433	0.5601063	-55.60473	-32.4674	-6
3.72	-1.965724	-1.362819	-3.026349	-13.65795	-1.575958	0.03485673	-49.61293	-31.24603	-6
3.74	-1.274545	-0.3384733	-0.3007483	51.21727	-1.419634	0.2656708	-58.81764	-32.2384	-6
3.76	-1.315557	-0.6799221	-1.169092	-17.07244	-1.843349	-0.1566901	-50.69313	-24.89489	-6
3.78	-1.367702	-1.02137	-1.8277	-17.07239	-2.47254	-1.196703	-31.71011	-22.26893	-6
3.8	-0.171589	0.3444233	3.166915	68.28967	-2.373164	-1.376451	-30.16106	-3.841452	-6
3.82	0.1884983	0.2761335	3.798451	-3.414488	-2.757038	-2.037775	-13.9539	-4.818552	-6
3.84	-0.03162122	0.2761335	1.406207	0	-2.612424	-2.016647	-10.52162	-2.620078	-6
3.86	-1.173374	-0.9530802	-4.784307	-61.46069	-2.673189	-2.237464	-1.809344	-2.436872	-6
3.88	-1.229072	-0.9530802	-4.988284	0	-2.487469	-2.30618	-1.065987	-0.2994679	-6
3.9	-0.9691122	-0.6799221	-3.668082	13.6579	-2.235182	-2.068005	-4.604782	0.09747917	-6
3.92	-0.7868714	-0.6799221	-2.743659	0	-2.254325	-2.140341	-2.108887	-0.03992587	-6
3.94	-0.539831	-0.4067631	-1.690219	13.65795	-2.164012	-2.064802	-2.966215	-0.03992587	-6
3.96	-0.3223243	-0.2701836	-0.86918	6.828976	-2.169269	-2.100311	-1.718382	-0.03992587	-6
3.98	-1.518213	-1.362819	-6.810496	-54.63176	-2.187829	-2.017349	0.6546073	-0.1315289	-6
4	-1.187391	-1.02137	-4.721551	17.07244	-2.079389	-2.078029	-1.645414	-0.00939151	-6
4.02	-0.7756147	-0.6799221	-2.523771	17.07239	-2.046288	-2.022846	41.67067	-0.1162618	6
4.04	-0.6248736	-0.6799221	-1.779031	0	-1.314128	-2.237115	61.45615	-0.2536664	6
4.06	-1.426675	-1.704267	-5.272327	-51.21722	-0.559203	-2.025918	72.57129	11.60893	6
4.08	-0.7570256	-1.431108	-0.9483919	13.6579	0.05361545	-2.044777	79.03674	23.19671	6
4.1	-0.1905078	-0.9530802	2.381078	23.90141	0.7691681	-1.456233	75.56508	36.81503	6
4.12	-0.8789324	-1.704267	-0.4637442	-37.55932	1.251522	-0.8739696	72.50536	27.88374	6
4.14	-1.162325	-1.431108	-1.268354	13.6579	2.332351	0.6628771	45.13633	31.41045	6
4.16	-0.5837949	-1.362819	2.626772	3.414488	2.344764	0.7784959	40.32138	25.53259	6
4.18	-2.121983	-2.387164	-4.285632	-51.21727	2.692829	1.747252	25.90066	15.07458	6
4.2	-1.329474	-1.977426	1.067705	20.48693	2.440525	1.310529	25.98014	13.48679	6
4.22	-1.6678	-2.045715	0.070889	-3.414488	2.48555	1.684817	19.93394	7.379921	6
4.24	-1.688483	-2.045715	0.7027082	0	2.453559	1.76736	15.84549	1.807402	6
4.26	-1.627931	-2.045715	1.645683	0	2.290921	1.646291	16.32041	0.2806849	6
4.28	-1.772148	-2.045715	1.352885	0	2.305384	1.787873	13.02403	1.715799	6
4.3	-1.690082	-2.045715	2.217703	0	2.177772	1.65022	14.05448	-0.05519305	6
4.32	-1.789646	-2.045715	2.005069	0	2.185946	1.736487	12.22015	0.00587567	6
4.34	-0.6952049	-0.9530802	7.367873	54.63176	2.30281	1.86031	6.330164	0.06694439	6
4.36	-1.974297	-2.318874	0.9389855	-68.28971	2.010528	1.753856	13.49255	0.3112192	6
4.38	-0.7501878	-0.9530802	7.002313	68.28971	2.212553	1.768721	6.684979	-0.1315289	6
4.4	-1.133799	-1.431108	4.735001	-23.90141	2.090433	1.840301	8.984412	0.1280131	6
4.42	-1.130892	-1.362819	4.556768	3.414488	2.093416	1.804566	-35.98701	0.1127459	-6
4.44	-1.41101	-1.635977	3.090245	-13.6579	1.165449	1.784565	-50.14098	0.05167721	-6
4.46	-2.107928	-1.635977	-0.7461638	0	0.7077894	2.158321	-68.65761	-2.17733	-6
4.48	-3.061701	-2.045715	-5.627611	-20.48693	0.4187676	2.621576	-87.01672	-26.00939	-6
4.5	-1.801302	-1.02137	0.6596627	51.21727	-0.3441473	1.907886	-87.84796	-29.62771	-6
4.52	-1.620698	-1.362819	1.141384	-17.07244	-1.753823	0.2190597	-59.36113	-36.10099	-6
4.54	-1.711886	-1.635977	0.1366939	-13.6579	-2.836844	-1.567347	-26.67972	-30.68115	-6
4.56	-0.9705836	-0.6799221	2.791931	47.80273	-2.923544	-2.167792	-15.20679	-29.56664	-6
4.58	-1.265606	-1.02137	0.2270722	-17.07239	-2.911551	-2.357283	-5.71705	-26.02466	-6
4.6	-1.280193	-1.08966	-0.5823697	-3.414488	-2.793759	-2.521138	-0.1214647	-4.833818	-6
4.62	0.3452552	0.3444233	6.504125	71.70415	-2.602622	-2.644208	0.9438484	-7.780383	-6
4.64	0.301369	0.3444233	4.709155	0	-2.397718	-2.272864	0.3476872	-0.6658802	-6
4.66	0.3502891	0.3444233	3.709356	0	-2.290333	-2.22487	0.5925422	-3.826185	-6
4.68	-1.227059	-1.02137	-4.800298	-68.28967	-2.152353	-1.903473	-0.531601	0.7539675	-6
4.7	-1.060475	-1.02137	-3.701454	0	-2.197952	-2.238812	1.799868	0.3875552	-6
4.72	-1.084147	-1.02137	-3.688275	0	-2.169069	-2.215216	2.299314	-0.6048111	-6
4.74	-0.780658	-0.6799221	-2.180855	17.07239	-2.042588	-2.074561	-0.7758012	0.3570208	-6
4.76	-0.6198946	-0.6799221	-1.440798	0	-2.156694	-2.229296	2.580519	-0.02465869	-6
4.78	-0.3978261	-0.3384733	-0.6425545	17.07244	-2.036401	-2.068494	-0.3789972	-0.2536664	-6
4.8	-1.877211	-1.772556	-7.873596	-71.70415	-2.120432	-2.00817	2.741012	0.3112192	-6
4.82	-1.490761	-1.362819	-5.314786	20.48688	-2.031822	-2.12181	44.60419	-0.1009946	6
4.84	-1.428149	-1.362819	-4.609948	0	-1.167479	-2.096218	59.97969	-0.03992587	6
4.86	-0.4935848	-0.9530802	0.5651054	20.48693	-0.5004653	-2.167842	71.49039	6.753966	6
4.88	-0.1716711	-0.9530802	2.420162	0	0.04288864	-2.016637	79.77585	21.31885	6
4.9	0.3391988	-0.6799221	5.126136	13.6579	0.5300711	-1.860673	83.70029	34.32649	6
4.92	-0.6487848	-1.704267	0.5638294	-51.21722	0.9192424	-1.503446	86.12183	29.65473	6
4.94	-0.6432287	-1.431108	1.234544	13.6579	1.707112	-0.6437473	71.13038	34.14328	6
4.96	-1.637802	-2.318874	-2.762994	-44.38829	2.210586	0.2778544	57.55562	24.15855	6
4.98	-0.8267162	-0.9530802	1.967968	68.28971	3.253678	1.937621	20.91314	20.15855	6
5	-1.35129	-2.045715	0.3444946	-54.63176	2.812399	1.875644	21.76538	11.8074	6
5.02	-1.709679	-2.045715	-0.5851828	0	2.805382	2.111248	13.48063	10.11275	6
5.04	-1.605769	-2.045715	0.8515868	0	2.546631	1.909082	13.24565	2.005876	6
5.06	-0.1977604	-0.6799221	8.084138	68.28967	2.429456	1.759276	10.70668	-0.223132	6
5.08	-2.123281	-2.387164	-1.490949	-85.36211	2.254781	2.00117	12.97408	2.051677	6
5.1	-2.263044	-2.387164	-1.368807	0	2.315149	1.933354	8.668137	-0.1009946	6
5.12	-1.094503	-1.294529	4.867347	54.63176	2.367433	1.985248	3.462141	0.1585475	6
5.14	-1.008378	-1.362819	5.194461	-3.414488	2.126099	1.84901	7.716487	0.1585475	6
5.16	-1.531436	-1.772556	2.515863	-20.48688	2.035537	1.783128	9.967631	-0.2078648	6
5.18	-1.532106	-1.704267	2.626676	3.414488	2.081882	1.784972	8.518656	-0.05519305	6
5.2	-1.818934	-1.977426	1.391727	-13.65795	2.081608	1.832509	8.224669	0.1280131	6
5.22	-0.3800751	-0.6799221	8.460324	64.87518	2.098785	1.684908	-37.79627	0.02114285	-6
5.24	-0.624887	-0.9530802	6.600717	-13.6579	1.098937	1.734764	-49.66019	-0.4826741	-6
5.26	-1.746863	-1.362819	0.2745161	-20.48693	0.5665129	2.003365	-64.8672	-18.63534	-6
5.28	-1.782244	-1.635977	0.07389182	-13.6579	-0.5535551	0.86746	-55.88012	-29.18496	-6
5.3	-1.247321	-0.6799221	2.034295	47.80273	-0.9191405	0.6478289	-59.27155	-36.52847	-6
5.32	0.08586869	0.3444233	7.526819	51.21727	-1.580076	-0.1792316	-49.63213	-29.04756	-6
5.34	-0.3145086	-0.3384733	4.16078	-34.14483	-2.490708	-1.384212	-24.33874	-32.69641	-6
5.36	-0.5822417	-0.4067631	1.63467	-3.414488	-2.711124	-2.007706	-11.89625	-26.95596	-6
5.38	-0.5734101	-0.6799221	0.9552748	-13.65795	-3.040854	-2.862179	5.899277	-12.4216	-6
5.4	-1.082644	-0.6799221	-2.441218	0	-2.482948	-2.248584	-1.136048	-6.406338	-6
5.42	0.2468677	0.2761335	3.612654	47.80278	-2.353583	-2.375245	-1.308107	-1.47504	-6
5.44	0.3813306	0.2761335	3.265533	0	-2.411433	-2.413223	3.694233	-4.66588	-6
5.46	-0.6978151	-0.6799221	-2.752817	-47.80278	-2.383307	-2.366141	7.033797	-0.4979408	-6
5.48	-0.6193469	-0.6116323	-2.416632	3.414488	-2.282546	-2.464304	7.07079	-1.520841	-6
5.5	-0.4003147	-0.2701836	-1.549403	17.07244	-2.008707	-2.089458	0.4699469	0.2806849	-6
5.52	-0.1884395	-0.2701836	-0.652338	0	-2.103923	-2.209593	2.811062	0.1432803	-6
5.54	-0.2213973	-0.2701836	-1.077753	0	-2.124591	-2.230444	3.876006	-0.2536664	-6
5.56	-1.427251	-1.362819	-6.958654	-54.63176	-2.146396	-2.164679	5.724912	-0.08572698	-6
5.58	-1.204835	-1.02137	-5.352784	17.07244	-1.932571	-2.018713	-0.4476689	-0.03992587	-6
5.6	-0.9608929	-0.9530802	-3.740705	3.414488	-2.016142	-2.094782	0.6774833	-0.02465869	-6
5.62	-0.7404864	-0.6799221	-2.551865	13.6579	-1.982116	-2.013314	43.32187	-0.1925977	6
5.64	-1.750082	-1.704267	-7.243208	-51.21722	-1.244082	-2.094887	62.73779	0.09747917	6
5.66	-0.7918109	-1.362819	-1.469056	17.07239	-0.7095939	-2.566591	79.16602	3.120378	6
5.68	-0.486151	-1.362819	0.6655021	0	-0.1730804	-2.496649	89.70417	19.15091	6
5.7	0.222349	-0.7482109	4.495075	30.73039	0.5585127	-2.024719	87.82867	28.31122	6
5.72	-1.168075	-1.704267	-2.192723	-47.80278	1.589839	-0.4972704	69.65648	34.00587	6
5.74	-0.5977717	-1.362819	1.658207	17.07239	2.088539	0.02800427	56.75816	32.52496	6
5.76	-1.494723	-2.387164	-1.731093	-51.21727	2.071951	0.2606047	55.90815	25.27305	6
5.78	-1.398961	-2.045715	-0.1448009	17.07244	2.387395	0.7150611	44.22615	24.43336	6
5.8	-1.452086	-2.045715	0.5189385	0	2.548217	1.181939	34.44769	9.334121	6
5.82	-1.298948	-1.704267	1.930812	17.07244	2.780457	1.768903	20.84134	14.15855	6
5.84	-1.286674	-1.635977	2.467177	3.414488	2.820339	2.152605	11.27667	2.555494	6
5.86	-1.370084	-1.704267	2.470217	-3.414488	2.68645	2.233134	7.097901	1.82267	6
5.88	-1.055364	-1.635977	4.467052	3.414488	2.22345	1.646064	14.71871	-0.1009946	6
5.9	-1.375876	-1.635977	2.877936	0	2.260275	1.836188	11.59286	-0.2689331	6
5.92	-1.868176	-2.045715	0.6977447	-20.48693	2.277806	1.960234	8.832077	0.6318296	6
5.94	-1.768344	-2.045715	1.690203	0	2.148639	1.757024	10.30551	-0.1467961	6
5.96	-2.216669	-2.387164	-0.1209566	-17.07244	2.128958	1.822205	9.928621	0.03641003	6
5.98	-1.092765	-1.362819	5.719443	51.21727	2.143389	1.700958	7.927078	0.1585475	6
6	-1.024781	-1.362819	5.769244	0	2.027089	1.688499	10.52661	-0.223132	6
6.02	-1.466391	-1.635977	3.305686	-13.6579	2.101483	1.858622	-35.84712	0.1432803	-6
6.04	-1.425175	-1.704267	3.571533	-3.414488	1.125269	1.670355	-48.72643	0.03641003	-6
6.06	-2.405451	-2.045715	-1.585655	-17.07244	0.535212	1.880491	-62.51037	-14.3758	-6
6.08	-1.25938	-1.02137	3.923396	51.21727	-0.316876	1.075898	-62.32627	-28.2384	-6
6.1	-1.696335	-1.362819	0.9653034	-17.07244	-1.133671	0.4569698	-53.2875	-34.66588	-6
6.12	-2.291109	-1.704267	-2.58567	-17.07239	-1.548785	0.02027095	-48.38609	-27.93305	-6
6.14	-0.9485852	-0.6799221	3.566092	51.21722	-2.078002	-0.9635763	-36.48259	-33.33763	-6
6.16	-1.200457	-1.02137	1.287984	-17.07239	-2.547722	-1.608707	-20.26804	-24.94069	-6
6.18	-1.231063	-1.362819	0.5315174	-17.07244	-3.08772	-2.766979	2.674099	-15.32237	-6
6.2	-2.003965	-1.362819	-4.196893	0	-2.350324	-1.860061	-9.34131	-6.513208	-6
6.22	-1.403167	-1.294529	-1.269369	3.414488	-2.420212	-2.22758	-4.074778	-2.330002	-6
6.24	-1.303936	-1.362819	-1.03682	-3.414488	-2.587162	-2.576452	5.148414	-4.589544	-6
6.26	-1.3098	-1.362819	-1.366172	0	-2.570987	-2.733956	10.16891	0.4333567	-6
6.28	0.5945445	0.4127131	7.31195	88.77659	-2.373009	-2.785684	8.205247	-1.597178	-6
6.3	-0.9745587	-0.9530802	-1.6278	-68.28967	-2.22577	-2.218598	7.505546	0.2196162	-6
6.32	-1.01657	-1.02137	-1.992511	-3.414488	-2.121783	-2.301932	5.799639	0.3112192	-6
6.34	-0.6102999	-0.6799221	-0.1528945	17.07239	-2.08059	-2.294426	4.794157	-0.2536664	-6
6.36	-0.3295218	-0.3384733	0.7726749	17.07244	-1.962986	-2.074469	1.026061	0.2806849	-6
6.38	-1.702274	-1.704267	-6.102806	-68.28967	-2.103141	-2.084009	5.060804	-0.03992587	-6
6.4	-1.553173	-1.362819	-4.971667	17.07239	-1.885252	-1.936809	-1.645663	-0.1467961	-6
6.42	-1.344651	-1.362819	-3.557854	0	-2.020341	-2.088987	45.00804	-0.03992587	6
6.44	-0.8738862	-0.9530802	-1.139527	20.48693	-1.23193	-2.265003	62.47966	0.7692342	6
6.46	-0.07168478	-0.6799221	2.953154	13.6579	-0.6360189	-2.413423	76.96843	14.86084	6
6.48	0.4579753	-0.3384733	5.369995	17.07244	0.07662487	-2.069293	81.12325	25.34939	6
6.5	-0.4124395	-1.294529	1.102403	-47.80278	0.6429754	-1.586225	82.82307	36.7387	6
6.52	-0.3884353	-1.02137	1.608198	13.65795	1.565116	-0.5858047	66.63214	29.6242	6
6.54	-1.771291	-2.045715	-4.565435	-51.21727	2.426171	0.9267704	43.55478	30.34175	6
6.56	-1.301001	-1.977426	-0.6936264	3.414488	2.445644	0.9415517	37.56806	25.44099	6
6.58	-1.115221	-1.704267	1.175094	13.65795	2.497454	1.253987	30.67755	12.44862	6
6.6	-0.8895828	-1.635977	3.04792	3.414488	2.267505	1.064696	32.34601	13.33412	6
6.62	-1.376869	-1.704267	0.970667	-3.414488	2.524192	1.672988	21.37103	4.677631	6
6.64	-1.342463	-1.635977	1.675236	3.414488	2.623927	1.974354	12.63358	2.463891	6
6.66	-1.326138	-1.704267	2.261349	-3.414488	2.460012	1.928777	11.4305	-0.9254218	6
6.68	-1.391123	-1.635977	2.249459	3.414488	2.434536	2.046642	7.678357	0.6165628	6
6.7	-1.286753	-1.704267	3.141841	-3.414488	2.147721	1.691422	12.50685	0.2196162	6
6.72	-1.893425	-2.114005	0.3968147	-20.48693	2.122879	1.758943	12.33406	-0.4521397	6
6.74	-0.787209	-1.02137	6.045001	54.63176	2.237458	1.78493	7.171603	0.1890818	6
6.76	-1.985528	-2.318874	0.1837767	-64.87522	1.957358	1.669312	14.57792	0.1127459	6
6.78	-1.198849	-1.362819	4.302297	47.80278	2.155926	1.718413	8.624368	-0.2689331	6
6.8	-1.374282	-1.635977	3.40062	-13.6579	2.083888	1.774657	9.769055	0.2196162	6
6.82	-1.361406	-1.635977	3.513041	0	2.023865	1.662449	-33.17224	-0.1467961	-6
6.84	-1.870603	-2.045715	1.103807	-20.48693	1.160515	1.751103	-48.60229	-0.1009946	-6
6.86	-1.489062	-0.9530802	2.544484	54.63176	0.9053116	2.321573	-74.05844	-6.98649	-6
6.88	-1.544073	-1.362819	1.927754	-20.48693	-0.3102045	1.361043	-65.41685	-27.62771	-6
6.9	-2.599719	-1.704267	-3.972745	-17.07239	-0.6348357	1.452105	-71.69934	-31.78038	-6
6.92	-1.14776	-0.6799221	2.949338	51.21722	-1.406698	0.3099005	-61.38638	-32.08573	-6
6.94	-1.858205	-1.08966	-1.640441	-20.48688	-1.737375	0.1760532	-55.9339	-31.79565	-6
6.96	-1.947105	-1.362819	-2.540488	-13.65795	-2.200066	-0.63389	-43.21926	-25.18496	-6
6.98	-0.4284323	-0.3384733	4.419441	51.21727	-2.817418	-1.953862	-21.72995	-23.96359	-6
7	-0.8483233	-0.4067631	0.8940108	-3.414488	-2.679528	-1.805487	-17.12675	-4.009391	-6
7.02	-0.5315653	-0.3384733	1.557371	3.414488	-2.730299	-2.223206	-8.531754	-6.2842	-6
7.04	0.358255	0.6858721	4.666744	51.21727	-2.360134	-1.916923	-13.23299	-2.055193	-6
7.06	-0.453563	-0.4067631	-0.3483922	-54.63176	-2.571606	-2.174777	-2.511627	-2.452139	-6
7.08	-0.6356111	-0.2701836	-1.898357	6.828976	-2.213109	-1.869131	-8.219849	-0.8796203	-6
7.1	-0.412826	-0.2701836	-1.092679	0	-2.218417	-1.974703	-6.30665	0.3875552	-6
7.12	-0.3974314	-0.4067631	-1.272947	-6.828976	-2.377303	-2.277182	0.5891836	-0.4521397	-6
7.14	-1.625494	-1.362819	-7.41472	-47.80278	-2.233491	-2.028371	0.003055096	-0.00939151	-6
7.16	0.184332	0.2761335	1.675394	81.94762	-2.05189	-2.138238	-4.817081	0.1432803	-6
7.18	-0.9281258	-0.9530802	-4.139838	-61.46069	-2.283946	-2.156941	3.129212	-0.1009946	-6
7.2	-0.844837	-0.6799221	-3.648617	13.6579	-2.101458	-2.101021	-0.4068158	-0.223132	-6
7.22	-0.6588035	-0.6799221	-2.593181	0	-2.189737	-2.263119	47.08052	0.06694439	6
7.24	-1.710827	-1.635977	-7.535823	-47.80273	-1.34791	-2.250197	65.36021	0.05167721	6
7.26	-0.9492986	-1.294529	-2.806594	17.07239	-0.5208418	-2.248337	73.6494	9.318851	6
7.28	-0.4898527	-1.02137	0.05087328	13.65795	0.3112048	-1.648076	72.84473	23.34939	6
7.3	-1.074276	-1.977426	-1.969909	-47.80278	0.6087302	-1.566173	80.57719	35.31885	6
7.32	-0.8663061	-1.704267	0.02354145	13.65795	1.196796	-1.129959	75.29167	27.83793	6
7.34	-0.9416691	-1.362819	0.2018847	17.07239	2.187116	0.3423792	51.21353	35.24252	6
7.36	-1.814121	-2.318874	-3.092673	-47.80278	2.497626	1.086261	39.05172	23.96008	6
7.38	-1.707274	-2.045715	-1.36906	13.65795	2.818813	1.710307	23.03471	18.18908	6
7.4	-1.294717	-2.114005	1.896255	-3.414488	2.317466	1.162409	29.93974	12.28068	6
7.42	-1.135573	-1.635977	3.135298	23.90141	2.375591	1.399979	24.46907	9.425722	6
7.44	-1.212229	-1.704267	3.085913	-3.414488	2.330961	1.496988	21.90041	1.578395	6
7.46	-1.573192	-2.045715	1.703279	-17.07244	2.221138	1.459403	22.08253	0.1738151	6
7.48	-1.782705	-2.045715	1.077176	0	2.356458	1.734558	15.58338	1.853204	6
7.5	-1.691497	-2.045715	2.037963	0	2.276971	1.694611	14.46289	0.204349	6
7.52	-2.107189	-2.387164	0.4243683	-17.07244	2.220427	1.747016	13.7506	0.02114285	6
7.54	-2.202282	-2.387164	0.4803694	0	2.270133	1.854502	10.12892	0.2196162	6
7.56	-1.021921	-1.362819	6.563133	51.21727	2.223504	1.728543	8.517281	0.00587567	6
7.58	-0.994185	-1.362819	6.327215	0	2.095229	1.734913	10.64548	-0.1315289	6
7.6	-1.403517	-1.635977	3.980931	-13.6579	2.112506	1.824976	9.688154	-0.03992587	6
7.62	-1.399719	-1.635977	3.936057	0	2.108256	1.789288	-35.31784	0.00587567	-6
7.64	-2.020898	-2.045715	0.8495653	-20.48693	1.377546	2.14203	-55.74825	-2.223132	-6
7.66	-1.679492	-1.02137	2.101527	51.21727	1.115713	2.770358	-83.12406	-25.01702	-6
7.68	-1.787467	-1.362819	1.180217	-17.07244	-0.004713833	2.03858	-79.50099	-29.18496	-6
7.7	-1.813274	-1.704267	0.7919891	-17.07239	-1.441568	0.2568039	-53.92546	-35.47504	-6
7.72	-1.01555	-0.6799221	3.844795	51.21722	-1.997835	-0.651065	-41.88001	-28.94069	-6
7.74	-0.9443401	-1.02137	3.216629	-17.07239	-2.836321	-1.998711	-14.84222	-29.74985	-6
7.76	-1.603719	-1.362819	-1.087413	-17.07244	-2.858337	-2.299461	-5.045493	-27.58191	-6
7.78	-1.56068	-1.362819	-1.411916	0	-2.739223	-2.497118	-0.1224923	-5.398704	-6
7.8	-0.1155992	-0.06531429	4.946635	64.87522	-2.527456	-2.537685	-0.2206004	-8.284201	-6
7.82	-0.1304511	-0.06531429	3.537144	0	-2.349077	-2.209518	-0.7825561	-0.7269485	-6
7.84	0.0714036	0.07126522	3.441571	6.828976	-2.263124	-2.193046	-0.4355428	-3.215498	-6
7.86	-1.430007	-1.294529	-4.617723	-68.28971	-2.226215	-2.019617	1.34108	-0.03992587	-6
7.88	-1.570669	-1.431108	-5.058846	-6.828976	-2.148783	-2.136398	0.6644307	0.1127459	-6
7.9	-1.47845	-1.362819	-4.316447	3.414488	-2.093475	-2.099072	-0.2412657	-0.2689331	-6
7.92	-1.105788	-1.02137	-2.360351	17.07244	-2.042122	-2.048352	-1.719209	-0.05519305	-6
7.94	-1.044182	-1.02137	-2.109573	0	-2.091977	-2.079591	-0.3348137	0.03641003	-6
7.96	-0.6135594	-0.6116323	-0.1827261	20.48688	-2.086852	-2.122539	-0.3670436	0.02114285	-6
7.98	-0.7283218	-0.7482109	-1.0805	-6.828928	-2.136659	-2.146071	1.566	-0.1925977	-6
8	-1.797867	-1.704267	-6.351655	-47.80278	-2.152283	-2.103629	3.345413	-0.1162618	-6
8.02	-0.1166916	0.002975464	1.966221	85.36211	-1.86386	-1.97419	38.59805	0.1738151	6
8.04	-1.248467	-1.362819	-3.885674	-68.28971	-1.33132	-2.139743	63.48382	-0.1009946	6
8.06	-0.7687611	-1.08966	-1.067333	13.65795	-0.4699435	-2.073783	70.72508	6.830302	6
8.08	0.01589346	-0.6799221	3.143432	20.48688	0.1848828	-1.826749	74.93186	22.50969	6
8.1	-0.772041	-1.704267	-0.3252344	-51.21722	0.5297532	-1.654869	82.59367	33.24252	6
8.12	-0.4206282	-1.362819	2.125866	17.07239	1.086453	-1.340658	79.04686	29.36465	6
8.14	-0.6836724	-1.362819	1.254388	0	1.862936	-0.2269238	62.94696	34.52496	6
8.16	-0.4570557	-1.08966	2.914291	13.65795	2.417034	0.6622289	45.72636	24.08221	6
8.18	-1.842305	-2.045715	-3.364604	-47.80278	2.973143	1.971065	23.71669	18.09748	6
8.2	-1.056534	-1.704267	1.86345	17.07244	2.696367	1.625658	21.62434	11.02878	6
8.22	-1.113433	-1.635977	2.195598	3.414488	2.533331	1.71004	19.41107	9.624195	6
8.24	-1.270352	-1.772556	1.963852	-6.828976	2.344885	1.589906	19.86837	2.128013	6
8.26	-1.328163	-1.704267	2.103342	3.414488	2.32486	1.656894	16.95224	-0.2689331	6
8.28	-1.89446	-2.114005	-0.2526251	-20.48693	2.372986	1.902903	12.41126	0.6928988	6
8.3	-1.686801	-2.045715	1.469716	3.414488	2.210655	1.663448	13.75619	-0.1773305	6
8.32	-2.143564	-2.387164	-0.2812198	-17.07244	2.166265	1.727845	13.40535	-0.00939151	6
8.34	-1.169754	-1.431108	4.890065	47.80278	2.238122	1.733646	9.158551	0.1280131	6
8.36	-0.97102	-1.362819	5.736834	3.414488	2.08063	1.657423	11.94158	0.03641003	6
8.38	-1.368549	-1.635977	3.562499	-13.6579	2.070591	1.718792	11.96195	-0.1009946	6
8.4	-1.350444	-1.635977	3.678143	0	2.045392	1.633825	12.35229	0.08221157	6
8.42	-1.815286	-2.045715	1.491214	-20.48693	2.035216	1.672365	-31.59412	-0.05519305	-6
8.44	-0.7597747	-0.9530802	6.681375	54.63176	1.337429	1.81575	-53.20173	-0.2383988	-6
8.46	-1.526362	-1.362819	2.19287	-20.48693	0.516042	1.83924	-61.88721	-19.55137	-6
8.48	-0.7156771	-0.3384733	5.433802	51.21727	-0.1176941	1.444949	-68.24196	-28.11626	-6
8.5	-1.221398	-0.6799221	1.805016	-17.07244	-0.7790239	1.124742	-66.07314	-35.2613	-6
8.52	-1.65636	-1.02137	-1.10483	-17.07239	-1.353539	0.5208275	-59.66322	-30.25367	-6
8.54	-1.695733	-1.362819	-1.609116	-17.07244	-2.175256	-0.7300744	-39.61533	-30.4216	-6
8.56	-0.7157272	-0.3384733	2.503972	51.21727	-2.42367	-1.37305	-29.9232	-28.29947	-6
8.58	-0.2520726	-0.2701836	3.787714	3.414488	-2.931002	-2.315232	-9.319234	-10.17733	-6
8.6	-1.068624	-0.6799221	-1.460461	-20.48693	-2.672576	-2.0918	-7.462812	-8.406338	-6
8.62	-0.9930861	-0.6799221	-1.618883	0	-2.467041	-2.090138	-7.234877	-0.7116818	-6
8.64	-0.8300345	-0.6799221	-1.190468	0	-2.445268	-2.209332	-3.441711	-4.833818	-6
8.66	-0.6546084	-0.3384733	-0.8867447	17.07244	-2.137208	-1.835908	-9.063977	-0.05519305	-6
8.68	-0.3144357	-0.3384733	0.4324376	0	-2.323118	-2.183062	-2.264653	0.06694439	-6
8.7	-0.385696	-0.2701836	-0.5047932	3.414488	-2.229293	-2.081855	-2.307022	-0.6048111	-6
8.72	-1.54672	-1.362819	-6.375144	-54.63176	-2.213071	-2.002419	-0.3882322	0.2959521	-6
8.74	-1.478062	-1.362819	-5.541678	0	-2.210586	-2.216807	1.099922	0.00587567	-6
8.76	-1.026112	-0.9530802	-3.03477	20.48693	-2.162342	-2.226593	0.8963804	-0.3147347	-6
8.78	-0.7494908	-0.6799221	-1.734257	13.6579	-2.090769	-2.108503	-0.4536994	0.1738151	-6
8.8	-0.6958014	-0.6799221	-1.626004	0	-2.111197	-2.119174	0.4973451	0.02114285	-6
8.82	-1.842179	-1.772556	-7.143485	-54.63171	-2.198545	-2.155388	48.68879	0.02114285	6
8.84	-1.513829	-1.362819	-5.003719	20.48688	-1.154945	-2.131894	59.92254	-0.1467961	6
8.86	-0.707249	-1.362819	-0.2178774	0	-0.7496193	-2.578431	79.65521	2.647097	6
8.88	-0.1452708	-0.9530802	2.846985	20.48693	-0.06096452	-2.323126	85.67679	17.56313	6
8.9	0.3793945	-0.6799221	5.555986	13.6579	0.5068375	-2.027658	88.00342	27.79213	6
8.92	-1.395651	-1.772556	-3.20975	-54.63171	1.707004	-0.2291016	65.22187	34.90664	6
8.94	-0.3043266	-1.02137	3.211282	37.55932	2.219247	0.2585787	50.49317	30.86084	6
8.96	-1.512061	-2.045715	-2.097996	-51.21727	2.502587	1.139143	39.05422	28.76923	6
8.98	-1.043461	-1.772556	1.41943	13.65795	2.421551	1.005838	35.57593	25.9906	6
9	-1.130556	-1.704267	1.665496	3.414488	2.462626	1.312146	29.48802	10.79977	6
9.02	-2.28347	-2.728612	-3.154484	-51.21727	2.406044	1.507543	26.7257	13.74633	6
9.04	-2.570404	-2.728612	-3.392485	0	2.645937	1.936954	14.78694	4.570761	6
9.06	-2.582504	-2.728612	-2.278771	0	2.691502	2.221442	6.612232	0.1127459	6
9.08	-1.333758	-1.772556	4.718657	47.80278	2.406205	1.855121	8.067179	0.3112192	6
9.1	-1.235588	-1.635977	5.16568	6.828976	2.200059	1.790964	10.6587	-0.4368725	6
9.12	-1.436585	-1.635977	3.970617	0	2.258933	1.974303	7.143263	0.1738151	6
9.14	-1.726718	-2.045715	2.651134	-20.48693	2.066624	1.737507	11.08363	0.06694439	6
9.16	-0.4275696	-0.6799221	8.831767	68.28967	2.20737	1.798555	5.659974	-0.3758038	6
9.18	-2.088015	-2.318874	0.2985578	-81.94762	2.021317	1.902289	10.69437	0.2654177	6
9.2	-1.209926	-1.431108	4.875426	44.38829	2.087531	1.681396	8.310132	-0.1162618	6
9.22	-1.064848	-1.362819	5.37997	3.414488	2.018745	1.689314	-34.40257	-0.2078648	-6
9.24	-1.492542	-1.704267	3.071952	-17.07239	1.137289	1.752156	-49.19163	0.00587567	-6
9.26	-2.416375	-2.045715	-1.748062	-17.07244	0.5475125	1.901474	-63.1331	-11.29183	-6
9.28	-1.418763	-1.02137	2.98859	51.21727	-0.1477844	1.386819	-67.96777	-29.71931	-6
9.3	-1.952478	-1.362819	-0.414844	-17.07244	-0.801833	1.095432	-65.72311	-31.97886	-6
9.32	-2.232894	-1.635977	-2.226784	-13.6579	-1.443168	0.3533296	-57.05262	-31.90252	-6
9.34	-1.311371	-0.6799221	1.678986	47.80273	-1.755398	-0.1593425	-52.73295	-32.72694	-6
9.36	-1.0934	-0.9530802	1.975667	-13.6579	-2.577457	-1.385873	-28.62799	-26.02466	-6
9.38	-1.182718	-1.362819	0.8640411	-20.48693	-3.335481	-2.874036	1.804748	-18.65061	-6
9.4	-1.930946	-1.362819	-3.800694	0	-2.692982	-2.23942	-4.51949	-6.421605	-6
9.42	-1.445572	-1.431108	-1.473287	-3.414488	-2.78586	-2.756916	5.095606	-2.696414	-6
9.44	-1.376416	-1.294529	-1.518268	6.828976	-2.608348	-2.669877	7.10079	-4.162063	-6
9.46	-1.276249	-1.362819	-1.2585	-3.414488	-2.590312	-2.829673	12.18347	0.8913717	-6
9.48	-1.333602	-1.362819	-1.808265	0	-2.416141	-2.703162	12.06308	-1.123895	-6
9.5	-1.100328	-0.9530802	-1.011539	20.48693	-2.006979	-2.163918	2.475618	0.02114285	-6
9.52	-0.8550581	-0.9530802	-0.0346595	0	-2.065836	-2.216556	3.58107	0.3875552	-6
9.54	-0.5815893	-0.6799221	0.9038559	13.6579	-2.078361	-2.235808	3.817445	-0.345269	-6
9.56	-0.6849496	-0.6799221	-0.1325131	0	-1.989701	-2.044834	1.161863	0.05167721	-6
9.58	-0.2135642	-0.3384733	1.773492	17.07244	-2.059455	-2.195753	2.362641	0.1738151	-6
9.6	-1.67733	-1.704267	-5.68716	-68.28967	-2.19295	-2.202238	7.24202	-0.2842007	-6
9.62	-1.583957	-1.362819	-4.920985	17.07239	-1.892583	-1.954795	43.21149	-0.00939151	6
9.64	-1.276743	-1.362819	-3.011118	0	-1.198524	-2.220478	62.41221	0.9524408	6
9.66	-0.4313719	-0.9530802	1.529702	20.48693	-0.5346557	-2.272644	74.34982	15.24252	6
9.68	-1.492038	-2.045715	-3.35135	-54.63176	0.1843205	-1.703425	78.02487	25.94481	6
9.7	-1.487733	-1.635977	-2.649162	20.48693	1.49505	-0.2411541	54.54402	34.9219	6
9.72	-0.5961801	-1.294529	2.699946	17.07239	1.802817	0.08428082	48.96549	30.44863	6
9.74	-2.076463	-2.387164	-4.029806	-54.63176	2.277979	1.122693	36.09238	29.60893	6
9.76	-1.302294	-1.977426	1.134997	20.48693	2.199989	0.8487881	34.85068	25.33412	6
9.78	-1.374288	-2.045715	1.522586	-3.414488	2.104866	0.8847685	35.47644	11.68526	6
9.8	-1.26555	-1.772556	2.551197	13.65795	2.251328	1.154479	29.36659	13.73107	6
9.82	-1.457615	-1.704267	1.863397	3.414488	2.572454	1.831828	16.4565	4.418089	6
9.84	-1.423934	-1.704267	2.420522	0	2.60885	2.083071	9.347484	2.128013	6
9.86	-1.556245	-2.045715	2.272389	-17.07244	2.242415	1.702239	14.89388	-0.2842007	6
9.88	-1.869934	-2.114005	1.061936	-3.414488	2.2557	1.804508	12.28155	0.1738151	6
9.9	-0.7193764	-1.02137	6.882216	54.63176	2.307612	1.811358	7.662969	0.6012957	6
9.92	-1.944261	-2.318874	0.8053639	-64.87522	2.002333	1.685511	15.11996	-0.1925977	6
9.94	-1.245414	-1.431108	4.440197	44.38829	2.187793	1.733995	9.131131	-0.2383988	6
9.96	-1.034642	-1.362819	5.36074	3.414488	2.098118	1.719233	10.29625	0.3112192	6
9.98	-1.428181	-1.704267	3.275212	-17.07239	2.037184	1.704959	11.78051	0.02114285	6
10	-1.502205	-1.704267	2.944511	0	2.090813	1.747572	10.07671	0.03641003	6
10.02	-1.808698	-2.045715	1.624152	-17.07244	2.031605	1.693473	-32.8256	0.1280131	-6
10.04	-0.7605384	-1.02137	6.805667	51.21727	1.229912	1.68057	-51.06191	-0.00939151	-6
10.06	-1.56311	-1.08966	1.89045	-3.414488	0.8220612	2.356094	-71.74197	-5.627712	-6
10.08	-1.984481	-1.226239	-0.7433064	-6.828976	0.2859443	2.374577	-83.64188	-27.23076	-6
10.1	-0.8692842	-0.3384733	4.231001	44.38829	-0.6225135	1.444491	-78.40211	-31.76511	-6
10.12	-1.307342	-1.08966	1.239908	-37.55932	-1.893638	-0.07010046	-51.23491	-32.26893	-6
10.14	-2.265774	-1.362819	-4.414183	-13.65795	-1.928012	-0.1320717	-50.10421	-32.58954	-6
10.16	-0.9437085	-0.3384733	1.626338	51.21727	-2.128797	-0.7375373	-44.49472	-26.10099	-6
10.18	-0.5919282	-0.4067631	2.447352	-3.414488	-2.71625	-1.656782	-24.09238	-25.07809	-6
10.2	-1.204157	-0.6799221	-1.690061	-13.65795	-2.593102	-1.633655	-19.97535	-4.375803	-6
10.22	-0.9121258	-0.6799221	-0.7345203	0	-2.712525	-2.159192	-10.07088	-6.314734	-6
10.24	-1.219585	-0.6799221	-2.954345	0	-2.319981	-1.687614	-15.08467	-2.757483	-6
10.26	-0.7520763	-0.6799221	-0.814146	0	-2.538872	-2.237512	-5.191942	-1.978857	-6
10.28	-0.8480492	-0.6799221	-1.743992	0	-2.470276	-2.241892	-2.033729	-0.9712238	-6
10.3	-0.4628489	-0.2701836	-0.2956165	20.48693	-2.267699	-2.108024	-4.184251	0.5402269	-6
10.32	-0.3641437	-0.4067631	-0.2044225	-6.828976	-2.396414	-2.354175	2.196907	-0.1162618	-6
10.34	-0.3677408	-0.2701836	-0.7266036	6.828976	-2.24002	-2.20832	0.8027117	-0.3147347	-6
10.36	-1.485759	-1.362819	-6.320737	-54.63176	-2.234196	-2.13965	3.061477	0.1585475	-6
10.38	0.2667634	0.2761335	2.384842	81.94762	-2.074326	-2.26921	-1.105625	0.1585475	-6
10.4	-0.8699594	-0.9530802	-3.620929	-61.46069	-2.289934	-2.271955	6.48023	-0.2383988	-6
10.42	-0.8432313	-0.6799221	-3.475941	13.6579	-2.038405	-2.096502	45.11408	-0.03992587	6
10.44	-0.2594115	-0.2701836	-0.5982779	20.48693	-1.149433	-2.130232	59.53554	-0.00939151	6
10.46	-1.292854	-1.635977	-5.278273	-68.28967	-0.5158437	-1.972783	72.89764	9.807402	6
10.48	-0.7611141	-1.362819	-1.635616	13.6579	0.1728363	-1.870746	76.54752	22.43336	6
10.5	-0.1304993	-1.02137	2.216084	17.07244	0.6777204	-1.61447	78.50193	35.01351	6
10.52	0.78052	-0.3384733	7.005953	34.14483	1.065924	-1.391851	78.5721	28.86083	6
10.54	-0.5266493	-1.362819	0.609714	-51.21727	1.616	-0.4888055	70.42828	35.05931	6
10.56	-0.6982042	-1.362819	0.5011106	0	2.216642	0.2838492	54.37453	23.86847	6
10.58	-0.7952745	-1.02137	0.5638759	17.07244	3.030668	1.770518	25.47812	19.08985	6
10.6	-1.35778	-2.045715	-1.056953	-51.21727	2.653471	1.608144	26.58256	10.61656	6
10.62	-1.813655	-2.045715	-2.316877	0	2.825272	2.097702	14.24332	9.547859	6
10.64	-1.579166	-2.045715	0.02803755	0	2.529188	1.823401	14.8792	1.853204	6
10.66	-1.672548	-2.045715	0.349373	0	2.366757	1.769552	14.62581	-0.6964142	6
10.68	-1.821054	-2.045715	0.2264941	0	2.377717	1.912249	10.65882	0.799769	6
10.7	-1.656725	-2.045715	1.692588	0	2.148952	1.621304	14.13122	-0.1009946	6
10.72	-0.7315995	-1.02137	6.33579	51.21727	2.237395	1.729179	9.567504	-0.2689331	6
10.74	-2.028868	-2.318874	-0.06197035	-64.87522	2.050973	1.756964	13.99001	0.2654177	6
10.76	-1.174344	-1.431108	4.494767	44.38829	2.129559	1.623216	10.81432	-0.1467961	6
10.78	-1.091015	-1.362819	4.76418	3.414488	2.126271	1.762893	9.883366	-0.08572698	6
10.8	-1.42859	-1.704267	3.039854	-17.07239	2.051875	1.717174	11.47015	0.4333567	6
10.82	-1.378463	-1.635977	3.365039	3.414488	2.043374	1.65498	-32.82665	-0.2536664	-6
10.84	-0.2984313	-0.4067631	8.307816	61.46069	1.466528	2.068872	-58.31826	-2.039926	-6
10.86	-1.066684	-0.6799221	3.416608	-13.65795	0.8459806	2.479206	-74.61008	-23.47504	-6
10.88	-1.456089	-0.9530802	0.869287	-13.6579	-0.01752001	1.946577	-76.31039	-29.56664	-6
10.9	-1.602702	-1.362819	-0.1238866	-20.48693	-1.255265	0.4825597	-56.94121	-34.75748	-6
10.92	-0.5298784	-0.2701836	4.442998	54.63176	-1.947798	-0.6230723	-42.63978	-30.3758	-6
10.94	-0.7501358	-0.6799221	2.272174	-20.48693	-2.648695	-1.66075	-20.33921	-28.65061	-6
10.96	-1.147036	-0.9530802	-0.5919015	-13.6579	-2.823967	-2.214262	-7.690279	-27.2155	-6
10.98	-1.334018	-1.02137	-2.137634	-3.414488	-2.638372	-2.237479	-5.061011	-5.612445	-6
11	-1.600243	-1.362819	-3.711714	-17.07244	-2.533978	-2.270571	-1.901888	-8.452139	-6
11.02	-1.799044	-1.362819	-4.838525	0	-2.152603	-1.819008	-8.780895	-0.5284752	-6
11.04	0.159016	0.2761335	4.520888	81.94762	-2.041962	-1.892445	-12.03412	-4.024658	-6
11.06	-1.29335	-1.02137	-3.538274	-64.87518	-2.043429	-1.47748	-11.12625	0.7234331	-6
11.08	-1.121379	-1.02137	-2.63998	0	-2.199864	-1.958699	-6.16166	0.6470972	-6
11.1	-1.124699	-1.02137	-2.732891	0	-2.256033	-2.092929	-2.732462	-0.6964142	-6
11.12	-0.8725586	-0.6799221	-1.699898	17.07239	-2.105681	-1.945715	-5.461018	0.2806849	-6
11.14	-0.7798806	-0.7482109	-1.430418	-3.41444	-2.201562	-2.09685	-1.841856	0.02114285	-6
11.16	-0.5165978	-0.4067631	-0.4870968	17.07239	-2.103539	-2.007009	-3.514033	-0.1315289	-6
11.18	-1.820459	-1.704267	-6.950422	-64.87518	-2.210691	-2.027446	1.063345	0.1127459	-6
11.2	-0.420589	-0.3384733	0.1744578	68.28967	-2.061778	-2.16097	-2.794539	-0.1009946	-6
11.22	-1.443978	-1.362819	-5.061929	-51.21727	-2.146709	-2.001035	44.83439	-0.3147347	6
11.24	-1.508578	-1.362819	-5.067265	0	-1.191819	-2.053233	58.63224	0.05167721	6
11.26	-0.4651519	-1.02137	0.7500923	17.07244	-0.6640233	-2.39258	74.79939	5.7616	6
11.28	-1.491845	-2.045715	-3.872634	-51.21727	0.0512777	-1.859261	79.94822	21.88374	6
11.3	-0.7925222	-1.772556	0.6982903	13.65795	0.4776146	-1.993315	85.55774	32.89137	6
11.32	-0.4487883	-1.294529	2.870127	23.90137	1.230603	-1.160578	76.28242	29.86847	6
11.34	-1.541402	-2.455454	-1.775446	-58.04625	1.579644	-0.6155064	72.66013	33.92953	6
11.36	-0.02073008	-0.6799221	6.339515	88.77659	2.395756	0.3480608	49.27842	24.72343	6
11.38	-1.733903	-2.045715	-1.941529	-68.28967	2.924423	1.827225	28.46207	20.89137	6
11.4	-1.135023	-1.772556	2.172974	13.65795	2.761607	1.631742	23.25674	11.16618	6
11.42	-1.242807	-1.635977	2.140599	6.828976	2.786959	2.041921	14.35093	11.70053	6
11.44	-1.211657	-1.635977	2.78483	0	2.613741	2.018192	11.63935	2.524959	6
11.46	-1.630034	-2.045715	1.199855	-20.48693	2.353261	1.838943	13.85178	0.08221157	6
11.48	-1.858411	-2.045715	0.5400826	0	2.401772	1.997792	8.905977	1.899006	6
11.5	-0.3244278	-0.6799221	8.28952	68.28967	2.359469	1.870819	5.604863	-0.1925977	6
11.52	-2.078941	-2.387164	-0.507996	-85.36211	2.055642	1.868049	12.77747	0.1890818	6
11.54	-1.221277	-1.362819	4.054993	51.21727	2.239339	1.843032	6.24489	0.2654177	6
11.56	-1.052277	-1.362819	4.841687	0	2.09954	1.787123	8.537463	-0.1315289	6
11.58	-1.507584	-1.772556	2.545966	-20.48688	1.997763	1.702369	11.37279	-0.03992587	6
11.6	-1.556588	-1.704267	2.403052	3.414488	2.096138	1.79244	8.666481	0.09747917	6
11.62	-1.864277	-2.045715	1.126458	-17.07244	2.063761	1.789853	-35.11113	-0.08572698	-6
11.64	-0.8083357	-0.9530802	6.348884	54.63176	1.346239	1.928139	-56.31041	-0.03992587	-6
11.66	-1.645352	-1.362819	1.505204	-20.48693	0.5896381	2.067253	-67.03217	-17.32237	-6
11.68	-2.131063	-1.704267	-1.176445	-17.07239	-0.2673148	1.453805	-66.35419	-30.03992	-6
11.7	-1.185395	-0.6799221	2.990954	51.21722	-0.8913987	0.8056661	-64.55885	-35.2613	-6
11.72	-1.664749	-1.02137	-0.3443627	-17.07239	-1.405697	0.4657801	-58.85647	-28.69641	-6
11.74	-0.362355	0.002975464	5.218959	51.21727	-1.985004	-0.5448937	-46.58628	-33.03229	-6
11.76	-0.7149493	-0.3384733	2.085562	-17.07244	-2.396739	-1.066367	-32.87947	-25.94832	-6
11.78	-0.5357993	-0.6799221	2.211464	-17.07244	-3.159964	-2.588108	-4.240997	-13.01702	-6
11.8	-0.1049819	0.2761335	2.964178	47.80278	-2.684069	-2.263007	-7.558818	-6.66588	-6
11.82	-1.041901	-0.9530802	-2.44926	-61.46069	-2.784075	-2.492393	3.007805	-2.314735	-6
11.84	-1.313463	-1.02137	-4.064873	-3.414488	-2.459948	-2.318734	0.5527411	-3.96359	-6
11.86	0.3317778	0.3444233	3.732038	68.28967	-2.311477	-2.413863	-0.6832407	0.1585475	-6
11.88	-0.6334106	-0.6799221	-1.768084	-51.21727	-2.423795	-2.365823	6.100424	-0.4979408	-6
11.9	-0.9541587	-0.6799221	-3.638688	0	-2.050907	-1.973671	-1.831993	0.1890818	-6
11.92	-0.2687654	-0.2701836	-0.272645	20.48693	-2.080168	-2.119281	-1.311886	0.1432803	-6
11.94	-0.4105719	-0.4067631	-1.296739	-6.828976	-2.125754	-2.098022	0.4524923	-0.2536664	-6
11.96	-1.46869	-1.362819	-6.486472	-47.80278	-2.152087	-2.075058	2.476197	-0.03992587	-6
11.98	-1.511463	-1.362819	-6.163486	0	-2.06874	-2.104756	0.719386	-0.08572698	-6
12	-1.064789	-0.9530802	-3.580065	20.48693	-1.995641	-2.031193	-1.792724	-0.05519305	-6
12.02	-0.7896021	-0.6799221	-2.193723	13.6579	-1.941525	-1.882036	40.03506	-0.1009946	6
12.04	-0.662672	-0.6799221	-1.61889	0	-1.192563	-2.046274	58.21781	-0.03992587	6
12.06	-1.134318	-1.704267	-3.376594	-51.21722	-0.8084478	-2.451195	79.71341	2.265417	6
12.08	-0.633134	-1.362819	-0.1499896	17.07239	-0.1003485	-2.351623	85.74907	19.44099	6
12.1	-0.2871168	-1.02137	1.977562	17.07244	0.7725778	-1.546327	78.87856	28.90664	6
12.12	0.2191911	-0.3384733	4.551337	34.14483	1.786602	-0.2199715	58.2625	32.15854	6
12.14	-0.2862731	-1.362819	2.581138	-51.21727	1.690805	-0.2597138	62.9763	33.97534	6
12.16	-0.2393085	-1.02137	3.265089	17.07244	2.071411	0.2208033	53.20768	24.32648	6
12.18	-1.44689	-2.045715	-2.035164	-51.21727	2.331851	0.8622608	44.01477	24.8761	6
12.2	-1.643719	-2.045715	-1.878627	0	2.659924	1.424566	29.58664	10.28068	6
12.22	-1.358588	-1.635977	0.4645046	20.48693	2.91404	2.060709	14.12762	14.00588	6
12.24	-1.312436	-1.772556	1.499304	-6.828976	2.659181	2.010987	12.61967	2.524959	6
12.26	-1.368883	-1.704267	1.75305	3.414488	2.533332	2.035557	9.863232	-0.1315289	6
12.28	-1.666221	-2.045715	0.8549166	-17.07244	2.27408	1.804936	12.88226	0.7386999	6
12.3	-1.759768	-2.045715	0.930347	0	2.194346	1.721401	12.81401	-0.5742767	6
12.32	-1.777143	-1.977426	1.270826	3.414488	2.227584	1.825011	9.988104	-0.03992587	6
12.34	-2.23016	-2.455454	-0.4402008	-23.90141	2.126047	1.774427	11.36368	0.2654177	6
12.36	-1.145652	-1.362819	5.231173	54.63176	2.22089	1.788078	6.821101	-0.1773305	6
12.38	-1.081031	-1.362819	5.319769	0	2.139182	1.860202	7.515674	0.1432803	6
12.4	-1.428868	-1.704267	3.460411	-17.07239	2.028404	1.750719	10.19024	0.1432803	6
12.42	-1.469161	-1.635977	3.229653	3.414488	2.100889	1.820354	-36.34096	-0.1009946	-6
12.44	-1.791887	-1.977426	1.753579	-17.07244	1.179291	1.816247	-50.7603	0.1585475	-6
12.46	-1.441691	-1.02137	3.029161	47.80278	0.7518269	2.129075	-70.87764	-10.08573	-6
12.48	-1.492643	-1.362819	2.359145	-17.07244	-0.4509771	1.122992	-61.06864	-29.70405	-6
12.5	-2.276909	-1.635977	-2.200324	-13.6579	-0.9508445	0.8446768	-60.51927	-32.48267	-6
12.52	-1.414956	-0.6799221	1.448278	47.80273	-1.214871	0.5360269	-62.90777	-31.09336	-6
12.54	-1.324593	-0.9530802	1.133175	-13.6579	-1.983643	-0.4026332	-45.98287	-33.47504	-6
12.56	-1.738274	-1.362819	-1.622401	-20.48693	-2.480168	-1.229256	-29.62777	-25.64298	-6
12.58	-0.06407256	-0.3384733	6.112746	51.21727	-3.224266	-2.915413	-1.530299	-19.94832	-6
12.6	-0.5870776	-0.2701836	1.843652	3.414488	-2.809019	-2.409622	-1.814073	-5.963589	-6
12.62	-0.1831546	-0.2701836	2.930127	0	-2.858848	-2.870764	7.705619	-3.505574	-6
12.64	-0.3793382	-0.3384733	0.9575516	-3.414488	-2.61759	-2.68592	8.573815	-4.482673	-6
12.66	-0.3351224	-0.3384733	0.4972371	0	-2.423921	-2.583129	8.197555	-0.345269	-6
12.68	0.1545256	0.002975464	2.319885	17.07244	-2.36913	-2.657626	9.933958	-1.15443	-6
12.7	-1.522751	-1.362819	-6.41193	-68.28971	-2.141947	-2.137925	6.615433	0.1432803	-6
12.72	0.3836889	0.3444233	3.0747	85.36211	-1.951831	-2.26186	0.3275316	0.2348834	-6
12.74	-0.843513	-0.9530802	-3.419542	-64.87518	-2.167271	-2.186033	6.600773	-0.3147347	-6
12.76	-0.7356722	-0.6799221	-2.830937	13.6579	-2.028003	-2.173901	3.082046	0.1127459	-6
12.78	-0.682191	-0.6799221	-2.524546	0	-2.017689	-2.125599	2.27816	-0.1467961	-6
12.8	-1.633431	-1.635977	-6.922483	-47.80273	-2.15066	-2.220488	6.408929	-0.1773305	-6
12.82	-0.08758278	0.002975464	0.8807869	81.94762	-1.865483	-2.067316	41.72451	0.1432803	6
12.84	-1.135564	-1.362819	-4.327725	-68.28971	-1.418837	-2.400922	69.21823	0.6318296	6
12.86	-0.7054847	-1.02137	-1.68883	17.07244	-0.4525716	-2.173352	73.94253	14.63183	6
12.88	-1.37538	-2.114005	-4.090738	-54.63176	0.01644874	-2.074364	84.45451	24.20435	6
12.9	-0.8504585	-1.635977	-0.4375696	23.90141	0.7399013	-1.663731	80.97832	36.7387	6
12.92	-0.877421	-1.362819	-0.004445314	13.6579	1.76295	-0.2561766	60.60266	28.8303	6
12.94	-0.9073121	-0.9530802	0.2354574	20.48693	2.916065	1.667515	25.63564	30.44863	6
12.96	-1.295488	-2.045715	-0.5022192	-54.63176	2.482263	1.374306	29.67866	24.84557	6
12.98	-1.399587	-1.704267	-0.202437	17.07244	2.685409	1.839063	17.94438	12.52496	6
13	-1.059972	-1.704267	2.386433	0	2.30847	1.417729	22.5217	14.75397	6
13.02	-1.03613	-1.362819	2.794379	17.07239	2.420421	1.744706	15.70725	5.746334	6
13.04	-1.296631	-1.635977	1.848399	-13.6579	2.353408	1.816401	13.68285	2.769234	6
13.06	-1.172823	-1.635977	2.912041	0	2.125655	1.505267	17.33916	-0.5742767	6
13.08	-1.414411	-1.635977	1.893902	0	2.237846	1.765088	12.75427	0.02114285	6
13.1	-1.283463	-1.635977	2.882602	0	2.12645	1.614787	13.9867	0.372288	6
13.12	-1.760057	-2.045715	0.8245542	-20.48693	2.06395	1.610747	15.13344	-0.2689331	6
13.14	-1.807579	-2.045715	1.043449	0	2.091942	1.611212	13.82937	-0.1315289	6
13.16	-2.201753	-2.387164	-0.4126276	-17.07244	2.117795	1.716634	12.49338	0.1432803	6
13.18	-1.027927	-1.362819	5.750015	51.21727	2.105644	1.553565	11.36024	-0.1773305	6
13.2	-1.030415	-1.362819	5.45663	0	2.05646	1.655735	12.18035	0.00587567	6
13.22	-1.348901	-1.704267	3.7515	-17.07239	1.949501	1.515465	-28.86426	0.2959521	-6
13.24	-1.286044	-1.635977	4.065886	3.414488	1.040104	1.39515	-42.41783	-0.1620629	-6
13.26	-2.698813	-2.045715	-3.400897	-20.48693	0.8845045	2.35821	-69.01918	-5.108628	-6
13.28	-1.644953	-1.02137	1.77018	51.21727	0.3151001	2.121887	-81.36	-27.3987	-6
13.3	-1.748995	-1.362819	0.7908766	-17.07244	-0.8229305	1.148363	-68.61124	-30.65061	-6
13.32	-0.5672102	-0.4067631	5.870117	47.80278	-1.834655	-0.3439256	-48.57539	-32.66588	-6
13.34	-1.27408	-0.6799221	0.8641465	-13.65795	-2.055552	-0.4910694	-42.31126	-32.80328	-6
13.36	-0.1276224	0.2761335	5.354431	47.80278	-2.251631	-1.088033	-35.55136	-25.88725	-6
13.38	-1.508049	-1.362819	-2.457403	-81.94762	-2.848768	-1.902712	-12.89815	-26.68114	-6
13.4	-0.8668168	-0.2701836	-0.06538773	54.63176	-2.360443	-1.673677	-19.87478	-4.497941	-6
13.42	-0.4391575	-0.3384733	1.395126	-3.414488	-2.58379	-2.114751	-9.231338	-6.757483	-6
13.44	-0.9128005	-0.4067631	-1.890662	-3.414488	-2.190271	-1.563111	-15.58505	-2.345269	-6
13.46	-0.4936315	-0.4067631	-0.1315053	0	-2.384763	-2.042827	-7.816044	-2.039926	-6
13.48	-0.5229946	-0.4067631	-0.7958717	0	-2.407889	-2.159071	-3.363849	-1.108628	-6
13.5	-1.649414	-1.362819	-6.566146	-47.80278	-2.291167	-1.981811	-2.700356	0.5249598	-6
13.52	-1.503439	-1.362819	-5.376404	0	-2.298665	-2.242877	-0.03195167	-0.1162618	-6
13.54	-1.109985	-0.9530802	-3.243959	20.48693	-2.176103	-2.14588	-1.5844	-0.3300023	-6
13.56	-1.075733	-0.9530802	-3.073992	0	-2.12569	-2.049297	-1.936111	0.2196162	-6
13.58	-0.7476042	-0.6799221	-1.519715	13.6579	-2.107317	-2.071646	-1.943349	-0.1467961	-6
13.6	-0.4158778	-0.4067631	-0.1549674	13.65795	-2.125636	-2.111494	-0.9715794	-0.2078648	-6
13.62	-1.80159	-1.704267	-7.042627	-64.87518	-2.207916	-2.083582	47.38145	0.00587567	6
13.64	-1.58148	-1.362819	-5.470772	17.07239	-1.120737	-2.01287	57.42136	-0.2078648	6
13.66	-0.6311213	-1.02137	-0.1230619	17.07244	-0.4381199	-2.012903	67.98635	9.211982	6
13.68	0.03203118	-0.6799221	3.389185	17.07239	0.14735	-1.804375	74.18943	22.23488	6
13.7	-0.4365267	-1.635977	1.543368	-47.80273	0.2020171	-2.186571	91.32804	34.40282	6
13.72	-0.5079504	-1.362819	1.605439	13.6579	1.024713	-1.466631	82.86136	28.93717	6
13.74	-1.500707	-2.318874	-2.480622	-47.80278	1.60616	-0.6660289	73.85149	34.00587	6
13.76	-1.477862	-2.045715	-1.258399	13.65795	2.34994	0.3716652	53.15186	24.17381	6
13.78	-1.406232	-1.635977	-0.1001488	20.48693	3.118786	1.847431	24.1886	19.96007	6
13.8	-0.7319384	-1.567688	4.24457	3.41444	2.681352	1.505537	25.69434	9.746333	6
13.82	-0.9716734	-1.362819	3.248281	10.24346	2.785621	2.030593	15.1677	10.76923	6
13.84	-0.7635754	-1.362819	4.657428	0	2.46476	1.726025	17.05706	1.960074	6
13.86	-1.262808	-1.635977	2.335654	-13.6579	2.393715	1.838213	14.7785	0.5707613	6
13.88	-1.397282	-1.635977	1.972105	0	2.43535	1.988154	9.556732	0.6776316	6
13.9	-1.245002	-1.635977	3.112956	0	2.218155	1.740171	12.0934	-0.2994679	6
13.92	-1.753429	-2.045715	0.8926898	-20.48693	2.110716	1.694499	13.74553	0.02114285	6
13.94	-1.872883	-2.045715	0.7300197	0	2.181777	1.784281	10.64399	0.204349	6
13.96	-0.2713289	-0.6799221	8.756528	68.28967	2.123078	1.558445	10.15475	-0.1009946	6
13.98	-2.188372	-2.387164	-0.9938592	-85.36211	2.031171	1.852269	13.11299	-0.03992587	6
14	-1.214472	-1.362819	4.186783	51.21727	2.217758	1.79876	6.683402	0.3417536	6
14.02	-1.014565	-1.362819	5.117917	0	2.048153	1.697991	-34.22363	-0.2689331	-6
14.04	-1.622746	-1.704267	1.928977	-17.07239	1.298212	2.014269	-53.42114	-1.352903	-6
14.06	-2.611568	-2.045715	-3.113979	-17.07244	0.8257036	2.404606	-72.68127	-23.67351	-6
14.08	-1.537636	-0.9530802	2.119855	54.63176	0.1448541	1.997643	-80.7645	-29.88725	-6
14.1	-1.600762	-1.362819	1.345046	-20.48693	-1.14678	0.6975884	-61.34396	-35.18496	-6
14.12	-2.402742	-1.704267	-3.309709	-17.07239	-1.607021	0.2241107	-54.55406	-29.24603	-6
14.14	-1.150214	-0.6799221	2.38794	51.21722	-2.044179	-0.653362	-44.74293	-28.43687	-6
14.16	0.1643043	0.4127131	7.52337	54.63176	-2.421517	-1.313199	-32.35844	-26.95596	-6
14.18	-1.259268	-0.9530802	-0.9858971	-68.28967	-2.720112	-1.670742	-17.38694	-4.742216	-6
14.2	-1.456775	-1.02137	-2.583038	-3.414488	-2.590652	-1.902795	-13.83665	-8.085727	-6
14.22	-1.464739	-1.02137	-3.023195	0	-2.390802	-1.797947	-14.11195	-1.230765	-6
14.24	-1.344965	-1.08966	-2.627888	-3.414488	-2.415787	-1.979588	-9.466769	-4.100994	-6
14.26	-1.242616	-1.02137	-2.358137	3.414488	-2.382545	-2.059892	-6.510481	-1.658246	-6
14.28	-1.066744	-0.9530802	-1.708533	3.414488	-2.404375	-2.224963	-2.276735	-0.940689	-6
14.3	-0.8237164	-0.6799221	-0.8779376	13.6579	-2.282775	-2.154259	-2.494524	-0.1620629	-6
14.32	-0.7372118	-0.6799221	-0.8226884	0	-2.271632	-2.191741	-0.4306703	-0.05519305	-6
14.34	-0.3603909	-0.3384733	0.5973609	17.07244	-2.223571	-2.218683	0.1501146	-0.03992587	-6
14.36	-1.732283	-1.704267	-6.31805	-68.28967	-2.34882	-2.29081	6.538854	-0.1620629	-6
14.38	-0.4212517	-0.2701836	0.2168639	71.70415	-2.005205	-2.145763	-2.103357	-0.1467961	-6
14.4	-1.413492	-1.431108	-4.801119	-58.04625	-2.190207	-2.138242	3.705025	0.03641003	-6
14.42	-1.501267	-1.362819	-4.959455	3.414488	-2.06404	-2.103975	45.35754	0.03641003	6
14.44	-1.083027	-1.08966	-2.618052	13.65795	-1.218214	-2.221731	61.48134	-0.1009946	6
14.46	-0.02066863	-0.6799221	2.958904	20.48688	-0.70226	-2.530922	78.24669	4.570761	6
14.48	0.1677499	-0.6799221	3.815178	0	-0.0689972	-2.274773	85.76021	20.20435	6
14.5	-0.9703958	-1.772556	-1.527953	-54.63171	0.618664	-1.65885	85.17019	30.38755	6
14.52	-0.8017546	-1.362819	0.0182519	20.48688	1.63604	-0.5503182	66.06482	31.96007	6
14.54	0.1057096	-1.08966	5.388468	13.65795	1.635953	-0.6713074	68.44212	35.25778	6
14.56	-1.25694	-2.045715	-0.9254727	-47.80278	1.998573	0.109023	60.38604	24.18908	6
14.58	-1.183113	-1.704267	0.3259115	17.07244	2.569131	0.9227231	41.30321	23.91427	6
14.6	-1.205935	-1.704267	1.022535	0	2.800068	1.576565	27.41257	10.34175	6
14.62	-2.546401	-2.728612	-4.682855	-51.21727	2.980422	2.329444	13.6422	13.7158	6
14.64	-2.579998	-2.796902	-3.344853	-3.414488	2.88748	2.362041	6.286966	2.311219	6
14.66	-1.359979	-1.704267	3.663317	54.63176	2.682741	2.197551	3.089622	0.02114285	6
14.68	-1.143502	-1.635977	4.948779	3.414488	2.258695	1.854651	9.679739	0.6318296	6
14.7	-1.414139	-1.704267	3.541259	-3.414488	2.175346	1.8347	10.10007	-0.5284752	6
14.72	-1.849908	-2.045715	1.512339	-17.07244	2.162519	1.869859	9.2354	0.372288	6
14.74	-1.80716	-1.977426	2.010242	3.414488	2.180452	1.882161	7.309564	0.08221157	6
14.76	-2.086931	-2.387164	1.026949	-20.48693	1.973202	1.623187	12.54064	-0.1315289	6
14.78	-1.180847	-1.431108	5.627059	47.80278	2.060604	1.605521	9.947068	-0.03992587	6
14.8	-1.125211	-1.362819	5.547429	3.414488	2.101908	1.802923	8.39143	-0.02465869	6
14.82	-1.335637	-1.635977	4.298934	-13.6579	2.001056	1.686603	-33.28593	0.02114285	-6
14.84	-1.474201	-1.704267	3.516145	-3.414488	1.13347	1.687224	-48.50185	0.06694439	-6
14.86	-2.372338	-2.045715	-1.226136	-17.07244	0.5173612	1.828728	-61.59352	-14.1926	-6
14.88	-1.114048	-1.02137	4.844373	51.21727	-0.4691196	0.7913371	-57.02988	-29.79565	-6
14.9	-1.607753	-1.362819	1.506905	-17.07244	-1.273932	0.1555524	-46.8371	-33.79565	-6
14.92	-1.267956	-0.6799221	2.174949	34.14483	-1.427892	0.002750188	-49.31774	-29.2155	-6
14.94	-1.227351	-1.02137	1.586672	-17.07239	-2.114624	-0.9262936	-33.03173	-32.75748	-6
14.96	0.03167373	0.2761335	6.583151	64.87518	-2.286785	-1.42804	-26.68773	-25.29183	-6
14.98	-1.159616	-1.362819	-0.3109903	-81.94762	-3.075113	-2.571852	2.092808	-14.74221	-6
15	-0.9522541	-0.4067631	-0.2865105	47.80278	-2.357591	-1.967414	-9.886799	-6.696414	-6
15.02	-0.4334712	-0.3384733	1.636964	3.414488	-2.38116	-2.122042	-5.92011	-2.085727	-6
15.04	-0.3587505	-0.3384733	1.238034	0	-2.430464	-2.270022	-0.7596642	-3.795651	-6
15.06	-0.3238057	-0.2701836	0.6858788	3.414488	-2.350107	-2.271686	0.697896	-1.765116	-6
15.08	-1.482235	-1.362819	-5.343009	-54.63176	-2.325396	-2.207319	3.578363	-0.1162618	-6
15.1	-1.576015	-1.362819	-5.520876	0	-2.124297	-2.110072	-0.04076385	-0.1315289	-6
15.12	0.3408425	0.3444233	3.843327	85.36211	-1.995298	-2.122948	-4.400148	0.05167721	-6
15.14	-0.9403901	-1.02137	-3.05441	-68.28967	-2.261273	-2.148464	4.102262	-0.05519305	-6
15.16	-0.7905405	-0.6799221	-2.387086	17.07239	-2.092795	-2.139123	0.7192192	-0.3758038	-6
15.18	-0.7242032	-0.6799221	-2.135122	0	-2.068038	-2.087587	0.2158176	-0.1620629	-6
15.2	-1.778338	-1.704267	-7.137166	-51.21722	-2.154862	-2.112837	3.532776	0.02114285	-6
15.22	-0.3983764	-0.3384733	-0.04784255	68.28967	-1.989822	-2.159069	42.85648	-0.1162618	6
15.24	-1.382694	-1.362819	-5.009745	-51.21727	-1.235227	-2.056672	61.85437	-0.08572698	6
15.26	-0.5682914	-1.02137	-0.3452451	17.07244	-0.5469083	-2.250733	73.42235	1.608929	6
15.28	-0.05653036	-1.02137	2.657794	0	-0.1808705	-2.44654	87.68031	18.12801	6
15.3	0.4328949	-0.6799221	5.248154	17.07239	0.354112	-2.266165	92.30026	27.30359	6
15.32	-0.7816695	-1.362819	-0.7539716	-34.14483	1.459407	-0.7446612	73.7877	35.33412	6
15.34	-0.4846912	-1.362819	1.650932	0	1.900868	-0.3042646	64.14249	31.08984	6
15.36	-1.161915	-2.045715	-0.7608972	-34.14483	2.070194	0.113481	59.11663	27.74633	6
15.38	-1.31386	-2.045715	-0.4206209	0	2.336777	0.5526363	49.04464	27.39519	6
15.4	-1.190927	-1.635977	0.9895492	20.48693	2.789132	1.43851	30.35201	9.960073	6
15.42	-1.314104	-1.772556	1.128448	-6.828976	2.850482	1.891375	19.81575	14.14328	6
15.44	-1.335687	-1.635977	1.616566	6.828976	2.907222	2.287049	8.998342	3.502058	6
15.46	-1.348488	-1.704267	2.116817	-3.414488	2.692505	2.251693	6.466215	1.731067	6
15.48	-1.441195	-1.772556	2.106295	-3.414488	2.457082	2.096635	7.012401	0.372288	6
15.5	-1.792439	-2.045715	0.7970574	-13.65795	2.293313	1.990321	7.929289	0.1127459	6
15.52	-1.826574	-2.045715	1.114041	0	2.201178	1.879171	8.150126	0.3112192	6
15.54	-2.252939	-2.455454	-0.4692756	-20.48693	2.090296	1.790716	10.14102	-0.00939151	6
15.56	-2.313011	-2.455454	-0.1618904	0	2.10409	1.779438	9.129944	-0.2383988	6
15.58	-1.129773	-1.362819	5.929351	54.63176	2.153728	1.755315	6.272329	0.02114285	6
15.6	-1.33862	-1.635977	4.634522	-13.6579	2.022495	1.759145	9.411724	0.1432803	6
15.62	-1.462583	-1.704267	3.87763	-3.414488	2.003968	1.699635	-34.09818	-0.08572698	-6
15.64	-1.915458	-2.045715	1.635183	-17.07244	1.191051	1.841346	-50.91196	0.08221157	-6
15.66	-1.504065	-1.08966	3.220229	47.80278	0.7586904	2.13095	-71.02684	-9.047559	-6
15.68	-1.62412	-1.362819	2.107401	-13.65795	-0.2936973	1.39427	-66.02288	-29.47504	-6
15.7	-2.128817	-1.704267	-0.9311662	-17.07239	-1.122636	0.5868716	-56.73536	-32.60481	-6
15.72	-0.9040457	-0.6799221	4.522038	51.21722	-1.851823	-0.5765539	-42.78487	-32.89489	-6
15.74	-0.333506	0.2761335	5.64466	47.80278	-1.804532	-0.3921729	-45.61452	-32.83382	-6
15.76	-0.2008045	0.002975464	4.850664	-13.6579	-2.33351	-1.165332	-30.38533	-25.67351	-6
15.78	-0.4481003	-0.3384733	2.38515	-17.07244	-2.736605	-1.954522	-13.68477	-22.43687	-6
15.8	-1.223025	-0.6799221	-2.514157	-17.07244	-2.404682	-1.635777	-16.16895	-4.024658	-6
15.82	-0.8552659	-0.6799221	-0.9971594	0	-2.524419	-2.108484	-8.428079	-5.566643	-6
15.84	-1.108391	-0.6799221	-2.807208	0	-2.231451	-1.727419	-12.38143	-1.902521	-6
15.86	-0.7048606	-0.6799221	-0.9368719	0	-2.458039	-2.245189	-3.237772	-1.948322	-6
15.88	-0.9540651	-0.6799221	-2.616582	0	-2.24504	-1.968799	-5.509163	-0.6200783	-6
15.9	-0.5206231	-0.3384733	-0.7518887	17.07244	-2.137233	-1.932045	-7.018224	0.7386999	-6
15.92	-0.3512009	-0.4067631	-0.2242591	-3.414488	-2.33899	-2.259587	0.3119651	-0.1315289	-6
15.94	-1.638731	-1.431108	-6.764957	-51.21727	-2.25195	-2.0672	1.159235	-0.1925977	-6
15.96	-1.629189	-1.362819	-6.256948	3.414488	-2.052703	-1.972806	-3.190213	0.2806849	-6
15.98	-1.069078	-1.02137	-3.083966	17.07244	-2.122312	-2.135372	-1.300501	-0.1467961	-6
16	-0.791396	-0.6799221	-1.792304	17.07239	-2.04521	-1.985929	-3.199444	-0.1162618	-6
16.02	-0.678283	-0.6799221	-1.377756	0	-2.135295	-2.104731	43.86618	0.1738151	6
16.04	-1.693461	-1.704267	-6.27478	-51.21722	-1.429926	-2.317836	65.9664	0.6776316	6
16.06	-1.056323	-1.362819	-2.369675	17.07239	-0.53289	-2.217648	72.97488	14.09748	6
16.08	-0.3811062	-0.9530802	1.444198	20.48693	0.2739028	-1.701848	73.02023	24.63183	6
16.1	-1.403287	-2.045715	-3.023438	-54.63176	0.8626322	-1.072568	72.13679	35.96007	6
16.12	-1.169981	-1.704267	-0.906734	17.07244	1.627625	-0.3025596	58.70967	29.37992	6
16.14	-1.257577	-1.431108	-0.7250788	13.6579	2.562496	1.234617	32.18938	30.29595	6
16.16	-1.594173	-2.318874	-1.155624	-44.38829	2.276382	1.040996	35.14771	25.97534	6
16.18	-1.492621	-2.045715	0.338531	13.65795	2.30235	1.130462	30.99894	12.84557	6
16.2	-1.297929	-2.045715	2.165727	0	2.055225	0.8316151	35.31077	14.14328	6
16.22	-1.752908	-2.045715	0.3148582	0	2.397949	1.500131	23.79033	5.914272	6
16.24	-1.482344	-1.772556	2.193705	13.65795	2.566026	1.854959	14.062	1.22725	6
16.26	-1.526819	-2.045715	2.502	-13.65795	2.264812	1.600945	17.83198	0.6165628	6
16.28	-1.674387	-2.045715	2.119147	0	2.209938	1.597359	16.98496	1.395189	6
16.3	-1.703335	-2.045715	2.317177	0	2.179813	1.59879	15.90638	0.2196162	6
16.32	-1.63363	-1.977426	2.935891	3.414488	2.143241	1.583888	15.3402	-0.1467961	6
16.34	-2.143927	-2.387164	0.6862729	-20.48693	2.155673	1.711316	13.91058	-0.2383988	6
16.36	-2.100011	-2.318874	1.356007	3.414488	2.19106	1.746195	11.37225	0.1890818	6
16.38	-0.973313	-1.362819	7.067177	47.80278	2.122839	1.579319	11.2974	0.09747917	6
16.4	-1.004082	-1.362819	6.451741	0	2.065451	1.667122	12.22019	-0.05519305	6
16.42	-1.395557	-1.635977	4.16794	-13.6579	2.109604	1.785834	-33.66996	-0.03992587	-6
16.44	-1.476117	-1.704267	3.69528	-3.414488	1.241215	1.800824	-50.04765	0.2196162	-6
16.46	-2.549287	-2.045715	-1.991531	-17.07244	0.7885164	2.280612	-69.35512	-3.536109	-6
16.48	-1.679059	-0.9530802	2.009019	54.63176	0.3424278	2.266008	-84.46329	-26.62008	-6
16.5	-1.962842	-1.362819	0.01190495	-20.48693	-0.6182896	1.595834	-77.46119	-30.52847	-6
16.52	-2.269232	-1.704267	-1.930949	-17.07239	-1.526941	0.4860809	-61.96146	-36.14679	-6
16.54	-0.9864721	-0.6799221	3.81537	51.21722	-2.275644	-0.8469402	-42.93751	-30.78802	-6
16.56	-1.48454	-1.08966	0.1640537	-20.48688	-2.640984	-1.388981	-27.61403	-28.11626	-6
16.58	-0.01385194	0.3444233	6.188696	71.70415	-2.571553	-1.757047	-23.52248	-26.55901	-6
16.6	-1.601158	-1.294529	-2.89409	-81.94762	-2.742455	-1.888213	-11.15467	-4.116261	-6
16.62	-1.829253	-1.431108	-4.302878	-6.828976	-2.57808	-2.07607	-8.640321	-8.330002	-6
16.64	-1.934657	-1.431108	-4.957103	0	-2.251333	-1.74023	-13.18314	-0.5895444	-6
16.66	-1.670561	-1.362819	-3.589564	3.414488	-2.217883	-1.792915	-12.00423	-3.765116	-6
16.68	-1.825751	-1.431108	-4.442532	-3.414488	-2.080375	-1.577264	-14.30414	0.6776316	-6
16.7	0.2341609	0.2761335	5.392493	85.36211	-2.149067	-1.94544	-12.54601	0.5402269	-6
16.72	-1.025169	-1.02137	-1.743915	-64.87518	-2.439917	-2.07031	-1.378454	-0.5742767	-6
16.74	-1.310113	-1.02137	-3.465746	0	-2.194081	-1.955867	-4.92634	0.2654177	-6
16.76	-0.7126294	-0.6799221	-0.5875409	17.07239	-2.251675	-2.19659	-1.840619	-0.00939151	-6
16.78	-0.7578139	-0.6799221	-1.198472	0	-2.213215	-2.122179	-0.9298508	-0.3300023	-6
16.8	-1.895397	-1.704267	-6.849967	-51.21722	-2.172684	-1.995726	-0.009360075	0.00587567	-6
16.82	-0.3943777	-0.2701836	0.7056071	71.70415	-1.97958	-2.02369	38.65564	0.2196162	6
16.84	-1.338614	-1.362819	-4.159018	-54.63176	-1.3407	-2.102127	61.31246	-0.1773305	6
16.86	-0.7002996	-0.9530802	-0.6107231	20.48693	-0.4265108	-1.939615	66.9597	9.639462	6
16.88	-0.5027258	-1.08966	0.7348757	-6.828976	0.2189559	-1.609503	71.3793	22.66236	6
16.9	-0.7610164	-1.704267	0.1265044	-30.73034	0.4952101	-1.678241	80.66983	35.30359	6
16.92	-0.6821352	-1.704267	1.290149	0	0.8922988	-1.54789	82.74133	27.56313	6
16.94	-0.7792369	-1.362819	1.217925	17.07239	1.860757	-0.2429594	62.45897	34.55549	6
16.96	-1.648133	-2.387164	-2.122983	-51.21727	2.136763	0.3276713	54.61384	23.70053	6
16.98	-1.731125	-2.045715	-1.524147	17.07244	2.794536	1.414123	31.49427	17.19671	6
17	-1.350518	-2.045715	1.525722	0	2.604191	1.378462	28.58743	12.20435	6
17.02	-1.274187	-1.704267	2.447103	17.07244	2.701314	1.80523	18.86502	8.066944	6
17.04	-1.036415	-1.635977	4.107045	3.414488	2.44057	1.613716	19.63564	1.975341	6
17.06	-1.633295	-1.977426	1.39605	-17.07244	2.43174	1.841053	15.6173	-0.3910706	6
17.08	-1.841879	-2.045715	0.8234292	-3.414488	2.502422	2.052599	9.069044	0.7386999	6
17.1	-1.598934	-2.045715	2.622936	0	2.195221	1.660877	13.69668	-0.1162618	6
17.12	-2.079395	-2.318874	0.5698099	-13.65795	2.176373	1.762115	12.72586	-0.223132	6
17.14	-2.115746	-2.318874	0.8790157	0	2.194256	1.78555	10.58832	0.372288	6
17.16	-1.010959	-1.362819	6.53969	47.80278	2.142576	1.637739	9.981242	-0.02465869	6
17.18	-1.018081	-1.362819	6.113155	0	2.06737	1.697448	11.2753	-0.223132	6
17.2	-1.377285	-1.635977	4.047019	-13.6579	2.067484	1.741534	11.11954	0.2654177	6
17.22	-1.350538	-1.635977	4.123782	0	2.037069	1.650291	-32.62038	0.00587567	-6
17.24	-0.4630841	-0.6799221	8.126041	47.80273	1.325652	1.852638	-53.68348	-1.627712	-6
17.26	-1.368204	-1.08966	2.678105	-20.48688	0.6463269	2.099089	-66.65462	-23.38343	-6
17.28	-1.35324	-1.02137	2.207328	3.414488	-0.2282146	1.417625	-66.26618	-28.08573	-6
17.3	-1.618156	-1.362819	0.3970244	-17.07244	-1.232795	0.3413168	-52.22052	-35.79565	-6
17.32	-0.856306	-0.2701836	3.211439	54.63176	-1.466815	0.04277968	-52.67341	-28.52847	-6
17.34	-0.6327204	-0.6799221	3.475416	-20.48693	-2.479506	-1.415559	-25.61993	-30.45214	-6
17.36	-1.486294	-0.9530802	-1.907483	-13.6579	-2.384756	-1.365423	-22.98603	-26.33	-6
17.38	0.09099023	0.2761335	5.118672	61.46069	-2.46191	-1.916687	-17.19816	-7.490307	-6
17.4	-1.566993	-1.362819	-4.025274	-81.94762	-2.661536	-2.033	-5.244662	-8.070459	-6
17.42	-1.668104	-1.362819	-4.580915	0	-2.498764	-2.211519	-3.778913	-0.2842007	-6
17.44	0.2159881	0.3444233	4.317951	85.36211	-2.278359	-2.213913	-6.881416	-4.77275	-6
17.46	-1.168504	-1.02137	-3.351848	-68.28967	-2.322611	-1.965536	-2.242953	-0.6200783	-6
17.48	-1.187833	-1.02137	-3.472599	0	-2.241835	-2.117494	-1.938226	-0.2994679	-6
17.5	-1.221523	-1.08966	-3.600202	-3.414488	-2.200996	-2.11246	-1.239131	-0.4826741	-6
17.52	-0.82114	-0.6799221	-1.692406	20.48688	-2.082368	-2.011353	-3.672665	0.3875552	-6
17.54	-0.59912	-0.6799221	-0.7402812	0	-2.261086	-2.285725	2.213336	-0.07046023	-6
17.56	-1.739602	-1.635977	-6.426898	-47.80273	-2.253432	-2.202493	4.61391	-0.2078648	-6
17.58	-1.835311	-1.704267	-6.366515	-3.414488	-2.153958	-2.244888	3.405685	0.1280131	-6
17.6	-1.40976	-1.362819	-3.819276	17.07239	-2.11207	-2.256699	2.737442	-0.2689331	-6
17.62	-1.407727	-1.362819	-3.638385	0	-2.08518	-2.167029	46.68923	-0.1315289	6
17.64	-1.009813	-1.02137	-1.605385	17.07244	-1.192826	-2.204609	61.552	0.00587567	6
17.66	0.1255448	-0.6799221	4.254678	17.07239	-0.8202012	-2.753315	82.56213	3.22725	6
17.68	0.6868905	-0.3384733	6.733599	17.07244	-0.2389249	-2.661038	92.71417	19.15091	6
17.7	-0.8340527	-1.704267	-0.8419223	-68.28967	0.519964	-1.895329	91.71983	29.22725	6
17.72	-0.4936013	-1.08966	1.395696	30.73034	1.662893	-0.674951	69.44638	33.56313	6
17.74	-1.241576	-2.045715	-1.405909	-47.80278	2.019586	0.01849716	60.93125	32.8761	6
17.76	-0.8803941	-1.772556	1.521828	13.65795	2.181204	0.2096884	54.43423	24.81503	6
17.78	-1.128936	-1.772556	1.004725	0	2.497013	0.9178291	41.79827	26.72343	6
17.8	-2.38357	-2.796902	-4.196011	-51.21727	2.69772	1.569898	30.22173	10.40282	6
17.82	-2.428205	-2.728612	-2.984357	3.414488	2.845019	1.928716	17.86093	12.89137	6
17.84	-2.45732	-2.728612	-1.888168	0	2.808141	2.182412	10.08745	2.494425	6
17.86	-1.003847	-1.362819	5.962286	68.28967	2.722818	2.16908	3.759337	0.586028	6
17.88	-1.108493	-1.704267	5.467537	-17.07239	2.196472	1.740248	13.31874	-0.02465869	6
17.9	-1.358929	-1.635977	4.048472	3.414488	2.215359	1.820713	11.06557	-0.3605366	6
17.92	-1.764282	-2.045715	2.146932	-20.48693	2.133661	1.760181	11.91875	0.2959521	6
17.94	-1.755458	-2.045715	2.463952	0	2.070297	1.632463	12.83239	-0.1315289	6
17.96	-2.229848	-2.455454	0.4303982	-20.48693	2.048201	1.659692	13.32809	-0.08572698	6
17.98	-1.180845	-1.362819	5.756326	54.63176	2.238847	1.810419	6.558578	0.1738151	6
18	-0.927171	-1.362819	6.749038	0	2.002254	1.608799	11.89339	-0.05519305	6
18.02	-1.495216	-1.704267	3.563693	-17.07239	2.061487	1.778235	-33.69911	-0.00939151	-6
18.04	-0.4339949	-0.6799221	8.487747	51.21722	1.303613	1.815732	-53.61118	0.204349	-6
18.06	-1.089772	-1.02137	4.281846	-17.07239	0.4125895	1.694667	-59.74903	-13.64298	-6
18.08	-1.491182	-1.362819	1.718426	-17.07244	-0.587115	0.7911553	-52.84553	-29.61244	-6
18.1	-2.013303	-1.635977	-1.362303	-13.6579	-1.219875	0.1817678	-46.96577	-34.45213	-6
18.12	-1.33145	-0.6799221	1.321713	47.80273	-1.318171	0.1117146	-51.98004	-29.91778	-6
18.14	-1.257592	-1.08966	1.07389	-20.48688	-2.118011	-0.9220827	-33.24172	-32.26893	-6
18.16	-1.746861	-1.362819	-2.055111	-13.65795	-2.360292	-1.35667	-23.80565	-26.66588	-6
18.18	-0.1285704	-0.2701836	5.420433	54.63176	-2.844701	-2.550845	-5.365963	-14.60481	-6
18.2	-0.4465684	-0.3384733	2.435803	-3.414488	-2.746008	-2.454628	0.2998948	-7.383437	-6
18.22	-0.2022279	-0.2701836	2.685294	3.414488	-2.738222	-2.763844	7.339516	-1.429239	-6
18.24	-0.2599666	-0.3384733	1.502297	-3.414488	-2.635453	-2.800006	11.24217	-4.742216	-6
18.26	-0.2540676	-0.2701836	0.7817425	3.414488	-2.396935	-2.610004	9.5885	-0.07046023	-6
18.28	-0.1684295	-0.3384733	0.7028214	-3.414488	-2.381918	-2.700109	12.45347	-1.505575	-6
18.3	-1.581476	-1.362819	-6.586057	-51.21727	-2.034836	-2.065996	5.262541	0.1738151	-6
18.32	-1.363123	-1.362819	-4.908146	0	-2.043009	-2.261874	4.946366	0.2196162	-6
18.34	-0.9891116	-1.02137	-2.757977	17.07244	-2.040752	-2.255017	4.337793	-0.3300023	-6
18.36	-0.6682161	-0.6799221	-1.215655	17.07239	-1.986489	-2.135153	2.117661	0.1127459	-6
18.38	-0.6857706	-0.6799221	-1.494135	0	-1.965478	-2.022915	0.6024063	0.00587567	-6
18.4	-1.736403	-1.704267	-6.533817	-51.21722	-2.080767	-2.069844	3.711989	-0.08572698	-6
18.42	-0.3435509	-0.2701836	0.5228351	71.70415	-1.881336	-2.033521	41.1423	0.06694439	6
18.44	-1.124651	-1.362819	-3.385359	-54.63176	-1.433152	-2.423897	68.6431	1.685265	6
18.46	-0.5493795	-1.02137	-0.1179502	17.07244	-0.6273403	-2.450325	78.5648	15.899	6
18.48	-1.457569	-2.045715	-4.019391	-51.21727	0.118488	-1.911966	82.18595	25.53259	6
18.5	-1.345022	-1.704267	-2.571232	17.07244	1.258145	-0.7453862	64.67021	34.9219	6
18.52	-0.6632538	-1.362819	1.746657	17.07239	1.741921	-0.1744828	55.89209	30.54023	6
18.54	-0.5746692	-0.9530802	2.483719	20.48693	2.453578	1.056633	35.23593	29.68526	6
18.56	-1.30435	-2.114005	-0.2499676	-58.04625	2.145154	0.8414938	40.21077	26.63183	6
18.58	-1.326029	-1.772556	0.425359	17.07244	2.404299	1.234988	30.01321	12.90664	6
18.6	-0.9211947	-1.567688	3.161755	10.24342	2.287901	1.163074	29.00915	12.70817	6
18.62	-1.480377	-1.704267	0.6635958	-6.828928	2.595604	1.898291	16.32083	3.242517	6
18.64	-1.301485	-1.635977	2.130871	3.414488	2.556865	1.96704	11.2683	2.082211	6
18.66	-1.295108	-1.635977	2.557789	0	2.418977	1.952973	10.00725	-0.7880172	6
18.68	-1.553174	-1.772556	1.57641	-6.828976	2.377439	2.047546	7.338714	0.2654177	6
18.7	-1.751902	-2.114005	1.12138	-17.07244	2.097373	1.687819	12.71464	0.08221157	6
18.72	-1.927511	-2.045715	0.6201394	3.414488	2.211267	1.88356	8.454798	-0.2383988	6
18.74	-0.6946803	-0.9530802	6.853948	54.63176	2.240047	1.846571	5.10655	0.1280131	6
18.76	-2.044211	-2.318874	0.1197529	-68.28971	1.987337	1.80465	11.75091	-0.05519305	6
18.78	-1.169247	-1.362819	4.684875	47.80278	2.10364	1.695817	8.115849	-0.2383988	6
18.8	-1.142226	-1.362819	4.621183	0	2.104875	1.841238	7.420813	0.2654177	6
18.82	-1.486282	-1.772556	2.893188	-20.48688	1.964584	1.668317	-32.95729	-0.2383988	-6
18.84	-0.4152015	-0.6799221	7.965579	54.63171	1.185787	1.656523	-51.19342	-0.00939151	-6
18.86	-1.056255	-0.6799221	3.671997	0	0.7040426	2.178013	-69.11749	-9.246032	-6
18.88	-1.180659	-1.02137	2.527265	-17.07239	-0.4236651	1.151141	-61.18116	-29.23076	-6
18.9	-0.5182274	0.002975464	4.740735	51.21727	-0.8818244	0.7918648	-62.93176	-31.81091	-6
18.92	-1.25091	-0.6799221	0.0006167889	-34.14488	-1.445281	0.3693621	-55.67978	-32.40634	-6
18.94	-1.707406	-1.02137	-2.884163	-17.07239	-1.792087	-0.1137835	-49.60096	-32.60481	-6
18.96	-2.157185	-1.431108	-5.367894	-20.48693	-2.030341	-0.4892373	-43.42295	-26.89489	-6
18.98	0.0975159	0.002975464	5.626268	71.7042	-2.840641	-2.184521	-18.01386	-18.78802	-6
19	-0.5646368	-0.2701836	0.881387	-13.65795	-2.810238	-2.104525	-9.724318	-5.871987	-6
19.02	-0.3537929	-0.3384733	1.155326	-3.414488	-2.94049	-2.723341	2.651742	-3.352903	-6
19.04	-0.5831241	-0.3384733	-0.8440104	0	-2.597648	-2.428744	1.310849	-3.184964	-6
19.06	-0.1743836	-0.2701836	0.7466928	3.414488	-2.652699	-2.778931	8.609597	-0.7422161	-6
19.08	-0.4644108	-0.3384733	-1.327984	-3.414488	-2.349967	-2.401828	5.30885	-0.8490859	-6
19.1	-1.58666	-1.362819	-6.937311	-51.21727	-2.14616	-2.069969	2.349623	0.6012957	-6
19.12	-1.407241	-1.362819	-5.436178	0	-2.172054	-2.301978	3.886513	-0.08572698	-6
19.14	-1.090322	-1.02137	-3.562205	17.07244	-2.087919	-2.206656	2.121144	-0.2842007	-6
19.16	-1.015219	-1.02137	-3.043171	0	-2.119916	-2.22801	3.312331	0.2959521	-6
19.18	-0.7637069	-0.7482109	-1.8113	13.65795	-2.068424	-2.17786	2.089908	-0.1620629	-6
19.2	-0.3263224	-0.3384733	0.1132665	20.48688	-2.024458	-2.115222	0.5075949	-0.1925977	-6
19.22	-1.776649	-1.704267	-7.080011	-68.28967	-2.10961	-2.029253	47.85636	0.1127459	6
19.24	-1.3695	-1.362819	-4.465737	17.07239	-1.244806	-2.322498	63.78762	0.09747917	6
19.26	-0.6335366	-1.02137	-0.3008778	17.07244	-0.4376645	-2.116692	71.68185	13.41045	6
19.28	0.06305224	-0.6799221	3.417165	17.07239	0.1848502	-1.869536	76.58946	24.49442	6
19.3	-0.7685049	-1.635977	-0.3437605	-47.80273	0.6410646	-1.518853	80.7001	36.6013	6
19.32	-0.7043524	-1.294529	0.5513818	17.07239	1.546181	-0.5525135	65.09317	29.94481	6
19.34	-2.200593	-2.318874	-6.091282	-51.21727	2.527044	1.169601	38.50527	30.50969	6
19.36	-1.318722	-2.045715	-0.008433342	13.65795	2.404349	0.9264627	35.8648	24.93717	6
19.38	-1.519952	-2.114005	-0.05006433	-3.414488	2.381498	1.187436	32.02225	14.15855	6
19.4	-0.8908318	-1.704267	3.916776	20.48693	2.122891	0.8102318	35.60858	12.15855	6
19.42	-1.276743	-1.635977	2.163461	3.414488	2.438146	1.508248	24.20662	6.051677	6
19.44	-1.304322	-1.704267	2.446026	-3.414488	2.484362	1.713023	18.05809	1.364654	6
19.46	-1.272328	-1.704267	2.990882	0	2.382802	1.711996	16.23592	-0.5742767	6
19.48	-1.351354	-1.704267	2.857093	0	2.337394	1.778337	13.83291	0.204349	6
19.5	-1.672601	-2.045715	1.626774	-17.07244	2.185898	1.661347	15.46071	0.204349	6
19.52	-1.790121	-2.045715	1.427589	0	2.207774	1.721137	13.06992	-0.2689331	6
19.54	-2.169546	-2.387164	0.02327752	-17.07244	2.18985	1.783883	11.89192	-0.08572698	6
19.56	-0.7355673	-1.02137	7.301656	68.28971	2.267215	1.768743	7.040864	0.2654177	6
19.58	-0.9286271	-1.362819	5.977105	-17.07244	2.01833	1.651318	12.67437	0.03641003	6
19.6	-1.091691	-1.362819	4.841877	0	2.053535	1.683217	11.80204	0.1127459	6
19.62	-1.462165	-1.704267	2.914456	-17.07239	2.055364	1.711435	-32.63188	-0.03992587	-6
19.64	-0.3969571	-0.6799221	7.986836	51.21722	1.260846	1.710783	-51.35249	-0.07046023	-6
19.66	-1.14115	-0.6799221	3.166233	0	0.8653218	2.413674	-72.76525	-3.2613	-6
19.68	-1.802908	-1.02137	-0.7966137	-17.07239	0.3335568	2.487669	-85.11526	-26.07046	-6
19.7	-1.962565	-1.362819	-1.766205	-17.07244	-0.6850433	1.492747	-76.25053	-29.23076	-6
19.72	-0.6213524	-0.4067631	4.454509	47.80278	-1.819118	-0.1775368	-53.71638	-34.84909	-6
19.74	-1.357041	-0.6799221	-0.511893	-13.65795	-2.077185	-0.3656421	-46.30389	-31.41397	-6
19.76	-0.1430315	0.3444233	4.450768	51.21727	-2.273453	-0.9865032	-39.24419	-26.92542	-6
19.78	-1.69304	-1.362819	-4.136425	-85.36211	-2.763036	-1.60489	-19.5964	-23.94832	-6
19.8	-1.029784	-0.4067631	-1.37278	47.80278	-2.41024	-1.596483	-23.04664	-3.551376	-6
19.82	-0.5011958	-0.3384733	0.7135915	3.414488	-2.637677	-2.078786	-11.71348	-6.207864	-6
19.84	-0.6907389	-0.3384733	-1.046394	0	-2.457165	-1.922017	-10.80805	-2.436872	-6
19.86	-0.445379	-0.4067631	-0.2481056	-3.414488	-2.61813	-2.39317	-1.265155	-0.4826741	-6
19.88	-0.600973	-0.3384733	-1.628071	3.414488	-2.352945	-2.116084	-3.558303	-0.818552	-6
19.9	-1.691561	-1.362819	-7.11665	-51.21727	-2.202759	-1.869961	-4.567254	0.6470972	-6
19.92	-1.495059	-1.362819	-5.580352	0	-2.263072	-2.186915	-1.15548	-0.1009946	-6
19.94	-1.252455	-1.08966	-4.111835	13.65795	-2.179502	-2.122301	-1.755029	-0.223132	-6
19.96	-1.170568	-1.02137	-3.600079	3.414488	-2.113174	-2.027278	-2.601198	0.2959521	-6
19.98	-0.6558515	-0.6799221	-1.028156	17.07239	-2.205971	-2.243858	0.7060632	-0.2078648	-6
20	-0.7292549	-0.6799221	-1.669675	0	-2.163988	-2.15373	0.9545738	-0.1315289	-6
20.02	-1.857327	-1.704267	-7.164412	-51.21722	-2.140466	-2.040027	46.17735	0.2959521	6
20.04	-1.438344	-1.362819	-4.536232	17.07239	-1.226767	-2.216806	60.92852	-0.05519305	6
20.06	-0.8166305	-1.362819	-0.774653	0	-0.6832949	-2.432107	77.11933	7.914272	6
20.08	-0.1724373	-0.9530802	2.755345	20.48693	-0.01418775	-2.214591	83.06977	22.25015	6
20.1	-1.428876	-2.045715	-3.085234	-54.63176	0.804649	-1.284212	77.84773	35.53259	6
20.12	-1.064922	-1.772556	-0.241612	13.65795	1.49073	-0.6977047	67.33263	26.90664	6
20.14	-0.9977751	-1.431108	0.7067899	17.07239	2.319674	0.6169025	45.34866	32.21961	6
20.16	-1.87699	-2.387164	-2.670912	-47.80278	2.516363	1.22643	35.53302	25.22725	6
20.18	-1.751914	-1.977426	-1.006895	20.48693	2.914361	1.974252	16.96749	17.73107	6
20.2	-1.209006	-2.045715	2.835531	-3.414488	2.295115	1.250615	26.68527	11.63946	6
20.22	-1.259136	-1.635977	2.860566	20.48693	2.430263	1.639675	19.20773	8.14328	6
20.24	-1.169744	-1.704267	3.666451	-3.414488	2.244567	1.473436	20.58206	1.563128	6
20.26	-1.700866	-2.045715	1.293748	-17.07244	2.252705	1.633832	18.07519	-0.7116818	6
20.28	-1.796524	-1.977426	1.210171	3.414488	2.412311	1.927855	10.51457	0.6928988	6
20.3	-1.58186	-2.045715	2.810401	-3.414488	2.118201	1.548133	15.67591	-0.223132	6
20.32	-1.771885	-2.045715	2.083266	0	2.138665	1.654116	14.09874	-0.05519305	6
20.34	-2.071498	-2.318874	0.9506568	-13.65795	2.1298	1.688403	13.31844	0.1280131	6
20.36	-2.024076	-2.318874	1.642439	0	2.068166	1.578003	14.15184	0.05167721	6
20.38	-1.047274	-1.362819	6.53579	47.80278	2.131533	1.600142	11.22741	-0.1009946	6
20.4	-0.9652907	-1.362819	6.55827	0	2.02904	1.589558	13.4301	0.1585475	6
20.42	-1.337768	-1.635977	4.37901	-13.6579	2.032612	1.639248	-30.82141	0.02114285	-6
20.44	-1.454241	-1.704267	3.706014	-3.414488	1.194852	1.684033	-47.39812	-0.8643531	-6
20.46	-1.059779	-0.6799221	4.903045	51.21722	0.833594	2.142345	-69.8743	-21.16969	-6
20.48	-1.091934	-1.02137	4.075278	-17.07239	-0.3777167	1.158943	-60.69365	-29.76512	-6
20.5	-1.687422	-1.362819	0.3516731	-17.07244	-1.189509	0.3670719	-51.12509	-34.22313	-6
20.52	-1.801239	-1.362819	-0.7755353	0	-1.691765	-0.3062324	-43.15124	-30.49794	-6
20.54	-1.619626	-1.704267	-0.07971245	-17.07239	-2.650104	-1.872219	-15.67064	-29.76512	-6
20.56	-1.194087	-0.6799221	1.024787	51.21722	-2.29275	-1.573339	-20.43399	-26.26893	-6
20.58	-0.7608573	-0.6116323	2.314008	3.414488	-2.444763	-1.907271	-12.75879	-7.856719	-6
20.6	-1.265836	-1.02137	-1.053802	-20.48688	-2.420558	-1.918648	-8.780654	-7.902521	-6
20.62	-1.290389	-1.02137	-1.661645	0	-2.298471	-1.922114	-8.533266	-1.032292	-6
20.64	-0.8847888	-0.6799221	-0.1068875	17.07239	-2.206844	-1.906359	-8.851272	-3.520842	-6
20.66	-0.8025927	-0.6799221	-0.2274529	0	-2.228188	-1.955357	-6.396315	-0.3910706	-6
20.68	-0.7443456	-0.6799221	-0.4027091	0	-2.276117	-2.101033	-2.923582	-0.1162618	-6
20.7	-0.8080672	-0.6799221	-1.169732	0	-2.197276	-2.040456	-2.990808	-0.1162618	-6
20.72	-0.396568	-0.3384733	0.4562913	17.07244	-2.15996	-2.081069	-2.821542	-0.02465869	-6
20.74	-1.883677	-1.772556	-7.01691	-71.70415	-2.262423	-2.077675	2.292278	0.02114285	-6
20.76	-1.944611	-1.704267	-6.778772	3.414488	-2.086207	-2.052758	-1.213095	-0.1162618	-6
20.78	-0.06543411	0.002975464	2.575632	85.36211	-1.934548	-2.006385	-6.66401	-0.1315289	-6
20.8	-1.334578	-1.362819	-4.086505	-68.28971	-2.2081	-2.028625	1.467017	0.08221157	-6
20.82	-1.512827	-1.362819	-4.791618	0	-2.108955	-2.081035	44.27835	-0.1467961	6
20.84	-1.429593	-1.294529	-4.139983	3.414488	-1.153399	-2.010924	57.59569	-0.03992587	6
20.86	-0.3466426	-1.02137	1.802018	13.65795	-0.7638647	-2.55303	77.75113	4.021142	6
20.88	0.09224719	-0.6799221	3.941646	17.07239	-0.04268718	-2.201839	83.02312	20.76924	6
20.9	0.4696693	-0.4067631	5.665362	13.65795	0.6967309	-1.615452	79.86191	32.61656	6
20.92	-1.061906	-1.704267	-1.764241	-64.87518	1.448237	-0.5431117	69.36499	29.41045	6
20.94	-0.06839156	-1.362819	4.326197	17.07239	1.367677	-1.117133	76.1704	34.50969	6
20.96	-1.554918	-2.387164	-2.4126	-51.21727	1.793968	-0.3003989	68.82684	23.65473	6
20.98	-1.709186	-2.045715	-2.149277	17.07244	2.694313	1.008551	41.35897	22.8761	6
21	-1.462637	-2.045715	0.2810426	0	2.80556	1.46568	29.76296	9.318851	6
21.02	-1.762259	-2.045715	-0.4042397	0	3.027843	2.214042	14.0394	13.10511	6
21.04	-1.466357	-1.977426	1.987602	3.414488	2.723096	2.015836	12.76352	1.914273	6
21.06	-1.665741	-2.045715	1.543452	-3.414488	2.538794	2.013119	11.24136	0.8303034	6
21.08	-0.6430047	-1.157949	6.89878	44.38829	2.307904	1.670744	12.63584	0.5707613	6
21.1	-2.022238	-2.387164	0.09655058	-61.46074	2.094423	1.689456	17.12006	-0.5742767	6
21.12	-1.22281	-1.362819	4.298257	51.21727	2.372395	1.90172	7.09844	0.3112192	6
21.14	-0.9400579	-1.362819	5.67852	0	2.13445	1.71582	10.99631	0.1738151	6
21.16	-1.402755	-1.704267	3.245926	-17.07239	2.054965	1.694868	12.69499	-0.2994679	6
21.18	-1.48756	-1.704267	2.883773	0	2.10727	1.733622	10.8223	0.2501501	6
21.2	-0.3070039	-0.6799221	8.569773	51.21722	2.087706	1.592857	10.11012	-0.02465869	6
21.22	-0.3138429	-0.6799221	7.820839	0	2.0331	1.677023	-32.99459	-0.223132	-6
21.24	-0.6537174	-0.9530802	5.59041	-13.6579	1.138091	1.692571	-47.56443	0.2348834	-6
21.26	-1.699972	-1.362819	-0.1805711	-20.48693	0.5791222	1.917767	-62.45256	-14.57428	-6
21.28	-1.680565	-1.635977	0.02067229	-13.6579	-0.6177231	0.6640158	-51.26117	-29.45977	-6
21.3	-1.373232	-0.6799221	0.8326206	47.80273	-0.769665	0.8106627	-60.75161	-34.65061	-6
21.32	-1.482822	-1.08966	-0.2384715	-20.48688	-1.507993	0.04133737	-49.5533	-28.89489	-6
21.34	-0.2172432	0.002975464	5.219313	54.63176	-2.078141	-0.9390197	-36.70104	-33.04756	-6
21.36	-0.6304275	-0.4067631	1.894381	-20.48693	-2.483633	-1.473383	-22.42347	-25.15443	-6
21.38	-0.5549649	-0.6799221	1.539682	-13.65795	-3.032013	-2.654792	0.1071243	-15.18496	-6
21.4	-1.165587	-0.6799221	-2.4783	0	-2.490566	-2.061426	-6.293707	-6.574276	-6
21.42	0.2660019	0.2761335	4.067041	47.80278	-2.475154	-2.41188	-2.681973	-1.627712	-6
21.44	0.5618775	0.3444233	4.450563	3.414488	-2.665133	-2.7261	7.783165	-4.253666	-6
21.46	-0.5824079	-0.6799221	-2.029703	-51.21727	-2.67682	-2.813815	15.05011	0.6776316	-6
21.48	-0.7419457	-0.7482109	-2.961976	-3.41444	-2.447318	-2.783782	14.07152	-0.6048111	-6
21.5	-0.9652666	-0.7482109	-4.15204	0	-1.997024	-2.147327	3.668128	0.2196162	-6
21.52	-0.2100326	-0.3384733	-0.278927	20.48688	-2.071161	-2.333052	4.846889	0.3417536	-6
21.54	-0.1547333	-0.2701836	-0.3018551	3.414488	-2.112	-2.308154	6.10623	-0.2383988	-6
21.56	-1.45715	-1.362819	-6.774642	-54.63176	-2.048869	-2.072676	5.120179	-0.05519305	-6
21.58	-1.491173	-1.362819	-6.329959	0	-1.942122	-2.052405	1.432895	0.1585475	-6
21.6	-1.086963	-1.08966	-3.811068	13.65795	-2.001311	-2.145611	1.752201	-0.2536664	-6
21.62	-1.078395	-0.9530802	-3.636216	6.828976	-1.896431	-1.893498	42.0616	0.03641003	6
21.64	-0.5990474	-0.6799221	-1.139947	13.6579	-1.16956	-2.146544	60.22423	1.944807	6
21.66	-1.113492	-1.635977	-3.202531	-47.80273	-0.6833982	-2.319021	78.20777	17.7616	6
21.68	-0.7056774	-1.362819	-0.4638031	13.6579	0.0736661	-2.083959	81.43051	26.50969	6
21.7	-0.8124986	-1.02137	-0.7225331	17.07244	1.427534	-0.375612	57.76277	34.87611	6
21.72	-1.353492	-2.045715	-2.346917	-51.21727	1.665955	-0.05033684	55.72407	30.18908	6
21.74	-1.193171	-1.635977	-0.5851429	20.48693	2.217941	0.702793	40.88044	27.83793	6
21.76	-0.6267417	-1.362819	3.090737	13.6579	2.210026	0.7752279	38.06723	24.93717	6
21.78	-0.8149409	-1.362819	2.538122	0	2.355044	1.205485	30.95825	11.53259	6
21.8	-1.973605	-2.387164	-2.492895	-51.21727	2.383874	1.496135	26.61764	13.28832	6
21.82	-2.189252	-2.318874	-2.531653	3.414488	2.679286	2.005106	13.13229	3.731066	6
21.84	-2.066297	-2.318874	-0.8489432	0	2.599447	2.087802	8.563145	1.044043	6
21.86	-2.041162	-2.387164	0.1584178	-3.414488	2.339602	1.87369	10.74562	-0.3605366	6
21.88	-0.7208431	-1.02137	6.927506	68.28971	2.364761	1.881896	6.023632	-0.1162618	6
21.9	-0.9730911	-1.362819	5.376623	-17.07244	2.133413	1.817746	10.1025	0.2654177	6
21.92	-1.07344	-1.362819	4.664742	0	2.090314	1.745394	10.5071	-0.1009946	6
21.94	-1.181626	-1.362819	3.946761	0	2.169093	1.891985	7.497113	-0.03992587	6
21.96	-1.484064	-1.704267	2.486742	-17.07239	2.100578	1.844203	8.475321	0.06694439	6
21.98	-1.575995	-1.772556	2.208926	-3.414488	2.075482	1.790078	8.67432	-0.1009946	6
22	-0.4391103	-0.6799221	7.701972	54.63171	2.151739	1.796471	5.337315	0.08221157	6
22.02	-0.2940619	-0.6799221	7.824268	0	1.978583	1.6844	-34.65106	-0.05519305	-6
22.04	-0.7610462	-1.02137	4.965478	-17.07239	1.081267	1.703163	-48.4563	-0.1009946	-6
22.06	-2.028763	-1.362819	-1.974851	-17.07244	0.8581682	2.474969	-73.26022	-6.589544	-6
22.08	-0.6171815	-0.3384733	4.863201	51.21727	-0.1345207	1.494227	-71.93867	-28.97122	-6
22.1	-1.048271	-0.6799221	1.79163	-17.07244	-1.080725	0.7458358	-60.49777	-31.58191	-6
22.12	-1.264431	-1.02137	0.1162081	-17.07239	-1.987426	-0.5465284	-40.55833	-34.02465	-6
22.14	-2.020416	-1.362819	-4.262579	-17.07244	-2.101671	-0.7406899	-36.27597	-32.05519	-6
22.16	-0.9214704	-0.4067631	0.7483749	47.80278	-2.159914	-1.111348	-33.57708	-28.11626	-6
22.18	-0.2277924	-0.2701836	3.451536	6.828976	-2.777961	-2.142675	-12.33078	-21.71931	-6
22.2	-1.156483	-0.6799221	-2.294447	-20.48693	-2.495635	-1.786778	-12.7497	-5.551376	-6
22.22	-0.7064983	-0.6799221	-0.3444299	0	-2.710676	-2.481586	-1.135424	-4.314735	-6
22.24	-0.7794835	-0.6799221	-1.228844	0	-2.630369	-2.531287	3.386765	-4.375803	-6
22.26	-0.2228276	-0.2701836	1.069529	20.48693	-2.57508	-2.713075	7.409617	-1.887254	-6
22.28	-0.216768	-0.2701836	0.4577947	0	-2.46735	-2.641144	9.351022	-1.490307	-6
22.3	-0.2537135	-0.2701836	-0.2595213	0	-2.294998	-2.486983	8.046423	-0.2078648	-6
22.32	0.04216648	0.002975464	0.7326356	13.65795	-2.149079	-2.352165	5.594095	-0.2383988	-6
22.34	-1.366016	-1.362819	-6.340849	-68.28971	-2.197007	-2.264966	8.602767	0.05167721	-6
22.36	-1.032743	-0.9530802	-4.257293	20.48693	-2.023036	-2.242788	4.115518	-0.00939151	-6
22.38	-0.8931883	-0.9530802	-3.27637	0	-2.086501	-2.290853	5.515767	-0.1009946	-6
22.4	-0.6674489	-0.6799221	-2.100079	13.6579	-2.032871	-2.212349	3.817222	-0.05519305	-6
22.42	-0.2101512	-0.3384733	0.05244321	17.07244	-2.097722	-2.322261	49.59667	0.06694439	6
22.44	-1.574332	-1.635977	-6.651231	-64.87518	-1.352588	-2.365282	70.05862	-0.08572698	6
22.46	-1.044581	-1.362819	-3.159953	13.6579	-0.4096035	-2.189734	74.7161	10.02114	6
22.48	-0.4086657	-0.9530802	0.6040359	20.48693	0.4431539	-1.557421	71.94146	22.38755	6
22.5	-1.069056	-2.045715	-1.780758	-54.63176	0.6364356	-1.569141	81.62439	35.31885	6
22.52	-0.9819852	-1.635977	-0.5030086	20.48693	1.455325	-0.7378346	68.75247	29.54786	6
22.54	-0.4165812	-1.362819	3.153648	13.6579	1.753776	-0.4071708	63.69477	34.41809	6
22.56	-1.307154	-2.182295	-0.5255113	-40.97381	1.92969	0.0183059	60.17126	24.31122	6
22.58	-1.520314	-1.635977	-0.9694889	27.3159	2.955578	1.654233	27.53722	21.36465	6
22.6	-0.9959491	-1.635977	2.650197	0	2.782672	1.686966	22.3857	9.715798	6
22.62	-1.187201	-1.635977	2.196923	0	2.723365	1.960395	16.00508	11.21198	6
22.64	-1.121191	-1.704267	3.093283	-3.414488	2.397985	1.641078	18.74329	1.105112	6
22.66	-1.278534	-1.704267	2.634043	0	2.307386	1.642567	17.58145	0.2806849	6
22.68	-1.337579	-1.704267	2.645526	0	2.267198	1.663744	15.77618	0.5402269	6
22.7	-1.226134	-1.635977	3.468515	3.414488	2.160981	1.555363	16.46446	-0.4674065	6
22.72	-1.773258	-2.045715	0.9861146	-20.48693	2.167521	1.686635	15.02335	0.2348834	6
22.74	-1.782752	-2.045715	1.393104	0	2.171777	1.67505	13.34331	-0.1009946	6
22.76	-2.040143	-2.318874	0.5964645	-13.65795	2.10064	1.636643	14.17464	-0.05519305	6
22.78	-1.117175	-1.362819	5.366168	47.80278	2.219168	1.727646	9.166448	0.06694439	6
22.8	-1.052474	-1.362819	5.453135	0	2.152941	1.806181	9.327541	0.02114285	6
22.82	-1.367652	-1.635977	3.721417	-13.6579	2.093935	1.787274	-34.20216	0.1127459	-6
22.84	-1.450654	-1.704267	3.324469	-3.414488	1.174372	1.716655	-48.77734	0.06694439	-6
22.86	-2.577824	-2.045715	-2.586131	-17.07244	0.7665421	2.25129	-68.79961	-2.604811	-6
22.88	-1.680449	-0.9530802	1.631117	54.63176	0.3239102	2.227073	-83.81415	-25.23076	-6
22.9	-2.104012	-1.362819	-1.056513	-20.48693	-0.4800056	1.832013	-81.53934	-28.00939	-6
22.92	-2.124991	-1.635977	-1.422209	-13.6579	-1.548159	0.4613056	-62.50794	-36.03992	-6
22.94	-0.9999686	-0.6799221	3.496588	47.80273	-2.30072	-0.8384498	-43.03883	-29.73458	-6
22.96	-1.436727	-0.9530802	0.1136127	-13.6579	-2.560392	-1.241081	-30.82569	-29.04756	-6
22.98	-1.775326	-1.362819	-2.268157	-20.48693	-2.721575	-1.7623	-19.3436	-26.74221	-6
23	-1.786972	-1.362819	-2.788374	0	-2.64867	-1.955924	-14.03273	-5.078094	-6
23.02	-0.1823531	0.002975464	4.455044	68.28971	-2.561993	-2.210876	-10.85818	-8.284201	-6
23.04	-0.09507915	0.07126522	3.520504	3.414488	-2.472225	-2.04828	-8.008796	-0.1773305	-6
23.06	-1.619979	-1.362819	-4.787331	-71.7042	-2.441757	-1.983414	-3.563446	-4.009391	-6
23.08	-1.830856	-1.362819	-5.800725	0	-2.080028	-1.705062	-10.77266	0.8761049	-6
23.1	-1.43451	-1.362819	-3.483333	0	-2.283502	-2.114537	-4.060001	0.1127459	-6
23.12	0.2890916	0.3444233	4.587543	85.36211	-2.153471	-2.121023	-6.519974	-0.5132084	-6
23.14	-1.169163	-1.08966	-3.395759	-71.70415	-2.275419	-1.974305	-0.7342479	0.3112192	-6
23.16	-0.7443464	-0.6799221	-1.36807	20.48688	-2.231526	-2.229874	-0.01974493	0.02114285	-6
23.18	-0.8129487	-0.7482109	-1.948275	-3.41444	-2.192231	-2.160732	0.6029439	-0.1925977	-6
23.2	-0.4688417	-0.4067631	-0.5108668	17.07239	-2.103575	-2.104863	-0.9810284	0.2959521	-6
23.22	-1.776309	-1.772556	-6.907755	-68.28967	-2.296243	-2.25498	50.59462	-0.1162618	6
23.24	-1.572414	-1.362819	-5.443819	20.48688	-1.154868	-2.116027	59.79042	-0.2536664	6
23.26	-0.959106	-1.362819	-1.66101	0	-0.4834211	-2.109053	71.17464	7.135646	6
23.28	-0.3711196	-1.02137	1.698676	17.07244	0.1973661	-1.79216	74.77921	21.79213	6
23.3	-1.185827	-1.977426	-1.7575	-47.80278	0.6738068	-1.417377	78.13749	34.43335	6
23.32	-0.8549337	-1.704267	0.7925658	13.65795	1.219632	-1.066554	73.49929	28.84557	6
23.34	-0.6593862	-1.362819	2.306863	17.07239	1.885719	-0.1444811	59.38307	34.06695	6
23.36	-1.714104	-2.387164	-2.113553	-51.21727	2.179275	0.5070217	50.8932	23.54786	6
23.38	-0.5567657	-0.6799221	4.110111	85.36211	3.151052	1.974448	16.8679	18.81503	6
23.4	-1.272504	-2.045715	1.289303	-68.28967	2.555835	1.675741	23.92533	10.98297	6
23.42	-1.8298	-2.045715	-0.8506758	0	2.731431	2.111124	12.65808	10.38755	6
23.44	-1.626031	-2.045715	1.063386	0	2.487608	1.876433	12.71775	2.952441	6
23.46	-1.695893	-2.045715	1.301907	0	2.335277	1.816896	12.64786	-0.7574829	6
23.48	-1.887404	-2.045715	0.7726635	0	2.401464	2.045958	7.350627	0.8761049	6
23.5	-1.605617	-2.045715	2.736034	0	2.071786	1.575571	13.80465	-0.2383988	6
23.52	-0.7450331	-0.9530802	6.838489	54.63176	2.266179	1.849298	6.761242	-0.3910706	6
23.54	-2.112855	-2.387164	0.02681816	-71.7042	2.044328	1.828956	12.11029	0.3875552	6
23.56	-2.169803	-2.387164	0.3123863	0	2.018486	1.601984	12.80188	-0.1162618	6
23.58	-1.247944	-1.431108	5.062659	47.80278	2.178439	1.760247	7.398869	-0.1009946	6
23.6	-1.215398	-1.499398	5.022952	-3.414488	2.097917	1.803457	8.511169	0.204349	6
23.62	-1.43783	-1.704267	3.778811	-10.24342	2.027421	1.729553	-34.08829	-0.07046023	-6
23.64	-1.443013	-1.635977	3.677716	3.414488	1.194212	1.782644	-50.7252	-1.001758	-6
23.66	-1.082738	-0.6799221	4.704425	47.80273	0.7890562	2.183169	-71.69802	-20.71168	-6
23.68	-1.103033	-0.9530802	3.899023	-13.6579	-0.3660264	1.267817	-63.77995	-29.47504	-6
23.7	-1.314898	-0.9530802	1.95931	0	-1.149711	0.487842	-55.33061	-34.29947	-6
23.72	-1.812032	-1.362819	-1.20543	-20.48693	-1.737368	-0.2243603	-44.76771	-30.25367	-6
23.74	-1.888105	-1.704267	-1.833736	-17.07239	-2.447273	-1.421566	-24.51269	-29.65824	-6
23.76	-1.366716	-0.6799221	-0.08328462	51.21722	-2.084682	-1.079818	-31.45296	-27.85672	-6
23.78	-0.5681967	-0.6799221	3.304206	0	-2.748144	-2.227435	-9.690726	-9.246032	-6
23.8	-1.014991	-0.7482109	-0.02892077	-3.41444	-2.607044	-2.133202	-6.253046	-8.940688	-6
23.82	-0.8568014	-0.6799221	0.07371342	3.41444	-2.499882	-2.235421	-3.669038	0.2348834	-6
23.84	-0.674098	-0.6799221	0.4233766	0	-2.555403	-2.489298	2.840699	-4.833818	-6
23.86	-1.185558	-0.6799221	-2.874962	0	-1.946638	-1.576593	-10.95644	0.7234331	-6
23.88	-0.5298818	-0.6799221	0.3551371	0	-2.324465	-2.288082	-0.2416358	0.3112192	-6
23.9	-0.8150728	-0.6799221	-1.576007	0	-2.195482	-2.069462	-1.337155	-0.818552	-6
23.92	-0.5620239	-0.4067631	-0.6874881	13.65795	-2.037177	-1.91618	-4.996335	0.4028219	-6
23.94	-0.2516396	-0.3384733	0.5252408	3.414488	-2.216756	-2.204951	0.4331796	-0.2994679	-6
23.96	-1.829164	-1.704267	-7.399328	-68.28967	-2.247596	-2.113774	3.84436	-0.4674065	-6
23.98	-1.927121	-1.704267	-7.255884	0	-2.074309	-2.091638	0.2449243	0.2501501	-6
24	-1.673957	-1.635977	-5.342594	3.414488	-2.147497	-2.247358	2.525875	-0.1620629	-6
24.02	-1.396647	-1.294529	-3.686052	17.07239	-2.053728	-2.116035	44.59852	-0.2536664	6
24.04	-1.441454	-1.362819	-3.756306	-3.414488	-1.152165	-2.040757	59.09631	-0.1315289	6
24.06	-0.63829	-1.362819	0.861331	0	-0.8198987	-2.667218	81.15128	2.677631	6
24.08	-0.1575186	-1.08966	3.449097	13.65795	-0.237969	-2.61108	91.32291	17.73107	6
24.1	-0.09302855	-1.08966	3.847441	0	0.4724509	-2.104704	91.1071	28.52496	6
24.12	-0.03364164	-0.6799221	4.049809	20.48688	1.607754	-0.6748109	69.78156	34.60129	6
24.14	-0.8349863	-1.772556	0.6551447	-54.63171	1.860971	-0.2096456	65.18303	31.07458	6
24.16	-0.6317291	-1.362819	2.372622	20.48688	2.325504	0.4368045	50.7697	26.90664	6
24.18	-0.3850132	-1.294529	4.231103	3.414488	2.329684	0.6124542	46.33218	26.44862	6
24.2	-0.8171902	-1.362819	2.384443	-3.414488	2.636141	1.34709	32.72273	11.01351	6
24.22	-0.960158	-1.431108	2.184991	-3.414488	2.757348	1.764278	21.89513	13.19672	6
24.24	-0.9844204	-1.294529	2.478639	6.828976	2.866245	2.214133	10.38251	2.570761	6
24.26	-0.9803104	-1.362819	2.928867	-3.414488	2.667759	2.191591	7.740188	1.166181	6
24.28	-0.8311154	-1.362819	4.04566	0	2.265191	1.725587	13.71191	-0.3910706	6
24.3	-1.136828	-1.431108	2.625572	-3.414488	2.233605	1.794688	12.32175	-0.2842007	6
24.32	-1.542412	-1.772556	0.9202625	-17.07239	2.20808	1.827368	11.15041	0.3112192	6
24.34	-1.400719	-1.704267	2.075737	3.414488	2.103921	1.64758	12.50206	-0.08572698	6
24.36	-0.4179832	-0.6799221	6.895785	51.21722	2.208825	1.760885	7.920722	-0.1925977	6
24.38	-1.784039	-2.045715	0.0628984	-68.28967	2.02681	1.799387	12.59289	0.1432803	6
24.4	-0.8485612	-1.02137	4.910977	51.21727	2.191406	1.781351	6.949741	-0.05519305	6
24.42	-0.7413638	-1.02137	5.241761	0	2.112953	1.826644	-36.52018	0.06694439	-6
24.44	-1.106113	-1.362819	3.298232	-17.07244	1.140104	1.75732	-49.4003	0.06694439	-6
24.46	-2.071209	-1.635977	-1.794747	-13.6579	0.6234095	2.038418	-65.66223	-12.31473	-6
24.48	-1.01973	-0.6799221	3.25481	47.80273	-0.1858554	1.350833	-67.65883	-29.00175	-6
24.5	-1.663723	-0.9530802	-0.7959626	-13.6579	-0.6965737	1.299134	-69.50264	-32.63535	-6
24.52	-2.154771	-1.362819	-3.640279	-20.48693	-1.214007	0.8139682	-65.69735	-30.2384	-6
24.54	-0.8425539	-0.3384733	2.440831	51.21727	-1.832904	-0.198599	-54.0896	-32.81855	-6
24.56	-0.8242576	-0.6116323	1.622049	-13.65795	-2.604209	-1.310188	-30.62135	-24.91015	-6
24.58	-1.146119	-1.02137	-0.731383	-20.48688	-3.07276	-2.325771	-8.919783	-20.55901	-6
24.6	-0.2345648	0.4127131	2.55596	71.70415	-2.372417	-1.701175	-20.42601	-4.726948	-6
24.62	1.372898	1.23219	9.233221	40.97385	-2.690382	-2.386612	-7.174714	-3.352903	-6
24.64	0.3114399	0.3444233	2.267346	-44.38834	-2.730922	-2.38546	1.68282	-4.116261	-6
24.66	-1.07428	-1.02137	-5.099039	-68.28967	-2.761439	-2.685925	10.51138	-0.1162618	-6
24.68	-1.21014	-1.02137	-5.579739	0	-2.451167	-2.590451	7.962754	-1.413972	-6
24.7	-0.9161812	-0.6799221	-3.961816	17.07239	-2.090339	-2.157099	0.3293676	0.2654177	-6
24.72	0.7160416	0.6175833	3.908894	64.87527	-2.079377	-2.265237	-0.5122285	0.2654177	-6
24.74	-0.2584912	-0.3384733	-1.594042	-47.80283	-2.22591	-2.195318	4.8592	-0.4979408	-6
24.76	-0.1336077	0.002975464	-1.28987	17.07244	-1.982853	-1.998544	-1.263885	0.1432803	-6
24.78	-1.364985	-1.362819	-7.183174	-68.28971	-2.190141	-2.159014	5.087631	0.02114285	-6
24.8	-1.111501	-1.02137	-5.339647	17.07244	-2.102162	-2.255468	3.376683	-0.2383988	-6
24.82	-0.7880936	-0.6799221	-3.465147	17.07239	-1.978161	-2.053492	43.95808	0.2501501	6
24.84	-1.642409	-1.635977	-7.260122	-47.80273	-1.274613	-2.188396	64.32556	1.105112	6
24.86	-1.122229	-1.362819	-3.754358	13.6579	-0.3672316	-1.979767	69.42374	14.90664	6
